planner_phase,token_index,count,token_delta_norm_mean,token_delta_norm_p50,token_delta_norm_p90,token_norm_fraction_mean,token_norm_fraction_p50,token_norm_fraction_p90,gap_to_sim_chunk_mean_l2_mean,gap_to_sim_chunk_mean_l2_p50,gap_to_sim_chunk_mean_l2_p90,gap_to_sim_chunk_max_l2_mean,gap_to_sim_chunk_max_l2_p50,gap_to_sim_chunk_max_l2_p90,gap_to_sim_first_translation_l2_mean,gap_to_sim_first_translation_l2_p50,gap_to_sim_first_translation_l2_p90,gap_to_sim_first_rotation_l2_mean,gap_to_sim_first_rotation_l2_p50,gap_to_sim_first_rotation_l2_p90,gap_to_sim_first_gripper_abs_mean,gap_to_sim_first_gripper_abs_p50,gap_to_sim_first_gripper_abs_p90,action_gap_reduction_mean,action_gap_reduction_p50,action_gap_reduction_p90,action_gap_reduction_ratio_mean,action_gap_reduction_ratio_p50,action_gap_reduction_ratio_p90,repr_gap_reduction_ratio_mean,repr_gap_reduction_ratio_p50,repr_gap_reduction_ratio_p90,improved_count,worsened_count
alignment,0,85,77.7653841513785,77.54995862970199,89.63501729646504,0.28837027646281316,0.2844762100718978,0.33847766334324464,0.6893077874984704,0.7297537999003245,0.862292225798575,0.8436929559064588,0.900911582021811,0.9431701499410798,0.004316241406172186,0.004250105497078542,0.006647255435823625,0.010984525398086056,0.010839716423095584,0.01679261304726362,0.4136653501321288,0.3999495506286621,0.706780743598938,0.02357959769309662,0.02581893277009517,0.03312376784307003,0.03234175668312506,0.03439791529873535,0.04222540485921379,0.04306935152401756,0.041316900168189286,0.05902577271727433,85,0
alignment,1,85,78.4609357763953,77.12940184142326,90.8735787440985,0.2908179105825897,0.2915584808206478,0.3242361310226266,0.6820135886454809,0.7222799654757356,0.8500462303343603,0.8436929559064588,0.900911582021811,0.9431701499410798,0.004093243695443813,0.004144564412470965,0.006223133038079466,0.011096140555189255,0.010660526396885802,0.01716202662169788,0.37716932989218654,0.3559141755104065,0.6545274853706361,0.030873796546086366,0.031655855616464446,0.04582871362408335,0.04303589660272743,0.04355079087015807,0.05665901166070441,0.04372615328770144,0.04344699453634237,0.05402489584694387,85,0
alignment,2,85,64.02668233520305,62.180905253640034,80.00671483932648,0.23607504569442514,0.22806440410446388,0.2773030356167808,0.6909019916107202,0.7292072503352072,0.8636967152136875,0.8436929559064588,0.900911582021811,0.9431701499410798,0.00408671550912994,0.003907689159214771,0.006416783641242533,0.010640008461868874,0.010915347642692346,0.016368923911120124,0.42165855099173155,0.39332452416419983,0.7276859283447266,0.021985393580847112,0.022601400141903927,0.03605708961424717,0.029629511040140343,0.029855352969787936,0.04125710626139038,0.028808013264349702,0.026353951592019385,0.039217522815160125,85,0
alignment,3,85,72.34379940325823,72.72145581153025,85.71551176731498,0.26800933323247506,0.2649826008715152,0.3165239261021809,0.6804005768001088,0.7194969387881085,0.8532441401070089,0.843692955906575,0.900911582021811,0.9431701499410798,0.0041394131264901315,0.004151921558481228,0.006187559600155932,0.01101515346188791,0.010621082140732565,0.016923564033588682,0.36910201837034784,0.35767635703086853,0.6481549501419067,0.032486808391458365,0.032864850818997815,0.042542290625574644,0.0451410902563862,0.044082735955811185,0.05594280402409402,0.03720269857326876,0.03574680646867069,0.05142648771932628,85,0
alignment,4,85,75.82501922398184,73.53982546032968,97.03564127701415,0.2788209535445067,0.2591359051708037,0.34177466457906563,0.6751056202713732,0.7138776858504414,0.8347819067477981,0.8436929559064588,0.900911582021811,0.9431701499410798,0.0035846510174338325,0.003640465667390074,0.005370817910435264,0.009294115573550529,0.009330250910452836,0.014717330217585525,0.34268086000400433,0.34588369727134705,0.559771454334259,0.03778176492019396,0.03777569496623512,0.05667088869982336,0.05197179514637461,0.05140208212540419,0.07114697247114313,0.04091914624821288,0.034159131817612653,0.060218068847594036,85,0
alignment,5,85,48.789583436455416,46.74382398214668,59.57644320261398,0.18039234216617384,0.177015806623947,0.20860142946310295,0.690230732972587,0.7311144389895304,0.8705222429357076,0.8436929559064588,0.900911582021811,0.9431701499410798,0.004225649367716943,0.0041630980202639065,0.006652780262270314,0.010834758983737421,0.010570552330355285,0.01639487226676081,0.4182881539358812,0.3961501121520996,0.7350736498832703,0.022656652218980094,0.02261991649683459,0.0331570522710458,0.031671803658813114,0.0317196614549588,0.04068377317687169,0.016751534205547397,0.015791991393448675,0.02199942454398079,85,0
alignment,6,85,22.30534790444161,22.21167134824082,26.515926546095763,0.08265336247974706,0.08433857206991685,0.09610099852768575,0.6975273871341807,0.7343762723012445,0.8747766886907208,0.8436929559062575,0.900911582021811,0.9431701499476836,0.004378676135724963,0.004215109704215955,0.00694584257729025,0.011287086569819638,0.01053133784672934,0.01743111464594178,0.4547765138394692,0.44488152861595154,0.7658563256263734,0.015359998057386496,0.016001171216010746,0.02234630847183432,0.021140055397566793,0.02099432364843037,0.02852004169971035,0.0034778447097408346,0.00356284429914632,0.004628473643228549,85,0
alignment,7,85,19.816857258980885,19.64784411439009,22.94692255669015,0.0732783303669336,0.0744365306729706,0.08054230478952097,0.6994748903537436,0.740044950387056,0.878549198817138,0.8414252695129729,0.900911582021811,0.9431701499410798,0.0048711624149476,0.004734024948225695,0.007607973341372462,0.012385289581407385,0.011393084824584246,0.01900470063804614,0.5314152586109498,0.5392354130744934,0.8387516736984253,0.013412494837823677,0.013937506385203191,0.01994331739287101,0.019485280733773796,0.0185540206176792,0.02899686757910639,0.002710659746979897,0.0027742467718897433,0.003248846489895178,85,0
alignment,8,85,27.02405180175352,26.486617584867243,31.79914592672686,0.0999653390599404,0.10115042456729378,0.11224913622926617,0.6940916365578246,0.7347346717760168,0.8749762206140905,0.8405894899176768,0.900911582021811,0.9431701499410798,0.004871162019892169,0.004734024921174659,0.007607972496421885,0.012385289410524258,0.011393085300468486,0.019004701924551358,0.5314152586109498,0.5392354130744934,0.8387516736984253,0.01879574863374259,0.019635816286537544,0.02786561532905354,0.026992928504475513,0.026349919762450692,0.03918529648295405,0.005064252368280581,0.005128856781012023,0.006319917529662612,85,0
alignment,9,85,49.13667147081444,48.489384766859885,56.91024323830506,0.18145240529876452,0.1781029253207052,0.19961770218646077,0.6855212888874079,0.7175145422700621,0.8698729675321414,0.839780550584989,0.900911582021811,0.9431701499410798,0.004871162019892169,0.004734024921174659,0.007607972496421885,0.012385289410524258,0.011393085300468486,0.019004701924551358,0.5314152586109498,0.5392354130744934,0.8387516736984253,0.02736609630415927,0.02804987945658355,0.039504465360119784,0.039190596645566934,0.03994127464700018,0.052175880286247533,0.016704077159538932,0.015988136254339924,0.02012634746092796,85,0
alignment,10,85,63.74613267323747,64.97922985797759,79.6804098599936,0.23429613062900387,0.2267846268170211,0.29103559860043393,0.6864872979795507,0.7219246186235427,0.8674198786321333,0.8397805505831806,0.9009115820221918,0.9431701499410798,0.004871162019892169,0.004734024921174659,0.007607972496421885,0.012385289410524258,0.011393085300468486,0.019004701924551358,0.5314152586109498,0.5392354130744934,0.8387516736984253,0.026400087212016515,0.02585258636740173,0.04230393489702342,0.03680716875681003,0.03506270372403649,0.05453257594439411,0.028409212686282548,0.026055066731458073,0.04328824164069469,84,1
alignment,11,85,57.26328805838264,55.45484400373998,74.3136886269018,0.20986080684912764,0.2007801700727607,0.25988328641117214,0.690500619056019,0.7187865728926581,0.8727315736775241,0.839780550584989,0.900911582021811,0.9431701499410798,0.004871162019892169,0.004734024921174659,0.007607972496421885,0.012385289410524258,0.011393085300468486,0.019004701924551358,0.5314152586109498,0.5392354130744934,0.8387516736984253,0.022386766135548252,0.020816795424350554,0.03400899095178689,0.031835650965053294,0.029777335874274082,0.04744689069469635,0.0227453697104386,0.020363678038858465,0.03435998179359263,85,0
alignment,12,85,44.5447837418095,42.365845400272555,54.76359486536134,0.16364485328087225,0.1603593071932758,0.19240389103187613,0.6905216476143434,0.7202114866457621,0.8756461481142124,0.8400865614598645,0.900911582021811,0.9431701499410798,0.004871162019892169,0.004734024921174659,0.007607972496421885,0.012385289410524258,0.011393085300468486,0.019004701924551358,0.5314152586109498,0.5392354130744934,0.8387516736984253,0.02236573757722369,0.022114396381563206,0.035572646713002136,0.03211706974208736,0.032091631905783395,0.047854691776004835,0.013669134329603119,0.012941292223966725,0.018684419786407867,85,0
alignment,13,85,37.34716502577301,36.93024594480207,43.551319575249174,0.13788755336111858,0.13675947461879595,0.14865409307300204,0.6929571038008795,0.7235973427194516,0.876411091414262,0.8410066969186919,0.900911582021811,0.9431701499410798,0.004871162019892169,0.004734024921174659,0.007607972496421885,0.012385289410524258,0.011393085300468486,0.019004701924551358,0.5314152586109498,0.5392354130744934,0.8387516736984253,0.01993028139068758,0.01936840663394168,0.03298324496312828,0.028645880115835073,0.025655077366926907,0.047526819079675334,0.009595237786721571,0.009395716695111914,0.01111075500434123,85,0
alignment,14,85,32.355431205132334,32.17324265658466,38.530957577640116,0.11955512629386685,0.11945363885107055,0.13329093634833042,0.6966551990997909,0.7335008261616057,0.8814088340044135,0.8429154399585679,0.898932430172277,0.9431701499410798,0.0048711624149476,0.004734024948225695,0.007607973341372462,0.012385289581407385,0.011393084824584246,0.01900470063804614,0.5314152586109498,0.5392354130744934,0.8387516736984253,0.01623218609177633,0.0156303644983935,0.025195142195866493,0.025140484781403283,0.02410310706138851,0.04396719014121569,0.007243872828948335,0.007160220294715511,0.008923219762836975,85,0
alignment,15,85,32.028316129683354,32.17878960710349,39.16769359801848,0.11820161760601498,0.11857361294419916,0.13495984761112942,0.6964106281944639,0.7335027450989383,0.8807908458920399,0.8429154399590907,0.898932430172277,0.9431701499410798,0.004871162019892169,0.004734024921174659,0.007607972496421885,0.012385289410524258,0.011393085300468486,0.019004701924551358,0.5314152586109498,0.5392354130744934,0.8387516736984253,0.016476756997103322,0.016399311445799314,0.025135964936356007,0.025254398951997208,0.0252792899833594,0.042635259189096546,0.007105799377001952,0.007054735489735388,0.009148960283704884,85,0
alignment,16,85,36.47936874537536,36.95906809597911,43.962778308052066,0.13409989039418083,0.1358099281553412,0.15317819033115398,0.6949734329657143,0.7261275793249666,0.881595084874267,0.8429154399590907,0.898932430172277,0.9431701499410798,0.004871162019892169,0.004734024921174659,0.007607972496421885,0.012385289410524258,0.011393085300468486,0.019004701924551358,0.5314152586109498,0.5392354130744934,0.8387516736984253,0.0179139522258528,0.017024766594347263,0.02596736123059249,0.02724054191518161,0.025861489377473994,0.04651297031368149,0.009124390925551375,0.009265089232018279,0.011801532164776267,85,0
alignment,17,85,41.117495405868254,40.28468865433033,50.58543405907955,0.15053427550660162,0.14673871231249178,0.17328020511765307,0.6946959724293462,0.7190246810737453,0.8825985514478966,0.8429230854971914,0.8995823010926977,0.9431701499476836,0.004871162019892169,0.004734024921174659,0.007607972496421885,0.012385289410524258,0.011393085300468486,0.019004701924551358,0.5314152586109498,0.5392354130744934,0.8387516736984253,0.018191412762220898,0.016882189477940734,0.026900035041551636,0.027757929693277554,0.026213628538057625,0.04711506753623015,0.011645299505190016,0.010824712040948873,0.015128083825452984,85,0
alignment,18,85,41.465001936685795,38.537447365298206,50.40247707497363,0.15168241928984175,0.14591566767684888,0.17898716023163114,0.6956548012789376,0.7203155827165761,0.8830019411683168,0.842937218275325,0.9007835870521912,0.9431701499410798,0.004871162019892169,0.004734024921174659,0.007607972496421885,0.012385289410524258,0.011393085300468486,0.019004701924551358,0.5314152586109498,0.5392354130744934,0.8387516736984253,0.017232583912629718,0.015878781433568467,0.025536720951223953,0.02610941651675893,0.02498376183386557,0.04485960677130465,0.012016711902410139,0.010702967796618008,0.01614873919531421,85,0
alignment,19,85,38.523414659866276,36.71793019341801,44.72145563003555,0.14151462461805692,0.13988057853275557,0.16289812231458217,0.6980254665949758,0.7239401141171504,0.8832761278952898,0.8429492124562449,0.900911582021811,0.9431701499410798,0.004871162019892169,0.004734024921174659,0.007607972496421885,0.012385289410524258,0.011393085300468486,0.019004701924551358,0.5314152586109498,0.5392354130744934,0.8387516736984253,0.014861918596591368,0.014494802707970211,0.02252972806357734,0.02300613998827104,0.02032322616686393,0.04396411443891071,0.010264616092782331,0.0098316184863599,0.01335770468781152,85,0
alignment,20,85,34.272485870680335,33.74984001367084,40.1903911438687,0.12647615098391604,0.12869511598693295,0.1381977987279455,0.6988823106323402,0.7366786654476961,0.882498179037801,0.8429154399590907,0.898932430172277,0.9431701499410798,0.004871162019892169,0.004734024921174659,0.007607972496421885,0.012385289410524258,0.011393085300468486,0.019004701924551358,0.5314152586109498,0.5392354130744934,0.8387516736984253,0.01400507455922695,0.013941621997647258,0.02202666760284684,0.021770372163897617,0.0198813762640841,0.03964389215130892,0.008106066811040622,0.008315792643086527,0.00959536797635682,85,0
alignment,21,85,30.760169881689244,30.832572220945032,35.794403457180145,0.11364827125323052,0.11509344624787085,0.12577579686644247,0.6990884661142905,0.7368755774654872,0.8845020432737124,0.8425188524945609,0.8974087384930278,0.942980139353822,0.004871162019892169,0.004734024921174659,0.007607972496421885,0.012385289410524258,0.011393085300468486,0.019004701924551358,0.5314152586109498,0.5392354130744934,0.8387516736984253,0.013798919077276556,0.013337732712711992,0.024816065826017943,0.02264995571121242,0.01758485487892371,0.04916489277734485,0.006539646414158284,0.006645330895964291,0.007941571107933868,85,0
alignment,22,85,29.628356357386732,29.257405878867342,35.67285734857817,0.10945148108989096,0.10926743938314684,0.1233834025891612,0.6996497536797825,0.7377464656381132,0.8846140756210872,0.8425188524958805,0.8974087385257984,0.9429801393576097,0.004871162019892169,0.004734024921174659,0.007607972496421885,0.012385289410524258,0.011393085300468486,0.019004701924551358,0.5314152586109498,0.5392354130744934,0.8387516736984253,0.01323763151178453,0.012626563896335125,0.022527098423567794,0.021916527303852008,0.01833128206934991,0.05023762473277122,0.006078264179806195,0.005987612405836029,0.007640981122023493,85,0
alignment,23,85,30.762821348656512,30.44838962160833,37.693058708658135,0.11358036231455448,0.11526386587895916,0.1302053101008446,0.7000031138284115,0.7373213728943988,0.8852425793179921,0.8425188524958805,0.8974087385257984,0.9429801393576097,0.004871162019892169,0.004734024921174659,0.007607972496421885,0.012385289410524258,0.011393085300468486,0.019004701924551358,0.5314152586109498,0.5392354130744934,0.8387516736984253,0.012884271363155623,0.01264290142980401,0.022219002106374022,0.021190215887114262,0.015509082279668665,0.05080483673539177,0.006562826786470181,0.00666509110842318,0.008512962473978206,85,0
alignment,24,85,32.94050920753102,33.029114589100644,39.46310481795947,0.12172013550546656,0.12460076350723488,0.13794132271135662,0.6997612840648241,0.7374474159076725,0.88549865245322,0.8425188524958048,0.8974087385257984,0.9429801393687864,0.004871162019892169,0.004734024921174659,0.007607972496421885,0.012385289410524258,0.011393085300468486,0.019004701924551358,0.5314152586109498,0.5392354130744934,0.8387516736984253,0.013126101126743167,0.013027798732603457,0.023335178734375295,0.021612110827598178,0.01638702329488714,0.05151520216708623,0.0075455639537057384,0.007793040876343076,0.009559597528166267,85,0
alignment,25,85,34.95662173704723,34.70399709128697,41.80282619012248,0.1292069726645615,0.13232858065495165,0.14352811779654984,0.6992222730919081,0.7368978438570499,0.8853243387293902,0.8425188524957956,0.8974087385257984,0.9429801393576097,0.0048711624149476,0.004734024948225695,0.007607973341372462,0.012385289581407385,0.011393084824584246,0.01900470063804614,0.5314152586109498,0.5392354130744934,0.8387516736984253,0.013665112099659094,0.013759979036260694,0.024870284961387525,0.022460135199183544,0.017590490346909925,0.049982667965201996,0.008497132590799206,0.008794094679694758,0.010353760533207756,85,0
alignment,26,85,36.5400111400932,36.509557958351316,43.178274670097196,0.13480174234558184,0.13709468663126884,0.14856934761359136,0.7004432178407242,0.7384212722545926,0.8859859614801782,0.8425389625833459,0.8974087385257984,0.9429801393576097,0.004871162019892169,0.004734024921174659,0.007607972496421885,0.012385289410524258,0.011393085300468486,0.019004701924551358,0.5314152586109498,0.5392354130744934,0.8387516736984253,0.012444167350843138,0.011610630290805335,0.02250365300702291,0.020254633299396467,0.016952540546355983,0.04300542292403966,0.009239380304766825,0.009442052731151838,0.011098081590804883,85,0
alignment,27,85,36.53635694056609,35.897201893006795,44.5628263035491,0.13471536851213578,0.13750779275237812,0.14952935740248172,0.6996019262991898,0.7326328651603238,0.8858082478945012,0.8425256139644659,0.8974087385257984,0.9429801393576097,0.004871162019892169,0.004734024921174659,0.007607972496421885,0.012385289410524258,0.011393085300468486,0.019004701924551358,0.5314152586109498,0.5392354130744934,0.8387516736984253,0.013285458892377382,0.013016345864377277,0.022270562822863573,0.021293535477841817,0.01828066386631562,0.045935279373518816,0.009210542888813959,0.009499315026804981,0.011242754801879865,85,0
alignment,28,85,35.46061899874694,35.0321017913015,44.052598067747844,0.13093490166195154,0.13352480590549393,0.14340481023532278,0.7016849238574976,0.7421102750139934,0.8859611182537904,0.8190465716305847,0.8681089306179622,0.937054728980011,0.004871162019892169,0.004734024921174659,0.007607972496421885,0.012385289410524258,0.011393085300468486,0.019004701924551358,0.5314152586109498,0.5392354130744934,0.8387516736984253,0.011202461334069533,0.011023931083859684,0.02076908585174222,0.01817417645373392,0.01463740591597478,0.03939050933746177,0.008698941121027936,0.008954528688062532,0.010336683300996437,85,0
alignment,29,85,34.7698792336285,34.26527999954686,42.27217429497852,0.1284542127954997,0.1306163316991936,0.14144111914480073,0.7023721128155485,0.7426993842970115,0.8862085657074278,0.8193454303018806,0.8681089306179622,0.9370547289819738,0.004871162019892169,0.004734024921174659,0.007607972496421885,0.012385289410524258,0.011393085300468486,0.019004701924551358,0.5314152586109498,0.5392354130744934,0.8387516736984253,0.01051527237601877,0.010434821800841543,0.020324362749628577,0.017361237516346155,0.01285129707060878,0.03821714959677007,0.008365219836175136,0.008567009882439747,0.010053345320836633,85,0
alignment,30,85,35.20104760922578,35.08264117706615,42.505626925321714,0.13003074991076827,0.13243021679871306,0.14407795064047657,0.7027111540312274,0.742709586535881,0.886408126411664,0.81872009155469,0.8681089306179622,0.9370547289819738,0.004871162019892169,0.004734024921174659,0.007607972496421885,0.012385289410524258,0.011393085300468486,0.019004701924551358,0.5314152586109498,0.5392354130744934,0.8387516736984253,0.010176231160339656,0.00914141507109778,0.020763661546265192,0.01670639611367753,0.013262770785228747,0.038761917119588846,0.008572226805316432,0.008807668674416288,0.010433666549554747,85,0
alignment,31,85,37.0225757446174,36.70072739417488,43.83405045369498,0.13673471032446152,0.13743441033632767,0.15487613009801832,0.7024069052268602,0.7418439428878932,0.8863806655702237,0.8180988605936318,0.8681089306179622,0.9370547289819738,0.004871162019892169,0.004734024921174659,0.007607972496421885,0.012385289410524258,0.011393085300468486,0.019004701924551358,0.5314152586109498,0.5392354130744934,0.8387516736984253,0.010480479964706996,0.009561663556794997,0.022728405813498526,0.01731946728287696,0.013066625081897744,0.04244206153112448,0.009512191840494823,0.009489130369834916,0.012066397462431057,85,0
alignment,32,85,40.28846542729632,39.54413597153396,46.058256234475785,0.1486366492096143,0.1451793393049466,0.17497236593558288,0.70108522979796,0.7281169636202225,0.8862460898586413,0.8174176966274471,0.8681089306178005,0.9370547289819738,0.0048711624149476,0.004734024948225695,0.007607973341372462,0.012385289581407385,0.011393084824584246,0.01900470063804614,0.5314152586109498,0.5392354130744934,0.8387516736984253,0.011802155393607303,0.01038133448636186,0.02681164442554312,0.019411908662348844,0.012899341844474728,0.04765632188392817,0.01141569413938507,0.010594643516127397,0.015431720075056872,85,0
alignment,33,85,43.720637455882596,41.55857056696529,50.73544424307893,0.16151563610199285,0.15682262604781752,0.19606193120237977,0.7014442790548996,0.7278039685365034,0.8866985685019446,0.8179695750449569,0.8681089306179622,0.9370547289819738,0.004871162019892169,0.004734024921174659,0.007607972496421885,0.012385289410524258,0.011393085300468486,0.019004701924551358,0.5314152586109498,0.5392354130744934,0.8387516736984253,0.011443106136667667,0.008644168666255503,0.02416394346620048,0.01832559475929818,0.012229298403426918,0.03862934878327507,0.013622967088866305,0.012373216260582244,0.01940853907481964,85,0
alignment,34,85,44.56673459710275,42.64752239507444,53.261958095125294,0.16489998177693446,0.15834682843789213,0.19933142198376733,0.7017866623121702,0.7272777345764085,0.8865780019233368,0.8179776636194293,0.8681089306179622,0.9370547289819738,0.004871162019892169,0.004734024921174659,0.007607972496421885,0.012385289410524258,0.011393085300468486,0.019004701924551358,0.5314152586109498,0.5392354130744934,0.8387516736984253,0.01110072287939701,0.008638538685524666,0.022816238253760123,0.017775059033512,0.01140808722154185,0.03721746414181015,0.014078802103243613,0.01261644639802672,0.020068292623552492,85,0
descent_to_grasp,0,40,85.98541502335642,87.24131679020411,95.73921830371138,0.28557416314512707,0.28668556306751736,0.3330661912232453,0.3814648084012398,0.34716604635432824,0.734059922184241,0.5792397283832393,0.5769877331483234,0.8858685278453092,0.0041060393298297275,0.003580539038548853,0.006983331492236133,0.002245557291652135,0.0008766236734593467,0.0051770254210463445,0.49338506255298853,0.4807099401950836,0.7974352478981018,0.006400614864156403,0.004248726308864456,0.013862346986370979,0.015268943135377156,0.014295135402021139,0.02453403932488039,0.042241629898995534,0.041975294079049805,0.057097666850006924,40,0
descent_to_grasp,1,40,87.28912292642187,87.45440120618525,104.3372291674789,0.2905505343661082,0.2889246641258504,0.33922885374544787,0.375848873592861,0.3335752895941787,0.7272219464700402,0.5728402228406045,0.5769877331483234,0.8858685278453092,0.0033542923446723003,0.002794628870862844,0.006565907450412607,0.0021457503885968987,0.0008051544834790456,0.0051476440661479255,0.4653075706213713,0.4693434238433838,0.773667460680008,0.012016549672535229,0.009919558930238756,0.023182383149161746,0.032503231186167755,0.030579070510723207,0.054729876478499924,0.04434648129076968,0.04264840369832071,0.05929669266105938,40,0
descent_to_grasp,2,40,62.29765593272699,61.00106393062303,72.31249027076021,0.20695995073265214,0.20640050902612606,0.24604415325581883,0.3795335264270371,0.34260768378792383,0.7281116839511095,0.5763120462341852,0.5769877331483234,0.8858685278453092,0.0035082893662957576,0.00300515437798217,0.007052331518663275,0.0023295443502890137,0.0013930386968938947,0.005506279656744926,0.48373103737831114,0.4829149842262268,0.7820707857608795,0.00833189683835915,0.006322264636451663,0.01823364988905808,0.01868990193897132,0.017732530752095688,0.031201642821813518,0.02218138787843485,0.021533000446031396,0.03075033616465743,39,1
descent_to_grasp,3,40,68.99948990029245,66.6792842713983,88.98019394700871,0.2314064961361554,0.224523415107373,0.32970529330306775,0.3741587600888255,0.33837818057231706,0.7194985497571893,0.5746682539239367,0.5769877331483234,0.8858685278413398,0.0034366944087058137,0.002796909568557298,0.006553194295035044,0.0022403476909642955,0.0009992881956769311,0.00501996920781614,0.45685602743178605,0.46299654245376587,0.7394855976104736,0.01370666317657071,0.010486957573507982,0.03055003210261862,0.030330240941588805,0.029141701306617664,0.049873557132341664,0.029132734853539198,0.02553805029235636,0.0559162543744122,40,0
descent_to_grasp,4,40,82.92507655452157,83.5990008324352,102.52261674247627,0.2780299767709712,0.30089727437802566,0.3480304906848777,0.3716554444383815,0.3355285066167271,0.7158029874071513,0.5738213554322436,0.5769877331483234,0.8858685278453092,0.002991742602897006,0.0024524735665638468,0.005777234467250408,0.0019073597219030386,0.0011942115895178193,0.004635930172890969,0.4443440081551671,0.4446116089820862,0.7352461218833923,0.016209978827014714,0.010185659801053626,0.03470490181840172,0.03628742060176961,0.03755947607663272,0.05599915556352788,0.04184685192091052,0.04634344264384399,0.06252743872535182,40,0
descent_to_grasp,5,40,47.5812828282986,47.25411490287099,52.8832513475385,0.15786736512369223,0.1564270398126536,0.1794518600271919,0.3778452027539177,0.34326968701788174,0.7301836805008427,0.5730359065747189,0.5769877331483234,0.8858685278453092,0.0037523867169337714,0.003090633209242521,0.007158414768208737,0.002230307495152938,0.0011794368600685269,0.005186755382966401,0.47528803870081904,0.48165544867515564,0.7934186339378357,0.010020220511478491,0.008193776215648568,0.0200569104909592,0.026531498779556646,0.0240377546879492,0.04153475317455463,0.012655642339129141,0.012310677264889415,0.01623356522780364,40,0
descent_to_grasp,6,40,24.462112544867644,25.254013949148757,31.05869441325785,0.07995891209930325,0.07970472705444158,0.09843268661565657,0.38231165477616613,0.3471095410329792,0.7385069196703596,0.5776633595433092,0.5769877331496274,0.8858685278453092,0.003734923754029966,0.0032829392916396694,0.007420581671985866,0.0022101370311342207,0.0010354364143720849,0.005144880812687432,0.49762209225445986,0.48629602789878845,0.8224661409854889,0.0055537684892300624,0.004660581141129452,0.011272431083742785,0.014539771543167027,0.013648610701277061,0.020789044584083104,0.003305103042362939,0.003181594694951935,0.004858740177779395,40,0
descent_to_grasp,7,40,25.608495342871823,25.89121416655126,32.61724005180556,0.08350189057649349,0.08493741207947178,0.10252402385363112,0.3839923079999113,0.34429256967524924,0.7394737541468323,0.5762719959660103,0.5719520406597182,0.8724662456108471,0.004033970233077881,0.003471032693221663,0.007930104615505362,0.002402030530647056,0.0011578848114475876,0.00563638066266862,0.5245957329869271,0.49676403403282166,0.8589899420738221,0.003873115265484936,0.0033597353593935453,0.008171382752007784,0.008799481100565634,0.0069879490376028655,0.01983051978645788,0.0036319136136710403,0.003613712286757221,0.005269775510662215,36,4
descent_to_grasp,8,40,34.830342080365945,36.0833151166087,44.67405658371618,0.11362474053630786,0.11397903655877975,0.13452361955723172,0.38285152943843065,0.3423200264355372,0.7373741086880143,0.5757187652854345,0.571952040662659,0.8720969613144496,0.004033970294745081,0.0034710322682078264,0.007930104476125173,0.0024020303059877493,0.0011578873710970839,0.005636380270530352,0.5245957329869271,0.49676403403282166,0.8589899420738221,0.005013893826965553,0.004064834629184957,0.011095284312737153,0.011201673416446376,0.0088361152767167,0.024975604436078346,0.006704519092193944,0.006516891878389637,0.009089767680843342,38,2
descent_to_grasp,9,40,61.35213936824863,60.7624534475367,72.32926811372592,0.20240099860714872,0.20334292798501852,0.2206303597742491,0.37997331174826676,0.33808712797110996,0.7296678464503342,0.5748559044587248,0.571952040662659,0.8720969613144496,0.004033970294745081,0.0034710322682078264,0.007930104476125173,0.0024020303059877493,0.0011578873710970839,0.005636380270530352,0.5245957329869271,0.49676403403282166,0.8589899420738221,0.007892111517129414,0.006596694693722094,0.01754733010190217,0.01786433454952858,0.014055924562087012,0.03913055287749523,0.02084217734966425,0.02089251641115626,0.02464253040321844,39,1
descent_to_grasp,10,40,77.79331066421528,75.4660704906717,92.13889377148952,0.25686335187766585,0.25917823692996633,0.28871336469092,0.381714615201078,0.3432104574734618,0.7339561037609929,0.5745413975785232,0.5719520406735153,0.8720969613144496,0.004033970294745081,0.0034710322682078264,0.007930104476125173,0.0024020303059877493,0.0011578873710970839,0.005636380270530352,0.5245957329869271,0.49676403403282166,0.8589899420738221,0.006150808064318208,0.0035222817162726405,0.014879935096747654,0.013000563992138964,0.009499627332479305,0.033426878367831495,0.033945254550400136,0.03417097494228745,0.04258442340587845,39,1
descent_to_grasp,11,40,73.13929481242621,69.28939763369075,90.83992053574296,0.24089852495251182,0.23144146727390427,0.28150569051330376,0.38140251075305776,0.3426311376724891,0.7334397972790639,0.5748708591551717,0.571952040662659,0.8720969613144496,0.004033970294745081,0.0034710322682078264,0.007930104476125173,0.0024020303059877493,0.0011578873710970839,0.005636380270530352,0.5245957329869271,0.49676403403282166,0.8589899420738221,0.006462912512338444,0.0030408514026304123,0.014536858927554344,0.014214787620104918,0.010788518056674034,0.031318381146384106,0.02995277539904656,0.02715235883984423,0.04044139708972223,40,0
descent_to_grasp,12,40,58.04867539342111,54.85396909782308,82.05361878914036,0.1892744423979325,0.17939465475678257,0.24650512212168874,0.3821787552452086,0.3419371676155239,0.7360885714810531,0.5750678497334889,0.571952040662659,0.8720969613144496,0.004033970294745081,0.0034710322682078264,0.007930104476125173,0.0024020303059877493,0.0011578873710970839,0.005636380270530352,0.5245957329869271,0.49676403403282166,0.8589899420738221,0.00568666802018758,0.004178061852453063,0.01246674288944829,0.013030873695677386,0.009301310467669938,0.025214462036792677,0.018906396666987887,0.016223333887717073,0.03086131278919467,39,1
descent_to_grasp,13,40,49.816815576667146,45.57220938019371,67.01636460796375,0.16262810908201913,0.15034926313972202,0.20498420791609612,0.3824819303233517,0.34172451366053525,0.736522155964951,0.5752539528914371,0.571952040662659,0.8720969613144496,0.004033970294745081,0.0034710322682078264,0.007930104476125173,0.0024020303059877493,0.0011578873710970839,0.005636380270530352,0.5245957329869271,0.49676403403282166,0.8589899420738221,0.005383492942044496,0.004356287579352469,0.011475015305964953,0.0122424404308536,0.00897819213485045,0.023582485854977166,0.013780907716324092,0.011367729407812357,0.02123471970909454,38,2
descent_to_grasp,14,40,43.83763465699182,40.02758091519398,60.78565759122103,0.14273838584274173,0.1291567940311046,0.1843096026887423,0.38275886980008117,0.3379780454989961,0.7388145019246626,0.582857967596882,0.5769877331483234,0.8854396076938896,0.004033970233077881,0.003471032693221663,0.007930104615505362,0.002402030530647056,0.0011578848114475876,0.00563638066266862,0.5245957329869271,0.49676403403282166,0.8589899420738221,0.005106553465315013,0.005388025675125516,0.011353159660716485,0.013227585409254653,0.007804985514374148,0.03863662423093393,0.01074292589356004,0.008375822748606002,0.0171319717501623,38,2
descent_to_grasp,15,40,42.12931594286088,40.497862165170645,56.06951711751681,0.13745064250316533,0.13050561659947088,0.1779888813520457,0.3831014382379172,0.33863612444850566,0.7396361620780901,0.5828579675980418,0.5769877331483234,0.8854396076975825,0.004033970294745081,0.0034710322682078264,0.007930104476125173,0.0024020303059877493,0.0011578873710970839,0.005636380270530352,0.5245957329869271,0.49676403403282166,0.8589899420738221,0.004763985027479002,0.004858256618688217,0.01095833758497859,0.012072646186132841,0.007438023032267326,0.03676635376746624,0.00988636053166094,0.00855266104896502,0.01596783460142554,38,2
descent_to_grasp,16,40,44.022380709453714,43.67464022904984,55.816207236683326,0.14422758118602402,0.14217317902543647,0.17342398461708727,0.38293565664784024,0.338761262422309,0.7392117069272756,0.5828579675980418,0.5769877331483234,0.8854396076975825,0.004033970294745081,0.0034710322682078264,0.007930104476125173,0.0024020303059877493,0.0011578873710970839,0.005636380270530352,0.5245957329869271,0.49676403403282166,0.8589899420738221,0.0049297666175559685,0.004774003206039906,0.010811688641743906,0.012402041132674783,0.008220515420804878,0.03586108321575803,0.01069935402738417,0.01015831533603737,0.015152770187574011,38,2
descent_to_grasp,17,40,45.19395081634926,45.81229094402365,55.1621160785494,0.1482037090892691,0.15042798438587135,0.17407851831675472,0.3827191132344393,0.3384085222309457,0.7392447565457924,0.5828579675977965,0.5769877331604836,0.8854396076975825,0.004033970294745081,0.0034710322682078264,0.007930104476125173,0.0024020303059877493,0.0011578873710970839,0.005636380270530352,0.5245957329869271,0.49676403403282166,0.8589899420738221,0.005146310030956909,0.005319712130739909,0.011420010752069632,0.01300877755089885,0.007960389838539542,0.037232538797532924,0.01125955124118204,0.011379035729883216,0.015268341095050451,38,2
descent_to_grasp,18,40,43.765505330800764,44.56095356687544,54.0719940676849,0.14340735580065875,0.14492754506576777,0.16776122932783513,0.38334484617884745,0.3397830806284187,0.7400333988224704,0.5828579675980418,0.5769877331483234,0.8854396076975825,0.004033970294745081,0.0034710322682078264,0.007930104476125173,0.0024020303059877493,0.0011578873710970839,0.005636380270530352,0.5245957329869271,0.49676403403282166,0.8589899420738221,0.00452057708654873,0.004914369083675811,0.01055077977882148,0.011429539247090408,0.007288112209117968,0.03147867980426939,0.010545907054789541,0.010557834822407991,0.014172563087383495,38,2
descent_to_grasp,19,40,41.57466764770072,42.47896695502444,52.28368859033131,0.13609664183180936,0.13707443790693513,0.16015311455735315,0.3837980124242392,0.3383152826295698,0.7414230915584182,0.5828579675980418,0.5769877331483234,0.8854396076975825,0.004033970294745081,0.0034710322682078264,0.007930104476125173,0.0024020303059877493,0.0011578873710970839,0.005636380270530352,0.5245957329869271,0.49676403403282166,0.8589899420738221,0.004067410841156932,0.004361848616821734,0.009037928085566123,0.010572665173859377,0.006260282814982096,0.03378705227674323,0.009490500231193055,0.009439316751136446,0.012907928184860416,38,2
descent_to_grasp,20,40,39.522438712061174,40.36454821027027,49.437044168628745,0.12922096029200744,0.13115120273421016,0.15218204348806696,0.3837281725589507,0.33764053319335074,0.7415097296826014,0.5828579675980418,0.5769877331483234,0.8854396076975825,0.004033970294745081,0.0034710322682078264,0.007930104476125173,0.0024020303059877493,0.0011578873710970839,0.005636380270530352,0.5245957329869271,0.49676403403282166,0.8589899420738221,0.0041372507064454875,0.004074357998645313,0.009266638635357644,0.010670403215667442,0.006285258644944177,0.03380375916417942,0.00856525522875487,0.008637726447856563,0.011647531246508835,37,3
descent_to_grasp,21,40,37.564449269386046,38.59361064657651,46.504515938515134,0.12273130205495582,0.1238831201925654,0.14393083874172163,0.3841724279403671,0.3323534429069267,0.7440810287711546,0.5794863768875584,0.5607913786950746,0.8858685278413398,0.004033970294745081,0.0034710322682078264,0.007930104476125173,0.0024020303059877493,0.0011578873710970839,0.005636380270530352,0.5245957329869271,0.49676403403282166,0.8589899420738221,0.0036929953250291136,0.001495068475683925,0.009552406596082962,0.011419951794782685,0.0039342059704135434,0.04422222701891497,0.007736406672266119,0.007703190380146074,0.010412264133429936,38,2
descent_to_grasp,22,40,36.50638689575783,38.659088239493336,44.705351882500516,0.11936411623804566,0.12409394306976382,0.13637048378020372,0.38433617154460226,0.3343896720197609,0.7443753426058021,0.5794093940054694,0.5607913786950746,0.8858685278453092,0.004033970294745081,0.0034710322682078264,0.007930104476125173,0.0024020303059877493,0.0011578873710970839,0.005636380270530352,0.5245957329869271,0.49676403403282166,0.8589899420738221,0.0035292517207939486,0.0014198859820144516,0.00986415248643274,0.011202045771283193,0.0034456745120612195,0.04191540599317492,0.0073023852505426316,0.007729959795582355,0.00934209806428601,34,6
descent_to_grasp,23,40,36.79711869349652,39.78049413050529,44.58380919520008,0.12049295216935474,0.12607412865608242,0.1349500792109475,0.3846003775689196,0.33637313787206424,0.7442842308746392,0.5799248198265067,0.5607913786950746,0.8858685278453092,0.004033970294745081,0.0034710322682078264,0.007930104476125173,0.0024020303059877493,0.0011578873710970839,0.005636380270530352,0.5245957329869271,0.49676403403282166,0.8589899420738221,0.0032650456964765733,0.001560647347252725,0.00915175544392683,0.010118766681567878,0.0034359247500484777,0.03386533082243971,0.007430262285113923,0.007979184639258105,0.009147677030425155,35,5
descent_to_grasp,24,40,37.448844861921806,39.48534845771067,44.50977300464738,0.12282423676822618,0.12729627253950931,0.13889414423137803,0.3845210497270988,0.3359222433117945,0.744378893726441,0.5796649921954814,0.5607913786963785,0.8858685278453092,0.004033970294745081,0.0034710322682078264,0.007930104476125173,0.0024020303059877493,0.0011578873710970839,0.005636380270530352,0.5245957329869271,0.49676403403282166,0.8589899420738221,0.0033443735382974473,0.001590149768376098,0.010090311932234594,0.010417459646545453,0.0034666722482649273,0.037899801654029494,0.007715202230239701,0.008135310938141687,0.009692766518912965,35,5
descent_to_grasp,25,40,38.0259211041447,39.75159103910751,45.46832671121878,0.12490227126080566,0.12971751689385722,0.1402907522120572,0.38447778697046225,0.33587582551412315,0.7445437586822988,0.579435173729637,0.5607913786964367,0.8858685278453092,0.004033970233077881,0.003471032693221663,0.007930104615505362,0.002402030530647056,0.0011578848114475876,0.00563638066266862,0.5245957329869271,0.49676403403282166,0.8589899420738221,0.0033876362949338975,0.0015238368389616785,0.011315756787562121,0.010683066007942927,0.0033474922046389114,0.041500860809034264,0.007967415389870834,0.008449379012527607,0.009889658154171635,35,5
descent_to_grasp,26,40,38.87989915399774,40.6003743397321,45.802040060135695,0.1278255485392891,0.13220893193493738,0.1403442806125014,0.3848944025005836,0.3355275396374937,0.7451599658009325,0.5798762137805784,0.5607913786950746,0.8858685278453092,0.004033970294745081,0.0034710322682078264,0.007930104476125173,0.0024020303059877493,0.0011578873710970839,0.005636380270530352,0.5245957329869271,0.49676403403282166,0.8589899420738221,0.0029710207648125926,0.0012542476523399737,0.008544399886043351,0.009128316531761887,0.0028667241919243,0.03872040309294212,0.0083293549328583,0.008778879536450594,0.009897289485752952,33,7
descent_to_grasp,27,40,39.0145607819553,40.22820520104345,45.432716982906975,0.12839051768966647,0.13299089505348094,0.14225925811300397,0.3849585594598596,0.3350760634650193,0.7451771180889297,0.5800302126114705,0.5607913786950746,0.8858685278453092,0.004033970294745081,0.0034710322682078264,0.007930104476125173,0.0024020303059877493,0.0011578873710970839,0.005636380270530352,0.5245957329869271,0.49676403403282166,0.8589899420738221,0.002906863805536632,0.0012034005858535535,0.007588493951564058,0.008674222007975919,0.0028325420961887713,0.03563939551961427,0.00838767093834332,0.008882793526877247,0.010171048579331819,33,7
descent_to_grasp,28,40,38.325546948090526,40.005477289623904,44.45214424445494,0.12620122081911353,0.1291569247843855,0.14191790913863847,0.38560641415182334,0.34028010124953934,0.7456527805131216,0.5804002139243604,0.5417402649591474,0.8858685278453092,0.004033970294745081,0.0034710322682078264,0.007930104476125173,0.0024020303059877493,0.0011578873710970839,0.005636380270530352,0.5245957329869271,0.49676403403282166,0.8589899420738221,0.0022590091135728605,0.0010303153035030876,0.006218036740953113,0.0072584176920105405,0.00237022693452096,0.025619539577604794,0.00809391212362383,0.008375833460870728,0.010121571333062344,33,7
descent_to_grasp,29,40,37.51181896715249,38.86749012502228,43.46739998830003,0.12363750799880142,0.12459417270117631,0.14044475143239782,0.3857009306560451,0.3424024196271007,0.745842399106903,0.5808187118197722,0.5430293087414068,0.8858685278453092,0.004033970294745081,0.0034710322682078264,0.007930104476125173,0.0024020303059877493,0.0011578873710970839,0.005636380270530352,0.5245957329869271,0.49676403403282166,0.8589899420738221,0.0021644926093511577,0.0009966696021601884,0.006682684049137926,0.007216423483670603,0.0023999503087525926,0.021398613271477396,0.007752479091634755,0.0077922132849285956,0.009911495123124456,33,7
descent_to_grasp,30,40,37.346581900865814,38.436602170265616,43.41223125103955,0.12326275380812332,0.12347225966578088,0.1399694129046228,0.3859346193640829,0.3431261445186625,0.7459100809170816,0.580961983053081,0.544651206794738,0.8858685278453092,0.004033970294745081,0.0034710322682078264,0.007930104476125173,0.0024020303059877493,0.0011578873710970839,0.005636380270530352,0.5245957329869271,0.49676403403282166,0.8589899420738221,0.0019308039013132862,0.0010016663376023194,0.005236750592760034,0.006263773602764515,0.0021349285276095597,0.0191015939832254,0.0077053997144092,0.007651997808185505,0.009844173760991726,33,7
descent_to_grasp,31,40,37.479297611721584,38.21199815113063,44.48558428441352,0.12375193999207859,0.12319767492217884,0.14148982872815774,0.3857577884459499,0.3415477809368105,0.7460944295927007,0.5804966382716403,0.5417402649482912,0.8858685278453092,0.004033970294745081,0.0034710322682078264,0.007930104476125173,0.0024020303059877493,0.0011578873710970839,0.005636380270530352,0.5245957329869271,0.49676403403282166,0.8589899420738221,0.002107634819446333,0.000999246693942718,0.005874939656957937,0.006984023700501124,0.0022870578840086,0.024097285604677204,0.007785535068987137,0.007620913385102478,0.010060317806473379,33,7
descent_to_grasp,32,40,38.130200535566935,38.51288636439584,46.21543770301181,0.12577298993783476,0.12347377613607023,0.14542082152545951,0.385804598281401,0.3418009409438057,0.7461938892749316,0.5805437188871722,0.5419534278957303,0.8858685278413398,0.004033970233077881,0.003471032693221663,0.007930104615505362,0.002402030530647056,0.0011578848114475876,0.00563638066266862,0.5245957329869271,0.49676403403282166,0.8589899420738221,0.0020608249839951893,0.0009672912464432359,0.00578186443588806,0.006860362087578359,0.002342177906959891,0.023566753544678055,0.00803795029654306,0.007652273924881888,0.010630329504629409,33,7
descent_to_grasp,33,40,39.38697879633416,39.619118384361116,47.26835038785355,0.1299299474353594,0.1293723272352344,0.14792027077367143,0.38647887878051346,0.3438801266476236,0.7466898649436816,0.5811061924643864,0.5463971352270109,0.8858685278453092,0.004033970294745081,0.0034710322682078264,0.007930104476125173,0.0024020303059877493,0.0011578873710970839,0.005636380270530352,0.5245957329869271,0.49676403403282166,0.8589899420738221,0.001386544484882737,0.0006376998996769079,0.0028834921568849873,0.004290781279531652,0.0018932171304078173,0.014793202814963817,0.00856361596151955,0.008404411779353122,0.011000725261591663,31,9
descent_to_grasp,34,40,40.387803888602505,40.335989379236594,47.894538718469754,0.13341844488571603,0.1337762322353496,0.15227927305390265,0.38662519589537314,0.3448979703929921,0.7467613569692306,0.5813677443839879,0.5476528785770336,0.8858685278453092,0.004033970294745081,0.0034710322682078264,0.007930104476125173,0.0024020303059877493,0.0011578873710970839,0.005636380270530352,0.5245957329869271,0.49676403403282166,0.8589899420738221,0.001240227370023015,0.0005807191353096042,0.0029814218118296384,0.003645770642112321,0.0019648923346554173,0.00933610024482943,0.009030469466929479,0.008988701333768376,0.011662525949670929,30,10
grasp_close,0,50,108.65846882831639,109.69786774553168,112.73177629360917,0.38661364444985724,0.3931486140723498,0.4386128765156804,0.0038211167945378815,0.0030947664277233096,0.0059218767607066534,0.009323074687423287,0.006723553606570701,0.015945156538640738,0.002942698321864469,0.0028940285261370735,0.003958285880516851,0.0002222296003557461,0.00019704584288368285,0.00043307115945212456,0.0066268515586853025,0.0021827518939971924,0.015269881486892704,0.0006400848726853627,0.0003049801086781891,0.001493215638328724,0.10313618334733865,0.08744949711412986,0.20570534415439806,0.07844017990445973,0.08052509085007534,0.10132392639934125,48,2
grasp_close,1,50,78.5486146998955,76.54579464568485,90.38802405710244,0.2780411220399862,0.2703734101863932,0.31921493081604974,0.003881526901890356,0.0033533861828837514,0.0062126462981993945,0.009151666334089455,0.006820825190724815,0.01722714644177951,0.0032688538262239763,0.0030939540258661316,0.004306830634193245,0.00040972960151223174,0.00039708880652571707,0.0008615868641272599,0.006890691518783569,0.0036655664443969727,0.01660146713256836,0.0005796747653328881,0.00020828549780663131,0.0011860475153569485,0.06654059962220842,0.058607701014559616,0.16982065171279806,0.039892993674210404,0.037244469821852075,0.052317666178971906,32,18
grasp_close,2,50,51.653500452905774,51.03776523347085,56.81997480795377,0.18292744601065444,0.18131938666718317,0.19480105543325657,0.004028913671850685,0.0034148609257679406,0.006109464819288182,0.009693249872047444,0.006820825190724815,0.017562144492444153,0.0035949368790410123,0.0032533038039863345,0.004710816523362094,0.00044794470457211515,0.0004610429783226226,0.0009144323268897764,0.007398643493652344,0.0038660764694213867,0.01696431040763855,0.00043228799537255934,0.00010127749508241786,0.0010486995908519298,0.03984939611868683,0.0273563318695101,0.14792942979141133,0.016915763773479177,0.016575750703912068,0.019157233867908557,32,18
grasp_close,3,50,51.605098772607896,49.70454212802316,56.788871201467146,0.18299376134147244,0.18045654121844928,0.19550868602907018,0.0038394388981140386,0.0033802068951421568,0.006321791306280159,0.008880635306608464,0.006637480427538998,0.01684335404101046,0.003585307827750901,0.00336796803742373,0.00463219851193181,0.0004139126956644741,0.0004366750140337572,0.0008794287223566844,0.006369775533676148,0.00359460711479187,0.01616443991661072,0.0006217627691092059,0.00010012638363860512,0.0012774118410547885,0.06499762850662658,0.029670123447745195,0.21753457190972328,0.016937595915835164,0.016417056224302385,0.019298056977259906,32,18
grasp_close,4,50,48.909048571374896,48.581187112929385,53.42581964145768,0.17330732504739144,0.17433085190116981,0.18347008430165004,0.004173749149025964,0.0034193272455469628,0.006568886374337412,0.010328599414613292,0.006820825190724815,0.019218741186358777,0.003563813434809461,0.003326218572772271,0.004652188509462373,0.0003976207136422246,0.00040737321724621986,0.0008777764390693079,0.008288131952285767,0.003921627998352051,0.018650078773498537,0.0002874525181972798,4.714237780593304e-05,0.0007048604979040629,0.02095744204392795,0.012215497059242936,0.12180993395484449,0.015171736827658494,0.0153128690729468,0.01697470661152842,29,21
grasp_close,5,50,47.852045322720876,47.719181823740925,50.41257793857808,0.169744671532839,0.16928307386816016,0.17651939557901344,0.004413362556154173,0.003451297112078018,0.007163205388349848,0.011474972539628205,0.006820825190724815,0.022091208628823744,0.003122834685630888,0.0028175855953995457,0.004206277578264288,0.00042237301802997376,0.0004201177440550784,0.0008853869085324674,0.009873509407043457,0.004641532897949219,0.021584367752075197,4.7839111069071496e-05,-0.0001241580670812456,0.0003068904747685522,-0.010229022503610536,-0.040327090493256224,0.10940572716394582,0.014529109263829642,0.014432530808084636,0.015703003830552998,19,31
grasp_close,6,50,31.884962592984913,31.97000645760808,33.46421336709248,0.1133166827441675,0.11458831105292881,0.12733986480009984,0.004340481333634962,0.0034177778046175123,0.006938331157535151,0.011175698123490469,0.006820825190724815,0.020930154171478064,0.0034393473645776933,0.0032305958301066533,0.004511358131824026,0.000400997079711047,0.00039673091060681215,0.0008919157575330043,0.00925709843635559,0.004132449626922607,0.020327365398406985,0.00012072033358828174,-8.896250946372722e-05,0.0003172816929589671,0.0010340292027599105,-0.029355551113259406,0.10427834614279911,0.006509109499854802,0.00658694358008272,0.008140858894831774,19,31
grasp_close,7,50,32.910149969591586,32.521081566638586,34.903529766628964,0.11691395916743963,0.11781856166340207,0.13102353024359495,0.004460172253346944,0.003417852216806648,0.007336759930683381,0.011891675638754054,0.006545383412213997,0.02351198695810732,0.0037678090088451815,0.0035069352417548723,0.004948663291099646,0.00043945902145937357,0.0004438537522268582,0.0008945195140898594,0.009932669401168824,0.004113435745239258,0.022980064153671268,1.0294138762995424e-06,-2.202299938647962e-05,0.00022491111441320688,-0.0008026251187694032,-0.006154017279741684,0.06754301524373615,0.006926140623588921,0.006964925500536491,0.008621178564231028,19,31
grasp_close,8,50,41.40863398742259,41.13493474722304,45.254783775380524,0.14692619234899154,0.14684308965563764,0.16169420219269862,0.004431710184644946,0.0033831151564575456,0.007350114443963932,0.011832891719667633,0.0063868756649171025,0.023511986835391793,0.0037678090129450088,0.0035069355687405443,0.004948665795717057,0.00043945904043978396,0.00044385230844223834,0.0008945201562688413,0.009932669401168824,0.004113435745239258,0.022980064153671268,2.9491482578297702e-05,8.142243706014832e-06,0.0002381540372098926,0.0077041039312692496,0.0023037593246882293,0.0789843152684783,0.010930011384105907,0.010840201481372805,0.013159095466365237,28,22
grasp_close,9,50,59.06410997531204,58.825503278785256,65.33188748843654,0.20927037725452316,0.21381683350551006,0.22666823379378626,0.004386486599269777,0.0033433723514709503,0.007282013273887102,0.01177076912860847,0.006177132650988586,0.023511986835391793,0.0037678090129450088,0.0035069355687405443,0.004948665795717057,0.00043945904043978396,0.00044385230844223834,0.0008945201562688413,0.009932669401168824,0.004113435745239258,0.022980064153671268,7.471506795346712e-05,5.258510624556439e-05,0.0002889519291713257,0.019138750882220164,0.01454555807094494,0.08332531465724628,0.022267149524944862,0.023126232146194883,0.026027977394852103,34,16
grasp_close,10,50,73.41545941656683,75.37835533531523,79.20311079802298,0.2599516311065219,0.259598366956197,0.2736941346932626,0.00429559297877895,0.003226139740925606,0.0071318157763760655,0.011693072287348108,0.00600649928589399,0.023511986835391793,0.0037678090129450088,0.0035069355687405443,0.004948665795717057,0.00043945904043978396,0.00044385230844223834,0.0008945201562688413,0.009932669401168824,0.004113435745239258,0.022980064153671268,0.00016560868844429485,0.0001596311046216498,0.0003619166411533381,0.04411671839412575,0.03213590024607563,0.11931113066701111,0.03443666726793828,0.0342833704357275,0.038183218830196514,46,4
grasp_close,11,50,72.11920295532663,75.34171492176529,83.39280435094823,0.25458048841603015,0.2623776661387238,0.28262468217507664,0.004298270465947159,0.0032434079773499343,0.007101929899643333,0.011695298357015261,0.005990921788781513,0.023511986835391793,0.0037678090129450088,0.0035069355687405443,0.004948665795717057,0.00043945904043978396,0.00044385230844223834,0.0008945201562688413,0.009932669401168824,0.004113435745239258,0.022980064153671268,0.00016293120127608494,0.0001790664632621531,0.00034369028485767164,0.04021438800126632,0.036492032007588694,0.10515986176487357,0.03321171421129148,0.03503473743327547,0.0407695045324237,45,5
grasp_close,12,50,65.96851041524386,67.19065327706,74.08440768582206,0.2331062235566844,0.234806178107146,0.24889122373109016,0.004324749138479117,0.0032491222031518366,0.007116614168885153,0.011741770182954303,0.006010026843679573,0.023511986835391793,0.0037678090129450088,0.0035069355687405443,0.004948665795717057,0.00043945904043978396,0.00044385230844223834,0.0008945201562688413,0.009932669401168824,0.004113435745239258,0.022980064153671268,0.0001364525287441273,0.00013563260950238574,0.00032857751579851505,0.03269005471290103,0.02350780066962182,0.0942068352594962,0.02771920857218341,0.027957838531641716,0.03147117702243228,42,8
grasp_close,13,50,53.48318294839454,52.16338453829703,60.83796979192273,0.1890799318269392,0.18517827587734004,0.2083195297820412,0.004394038788937095,0.0033381053063117473,0.007240871737219574,0.011794359923531658,0.006154695752890153,0.023511986835391793,0.0037678090129450088,0.0035069355687405443,0.004948665795717057,0.00043945904043978396,0.00044385230844223834,0.0008945201562688413,0.009932669401168824,0.004113435745239258,0.022980064153671268,6.71628782861495e-05,4.68308070639095e-05,0.00026298744104802916,0.01502383116194918,0.010716754365565382,0.07061835598633631,0.01813499278695036,0.0172950888805143,0.021939233554535857,30,20
grasp_close,14,50,44.32173942739497,42.50068041931691,51.46512237609593,0.1567752382540205,0.15321182347851747,0.17768372780662056,0.004474891742949108,0.0034230560011734943,0.007417661267290013,0.01204200967988774,0.006820824879201314,0.02351198695810732,0.0037678090088451815,0.0035069352417548723,0.004948663291099646,0.00043945902145937357,0.0004438537522268582,0.0008945195140898594,0.009932669401168824,0.004113435745239258,0.022980064153671268,-1.3690075725864914e-05,-4.0945005421998484e-05,0.00019719571958943367,-0.006235088992318018,-0.010615062536670331,0.04347189009437845,0.01244640092323193,0.01180663231080429,0.015912493753486197,21,29
grasp_close,15,50,40.79329877220473,40.190383849373774,45.65850905370342,0.14429996487122465,0.14129952189238137,0.15703347869648823,0.004471433310125136,0.0034150863171390766,0.007367359539000526,0.012042009621159809,0.006820825190724815,0.023511986835391793,0.0037678090129450088,0.0035069355687405443,0.004948665795717057,0.00043945904043978396,0.00044385230844223834,0.0008945201562688413,0.009932669401168824,0.004113435745239258,0.022980064153671268,-1.0231642901892034e-05,-4.7240171670763585e-05,0.00023798923110922437,-0.004311230658047651,-0.008709962521043297,0.0591786041189514,0.010506392056975402,0.010033109233938423,0.012406780609503792,20,30
grasp_close,16,50,41.01761520521868,40.682194242981126,45.41190357818401,0.14504811904839765,0.14294229274957904,0.15215651188485246,0.004482967597195442,0.003429608895141668,0.007388916076109364,0.012042009621159809,0.006820825190724815,0.023511986835391793,0.0037678090129450088,0.0035069355687405443,0.004948665795717057,0.00043945904043978396,0.00044385230844223834,0.0008945201562688413,0.009932669401168824,0.004113435745239258,0.022980064153671268,-2.1765929972198058e-05,-4.973569665319929e-05,0.00023608315793660113,-0.006809313044673974,-0.013326283941123767,0.05427570688723335,0.010605648788280839,0.010268978268816134,0.011643654246271163,17,33
grasp_close,17,50,41.411303461222595,41.69985488288263,46.1654768047493,0.14643278509455973,0.14661988443954718,0.15568920003667316,0.004478450891565829,0.0034174201987833253,0.007379943448506728,0.012042009621159809,0.006820825190724815,0.023511986835391793,0.0037678090129450088,0.0035069355687405443,0.004948665795717057,0.00043945904043978396,0.00044385230844223834,0.0008945201562688413,0.009932669401168824,0.004113435745239258,0.022980064153671268,-1.724922434258486e-05,-4.7563233249076986e-05,0.00024410430182021203,-0.005614988400499399,-0.011009446927519376,0.05151017972953327,0.010815144050942287,0.010807177294003968,0.012193964596680942,18,32
grasp_close,18,50,40.71085536022284,40.71025594816628,45.36780571403719,0.14402694908331826,0.14261747221773496,0.15564231275062893,0.004475116130683347,0.0034096863976965062,0.007376690057101131,0.012042009621159809,0.006820825190724815,0.023511986835391793,0.0037678090129450088,0.0035069355687405443,0.004948665795717057,0.00043945904043978396,0.00044385230844223834,0.0008945201562688413,0.009932669401168824,0.004113435745239258,0.022980064153671268,-1.3914463460104315e-05,-4.3629575161669484e-05,0.00023011494369225052,-0.005319705143050524,-0.010340035937123867,0.044479710651132064,0.010466067328922146,0.010222231261376953,0.012186535107458499,19,31
grasp_close,19,50,38.552728119832636,37.8832026694203,42.80835259297013,0.1365681342722541,0.13759611164158675,0.14628830004637572,0.0044776691710534736,0.003429763748307413,0.0073732126387175655,0.012042009621159809,0.006820825190724815,0.023511986835391793,0.0037678090129450088,0.0035069355687405443,0.004948665795717057,0.00043945904043978396,0.00044385230844223834,0.0008945201562688413,0.009932669401168824,0.004113435745239258,0.022980064153671268,-1.646750383022963e-05,-5.396748619601252e-05,0.0002477055711422119,-0.004813062874426317,-0.013902132362017646,0.05285623211723011,0.009397255213865419,0.009511580399720995,0.01075800853706411,17,33
grasp_close,20,50,35.77212035650787,35.65344497023902,38.771386510425245,0.12683117013382497,0.12785097660996725,0.1335727187198862,0.004481859527480042,0.003438516157198925,0.007401965996658889,0.012042009621159809,0.006820825190724815,0.023511986835391793,0.0037678090129450088,0.0035069355687405443,0.004948665795717057,0.00043945904043978396,0.00044385230844223834,0.0008945201562688413,0.009932669401168824,0.004113435745239258,0.022980064153671268,-2.0657860256798107e-05,-6.17101086608108e-05,0.00024246250035884145,-0.0051861742225683,-0.01636999124304544,0.057905268803475456,0.00809729271217615,0.008206610579887499,0.008960986200003265,17,33
grasp_close,21,50,33.60163647012412,33.235936400545384,36.78720340975899,0.11917077631407735,0.11887946805245216,0.12739448293121325,0.004495817562039104,0.003441963869467121,0.007389531774519234,0.012042009805593857,0.006820824879201314,0.023511986835391793,0.0037678090129450088,0.0035069355687405443,0.004948665795717057,0.00043945904043978396,0.00044385230844223834,0.0008945201562688413,0.009932669401168824,0.004113435745239258,0.022980064153671268,-3.461589481585936e-05,-6.535917977929222e-05,0.00022667157862495306,-0.009335494847407583,-0.01681309716378935,0.051504004948762686,0.007145194621804192,0.007091307767868959,0.008147871345852934,16,34
grasp_close,22,50,32.42044840396226,32.261964577412186,35.913204047673986,0.11483607504932523,0.11489981870171609,0.1252770670031628,0.0045036003004287825,0.0034377309243199556,0.007395781985440721,0.012042009621159809,0.006820825190724815,0.023511986835391793,0.0037678090129450088,0.0035069355687405443,0.004948665795717057,0.00043945904043978396,0.00044385230844223834,0.0008945201562688413,0.009932669401168824,0.004113435745239258,0.022980064153671268,-4.239863320553861e-05,-9.017369648899943e-05,0.0002179544714783403,-0.011202510827170761,-0.02496179311152852,0.052955519698536964,0.00663709883750449,0.006622915695331094,0.007878205310585485,15,35
grasp_close,23,50,32.427522515518405,33.00912508754887,36.45701265187231,0.11474628427897995,0.11683106068724136,0.1272037499682367,0.004502425603096953,0.0034425870551246687,0.007386739453229665,0.012042009621159809,0.006820825190724815,0.023511986835391793,0.0037678090129450088,0.0035069355687405443,0.004948665795717057,0.00043945904043978396,0.00044385230844223834,0.0008945201562688413,0.009932669401168824,0.004113435745239258,0.022980064153671268,-4.1223935873708535e-05,-7.819538066098004e-05,0.0002065039728949279,-0.011617113391444576,-0.022154663073239326,0.05295279240200648,0.006638677598040413,0.006848198810069707,0.00812339175742325,16,34
grasp_close,24,50,33.09609046113076,34.26668701160932,37.02573684703833,0.11705197868274254,0.12099160179376289,0.12950701613343366,0.00450827535329097,0.003426291445026223,0.0073703316158939955,0.012042009621159809,0.006820825190724815,0.023511986835391793,0.0037678090129450088,0.0035069355687405443,0.004948665795717057,0.00043945904043978396,0.00044385230844223834,0.0008945201562688413,0.009932669401168824,0.004113435745239258,0.022980064153671268,-4.70736860677258e-05,-9.176608161790803e-05,0.00018216443611533678,-0.01467937121928449,-0.025380477832655478,0.04740535193718613,0.006919002018187157,0.007346470429452991,0.008421496764585422,16,34
grasp_close,25,50,33.678990475548936,35.167460648402596,37.29376932656756,0.11909151975544646,0.12406982110272846,0.13011047462162803,0.004497588792741817,0.0034126133599074364,0.007386626810568,0.012042009495453693,0.006820825190724815,0.02351198695810732,0.0037678090088451815,0.0035069352417548723,0.004948663291099646,0.00043945902145937357,0.0004438537522268582,0.0008945195140898594,0.009932669401168824,0.004113435745239258,0.022980064153671268,-3.6387125518574086e-05,-8.339278643786584e-05,0.00016848456080538466,-0.011030450001189145,-0.019594336302399522,0.0462452835603954,0.007161071795179104,0.007726596124912064,0.008500507097133788,18,32
grasp_close,26,50,33.96378244517479,34.97279708498996,37.33800153863075,0.12015366357189242,0.12354417968190276,0.1299306058899686,0.004494528859138967,0.0034320989599082715,0.007416679692654995,0.012042009621159809,0.006820825190724815,0.023511986835391793,0.0037678090129450088,0.0035069355687405443,0.004948665795717057,0.00043945904043978396,0.00044385230844223834,0.0008945201562688413,0.009932669401168824,0.004113435745239258,0.022980064153671268,-3.332719191572302e-05,-6.644280752796648e-05,0.00021818673951429232,-0.008652432494291396,-0.017740324117298173,0.05165121357775062,0.007274532897313125,0.0076609274293133215,0.008476911064868708,17,33
grasp_close,27,50,33.90002322701136,34.40916979887273,37.394834628375015,0.12002562958451253,0.11951312177160195,0.1299613342233547,0.004497332458435793,0.003447913329037191,0.007421992925420073,0.012042009621159809,0.006820825190724815,0.023511986835391793,0.0037678090129450088,0.0035069355687405443,0.004948665795717057,0.00043945904043978396,0.00044385230844223834,0.0008945201562688413,0.009932669401168824,0.004113435745239258,0.022980064153671268,-3.613079121254983e-05,-5.970903895502781e-05,0.00023430782534134725,-0.008388012645862801,-0.01768381510956262,0.057821810153832295,0.007251621892398268,0.007167481721117483,0.008481010132663235,17,33
grasp_close,28,50,33.14046485147952,32.99914656407609,36.86347820247931,0.11739046471073697,0.1149659209452969,0.12932118660657244,0.004495595690312063,0.0034531028213759243,0.007423028471700486,0.012042009621159809,0.006820825190724815,0.023511986835391793,0.0037678090129450088,0.0035069355687405443,0.004948665795717057,0.00043945904043978396,0.00044385230844223834,0.0008945201562688413,0.009932669401168824,0.004113435745239258,0.022980064153671268,-3.439402308881865e-05,-5.8153302119327735e-05,0.0002503472893689462,-0.006944574940808004,-0.01817830537923057,0.06187581009966203,0.006939026959683241,0.006630576732330751,0.008397281467131019,17,33
grasp_close,29,50,31.89257009387731,31.65258243027944,35.101373160255825,0.11296651972966405,0.11135457873218751,0.12392118388029673,0.004514951067411959,0.0034599363870601845,0.0074088181162028045,0.012042009621159809,0.006820825190724815,0.023511986835391793,0.0037678090129450088,0.0035069355687405443,0.004948665795717057,0.00043945904043978396,0.00044385230844223834,0.0008945201562688413,0.009932669401168824,0.004113435745239258,0.022980064153671268,-5.3749400188714926e-05,-8.28275536580885e-05,0.0002266388250449709,-0.0127514770553529,-0.025290528537380112,0.059469397289859116,0.006421107923160628,0.006219267622381758,0.007707937031485178,16,34
grasp_close,30,50,30.70771171881125,30.755309675486924,33.36079062604916,0.10874821129320619,0.10738538390863617,0.11725154529389265,0.004519690281062794,0.0034781305176779173,0.00743144995495013,0.012042009621159809,0.006820825190724815,0.023511986835391793,0.0037678090129450088,0.0035069355687405443,0.004948665795717057,0.00043945904043978396,0.00044385230844223834,0.0008945201562688413,0.009932669401168824,0.004113435745239258,0.022980064153671268,-5.848861383955105e-05,-8.740485363955587e-05,0.00022368278892305937,-0.014743350754042397,-0.025324548866405817,0.056311135940818706,0.005944330341385207,0.005782530198780065,0.006897758267776221,16,34
grasp_close,31,50,30.291065441822315,30.968041934891907,32.62031827503208,0.10725847933211634,0.10597836642342812,0.11318791642815718,0.004530363345617055,0.003482488132943838,0.007424657810313699,0.012042009621159809,0.006820825190724815,0.023511986835391793,0.0037678090129450088,0.0035069355687405443,0.004948665795717057,0.00043945904043978396,0.00044385230844223834,0.0008945201562688413,0.009932669401168824,0.004113435745239258,0.022980064153671268,-6.916167839381032e-05,-0.0001072030968441314,0.00019525070487569362,-0.01896380224118231,-0.02766536109342421,0.04965972891535434,0.005782432242510389,0.005631564401020821,0.0064264059037358835,15,35
grasp_close,32,50,30.893562066660525,32.010776444756615,33.37537802063821,0.10938697231034582,0.11032813094046137,0.11780690320702705,0.0045208152938313725,0.0034580645602126487,0.007414623570100483,0.01204200967988774,0.006820824879201314,0.02351198695810732,0.0037678090088451815,0.0035069352417548723,0.004948663291099646,0.00043945902145937357,0.0004438537522268582,0.0008945195140898594,0.009932669401168824,0.004113435745239258,0.022980064153671268,-5.961362660812826e-05,-9.40703638760336e-05,0.00018945653167436936,-0.016593993577466843,-0.023862966399084307,0.046528245205795266,0.006019899101808098,0.006104784185471121,0.006963506226672479,16,34
grasp_close,33,50,31.726737912259917,32.770230051770895,34.1684669763041,0.11237955331965795,0.11232623531693256,0.11925242257515303,0.004482697262600087,0.0034187249619817947,0.007413658446720794,0.012042009621159809,0.006820825190724815,0.023511986835391793,0.0037678090129450088,0.0035069355687405443,0.004948665795717057,0.00043945904043978396,0.00044385230844223834,0.0008945201562688413,0.009932669401168824,0.004113435745239258,0.022980064153671268,-2.149559537684285e-05,-4.4483044668875696e-05,0.0002348118982883167,-0.004319264175494691,-0.015276774803507275,0.056298062892213965,0.006351636335665246,0.006328617766962279,0.007136035855846015,17,33
grasp_close,34,50,31.964754226691706,32.57712565626933,33.94038278004631,0.11329616976704704,0.11488270220869728,0.11847223498611646,0.004481473623671076,0.0034175189563764134,0.007418863633681531,0.012042009621159809,0.006820825190724815,0.023511986835391793,0.0037678090129450088,0.0035069355687405443,0.004948665795717057,0.00043945904043978396,0.00044385230844223834,0.0008945201562688413,0.009932669401168824,0.004113435745239258,0.022980064153671268,-2.0271956447832565e-05,-4.3102003035865337e-05,0.00023164160952963733,-0.00371056015702524,-0.013205772148840951,0.059236551544981746,0.006454790017978344,0.006620937990316248,0.007042651838212035,18,32
hold,0,10,72.62691774366189,74.35475745146448,79.0365788740797,0.27798305999359935,0.28003947070760704,0.33761869260949773,0.6598803181309052,0.7059508932922289,0.7497137639767758,0.8520803329449285,0.882234395804794,0.915480649532397,0.004084279717946686,0.004284157207447658,0.004654665568363865,0.013154010858807418,0.013525418252160158,0.015359508609307035,0.2905958637595177,0.2952425479888916,0.3947329193353653,0.025430265349816395,0.028850997599481898,0.03159410151110724,0.035728788147021455,0.03834909140575264,0.042361218839475565,0.04022085411060876,0.04002118733562389,0.05871848294205857,10,0
hold,1,10,69.22338637990455,69.01755618096632,76.20890441530553,0.2659402156088674,0.2703221560283525,0.3200996616819943,0.6532732318489872,0.7001693963361865,0.7419809591776572,0.8520803329449285,0.882234395804794,0.915480649532397,0.0037598889730943138,0.0041290192910891825,0.004414806929859781,0.013355387474947031,0.014349484331970627,0.015575854786104126,0.2575156629085541,0.2709628790616989,0.3614285498857498,0.0320373516317344,0.0350811554354411,0.04045303025962027,0.04567787402695113,0.0461764399859544,0.05586353818666944,0.03686833669519331,0.037231122716212206,0.05262017572949338,10,0
hold,2,10,60.52701434768081,62.55151215365238,67.82019297695234,0.2307970572879639,0.23779790786947697,0.2526746452552829,0.6633936630505471,0.7121890008630773,0.7506155102020625,0.8520803329449285,0.882234395804794,0.915480649532397,0.003616611265311421,0.003925898117861278,0.004265943920649215,0.01287923271322095,0.013629385908665971,0.015311011186478613,0.30820605158805847,0.3199528604745865,0.40028234720230105,0.02191692043017444,0.025683407681998283,0.027984824757558025,0.030657523822765244,0.03320639436335071,0.03659284721986728,0.02732171834488827,0.02868633825873707,0.03245233059576321,10,0
hold,3,10,70.80030455022535,70.60279129077281,76.54684328023069,0.27031078313035406,0.2840584004961575,0.29295563035319555,0.6544122987420613,0.7052884013296564,0.7401865226473138,0.8520803329449285,0.882234395804794,0.915480649532397,0.003942676326891284,0.004231580359673271,0.004522846071611714,0.012931357703730658,0.01376003082108016,0.014714067794479204,0.26323260813951493,0.27547046542167664,0.34917775392532346,0.03089828473866032,0.03561115057241693,0.03923622828835447,0.04383232644857622,0.04603987181418169,0.05418367321487036,0.03762324112738908,0.04119392461356898,0.04387531940185563,10,0
hold,4,10,68.54158544945317,65.0046761966337,85.12516537973667,0.2625605674961171,0.2593479211726538,0.33100807263620124,0.6506812566529133,0.6969285314630522,0.7380406344938747,0.8520803329449285,0.882234395804794,0.915480649532397,0.0032744372194744376,0.003379122081101241,0.003870787409710409,0.011017349848012972,0.01165497927370076,0.012591487717962582,0.24466400891542434,0.27332212030887604,0.3376320034265518,0.03462932682780825,0.037181216090878544,0.04692525824723327,0.04916796229743546,0.049440670803179064,0.0648015438002937,0.036179862717235875,0.03421754786749891,0.05637224046431134,10,0
hold,5,10,46.54312458550233,48.3417095054548,50.197721507895466,0.1774444958798031,0.1836669998506632,0.19230330457042766,0.66001165988664,0.708301810931043,0.7490248651197479,0.8520803329449285,0.882234395804794,0.915480649532397,0.003783882598288204,0.004165675313825699,0.004433357190162247,0.012898413639190726,0.013592332423545607,0.015555062239261432,0.291262586414814,0.3004348576068878,0.3925303965806961,0.025298923594081563,0.027161358257856094,0.03048357023170901,0.03654171424566417,0.03617215843378534,0.039812503007021376,0.016032272356615033,0.017011506750637395,0.018664486955689327,10,0
hold,6,10,21.286150568240156,20.85338840902424,23.156048555759657,0.08112706771691222,0.08185218415603074,0.08919572106545029,0.6693318053432166,0.7188768641688481,0.7581386830870182,0.8520803329504938,0.8822343958157418,0.9154806495398544,0.003926701175486065,0.0042146305514924876,0.0045611303859312636,0.01346058797587062,0.01416380176111199,0.01588456317209273,0.3378899246454239,0.34483665227890015,0.4466921538114548,0.015978778137504944,0.015981272174824757,0.021584719971640774,0.02290825355513006,0.021870547983893276,0.027968232450490873,0.0033187020115891274,0.0033559169821580056,0.003986126081436781,10,0
hold,7,10,18.590370040224663,19.02043231428061,20.4779305572703,0.07094453998842039,0.07356062477308431,0.07911562060676341,0.6689210238090438,0.7184857315125224,0.7579560067831606,0.8520803329449285,0.882234395804794,0.915480649532397,0.004472989224139284,0.004798626687849925,0.0051492058791109355,0.014948256013210984,0.015769126313365984,0.01749727553612036,0.4165211617946625,0.453702911734581,0.5338240265846252,0.01638955967167772,0.015936412254560828,0.0191332933986879,0.024448473097344554,0.023580969919280204,0.029481309301888112,0.0025457768285922023,0.002709339235019802,0.0031345538923461345,10,0
hold,8,10,25.740900105628924,25.45094255897129,28.553636262561795,0.09820350100903211,0.0984245240196808,0.11243071142272024,0.6611028865374363,0.7078865232991214,0.7501965645698473,0.8520803329449285,0.882234395804794,0.915480649532397,0.004472988557594789,0.004798627222425377,0.0051492037604986655,0.014948254777370818,0.015769125132002522,0.017497276620792233,0.4165211617946625,0.453702911734581,0.5338240265846252,0.024207696943285166,0.026252295416064997,0.02765634735720085,0.03561974245380027,0.035708309819058426,0.038137613426988876,0.004886794904988249,0.0048555257701961355,0.006340433277902711,10,0
hold,9,10,46.540349516863145,44.582623934495814,54.57840341100492,0.17592926602124878,0.1724123983012443,0.19482904424205766,0.6495095645856662,0.6967868774921899,0.739643228657444,0.8520803329449285,0.882234395804794,0.915480649532397,0.004472988557594789,0.004798627222425377,0.0051492037604986655,0.014948254777370818,0.015769125132002522,0.017497276620792233,0.4165211617946625,0.453702911734581,0.5338240265846252,0.035801018895055284,0.03710954371254077,0.05109099995281423,0.05108784517173193,0.04966711986271478,0.06620146932764841,0.01566631786543258,0.01497519848602516,0.01916293616584729,10,0
hold,10,10,58.9203250680492,61.83311697626122,72.04779744358663,0.222653683561217,0.21266322524160974,0.28015505595316603,0.6491463650605196,0.7055556163523327,0.73928840436826,0.8520803329449285,0.882234395804794,0.915480649532397,0.004472988557594789,0.004798627222425377,0.0051492037604986655,0.014948254777370818,0.015769125132002522,0.017497276620792233,0.4165211617946625,0.453702911734581,0.5338240265846252,0.036164218420201975,0.03862482643644194,0.04972699294173192,0.05162020192043004,0.049579326726826425,0.06659029739083143,0.02563661689790253,0.022875938448947537,0.040045687613339466,10,0
hold,11,10,51.94548865822437,50.63319789461286,71.18358826479417,0.1938698258304426,0.19440136741464156,0.21211649429720816,0.6527130039496848,0.7061996579531721,0.7420650913285082,0.8520803329449285,0.882234395804794,0.915480649532397,0.004472988557594789,0.004798627222425377,0.0051492037604986655,0.014948254777370818,0.015769125132002522,0.017497276620792233,0.4165211617946625,0.453702911734581,0.5338240265846252,0.0325975795310368,0.030268138761147256,0.04997347536393818,0.04696976378857271,0.04323617638034591,0.06475274143534111,0.019053224070911985,0.019078384543780854,0.02275697704383952,10,0
hold,12,10,46.66370780036728,42.3382519451675,68.08418190690148,0.17308646920985585,0.16375262961478487,0.202199055582869,0.6545343481264345,0.7055963267094723,0.7473136715962645,0.8520803329449285,0.882234395804794,0.915480649532397,0.004472988557594789,0.004798627222425377,0.0051492037604986655,0.014948254777370818,0.015769125132002522,0.017497276620792233,0.4165211617946625,0.453702911734581,0.5338240265846252,0.030776235354287,0.028265481743052434,0.049891145883493825,0.044657155280548796,0.0397147878037895,0.06464643200769689,0.01529328941829955,0.013502086803577236,0.020655590383311516,10,0
hold,13,10,35.42634977864843,32.976055254668026,42.61850166136241,0.13389853291768242,0.13458185328176125,0.14299573659434833,0.6594464156067954,0.7092995848691646,0.7499965227153255,0.8520803329449285,0.882234395804794,0.915480649532397,0.004472988557594789,0.004798627222425377,0.0051492037604986655,0.014948254777370818,0.015769125132002522,0.017497276620792233,0.4165211617946625,0.453702911734581,0.5338240265846252,0.02586416787392609,0.02597037827878118,0.03872117936077576,0.037443065412244826,0.03590284990236266,0.05017304530035639,0.00902498937520715,0.009097592540940167,0.010276695699357664,10,0
hold,14,10,29.651546594255876,27.79880285522099,35.44676198258583,0.11235648652567246,0.1116278970168665,0.12179742435899386,0.6642302208301047,0.7152591613396955,0.758130231700145,0.8520803329449285,0.882234395804794,0.915480649532397,0.004472989224139284,0.004798626687849925,0.0051492058791109355,0.014948256013210984,0.015769126313365984,0.01749727553612036,0.4165211617946625,0.453702911734581,0.5338240265846252,0.021080362650616753,0.01925170291650896,0.025779430194879025,0.03197015320523906,0.03170683710406389,0.043249795438959494,0.006350201041035566,0.006249926195071324,0.007445036387259624,10,0
hold,15,10,29.359966654043127,27.586009088541424,35.59261108823411,0.11117855680035874,0.1085289758164936,0.12156588531480546,0.6631953855060946,0.7137920308387005,0.7573578672797208,0.8520803329449285,0.882234395804794,0.915480649532397,0.004472988557594789,0.004798627222425377,0.0051492037604986655,0.014948254777370818,0.015769125132002522,0.017497276620792233,0.4165211617946625,0.453702911734581,0.5338240265846252,0.022115197974626938,0.020321955087026555,0.027526336220134395,0.033464404075169,0.032445182296071996,0.04459906682685716,0.006217858688813587,0.0059067212834157945,0.007416754574451457,10,0
hold,16,10,35.67512009809939,31.62770506883154,51.08279716095661,0.1328035072597764,0.12604479129789778,0.15222214648429197,0.659806471694669,0.7138762057318631,0.7541453185007562,0.8520803329449285,0.882234395804794,0.915480649532397,0.004472988557594789,0.004798627222425377,0.0051492037604986655,0.014948254777370818,0.015769125132002522,0.017497276620792233,0.4165211617946625,0.453702911734581,0.5338240265846252,0.02550411178605267,0.021938400100092348,0.041330326854909616,0.03781344495658833,0.031711117580409294,0.05355344737438989,0.0089244524073062,0.007975556780636913,0.011653714382458557,10,0
hold,17,10,44.833725780606834,36.157872895430216,74.0883863896497,0.1638224381537441,0.14470436893112099,0.22076713068778203,0.6581868986426717,0.7130916317252982,0.7527055107431254,0.8520803329504938,0.8822343958157418,0.9154806495398544,0.004472988557594789,0.004798627222425377,0.0051492037604986655,0.014948254777370818,0.015769125132002522,0.017497276620792233,0.4165211617946625,0.453702911734581,0.5338240265846252,0.027123684838049906,0.021766852087098887,0.049732144550198386,0.039835402611547735,0.03204336164583238,0.06443953927946947,0.014135680716372268,0.010525071716142425,0.02467937419988734,10,0
hold,18,10,48.041959603982406,37.64337366793762,88.21109653657672,0.1742777527390354,0.14646713850768617,0.2607386158427812,0.6566869042661884,0.7095168683393138,0.7524239767719522,0.8520803329449285,0.882234395804794,0.915480649532397,0.004472988557594789,0.004798627222425377,0.0051492037604986655,0.014948254777370818,0.015769125132002522,0.017497276620792233,0.4165211617946625,0.453702911734581,0.5338240265846252,0.028623679214533272,0.020461083353610326,0.059476011821864946,0.041966772219862315,0.03145973772480719,0.07706584011455674,0.016416287585011177,0.010784655305742439,0.03459091999099792,10,0
hold,19,10,42.14994452774116,35.43735354363122,70.01996523225975,0.15483691254052534,0.13972314126291024,0.20691122961719602,0.6617793317221227,0.7168602615224666,0.7579489374409146,0.8520803329449285,0.882234395804794,0.915480649532397,0.004472988557594789,0.004798627222425377,0.0051492037604986655,0.014948254777370818,0.015769125132002522,0.017497276620792233,0.4165211617946625,0.453702911734581,0.5338240265846252,0.023531251758598836,0.017557392951317252,0.0476459806769794,0.034811693080005784,0.02426171481121689,0.06173726312554745,0.012458792228084891,0.009809431359246442,0.021641487572062582,10,0
hold,20,10,34.21990213569372,32.94048425497954,45.678360103038344,0.1283216753946359,0.1270742407565968,0.13611791220307495,0.6654858364344602,0.7168838155836662,0.7583830567574071,0.8520803329449285,0.882234395804794,0.915480649532397,0.004472988557594789,0.004798627222425377,0.0051492037604986655,0.014948254777370818,0.015769125132002522,0.017497276620792233,0.4165211617946625,0.453702911734581,0.5338240265846252,0.019824747046261283,0.018065653987323183,0.029484861688708463,0.02932921928866869,0.02640294993501511,0.038204725553081874,0.008276006784313636,0.008106856570326663,0.009307356542653394,10,0
hold,21,10,28.83371952549651,28.874007934009413,34.50968158893411,0.10914727445049192,0.10946465687653048,0.11726092873191792,0.6678847010335321,0.719367978679462,0.7649775605032186,0.8520803329449285,0.882234395804794,0.915480649532397,0.004472988557594789,0.004798627222425377,0.0051492037604986655,0.014948254777370818,0.015769125132002522,0.017497276620792233,0.4165211617946625,0.453702911734581,0.5338240265846252,0.01742588244718938,0.018030193465130212,0.023072172064467922,0.027169967607618434,0.025037096227726215,0.04433288775254507,0.005989247513643718,0.006009370540232742,0.006898917683827207,10,0
hold,22,10,26.907071840352994,26.814566259775845,30.819988303339443,0.10222600651230747,0.10368472954698843,0.1129292683257946,0.6690999614882804,0.7195026252624758,0.7656691168080942,0.8520803329449285,0.882234395804794,0.915480649532397,0.004472988557594789,0.004798627222425377,0.0051492037604986655,0.014948254777370818,0.015769125132002522,0.017497276620792233,0.4165211617946625,0.453702911734581,0.5338240265846252,0.016210621992441155,0.016695705556078688,0.020051423760770435,0.025139764921248635,0.024918784952656373,0.03926726394240025,0.005266048981067932,0.005389790574001235,0.0063972084176772605,10,0
hold,23,10,27.65199860395266,26.727997426241302,31.862334380169617,0.10496830086944912,0.10336728737454437,0.11518006066657964,0.668457644567599,0.720139176657508,0.7654239366615324,0.8520803329449285,0.882234395804794,0.915480649532397,0.004472988557594789,0.004798627222425377,0.0051492037604986655,0.014948254777370818,0.015769125132002522,0.017497276620792233,0.4165211617946625,0.453702911734581,0.5338240265846252,0.01685293891312255,0.018203414451062494,0.020566845263165556,0.026732010301130572,0.02495995017736661,0.04749632038085847,0.005550155872307002,0.00535678850612393,0.006655575159416351,10,0
hold,24,10,30.456882977495376,28.018831948472375,36.853044615698295,0.11532402430179227,0.11757685801858281,0.12419524434789386,0.6677961322857842,0.7199632326640266,0.7653514984181441,0.8520803329504938,0.8822343958157418,0.9154806495398544,0.004472988557594789,0.004798627222425377,0.0051492037604986655,0.014948254777370818,0.015769125132002522,0.017497276620792233,0.4165211617946625,0.453702911734581,0.5338240265846252,0.017514451194937452,0.018132556688567225,0.023853081778206654,0.028444971425097654,0.024436178516622598,0.05662163529000432,0.006698712776741371,0.0069362517958143945,0.007742365979559838,10,0
hold,25,10,34.2900326781198,31.633597279958444,44.67903014367692,0.12923195180084995,0.13247507504550252,0.13705104798504053,0.6652465347193546,0.7184980792459594,0.7638719497902603,0.8520803329449285,0.882234395804794,0.915480649532397,0.004472989224139284,0.004798626687849925,0.0051492058791109355,0.014948256013210984,0.015769126313365984,0.01749727553612036,0.4165211617946625,0.453702911734581,0.5338240265846252,0.020064048761367005,0.01886131531836499,0.02710321470076661,0.03247208069535533,0.026103990710691347,0.06433579496286704,0.008420133361873973,0.0088136726092927,0.009436014075133198,10,0
hold,26,10,38.17996933308429,32.64391753458796,56.57949732408553,0.14209645204641524,0.13890418410810407,0.16771012792391396,0.6654044949237832,0.7211091694414824,0.7641452108293919,0.8520803329449285,0.882234395804794,0.915480649532397,0.004472988557594789,0.004798627222425377,0.0051492037604986655,0.014948254777370818,0.015769125132002522,0.017497276620792233,0.4165211617946625,0.453702911734581,0.5338240265846252,0.019906088556938394,0.018070500940001566,0.03196481992823896,0.031315425435682775,0.025009557916599555,0.05464292744271179,0.010257500917814624,0.00969417553417163,0.014163706553209735,10,0
hold,27,10,38.43155545269728,33.186381736824046,55.63318795477745,0.14294386496655107,0.13825905086675536,0.16440136458080265,0.6633589086616849,0.720195343802882,0.7623203907548579,0.8520803329449285,0.882234395804794,0.915480649532397,0.004472988557594789,0.004798627222425377,0.0051492037604986655,0.014948254777370818,0.015769125132002522,0.017497276620792233,0.4165211617946625,0.453702911734581,0.5338240265846252,0.021951674819036614,0.020282986433216826,0.03989550028059281,0.033548645492471225,0.028142144517552977,0.05169490994238475,0.010370972861099325,0.009604744892888234,0.013609268902548525,10,0
hold,28,10,36.17645115712294,34.61351280106827,45.48873113152636,0.13620598270884693,0.13535022638016433,0.14490718505610825,0.668386174218089,0.721777716328468,0.7659710290842865,0.8141887108214624,0.8554696823271024,0.8939494617643304,0.004472988557594789,0.004798627222425377,0.0051492037604986655,0.014948254777370818,0.015769125132002522,0.017497276620792233,0.4165211617946625,0.453702911734581,0.5338240265846252,0.016924409262632535,0.01474523384463472,0.025683282744292324,0.025656541326341986,0.028808847700119853,0.03476801400631862,0.009349627530328933,0.009202877348336518,0.010554898923551617,10,0
hold,29,10,34.30437330670486,32.54789255692136,41.91583661421157,0.12946723338951519,0.12690820494245403,0.1354506943962383,0.6701562183065676,0.7230690642830724,0.7674146947910954,0.8144504217852704,0.8554696823316534,0.8939494616956547,0.004472988557594789,0.004798627222425377,0.0051492037604986655,0.014948254777370818,0.015769125132002522,0.017497276620792233,0.4165211617946625,0.453702911734581,0.5338240265846252,0.01515436517415399,0.014483522881492822,0.022993728920850342,0.023237194190440822,0.02444413194910206,0.033696645976373264,0.008429783075518421,0.008085562967928308,0.009216037353081965,10,0
hold,30,10,34.54539373881597,31.906613539700555,44.89057087592947,0.12982271337970452,0.13204278269846048,0.1339192023037065,0.6692706567791065,0.7238892879876679,0.7682288652333084,0.8084486994340485,0.8554696823316534,0.8939494616956547,0.004472988557594789,0.004798627222425377,0.0051492037604986655,0.014948254777370818,0.015769125132002522,0.017497276620792233,0.4165211617946625,0.453702911734581,0.5338240265846252,0.01603992670161512,0.016051878672732778,0.02481581785282857,0.025660707082248557,0.022216117497404854,0.04759721201509897,0.008472755675544492,0.008756027321798324,0.0090078827185666,10,0
hold,31,10,38.319644137561596,35.832329960377464,54.99666364424974,0.14305585394650588,0.1376596405785454,0.16251502563584685,0.6685294678688487,0.7239618885404414,0.7686467398667408,0.8050512081091157,0.8554696823316534,0.8939494616956547,0.004472988557594789,0.004798627222425377,0.0051492037604986655,0.014948254777370818,0.015769125132002522,0.017497276620792233,0.4165211617946625,0.453702911734581,0.5338240265846252,0.01678111561187285,0.013598969500723812,0.02771469007968128,0.027319011228359856,0.018821344378050907,0.05613035345082415,0.010362835530144426,0.009520511618921165,0.013294109871084555,10,0
hold,32,10,46.096959577558586,41.56624717348524,75.5433503964011,0.17006376840819648,0.1515291594925082,0.22511098306808489,0.6642022761661853,0.7209170634241746,0.768267843792239,0.799865987071463,0.8554696823316534,0.8939494616956547,0.004472989224139284,0.004798626687849925,0.0051492058791109355,0.014948256013210984,0.015769126313365984,0.01749727553612036,0.4165211617946625,0.453702911734581,0.5338240265846252,0.02110830731453616,0.01286478471653063,0.04271968437983896,0.03405004847633334,0.017805143929198027,0.06870000265987757,0.015046071887217419,0.011547333436348003,0.025667160403826304,10,0
hold,33,10,51.75496898665865,48.224642383887826,82.48268373172377,0.1917044415112224,0.17572617549230196,0.2445771962179766,0.6629873300110869,0.7193191635484715,0.767546761955842,0.7982768734931489,0.8554696823316534,0.8939494616956547,0.004472988557594789,0.004798627222425377,0.0051492037604986655,0.014948254777370818,0.015769125132002522,0.017497276620792233,0.4165211617946625,0.453702911734581,0.5338240265846252,0.022323253469634523,0.013291347354996208,0.04588518296829275,0.035982594719697655,0.01839535300018274,0.07135927862370345,0.019074491020041728,0.015562524398358438,0.03037029038158415,10,0
hold,34,10,52.89114646472569,51.55807829052444,76.15950212453313,0.197766462322608,0.18817230968433502,0.2295836535188101,0.6638460068086415,0.7227357575758178,0.7668101874734967,0.7991511138899672,0.8554696823315606,0.8939494616956547,0.004472988557594789,0.004798627222425377,0.0051492037604986655,0.014948254777370818,0.015769125132002522,0.017497276620792233,0.4165211617946625,0.453702911734581,0.5338240265846252,0.021464576672079988,0.014780548562781715,0.041495907948557675,0.034700137474347095,0.02045733470344148,0.06879849348059823,0.02015187591307066,0.017866066259586297,0.026711712413627565,10,0
lift,0,40,110.26443949780062,110.77166464451938,115.24883734715229,0.4211678925845305,0.4241048928342309,0.4476283938534967,0.00281704128968737,0.0026676309404747296,0.004218369842061267,0.004828342340360106,0.004220137417193544,0.0071877632729326684,0.002247873622277648,0.002495109483801854,0.0036940233066992535,0.00012158515779408778,0.00011952172782316365,0.00018196370148038777,0.002846658229827881,0.002231299877166748,0.006666892766952515,0.0002517969300530634,0.00020041872463989654,0.0006875912805175368,0.04478981506460631,0.07102917597780514,0.20744602827729097,0.09343009747208922,0.09438702736201715,0.10578189472547575,31,9
lift,1,40,71.12777825722674,69.83152920017108,78.74358587787106,0.27079677714940137,0.2689039883399674,0.2958913443448811,0.003012474294156218,0.0029134176255332005,0.004721852091871809,0.005579270476242621,0.005260236401929556,0.008269399156306664,0.0026292623583438436,0.002773700136983093,0.004472601416619869,0.00023190004272817115,0.00021096449393816658,0.00039331938888477756,0.003724953532218933,0.0029366910457611084,0.007550138235092165,5.6363925584216085e-05,3.3882427579251355e-05,0.00039648820713732836,-0.016308423853391242,0.014157257355129913,0.10384924876770096,0.03755981266155278,0.03683302452725171,0.04477897945013929,21,19
lift,2,40,49.06633360154025,48.79385665173196,55.05223073651367,0.18698076097582778,0.1874527568000833,0.20332408407855115,0.00307910251205505,0.0028303317381490655,0.004532639765001501,0.00588588402877537,0.005789508051479108,0.008209998456655208,0.0029685914263321883,0.0031644628404711717,0.005002812197545892,0.00023832090779439384,0.000215663873251514,0.0004260713266550562,0.003867743909358978,0.0028852522373199463,0.007891404628753663,-1.0264292314616455e-05,-6.598871366060328e-05,0.0003137791993205538,-0.031037318226964823,-0.028015929774678795,0.0732727820123115,0.01770776111046566,0.017727475893822404,0.02088866048788403,18,22
lift,3,40,48.3966563958143,47.75719943120599,52.783392221162856,0.1845458741562163,0.18437393194100354,0.198437046010437,0.003035495428099394,0.0028512744040898436,0.0045954323074352925,0.005622408048489434,0.005847856444201568,0.0083020778564617,0.0029105578275505396,0.0030832916568683567,0.004966190264789312,0.00022747875213721702,0.00019809062686577164,0.00040302328756503024,0.0036529213190078734,0.002911865711212158,0.008189964294433595,3.3342791641040204e-05,-3.4064053742594025e-06,0.00046916993447839253,-0.02596817288948746,-0.0016903187354715074,0.11486524290142205,0.0172264918207983,0.01714456570954594,0.019886497972700493,19,21
lift,4,40,46.9334811888486,46.05259783467049,51.68225364008156,0.17889696122273596,0.1777232005129969,0.1885921046234005,0.0030778245222002746,0.0028808278945064514,0.004766553973779903,0.005801250801979336,0.005806148694052376,0.008574194425540829,0.002892215303586622,0.0030558180628430347,0.004867222484044456,0.00020457015101636836,0.00018141659321855858,0.0003673787669887275,0.00397738516330719,0.003272145986557007,0.007764238119125368,-8.986302459840808e-06,-6.637492094199791e-05,0.0002338896298563743,-0.03622721137399869,-0.021265525515193284,0.07953412519386968,0.016208029767198234,0.01591948955154284,0.017944619326436914,17,23
lift,5,40,43.98702071339002,43.98810427865736,49.0061016084141,0.16766434154416293,0.16743173500686706,0.1807925521261811,0.0030828894876385425,0.002810098396060395,0.004523847035492881,0.0058907039658952385,0.005801859197999495,0.009430830662427772,0.0026568631865851373,0.0026107517977588075,0.004484576480050799,0.00022962827137367912,0.00020426791141274888,0.0003777404691610122,0.004238873720169067,0.0036524534225463867,0.008387845754623414,-1.4051267898108172e-05,-2.4703575215179467e-05,0.0003167677913905874,-0.03439220959316315,-0.012621184342975284,0.07731946375806079,0.01421059989988413,0.014116462297969083,0.01647876632384591,16,24
lift,6,40,30.631273823794903,31.054745303057665,32.96024436949475,0.11679588239593983,0.11724579170416394,0.12582371677465667,0.0030821161523511163,0.002833611365459762,0.0045454980030058025,0.005888586487647311,0.005809386430472506,0.009115093327690069,0.002889419721719457,0.002948764737841434,0.004809326097844057,0.00021934019443140958,0.000190261232507413,0.0003485959063941426,0.0040155664086341854,0.0032654404640197754,0.008047616481781006,-1.3277932610682001e-05,-8.482752251355347e-05,0.00032891575956865634,-0.03770810002022907,-0.028121045005435663,0.06824122968461248,0.006868488681697265,0.00689707594838234,0.007947384817067412,17,23
lift,7,40,30.726442014420837,31.174643523820016,33.39672714028961,0.1170669057913885,0.11772113395272463,0.12508700824707372,0.003116759690404834,0.0028592349157449018,0.004626664250660673,0.006244646755599709,0.005665907752425384,0.00928684328165071,0.0031284582850395286,0.0032308970904866984,0.005356539574151086,0.0002360685332108533,0.0002096887020660799,0.00040148606737169714,0.004381638765335083,0.0034401416778564453,0.008902418613433839,-4.7921470664400457e-05,-3.82849721849406e-05,0.0002293300082748421,-0.046792031099171544,-0.013410994375627743,0.061434352175329554,0.006900190824842317,0.006953306961443763,0.00785430334407573,15,25
lift,8,40,37.3993849130141,37.164099854544645,42.07376322137971,0.1423898456809721,0.1404440225563184,0.1530591190703404,0.0031049398525299773,0.0028319513723481186,0.004669614022782394,0.006215103577346365,0.005553191763000056,0.009286843077095961,0.003128458219508713,0.003230897773097356,0.005356538885179978,0.00023606848716982423,0.00020968871248429316,0.0004014865400169041,0.004381638765335083,0.0034401416778564453,0.008902418613433839,-3.610163278954368e-05,-4.9223504609671254e-05,0.00021359524525595217,-0.040181078463129474,-0.01715885715561913,0.06011612891589013,0.010226390384910097,0.00991149277162651,0.011783085310556328,17,23
lift,9,40,51.50218403639921,49.58950687198781,57.20510286978884,0.19605989727460726,0.19539529402077394,0.21691020168866806,0.0030906672126495478,0.0028036360734245234,0.004603917644956758,0.006188506672509227,0.00538051055503571,0.009286843077095961,0.003128458219508713,0.003230897773097356,0.005356538885179978,0.00023606848716982423,0.00020968871248429316,0.0004014865400169041,0.004381638765335083,0.0034401416778564453,0.008902418613433839,-2.1828992909113793e-05,-6.071726253164254e-05,0.00024250131936529734,-0.03287425615348598,-0.02063267526837246,0.06563245369077446,0.01952971904704793,0.019275432901877717,0.02380884303376471,18,22
lift,10,40,60.677055977626864,60.6058176021863,71.84456593168868,0.2307407705842508,0.23089022045075558,0.2622846053146196,0.0030627063103842557,0.002727520494622788,0.004536474286503185,0.00616736088956187,0.005292767340486894,0.009286843077095961,0.003128458219508713,0.003230897773097356,0.005356538885179978,0.00023606848716982423,0.00020968871248429316,0.0004014865400169041,0.004381638765335083,0.0034401416778564453,0.008902418613433839,6.131909356178104e-06,3.5978972955063616e-05,0.00030883929546431327,-0.022974304867800492,0.014696401291489525,0.07705914477908707,0.027307732301954196,0.02702023303659242,0.03500945487109763,21,19
lift,11,40,56.48157680248126,54.22035102019899,70.5443406953555,0.21453861181435255,0.20933470492805772,0.25332393310249285,0.003068781186583977,0.0027109157645517573,0.004610105557011328,0.006181324648813533,0.005292767340486894,0.009286843077095961,0.003128458219508713,0.003230897773097356,0.005356538885179978,0.00023606848716982423,0.00020968871248429316,0.0004014865400169041,0.004381638765335083,0.0034401416778564453,0.008902418613433839,5.703315645651675e-08,-3.326838329723936e-05,0.00025744558208156055,-0.02843533979518615,-0.00948378882483027,0.06870653073741481,0.02357549570116439,0.022156084069094875,0.03261851153069066,19,21
lift,12,40,52.10793583294992,49.80041242083088,63.25066737997127,0.1980311327875725,0.19274188442147067,0.22246680482817466,0.0030639408905188616,0.002723432184240894,0.004631223866161988,0.0061947984424222035,0.005395366065650173,0.009286843077095961,0.003128458219508713,0.003230897773097356,0.005356538885179978,0.00023606848716982423,0.00020968871248429316,0.0004014865400169041,0.004381638765335083,0.0034401416778564453,0.008902418613433839,4.89732922157226e-06,-1.5391150312293878e-06,0.0002971996846727444,-0.024838230644746433,-0.002253606911805283,0.07051327975512904,0.02000270284609381,0.018750937576712035,0.02506736271903907,20,20
lift,13,40,44.32108917859525,43.69140348354616,51.72826035025152,0.16854202180071795,0.16671567582571464,0.18193442567060772,0.003098400280709304,0.0027983966776069648,0.004595807269732145,0.006211216338227477,0.005487115287346201,0.009286843077095961,0.003128458219508713,0.003230897773097356,0.005356538885179978,0.00023606848716982423,0.00020968871248429316,0.0004014865400169041,0.004381638765335083,0.0034401416778564453,0.008902418613433839,-2.9562060968870254e-05,-4.869132902471981e-05,0.0002506116945899098,-0.03742418723627496,-0.01770840921991862,0.0636278728336741,0.014387941424637257,0.013995355211217593,0.016689386149020786,17,23
lift,14,40,38.10326020174098,37.778608249315326,42.59416243884936,0.1450721408374726,0.14492855980479527,0.15354942019117312,0.0031461604168477237,0.0028534555202805933,0.00466599428857124,0.0063195878067874465,0.0059741912931579495,0.00928684328165071,0.0031284582850395286,0.0032308970904866984,0.005356539574151086,0.0002360685332108533,0.0002096887020660799,0.00040148606737169714,0.004381638765335083,0.0034401416778564453,0.008902418613433839,-7.732219710728963e-05,-0.00010118155050837141,0.00018969613652440435,-0.05364336368746479,-0.03675095518857377,0.05618500070756108,0.010612997431945336,0.01055787887561968,0.011859307766411174,15,25
lift,15,40,36.87514030265855,37.00063313973803,40.17311637402762,0.14040691530465943,0.14110281436493383,0.1481990374245513,0.003147165110435981,0.002862957474228018,0.004654852318545305,0.006319587948780099,0.005974192143231636,0.009286843077095961,0.003128458219508713,0.003230897773097356,0.005356538885179978,0.00023606848716982423,0.00020968871248429316,0.0004014865400169041,0.004381638765335083,0.0034401416778564453,0.008902418613433839,-7.832689069554708e-05,-9.846694608739979e-05,0.00019156664577674992,-0.05369566303124458,-0.03457542384679865,0.05440699037787749,0.009925502186063691,0.010005053309614294,0.011042445428695235,13,27
lift,16,40,38.45116815585199,38.72982664533258,42.037257249190255,0.14637091406053576,0.14585037328106737,0.15703619012740058,0.003149119850043058,0.0028968646988127462,0.004602430503441987,0.006319587948780099,0.005974192143231636,0.009286843077095961,0.003128458219508713,0.003230897773097356,0.005356538885179978,0.00023606848716982423,0.00020968871248429316,0.0004014865400169041,0.004381638765335083,0.0034401416778564453,0.008902418613433839,-8.028163030262467e-05,-0.00011640075600797932,0.0002439884608800679,-0.05499993646607152,-0.04387501279489282,0.05050805319835106,0.010805671944975294,0.010693374522521218,0.012407231638421836,13,27
lift,17,40,39.56726900093361,40.08402060876847,43.50552742860967,0.15058146252319266,0.150254485486145,0.1628569045655104,0.0031439157915950206,0.00288792714489743,0.004576829415454065,0.006319587964260331,0.005974192143231636,0.009286843077095961,0.003128458219508713,0.003230897773097356,0.005356538885179978,0.00023606848716982423,0.00020968871248429316,0.0004014865400169041,0.004381638765335083,0.0034401416778564453,0.008902418613433839,-7.507757185458671e-05,-0.00010553022436982236,0.00026646059635672284,-0.0533504357050825,-0.041496858175534446,0.054684961558081106,0.011455261766916362,0.011352647849089615,0.01335030269490994,13,27
lift,18,40,39.0653797107647,39.35705891040938,43.86977712710118,0.14866864167002905,0.14878479228798291,0.16052697018887988,0.0031389636910118695,0.0028716678885661664,0.004584806566737742,0.006319587948780099,0.005974192143231636,0.009286843077095961,0.003128458219508713,0.003230897773097356,0.005356538885179978,0.00023606848716982423,0.00020968871248429316,0.0004014865400169041,0.004381638765335083,0.0034401416778564453,0.008902418613433839,-7.012547127143545e-05,-9.336321872798902e-05,0.00026161239758431274,-0.05201589707366523,-0.03436924471505357,0.05570155516292998,0.011160211960603381,0.011130437202049502,0.012968682921740079,13,27
lift,19,40,36.85485266769403,36.61968408166547,41.16396343013514,0.14034068461839594,0.14063610176585045,0.15009273587993122,0.0031395845095195814,0.002873426224730599,0.004643342505341122,0.006319587948780099,0.005974192143231636,0.009286843077095961,0.003128458219508713,0.003230897773097356,0.005356538885179978,0.00023606848716982423,0.00020968871248429316,0.0004014865400169041,0.004381638765335083,0.0034401416778564453,0.008902418613433839,-7.074628977914804e-05,-8.677100151337582e-05,0.00020307645898093326,-0.04893916281389834,-0.03271476718329014,0.046245138773050705,0.009932691101914512,0.009938645134358418,0.011328152584983183,13,27
lift,20,40,34.68203578372318,35.333976649825104,37.622887777282884,0.13219125434465312,0.13184954573350463,0.14288356609251518,0.003136157441559017,0.002870923561509901,0.004675681403002138,0.006319587948780099,0.005974192143231636,0.009286843077095961,0.003128458219508713,0.003230897773097356,0.005356538885179978,0.00023606848716982423,0.00020968871248429316,0.0004014865400169041,0.004381638765335083,0.0034401416778564453,0.008902418613433839,-6.731922181858312e-05,-9.911830789241299e-05,0.00018844628119511487,-0.047622687882597915,-0.03201252997698455,0.045199891202010796,0.008809391306957817,0.008730273775944488,0.010260524724632287,13,27
lift,21,40,33.260355185639725,33.14920734052902,35.78341922926021,0.12682775637156882,0.12540254667669243,0.1375935957612661,0.003145300425323661,0.0028712530456080658,0.004700993719491758,0.006319587954607903,0.0059741912931579495,0.009286843077095961,0.003128458219508713,0.003230897773097356,0.005356538885179978,0.00023606848716982423,0.00020968871248429316,0.0004014865400169041,0.004381638765335083,0.0034401416778564453,0.008902418613433839,-7.646220558322743e-05,-0.00010729135827047863,0.00016372506846231563,-0.05101903675907904,-0.03216079778151081,0.047103728246812436,0.008116986922041203,0.007894057443574458,0.00951134497957545,13,27
lift,22,40,32.52893794700587,32.885903684397206,36.2168012711011,0.12397892230017145,0.12487760519800253,0.13658355364106978,0.003155754659904762,0.0028857357920634248,0.004697270267170448,0.006319587948780099,0.005974192143231636,0.009286843077095961,0.003128458219508713,0.003230897773097356,0.005356538885179978,0.00023606848716982423,0.00020968871248429316,0.0004014865400169041,0.004381638765335083,0.0034401416778564453,0.008902418613433839,-8.691644016432871e-05,-0.00013234754126580095,0.0001511941712520043,-0.05524134690816198,-0.034701582994489805,0.03852646306307465,0.007766108457403236,0.007827846097110507,0.009371449109423346,13,27
lift,23,40,32.601456748398824,33.03445701474376,36.62637069523536,0.12420148147295089,0.1253795289847885,0.13791675210513832,0.0031598173595603365,0.0028969496898147316,0.004678440547449451,0.006319587948780099,0.005974192143231636,0.009286843077095961,0.003128458219508713,0.003230897773097356,0.005356538885179978,0.00023606848716982423,0.00020968871248429316,0.0004014865400169041,0.004381638765335083,0.0034401416778564453,0.008902418613433839,-9.0979139819903e-05,-0.00012302219601539638,0.00016790696853041632,-0.0579465668123865,-0.047142628943701484,0.036734074073453374,0.007799939253346021,0.00789114847358633,0.009556299390341107,13,27
lift,24,40,32.9064234235292,33.31864032535947,37.511065418071716,0.12530704080253396,0.1259813681444892,0.13811854890490263,0.0031684582478044773,0.0029057893182226026,0.004639030528149663,0.006319587964260331,0.005974192143231636,0.009286843077095961,0.003128458219508713,0.003230897773097356,0.005356538885179978,0.00023606848716982423,0.00020968871248429316,0.0004014865400169041,0.004381638765335083,0.0034401416778564453,0.008902418613433839,-9.962002806404345e-05,-0.00013456669927419825,0.00020738843617239267,-0.06307718181923219,-0.047213880001824124,0.043247962174000114,0.007941493333012091,0.007967567462250988,0.009584497092032877,12,28
lift,25,40,33.298301005896384,33.66709101050075,37.832635339198276,0.12676712266127027,0.12742432653731028,0.13919170032629377,0.0031553133809148134,0.0028844189927656437,0.00464504606858856,0.006319587800959642,0.005974192143231636,0.00928684328165071,0.0031284582850395286,0.0032308970904866984,0.005356539574151086,0.0002360685332108533,0.0002096887020660799,0.00040148606737169714,0.004381638765335083,0.0034401416778564453,0.008902418613433839,-8.647516117437932e-05,-0.00011049514736196525,0.00020137289573349485,-0.05753264831867959,-0.040653210380560384,0.043354586885738185,0.008120253034968212,0.008151715991320248,0.009734824513819929,13,27
lift,26,40,33.664182711693115,33.90574385477369,37.954568366880466,0.12821151657071111,0.12905123715154604,0.14063625678893207,0.003141928645599952,0.002856775326913264,0.004707504192113692,0.006319587948780099,0.005974192143231636,0.009286843077095961,0.003128458219508713,0.003230897773097356,0.005356538885179978,0.00023606848716982423,0.00020968871248429316,0.0004014865400169041,0.004381638765335083,0.0034401416778564453,0.008902418613433839,-7.309042585951857e-05,-0.0001107328983016439,0.0001588323643505072,-0.049240039737195054,-0.03504844223523523,0.04849573714811268,0.008295636541518785,0.008362206740951648,0.00993867632918119,13,27
lift,27,40,33.81552753048129,33.83349277586621,37.56138572600441,0.1288648991734413,0.12942841541106243,0.1422427285487905,0.0031338221341991055,0.00283936728931623,0.004724079932315778,0.006319587948780099,0.005974192143231636,0.009286843077095961,0.003128458219508713,0.003230897773097356,0.005356538885179978,0.00023606848716982423,0.00020968871248429316,0.0004014865400169041,0.004381638765335083,0.0034401416778564453,0.008902418613433839,-6.498391445867161e-05,-0.00010357935501871464,0.00018275621258362384,-0.04463787849079875,-0.03253891382805882,0.05332870842970423,0.0083792698650558,0.008411231779686628,0.010168219599177346,14,26
lift,28,40,33.45257402190613,33.37574739359222,36.98958013192639,0.12754565585921263,0.12841863122201058,0.14058891618391017,0.0031444522999111504,0.0028766520097659428,0.004756025565669652,0.0062966167153951,0.005974192143231636,0.009286843077095961,0.003128458219508713,0.003230897773097356,0.005356538885179978,0.00023606848716982423,0.00020968871248429316,0.0004014865400169041,0.004381638765335083,0.0034401416778564453,0.008902418613433839,-7.561408017071592e-05,-9.810652358192666e-05,0.00017415943125539203,-0.0485889470127423,-0.03311773919144074,0.048127208632209165,0.008213343129674871,0.00828026203753024,0.009931980618908239,13,27
lift,29,40,32.551502531134034,32.63151637219427,35.860241665682416,0.1241240750303619,0.12463184484259658,0.1359900272777496,0.003164738708911313,0.0028938011084410596,0.004744439984009791,0.0062979641688368825,0.005974192143231636,0.009286843077095961,0.003128458219508713,0.003230897773097356,0.005356538885179978,0.00023606848716982423,0.00020968871248429316,0.0004014865400169041,0.004381638765335083,0.0034401416778564453,0.008902418613433839,-9.590048917087925e-05,-0.00013846393441532476,0.00013853909518126044,-0.05674148599856772,-0.03581066609726434,0.03613000261437705,0.007781591615851359,0.0077972891656608034,0.009289871007924645,12,28
lift,30,40,31.696917432024968,31.621955850939433,34.83499644848268,0.12085193943865913,0.12025343056832542,0.13279399568881364,0.0031743263893991235,0.002904743114807794,0.004754888131860735,0.006299535804091981,0.005974192143231636,0.009286843077095961,0.003128458219508713,0.003230897773097356,0.005356538885179978,0.00023606848716982423,0.00020968871248429316,0.0004014865400169041,0.004381638765335083,0.0034401416778564453,0.008902418613433839,-0.00010548816965868981,-0.00014051175632254307,0.00012746487857126415,-0.06141341635652022,-0.05072272863583212,0.03956844795302136,0.007381561852486852,0.007256853445254082,0.00885641143246831,12,28
lift,31,40,31.062376020016767,31.300570699969935,34.31489582621951,0.11841108470856161,0.11745992383334133,0.12982859413604533,0.0031834331562596353,0.002898699184420395,0.004790819120319398,0.0062980288005518095,0.005974192143231636,0.009286843077095961,0.003128458219508713,0.003230897773097356,0.005356538885179978,0.00023606848716982423,0.00020968871248429316,0.0004014865400169041,0.004381638765335083,0.0034401416778564453,0.008902418613433839,-0.00011459493651920106,-0.0001481312567188646,0.0001243525445498246,-0.06529364149763091,-0.05681433375342236,0.034308304439468966,0.00708197368333143,0.006922378086917895,0.008463562640792514,12,28
lift,32,40,31.472181632391965,31.98861711565934,34.532359455921615,0.11995795513042444,0.12056774307049947,0.1305760066306057,0.0031717297608264807,0.0028832062069560757,0.004793952468603686,0.006298526919781333,0.0059741912931579495,0.00928684328165071,0.0031284582850395286,0.0032308970904866984,0.005356539574151086,0.0002360685332108533,0.0002096887020660799,0.00040148606737169714,0.004381638765335083,0.0034401416778564453,0.008902418613433839,-0.00010289154108604633,-0.00011587636718284294,0.00014978405224232491,-0.060714861571461574,-0.04404688284874024,0.04030988843324934,0.007261742311313127,0.007294972951107566,0.008561705542899506,12,28
lift,33,40,32.64944534120284,33.432082120968005,35.38118322185497,0.12450876646493225,0.12559317374453371,0.1334275169671893,0.0031367999967105743,0.0028491977500782494,0.00476909643488994,0.0062966167153951,0.005974192143231636,0.009286843077095961,0.003128458219508713,0.003230897773097356,0.005356538885179978,0.00023606848716982423,0.00020968871248429316,0.0004014865400169041,0.004381638765335083,0.0034401416778564453,0.008902418613433839,-6.79617769701405e-05,-9.410596758765446e-05,0.00017105325132284874,-0.04621330016107432,-0.03622511678772819,0.05590352223397853,0.007822594303987226,0.007918248452764405,0.008941451139401917,12,28
lift,34,40,33.01835809622575,33.65366365400887,35.747960455355404,0.12598804032972555,0.12663131202727396,0.13576951450828337,0.0031283222152246487,0.0028413650803471805,0.0047613832411586504,0.0062966167153951,0.005974192143231636,0.009286843077095961,0.003128458219508713,0.003230897773097356,0.005356538885179978,0.00023606848716982423,0.00020968871248429316,0.0004014865400169041,0.004381638765335083,0.0034401416778564453,0.008902418613433839,-5.948399548421471e-05,-8.856486075477471e-05,0.00017945171447324005,-0.04298988626286813,-0.0317225962617424,0.05267328392059306,0.008009305093013015,0.00805018883216137,0.009259559102076317,12,28
