frame,episode_id,progress,window,raw_first_l2,raw_first_translation_l2,raw_first_rotation_l2,raw_first_gripper_abs,raw_chunk_mean_l2,raw_chunk_max_l2,norm_output_shift_first_l2,norm_output_shift_first_translation_l2,norm_output_shift_first_rotation_l2,norm_output_shift_first_gripper_abs,norm_output_shift_chunk_mean_l2,norm_output_shift_chunk_max_l2,norm_output_shift_norm,hidden_shift_first_l2,hidden_shift_first_translation_l2,hidden_shift_first_rotation_l2,hidden_shift_first_gripper_abs,hidden_shift_chunk_mean_l2,hidden_shift_chunk_max_l2,hidden_shift_norm,planner_phase,chunk_gap_reduction,chunk_gap_reduction_ratio,first_gripper_reduction
episode_000001_000000,episode_000001,0.0,11.0,0.16546320011139556,0.0030818785102542843,0.010513342467953588,0.16510009765625,0.4219820891657194,0.7041612876799314,0.3286186760459291,0.0019110821189624275,0.00619185079403952,0.32855477929115295,0.3411228935613765,0.42895637471121917,2.5889618396759033,0.013792147063077813,0.0014523611378528597,0.006371425381555597,0.01214573613833636,0.024374758837479592,0.032838759267125525,219.79461669921875,hold,0.3976073303282398,0.9422374563677104,0.15295436151791364
episode_000001_000001,episode_000001,1.0,11.0,0.1646573702509476,0.003108546259733557,0.01028174910391418,0.164306640625,0.41514354122574054,0.7033037919066664,0.34039415347392676,0.0018778145681110313,0.006166989740797519,0.34033310413360596,0.3545246349460496,0.44735329189772693,2.5840747356414795,0.012900160592833118,0.0014023795766156908,0.00637073100225979,0.011129297432489693,0.022698952901892368,0.03132615648955998,215.76370239257812,hold,0.39244458832384815,0.9453226398877069,0.1531773431925103
episode_000001_000002,episode_000001,2.0,11.0,0.17066611948939214,0.003309330358428374,0.010860039681735791,0.1702880859375,0.42997138849174865,0.7211299284537991,0.3490511247977858,0.0017418665924075739,0.005416756727226992,0.34900474548339844,0.346969995056854,0.44351887733186235,2.5762510299682617,0.01167494941869491,0.0012574068165798502,0.005745479192123768,0.010085278423503041,0.020980882937269563,0.028878055347378598,211.47653198242188,alignment,0.4089905055544791,0.9512040021758977,0.16020280751399696
episode_000001_000003,episode_000001,3.0,11.0,0.16411498513353173,0.003044383576399605,0.010392248973840263,0.16375732421875,0.41875427705474016,0.704150545200969,0.3605869522054736,0.0020025825877439335,0.005562578601595308,0.3605384826660156,0.35874012049376847,0.45145760120537637,2.529458522796631,0.012329590965343824,0.001434612805010075,0.005713184860490004,0.010831445804797113,0.02201935629921271,0.0301273873999144,206.1836700439453,alignment,0.39673492075552746,0.947416999644557,0.1529258784139529
episode_000001_000004,episode_000001,4.0,11.0,0.1893587814709447,0.0028903926254461665,0.009722791829124798,0.1890869140625,0.4980522157810798,0.752952457478686,0.33395764996956995,0.002165469451618072,0.005853833939384638,0.3338993191719055,0.27413885402493054,0.3428890282960542,2.466636896133423,0.014398287295474146,0.0017372982980202736,0.006482821007502916,0.012738347752019763,0.028136196500913268,0.045036318021070186,200.09854125976562,alignment,0.4699160192801665,0.9435075367413271,0.17634856631048024
episode_000001_000005,episode_000001,5.0,11.0,0.23226048826897397,0.0030070916986414367,0.009276884550876769,0.2320556640625,0.5863490709185128,0.7959406918016114,0.29408623390390454,0.0021492270831130074,0.006367009658068786,0.2940094470977783,0.18488280914009836,0.29408623390390454,2.430751085281372,0.014598831273169533,0.001852671236411676,0.007202661542056917,0.012562450021505356,0.030398673317028058,0.054887073095952976,195.38919067382812,alignment,0.5559503976014848,0.9481560134999298,0.21949321404099464
episode_000001_000006,episode_000001,6.0,11.0,0.35455292286566814,0.00357380257392274,0.010808473170091067,0.3543701171875,0.6856069747586344,0.860928021941375,0.18804922110535743,0.0018474140611505056,0.004865270802072143,0.18797719478607178,0.09283586360802136,0.18804922110535743,2.4003958702087402,0.010950802534545466,0.0013600554471822146,0.0047906449794232805,0.009752950631082058,0.015075060415701984,0.01839887645324567,190.81712341308594,alignment,0.6705319143429325,0.9780120958935561,0.34461716655641794
episode_000001_000007,episode_000001,7.0,11.0,0.5256178791823883,0.004124820962496554,0.012557611526872922,0.52545166015625,0.8035838760854747,0.9124925697113019,0.03479841614194934,0.001741424665975602,0.003239848538058681,0.03460347652435303,0.03136789495480756,0.04999244003479409,2.3702597618103027,0.005449254628070801,0.0011316184582122752,0.001851022862650724,0.004998752847313881,0.02366001497267367,0.04804164111814199,186.9562225341797,alignment,0.779923861112801,0.9705568818927409,0.5204529073089361
episode_000001_000008,episode_000001,8.0,11.0,0.36975830119880587,0.004932924074310957,0.01586702523057637,0.369384765625,0.713213669373188,0.8861228694106106,0.20963725144944545,0.0017322132798151518,0.001316730642884159,0.2096259593963623,0.08121301108454501,0.20963725144944545,2.3381359577178955,0.00441656871665137,0.0012548576724020878,0.0020526217605042977,0.0037038028240203857,0.005957351836415471,0.00897424691317984,183.92799377441406,alignment,0.7072563175367725,0.9916471709780169,0.3656809628009796
episode_000001_000009,episode_000001,9.0,11.0,0.39205001728209254,0.004389696180351584,0.01373756029830637,0.39178466796875,0.7115152631743655,0.8588684199301815,0.20696163756596334,0.001728505062084319,0.0013327349864953252,0.2069501280784607,0.08864368588644003,0.20696163756596334,2.2892990112304688,0.00570666231400349,0.0011391349906927778,0.0009585766676556793,0.00550903775729239,0.00973720171971461,0.02240643181563829,181.51527404785156,alignment,0.7017780614546509,0.9863148378907953,0.3862756302114576
episode_000001_000010,episode_000001,10.0,11.0,0.24606591479817472,0.0028579581812319867,0.009911411133477254,0.245849609375,0.5626869796832417,0.7222288825932577,0.37139752387457153,0.002582049253547092,0.0040630796058975386,0.37136632204055786,0.23786856634670195,0.37139752387457153,2.2326905727386475,0.009170227929005131,0.0018414982701061356,0.0035992711612378085,0.008230869425460696,0.01925571269403978,0.0314834220093375,180.5386505126953,alignment,0.5434312669892019,0.9657789972235015,0.2376187399495393
episode_000001_000011,episode_000001,11.0,11.0,0.4351253687166503,0.0035001796644642167,0.009947826928247663,0.43499755859375,0.7078091426930296,0.8627097423615382,0.18947814110049116,0.001901883661572247,0.003372335293160105,0.1894385814666748,0.08774285729909512,0.18947814110049116,2.148606061935425,0.008334022267679077,0.0016848548469458253,0.0033602611278641384,0.0074381339363753796,0.016765269672694073,0.027338661141117878,180.1768035888672,alignment,0.6910438730203355,0.9763138554428576,0.4275594246573746
episode_000001_000012,episode_000001,12.0,11.0,0.5402390469878231,0.0028896831363723558,0.008707940077852049,0.5401611328125,0.7800609416677184,0.8982556686358422,0.08226760360750138,0.002621585325806598,0.0036761517227736616,0.08214360475540161,0.051143875522808704,0.08450299532171326,2.0547149181365967,0.010128045549138754,0.0023361434430142713,0.0038719933920829067,0.009062417317181826,0.028985511360729577,0.04905364593806342,180.75454711914062,alignment,0.7510754303069889,0.9628419911670485,0.5310987154953182
episode_000001_000013,episode_000001,13.0,11.0,0.6079372989800294,0.004231958340257568,0.009449656358595853,0.60784912109375,0.7863229644874554,0.8897122997514065,0.005163911503118986,0.0014562339180710082,0.0021288564324167905,0.004473626613616943,0.046179351979612114,0.1144386078907256,1.954931378364563,0.0080172671855389,0.0018193996950051801,0.0030759021247702342,0.0071767112240195274,0.03432632227778843,0.05847892420353585,181.6039276123047,alignment,0.751996642209667,0.9563457716128599,0.6006724098697305
episode_000001_000014,episode_000001,14.0,11.0,0.6433077782777848,0.004745880814139908,0.01144368057959996,0.6431884765625,0.8038039638332795,0.9068308677689305,0.03499669240225517,0.0017649741768996415,0.0008584748676752255,0.03494161367416382,0.08357592144525897,0.1694539720866166,1.8790886402130127,0.00972927196493662,0.0013448810097980944,0.0005309251962135757,0.009621234145015478,0.0319954548679051,0.05504924205727947,183.7805938720703,alignment,0.7718085089653743,0.9601949526159075,0.6335672424174845
episode_000001_000015,episode_000001,15.0,11.0,0.4693031790476232,0.0033607694161129024,0.007043756290723845,0.46923828125,0.5435955057955972,0.652863695844262,0.13837759597677587,0.002313011655303124,0.003012997146728174,0.13832545280456543,0.15639836991929823,0.23168931766080605,1.8126139640808105,0.0492806914303586,0.002129177520882315,0.003983443189529116,0.04907326493412256,0.2353969255012073,0.4570525083715558,185.759765625,alignment,0.30819858029438996,0.5669630764207951,0.42016501631587744
episode_000001_000016,episode_000001,16.0,11.0,0.5833696886307106,0.005057960682790249,0.010572124795723701,0.583251953125,0.6126002145558244,0.7529702077839843,0.01700399008041517,0.0016069157963691774,0.0021081081394910815,0.016796112060546875,0.09231026817733579,0.1981610404788594,1.7211834192276,0.04538574474045747,0.001104996891025934,0.0017002124640505653,0.04534042440354824,0.1937932731814675,0.40506153185225513,185.67274475097656,alignment,0.41880694137435687,0.6836545783419609,0.5379115287214518
episode_000001_000017,episode_000001,17.0,11.0,0.60452831850565,0.004677066980395514,0.004669921968770589,0.6044921875,0.5219080176246764,0.6845812422562849,0.011668527657211668,0.000808638024112113,0.002853748075111374,0.011285245418548584,0.12809965445335353,0.3236065000242964,1.6112020015716553,0.06751213356935971,0.00027076783935722846,0.004243303512167145,0.06737810652703047,0.28058712137644226,0.568103619401893,184.3624725341797,alignment,0.24132089624823416,0.4623820445344778,0.5371140809729695
episode_000001_000018,episode_000001,18.0,11.0,0.6108790165689393,0.0039027276848458002,0.0057119951267461805,0.61083984375,0.42064169094350695,0.6108790165689393,0.03488684165270431,0.0014748677199775265,0.00047281547973732026,0.034852445125579834,0.17342674420590126,0.3388761604735264,1.4847829341888428,0.10804251008624526,0.001119778512677191,0.0016629445408910602,0.10802390798926353,0.3583990558104948,0.5246074157046454,182.00433349609375,alignment,0.06224263513301215,0.14797067545397316,0.5028159357607365
episode_000001_000019,episode_000001,19.0,11.0,0.6221162220752599,0.004129967294110575,0.006329569139829566,0.6220703125,0.4422233401029917,0.6221162220752599,0.07314589186959426,0.0016680294911018288,0.0016151785272933417,0.07310903072357178,0.13232390474498648,0.2411132739688285,1.3501391410827637,0.09300532407103786,0.0011843196885437904,0.0004941080511694861,0.09299647063016891,0.31862748663420304,0.460591122485934,179.85464477539062,alignment,0.12359585346878865,0.27948740435094127,0.5290738418698311
episode_000001_000020,episode_000001,20.0,11.0,0.612350428875257,0.0040174902288962425,0.006314838200567434,0.6123046875,0.43987934678956975,0.6162163025128652,0.09381328548586922,0.0017173088797256503,0.0025133071982784212,0.09376388788223267,0.10339025996023607,0.16807510270302842,1.213762640953064,0.08528446268651114,0.0011736960758253552,0.0010299203174428961,0.08527016639709473,0.3067652112086597,0.4632172605365289,176.2596893310547,descent_to_grasp,0.13311413558091006,0.30261510696611416,0.5270345211029053
episode_000001_000021,episode_000001,21.0,11.0,0.5854973666240866,0.004030408763459981,0.006335171185859476,0.58544921875,0.47668975996707175,0.6181700297066574,0.11182644033659664,0.0017975553092330837,0.0033326402914128812,0.11176231503486633,0.09926274406512844,0.15511714834691384,1.0636769533157349,0.04409120348183113,0.0012186276678531273,0.0015369572764281647,0.04404755309224129,0.25570104980605113,0.4104577525480673,171.484375,descent_to_grasp,0.22098871016102062,0.46359021888006535,0.5414016656577587
episode_000001_000022,episode_000001,22.0,11.0,0.5883983595474789,0.003757905513767575,0.002961476720744429,0.58837890625,0.5233863768126721,0.6943450565773494,0.16531537309623925,0.0010004654377208766,0.0006795312831254745,0.16531094908714294,0.18507412861367972,0.28810788621599276,0.9168334007263184,0.07485604571749911,0.0006546494603626083,0.0009734858979255958,0.07484685257077217,0.1349562931273222,0.22810994120393477,166.61293029785156,descent_to_grasp,0.38843008368534987,0.7421478679877349,0.5135320536792278
episode_000001_000023,episode_000001,23.0,11.0,0.6777511090877039,0.003777292253073848,0.0029008406034901927,0.677734375,0.5197623589072495,0.7080159164025609,0.29633122400445716,0.0016460859624892155,0.0011849446876282073,0.2963242828845978,0.22485658073480908,0.3468345677120224,0.7989909052848816,0.041950368919094164,0.0013644781217774867,0.0012596088365366064,0.041909247636795044,0.08757792570965584,0.1606192718040342,165.85354614257812,descent_to_grasp,0.4321844331975937,0.831503909029157,0.635825127363205
episode_000001_000024,episode_000001,24.0,11.0,0.5019596924296714,0.0025255442583840414,0.00046341452681027156,0.501953125,0.26158246283006775,0.5019596924296714,0.16772333356397404,0.001112451802405096,0.001171980850017149,0.16771554946899414,0.10836954614208898,0.16772333356397404,0.6791180372238159,0.41372740896809945,0.0021661153892433304,0.00021873047271480452,0.4137216806411743,0.2136651073826862,0.41372740896809945,166.08517456054688,descent_to_grasp,0.04791735544738154,0.18318259920394653,0.08823144435882568
episode_000001_000025,episode_000001,25.0,11.0,0.3476594770175049,0.001387491959558797,0.0005645016250401323,0.34765625,0.17401650077696906,0.3476594770175049,0.06118293291358033,0.000769398455360573,0.0002972322500026038,0.06117737293243408,0.07186770130545561,0.12275919478471237,0.5648931264877319,0.3106745829296258,0.0017838799548534482,0.00024784406112957454,0.3106693625450134,0.15798801960231718,0.3106745829296258,169.24407958984375,descent_to_grasp,0.016028481174651887,0.09210897301742113,0.03698688745498657
episode_000001_000026,episode_000001,26.0,11.0,0.21484490102742287,0.0006376350534642863,0.0002966562981462184,0.21484375,0.09493613936344455,0.21484490102742287,0.025414280743448623,0.0007519749887070661,0.00027065481063523065,0.025401711463928223,0.059207720737871415,0.09175355319523197,0.465067058801651,0.18917226582699587,0.0014764967454770404,8.118057842962793e-05,0.18916648626327515,0.08467271333919416,0.18917226582699587,175.88893127441406,descent_to_grasp,0.0102634260242504,0.10810873596785801,0.025677263736724854
episode_000001_000027,episode_000001,27.0,11.0,0.19922289855502806,0.0012414841995983107,0.0003341767296649914,0.19921875,0.09097468706570148,0.19922289855502806,0.0030938080352645512,0.0020130459559714567,0.00010178799885972462,0.002347111701965332,0.024056900408191553,0.048342164392327566,0.38456153869628906,0.1782414249270716,0.0026186462742585153,5.492777110873382e-05,0.1782221794128418,0.08111523133665967,0.1782414249270716,184.37953186035156,descent_to_grasp,0.009859455729041816,0.10837581361419099,0.020996570587158203
episode_000001_000028,episode_000001,28.0,11.0,0.031703617438525594,0.0052589291876880394,0.0009489586330640773,0.03125,0.00895170152577034,0.031703617438525594,0.1746422229877879,0.0038187842818739213,0.0006076820472563555,0.17459940910339355,0.08503233638482222,0.1746422229877879,0.31712156534194946,0.039246887356754696,0.00319969065020705,0.0006427022540413716,0.03911095857620239,0.013015230092100987,0.039246887356754696,192.59559631347656,grasp_close,-0.004063528566330648,-0.4539392376558221,-0.007860958576202393
episode_000001_000029,episode_000001,29.0,11.0,0.024095724511811443,0.005505004942498176,0.0009911882173338387,0.0234375,0.007440796913528912,0.024095724511811443,0.12237168993360466,0.0034996762039338682,0.0006334468455872818,0.12231999635696411,0.05714552043880666,0.12237168993360466,0.28811419010162354,0.02135644588708867,0.003015570199907776,0.0006345943979017494,0.021132946014404297,0.007972225321135168,0.02135644588708867,197.90374755859375,grasp_close,-0.0005314284076062565,-0.07142089937168013,0.002304553985595703
episode_000001_000030,episode_000001,30.0,11.0,0.013145267172327975,0.005857619481044977,0.001075751590594173,0.01171875,0.005241390681510411,0.013145267172327975,0.07458420561528005,0.0033077162048925053,0.0007249626329059826,0.07450729608535767,0.03286577346495074,0.07458420561528005,0.28791728615760803,0.009221974644978955,0.003216126718065387,0.0007954201872092966,0.008606314659118652,0.004645619645020762,0.009221974644978955,202.63299560546875,grasp_close,0.0005957710364896491,0.11366659588862509,0.0031124353408813477
episode_000001_000031,episode_000001,31.0,11.0,0.006352705524101168,0.004973737405930198,0.0006000121917896601,0.00390625,0.0036036090292487265,0.006835698765029645,0.033575832180892946,0.0020210362924832914,0.00027235712200046863,0.03351384401321411,0.015163028943086637,0.033575832180892946,0.29821258783340454,0.0021019236690841604,0.0017127431695065278,0.0002517267612807313,0.0011921525001525879,0.002128024455638371,0.003373174766445858,206.73129272460938,grasp_close,0.0014755845736103557,0.40947410266589956,0.002714097499847412
episode_000001_000032,episode_000001,32.0,11.0,0.005929717795778747,0.004431413539093142,0.0005151098141339855,0.00390625,0.003380971684577449,0.005929717795778747,0.015152648651175875,0.0013317182355787618,0.00022664345191161734,0.015092313289642334,0.0073529683591381095,0.015152648651175875,0.2993783950805664,0.0012013828985528777,0.001022918967959061,0.00020898090912195152,0.0005943775177001953,0.0016571818133559613,0.0022126682926888012,208.314697265625,grasp_close,0.0017237898712214876,0.5098504311895548,0.0033118724822998047
episode_000001_000033,episode_000001,33.0,11.0,0.0059823744474464015,0.004501630465325034,0.0005151098141339855,0.00390625,0.0033675049870654115,0.0059823744474464015,0.008997972118544697,0.001440424713847055,0.0002703714796961666,0.008877813816070557,0.0045445374970011065,0.008997972118544697,0.2895091474056244,0.0015177835447037348,0.0011805507338013281,0.0002490682474356472,0.0009208321571350098,0.0016708432754052277,0.0023063741798002575,207.87208557128906,grasp_close,0.0016966617116601838,0.5038334666695558,0.0029854178428649902
episode_000001_000034,episode_000001,34.0,11.0,0.006058127701353318,0.004602166998238737,0.0005120362328260479,0.00390625,0.0033583564279570577,0.006058127701353318,0.0017817934931033182,0.0016078259208578806,0.0002919422774527612,0.0007102489471435547,0.001569316071718912,0.00231450591677348,0.28130537271499634,0.0019270279920567692,0.0014926229695698902,0.000294605739706896,0.0011826753616333008,0.0016245040246229453,0.002173135598857839,203.57049560546875,grasp_close,0.0017338524033341123,0.5162800436845957,0.0027235746383666992
episode_000001_000035,episode_000001,35.0,11.0,0.00595231396883494,0.004461604464816487,0.0005151098141339855,0.00390625,0.00332107857317197,0.00595231396883494,0.0022459994243808107,0.0017072288166664644,0.0003350197713277813,0.001420438289642334,0.0016630539616462974,0.002442175198219744,0.25890958309173584,0.002457470480256006,0.0016605610712780623,0.00033229663993093717,0.0017808079719543457,0.0017659267432317137,0.002457470480256006,197.04461669921875,grasp_close,0.0015551518299402561,0.46826709928001703,0.0021254420280456543
episode_000001_000036,episode_000001,36.0,11.0,0.006115361375760442,0.004672382372750075,0.000554705918894885,0.00390625,0.0034096624885263465,0.006115361375760442,0.0029437627526207326,0.002085398537329388,0.0003841785966081047,0.0020418763160705566,0.001918934583573811,0.0029437627526207326,0.24110820889472961,0.002936567459574145,0.002081459132965766,0.0003773084508211357,0.0020368099212646484,0.0019539694994451886,0.002936567459574145,188.89698791503906,grasp_close,0.0014556929890811579,0.42693169601965714,0.0018694400787353516
episode_000001_000037,episode_000001,37.0,11.0,0.006196590370734668,0.004782965822212711,0.0005120362328260479,0.00390625,0.0034098594994841002,0.006196590370734668,0.003540245428575929,0.002403708606210307,0.0003565779773514084,0.0025745630264282227,0.0020672408984512254,0.003540245428575929,0.22302435338497162,0.0035307248444689213,0.0024967966891908293,0.00034746618154735733,0.002472102642059326,0.0020901840764341777,0.0035307248444689213,180.28805541992188,grasp_close,0.0013196754230499225,0.38701753642623243,0.0014341473579406738
episode_000001_000038,episode_000001,38.0,11.0,0.006080879295243561,0.004631734644839305,0.0005151098141339855,0.00390625,0.003387223020251605,0.006080879295243561,0.0035135528598482153,0.0022953213454818557,0.0003689771331771353,0.0026344656944274902,0.001974918589805958,0.0035135528598482153,0.21977074444293976,0.0032523387571146666,0.002370067556286296,0.00035675037812867504,0.002198457717895508,0.0018908126726528828,0.0032523387571146666,174.17098999023438,lift,0.0014964103475987223,0.44178087437760977,0.0017077922821044922
episode_000001_000039,episode_000001,39.0,11.0,0.005560539632902408,0.003938697129220801,0.00038402717461953617,0.00390625,0.002997819595259317,0.005560539632902408,0.003187530237432831,0.0015704781774501333,0.0002447974772514059,0.0027629733085632324,0.0016852217074498313,0.003187530237432831,0.21691462397575378,0.00200938399210229,0.0015377221689432926,0.0002464747880406808,0.0012697577476501465,0.0016352309508181364,0.0021251549033072755,169.5329132080078,lift,0.0013625886444411808,0.45452656543974396,0.0026364922523498535
episode_000001_000040,episode_000001,40.0,11.0,0.003281137669607108,0.0032747679468331063,0.0002043509268617205,0.0,0.0024363204749320486,0.0033826607907666917,0.0013786392775555706,0.0009120812026033797,0.00010995449546380503,0.0010279417037963867,0.0013068076855001476,0.001704369010792257,0.21274594962596893,0.0008760265090246633,0.0006425264036915145,0.000118933504749425,0.0005834698677062988,0.00183306768737413,0.002772197386813111,165.8819122314453,lift,0.0006032527875579187,0.2476081425924658,-0.0005834698677062988
episode_000001_000041,episode_000001,41.0,11.0,0.0031781563703126617,0.0031743341866841295,0.00015582164614506703,0.0,0.0021285511738053167,0.004044140895727423,0.001225914331647158,0.0008313920797852111,0.00012009491079981235,0.0008928775787353516,0.001317610833406069,0.002905005266078032,0.2068130522966385,0.0005791364706361394,0.0005167870728738953,6.768573486250466e-05,0.0002524852752685547,0.0014762260412517205,0.002395265438344398,162.68722534179688,lift,0.0006523251325535962,0.3064643878809839,-0.0002524852752685547
episode_000001_000042,episode_000001,42.0,11.0,0.006198710746112487,0.004801411434653443,0.00033417672966499156,0.00390625,0.0032982858734756622,0.006198710746112487,0.004067185749019897,0.0025638655380618705,0.00021137135466107082,0.0031502246856689453,0.001979888502430811,0.004067185749019897,0.19829371571540833,0.004701500263396313,0.0021513497886138143,0.0002112221437037976,0.004175066947937012,0.0025761221630212243,0.004701500263396313,160.7576446533203,lift,0.000722163710454438,0.21895121834707357,-0.0002688169479370117
episode_000001_000043,episode_000001,43.0,11.0,0.009455498498125265,0.005313705674635339,0.0003685479634963777,0.0078125,0.005668335185239355,0.009455498498125265,0.007884541358478344,0.003127744263076865,0.0002353029189587255,0.007233798503875732,0.00487328073770719,0.007884541358478344,0.1937890648841858,0.008499912939999972,0.0028574382441386805,0.00021249596356289125,0.008002400398254395,0.004161338804247449,0.008499912939999972,160.80918884277344,lift,0.0015069963809919065,0.2658622561552473,-0.00018990039825439453
episode_000001_000044,episode_000001,44.0,11.0,0.01663955360789427,0.005715430170508499,0.00026072444463163305,0.015625,0.006268481883247962,0.01663955360789427,0.015367206323201594,0.0035720733738943446,0.0001399204135661816,0.014945626258850098,0.005333039565355598,0.015367206323201594,0.18924783170223236,0.016001907507263824,0.003585590082694129,0.00012925023691841696,0.015594482421875,0.005816935658567089,0.016001907507263824,161.1236572265625,lift,0.0004515462246808726,0.07203438297996766,3.0517578125e-05
episode_000001_000045,episode_000001,45.0,11.0,0.02040115713360152,0.0058863809652595755,0.00029665629814621823,0.01953125,0.007141096362907787,0.02040115713360152,0.01925994703311736,0.0036279414783119057,0.0001635857215980102,0.018914461135864258,0.006123793640581416,0.01925994703311736,0.1946800798177719,0.016854187125844917,0.0036838653044989574,0.00014842182625502364,0.01644599437713623,0.006171515666305952,0.016854187125844917,164.41859436035156,lift,0.0009695806966018346,0.1357747672525498,0.0030852556228637695
episode_000002_000000,episode_000002,0.0,11.0,0.4557508500016291,0.005109756532275237,0.01591177324618405,0.4554443359375,0.7715834668403181,0.911734381238218,0.023995037167509226,0.0010101770603864137,0.0008088948183858537,0.023960113525390625,0.08434157423391825,0.12801478735149976,2.1213083267211914,0.0031698702878966874,0.000761872026783117,0.0009963767425406776,0.002911161631345749,0.03960145515039284,0.06333448402221988,201.72776794433594,hold,0.7319820116899253,0.9486750859079923,0.45253317430615425
episode_000002_000001,episode_000002,1.0,11.0,0.45656608479053234,0.0053217605000386034,0.016472550292526447,0.45623779296875,0.7732235697479676,0.916940936814543,0.008345195079168,0.0010991834093074958,0.0013118941263217214,0.008167803287506104,0.07148335173525387,0.11150421969440842,2.1664183139801025,0.003386782295341327,0.0008380235398543229,0.001607408744646765,0.002860812470316887,0.03351166425028867,0.05379882276148463,200.02322387695312,hold,0.739711905497679,0.9566597998801152,0.4533769804984331
episode_000002_000002,episode_000002,2.0,11.0,0.4551724231613269,0.005399792543970254,0.01669801498976348,0.454833984375,0.7719745623964481,0.9138350171990975,0.015358202100061842,0.0011817641528698874,0.0015408403248538729,0.015234947204589844,0.061362453744140476,0.09519265420154228,2.200744867324829,0.002599420792033452,0.0008952118069772947,0.0016682992793928984,0.001781112514436245,0.02656269997329654,0.043669996150354135,198.28321838378906,alignment,0.7454118624231516,0.9655912237692941,0.45305287186056376
episode_000002_000003,episode_000002,3.0,11.0,0.44004472294781766,0.005333980306020187,0.01664996847488824,0.439697265625,0.7664222356855166,0.9132594526442899,0.03857776262380442,0.0011258531121805951,0.00147549307180803,0.03853309154510498,0.059579488951255234,0.08312659234206117,2.2051844596862793,0.002261998099400447,0.0008610137452278807,0.0017194321813941158,0.0011911522597074509,0.023784362051162307,0.038554751941168586,195.68240356445312,alignment,0.7426378736343543,0.9689670250369384,0.43850611336529255
episode_000002_000004,episode_000002,4.0,11.0,0.3819359274008768,0.0049656590185227605,0.01616740583432435,0.381561279296875,0.7269631823155451,0.8872546836897444,0.10231598704442618,0.0012208032378353926,0.0011567705556726564,0.10230216383934021,0.04840456943423121,0.10231598704442618,2.1927034854888916,0.001832317596472954,0.0009061092704054958,0.0015889193273189589,0.00010811630636453629,0.014072460489966437,0.020286844260280965,191.8470001220703,alignment,0.7128907218255787,0.9806421276451134,0.38145316299051046
episode_000002_000005,episode_000002,5.0,11.0,0.3891853994523963,0.004470432303299541,0.013770372991231614,0.388916015625,0.750449995559426,0.9175790919316286,0.1018876710683191,0.0008777553648228228,0.001589493293856898,0.10187149047851562,0.06404430273878955,0.1018876710683191,2.1846888065338135,0.002257019429835553,0.0006893666562557362,0.0012607347885982786,0.001740533858537674,0.010864547133475917,0.019054911285237754,188.28314208984375,alignment,0.7395854484259501,0.9855226234955509,0.3871754817664623
episode_000002_000006,episode_000002,6.0,11.0,0.4463519694032068,0.0034239154502977796,0.009945099598092678,0.44622802734375,0.7562483328390552,0.9084554748699494,0.06899453126717675,0.0018402283383679523,0.005400949603343017,0.06875818967819214,0.04078589389627078,0.06899453126717675,2.2018730640411377,0.004869661899739829,0.0014355839148873404,0.004613020170011538,0.00061053317040205,0.0068250292910165935,0.01554124895802155,185.98695373535156,alignment,0.7494233035480387,0.9909751479842679,0.44561749417334795
episode_000002_000007,episode_000002,7.0,11.0,0.5168373040161492,0.004622403771789293,0.012617146632579025,0.51666259765625,0.8149067915087562,0.9418450922556202,0.020771562093734302,0.0014062408507734855,0.0029370511434147206,0.020514726638793945,0.06515214482837996,0.0957985075506304,2.2174735069274902,0.0024717024593492007,0.0008305752408193756,0.002033097489396626,0.0011340072378516197,0.012389088506685023,0.025735708181559735,184.0227813720703,alignment,0.8025177030020711,0.9847969256904249,0.5155285904183984
episode_000002_000008,episode_000002,8.0,11.0,0.45267421051533396,0.0036814800090799226,0.008697021919801155,0.45257568359375,0.7636671864130511,0.9289254900049916,0.11022350702703287,0.0018414194052554537,0.006759911108589712,0.1100006103515625,0.05732196974813836,0.11022350702703287,2.2280917167663574,0.0077502281785235775,0.0014025194347512017,0.0060453198740097365,0.004642529878765345,0.009243170583786344,0.017228636785750456,182.48184204101562,alignment,0.7544240158292648,0.987896336587144,0.44793315371498466
episode_000002_000009,episode_000002,9.0,11.0,0.29841895071432667,0.0025716195242129884,0.00637138522520862,0.29833984375,0.6354297707593926,0.8485543519575993,0.2889937329622841,0.002754733859879593,0.008585164849244292,0.2888530492782593,0.1506510225572401,0.2889937329622841,2.2257416248321533,0.009752256720044003,0.0023021489909171556,0.007781776790446455,0.005408379714936018,0.016177492211179825,0.023880400652118747,181.38796997070312,alignment,0.6192522785482127,0.9745408651661909,0.292931464035064
episode_000002_000010,episode_000002,10.0,11.0,0.2333232007904469,0.0029239093828879476,0.00838096830588369,0.233154296875,0.6082216776924163,0.8249897189329531,0.36906648467539654,0.002584591206315119,0.005858925957713332,0.36901092529296875,0.17588290412424862,0.36906648467539654,2.186028242111206,0.008175953137678516,0.0017601432998570615,0.005237912418923579,0.006025975337252021,0.014988792160487355,0.02257192054931368,179.86708068847656,alignment,0.593232885531929,0.9753563664199629,0.22712832153774798
episode_000002_000011,episode_000002,11.0,11.0,0.37708850699626734,0.0027093401215855964,0.006980302748234295,0.37701416015625,0.707045724693409,0.9064337463465998,0.23646806965865616,0.0027506566564402843,0.006815876992800019,0.2363538146018982,0.10056729356636229,0.23646806965865616,2.121288537979126,0.009011287071360029,0.00221952933299044,0.00628847205589041,0.006060701562091708,0.016451781400726805,0.024080705488108964,179.2665252685547,alignment,0.6905939432926822,0.9767316584682545,0.3709534585941583
episode_000002_000012,episode_000002,12.0,11.0,0.6348961562591064,0.004084664537755549,0.00845909587738035,0.63482666015625,0.8342419831319766,0.9241253275793834,0.015402553083519429,0.0014111313747918407,0.004586440383363436,0.014635980129241943,0.07622942524197035,0.14035388672604543,2.0403225421905518,0.005477876544985636,0.0010958002489218801,0.0032889463700164568,0.004241365939378738,0.033816142506404,0.10582891066847717,179.5301971435547,alignment,0.8004258406255726,0.9594648277236675,0.6305852942168713
episode_000002_000013,episode_000002,13.0,11.0,0.6089924537693143,0.0047424548335575955,0.010309296774293744,0.60888671875,0.8194780715520578,0.9108157166648488,0.012290747690812724,0.0011342630039827592,0.001974009059067545,0.012078046798706055,0.08722890664835284,0.16852753982669025,1.9574061632156372,0.002229558123697329,0.0009207241061710397,0.0014066910543730116,0.0014643827453255653,0.0024976373111065763,0.003946409893447255,180.52459716796875,alignment,0.8169804342409512,0.9969521608962932,0.6074223360046744
episode_000002_000014,episode_000002,14.0,11.0,0.7039178566825616,0.004487201069838573,0.008058762597842826,0.703857421875,0.8373905626258173,0.9004280658394073,0.07428193259073007,0.0014203653010681897,0.0031273536064627457,0.07420247793197632,0.11651053737223713,0.1742089114114417,1.8915576934814453,0.0031509981535391817,0.0012097635766002816,0.0017507424794262832,0.0023238249123096466,0.03300717354608637,0.0844072511920679,183.00106811523438,alignment,0.804383389079731,0.9605832988580796,0.7015335969626904
episode_000002_000015,episode_000002,15.0,11.0,0.8161573624334485,0.005052433249518993,0.008145540595001027,0.81610107421875,0.8825002635917769,0.928655571390574,0.17859614111439212,0.0010218977580386194,0.0023751434529768302,0.17857742309570312,0.17926648293350458,0.238016603146785,1.828613519668579,0.030681531259693865,0.0008859799026143459,0.001328047899311813,0.030639968812465668,0.025558674826236638,0.0618865491168846,185.0050048828125,alignment,0.8569415887655403,0.9710383374592855,0.7854611054062843
episode_000002_000016,episode_000002,16.0,11.0,0.5649620732570957,0.0033916136600559846,0.008989300791728315,0.56488037109375,0.7105088009921797,0.8186474941389452,0.07558134467992499,0.0027764187803959724,0.0008256131955678748,0.07552582025527954,0.09649917836854285,0.18777892494586834,1.7568531036376953,0.0031554772672350378,0.0025513085685914603,0.0008188322428849091,0.0016665458679199219,0.029126911901283116,0.07634780798752958,185.44097900390625,alignment,0.6813818890908966,0.9590055579035626,0.5632138252258301
episode_000002_000017,episode_000002,17.0,11.0,0.3024329834755755,0.002381340466363294,0.005790688473237586,0.3023681640625,0.39297659606878554,0.5644671257638398,0.3417340036070481,0.0036175389323152554,0.0020378318734395433,0.341708779335022,0.27207414562396764,0.49600635156806117,1.6726257801055908,0.01009682939713634,0.0030325597475396268,0.0020420425814295117,0.009411673992872238,0.065175245263594,0.18033578065903438,184.67294311523438,alignment,0.32780135080519157,0.8341498045543,0.29295649006962776
episode_000002_000018,episode_000002,18.0,11.0,0.1288277957215491,0.0015420790961676325,0.002976240036028868,0.1287841796875,0.19167491970946376,0.3105518803930112,0.5102102250929902,0.004393589040650407,0.003546160465057072,0.5101789832115173,0.4136093976119149,0.6202015497299247,1.5637871026992798,0.02779484961839871,0.0038206857829923423,0.004501927045580419,0.027160424855537713,0.11086522270884167,0.29490137173047737,183.04183959960938,alignment,0.0808096970006221,0.4215976567153986,0.10162375483196229
episode_000002_000019,episode_000002,19.0,11.0,0.14358445989492458,0.0012299816668415668,0.0026525393859055785,0.1435546875,0.24493373280739933,0.373051987748019,0.47033353617882134,0.004050051480060848,0.002547686327196447,0.47030919790267944,0.3034755351919422,0.5299422563105106,1.4255897998809814,0.035223816711696256,0.00381290930034675,0.004088222032789641,0.03477736946661025,0.13068315105049866,0.33682687323486343,181.29678344726562,alignment,0.11425058175690067,0.4664550711221971,0.10877731803338975
episode_000002_000020,episode_000002,20.0,11.0,0.14262496591925214,0.0009887468011441298,0.0035187433432167757,0.142578125,0.2484047907202734,0.3750058529283156,0.4303900325225863,0.004055574248977288,0.0009047624244709365,0.4303699731826782,0.265619634006237,0.47212929004411025,1.2744261026382446,0.0378851406373435,0.004091231449968242,0.0027329282594909855,0.03756430232897401,0.13158377058242515,0.33745432382787094,177.94729614257812,alignment,0.11682102013784826,0.47028489184574324,0.10501382267102599
episode_000002_000021,episode_000002,21.0,11.0,0.11526967049844,0.0007766214025665763,0.0027445608711377575,0.115234375,0.1965456864452577,0.29394959367181767,0.414413861232592,0.0037885286051301823,0.0009770213511745881,0.41439539194107056,0.24277426577439276,0.4398156608358611,1.1377296447753906,0.05489287397111112,0.004033764917742323,0.002978934419735587,0.054663354298099875,0.17136328626029415,0.42146456762336165,174.39157104492188,descent_to_grasp,0.025182400184963538,0.12812491914940802,0.060571020701900125
episode_000002_000022,episode_000002,22.0,11.0,0.0678849090392509,0.0005436967427472414,0.0012569416446301606,0.06787109375,0.12808424377772482,0.2168020269533539,0.406210199427964,0.003166438303368346,0.0016496656951860162,0.4061945080757141,0.2400117539708276,0.41303930797910354,0.9910173416137695,0.05827854776305071,0.003368502743773191,0.004052441528720104,0.05803981423377991,0.20219035357365076,0.49423309375098745,170.09881591796875,descent_to_grasp,-0.07410610979592594,-0.5785731922228342,0.009831279516220093
episode_000002_000023,episode_000002,23.0,11.0,0.23975414758039879,0.0019152490037010086,0.0004400396273835699,0.23974609375,0.32931046273173303,0.46681640770500377,0.17603902540462116,0.0006090170220742087,0.0017206194408955124,0.17602956295013428,0.1108076699568297,0.20730590465345597,0.8479217886924744,0.08050277944524947,0.001146111184540996,0.0039429552611436975,0.08039799146354198,0.2605682048971724,0.567589520208012,167.2756805419922,descent_to_grasp,0.06874225783456062,0.20874604852916648,0.15934810228645802
episode_000002_000024,episode_000002,24.0,11.0,0.41824456281986633,0.004803767152666405,0.001848313990060743,0.418212890625,0.45848770304049624,0.6289174432978499,0.060847537154449696,0.0035096116357065904,0.0006121731586998568,0.06074315309524536,0.20036796191227796,0.3538985960218056,0.7120829224586487,0.0067199167868681395,0.0031544851250100508,0.0009379858932689548,0.005858898162841797,0.11801503686178964,0.2770704571336305,167.7921142578125,descent_to_grasp,0.3404726661787066,0.7425993410964702,0.4123539924621582
episode_000002_000025,episode_000002,25.0,11.0,0.8701404079289128,0.006336283773447346,0.0005109165558196564,0.8701171875,0.47551634609455445,0.8701404079289128,0.5714021337123364,0.005914175481079803,0.0012104465492523823,0.5713702440261841,0.2853455497279811,0.5714021337123364,0.5832588076591492,0.840099149577747,0.007514229711993112,0.0005552339764920015,0.8400653600692749,0.4518044255077636,0.840099149577747,171.4370574951172,descent_to_grasp,0.023711920586790836,0.04986562666360121,0.030051827430725098
episode_000002_000026,episode_000002,26.0,11.0,0.4941476981248553,0.002615175965812459,0.00038876904503214107,0.494140625,0.20867059953060935,0.4941476981248553,0.2523221905840873,0.0030294958352856003,0.0008089742254747803,0.25230270624160767,0.09212635294397142,0.2523221905840873,0.4702913463115692,0.4746191666001106,0.003785022311572554,0.0004793551734719218,0.4746038317680359,0.19850521213064967,0.4746191666001106,178.53350830078125,descent_to_grasp,0.010165387399959674,0.048714995897007236,0.01953679323196411
episode_000002_000027,episode_000002,27.0,11.0,0.39844243682156616,0.0019486210088066073,0.00037004083798042737,0.3984375,0.15142065594590262,0.39844243682156616,0.21077276316509458,0.0031562079822715174,0.0003431026860526043,0.2107488512992859,0.0614402964787254,0.21077276316509458,0.37757471203804016,0.3897017406462028,0.0037039834124312104,0.0003009621986883511,0.3896840214729309,0.14476899718438363,0.3897017406462028,187.35797119140625,descent_to_grasp,0.0066516587615189915,0.043928344649988835,0.008753478527069092
episode_000002_000028,episode_000002,28.0,11.0,0.3984448644882386,0.0024023227907415423,0.0003122114826542965,0.3984375,0.15288196148514105,0.3984448644882386,0.27622488613842583,0.004405116572155455,0.0002712326259872756,0.2761896252632141,0.09213991448352873,0.27622488613842583,0.3051775395870209,0.40085882499579956,0.0049146831724821505,0.00035316727608476376,0.4008285403251648,0.14968432038431356,0.40085882499579956,195.76451110839844,descent_to_grasp,0.0031976411008274863,0.02091575140562461,-0.002391040325164795
episode_000002_000029,episode_000002,29.0,11.0,0.01598212136838908,0.0033027656800346844,0.000615887405865649,0.015625,0.0056779662587917714,0.01598212136838908,0.08336567198842398,0.0006440735174637855,0.00020291507066109865,0.08336293697357178,0.03598856745791838,0.08336567198842398,0.2919936776161194,0.009568980744745013,0.00018790070607635435,0.0001907375634805607,0.009565234184265137,0.0040744431488164866,0.009568980744745013,201.55642700195312,grasp_close,0.0016035231099752849,0.28241152498791045,0.006059765815734863
episode_000002_000030,episode_000002,30.0,11.0,0.008589829217702129,0.0035199424866030025,0.0006000121917896599,0.0078125,0.003969817308650965,0.00898308955525665,0.03746633705213149,0.0003327340321473959,0.0001642539573696812,0.03746449947357178,0.016784234995883468,0.03746633705213149,0.31140944361686707,0.0017640870324998744,0.0003111047574907089,0.00022085340610688805,0.0017223358154296875,0.0015885518413122708,0.002339947882141755,205.480224609375,grasp_close,0.002381265467338694,0.5998425827177177,0.0060901641845703125
episode_000002_000031,episode_000002,31.0,11.0,0.005141052182263624,0.003332214165120407,0.00026072444463163305,0.00390625,0.0031984486192701334,0.007406189199789803,0.01216687171940893,0.0002028561639318795,0.00024930045012961646,0.012162625789642334,0.006467511078026389,0.01216687171940893,0.33076515793800354,0.0022467088037303675,0.00025013612986659944,0.0002966844015864664,0.0022129416465759277,0.001444518247043667,0.0022467088037303675,208.67538452148438,grasp_close,0.0017539303722264663,0.5483690942100244,0.0016933083534240723
episode_000002_000032,episode_000002,32.0,11.0,0.0029699486544906483,0.0029681905573907316,0.0001021754634308593,0.0,0.0023845379211732843,0.0061169920639216726,0.00398223394358296,0.0007019380151063037,0.00032662079216258977,0.00390625,0.0019249423795884807,0.00398223394358296,0.33673742413520813,0.003241903196377958,0.0007831521256550301,0.0003857238040514957,0.0031221508979797363,0.0017088580408996588,0.003241903196377958,209.76686096191406,grasp_close,0.0006756798802736255,0.283358832029463,-0.0031221508979797363
episode_000002_000033,episode_000002,33.0,11.0,0.0029574049671724665,0.0029556394087454354,0.0001021754634308593,0.0,0.0023422383810244155,0.006085115597531836,0.005731986773871367,0.0006979986474912195,0.00029235934688997894,0.005681812763214111,0.002196994501538478,0.005731986773871367,0.3299586772918701,0.0030867969993207305,0.000753993930721255,0.00032731183016981256,0.0029753446578979492,0.001613327032495342,0.0030867969993207305,209.20919799804688,grasp_close,0.0007289113485290735,0.3112028879871196,-0.0029753446578979492
episode_000002_000034,episode_000002,34.0,11.0,0.002585278075444694,0.002581495572628713,0.0001397974816417537,0.0,0.0021842748951799522,0.00596123804053167,0.004264546036375997,0.0008554656840362895,0.00021034437758245625,0.004172563552856445,0.001872633222628746,0.004264546036375997,0.30638712644577026,0.0023063389555451562,0.0008838483478228478,0.0002655863752279222,0.002113640308380127,0.0013920261433172077,0.002682823807002047,203.2689208984375,grasp_close,0.0007922487518627445,0.36270560706942284,-0.002113640308380127
episode_000002_000035,episode_000002,35.0,11.0,0.0028745884544875196,0.0028727719988446065,0.0001021754634308593,0.0,0.003017154377242551,0.0062392805949459925,0.0033035428952445244,0.00028366725742420265,0.00020721690583900575,0.0032848119735717773,0.0021065256674029148,0.003366157251594542,0.28003785014152527,0.0013308456033324207,0.0002137951456050703,0.00022299726547530367,0.0012944936752319336,0.0017002740044321934,0.0036890766616005845,195.60694885253906,grasp_close,0.0013168803728103578,0.43646436614021916,-0.0012944936752319336
episode_000002_000036,episode_000002,36.0,11.0,0.0028519259890790053,0.0028476659673804623,0.00015582164614506703,0.0,0.0028643692330826338,0.005905842303382653,0.0025880601549379064,0.00011164751918717567,0.00023919744978849822,0.0025745630264282227,0.001901224489934542,0.0032161442708349957,0.258480042219162,0.0011371842485547927,0.00010770313809815994,0.0002743150376313914,0.001098334789276123,0.0017120082949982657,0.003825455351857209,187.34474182128906,grasp_close,0.001152360938084368,0.4023087962176571,-0.001098334789276123
episode_000002_000037,episode_000002,37.0,11.0,0.0030199264680302973,0.0030159037595557637,0.00015582164614506703,0.0,0.0028694553874829406,0.005935424165709194,0.002157547201237208,0.00026011718754714565,0.0002179928285673316,0.0021306872367858887,0.0017887193369795211,0.0031333616240060906,0.241611510515213,0.0009782933002911835,0.0004791971824511774,0.0002626106433367845,0.000811457633972168,0.001658015873476411,0.0036690278283072588,178.3566131591797,grasp_close,0.0012114395140065295,0.4221844742005879,-0.000811457633972168
episode_000002_000038,episode_000002,38.0,11.0,0.002928079501034662,0.0029229962491670084,0.00017246011636026996,0.0,0.0030180379153396525,0.006178396104996957,0.00210716088416481,0.00021587580641343907,0.00016736413597304235,0.002089381217956543,0.0018225613078635908,0.0030663560137486885,0.23624227941036224,0.0009828156686954043,0.00045850661612358706,0.0002120571383741344,0.000843048095703125,0.0017343548383547112,0.0037832450803650624,172.1416473388672,grasp_close,0.0012836830769849413,0.4253369616267642,-0.000843048095703125
episode_000002_000039,episode_000002,39.0,11.0,0.0028068851759522058,0.0027999568547924414,0.00019709389204402924,0.0,0.0029977885011222673,0.006178379162345671,0.002196600040229594,8.628927741295166e-05,0.00012564868008791715,0.002191305160522461,0.001896814283121656,0.003237973647357787,0.2323678880929947,0.0007060997350406858,0.00038011468613607696,0.00018746351711155463,0.0005647540092468262,0.0016937426400703882,0.003500234315427922,167.11923217773438,lift,0.001304045861051879,0.4350026229547848,-0.0005647540092468262
episode_000002_000040,episode_000002,40.0,11.0,0.0031791764816930363,0.003174094335572313,0.00017968931698314296,0.0,0.0032291888772552173,0.006481934763687545,0.002509075344332049,0.00045231221276525996,6.565670769321331e-05,0.0024670958518981934,0.002070514893714094,0.0035747145277237333,0.22862467169761658,0.0015062694873893092,0.0008751809512642689,7.987634847245467e-05,0.0012233257293701172,0.0021788498265912257,0.004537980242073413,163.0902099609375,lift,0.0010503390506639916,0.32526404945280585,-0.0012233257293701172
episode_000002_000041,episode_000002,41.0,11.0,0.0029774262291562756,0.002953994301243652,0.000372806408592698,0.0,0.002855179201988185,0.004781099891473162,0.002333309695781725,0.0003531490862067909,0.0001991212236637391,0.002297818660736084,0.001971313930339098,0.0031362239828341696,0.2177838534116745,0.0023812087577787214,0.00037304894903340157,0.00019491845482562893,0.0023437142372131348,0.00202451328258186,0.0023812087577787214,160.36813354492188,lift,0.0008306659194063249,0.2909330240385249,-0.0023437142372131348
episode_000002_000042,episode_000002,42.0,11.0,0.0012643555858141136,0.0012272830265009974,0.00030392666918502276,0.0,0.0029612122178691914,0.004414900650656591,0.0025433041766127914,0.0012417684070348924,0.00016327351172033968,0.0022135376930236816,0.0024287617191201655,0.0032587307804932686,0.20608197152614594,0.0034660821792430337,0.001486743224149314,0.00018909788917823565,0.003125309944152832,0.002686402160964145,0.0034660821792430337,158.4750213623047,lift,0.00027481005690504655,0.09280322944999614,-0.003125309944152832
episode_000002_000043,episode_000002,43.0,11.0,0.005931221674163993,0.004440278323636173,0.00045224981395182326,0.00390625,0.004395119055602555,0.006560424429446287,0.002754990106607662,0.0020600075480995943,0.0003098856468597581,0.0018028616905212402,0.0031645674319016248,0.005312493050471127,0.19739004969596863,0.003943803307288527,0.0019514797370063103,0.00027166090009700665,0.0034163594245910645,0.003511010452020441,0.004696260655055837,158.78248596191406,lift,0.0008841086035821137,0.2011569180259454,0.0004898905754089355
episode_000002_000044,episode_000002,44.0,11.0,0.006589283881332313,0.005303544546399886,0.00017968931698314405,0.00390625,0.00424427465691111,0.006589283881332313,0.0034099386500471094,0.0030101223911851195,0.00011506130846729594,0.0015980005264282227,0.003137072128275426,0.005410814527397955,0.18823722004890442,0.00408381867282275,0.002948892375457119,9.805328013393579e-05,0.002823472023010254,0.0035245736699227037,0.004962038977992642,159.52322387695312,lift,0.0007197009869884061,0.16956984294512853,0.001082777976989746
episode_000002_000045,episode_000002,45.0,11.0,0.006687167833799369,0.0054240739829596605,0.0001970938920440295,0.00390625,0.003404627021053331,0.006687167833799369,0.0033988001489346966,0.0030389837186958982,9.383113286389249e-05,0.0015190839767456055,0.0023501749396073147,0.004832943357386676,0.19133751094341278,0.003859727160634183,0.002904603448073591,0.00011982457960742794,0.0025389790534973145,0.002519409952669139,0.004023863100096083,163.11485290527344,lift,0.0008852170683841917,0.26000412465454775,0.0013672709465026855
episode_000002_000046,episode_000002,46.0,11.0,0.006851915263519519,0.005625089924881141,0.00021981140314469443,0.00390625,0.0034011062262814208,0.006851915263519519,0.002847978662837879,0.0027895470820028592,0.00013425605812750714,0.000558018684387207,0.0023097597565393323,0.004657965230071895,0.2139466106891632,0.003311983358395155,0.002640734709882067,0.00012780615175022705,0.0019948482513427734,0.0025001479000230586,0.003985120502963399,169.1265411376953,lift,0.0009009583262583622,0.2649015544696526,0.0019114017486572266
episode_000003_000000,episode_000003,0.0,11.0,0.536942588836194,0.004068697799104318,0.014055790141779533,0.5367431640625,0.7753867323415478,0.9021746601546385,0.14161723443883523,0.0006685637216930869,0.001211584776109922,0.14161047339439392,0.09945899389830434,0.14161723443883523,2.268707513809204,0.013462280052431337,0.0005599204417677409,0.0007770891506805916,0.013428164646029472,0.03232599843796606,0.06593479488807008,202.57931518554688,hold,0.7430607339035817,0.9583098380593301,0.5233149994164705
episode_000003_000001,episode_000003,1.0,11.0,0.536111852517585,0.004259709764875762,0.014869587707949347,0.535888671875,0.7823343952964581,0.9185493581927774,0.126210929638027,0.0005026682240948211,0.0007633888572970487,0.1262076199054718,0.09411389579024569,0.126210929638027,2.261885404586792,0.013777392243627925,0.0004827247907778299,0.0014727470364104005,0.01368994265794754,0.03726650577801725,0.07248445442012237,199.0320587158203,hold,0.7450678895184408,0.9523649912338374,0.5221987292170525
episode_000003_000002,episode_000003,2.0,11.0,0.5578133579588259,0.004672679741723348,0.01628021391031493,0.55755615234375,0.7985990324258561,0.9311401773989714,0.12713754055572518,0.0004324613910904669,0.0016773229029993792,0.12712574005126953,0.0948810078222076,0.12713754055572518,2.292482376098633,0.016027955675832307,0.0005526816738631727,0.002606911714273958,0.015804870054125786,0.04039154952441585,0.07558936028036857,197.02426147460938,alignment,0.7582074829014402,0.9494219904052215,0.5417512822896242
episode_000003_000003,episode_000003,3.0,11.0,0.5586392331260572,0.004863156625661643,0.017316356605490968,0.558349609375,0.8015966139853878,0.9361728025039912,0.1256692921024406,0.0004448798019898619,0.0026957516483398195,0.12563958764076233,0.09470996936885472,0.1256692921024406,2.2799360752105713,0.015251502211581754,0.0006143107280624856,0.003548508459423584,0.014820223674178123,0.03947735084663276,0.07174941416179485,193.77197265625,alignment,0.7621192631387551,0.950751599797361,0.5435293857008219
episode_000003_000004,episode_000003,4.0,11.0,0.6101807719782607,0.0056135824340183904,0.019825804815083194,0.609832763671875,0.8330550517488975,0.9426924007444215,0.17965365946893985,0.0010501141152219782,0.00536790188152549,0.17957037687301636,0.128848380089508,0.17965365946893985,2.2427666187286377,0.022991852099949125,0.001310287774285653,0.006458337766188715,0.022027216851711273,0.08547261966097894,0.16867324845916185,189.10435485839844,alignment,0.7475824320879185,0.8973985939086023,0.5878055468201637
episode_000003_000005,episode_000003,5.0,11.0,0.6510702377101019,0.005822303598191897,0.019341553539275528,0.6507568359375,0.8680717065400758,0.9513070037367514,0.22308434509176714,0.0013086881203694138,0.0050123119111999265,0.2230241894721985,0.16617319583127893,0.22784896969283783,2.2118048667907715,0.0276990345836261,0.0014866881052035127,0.0060372612747562815,0.026992179453372955,0.14242081530171563,0.2641973979641102,184.65452575683594,alignment,0.7256508912383601,0.8359342733685323,0.623764656484127
episode_000003_000006,episode_000003,6.0,11.0,0.6489743960152372,0.005625490324012168,0.018661448443642592,0.648681640625,0.8743516646454005,0.9632956294832341,0.20633057342849667,0.0011139610690144009,0.004615324837791652,0.20627593994140625,0.16177581938232868,0.22743750207727667,2.1917595863342285,0.029990846619865733,0.0013211826880742403,0.006094132977771531,0.029335420578718185,0.14181908234605795,0.2678394479638763,180.75425720214844,alignment,0.7325325822993425,0.8378008665385526,0.6193462200462818
episode_000003_000007,episode_000003,7.0,11.0,0.7103061849246133,0.004548862842705508,0.01108743407916508,0.710205078125,0.8660199426403785,0.9265973543005049,0.24586484823162352,0.0005549939405365412,0.0030391873002074354,0.24584543704986572,0.13841858323067277,0.24586484823162352,2.1809146404266357,0.01913306099596884,0.0005857246126604616,0.0025852184860958778,0.018948551267385483,0.12136451631285664,0.2161379904081932,177.8505096435547,alignment,0.7446554263275219,0.8598594439490245,0.6912565268576145
episode_000003_000008,episode_000003,8.0,11.0,0.8230000346653167,0.005037883354122173,0.013371760794099291,0.8228759765625,0.9119512788505209,0.9518460097793542,0.3336616155297546,0.00043333915179619945,0.001399955196258868,0.3336583971977234,0.16833618125869326,0.3336616155297546,2.175734519958496,0.042836930500792916,0.000208527447251291,0.0017433458822737223,0.04280093312263489,0.17852247077255248,0.3060351602913771,175.71372985839844,alignment,0.7334288080779684,0.8042412188976005,0.7800750434398651
episode_000003_000009,episode_000003,9.0,11.0,0.803768989409392,0.005386643992798736,0.01274389522756805,0.80364990234375,0.8858504617917775,0.9268119635772801,0.2874776457864473,0.0007960276565088385,0.0011570909161081543,0.28747421503067017,0.12659733411476015,0.2874776457864473,2.1631388664245605,0.026066296994844165,0.00041486677759122883,0.0020192028443517846,0.025984659790992737,0.11786360771384226,0.2005454611734281,174.20387268066406,alignment,0.7679868540779352,0.8669486411110021,0.7776652425527573
episode_000003_000010,episode_000003,10.0,11.0,0.8637425443300342,0.008182955822225186,0.01755340040202146,0.863525390625,0.8886710184878746,0.9229054042136641,0.32767245693460434,0.003555943912154105,0.0046088974021780416,0.3276207447052002,0.12723079006057225,0.32767245693460434,2.129286050796509,0.032728059444659244,0.002283080117063339,0.00330144247549172,0.03248097747564316,0.15474218932568365,0.30740947562093857,172.44688415527344,alignment,0.7339288291621909,0.8258723575919169,0.8310444131493568
episode_000003_000011,episode_000003,11.0,11.0,0.8776806600121978,0.008727936128072355,0.018540299037879897,0.87744140625,0.9027898461812874,0.9260717910443601,0.33094134870908576,0.004082116855382877,0.006108877109401056,0.3308597803115845,0.14701616698244496,0.33094134870908576,2.073305368423462,0.043935122186650286,0.0030157546556819153,0.004807392189936894,0.04356706514954567,0.2087255774124961,0.40575357135944534,171.40464782714844,alignment,0.6940642687687913,0.7687993741894807,0.8338743411004543
episode_000003_000012,episode_000003,12.0,11.0,0.7251222425818942,0.007328784107897664,0.015730533243147365,0.72491455078125,0.8505852555615261,0.910471428468546,0.179721941282157,0.0026668542209998232,0.004028986703517119,0.179656982421875,0.11602235472655745,0.179721941282157,1.9898245334625244,0.014226962437421614,0.0021122025355680986,0.0028305939832823303,0.013781610876321793,0.10731382257818174,0.21518158061080128,170.14332580566406,alignment,0.7432714329833443,0.8738353129489213,0.7111329399049282
episode_000003_000013,episode_000003,13.0,11.0,0.735577403968355,0.006106993196360654,0.014322467364626225,0.73541259765625,0.7878015832448597,0.8506389094012305,0.20154490517976772,0.0019354692941745987,0.003278743408965995,0.20150893926620483,0.12572844840246417,0.20154490517976772,1.8723396062850952,0.010415439751692658,0.0015691038600463673,0.0024971084456210314,0.009989181533455849,0.0650559508409687,0.17672317617356317,168.0716552734375,alignment,0.722745632403891,0.9174208935033983,0.7254234161227942
episode_000003_000014,episode_000003,14.0,11.0,0.7195538390216255,0.005884690391854338,0.008254833895107156,0.719482421875,0.7551681349946969,0.8213328953312573,0.18436662459408013,0.0022514499000199396,0.002021961150715515,0.18434178829193115,0.12603553134195805,0.18436662459408013,1.7824246883392334,0.0039932402229789325,0.0020027922841165534,0.0031048153537007093,0.0015148967504501343,0.07036625869143598,0.19968385985498996,168.03125,alignment,0.684801876303261,0.9068204080248564,0.7179675251245499
episode_000003_000015,episode_000003,15.0,11.0,0.8351404434328633,0.008158478857477211,0.005419367380031872,0.8350830078125,0.7584154551974087,0.8850325820878044,0.2964228415264796,0.0043639724422101156,0.004169550500915253,0.29636138677597046,0.18917293734696056,0.2964228415264796,1.7044399976730347,0.054534330305199365,0.004014409092311575,0.0037746903510528485,0.054255224764347076,0.233369129999615,0.40101646375472183,169.03561401367188,alignment,0.5250463251977937,0.6922938102060814,0.7808277830481529
episode_000003_000016,episode_000003,16.0,11.0,0.8499052673963555,0.008205295481256534,0.004542978534363474,0.849853515625,0.7117132483160953,0.868672973825517,0.3111243405262744,0.004658579817120829,0.004089953297980115,0.3110625743865967,0.20094340363869723,0.3111243405262744,1.6189844608306885,0.07749127445593997,0.004242830044899661,0.003919593984107933,0.07727569341659546,0.26511634520966354,0.4584571241016504,169.47348022460938,alignment,0.44659690310643174,0.6274955597118285,0.7725778222084045
episode_000003_000017,episode_000003,17.0,11.0,0.8633352053263502,0.008263588544848918,0.004987309764811411,0.86328125,0.7262145672040357,0.878927504341992,0.3258363955003941,0.004664901719410289,0.0026168394215846115,0.32579249143600464,0.20901539379853484,0.3258363955003941,1.5229486227035522,0.11228001263894928,0.004293363284538174,0.002531939977700252,0.11216932535171509,0.3076378774929347,0.4947925691157574,169.3794403076172,alignment,0.41857668971110096,0.5763815662947155,0.7511119246482849
episode_000003_000018,episode_000003,18.0,11.0,0.8560099436751853,0.00816795946003828,0.004885566777733121,0.85595703125,0.7298286384146622,0.8740438801601789,0.3270422637832807,0.004625547177529507,0.001614609536928118,0.3270055651664734,0.2170611469900993,0.3270422637832807,1.412818431854248,0.11039987603438671,0.004283828745097169,0.0018795384987693644,0.11030071973800659,0.3053734399313174,0.5011515177249481,167.9725799560547,descent_to_grasp,0.4244551984833448,0.5815819990365804,0.7456563115119934
episode_000003_000019,episode_000003,19.0,11.0,0.8418514814592599,0.007900467488686225,0.005433294474367703,0.841796875,0.7327052990634908,0.8625678973934193,0.33207484532661596,0.004425461495275142,0.0003802604618626439,0.33204513788223267,0.23352997353846017,0.33207484532661596,1.2848325967788696,0.09198901195815347,0.003988784025997576,0.00038740125317178817,0.09190167486667633,0.2740864866056993,0.51581056671317,166.4925537109375,descent_to_grasp,0.4586188124577915,0.6259253386647761,0.7498952001333237
episode_000003_000020,episode_000003,20.0,11.0,0.8366026213211063,0.008292468035936139,0.004782574765207894,0.8365478515625,0.7444496201905372,0.8782009461594248,0.35303277571839264,0.005001446981849233,0.0006057822246776587,0.352996826171875,0.3020363965251236,0.38037103442931813,1.1496049165725708,0.12124123130838316,0.0045434562303695745,0.001230262113077921,0.12114982306957245,0.2419708310938824,0.4460705575415488,163.4736785888672,descent_to_grasp,0.5024787890966548,0.6749668150385362,0.7153980284929276
episode_000003_000021,episode_000003,21.0,11.0,0.8694184715364118,0.00662322997742069,0.0038393713730962963,0.869384765625,0.6963871096900048,0.8818634392302394,0.4161742165602733,0.0035850361481925427,0.00048077278888809815,0.4161584973335266,0.30828314901655596,0.43272441638482967,1.0229947566986084,0.269824255469261,0.0032840890303108636,0.001648560103423234,0.26979923248291016,0.2967454579053611,0.4524337798092572,161.74925231933594,descent_to_grasp,0.3996416517846437,0.5738785888247462,0.5995855331420898
episode_000003_000022,episode_000003,22.0,11.0,0.7871282226433398,0.005313979937123798,0.0011967815174022023,0.787109375,0.4696757040939431,0.7871282226433398,0.3733972809982807,0.002855164655644842,0.0016837865229219675,0.373382568359375,0.22738683541701749,0.3733972809982807,0.8930292129516602,0.27372182612204315,0.0027593592199464767,0.0006085680090143333,0.27370724081993103,0.21979164725762415,0.33859630632362525,159.17864990234375,descent_to_grasp,0.24988405683631895,0.5320353057613938,0.513402134180069
episode_000003_000023,episode_000003,23.0,11.0,0.48047331214532313,0.002070026851085019,0.00031455710197423947,0.48046875,0.23718513874248673,0.48047331214532313,0.1030712665780191,0.0004795696445289589,0.0019895452583005672,0.10305094718933105,0.12171961774761278,0.20523977566360654,0.7857895493507385,0.35887112794326725,0.0010154132940400785,0.00031561837631022163,0.3588695526123047,0.20348697801299095,0.410612902657586,158.1974639892578,descent_to_grasp,0.033698160729495774,0.1420753463229501,0.12159919738769531
episode_000003_000024,episode_000003,24.0,11.0,0.2851570816514895,0.0006368670496475803,0.000262111222236155,0.28515625,0.13389225321707277,0.2851570816514895,0.0502422402147855,0.0009107859777823264,0.0013455769324280135,0.050215959548950195,0.113011754693747,0.18693971643289992,0.6811407804489136,0.14411452233676358,0.0001472007632816783,5.988227792291443e-05,0.1441144347190857,0.09951113755880447,0.2396276337146619,158.0572052001953,descent_to_grasp,0.03438111565826829,0.2567819633487527,0.1410418152809143
episode_000003_000025,episode_000003,25.0,11.0,0.23828178113375292,0.00040093302556065165,0.0003039266691850219,0.23828125,0.10201450356742178,0.23828178113375292,0.05415807199598354,0.0004260107469754844,0.0009215693282651733,0.05414855480194092,0.10231285597893476,0.14338932738219679,0.5800217390060425,0.14885211169689244,0.0003410986239376126,9.162794625683494e-05,0.1488516926765442,0.0793837541340208,0.163068816613686,160.72808837890625,descent_to_grasp,0.022630749433400987,0.2218385488534406,0.08942955732345581
episode_000003_000026,episode_000003,26.0,11.0,0.05884107264920371,0.005313963191377605,0.0008978232827530419,0.05859375,0.01572869868509089,0.05884107264920371,0.30993448953031777,0.0054102607197627954,0.0006539664088557097,0.3098865747451782,0.17624573418979572,0.30993448953031777,0.490877628326416,0.12258745221308967,0.0049316881424041024,0.0006854501418780699,0.12248629331588745,0.029383513728400888,0.12258745221308967,166.77439880371094,grasp_close,-0.013654815043309999,-0.8681465209994321,-0.06389254331588745
episode_000003_000027,episode_000003,27.0,11.0,0.023981916056153324,0.00498331590331209,0.0009911882173338385,0.0234375,0.007511895772045358,0.023981916056153324,0.23785221161854342,0.004462289696214276,0.0005978540815753195,0.23780959844589233,0.13474194997958344,0.23785221161854342,0.41577526926994324,0.03922759036997788,0.004135698774817851,0.0007084438615209609,0.03900253772735596,0.012567098833589283,0.03922759036997788,174.88677978515625,grasp_close,-0.005055203061543925,-0.6729596915277062,-0.015565037727355957
episode_000003_000028,episode_000003,28.0,11.0,0.009182783133610473,0.004770640408002673,0.0007275575073168121,0.0078125,0.004097506852939239,0.009182783133610473,0.1732168556991903,0.0036041763884082163,0.0003920756352850838,0.17317891120910645,0.09562955619178798,0.1732168556991903,0.33739668130874634,0.01123903999058055,0.0032952794885740197,0.0004663233802487313,0.010734975337982178,0.005817673586525219,0.01123903999058055,183.0421905517578,grasp_close,-0.0017201667335859797,-0.4198081407361316,-0.0029224753379821777
episode_000003_000029,episode_000003,29.0,11.0,0.005929425854134001,0.004435745701127093,0.00047271764522307277,0.00390625,0.0032976669934328086,0.0069163414205789305,0.12035193990078157,0.0026582404384853267,0.0001655180126710623,0.12032246589660645,0.06212258990311349,0.12035193990078157,0.2866852879524231,0.004663657801622532,0.002389164796183137,0.0001605966698895572,0.004001975059509277,0.0035943840947538414,0.005235970331743259,190.16448974609375,grasp_close,-0.0002967171013210329,-0.08997788494470027,-9.572505950927734e-05
episode_000003_000030,episode_000003,30.0,11.0,0.005670988056574471,0.004084239405335527,0.0004693665467572104,0.00390625,0.0033538524911292168,0.006822681588928138,0.07931996514542036,0.0017170714516816918,0.00011280516083818622,0.07930129766464233,0.0373601557244921,0.07931996514542036,0.27110740542411804,0.003520348658630653,0.0016858938785374933,0.00011260330757209065,0.00308835506439209,0.0028555968920119853,0.004210457694269905,195.78639221191406,grasp_close,0.0004982555991172315,0.14856216856140642,0.0008178949356079102
episode_000003_000031,episode_000003,31.0,11.0,0.005722094510815431,0.004154529402483372,0.00047271764522307277,0.00390625,0.0034126808574412755,0.006902209952140597,0.0436560041272119,0.0013588705314499666,0.00014972800954334662,0.04363459348678589,0.01948642491044996,0.0436560041272119,0.27487239241600037,0.0028667147176532253,0.0015884903990755978,0.00014851453507394293,0.002381742000579834,0.002169964663286704,0.0033416853513145604,199.5883331298828,grasp_close,0.0012427161941545714,0.364146618470009,0.001524507999420166
episode_000003_000032,episode_000003,32.0,11.0,0.005700580260540438,0.004129479266996206,0.0004303803292574736,0.00390625,0.0031935700931326008,0.006624796259442991,0.01902722286222962,0.001035390784227689,0.0001332992961146077,0.018998563289642334,0.009116983544682076,0.01902722286222962,0.2888929545879364,0.0026008131625136744,0.001481198261418828,0.000127348743628344,0.0021340250968933105,0.0016374453510954426,0.0026008131625136744,201.46780395507812,grasp_close,0.0015561247420371582,0.48726807198734184,0.0017722249031066895
episode_000003_000033,episode_000003,33.0,11.0,0.005814045409115904,0.00428512132218452,0.0004266968606883733,0.00390625,0.003153985732676251,0.0065538337744771025,0.007711199427232448,0.0010736764091150333,0.00013244216438505337,0.007634937763214111,0.004081790380339684,0.007711199427232448,0.2967310845851898,0.00264660372677578,0.001570674627571392,0.00014404433911856354,0.002125263214111328,0.0014467094704330246,0.00264660372677578,203.11387634277344,grasp_close,0.0017072762622432265,0.5413075412977698,0.0017809867858886719
episode_000003_000034,episode_000003,34.0,11.0,0.005839828662827978,0.004315245969418425,0.00047271764522307277,0.00390625,0.0032615390345663554,0.006670147445110418,0.0011557310323131807,0.001132825235753502,0.00021105546234925288,8.875131607055664e-05,0.0013063443294291303,0.002690591506882986,0.29143017530441284,0.002977469214535341,0.0017453713090531022,0.0002019110141914556,0.0024037957191467285,0.00161363337424114,0.002977469214535341,201.35951232910156,grasp_close,0.0016479056603252154,0.5052540051982901,0.0015024542808532715
episode_000003_000035,episode_000003,35.0,11.0,0.005851418202256162,0.004335329132532265,0.0004303803292574736,0.00390625,0.003280953130092486,0.006750288077032671,0.001727988356964668,0.0013445434334045903,0.00020797401468269452,0.0010653138160705566,0.0014532564077185013,0.0030033637037614517,0.2701713442802429,0.0035511337395990406,0.0019076699859792,0.00022773489154134964,0.0029865503311157227,0.0017792619680471306,0.0035511337395990406,196.4847869873047,grasp_close,0.0015016911620453553,0.45769966912115706,0.0009196996688842773
episode_000003_000036,episode_000003,36.0,11.0,0.0059821927100939115,0.004506038014275455,0.00047271764522307277,0.00390625,0.00344214600388889,0.007028274427997535,0.0024446438963030247,0.0016579497351219233,0.00027361163978940716,0.0017755627632141113,0.0017981968675095474,0.0036149830156517286,0.24956761300563812,0.004247166289457655,0.0023346947012486,0.0002771948295662734,0.0035370588302612305,0.0021711445988183255,0.004247166289457655,189.13348388671875,lift,0.0012710014050705647,0.36924680232465573,0.00036919116973876953
episode_000003_000037,episode_000003,37.0,11.0,0.005666343427158909,0.004086321681447783,0.00038811581742660494,0.00390625,0.002874878455314827,0.006109702590642429,0.0026052009281757925,0.0013485928499743398,0.00020606239652247622,0.0022194385528564453,0.0016135480983123704,0.0031676818355025364,0.23361457884311676,0.003732261811363635,0.0019924480168249086,0.0002068140623296276,0.0031491518020629883,0.0016232883893707577,0.003732261811363635,180.3866729736328,lift,0.0012515900659440693,0.43535408031954803,0.0007570981979370117
episode_000003_000038,episode_000003,38.0,11.0,0.004001660614370308,0.00399306716444645,0.000262111222236155,0.0,0.0023995014288372258,0.004050920196337823,0.0021615459543524,0.0011678693830932967,8.573124078441558e-05,0.001816868782043457,0.0013648473895774386,0.0021615459543524,0.23522286117076874,0.0018960272643441696,0.0014811495815283205,3.934780838863096e-05,0.0011830329895019531,0.0010034435542946312,0.0018960272643441696,174.37835693359375,lift,0.0013960578745425946,0.5818116454379901,-0.0011830329895019531
episode_000003_000039,episode_000003,39.0,11.0,0.0017934609517214872,0.0017879013701407177,0.0001411059034863059,0.0,0.0018940163717739802,0.004450124576207332,0.0023688266438748815,0.0011560651377268557,0.0002971432522039757,0.0020461082458496094,0.0015241714033390533,0.00297600823046502,0.23782844841480255,0.001215536796611735,0.0011857537584659616,0.0002339041941782765,0.0001296401023864746,0.0014636488759823924,0.0023987476270134543,168.76953125,lift,0.00043036749579158777,0.22722480238568132,-0.0001296401023864746
episode_000003_000040,episode_000003,40.0,11.0,0.00012198170526715095,8.715921054615834e-05,8.533937213767466e-05,0.0,0.0022389559403439767,0.003988359151662708,0.0038524478327301797,0.0029670400989374166,0.00027850112686637413,0.00244140625,0.0026980395760055633,0.004003691638322408,0.24084195494651794,0.0046075118126625274,0.0031570725514596535,0.0002168273342454485,0.0033488869667053223,0.0033669766540112764,0.0046075118126625274,164.82623291015625,lift,-0.0011280207136672997,-0.5038155031733224,-0.0033488869667053223
episode_000003_000041,episode_000003,41.0,11.0,0.003920910306417688,0.0003037908576213241,0.00014986555073847135,0.00390625,0.0037703897267704774,0.004488576492906652,0.006920288865030038,0.002779594330723884,0.00019639387876896458,0.006334483623504639,0.0035682318725236218,0.006920288865030038,0.23850315809249878,0.005519530435200523,0.003030337036624347,0.00011452175136951875,0.004611849784851074,0.0029257296877785925,0.005519530435200523,162.650634765625,lift,0.0008446600389918849,0.22402459697856683,-0.0007055997848510742
episode_000003_000042,episode_000003,42.0,11.0,0.00030677285943106285,0.00030379085762132066,4.266968606883711e-05,0.0,0.002453328463261777,0.003375671056430001,0.00418817312076083,0.0033673246191716186,0.00015052952943830198,0.002485811710357666,0.00230186994377122,0.00418817312076083,0.23514075577259064,0.0052103876939408895,0.0037575105102554125,0.00016865176567180295,0.003605663776397705,0.002997442603297192,0.0052103876939408895,161.23257446289062,lift,-0.0005441141400354152,-0.22178609516966122,-0.003605663776397705
episode_000003_000043,episode_000003,43.0,11.0,0.0003279770794350141,0.0002434171556860423,0.00021981140314469266,0.0,0.002394864216246377,0.0032179714708329863,0.0042171131916178784,0.0033491764210738756,0.00013163541062093516,0.0025592446327209473,0.002156310397908403,0.0042171131916178784,0.23436583578586578,0.005163261402929141,0.0036886045204581825,6.999277618839794e-05,0.0036122798919677734,0.002935895557828649,0.005163261402929141,161.47605895996094,lift,-0.000541031341582272,-0.2259131594651595,-0.0036122798919677734
episode_000004_000000,episode_000004,0.0,11.0,0.4115181234486831,0.0047089897278534175,0.01564004450496292,0.41119384765625,0.7267438278118633,0.8748256280633598,0.024377515007302755,0.0003432515668648935,0.00045670720063590973,0.024370819330215454,0.04145520653008629,0.06771397265612751,2.3928956985473633,0.004092894402345811,0.00034692216138190035,0.000808154129319172,0.003997288644313812,0.02221508492411758,0.043556117393358615,219.06956481933594,hold,0.7045287428877457,0.969432028076517,0.4071965590119362
episode_000004_000001,episode_000004,1.0,11.0,0.425338854591721,0.004876141493742876,0.016575291764582802,0.42498779296875,0.7414756672959981,0.8867897930518585,0.02531356157616118,0.0005471284655832538,0.001463850035007029,0.025265276432037354,0.0426420311292401,0.06868112895258911,2.4081411361694336,0.002276257123621219,0.0002829952975760027,0.00038444795621073326,0.0022256369702517986,0.01613210213625298,0.03297781504827242,216.20443725585938,hold,0.7253435651597452,0.9782432480959447,0.4227621559984982
episode_000004_000002,episode_000004,2.0,11.0,0.40858075267733895,0.004928071132136954,0.016856877336321574,0.408203125,0.7321769584284753,0.8862941569310454,0.06745269229985502,0.0005265418511575185,0.001867693848824535,0.06742477416992188,0.03287296466545504,0.06745269229985502,2.4154434204101562,0.002683413123417458,0.0002385352756891434,0.0007388172725637301,0.002568648662418127,0.018208809398280682,0.035382674414027364,212.74061584472656,alignment,0.7139681490301946,0.9751305894173949,0.4056344763375819
episode_000004_000003,episode_000004,3.0,11.0,0.4066086548728826,0.00477442802685266,0.016393308224741644,0.40625,0.72751742075513,0.8792056271385262,0.08350376213130835,0.00040972563615445593,0.001474025779073923,0.08348974585533142,0.028563074552411756,0.08350376213130835,2.4069623947143555,0.003171366721673405,0.00022471122013628157,0.0004901458755930661,0.0031251925975084305,0.019901593884029393,0.03826969956132587,208.74778747558594,alignment,0.7076158268711007,0.9726445122601017,0.40312480740249157
episode_000004_000004,episode_000004,4.0,11.0,0.4280236950595708,0.004574817047600445,0.015055199261012177,0.427734375,0.7341810752923139,0.8779809120220116,0.07061114197615734,0.00034462911919664566,0.0004425833548388219,0.07060891389846802,0.023319965383125495,0.07061114197615734,2.379039764404297,0.002488418216301339,0.00034823635473083355,0.0007360143578606365,0.002351433504372835,0.018772268481214997,0.03315949852598214,203.54330444335938,alignment,0.7154088068110989,0.9744310101241157,0.42538294149562716
episode_000004_000005,episode_000004,5.0,11.0,0.4006952683066972,0.0047677729358312345,0.014876619129284391,0.400390625,0.7308778624741312,0.9011290261227888,0.10296576125114498,0.0002452925036403489,0.00018916224193844138,0.10296529531478882,0.030491196843402187,0.10296576125114498,2.346719264984131,0.0035732078199850366,0.0002757031486121034,0.0007970499461408591,0.003472249023616314,0.013119765551925339,0.02635577515918156,198.59120178222656,alignment,0.7177580969222059,0.9820493050541811,0.3969183759763837
episode_000004_000006,episode_000004,6.0,11.0,0.48323374064363867,0.005007538092174216,0.01302462132933336,0.4830322265625,0.7531342060978531,0.9086788735525256,0.03918290125930507,0.00019477852826853235,0.0016790926475668917,0.03914642333984375,0.017859451532261362,0.03918290125930507,2.328202486038208,0.006301928725705633,0.0006010370485213855,0.00369031610396394,0.0050729308277368546,0.02316885005067119,0.04949614939614849,194.2274932861328,alignment,0.7299653560471819,0.9692367577211586,0.47795929573476315
episode_000004_000007,episode_000004,7.0,11.0,0.4002307976408292,0.004646162403080366,0.01553125939501999,0.39990234375,0.7171616102564937,0.911591296534381,0.14684583856042033,0.0006178131599425361,0.0010379765597159053,0.1468408703804016,0.06405754089603061,0.14684583856042033,2.3161284923553467,0.004975425492872421,0.0007185897488095434,0.00043732727947854767,0.004903797758743167,0.0110772158847557,0.021225861737025654,190.76315307617188,alignment,0.706084394371738,0.9845540869361454,0.39499854599125683
episode_000004_000008,episode_000004,8.0,11.0,0.21641972068472556,0.00368848929263415,0.010661325582873311,0.21612548828125,0.5860174731571893,0.8309850949867885,0.35450923931067835,0.0015409118360272765,0.0037619781547759616,0.3544859290122986,0.1967327226541675,0.35450923931067835,2.2955639362335205,0.005771319449933194,0.0012896831181826809,0.004008367687863551,0.003946876502595842,0.01300757143443664,0.01826573949148942,187.21292114257812,alignment,0.5730099017227527,0.9778034409718913,0.21217861177865416
episode_000004_000009,episode_000004,9.0,11.0,0.13389429145315443,0.003572746621090631,0.009847271285978863,0.13348388671875,0.46808743622785887,0.7185223311446087,0.4650087822129239,0.0016419100749572328,0.004153016746915057,0.4649873375892639,0.3276673045467732,0.47168176917710153,2.266850709915161,0.004535398475585089,0.0008344402746634294,0.003177112986648164,0.0031272195046767592,0.01453293890826542,0.023038986285816472,184.60348510742188,alignment,0.45355449731959346,0.9689525123225248,0.13035666721407324
episode_000004_000010,episode_000004,10.0,11.0,0.2598000917937964,0.004619196796576191,0.014776871905035517,0.25933837890625,0.6169384602779971,0.8313583395917498,0.3671890480327147,0.0010372722234426076,0.0018990595008898216,0.3671826720237732,0.18408881233837465,0.3671890480327147,2.222504138946533,0.0031599505209073146,0.0004138137048768725,0.001981952827955865,0.0024260891368612647,0.01017977410562091,0.015373639487005418,182.36253356933594,alignment,0.6067586861723763,0.9834995307294769,0.25691228976938874
episode_000004_000011,episode_000004,11.0,11.0,0.5695324952112994,0.005560745948531487,0.015089070669933351,0.569305419921875,0.7865467811244519,0.9159521403991261,0.07592312654478016,0.0006505105868364137,0.002642770855546293,0.07587432861328125,0.055613818529891626,0.08590871436792,2.1596035957336426,0.002179013159636822,0.0002637403021960688,0.0018859758005088643,0.001059072557836771,0.004541079955996665,0.008013735716273404,181.42332458496094,alignment,0.7820057011684552,0.9942265608798186,0.5682463473640382
episode_000004_000012,episode_000004,12.0,11.0,0.4993929628735104,0.005065045501614354,0.01488081692150824,0.4991455078125,0.773421902253947,0.9269377363689301,0.15646351526829747,0.0007744706345475958,0.0030568328868180107,0.15643173456192017,0.08353930240333153,0.15646351526829747,2.0781869888305664,0.003346139629242502,0.000438127854991031,0.0026486779191283918,0.0019972980953752995,0.009972705025591739,0.021633125072851263,180.6784210205078,alignment,0.7634491972283552,0.9871057375068785,0.4971482097171247
episode_000004_000013,episode_000004,13.0,11.0,0.6297927995716975,0.005187881545763204,0.014339746172995568,0.629608154296875,0.8586629616339987,0.9630502964789006,0.0226279178766742,0.001342272126656159,0.003256883345328784,0.02235203981399536,0.11392875049643655,0.22225449942431255,1.9805656671524048,0.004669715094812452,0.0012032361879322961,0.004256966072369591,0.0014955606311559677,0.09426717719656691,0.2957979817866721,179.68763732910156,alignment,0.7643957844374318,0.8902163230411377,0.628112593665719
episode_000004_000014,episode_000004,14.0,11.0,0.5278423515050796,0.00411902703224709,0.011080558923712862,0.5277099609375,0.805109439147401,0.9340233312384414,0.12639265477243858,0.0019283512268261998,0.00104190714636795,0.12637364864349365,0.12495740658157428,0.2413831425327869,1.896561861038208,0.004488448798014452,0.0018859931039260471,0.002576167240514004,0.0031547686085104942,0.04369322694127435,0.17417355943572635,180.07757568359375,alignment,0.7614162122061267,0.9457300774071848,0.5245551923289895
episode_000004_000015,episode_000004,15.0,11.0,0.28709238467110804,0.00286019470005151,0.011054136302651354,0.286865234375,0.5696944543577779,0.8147322818554901,0.3716890265029922,0.003989520531811218,0.0018810241015382667,0.37166285514831543,0.20874674739553528,0.3716890265029922,1.8265374898910522,0.005612665148671929,0.0034162373651434393,0.003022694618414216,0.0032702675089240074,0.010372600304917528,0.018794727230431713,180.85067749023438,alignment,0.5593218540528604,0.9817926956712074,0.283594966866076
episode_000004_000016,episode_000004,16.0,11.0,0.24840822415512942,0.003120484742518511,0.006962755401616274,0.248291015625,0.4680590332411617,0.7426971027407531,0.41205581241092426,0.0032474958539790853,0.0018231004225828656,0.41203898191452026,0.2795057792902849,0.4153805205832249,1.7499125003814697,0.005506991792403836,0.002947713186655821,0.0010630093520261408,0.004528571153059602,0.026263863032897128,0.07279736294051808,180.62892150878906,alignment,0.4417951702082646,0.9438877125156028,0.2437624444719404
episode_000004_000017,episode_000004,17.0,11.0,0.18197609268632634,0.0029253669658819976,0.004967149186020439,0.181884765625,0.35305762646807476,0.5732558876794164,0.4712235930767043,0.003315696523704611,0.002500322066895695,0.47120529413223267,0.3164000442026127,0.5040307426540404,1.6474264860153198,0.006677659148320664,0.002976563282259023,0.002532777795940841,0.005414447281509638,0.04739560781354416,0.1503747611251116,179.2308349609375,alignment,0.3056620186545306,0.8657567369732773,0.17647031834349036
episode_000004_000018,episode_000004,18.0,11.0,0.20532722059183114,0.0032257500468772255,0.0054052325581241374,0.205230712890625,0.3684348407347824,0.5908357580796216,0.42723249156121684,0.0028354566156708733,0.0010324831676105698,0.4272218346595764,0.28996540903471596,0.4564934321761217,1.5272724628448486,0.005241026660343046,0.002891466309797854,0.0012363488531608575,0.004192758584395051,0.04241093797225041,0.13452963062194867,177.38973999023438,alignment,0.32602390276253196,0.8848889049481075,0.20103795430622995
episode_000004_000019,episode_000004,19.0,11.0,0.19615028806833926,0.0032286592772641965,0.00555876565335857,0.196044921875,0.3661852273230063,0.5966947418800498,0.40935388926065186,0.0028379220555297185,0.0007516361094855853,0.4093433618545532,0.2714886670629336,0.4253386101970826,1.4026274681091309,0.004842888816178805,0.0031185743740448093,0.00030663511639819645,0.0036924302112311125,0.04029647315010179,0.12935495588558804,176.31146240234375,descent_to_grasp,0.3258887541729045,0.8899560382468491,0.1923524916637689
episode_000004_000020,episode_000004,20.0,11.0,0.12843955484820824,0.002385153587335059,0.0027735669381013703,0.128387451171875,0.23909121301784025,0.4189545941238281,0.44352502858275705,0.0031070784102315875,0.0013913360460388,0.443511962890625,0.29869693062178737,0.4800529310794613,1.271673321723938,0.0069244036523381436,0.003216310122146438,0.0027747216386644217,0.005468421615660191,0.07204900640702895,0.23193366612733224,173.64239501953125,descent_to_grasp,0.16704220661081132,0.6986547288893764,0.12291902955621481
episode_000004_000021,episode_000004,21.0,11.0,0.18900988743963953,0.0037181233513788937,0.0017891157668581594,0.18896484375,0.3390903671667453,0.5576457042350963,0.33021587621084353,0.0017172906033332247,0.0016854324370980931,0.33020710945129395,0.20991317966388082,0.33021587621084353,1.1196473836898804,0.01620107036808426,0.002530086310440777,0.002780705660014336,0.015758839435875416,0.13180825986339564,0.3670209319498013,169.53221130371094,descent_to_grasp,0.20728210730334964,0.611288692849892,0.17320600431412458
episode_000004_000022,episode_000004,22.0,11.0,0.7402614854309396,0.006140691342280134,0.0015584577695606054,0.740234375,0.5422013092229634,0.8100809500525628,0.2724816849640269,0.003368580818553676,0.001212083834162917,0.27245816588401794,0.21327626288543017,0.351235712683215,0.9746826887130737,0.07025493347333772,0.002782237745590852,0.0005744282498617867,0.07019747048616409,0.06553673686933835,0.10115994827695617,167.4367218017578,descent_to_grasp,0.476664572353625,0.8791284053458668,0.6700369045138359
episode_000004_000023,episode_000004,23.0,11.0,0.7871282356373066,0.005428867390171468,0.00046746493843520293,0.787109375,0.4071180840439112,0.7871282356373066,0.37053027205327543,0.0033271816140679664,0.002484739548364386,0.37050700187683105,0.19395609662473617,0.37053027205327543,0.8437564373016357,0.5188504265544337,0.004075384305181805,0.0009993991566627518,0.5188334584236145,0.3003521200527498,0.5188504265544337,166.17205810546875,descent_to_grasp,0.1067659639911614,0.2622481490644021,0.2682759165763855
episode_000004_000024,episode_000004,24.0,11.0,0.5253989294386461,0.0029183552605345216,0.00045762425429621013,0.525390625,0.236396270975383,0.5253989294386461,0.16546362480557525,0.001565162973597743,0.0018830171430980563,0.1654455065727234,0.11189347907737932,0.17275513373616797,0.7154972553253174,0.33834576903204777,0.0023626610882280506,0.0005554465404805078,0.3383370637893677,0.1822923900871904,0.35759558094444494,165.94586181640625,descent_to_grasp,0.054103880888192596,0.2288694346359917,0.18705356121063232
episode_000004_000025,episode_000004,25.0,11.0,0.3671928285221384,0.0019478685457796057,0.00034492023272054176,0.3671875,0.15319640205508928,0.3671928285221384,0.06480114963493767,0.0014111791039837247,0.0013299867410283674,0.06477212905883789,0.08473048450942265,0.14365204687095348,0.5912666916847229,0.17888634985508234,0.0019664157057717097,0.0005384798834990163,0.17887473106384277,0.09751320431965368,0.196352847310384,168.6480712890625,descent_to_grasp,0.05568319773543559,0.36347588447548507,0.18831276893615723
episode_000004_000026,episode_000004,26.0,11.0,0.3789121774398668,0.002042704254360967,0.0005650508719135859,0.37890625,0.15559664204162713,0.3789121774398668,0.13365917640856426,0.002312131377755479,0.001206211337641864,0.13363373279571533,0.06514341170593366,0.13365917640856426,0.47503697872161865,0.2480784055104098,0.0026493315396606126,0.0006352420341015962,0.24806344509124756,0.11522437069172879,0.2480784055104098,174.6507568359375,descent_to_grasp,0.040372271349898334,0.25946749762824217,0.13084280490875244
episode_000004_000027,episode_000004,27.0,11.0,0.10164908857933183,0.004178513510502497,0.0003685479634963775,0.1015625,0.02337498326228473,0.10164908857933183,0.29455661017780105,0.0031926704931583877,0.0004008602567934238,0.29453903436660767,0.13799387524436066,0.29455661017780105,0.3835405111312866,0.19001493806282468,0.002957946532187539,0.00017634174094829366,0.18999183177947998,0.051723627250382334,0.19001493806282468,182.84974670410156,grasp_close,-0.028348643988097603,-1.2127770818059929,-0.08842933177947998
episode_000004_000028,episode_000004,28.0,11.0,0.03539867570575918,0.0041011811557135685,0.0005335173727488504,0.03515625,0.01014696374231283,0.03539867570575918,0.1781675688229171,0.0024627189989791316,6.787127253678668e-05,0.17815053462982178,0.08878313547541064,0.1781675688229171,0.3184812068939209,0.054095939595175405,0.0024627635286334913,0.00021610955236241378,0.05403941869735718,0.017500762377650646,0.054095939595175405,191.74549865722656,grasp_close,-0.007353798635337817,-0.7247289752965691,-0.018883168697357178
episode_000004_000029,episode_000004,29.0,11.0,0.012237206237652972,0.0034917431731135867,0.00047733065412507283,0.01171875,0.005064172392037878,0.012237206237652972,0.11282838952399318,0.001292367828513443,0.00023425451008940977,0.11282074451446533,0.05516354377619146,0.11282838952399318,0.2883162498474121,0.014016923672278313,0.001123446126736339,0.00011102201498642299,0.013971388339996338,0.006899649414115186,0.014016923672278313,198.56149291992188,grasp_close,-0.0018354770220773073,-0.36244362947895054,-0.002252638339996338
episode_000004_000030,episode_000004,30.0,11.0,0.008449061348302441,0.003206790323883023,0.00026072444463163326,0.0078125,0.004042323351584022,0.008449061348302441,0.07344379820611874,0.0004524360022285587,0.000266067520890809,0.07344192266464233,0.0317395337228538,0.07344379820611874,0.287668377161026,0.005969471255005116,0.00012116496360938179,0.0002238838404307663,0.005964040756225586,0.0032620297944224103,0.005969471255005116,204.25209045410156,grasp_close,0.0007802935571616116,0.1930309599937982,0.001848459243774414
episode_000004_000031,episode_000004,31.0,11.0,0.008483765770903888,0.003299626416507618,0.00022713634021343952,0.0078125,0.004080355281414029,0.008483765770903888,0.04079499090328215,0.00014901608966974567,0.0002942802422854763,0.040793657302856445,0.015016762528865055,0.04079499090328215,0.30044981837272644,0.004666277810366227,0.00012692430639712858,0.0002605546348425957,0.004657268524169922,0.0021510288685526137,0.004666277810366227,207.77947998046875,grasp_close,0.0019293264128614155,0.47283294708416074,0.003155231475830078
episode_000004_000032,episode_000004,32.0,11.0,0.008477779588345915,0.0032871419573752485,0.00017968931698314277,0.0078125,0.0040229884848991815,0.008477779588345915,0.02619090569360575,9.764701828489199e-05,0.00023986388554198752,0.02618962526321411,0.008497930352568149,0.02619090569360575,0.30356717109680176,0.004358779682103545,0.00016312349237425933,0.0002442236155613797,0.004348874092102051,0.001835388286751108,0.004358779682103545,208.2043914794922,grasp_close,0.0021876001981480735,0.543774909214759,0.0034636259078979492
episode_000004_000033,episode_000004,33.0,11.0,0.008398668173351375,0.003076300510968368,0.00019709389204403024,0.0078125,0.0040125954167954435,0.008398668173351375,0.013146910727692083,0.0003595471623450414,0.00027151171112972357,0.013139188289642334,0.0034409045912062427,0.013146910727692083,0.30920183658599854,0.004257052097252351,0.00029912783351428043,0.00022031398796245596,0.004240810871124268,0.0020761279561900487,0.004257052097252351,207.99485778808594,grasp_close,0.0019364674606053948,0.4825972368158425,0.0035716891288757324
episode_000004_000034,episode_000004,34.0,11.0,0.008432925741666743,0.0031691310053506756,0.00018891528628092833,0.0078125,0.004043053054868761,0.008432925741666743,0.004980970055806188,0.0002007398084823456,0.00023091004496630273,0.004971563816070557,0.002540494422477128,0.004980970055806188,0.3033079206943512,0.005051394662241933,0.0001073556862768958,0.00017207639949373953,0.005047321319580078,0.0023583908945169546,0.005051394662241933,204.8495635986328,grasp_close,0.0016846621603518065,0.41668069587241446,0.002765178680419922
episode_000004_000035,episode_000004,35.0,11.0,0.008504441141851955,0.003352427772253809,0.00022713634021343952,0.0078125,0.004166988997963326,0.008504441141851955,0.006044954241961837,0.00026254480703758506,0.0001671251352070104,0.006036937236785889,0.0027762495026644124,0.006044954241961837,0.28224751353263855,0.006960404448670812,0.000549155888155498,0.00012922352975160554,0.006937503814697266,0.002813975021507069,0.006960404448670812,199.40806579589844,grasp_close,0.0013530139764562567,0.32469823585268914,0.0008749961853027344
episode_000004_000036,episode_000004,36.0,11.0,0.008536578935629854,0.0034378016723432374,0.0001397974816417537,0.0078125,0.0040100164652799395,0.008536578935629854,0.006951082367620121,0.0005929011139429749,0.00012124005572366265,0.006924688816070557,0.0029184938125421476,0.006951082367620121,0.25647932291030884,0.007629264347087356,0.0010020040975267828,0.00011656751948323082,0.00756227970123291,0.0029999283062436275,0.007629264347087356,191.96670532226562,grasp_close,0.001010088159036312,0.25189127470722183,0.00025022029876708984
episode_000004_000037,episode_000004,37.0,11.0,0.008640272104803063,0.0036864795413094594,0.00017033609877167047,0.0078125,0.004091390217701359,0.008640272104803063,0.0074498544020369034,0.001088937850129471,0.0001338738833189576,0.007368624210357666,0.0029983793091347246,0.0074498544020369034,0.23768684267997742,0.009044844993726552,0.0015038052561394861,0.0001094384468818015,0.008918285369873047,0.003392984755121446,0.009044844993726552,183.2451629638672,lift,0.0006984054625799128,0.17070125933191815,-0.0011057853698730469
episode_000004_000038,episode_000004,38.0,11.0,0.005492277781375491,0.003852057752586585,0.00026072444463163305,0.00390625,0.0026726335350795005,0.007124237377089999,0.0036048700179526203,0.001298921909254734,0.00010225479661820266,0.0033611655235290527,0.0021671500717105412,0.0036048700179526203,0.23742754757404327,0.005189307624574302,0.002095146612966246,0.00011833932346743828,0.004746079444885254,0.0028806613721586104,0.005189307624574302,177.39285278320312,lift,-0.00020802783707910997,-0.07783627435211463,-0.0008398294448852539
episode_000004_000039,episode_000004,39.0,11.0,0.008430634282416725,0.0031640649361403352,0.0001706787442753493,0.0078125,0.002624996391798762,0.008430634282416725,0.007073477502711173,0.0005694731576530432,5.827015679735951e-05,0.007050275802612305,0.002600180460947759,0.007073477502711173,0.23877759277820587,0.006055387001880714,0.0005168589107538348,0.00014134680010350421,0.006031632423400879,0.003240686433830455,0.006055387001880714,172.58872985839844,lift,-0.0006156900420316931,-0.2345489098405181,0.001780867576599121
episode_000004_000040,episode_000004,40.0,11.0,0.004119610362216731,0.0013058015414091862,8.533937213767466e-05,0.00390625,0.0013175656483256394,0.004119610362216731,0.003024704961195185,0.0013499668266680716,0.00011432567867665208,0.002704322338104248,0.0017479354980323401,0.003024704961195185,0.2401840090751648,0.0021018045262683823,0.001397695246707159,0.0001227021536790441,0.0015649199485778809,0.0020828396641523047,0.0026611334360338093,168.37095642089844,lift,-0.0007652740158266653,-0.5808242016624936,0.002341330051422119
episode_000004_000041,episode_000004,41.0,11.0,0.00893545542801106,0.004280397767685389,0.0006967082648901533,0.0078125,0.0031527180337185016,0.00893545542801106,0.006841692301300593,0.0016512684466699601,0.0005215399924625969,0.006618916988372803,0.0029955778992018013,0.006841692301300593,0.23644642531871796,0.008218117210850091,0.001527631176325448,0.0005208483847568481,0.00805807113647461,0.0036141993346947114,0.008218117210850091,166.05300903320312,lift,-0.0004614813009762098,-0.14637569742699494,-0.0002455711364746094
episode_000004_000042,episode_000004,42.0,11.0,0.0063127885563300104,0.004952470597439167,0.00025601811641302397,0.00390625,0.00234382188411419,0.0063127885563300104,0.003622454505680281,0.0024276064153092654,0.0001293897996381496,0.002685546875,0.0022041305855786575,0.003622454505680281,0.23025144636631012,0.003815035184430914,0.0026087744909413886,9.489333429722361e-05,0.0027820467948913574,0.0021361564376879577,0.003815035184430914,164.4725799560547,lift,0.00020766544642623246,0.08860120636031875,0.0011242032051086426
episode_000004_000043,episode_000004,43.0,11.0,0.005959053093351163,0.004499967111520799,4.266968606883711e-05,0.00390625,0.0020007118405546646,0.005959053093351163,0.0033369947149716915,0.0020231328774073867,0.00012795464755293836,0.0026506781578063965,0.0019717389120848814,0.0033369947149716915,0.22904516756534576,0.002724062004513224,0.002234384742840833,0.00012740749759461437,0.0015529990196228027,0.0018532468590605586,0.002724062004513224,164.6177978515625,lift,0.00014746498149410597,0.07370625719555082,0.0023532509803771973
episode_000004_000044,episode_000004,44.0,11.0,0.005846229686212559,0.004349305170318879,5.618733745656884e-05,0.00390625,0.002003994088938895,0.005846229686212559,0.0030962974338651942,0.0018972340660338817,0.00016460929530761598,0.00244140625,0.0020455612637880543,0.0030962974338651942,0.22814695537090302,0.00252876444377229,0.002115929061541191,0.00018355713609007009,0.00137251615524292,0.0018764810226169055,0.00252876444377229,165.0828399658203,lift,0.00012751306632198967,0.06362946229522423,0.00253373384475708
episode_000005_000000,episode_000005,0.0,11.0,0.5208857398055204,0.005043157946891628,0.01745265998382564,0.52056884765625,0.7245290599277322,0.8511610361467528,0.1210591137165872,0.0013057088580057299,0.0027868153235599165,0.12101998925209045,0.04446070477013693,0.1210591137165872,2.389923572540283,0.00542894412988297,0.0009244892689644062,0.0027681736299952227,0.004577768966555595,0.015449736172849985,0.028506041175678596,218.37332153320312,hold,0.7090793237548823,0.9786761676965849,0.5159910786896944
episode_000005_000001,episode_000005,1.0,11.0,0.5065650988971633,0.005141500630444247,0.01781629967739547,0.5062255859375,0.7207034851538705,0.8538517348916848,0.09481456238197933,0.0013461989603186443,0.0034005951396317334,0.0947439968585968,0.03667862668246104,0.09481456238197933,2.4001076221466064,0.0052246777285418515,0.0009728330045126404,0.003241530642390563,0.003980368375778198,0.013965341288260366,0.026853855816842524,215.0646209716797,hold,0.7067381438656102,0.9806226255652438,0.5022452175617218
episode_000005_000002,episode_000005,2.0,11.0,0.5112876169546732,0.005321243247341065,0.018494772945029006,0.51092529296875,0.7233117543160946,0.8560496627095184,0.08374364238799667,0.0014253015276992625,0.004281451186819254,0.08362197875976562,0.03819829319885899,0.08374364238799667,2.413926601409912,0.006109336105445402,0.001120165434487433,0.004106494721510291,0.004382455721497536,0.014286799772714076,0.02618081142477554,211.97091674804688,alignment,0.7090249545433805,0.9802480746545831,0.5065428372472525
episode_000005_000003,episode_000005,3.0,11.0,0.5188423281078294,0.005254731463922131,0.018277902309429703,0.51849365234375,0.7260823138607645,0.8533693229429985,0.08709275482330191,0.0013755356563953907,0.004311407201313581,0.08697509765625,0.04129031006464553,0.08709275482330191,2.390393018722534,0.005799293420922503,0.0011225810757685667,0.00411872255695378,0.003925269469618797,0.014672905594077416,0.027593291092970148,208.2329559326172,alignment,0.7114094082666871,0.9797916774531281,0.5145683828741312
episode_000005_000004,episode_000005,4.0,11.0,0.5443139637084969,0.0053686817519309074,0.01749177103693704,0.54400634765625,0.7400884467141865,0.8340365843310829,0.11503420466578991,0.0014324688445257671,0.003928007963292584,0.11495819687843323,0.05079276364115639,0.11503420466578991,2.3390426635742188,0.005668280564393504,0.0013364512770811744,0.0037932781454931876,0.003994288854300976,0.023896248109175688,0.058520433543682464,202.9379119873047,alignment,0.7161921986050108,0.9677116320147015,0.540012058801949
episode_000005_000005,episode_000005,5.0,11.0,0.7431759331200154,0.005538977480960739,0.018702325484145417,0.742919921875,0.8664374833935125,0.910721030086796,0.3165149659789429,0.0014815281890076853,0.00512171157492929,0.31647005677223206,0.15732754806496174,0.3165149659789429,2.2955503463745117,0.023282708882260746,0.001107990800730099,0.004751589002457532,0.02276574820280075,0.04175709350752897,0.0735388704510141,197.87515258789062,alignment,0.8246803898859835,0.9518059937296549,0.7201541736721992
episode_000005_000006,episode_000005,6.0,11.0,0.7045095135893735,0.005614542178713297,0.01811693438852549,0.704254150390625,0.8523283811393568,0.9202286568786984,0.2621650612840435,0.0017992364452786085,0.004732725687765839,0.2621161639690399,0.13394526421306274,0.2621650612840435,2.267779588699341,0.018883168376640738,0.0012446760215490825,0.004001609856518979,0.018412277102470398,0.023814017902459093,0.04288812992313655,193.1103057861328,alignment,0.8285143632368978,0.9720600434886076,0.6858418732881546
episode_000005_000007,episode_000005,7.0,11.0,0.8609789541415583,0.007721255959376418,0.02103780602534569,0.860687255859375,0.9130252684300387,0.935845100458286,0.4000600451764504,0.0034562501373064814,0.007913545425521607,0.399966835975647,0.18268381773370423,0.4000600451764504,2.243267059326172,0.055448003728321496,0.002786474173419831,0.0075899145172852725,0.0548553541302681,0.06501257388243306,0.08487946978580552,188.7482147216797,alignment,0.8480126945476056,0.9287943322814897,0.8058319017291069
episode_000005_000008,episode_000005,8.0,11.0,0.7660303250972812,0.00783869340823699,0.0210366894917455,0.7657012939453125,0.86597818135312,0.9136157882319375,0.28260450798120895,0.003554852572550773,0.008274143862319751,0.2824609875679016,0.12387641217666392,0.28260450798120895,2.215637683868408,0.014758230929181826,0.0025633892772600805,0.006546154081630556,0.01297621987760067,0.015512387346058407,0.025856923230708696,184.36328125,alignment,0.8504657940070616,0.9820868612165035,0.7527250740677118
episode_000005_000009,episode_000005,9.0,11.0,0.809596766562599,0.0082655722831264,0.019228943330457268,0.809326171875,0.9067635617659319,0.9428210584930542,0.3028739797637961,0.004067281106094996,0.007096110734731154,0.30276352167129517,0.1535233210461157,0.3028739797637961,2.1815333366394043,0.01503872193263691,0.0025169334495438235,0.004785848232918587,0.014032956212759018,0.012550325896059178,0.02993218967325321,180.6115264892578,alignment,0.8942132358698727,0.9861592079509489,0.795293215662241
episode_000005_000010,episode_000005,10.0,11.0,0.8717037308592034,0.008310746160959618,0.021499721844388732,0.87139892578125,0.9321330680326412,0.9541289711285531,0.3468386872999325,0.004073138197426276,0.009827091706424904,0.3466755151748657,0.1797105838362128,0.3468386872999325,2.1226279735565186,0.021898440014981008,0.0025530580902425027,0.007512497944005793,0.020410437136888504,0.0784136909404978,0.175769141569762,176.51194763183594,alignment,0.8537193770921434,0.9158771492722626,0.8509884886443615
episode_000005_000011,episode_000005,11.0,11.0,0.8168669768106788,0.0073128413290160085,0.019367088794234936,0.8166046142578125,0.9173439902782542,0.9591231932301039,0.2789724774132381,0.002975645332056363,0.00833033609810885,0.27883219718933105,0.1747482986373992,0.2789724774132381,2.0419716835021973,0.022550941326009547,0.002184546508324025,0.007350148154194211,0.021207263693213463,0.17920523816004477,0.3818809215730616,173.51161193847656,alignment,0.7381387521182095,0.8046477220549653,0.795397350564599
episode_000005_000012,episode_000005,12.0,11.0,0.8439090062473042,0.007417669343160337,0.02169781761361058,0.843597412109375,0.9152193798117167,0.9490499113769487,0.30560095441644713,0.0030963976717517335,0.011281664229418049,0.30537694692611694,0.19704888817369084,0.30560095441644713,1.9340826272964478,0.032937240740669664,0.0027211699477839467,0.011366568733473836,0.030793800950050354,0.2728884343827137,0.60097317440605,170.4959259033203,alignment,0.642330945429003,0.7018327622838869,0.8128036111593246
episode_000005_000013,episode_000005,13.0,11.0,0.7919609083303955,0.007045709587622763,0.020795037506253344,0.791656494140625,0.8964716797900593,0.9358722060292826,0.2616706770312665,0.0026302712786843334,0.011084332288364978,0.2614225745201111,0.21218509714403194,0.2722259680231807,1.809029221534729,0.036245844232320135,0.002791885922250803,0.011471541838857147,0.03426908701658249,0.3019864116153149,0.6258365744844627,167.6479949951172,alignment,0.5944852681747443,0.6631389273936286,0.7573874071240425
episode_000005_000014,episode_000005,14.0,11.0,0.8397373090954224,0.006831182062872073,0.013585991895789273,0.839599609375,0.886698741257562,0.9319249922119112,0.3107166988506176,0.0026784695070867096,0.004511224222499868,0.310672402381897,0.22941424064087582,0.3107166988506176,1.7131857872009277,0.05263517060381184,0.00256197712780166,0.0047744914122882795,0.052355531603097916,0.3891154026989635,0.6331672328491457,166.5797576904297,alignment,0.4975833385585985,0.561163916679187,0.7872440777719021
episode_000005_000015,episode_000005,15.0,11.0,0.8383649459650394,0.00733491241381965,0.01128976026744099,0.8382568359375,0.8464927188271174,0.9180086647549621,0.3072569502409565,0.003354056048728694,0.002786995077425638,0.3072260022163391,0.21261059702782692,0.3072569502409565,1.6356685161590576,0.07579096518668148,0.0032479370799039066,0.004101128488026056,0.0756101980805397,0.38930860086110425,0.598222301700775,167.18495178222656,alignment,0.45718411796601316,0.5400922037456836,0.7626466378569603
episode_000005_000016,episode_000005,16.0,11.0,0.8377508698570938,0.00726543326144268,0.011049915838763236,0.837646484375,0.8449796904799264,0.9184985869182245,0.3030804649238908,0.003314073219418754,0.003359616495855115,0.3030437231063843,0.2330778427222891,0.3030804649238908,1.5625827312469482,0.08449193552970534,0.003316564460121827,0.004480552907408983,0.08430784195661545,0.4160868636656037,0.6288357660960728,168.61184692382812,alignment,0.42889282681432267,0.5075776751163366,0.7533386424183846
episode_000005_000017,episode_000005,17.0,11.0,0.8409768140303233,0.007423287781067259,0.01026916252287632,0.84088134765625,0.8416196816480864,0.9136140010055643,0.30802789534259417,0.003539717996471368,0.0035709299443389348,0.307986855506897,0.262460986852493,0.3086424726081075,1.470131278038025,0.10059377195949737,0.0035397399181535285,0.0045775670365025,0.10042720288038254,0.431349767424791,0.634773393099834,168.66024780273438,descent_to_grasp,0.41026991422329545,0.48747661582710594,0.7404541447758675
episode_000005_000018,episode_000005,18.0,11.0,0.8583704487722239,0.007411506930499069,0.010323488648507266,0.8582763671875,0.8543775338805097,0.9163011492505224,0.3302971325468306,0.0035698857594992453,0.004639212627384374,0.3302452564239502,0.3148921995878931,0.34604317237385895,1.36905837059021,0.1404471056209443,0.003677571712463629,0.005837653257844963,0.14027753472328186,0.48707712108257517,0.685085409742083,168.07691955566406,descent_to_grasp,0.3673004127979346,0.4299041094042905,0.7179988324642181
episode_000005_000019,episode_000005,19.0,11.0,0.8966117932588055,0.009924943929328104,0.004531095511237859,0.89654541015625,0.822111315071254,0.9237431278239419,0.3879090514658071,0.006399597158751954,0.00010270387641977384,0.38785624504089355,0.33179487060094826,0.3879090514658071,1.249738097190857,0.3086234956899702,0.006540354781352345,0.0020809545316327577,0.30854716897010803,0.5120351872890835,0.6827147922780737,167.23265075683594,descent_to_grasp,0.31007612778217053,0.37717049029460886,0.587998241186142
episode_000005_000020,episode_000005,20.0,11.0,0.9072847425052298,0.009142225997524954,0.004689134357748604,0.9072265625,0.7711081897539115,0.910449941210491,0.4161001481013563,0.0056896134716256114,0.0010185288163986066,0.4160600006580353,0.33303321860788665,0.4161001481013563,1.1335067749023438,0.40938263916587453,0.005390859356923835,0.003790518643673899,0.4093295931816101,0.465690371435857,0.5955519125690263,166.85623168945312,descent_to_grasp,0.3054178183180545,0.39607648106490007,0.4978969693183899
episode_000005_000021,episode_000005,21.0,11.0,0.7231864593007916,0.00726538001247814,0.0028028721889403483,0.72314453125,0.5384405655415525,0.7715029262628899,0.26333159945387186,0.004312980866844694,0.0004158937575203368,0.2632959485054016,0.19779902391669096,0.316453253630522,1.011343240737915,0.08446916955259767,0.0033873037466008804,0.0020171336638751904,0.08437711745500565,0.06352907511967017,0.08522551275074558,165.7809295654297,descent_to_grasp,0.47491149042188235,0.8820128363549765,0.6387674137949944
episode_000005_000022,episode_000005,22.0,11.0,0.7441603723554091,0.005402758311277645,0.00044744986351857315,0.744140625,0.38849504068589946,0.7441603723554091,0.3246216588352342,0.0028560786677829185,0.0021983772027697997,0.3246016502380371,0.197874284376248,0.3246216588352342,0.8870243430137634,0.5568135782312208,0.003758291504137091,0.00024120150560748318,0.5568008422851562,0.2948045652199585,0.5568135782312208,164.1637420654297,descent_to_grasp,0.09369047546594095,0.2411626035187673,0.18733978271484375
episode_000005_000023,episode_000005,23.0,11.0,0.4375090156105671,0.002788454667566027,0.00033654285663713894,0.4375,0.18593932665313792,0.4375090156105671,0.05499771748548242,0.0009321824874797038,0.0019106112463160615,0.05495661497116089,0.1284150427867609,0.2362698720076929,0.7844411730766296,0.3771788169192803,0.0022686289288107735,0.0002138256281977013,0.37717193365097046,0.16307407640023103,0.3771788169192803,164.0193634033203,descent_to_grasp,0.022865250252906894,0.12297156639467167,0.06032806634902954
episode_000005_000024,episode_000005,24.0,11.0,0.347663580524725,0.0022288800342143253,0.000359378633966287,0.34765625,0.14536620299114597,0.347663580524725,0.007479728354405012,0.0010137192002824336,0.0013681426383132275,0.007283329963684082,0.11087503559312373,0.19775188295319737,0.6854591369628906,0.29647029715901235,0.002168441126643607,0.00020287306922961757,0.2964622974395752,0.12691121483672207,0.29647029715901235,164.90919494628906,descent_to_grasp,0.018454988154423896,0.12695515033537721,0.051193952560424805
episode_000005_000025,episode_000005,25.0,11.0,0.02372502092343684,0.0035603138527054343,0.0009404131207876746,0.0234375,0.007024723744983084,0.02372502092343684,0.3221400785450097,0.004118675627245605,0.0009585541826430332,0.3221123218536377,0.21646984997112284,0.3221400785450097,0.589820384979248,0.05663717652934312,0.0030214649515546235,0.0006772607749407558,0.0565524697303772,0.01999889247345409,0.05663717652934312,169.3504180908203,grasp_close,-0.012974168728471005,-1.8469293881822606,-0.0331149697303772
episode_000005_000026,episode_000005,26.0,11.0,0.012175713479770011,0.003177028149936986,0.0009085093909592437,0.01171875,0.004223551439567138,0.012175713479770011,0.27088096785206334,0.0030752613159844063,0.0005575718427770565,0.2708629369735718,0.17608994770984485,0.27088096785206334,0.505864143371582,0.025686725314043705,0.0020156912936817426,0.0005815871188131435,0.025600910186767578,0.012970883211292816,0.025686725314043705,177.06195068359375,grasp_close,-0.008747331771725677,-2.07108446455246,-0.013882160186767578
episode_000005_000027,episode_000005,27.0,11.0,0.004280724554698559,0.004203252223192565,0.0008107240353079092,0.0,0.003077409192524118,0.005440389994455461,0.2188389032440005,0.0034622718586084355,0.0004573187776856551,0.21881103515625,0.13566481179352166,0.2188389032440005,0.42787283658981323,0.0036561765503381537,0.002733378948013857,0.0005306854217841958,0.002369523048400879,0.007952180348219805,0.012554617690949546,186.40237426757812,grasp_close,-0.004874771155695687,-1.584050365332586,-0.002369523048400879
episode_000005_000028,episode_000005,28.0,11.0,0.002865863569859626,0.0028544051438289006,0.00025601811641302397,0.0,0.0019664839701815616,0.003909958269756863,0.16883501015691235,0.0014361946596651203,0.00019802366723157126,0.1688287854194641,0.09784816075537382,0.16883501015691235,0.35624679923057556,0.002329115781191674,0.000192212865047317,0.00014850807634424212,0.002316415309906006,0.005384671051011724,0.00845130568904776,196.40493774414062,grasp_close,-0.0034181870808301625,-1.7382227023770593,-0.002316415309906006
episode_000005_000029,episode_000005,29.0,11.0,0.004622732560143348,0.0024627930703530797,0.00021334843034418686,0.00390625,0.0021811364026402087,0.004622732560143348,0.11490799060494566,0.0004243719603621011,0.00020377018780027743,0.11490702629089355,0.06313408289385941,0.11490799060494566,0.3156893253326416,0.0036453780559429316,0.0007246370404685685,0.00020293803994125557,0.0035668611526489258,0.004755930824114256,0.006800372895663403,205.09332275390625,grasp_close,-0.0025747944214740475,-1.1804829896733309,0.0003393888473510742
episode_000005_000030,episode_000005,30.0,11.0,0.004688049412554504,0.002583311959350304,0.00021334843034418686,0.00390625,0.002240550905277415,0.004688049412554504,0.08303029188805877,0.00011252846884952994,0.00019552035669774054,0.08302998542785645,0.03994407404381735,0.08303029188805877,0.31248730421066284,0.0009038543850506756,0.0008668292376621689,0.00020304775550891382,0.00015598535537719727,0.003582371757698591,0.005666874166709585,211.57025146484375,grasp_close,-0.0013418208524211758,-0.5988798778285457,0.0037502646446228027
episode_000005_000031,episode_000005,31.0,11.0,0.004771961830407129,0.0027326384860848736,0.00021334843034418686,0.00390625,0.0022094567514479874,0.004771961830407129,0.04124096137389501,0.0004882214535169434,0.00019870430271846262,0.041237592697143555,0.019465994637614496,0.04124096137389501,0.33732008934020996,0.0013186191743444137,0.0010513157971338536,0.00020339022335368927,0.000769495964050293,0.003111293660192113,0.004364552582880831,216.99456787109375,grasp_close,-0.0009018369087441256,-0.4081713335882672,0.003136754035949707
episode_000005_000032,episode_000005,32.0,11.0,0.0025614169342719336,0.002552516240583927,0.00021334843034418686,0.0,0.0017834000191938495,0.00390749229362023,0.01362287557220857,0.001021875438907182,0.0001930296099313854,0.013583123683929443,0.00869171861700363,0.015755640100316853,0.35878467559814453,0.0018816203548074077,0.0014313028664324954,0.00019580624265026287,0.0012056231498718262,0.0028847378609864758,0.003466681846620883,220.8936767578125,grasp_close,-0.0011013378417926262,-0.6175495289556316,-0.0012056231498718262
episode_000005_000033,episode_000005,33.0,11.0,0.004751522969844371,0.0026930718881097468,0.00025601811641302397,0.00390625,0.002249595475252023,0.004751522969844371,0.0066616774939911175,0.0010952572956546395,0.00013564543258437524,0.006569623947143555,0.004776072684810159,0.00788731022521688,0.369503378868103,0.001675405656691368,0.0013815784114056897,0.00014818551905707844,0.0009360909461975098,0.0026626039772593576,0.0030790066025503456,223.39735412597656,grasp_close,-0.00041300850200733444,-0.18359234206810668,0.0029701590538024902
episode_000005_000034,episode_000005,34.0,11.0,0.002701509531217194,0.0026930718881097502,0.00021334843034418686,0.0,0.001835753260029175,0.003907483363904448,0.005092431752346225,0.0010944102048817083,0.00013667727862662582,0.004971563816070557,0.0033010117453781728,0.005092431752346225,0.360433965921402,0.00483667916340058,0.001314494899861995,0.00011469460159538382,0.004653215408325195,0.003237630035544487,0.00483667916340058,220.82191467285156,grasp_close,-0.0014018767755153122,-0.7636520691746083,-0.004653215408325195
episode_000005_000035,episode_000005,35.0,11.0,0.002851666457649587,0.002843674389404212,0.00021334843034418686,0.0,0.0011439723394286205,0.002851666457649587,0.0038899611684553325,0.0007420081828087394,8.902554089819716e-05,0.0038174986839294434,0.00241791984776085,0.0038899611684553325,0.33541610836982727,0.004330400980052054,0.0009607364576592174,6.914996643152207e-05,0.004221916198730469,0.002965165501713577,0.004330400980052054,214.8921661376953,lift,-0.0018211931622849566,-1.5919905573893398,-0.004221916198730469
episode_000005_000036,episode_000005,36.0,11.0,0.004327410468980271,0.0018593688389377553,0.00010217546343086121,0.00390625,0.0018419523412605537,0.004327410468980271,0.007280831320640855,0.0015904117662940704,0.000197800696302483,0.007102251052856445,0.00372077150281004,0.007280831320640855,0.3148545026779175,0.00483018862693024,0.0018304020988381337,0.0001697939797395619,0.004466712474822998,0.0033333341876108312,0.00483018862693024,206.6525115966797,lift,-0.0014913818463502776,-0.8096745029405263,-0.000560462474822998
episode_000005_000037,episode_000005,37.0,11.0,0.003932171738394515,0.00044260898012996524,8.533937213767466e-05,0.00390625,0.001790249217880666,0.003932171738394515,0.00781637046732478,0.003775045380567764,0.0003385825648415994,0.0068359375,0.004155138053537599,0.00781637046732478,0.29940927028656006,0.0062146640523741,0.00394103662590561,0.00022119526083030474,0.004800140857696533,0.004184555472957162,0.0062146640523741,196.96109008789062,lift,-0.0023943062550764956,-1.3374150543749015,-0.0008938908576965332
episode_000005_000038,episode_000005,38.0,11.0,0.004044866431508144,0.001044851932531166,0.0001021754634308593,0.00390625,0.0019300983523966846,0.004044866431508144,0.008114807053941814,0.004359759799354698,0.0003354795235603048,0.0068359375,0.0039036370801671903,0.008114807053941814,0.294082909822464,0.007330838915117467,0.004540640964471722,0.00019129144840816925,0.005752146244049072,0.00430622323188821,0.007330838915117467,188.50096130371094,lift,-0.002376124879491525,-1.2310900512095617,-0.0018458962440490723
episode_000005_000039,episode_000005,39.0,11.0,0.004145873364179921,0.0013668997481891664,0.0002471071988367219,0.00390625,0.0017354475907509106,0.004145873364179921,0.008543255995767864,0.0047706662588919415,0.00014229224589113203,0.007085740566253662,0.0028877526731618357,0.008543255995767864,0.2924036979675293,0.00790252962075892,0.005241501294810366,0.00014351335128186433,0.005912363529205322,0.0038227366102981273,0.00790252962075892,182.05580139160156,lift,-0.0020872890195472167,-1.2027381470183538,-0.0020061135292053223
episode_000005_000040,episode_000005,40.0,11.0,0.007943652130480835,0.0014271336406790091,0.00017246011636026996,0.0078125,0.0021021561882422616,0.007943652130480835,0.012361707810121407,0.0049155874119977405,0.0003267831034374058,0.011337637901306152,0.0038400586341692583,0.012361707810121407,0.2918763756752014,0.010336257794732464,0.005267127105347934,0.00023331569049221318,0.008890509605407715,0.003927168777385296,0.010336257794732464,177.2385711669922,lift,-0.0018250125891430343,-0.8681622228408424,-0.0010780096054077148
episode_000005_000041,episode_000005,41.0,11.0,0.007963659082866878,0.001528488088920883,0.0002200770323207242,0.0078125,0.004875998878606997,0.007992973537452814,0.01238806874380006,0.005044909564579348,0.00039080572269155686,0.01130753755569458,0.006189257383171635,0.01238806874380006,0.2870253622531891,0.012744828487708656,0.005178063248206857,0.0002898653235802346,0.011641919612884521,0.005571037335033538,0.012744828487708656,174.07147216796875,lift,-0.0006950384564265409,-0.14254278430537773,-0.0038294196128845215
episode_000005_000042,episode_000005,42.0,11.0,0.007959800581942025,0.001508175879883982,0.0002206231393593768,0.0078125,0.004843132307179284,0.007959800581942025,0.012320186469538193,0.004983865044904739,0.00042253994379548614,0.011259198188781738,0.006129472620781783,0.012320186469538193,0.27970337867736816,0.012418042414063826,0.0049545870663815356,0.00030881143767414734,0.011382639408111572,0.005489566654959359,0.012418042414063826,171.32785034179688,lift,-0.0006464343477800751,-0.13347443488624589,-0.0035701394081115723
