monotonic,wall,load,network,memory,cpu,driver_stat
2172302.57807322,1791283740.0675983,"(3.0234375, 3.7412109375, 4.38134765625)","Inter-|   Receive                                                |  Transmit
 face |bytes    packets errs drop fifo frame compressed multicast|bytes    packets errs drop fifo colls carrier compressed
    lo: 16334060737 21821595    0    0    0     0          0         0 16334060737 21821595    0    0    0     0       0          0
enp3s0: 101719928051 80120526    0    0    0     0          0         0 594419155 8091496    0    0    0     0       0          0
enp6s0: 62489108  544826    0  260    0     0          0     18851        0       0    0    0    0     0       0          0
wlp4s0: 9002073651 14858825    0    0    0     0          0         0 17080168732 19570598    0    0    0     0       0          0
","MemTotal:       32698160 kB
MemFree:         3138716 kB
MemAvailable:   24057344 kB
Buffers:          429516 kB
Cached:         20101252 kB
SwapCached:        26004 kB
Active:         16650328 kB
Inactive:       10940592 kB
Active(anon):    1582832 kB
Inactive(anon):  5266544 kB
Active(file):   15067496 kB
Inactive(file):  5674048 kB
Unevictable:          24 kB
Mlocked:              16 kB
SwapTotal:       2097148 kB
SwapFree:            324 kB
Zswap:                 0 kB
Zswapped:              0 kB
Dirty:               888 kB
Writeback:             0 kB
AnonPages:       7035992 kB
Mapped:          1154560 kB
Shmem:             71096 kB
KReclaimable:     646904 kB
Slab:            1007960 kB
SReclaimable:     646904 kB
SUnreclaim:       361056 kB
KernelStack:       27952 kB
PageTables:        83084 kB
SecPageTables:         0 kB
NFS_Unstable:          0 kB
Bounce:                0 kB
WritebackTmp:          0 kB
CommitLimit:    18446228 kB
Committed_AS:   23533172 kB
VmallocTotal:   34359738367 kB
VmallocUsed:      236348 kB
VmallocChunk:          0 kB
Percpu:            20160 kB
HardwareCorrupted:     0 kB
AnonHugePages:         0 kB
ShmemHugePages:        0 kB
ShmemPmdMapped:        0 kB
FileHugePages:         0 kB
FilePmdMapped:         0 kB
Unaccepted:            0 kB
HugePages_Total:       0
HugePages_Free:        0
HugePages_Rsvd:        0
HugePages_Surp:        0
Hugepagesize:       2048 kB
Hugetlb:               0 kB
DirectMap4k:    31524404 kB
DirectMap2M:     1867776 kB
DirectMap1G:     1048576 kB
",cpu  66719520 213925 12912742 4257424147 480658 0 473666 0 0 0,"3017586 (ros2_control_no) S 3017571 3017571 2912103 34817 3017571 4194304 13747 0 10 0 1197321 9383 0 0 20 0 39 0 216637404 2743566336 29203 18446744073709551615 106820472733696 106820472749549 140723865944256 0 0 0 4096 0 1098925310 0 0 0 17 7 0 0 0 0 0 106820472760512 106820472762592 106821535870976 140723865947817 140723865948053 140723865948053 140723865956287 0
"
2172302.779172237,1791283740.2686973,"(3.0234375, 3.7412109375, 4.38134765625)","Inter-|   Receive                                                |  Transmit
 face |bytes    packets errs drop fifo frame compressed multicast|bytes    packets errs drop fifo colls carrier compressed
    lo: 16334193029 21822160    0    0    0     0          0         0 16334193029 21822160    0    0    0     0       0          0
enp3s0: 101720201913 80120736    0    0    0     0          0         0 594425974 8091529    0    0    0     0       0          0
enp6s0: 62489108  544826    0  260    0     0          0     18851        0       0    0    0    0     0       0          0
wlp4s0: 9002156956 14859302    0    0    0     0          0         0 17080253948 19571044    0    0    0     0       0          0
","MemTotal:       32698160 kB
MemFree:         3132164 kB
MemAvailable:   24050824 kB
Buffers:          429520 kB
Cached:         20101820 kB
SwapCached:        26004 kB
Active:         16657800 kB
Inactive:       10940624 kB
Active(anon):    1590304 kB
Inactive(anon):  5266544 kB
Active(file):   15067496 kB
Inactive(file):  5674080 kB
Unevictable:          24 kB
Mlocked:              16 kB
SwapTotal:       2097148 kB
SwapFree:            324 kB
Zswap:                 0 kB
Zswapped:              0 kB
Dirty:               916 kB
Writeback:             0 kB
AnonPages:       7043040 kB
Mapped:          1159536 kB
Shmem:             71636 kB
KReclaimable:     646904 kB
Slab:            1007948 kB
SReclaimable:     646904 kB
SUnreclaim:       361044 kB
KernelStack:       28176 kB
PageTables:        83352 kB
SecPageTables:         0 kB
NFS_Unstable:          0 kB
Bounce:                0 kB
WritebackTmp:          0 kB
CommitLimit:    18446228 kB
Committed_AS:   23654528 kB
VmallocTotal:   34359738367 kB
VmallocUsed:      236540 kB
VmallocChunk:          0 kB
Percpu:            20160 kB
HardwareCorrupted:     0 kB
AnonHugePages:         0 kB
ShmemHugePages:        0 kB
ShmemPmdMapped:        0 kB
FileHugePages:         0 kB
FilePmdMapped:         0 kB
Unaccepted:            0 kB
HugePages_Total:       0
HugePages_Free:        0
HugePages_Rsvd:        0
HugePages_Surp:        0
Hugepagesize:       2048 kB
Hugetlb:               0 kB
DirectMap4k:    31524404 kB
DirectMap2M:     1867776 kB
DirectMap1G:     1048576 kB
",cpu  66719576 213925 12912746 4257424487 480658 0 473666 0 0 0,"3017586 (ros2_control_no) S 3017571 3017571 2912103 34817 3017571 4194304 13747 0 10 0 1197361 9383 0 0 20 0 39 0 216637404 2743566336 29203 18446744073709551615 106820472733696 106820472749549 140723865944256 0 0 0 4096 0 1098925310 0 0 0 17 7 0 0 0 0 0 106820472760512 106820472762592 106821535870976 140723865947817 140723865948053 140723865948053 140723865956287 0
"
2172302.98044223,1791283740.4699674,"(3.0234375, 3.7412109375, 4.38134765625)","Inter-|   Receive                                                |  Transmit
 face |bytes    packets errs drop fifo frame compressed multicast|bytes    packets errs drop fifo colls carrier compressed
    lo: 16334300850 21822805    0    0    0     0          0         0 16334300850 21822805    0    0    0     0       0          0
enp3s0: 101720476109 80120948    0    0    0     0          0         0 594428674 8091551    0    0    0     0       0          0
enp6s0: 62489108  544826    0  260    0     0          0     18851        0       0    0    0    0     0       0          0
wlp4s0: 9002189034 14859486    0    0    0     0          0         0 17080333155 19571522    0    0    0     0       0          0
","MemTotal:       32698160 kB
MemFree:         3132164 kB
MemAvailable:   24050824 kB
Buffers:          429520 kB
Cached:         20101820 kB
SwapCached:        26004 kB
Active:         16658400 kB
Inactive:       10940624 kB
Active(anon):    1590904 kB
Inactive(anon):  5266544 kB
Active(file):   15067496 kB
Inactive(file):  5674080 kB
Unevictable:          24 kB
Mlocked:              16 kB
SwapTotal:       2097148 kB
SwapFree:            324 kB
Zswap:                 0 kB
Zswapped:              0 kB
Dirty:               916 kB
Writeback:             0 kB
AnonPages:       7043596 kB
Mapped:          1159576 kB
Shmem:             71636 kB
KReclaimable:     646904 kB
Slab:            1008020 kB
SReclaimable:     646904 kB
SUnreclaim:       361116 kB
KernelStack:       28176 kB
PageTables:        83352 kB
SecPageTables:         0 kB
NFS_Unstable:          0 kB
Bounce:                0 kB
WritebackTmp:          0 kB
CommitLimit:    18446228 kB
Committed_AS:   23654528 kB
VmallocTotal:   34359738367 kB
VmallocUsed:      236540 kB
VmallocChunk:          0 kB
Percpu:            20160 kB
HardwareCorrupted:     0 kB
AnonHugePages:         0 kB
ShmemHugePages:        0 kB
ShmemPmdMapped:        0 kB
FileHugePages:         0 kB
FilePmdMapped:         0 kB
Unaccepted:            0 kB
HugePages_Total:       0
HugePages_Free:        0
HugePages_Rsvd:        0
HugePages_Surp:        0
Hugepagesize:       2048 kB
Hugetlb:               0 kB
DirectMap4k:    31524404 kB
DirectMap2M:     1867776 kB
DirectMap1G:     1048576 kB
",cpu  66719634 213925 12912751 4257424826 480658 0 473666 0 0 0,"3017586 (ros2_control_no) S 3017571 3017571 2912103 34817 3017571 4194304 13747 0 10 0 1197402 9384 0 0 20 0 39 0 216637404 2743566336 29203 18446744073709551615 106820472733696 106820472749549 140723865944256 0 0 0 4096 0 1098925310 0 0 0 17 7 0 0 0 0 0 106820472760512 106820472762592 106821535870976 140723865947817 140723865948053 140723865948053 140723865956287 0
"
2172303.181670851,1791283740.671196,"(3.0234375, 3.7412109375, 4.38134765625)","Inter-|   Receive                                                |  Transmit
 face |bytes    packets errs drop fifo frame compressed multicast|bytes    packets errs drop fifo colls carrier compressed
    lo: 16334309934 21822845    0    0    0     0          0         0 16334309934 21822845    0    0    0     0       0          0
enp3s0: 101720749971 80121158    0    0    0     0          0         0 594430864 8091570    0    0    0     0       0          0
enp6s0: 62489108  544826    0  260    0     0          0     18851        0       0    0    0    0     0       0          0
wlp4s0: 9002190877 14859497    0    0    0     0          0         0 17080341796 19571549    0    0    0     0       0          0
","MemTotal:       32698160 kB
MemFree:         3134392 kB
MemAvailable:   24053052 kB
Buffers:          429520 kB
Cached:         20101820 kB
SwapCached:        26004 kB
Active:         16658520 kB
Inactive:       10940624 kB
Active(anon):    1591024 kB
Inactive(anon):  5266544 kB
Active(file):   15067496 kB
Inactive(file):  5674080 kB
Unevictable:          24 kB
Mlocked:              16 kB
SwapTotal:       2097148 kB
SwapFree:            324 kB
Zswap:                 0 kB
Zswapped:              0 kB
Dirty:               920 kB
Writeback:             0 kB
AnonPages:       7043732 kB
Mapped:          1159576 kB
Shmem:             71636 kB
KReclaimable:     646904 kB
Slab:            1008020 kB
SReclaimable:     646904 kB
SUnreclaim:       361116 kB
KernelStack:       28176 kB
PageTables:        83352 kB
SecPageTables:         0 kB
NFS_Unstable:          0 kB
Bounce:                0 kB
WritebackTmp:          0 kB
CommitLimit:    18446228 kB
Committed_AS:   23654528 kB
VmallocTotal:   34359738367 kB
VmallocUsed:      236540 kB
VmallocChunk:          0 kB
Percpu:            20160 kB
HardwareCorrupted:     0 kB
AnonHugePages:         0 kB
ShmemHugePages:        0 kB
ShmemPmdMapped:        0 kB
FileHugePages:         0 kB
FilePmdMapped:         0 kB
Unaccepted:            0 kB
HugePages_Total:       0
HugePages_Free:        0
HugePages_Rsvd:        0
HugePages_Surp:        0
Hugepagesize:       2048 kB
Hugetlb:               0 kB
DirectMap4k:    31524404 kB
DirectMap2M:     1867776 kB
DirectMap1G:     1048576 kB
",cpu  66719682 213925 12912754 4257425174 480658 0 473667 0 0 0,"3017586 (ros2_control_no) S 3017571 3017571 2912103 34817 3017571 4194304 13747 0 10 0 1197443 9384 0 0 20 0 39 0 216637404 2743566336 29203 18446744073709551615 106820472733696 106820472749549 140723865944256 0 0 0 4096 0 1098925310 0 0 0 17 7 0 0 0 0 0 106820472760512 106820472762592 106821535870976 140723865947817 140723865948053 140723865948053 140723865956287 0
"
2172303.383048001,1791283740.872573,"(3.0234375, 3.7412109375, 4.38134765625)","Inter-|   Receive                                                |  Transmit
 face |bytes    packets errs drop fifo frame compressed multicast|bytes    packets errs drop fifo colls carrier compressed
    lo: 16334317409 21822912    0    0    0     0          0         0 16334317409 21822912    0    0    0     0       0          0
enp3s0: 101721024167 80121370    0    0    0     0          0         0 594432052 8091588    0    0    0     0       0          0
enp6s0: 62489108  544826    0  260    0     0          0     18851        0       0    0    0    0     0       0          0
wlp4s0: 9002192760 14859516    0    0    0     0          0         0 17080347193 19571582    0    0    0     0       0          0
","MemTotal:       32698160 kB
MemFree:         3135940 kB
MemAvailable:   24054600 kB
Buffers:          429520 kB
Cached:         20101820 kB
SwapCached:        26004 kB
Active:         16658676 kB
Inactive:       10940624 kB
Active(anon):    1591180 kB
Inactive(anon):  5266544 kB
Active(file):   15067496 kB
Inactive(file):  5674080 kB
Unevictable:          24 kB
Mlocked:              16 kB
SwapTotal:       2097148 kB
SwapFree:            324 kB
Zswap:                 0 kB
Zswapped:              0 kB
Dirty:               920 kB
Writeback:             0 kB
AnonPages:       7043904 kB
Mapped:          1159576 kB
Shmem:             71636 kB
KReclaimable:     646904 kB
Slab:            1008036 kB
SReclaimable:     646904 kB
SUnreclaim:       361132 kB
KernelStack:       28128 kB
PageTables:        83356 kB
SecPageTables:         0 kB
NFS_Unstable:          0 kB
Bounce:                0 kB
WritebackTmp:          0 kB
CommitLimit:    18446228 kB
Committed_AS:   23654528 kB
VmallocTotal:   34359738367 kB
VmallocUsed:      236540 kB
VmallocChunk:          0 kB
Percpu:            20160 kB
HardwareCorrupted:     0 kB
AnonHugePages:         0 kB
ShmemHugePages:        0 kB
ShmemPmdMapped:        0 kB
FileHugePages:         0 kB
FilePmdMapped:         0 kB
Unaccepted:            0 kB
HugePages_Total:       0
HugePages_Free:        0
HugePages_Rsvd:        0
HugePages_Surp:        0
Hugepagesize:       2048 kB
Hugetlb:               0 kB
DirectMap4k:    31524404 kB
DirectMap2M:     1867776 kB
DirectMap1G:     1048576 kB
",cpu  66719736 213925 12912757 4257425518 480658 0 473667 0 0 0,"3017586 (ros2_control_no) S 3017571 3017571 2912103 34817 3017571 4194304 13747 0 10 0 1197484 9384 0 0 20 0 39 0 216637404 2743566336 29203 18446744073709551615 106820472733696 106820472749549 140723865944256 0 0 0 4096 0 1098925310 0 0 0 17 7 0 0 0 0 0 106820472760512 106820472762592 106821535870976 140723865947817 140723865948053 140723865948053 140723865956287 0
"
2172303.584786078,1791283741.0743113,"(3.0234375, 3.7412109375, 4.38134765625)","Inter-|   Receive                                                |  Transmit
 face |bytes    packets errs drop fifo frame compressed multicast|bytes    packets errs drop fifo colls carrier compressed
    lo: 16334324412 21822959    0    0    0     0          0         0 16334324412 21822959    0    0    0     0       0          0
enp3s0: 101721298196 80121581    0    0    0     0          0         0 594433174 8091605    0    0    0     0       0          0
enp6s0: 62489108  544826    0  260    0     0          0     18851        0       0    0    0    0     0       0          0
wlp4s0: 9002193930 14859528    0    0    0     0          0         0 17080351739 19571602    0    0    0     0       0          0
","MemTotal:       32698160 kB
MemFree:         3136192 kB
MemAvailable:   24054852 kB
Buffers:          429520 kB
Cached:         20101820 kB
SwapCached:        26004 kB
Active:         16658676 kB
Inactive:       10940624 kB
Active(anon):    1591180 kB
Inactive(anon):  5266544 kB
Active(file):   15067496 kB
Inactive(file):  5674080 kB
Unevictable:          24 kB
Mlocked:              16 kB
SwapTotal:       2097148 kB
SwapFree:            324 kB
Zswap:                 0 kB
Zswapped:              0 kB
Dirty:               920 kB
Writeback:             0 kB
AnonPages:       7043908 kB
Mapped:          1159576 kB
Shmem:             71636 kB
KReclaimable:     646904 kB
Slab:            1008036 kB
SReclaimable:     646904 kB
SUnreclaim:       361132 kB
KernelStack:       28128 kB
PageTables:        83356 kB
SecPageTables:         0 kB
NFS_Unstable:          0 kB
Bounce:                0 kB
WritebackTmp:          0 kB
CommitLimit:    18446228 kB
Committed_AS:   23654532 kB
VmallocTotal:   34359738367 kB
VmallocUsed:      236540 kB
VmallocChunk:          0 kB
Percpu:            20160 kB
HardwareCorrupted:     0 kB
AnonHugePages:         0 kB
ShmemHugePages:        0 kB
ShmemPmdMapped:        0 kB
FileHugePages:         0 kB
FilePmdMapped:         0 kB
Unaccepted:            0 kB
HugePages_Total:       0
HugePages_Free:        0
HugePages_Rsvd:        0
HugePages_Surp:        0
Hugepagesize:       2048 kB
Hugetlb:               0 kB
DirectMap4k:    31524404 kB
DirectMap2M:     1867776 kB
DirectMap1G:     1048576 kB
",cpu  66719800 213925 12912762 4257425851 480658 0 473667 0 0 0,"3017586 (ros2_control_no) S 3017571 3017571 2912103 34817 3017571 4194304 13747 0 10 0 1197525 9384 0 0 20 0 39 0 216637404 2743566336 29203 18446744073709551615 106820472733696 106820472749549 140723865944256 0 0 0 4096 0 1098925310 0 0 0 17 7 0 0 0 0 0 106820472760512 106820472762592 106821535870976 140723865947817 140723865948053 140723865948053 140723865956287 0
"
2172303.786258383,1791283741.2757835,"(3.0234375, 3.7412109375, 4.38134765625)","Inter-|   Receive                                                |  Transmit
 face |bytes    packets errs drop fifo frame compressed multicast|bytes    packets errs drop fifo colls carrier compressed
    lo: 16334332500 21823021    0    0    0     0          0         0 16334332500 21823021    0    0    0     0       0          0
enp3s0: 101721572392 80121793    0    0    0     0          0         0 594434413 8091624    0    0    0     0       0          0
enp6s0: 62489108  544826    0  260    0     0          0     18851        0       0    0    0    0     0       0          0
wlp4s0: 9002196129 14859551    0    0    0     0          0         0 17080385698 19571632    0    0    0     0       0          0
","MemTotal:       32698160 kB
MemFree:         3136192 kB
MemAvailable:   24054852 kB
Buffers:          429520 kB
Cached:         20101820 kB
SwapCached:        26004 kB
Active:         16658736 kB
Inactive:       10940624 kB
Active(anon):    1591240 kB
Inactive(anon):  5266544 kB
Active(file):   15067496 kB
Inactive(file):  5674080 kB
Unevictable:          24 kB
Mlocked:              16 kB
SwapTotal:       2097148 kB
SwapFree:            324 kB
Zswap:                 0 kB
Zswapped:              0 kB
Dirty:               920 kB
Writeback:             0 kB
AnonPages:       7043980 kB
Mapped:          1159576 kB
Shmem:             71636 kB
KReclaimable:     646904 kB
Slab:            1008028 kB
SReclaimable:     646904 kB
SUnreclaim:       361124 kB
KernelStack:       28128 kB
PageTables:        83360 kB
SecPageTables:         0 kB
NFS_Unstable:          0 kB
Bounce:                0 kB
WritebackTmp:          0 kB
CommitLimit:    18446228 kB
Committed_AS:   23654532 kB
VmallocTotal:   34359738367 kB
VmallocUsed:      236540 kB
VmallocChunk:          0 kB
Percpu:            20160 kB
HardwareCorrupted:     0 kB
AnonHugePages:         0 kB
ShmemHugePages:        0 kB
ShmemPmdMapped:        0 kB
FileHugePages:         0 kB
FilePmdMapped:         0 kB
Unaccepted:            0 kB
HugePages_Total:       0
HugePages_Free:        0
HugePages_Rsvd:        0
HugePages_Surp:        0
Hugepagesize:       2048 kB
Hugetlb:               0 kB
DirectMap4k:    31524404 kB
DirectMap2M:     1867776 kB
DirectMap1G:     1048576 kB
",cpu  66719857 213925 12912766 4257426188 480658 0 473668 0 0 0,"3017586 (ros2_control_no) S 3017571 3017571 2912103 34817 3017571 4194304 13747 0 10 0 1197565 9384 0 0 20 0 39 0 216637404 2743566336 29203 18446744073709551615 106820472733696 106820472749549 140723865944256 0 0 0 4096 0 1098925310 0 0 0 17 7 0 0 0 0 0 106820472760512 106820472762592 106821535870976 140723865947817 140723865948053 140723865948053 140723865956287 0
"
2172303.987469035,1791283741.476994,"(3.0234375, 3.7412109375, 4.38134765625)","Inter-|   Receive                                                |  Transmit
 face |bytes    packets errs drop fifo frame compressed multicast|bytes    packets errs drop fifo colls carrier compressed
    lo: 16334338813 21823060    0    0    0     0          0         0 16334338813 21823060    0    0    0     0       0          0
enp3s0: 101721845367 80122005    0    0    0     0          0         0 594435709 8091644    0    0    0     0       0          0
enp6s0: 62489108  544826    0  260    0     0          0     18851        0       0    0    0    0     0       0          0
wlp4s0: 9002200467 14859567    0    0    0     0          0         0 17080389328 19571648    0    0    0     0       0          0
","MemTotal:       32698160 kB
MemFree:         3135688 kB
MemAvailable:   24054348 kB
Buffers:          429520 kB
Cached:         20101820 kB
SwapCached:        26004 kB
Active:         16658792 kB
Inactive:       10940624 kB
Active(anon):    1591296 kB
Inactive(anon):  5266544 kB
Active(file):   15067496 kB
Inactive(file):  5674080 kB
Unevictable:          24 kB
Mlocked:              16 kB
SwapTotal:       2097148 kB
SwapFree:            324 kB
Zswap:                 0 kB
Zswapped:              0 kB
Dirty:               920 kB
Writeback:             0 kB
AnonPages:       7044048 kB
Mapped:          1159576 kB
Shmem:             71636 kB
KReclaimable:     646904 kB
Slab:            1008028 kB
SReclaimable:     646904 kB
SUnreclaim:       361124 kB
KernelStack:       28128 kB
PageTables:        83360 kB
SecPageTables:         0 kB
NFS_Unstable:          0 kB
Bounce:                0 kB
WritebackTmp:          0 kB
CommitLimit:    18446228 kB
Committed_AS:   23654532 kB
VmallocTotal:   34359738367 kB
VmallocUsed:      236540 kB
VmallocChunk:          0 kB
Percpu:            20160 kB
HardwareCorrupted:     0 kB
AnonHugePages:         0 kB
ShmemHugePages:        0 kB
ShmemPmdMapped:        0 kB
FileHugePages:         0 kB
FilePmdMapped:         0 kB
Unaccepted:            0 kB
HugePages_Total:       0
HugePages_Free:        0
HugePages_Rsvd:        0
HugePages_Surp:        0
Hugepagesize:       2048 kB
Hugetlb:               0 kB
DirectMap4k:    31524404 kB
DirectMap2M:     1867776 kB
DirectMap1G:     1048576 kB
",cpu  66719910 213925 12912770 4257426533 480658 0 473668 0 0 0,"3017586 (ros2_control_no) S 3017571 3017571 2912103 34817 3017571 4194304 13747 0 10 0 1197605 9385 0 0 20 0 39 0 216637404 2743566336 29203 18446744073709551615 106820472733696 106820472749549 140723865944256 0 0 0 4096 0 1098925310 0 0 0 17 7 0 0 0 0 0 106820472760512 106820472762592 106821535870976 140723865947817 140723865948053 140723865948053 140723865956287 0
"
2172304.188715475,1791283741.6782405,"(3.0234375, 3.7412109375, 4.38134765625)","Inter-|   Receive                                                |  Transmit
 face |bytes    packets errs drop fifo frame compressed multicast|bytes    packets errs drop fifo colls carrier compressed
    lo: 16334348449 21823112    0    0    0     0          0         0 16334348449 21823112    0    0    0     0       0          0
enp3s0: 101722119897 80122219    0    0    0     0          0         0 594437029 8091664    0    0    0     0       0          0
enp6s0: 62489108  544826    0  260    0     0          0     18851        0       0    0    0    0     0       0          0
wlp4s0: 9002201722 14859581    0    0    0     0          0         0 17080396942 19571672    0    0    0     0       0          0
","MemTotal:       32698160 kB
MemFree:         3144184 kB
MemAvailable:   24062844 kB
Buffers:          429520 kB
Cached:         20101820 kB
SwapCached:        26004 kB
Active:         16658872 kB
Inactive:       10940624 kB
Active(anon):    1591376 kB
Inactive(anon):  5266544 kB
Active(file):   15067496 kB
Inactive(file):  5674080 kB
Unevictable:          24 kB
Mlocked:              16 kB
SwapTotal:       2097148 kB
SwapFree:            324 kB
Zswap:                 0 kB
Zswapped:              0 kB
Dirty:               920 kB
Writeback:             0 kB
AnonPages:       7044104 kB
Mapped:          1159576 kB
Shmem:             71636 kB
KReclaimable:     646904 kB
Slab:            1008060 kB
SReclaimable:     646904 kB
SUnreclaim:       361156 kB
KernelStack:       28128 kB
PageTables:        83360 kB
SecPageTables:         0 kB
NFS_Unstable:          0 kB
Bounce:                0 kB
WritebackTmp:          0 kB
CommitLimit:    18446228 kB
Committed_AS:   23654532 kB
VmallocTotal:   34359738367 kB
VmallocUsed:      236540 kB
VmallocChunk:          0 kB
Percpu:            20160 kB
HardwareCorrupted:     0 kB
AnonHugePages:         0 kB
ShmemHugePages:        0 kB
ShmemPmdMapped:        0 kB
FileHugePages:         0 kB
FilePmdMapped:         0 kB
Unaccepted:            0 kB
HugePages_Total:       0
HugePages_Free:        0
HugePages_Rsvd:        0
HugePages_Surp:        0
Hugepagesize:       2048 kB
Hugetlb:               0 kB
DirectMap4k:    31524404 kB
DirectMap2M:     1867776 kB
DirectMap1G:     1048576 kB
",cpu  66719971 213925 12912775 4257426866 480658 0 473668 0 0 0,"3017586 (ros2_control_no) S 3017571 3017571 2912103 34817 3017571 4194304 13747 0 10 0 1197646 9385 0 0 20 0 39 0 216637404 2743566336 29203 18446744073709551615 106820472733696 106820472749549 140723865944256 0 0 0 4096 0 1098925310 0 0 0 17 7 0 0 0 0 0 106820472760512 106820472762592 106821535870976 140723865947817 140723865948053 140723865948053 140723865956287 0
"
2172304.39010012,1791283741.8796253,"(3.0234375, 3.7412109375, 4.38134765625)","Inter-|   Receive                                                |  Transmit
 face |bytes    packets errs drop fifo frame compressed multicast|bytes    packets errs drop fifo colls carrier compressed
    lo: 16334363139 21823179    0    0    0     0          0         0 16334363139 21823179    0    0    0     0       0          0
enp3s0: 101722394260 80122432    0    0    0     0          0         0 594438283 8091683    0    0    0     0       0          0
enp6s0: 62489108  544826    0  260    0     0          0     18851        0       0    0    0    0     0       0          0
wlp4s0: 9002203670 14859602    0    0    0     0          0         0 17080409530 19571705    0    0    0     0       0          0
","MemTotal:       32698160 kB
MemFree:         3144452 kB
MemAvailable:   24063112 kB
Buffers:          429520 kB
Cached:         20101820 kB
SwapCached:        26004 kB
Active:         16658920 kB
Inactive:       10940624 kB
Active(anon):    1591424 kB
Inactive(anon):  5266544 kB
Active(file):   15067496 kB
Inactive(file):  5674080 kB
Unevictable:          24 kB
Mlocked:              16 kB
SwapTotal:       2097148 kB
SwapFree:            324 kB
Zswap:                 0 kB
Zswapped:              0 kB
Dirty:               920 kB
Writeback:             0 kB
AnonPages:       7044156 kB
Mapped:          1159576 kB
Shmem:             71636 kB
KReclaimable:     646904 kB
Slab:            1008084 kB
SReclaimable:     646904 kB
SUnreclaim:       361180 kB
KernelStack:       28128 kB
PageTables:        83360 kB
SecPageTables:         0 kB
NFS_Unstable:          0 kB
Bounce:                0 kB
WritebackTmp:          0 kB
CommitLimit:    18446228 kB
Committed_AS:   23655556 kB
VmallocTotal:   34359738367 kB
VmallocUsed:      236540 kB
VmallocChunk:          0 kB
Percpu:            20160 kB
HardwareCorrupted:     0 kB
AnonHugePages:         0 kB
ShmemHugePages:        0 kB
ShmemPmdMapped:        0 kB
FileHugePages:         0 kB
FilePmdMapped:         0 kB
Unaccepted:            0 kB
HugePages_Total:       0
HugePages_Free:        0
HugePages_Rsvd:        0
HugePages_Surp:        0
Hugepagesize:       2048 kB
Hugetlb:               0 kB
DirectMap4k:    31524404 kB
DirectMap2M:     1867776 kB
DirectMap1G:     1048576 kB
",cpu  66720041 213925 12912780 4257427191 480658 0 473668 0 0 0,"3017586 (ros2_control_no) S 3017571 3017571 2912103 34817 3017571 4194304 13747 0 10 0 1197687 9385 0 0 20 0 39 0 216637404 2743566336 29203 18446744073709551615 106820472733696 106820472749549 140723865944256 0 0 0 4096 0 1098925310 0 0 0 17 7 0 0 0 0 0 106820472760512 106820472762592 106821535870976 140723865947817 140723865948053 140723865948053 140723865956287 0
"
2172304.591447552,1791283742.080973,"(3.0234375, 3.7412109375, 4.38134765625)","Inter-|   Receive                                                |  Transmit
 face |bytes    packets errs drop fifo frame compressed multicast|bytes    packets errs drop fifo colls carrier compressed
    lo: 16334384478 21823237    0    0    0     0          0         0 16334384478 21823237    0    0    0     0       0          0
enp3s0: 101722668456 80122644    0    0    0     0          0         0 594439471 8091701    0    0    0     0       0          0
enp6s0: 62489108  544826    0  260    0     0          0     18851        0       0    0    0    0     0       0          0
wlp4s0: 9002205128 14859618    0    0    0     0          0         0 17080427939 19571735    0    0    0     0       0          0
","MemTotal:       32698160 kB
MemFree:         3144200 kB
MemAvailable:   24062860 kB
Buffers:          429520 kB
Cached:         20101820 kB
SwapCached:        26004 kB
Active:         16658972 kB
Inactive:       10940624 kB
Active(anon):    1591476 kB
Inactive(anon):  5266544 kB
Active(file):   15067496 kB
Inactive(file):  5674080 kB
Unevictable:          24 kB
Mlocked:              16 kB
SwapTotal:       2097148 kB
SwapFree:            324 kB
Zswap:                 0 kB
Zswapped:              0 kB
Dirty:               920 kB
Writeback:             0 kB
AnonPages:       7044212 kB
Mapped:          1159576 kB
Shmem:             71636 kB
KReclaimable:     646904 kB
Slab:            1008084 kB
SReclaimable:     646904 kB
SUnreclaim:       361180 kB
KernelStack:       28128 kB
PageTables:        83360 kB
SecPageTables:         0 kB
NFS_Unstable:          0 kB
Bounce:                0 kB
WritebackTmp:          0 kB
CommitLimit:    18446228 kB
Committed_AS:   23655556 kB
VmallocTotal:   34359738367 kB
VmallocUsed:      236548 kB
VmallocChunk:          0 kB
Percpu:            20160 kB
HardwareCorrupted:     0 kB
AnonHugePages:         0 kB
ShmemHugePages:        0 kB
ShmemPmdMapped:        0 kB
FileHugePages:         0 kB
FilePmdMapped:         0 kB
Unaccepted:            0 kB
HugePages_Total:       0
HugePages_Free:        0
HugePages_Rsvd:        0
HugePages_Surp:        0
Hugepagesize:       2048 kB
Hugetlb:               0 kB
DirectMap4k:    31524404 kB
DirectMap2M:     1867776 kB
DirectMap1G:     1048576 kB
",cpu  66720109 213925 12912784 4257427523 480658 0 473669 0 0 0,"3017586 (ros2_control_no) S 3017571 3017571 2912103 34817 3017571 4194304 13747 0 10 0 1197727 9385 0 0 20 0 39 0 216637404 2743566336 29203 18446744073709551615 106820472733696 106820472749549 140723865944256 0 0 0 4096 0 1098925310 0 0 0 17 7 0 0 0 0 0 106820472760512 106820472762592 106821535870976 140723865947817 140723865948053 140723865948053 140723865956287 0
"
2172304.794005658,1791283742.2835307,"(3.0234375, 3.7412109375, 4.38134765625)","Inter-|   Receive                                                |  Transmit
 face |bytes    packets errs drop fifo frame compressed multicast|bytes    packets errs drop fifo colls carrier compressed
    lo: 16334399206 21823303    0    0    0     0          0         0 16334399206 21823303    0    0    0     0       0          0
enp3s0: 101722943873 80122856    0    0    0     0          0         0 594440644 8091719    0    0    0     0       0          0
enp6s0: 62489108  544826    0  260    0     0          0     18851        0       0    0    0    0     0       0          0
wlp4s0: 9002207397 14859641    0    0    0     0          0         0 17080440292 19571768    0    0    0     0       0          0
","MemTotal:       32698160 kB
MemFree:         3144200 kB
MemAvailable:   24062860 kB
Buffers:          429520 kB
Cached:         20101820 kB
SwapCached:        26004 kB
Active:         16659036 kB
Inactive:       10940624 kB
Active(anon):    1591540 kB
Inactive(anon):  5266544 kB
Active(file):   15067496 kB
Inactive(file):  5674080 kB
Unevictable:          24 kB
Mlocked:              16 kB
SwapTotal:       2097148 kB
SwapFree:            324 kB
Zswap:                 0 kB
Zswapped:              0 kB
Dirty:               920 kB
Writeback:             0 kB
AnonPages:       7044268 kB
Mapped:          1159576 kB
Shmem:             71636 kB
KReclaimable:     646904 kB
Slab:            1008140 kB
SReclaimable:     646904 kB
SUnreclaim:       361236 kB
KernelStack:       28128 kB
PageTables:        83360 kB
SecPageTables:         0 kB
NFS_Unstable:          0 kB
Bounce:                0 kB
WritebackTmp:          0 kB
CommitLimit:    18446228 kB
Committed_AS:   23655556 kB
VmallocTotal:   34359738367 kB
VmallocUsed:      236540 kB
VmallocChunk:          0 kB
Percpu:            20160 kB
HardwareCorrupted:     0 kB
AnonHugePages:         0 kB
ShmemHugePages:        0 kB
ShmemPmdMapped:        0 kB
FileHugePages:         0 kB
FilePmdMapped:         0 kB
Unaccepted:            0 kB
HugePages_Total:       0
HugePages_Free:        0
HugePages_Rsvd:        0
HugePages_Surp:        0
Hugepagesize:       2048 kB
Hugetlb:               0 kB
DirectMap4k:    31524404 kB
DirectMap2M:     1867776 kB
DirectMap1G:     1048576 kB
",cpu  66720172 213925 12912787 4257427858 480658 0 473669 0 0 0,"3017586 (ros2_control_no) S 3017571 3017571 2912103 34817 3017571 4194304 13747 0 10 0 1197768 9385 0 0 20 0 39 0 216637404 2743566336 29203 18446744073709551615 106820472733696 106820472749549 140723865944256 0 0 0 4096 0 1098925310 0 0 0 17 7 0 0 0 0 0 106820472760512 106820472762592 106821535870976 140723865947817 140723865948053 140723865948053 140723865956287 0
"
2172304.995380082,1791283742.4849052,"(3.021484375, 3.728515625, 4.37353515625)","Inter-|   Receive                                                |  Transmit
 face |bytes    packets errs drop fifo frame compressed multicast|bytes    packets errs drop fifo colls carrier compressed
    lo: 16334412182 21823366    0    0    0     0          0         0 16334412182 21823366    0    0    0     0       0          0
enp3s0: 101723219529 80123071    0    0    0     0          0         0 594442072 8091741    0    0    0     0       0          0
enp6s0: 62489108  544826    0  260    0     0          0     18851        0       0    0    0    0     0       0          0
wlp4s0: 9002209379 14859659    0    0    0     0          0         0 17080449580 19571794    0    0    0     0       0          0
","MemTotal:       32698160 kB
MemFree:         3145404 kB
MemAvailable:   24064064 kB
Buffers:          429520 kB
Cached:         20101820 kB
SwapCached:        26004 kB
Active:         16658004 kB
Inactive:       10940624 kB
Active(anon):    1590508 kB
Inactive(anon):  5266544 kB
Active(file):   15067496 kB
Inactive(file):  5674080 kB
Unevictable:          24 kB
Mlocked:              16 kB
SwapTotal:       2097148 kB
SwapFree:            324 kB
Zswap:                 0 kB
Zswapped:              0 kB
Dirty:               920 kB
Writeback:             0 kB
AnonPages:       7043244 kB
Mapped:          1159576 kB
Shmem:             71636 kB
KReclaimable:     646904 kB
Slab:            1008132 kB
SReclaimable:     646904 kB
SUnreclaim:       361228 kB
KernelStack:       28128 kB
PageTables:        83360 kB
SecPageTables:         0 kB
NFS_Unstable:          0 kB
Bounce:                0 kB
WritebackTmp:          0 kB
CommitLimit:    18446228 kB
Committed_AS:   23654564 kB
VmallocTotal:   34359738367 kB
VmallocUsed:      236540 kB
VmallocChunk:          0 kB
Percpu:            20160 kB
HardwareCorrupted:     0 kB
AnonHugePages:         0 kB
ShmemHugePages:        0 kB
ShmemPmdMapped:        0 kB
FileHugePages:         0 kB
FilePmdMapped:         0 kB
Unaccepted:            0 kB
HugePages_Total:       0
HugePages_Free:        0
HugePages_Rsvd:        0
HugePages_Surp:        0
Hugepagesize:       2048 kB
Hugetlb:               0 kB
DirectMap4k:    31524404 kB
DirectMap2M:     1867776 kB
DirectMap1G:     1048576 kB
",cpu  66720233 213925 12912790 4257428193 480658 0 473669 0 0 0,"3017586 (ros2_control_no) S 3017571 3017571 2912103 34817 3017571 4194304 13747 0 10 0 1197809 9386 0 0 20 0 39 0 216637404 2743566336 29203 18446744073709551615 106820472733696 106820472749549 140723865944256 0 0 0 4096 0 1098925310 0 0 0 17 7 0 0 0 0 0 106820472760512 106820472762592 106821535870976 140723865947817 140723865948053 140723865948053 140723865956287 0
"
2172305.196535003,1791283742.6860604,"(3.021484375, 3.728515625, 4.37353515625)","Inter-|   Receive                                                |  Transmit
 face |bytes    packets errs drop fifo frame compressed multicast|bytes    packets errs drop fifo colls carrier compressed
    lo: 16334416860 21823398    0    0    0     0          0         0 16334416860 21823398    0    0    0     0       0          0
enp3s0: 101723492337 80123282    0    0    0     0          0         0 594443260 8091759    0    0    0     0       0          0
enp6s0: 62489108  544826    0  260    0     0          0     18851        0       0    0    0    0     0       0          0
wlp4s0: 9002210521 14859671    0    0    0     0          0         0 17080453196 19571812    0    0    0     0       0          0
","MemTotal:       32698160 kB
MemFree:         3147080 kB
MemAvailable:   24065740 kB
Buffers:          429520 kB
Cached:         20101820 kB
SwapCached:        26004 kB
Active:         16658148 kB
Inactive:       10940624 kB
Active(anon):    1590652 kB
Inactive(anon):  5266544 kB
Active(file):   15067496 kB
Inactive(file):  5674080 kB
Unevictable:          24 kB
Mlocked:              16 kB
SwapTotal:       2097148 kB
SwapFree:            324 kB
Zswap:                 0 kB
Zswapped:              0 kB
Dirty:              1140 kB
Writeback:             0 kB
AnonPages:       7043352 kB
Mapped:          1159576 kB
Shmem:             71636 kB
KReclaimable:     646904 kB
Slab:            1008092 kB
SReclaimable:     646904 kB
SUnreclaim:       361188 kB
KernelStack:       28128 kB
PageTables:        83360 kB
SecPageTables:         0 kB
NFS_Unstable:          0 kB
Bounce:                0 kB
WritebackTmp:          0 kB
CommitLimit:    18446228 kB
Committed_AS:   23654564 kB
VmallocTotal:   34359738367 kB
VmallocUsed:      236540 kB
VmallocChunk:          0 kB
Percpu:            20160 kB
HardwareCorrupted:     0 kB
AnonHugePages:         0 kB
ShmemHugePages:        0 kB
ShmemPmdMapped:        0 kB
FileHugePages:         0 kB
FilePmdMapped:         0 kB
Unaccepted:            0 kB
HugePages_Total:       0
HugePages_Free:        0
HugePages_Rsvd:        0
HugePages_Surp:        0
Hugepagesize:       2048 kB
Hugetlb:               0 kB
DirectMap4k:    31524404 kB
DirectMap2M:     1867776 kB
DirectMap1G:     1048576 kB
",cpu  66720286 213925 12912792 4257428538 480658 0 473669 0 0 0,"3017586 (ros2_control_no) S 3017571 3017571 2912103 34817 3017571 4194304 13747 0 10 0 1197849 9386 0 0 20 0 39 0 216637404 2743566336 29203 18446744073709551615 106820472733696 106820472749549 140723865944256 0 0 0 4096 0 1098925310 0 0 0 17 7 0 0 0 0 0 106820472760512 106820472762592 106821535870976 140723865947817 140723865948053 140723865948053 140723865956287 0
"
2172305.397865307,1791283742.8873901,"(3.021484375, 3.728515625, 4.37353515625)","Inter-|   Receive                                                |  Transmit
 face |bytes    packets errs drop fifo frame compressed multicast|bytes    packets errs drop fifo colls carrier compressed
    lo: 16334424338 21823455    0    0    0     0          0         0 16334424338 21823455    0    0    0     0       0          0
enp3s0: 101723766533 80123494    0    0    0     0          0         0 594444448 8091777    0    0    0     0       0          0
enp6s0: 62489108  544826    0  260    0     0          0     18851        0       0    0    0    0     0       0          0
wlp4s0: 9002214534 14859696    0    0    0     0          0         0 17080458760 19571843    0    0    0     0       0          0
","MemTotal:       32698160 kB
MemFree:         3151836 kB
MemAvailable:   24070496 kB
Buffers:          429520 kB
Cached:         20101820 kB
SwapCached:        26004 kB
Active:         16658196 kB
Inactive:       10940624 kB
Active(anon):    1590700 kB
Inactive(anon):  5266544 kB
Active(file):   15067496 kB
Inactive(file):  5674080 kB
Unevictable:          24 kB
Mlocked:              16 kB
SwapTotal:       2097148 kB
SwapFree:            324 kB
Zswap:                 0 kB
Zswapped:              0 kB
Dirty:              1140 kB
Writeback:             0 kB
AnonPages:       7043372 kB
Mapped:          1159576 kB
Shmem:             71636 kB
KReclaimable:     646904 kB
Slab:            1008068 kB
SReclaimable:     646904 kB
SUnreclaim:       361164 kB
KernelStack:       28128 kB
PageTables:        83360 kB
SecPageTables:         0 kB
NFS_Unstable:          0 kB
Bounce:                0 kB
WritebackTmp:          0 kB
CommitLimit:    18446228 kB
Committed_AS:   23654564 kB
VmallocTotal:   34359738367 kB
VmallocUsed:      236540 kB
VmallocChunk:          0 kB
Percpu:            20160 kB
HardwareCorrupted:     0 kB
AnonHugePages:         0 kB
ShmemHugePages:        0 kB
ShmemPmdMapped:        0 kB
FileHugePages:         0 kB
FilePmdMapped:         0 kB
Unaccepted:            0 kB
HugePages_Total:       0
HugePages_Free:        0
HugePages_Rsvd:        0
HugePages_Surp:        0
Hugepagesize:       2048 kB
Hugetlb:               0 kB
DirectMap4k:    31524404 kB
DirectMap2M:     1867776 kB
DirectMap1G:     1048576 kB
",cpu  66720342 213925 12912795 4257428879 480658 0 473669 0 0 0,"3017586 (ros2_control_no) S 3017571 3017571 2912103 34817 3017571 4194304 13747 0 10 0 1197890 9386 0 0 20 0 39 0 216637404 2743566336 29203 18446744073709551615 106820472733696 106820472749549 140723865944256 0 0 0 4096 0 1098925310 0 0 0 17 7 0 0 0 0 0 106820472760512 106820472762592 106821535870976 140723865947817 140723865948053 140723865948053 140723865956287 0
"
2172305.599193918,1791283743.088719,"(3.021484375, 3.728515625, 4.37353515625)","Inter-|   Receive                                                |  Transmit
 face |bytes    packets errs drop fifo frame compressed multicast|bytes    packets errs drop fifo colls carrier compressed
    lo: 16334430013 21823491    0    0    0     0          0         0 16334430013 21823491    0    0    0     0       0          0
enp3s0: 101724040729 80123706    0    0    0     0          0         0 594445636 8091795    0    0    0     0       0          0
enp6s0: 62489108  544826    0  260    0     0          0     18851        0       0    0    0    0     0       0          0
wlp4s0: 9002215380 14859705    0    0    0     0          0         0 17080462302 19571858    0    0    0     0       0          0
","MemTotal:       32698160 kB
MemFree:         3151584 kB
MemAvailable:   24070244 kB
Buffers:          429520 kB
Cached:         20101820 kB
SwapCached:        26004 kB
Active:         16658256 kB
Inactive:       10940624 kB
Active(anon):    1590760 kB
Inactive(anon):  5266544 kB
Active(file):   15067496 kB
Inactive(file):  5674080 kB
Unevictable:          24 kB
Mlocked:              16 kB
SwapTotal:       2097148 kB
SwapFree:            324 kB
Zswap:                 0 kB
Zswapped:              0 kB
Dirty:              1140 kB
Writeback:             0 kB
AnonPages:       7043436 kB
Mapped:          1159576 kB
Shmem:             71636 kB
KReclaimable:     646904 kB
Slab:            1008068 kB
SReclaimable:     646904 kB
SUnreclaim:       361164 kB
KernelStack:       28128 kB
PageTables:        83360 kB
SecPageTables:         0 kB
NFS_Unstable:          0 kB
Bounce:                0 kB
WritebackTmp:          0 kB
CommitLimit:    18446228 kB
Committed_AS:   23654568 kB
VmallocTotal:   34359738367 kB
VmallocUsed:      236540 kB
VmallocChunk:          0 kB
Percpu:            20160 kB
HardwareCorrupted:     0 kB
AnonHugePages:         0 kB
ShmemHugePages:        0 kB
ShmemPmdMapped:        0 kB
FileHugePages:         0 kB
FilePmdMapped:         0 kB
Unaccepted:            0 kB
HugePages_Total:       0
HugePages_Free:        0
HugePages_Rsvd:        0
HugePages_Surp:        0
Hugepagesize:       2048 kB
Hugetlb:               0 kB
DirectMap4k:    31524404 kB
DirectMap2M:     1867776 kB
DirectMap1G:     1048576 kB
",cpu  66720398 213925 12912798 4257429223 480658 0 473669 0 0 0,"3017586 (ros2_control_no) S 3017571 3017571 2912103 34817 3017571 4194304 13747 0 10 0 1197931 9386 0 0 20 0 39 0 216637404 2743566336 29203 18446744073709551615 106820472733696 106820472749549 140723865944256 0 0 0 4096 0 1098925310 0 0 0 17 7 0 0 0 0 0 106820472760512 106820472762592 106821535870976 140723865947817 140723865948053 140723865948053 140723865956287 0
"
2172305.80080164,1791283743.2903268,"(3.021484375, 3.728515625, 4.37353515625)","Inter-|   Receive                                                |  Transmit
 face |bytes    packets errs drop fifo frame compressed multicast|bytes    packets errs drop fifo colls carrier compressed
    lo: 16334438656 21823549    0    0    0     0          0         0 16334438656 21823549    0    0    0     0       0          0
enp3s0: 101724314090 80123913    0    0    0     0          0         0 594446923 8091810    0    0    0     0       0          0
enp6s0: 62489108  544826    0  260    0     0          0     18851        0       0    0    0    0     0       0          0
wlp4s0: 9002217805 14859727    0    0    0     0          0         0 17080469747 19571893    0    0    0     0       0          0
","MemTotal:       32698160 kB
MemFree:         3151584 kB
MemAvailable:   24070244 kB
Buffers:          429520 kB
Cached:         20101820 kB
SwapCached:        26004 kB
Active:         16658316 kB
Inactive:       10940624 kB
Active(anon):    1590820 kB
Inactive(anon):  5266544 kB
Active(file):   15067496 kB
Inactive(file):  5674080 kB
Unevictable:          24 kB
Mlocked:              16 kB
SwapTotal:       2097148 kB
SwapFree:            324 kB
Zswap:                 0 kB
Zswapped:              0 kB
Dirty:              1140 kB
Writeback:             0 kB
AnonPages:       7043496 kB
Mapped:          1159576 kB
Shmem:             71636 kB
KReclaimable:     646904 kB
Slab:            1008068 kB
SReclaimable:     646904 kB
SUnreclaim:       361164 kB
KernelStack:       28128 kB
PageTables:        83360 kB
SecPageTables:         0 kB
NFS_Unstable:          0 kB
Bounce:                0 kB
WritebackTmp:          0 kB
CommitLimit:    18446228 kB
Committed_AS:   23654568 kB
VmallocTotal:   34359738367 kB
VmallocUsed:      236540 kB
VmallocChunk:          0 kB
Percpu:            20160 kB
HardwareCorrupted:     0 kB
AnonHugePages:         0 kB
ShmemHugePages:        0 kB
ShmemPmdMapped:        0 kB
FileHugePages:         0 kB
FilePmdMapped:         0 kB
Unaccepted:            0 kB
HugePages_Total:       0
HugePages_Free:        0
HugePages_Rsvd:        0
HugePages_Surp:        0
Hugepagesize:       2048 kB
Hugetlb:               0 kB
DirectMap4k:    31524404 kB
DirectMap2M:     1867776 kB
DirectMap1G:     1048576 kB
",cpu  66720460 213925 12912801 4257429561 480658 0 473670 0 0 0,"3017586 (ros2_control_no) S 3017571 3017571 2912103 34817 3017571 4194304 13747 0 10 0 1197971 9386 0 0 20 0 39 0 216637404 2743566336 29203 18446744073709551615 106820472733696 106820472749549 140723865944256 0 0 0 4096 0 1098925310 0 0 0 17 7 0 0 0 0 0 106820472760512 106820472762592 106821535870976 140723865947817 140723865948053 140723865948053 140723865956287 0
"
2172306.002346777,1791283743.4918718,"(3.021484375, 3.728515625, 4.37353515625)","Inter-|   Receive                                                |  Transmit
 face |bytes    packets errs drop fifo frame compressed multicast|bytes    packets errs drop fifo colls carrier compressed
    lo: 16334571822 21824394    0    0    0     0          0         0 16334571822 21824394    0    0    0     0       0          0
enp3s0: 101724589674 80124126    0    0    0     0          0         0 594448909 8091831    0    0    0     0       0          0
enp6s0: 62489108  544826    0  260    0     0          0     18851        0       0    0    0    0     0       0          0
wlp4s0: 9002252002 14859952    0    0    0     0          0         0 17080575368 19572515    0    0    0     0       0          0
","MemTotal:       32698160 kB
MemFree:         3153804 kB
MemAvailable:   24072464 kB
Buffers:          429520 kB
Cached:         20101820 kB
SwapCached:        26004 kB
Active:         16658436 kB
Inactive:       10940624 kB
Active(anon):    1590940 kB
Inactive(anon):  5266544 kB
Active(file):   15067496 kB
Inactive(file):  5674080 kB
Unevictable:          24 kB
Mlocked:              16 kB
SwapTotal:       2097148 kB
SwapFree:            324 kB
Zswap:                 0 kB
Zswapped:              0 kB
Dirty:              1140 kB
Writeback:             0 kB
AnonPages:       7043612 kB
Mapped:          1159576 kB
Shmem:             71636 kB
KReclaimable:     646904 kB
Slab:            1008180 kB
SReclaimable:     646904 kB
SUnreclaim:       361276 kB
KernelStack:       28128 kB
PageTables:        83360 kB
SecPageTables:         0 kB
NFS_Unstable:          0 kB
Bounce:                0 kB
WritebackTmp:          0 kB
CommitLimit:    18446228 kB
Committed_AS:   23654568 kB
VmallocTotal:   34359738367 kB
VmallocUsed:      236540 kB
VmallocChunk:          0 kB
Percpu:            20160 kB
HardwareCorrupted:     0 kB
AnonHugePages:         0 kB
ShmemHugePages:        0 kB
ShmemPmdMapped:        0 kB
FileHugePages:         0 kB
FilePmdMapped:         0 kB
Unaccepted:            0 kB
HugePages_Total:       0
HugePages_Free:        0
HugePages_Rsvd:        0
HugePages_Surp:        0
Hugepagesize:       2048 kB
Hugetlb:               0 kB
DirectMap4k:    31524404 kB
DirectMap2M:     1867776 kB
DirectMap1G:     1048576 kB
",cpu  66720516 213925 12912804 4257429903 480658 0 473670 0 0 0,"3017586 (ros2_control_no) S 3017571 3017571 2912103 34817 3017571 4194304 13747 0 10 0 1198012 9387 0 0 20 0 39 0 216637404 2743566336 29203 18446744073709551615 106820472733696 106820472749549 140723865944256 0 0 0 4096 0 1098925310 0 0 0 17 16 0 0 0 0 0 106820472760512 106820472762592 106821535870976 140723865947817 140723865948053 140723865948053 140723865956287 0
"
2172306.20397226,1791283743.6934974,"(3.021484375, 3.728515625, 4.37353515625)","Inter-|   Receive                                                |  Transmit
 face |bytes    packets errs drop fifo frame compressed multicast|bytes    packets errs drop fifo colls carrier compressed
    lo: 16334580672 21824442    0    0    0     0          0         0 16334580672 21824442    0    0    0     0       0          0
enp3s0: 101724864204 80124340    0    0    0     0          0         0 594450985 8091853    0    0    0     0       0          0
enp6s0: 62489108  544826    0  260    0     0          0     18851        0       0    0    0    0     0       0          0
wlp4s0: 9002254046 14859968    0    0    0     0          0         0 17080583634 19572546    0    0    0     0       0          0
","MemTotal:       32698160 kB
MemFree:         3160032 kB
MemAvailable:   24078692 kB
Buffers:          429520 kB
Cached:         20101820 kB
SwapCached:        26004 kB
Active:         16658496 kB
Inactive:       10940624 kB
Active(anon):    1591000 kB
Inactive(anon):  5266544 kB
Active(file):   15067496 kB
Inactive(file):  5674080 kB
Unevictable:          24 kB
Mlocked:              16 kB
SwapTotal:       2097148 kB
SwapFree:            324 kB
Zswap:                 0 kB
Zswapped:              0 kB
Dirty:              1140 kB
Writeback:             0 kB
AnonPages:       7043668 kB
Mapped:          1159576 kB
Shmem:             71636 kB
KReclaimable:     646904 kB
Slab:            1008180 kB
SReclaimable:     646904 kB
SUnreclaim:       361276 kB
KernelStack:       28128 kB
PageTables:        83360 kB
SecPageTables:         0 kB
NFS_Unstable:          0 kB
Bounce:                0 kB
WritebackTmp:          0 kB
CommitLimit:    18446228 kB
Committed_AS:   23654568 kB
VmallocTotal:   34359738367 kB
VmallocUsed:      236540 kB
VmallocChunk:          0 kB
Percpu:            20160 kB
HardwareCorrupted:     0 kB
AnonHugePages:         0 kB
ShmemHugePages:        0 kB
ShmemPmdMapped:        0 kB
FileHugePages:         0 kB
FilePmdMapped:         0 kB
Unaccepted:            0 kB
HugePages_Total:       0
HugePages_Free:        0
HugePages_Rsvd:        0
HugePages_Surp:        0
Hugepagesize:       2048 kB
Hugetlb:               0 kB
DirectMap4k:    31524404 kB
DirectMap2M:     1867776 kB
DirectMap1G:     1048576 kB
",cpu  66720575 213925 12912807 4257430243 480658 0 473670 0 0 0,"3017586 (ros2_control_no) S 3017571 3017571 2912103 34817 3017571 4194304 13747 0 10 0 1198053 9387 0 0 20 0 39 0 216637404 2743566336 29203 18446744073709551615 106820472733696 106820472749549 140723865944256 0 0 0 4096 0 1098925310 0 0 0 17 16 0 0 0 0 0 106820472760512 106820472762592 106821535870976 140723865947817 140723865948053 140723865948053 140723865956287 0
"
2172306.405806328,1791283743.8953314,"(3.021484375, 3.728515625, 4.37353515625)","Inter-|   Receive                                                |  Transmit
 face |bytes    packets errs drop fifo frame compressed multicast|bytes    packets errs drop fifo colls carrier compressed
    lo: 16334585519 21824481    0    0    0     0          0         0 16334585519 21824481    0    0    0     0       0          0
enp3s0: 101725138233 80124551    0    0    0     0          0         0 594452107 8091870    0    0    0     0       0          0
enp6s0: 62489108  544826    0  260    0     0          0     18851        0       0    0    0    0     0       0          0
wlp4s0: 9002255337 14859980    0    0    0     0          0         0 17080587324 19572568    0    0    0     0       0          0
","MemTotal:       32698160 kB
MemFree:         3160980 kB
MemAvailable:   24079640 kB
Buffers:          429528 kB
Cached:         20101820 kB
SwapCached:        26004 kB
Active:         16658620 kB
Inactive:       10940624 kB
Active(anon):    1591124 kB
Inactive(anon):  5266544 kB
Active(file):   15067496 kB
Inactive(file):  5674080 kB
Unevictable:          24 kB
Mlocked:              16 kB
SwapTotal:       2097148 kB
SwapFree:            324 kB
Zswap:                 0 kB
Zswapped:              0 kB
Dirty:              1192 kB
Writeback:             0 kB
AnonPages:       7043788 kB
Mapped:          1159576 kB
Shmem:             71636 kB
KReclaimable:     646904 kB
Slab:            1008100 kB
SReclaimable:     646904 kB
SUnreclaim:       361196 kB
KernelStack:       28128 kB
PageTables:        83360 kB
SecPageTables:         0 kB
NFS_Unstable:          0 kB
Bounce:                0 kB
WritebackTmp:          0 kB
CommitLimit:    18446228 kB
Committed_AS:   23654568 kB
VmallocTotal:   34359738367 kB
VmallocUsed:      236540 kB
VmallocChunk:          0 kB
Percpu:            20160 kB
HardwareCorrupted:     0 kB
AnonHugePages:         0 kB
ShmemHugePages:        0 kB
ShmemPmdMapped:        0 kB
FileHugePages:         0 kB
FilePmdMapped:         0 kB
Unaccepted:            0 kB
HugePages_Total:       0
HugePages_Free:        0
HugePages_Rsvd:        0
HugePages_Surp:        0
Hugepagesize:       2048 kB
Hugetlb:               0 kB
DirectMap4k:    31524404 kB
DirectMap2M:     1867776 kB
DirectMap1G:     1048576 kB
",cpu  66720623 213925 12912810 4257430593 480658 0 473670 0 0 0,"3017586 (ros2_control_no) S 3017571 3017571 2912103 34817 3017571 4194304 13747 0 10 0 1198093 9387 0 0 20 0 39 0 216637404 2743566336 29203 18446744073709551615 106820472733696 106820472749549 140723865944256 0 0 0 4096 0 1098925310 0 0 0 17 16 0 0 0 0 0 106820472760512 106820472762592 106821535870976 140723865947817 140723865948053 140723865948053 140723865956287 0
"
2172306.60732249,1791283744.0968475,"(3.021484375, 3.728515625, 4.37353515625)","Inter-|   Receive                                                |  Transmit
 face |bytes    packets errs drop fifo frame compressed multicast|bytes    packets errs drop fifo colls carrier compressed
    lo: 16334591070 21824517    0    0    0     0          0         0 16334591070 21824517    0    0    0     0       0          0
enp3s0: 101725412596 80124764    0    0    0     0          0         0 594453361 8091889    0    0    0     0       0          0
enp6s0: 62489108  544826    0  260    0     0          0     18851        0       0    0    0    0     0       0          0
wlp4s0: 9002256117 14859988    0    0    0     0          0         0 17080590647 19572583    0    0    0     0       0          0
","MemTotal:       32698160 kB
MemFree:         3160980 kB
MemAvailable:   24079648 kB
Buffers:          429528 kB
Cached:         20101820 kB
SwapCached:        26004 kB
Active:         16658672 kB
Inactive:       10940632 kB
Active(anon):    1591176 kB
Inactive(anon):  5266544 kB
Active(file):   15067496 kB
Inactive(file):  5674088 kB
Unevictable:          24 kB
Mlocked:              16 kB
SwapTotal:       2097148 kB
SwapFree:            324 kB
Zswap:                 0 kB
Zswapped:              0 kB
Dirty:              1192 kB
Writeback:             0 kB
AnonPages:       7043868 kB
Mapped:          1159576 kB
Shmem:             71636 kB
KReclaimable:     646904 kB
Slab:            1008100 kB
SReclaimable:     646904 kB
SUnreclaim:       361196 kB
KernelStack:       28128 kB
PageTables:        83360 kB
SecPageTables:         0 kB
NFS_Unstable:          0 kB
Bounce:                0 kB
WritebackTmp:          0 kB
CommitLimit:    18446228 kB
Committed_AS:   23654568 kB
VmallocTotal:   34359738367 kB
VmallocUsed:      236540 kB
VmallocChunk:          0 kB
Percpu:            20160 kB
HardwareCorrupted:     0 kB
AnonHugePages:         0 kB
ShmemHugePages:        0 kB
ShmemPmdMapped:        0 kB
FileHugePages:         0 kB
FilePmdMapped:         0 kB
Unaccepted:            0 kB
HugePages_Total:       0
HugePages_Free:        0
HugePages_Rsvd:        0
HugePages_Surp:        0
Hugepagesize:       2048 kB
Hugetlb:               0 kB
DirectMap4k:    31524404 kB
DirectMap2M:     1867776 kB
DirectMap1G:     1048576 kB
",cpu  66720677 213925 12912813 4257430939 480658 0 473670 0 0 0,"3017586 (ros2_control_no) S 3017571 3017571 2912103 34817 3017571 4194304 13747 0 10 0 1198134 9387 0 0 20 0 39 0 216637404 2743566336 29203 18446744073709551615 106820472733696 106820472749549 140723865944256 0 0 0 4096 0 1098925310 0 0 0 17 16 0 0 0 0 0 106820472760512 106820472762592 106821535870976 140723865947817 140723865948053 140723865948053 140723865956287 0
"
2172306.808710903,1791283744.298236,"(3.021484375, 3.728515625, 4.37353515625)","Inter-|   Receive                                                |  Transmit
 face |bytes    packets errs drop fifo frame compressed multicast|bytes    packets errs drop fifo colls carrier compressed
    lo: 16334597042 21824560    0    0    0     0          0         0 16334597042 21824560    0    0    0     0       0          0
enp3s0: 101725686959 80124977    0    0    0     0          0         0 594454666 8091909    0    0    0     0       0          0
enp6s0: 62489108  544826    0  260    0     0          0     18851        0       0    0    0    0     0       0          0
wlp4s0: 9002259501 14860009    0    0    0     0          0         0 17080595588 19572609    0    0    0     0       0          0
","MemTotal:       32698160 kB
MemFree:         3161232 kB
MemAvailable:   24079900 kB
Buffers:          429528 kB
Cached:         20101820 kB
SwapCached:        26004 kB
Active:         16658732 kB
Inactive:       10940632 kB
Active(anon):    1591236 kB
Inactive(anon):  5266544 kB
Active(file):   15067496 kB
Inactive(file):  5674088 kB
Unevictable:          24 kB
Mlocked:              16 kB
SwapTotal:       2097148 kB
SwapFree:            324 kB
Zswap:                 0 kB
Zswapped:              0 kB
Dirty:              1192 kB
Writeback:             0 kB
AnonPages:       7043920 kB
Mapped:          1159576 kB
Shmem:             71636 kB
KReclaimable:     646904 kB
Slab:            1008100 kB
SReclaimable:     646904 kB
SUnreclaim:       361196 kB
KernelStack:       28128 kB
PageTables:        83360 kB
SecPageTables:         0 kB
NFS_Unstable:          0 kB
Bounce:                0 kB
WritebackTmp:          0 kB
CommitLimit:    18446228 kB
Committed_AS:   23654568 kB
VmallocTotal:   34359738367 kB
VmallocUsed:      236540 kB
VmallocChunk:          0 kB
Percpu:            20160 kB
HardwareCorrupted:     0 kB
AnonHugePages:         0 kB
ShmemHugePages:        0 kB
ShmemPmdMapped:        0 kB
FileHugePages:         0 kB
FilePmdMapped:         0 kB
Unaccepted:            0 kB
HugePages_Total:       0
HugePages_Free:        0
HugePages_Rsvd:        0
HugePages_Surp:        0
Hugepagesize:       2048 kB
Hugetlb:               0 kB
DirectMap4k:    31524404 kB
DirectMap2M:     1867776 kB
DirectMap1G:     1048576 kB
",cpu  66720731 213925 12912817 4257431284 480658 0 473670 0 0 0,"3017586 (ros2_control_no) S 3017571 3017571 2912103 34817 3017571 4194304 13747 0 10 0 1198175 9388 0 0 20 0 39 0 216637404 2743566336 29203 18446744073709551615 106820472733696 106820472749549 140723865944256 0 0 0 4096 0 1098925310 0 0 0 17 16 0 0 0 0 0 106820472760512 106820472762592 106821535870976 140723865947817 140723865948053 140723865948053 140723865956287 0
"
2172307.010079893,1791283744.499605,"(3.021484375, 3.728515625, 4.37353515625)","Inter-|   Receive                                                |  Transmit
 face |bytes    packets errs drop fifo frame compressed multicast|bytes    packets errs drop fifo colls carrier compressed
    lo: 16334602827 21824597    0    0    0     0          0         0 16334602827 21824597    0    0    0     0       0          0
enp3s0: 101725960769 80125194    0    0    0     0          0         0 594456292 8091934    0    0    0     0       0          0
enp6s0: 62489108  544826    0  260    0     0          0     18851        0       0    0    0    0     0       0          0
wlp4s0: 9002260613 14860018    0    0    0     0          0         0 17080598573 19572622    0    0    0     0       0          0
","MemTotal:       32698160 kB
MemFree:         3160728 kB
MemAvailable:   24079396 kB
Buffers:          429528 kB
Cached:         20101820 kB
SwapCached:        26004 kB
Active:         16658792 kB
Inactive:       10940632 kB
Active(anon):    1591296 kB
Inactive(anon):  5266544 kB
Active(file):   15067496 kB
Inactive(file):  5674088 kB
Unevictable:          24 kB
Mlocked:              16 kB
SwapTotal:       2097148 kB
SwapFree:            324 kB
Zswap:                 0 kB
Zswapped:              0 kB
Dirty:              1192 kB
Writeback:             0 kB
AnonPages:       7043984 kB
Mapped:          1159576 kB
Shmem:             71636 kB
KReclaimable:     646904 kB
Slab:            1008052 kB
SReclaimable:     646904 kB
SUnreclaim:       361148 kB
KernelStack:       28128 kB
PageTables:        83360 kB
SecPageTables:         0 kB
NFS_Unstable:          0 kB
Bounce:                0 kB
WritebackTmp:          0 kB
CommitLimit:    18446228 kB
Committed_AS:   23654568 kB
VmallocTotal:   34359738367 kB
VmallocUsed:      236540 kB
VmallocChunk:          0 kB
Percpu:            20160 kB
HardwareCorrupted:     0 kB
AnonHugePages:         0 kB
ShmemHugePages:        0 kB
ShmemPmdMapped:        0 kB
FileHugePages:         0 kB
FilePmdMapped:         0 kB
Unaccepted:            0 kB
HugePages_Total:       0
HugePages_Free:        0
HugePages_Rsvd:        0
HugePages_Surp:        0
Hugepagesize:       2048 kB
Hugetlb:               0 kB
DirectMap4k:    31524404 kB
DirectMap2M:     1867776 kB
DirectMap1G:     1048576 kB
",cpu  66720781 213925 12912821 4257431630 480658 0 473670 0 0 0,"3017586 (ros2_control_no) S 3017571 3017571 2912103 34817 3017571 4194304 13747 0 10 0 1198215 9388 0 0 20 0 39 0 216637404 2743566336 29203 18446744073709551615 106820472733696 106820472749549 140723865944256 0 0 0 4096 0 1098925310 0 0 0 17 16 0 0 0 0 0 106820472760512 106820472762592 106821535870976 140723865947817 140723865948053 140723865948053 140723865956287 0
"
2172307.211459678,1791283744.7009845,"(3.021484375, 3.728515625, 4.37353515625)","Inter-|   Receive                                                |  Transmit
 face |bytes    packets errs drop fifo frame compressed multicast|bytes    packets errs drop fifo colls carrier compressed
    lo: 16334606611 21824622    0    0    0     0          0         0 16334606611 21824622    0    0    0     0       0          0
enp3s0: 101726236186 80125406    0    0    0     0          0         0 594457414 8091951    0    0    0     0       0          0
enp6s0: 62489108  544826    0  260    0     0          0     18851        0       0    0    0    0     0       0          0
wlp4s0: 9002261406 14860027    0    0    0     0          0         0 17080601639 19572636    0    0    0     0       0          0
","MemTotal:       32698160 kB
MemFree:         3165680 kB
MemAvailable:   24084348 kB
Buffers:          429528 kB
Cached:         20101820 kB
SwapCached:        26004 kB
Active:         16658852 kB
Inactive:       10940632 kB
Active(anon):    1591356 kB
Inactive(anon):  5266544 kB
Active(file):   15067496 kB
Inactive(file):  5674088 kB
Unevictable:          24 kB
Mlocked:              16 kB
SwapTotal:       2097148 kB
SwapFree:            324 kB
Zswap:                 0 kB
Zswapped:              0 kB
Dirty:              1192 kB
Writeback:             0 kB
AnonPages:       7044056 kB
Mapped:          1159576 kB
Shmem:             71636 kB
KReclaimable:     646904 kB
Slab:            1008044 kB
SReclaimable:     646904 kB
SUnreclaim:       361140 kB
KernelStack:       28128 kB
PageTables:        83360 kB
SecPageTables:         0 kB
NFS_Unstable:          0 kB
Bounce:                0 kB
WritebackTmp:          0 kB
CommitLimit:    18446228 kB
Committed_AS:   23654568 kB
VmallocTotal:   34359738367 kB
VmallocUsed:      236540 kB
VmallocChunk:          0 kB
Percpu:            20160 kB
HardwareCorrupted:     0 kB
AnonHugePages:         0 kB
ShmemHugePages:        0 kB
ShmemPmdMapped:        0 kB
FileHugePages:         0 kB
FilePmdMapped:         0 kB
Unaccepted:            0 kB
HugePages_Total:       0
HugePages_Free:        0
HugePages_Rsvd:        0
HugePages_Surp:        0
Hugepagesize:       2048 kB
Hugetlb:               0 kB
DirectMap4k:    31524404 kB
DirectMap2M:     1867776 kB
DirectMap1G:     1048576 kB
",cpu  66720831 213925 12912824 4257431978 480658 0 473670 0 0 0,"3017586 (ros2_control_no) S 3017571 3017571 2912103 34817 3017571 4194304 13747 0 10 0 1198256 9388 0 0 20 0 39 0 216637404 2743566336 29203 18446744073709551615 106820472733696 106820472749549 140723865944256 0 0 0 4096 0 1098925310 0 0 0 17 16 0 0 0 0 0 106820472760512 106820472762592 106821535870976 140723865947817 140723865948053 140723865948053 140723865956287 0
"
2172307.412917887,1791283744.902443,"(3.021484375, 3.728515625, 4.37353515625)","Inter-|   Receive                                                |  Transmit
 face |bytes    packets errs drop fifo frame compressed multicast|bytes    packets errs drop fifo colls carrier compressed
    lo: 16334613202 21824676    0    0    0     0          0         0 16334613202 21824676    0    0    0     0       0          0
enp3s0: 101726510549 80125619    0    0    0     0          0         0 594458668 8091970    0    0    0     0       0          0
enp6s0: 62489108  544826    0  260    0     0          0     18851        0       0    0    0    0     0       0          0
wlp4s0: 9002262805 14860041    0    0    0     0          0         0 17080606521 19572662    0    0    0     0       0          0
","MemTotal:       32698160 kB
MemFree:         3166944 kB
MemAvailable:   24085612 kB
Buffers:          429528 kB
Cached:         20101820 kB
SwapCached:        26004 kB
Active:         16658912 kB
Inactive:       10940632 kB
Active(anon):    1591416 kB
Inactive(anon):  5266544 kB
Active(file):   15067496 kB
Inactive(file):  5674088 kB
Unevictable:          24 kB
Mlocked:              16 kB
SwapTotal:       2097148 kB
SwapFree:            324 kB
Zswap:                 0 kB
Zswapped:              0 kB
Dirty:              1192 kB
Writeback:             0 kB
AnonPages:       7044116 kB
Mapped:          1159576 kB
Shmem:             71636 kB
KReclaimable:     646904 kB
Slab:            1008044 kB
SReclaimable:     646904 kB
SUnreclaim:       361140 kB
KernelStack:       28128 kB
PageTables:        83360 kB
SecPageTables:         0 kB
NFS_Unstable:          0 kB
Bounce:                0 kB
WritebackTmp:          0 kB
CommitLimit:    18446228 kB
Committed_AS:   23654568 kB
VmallocTotal:   34359738367 kB
VmallocUsed:      236540 kB
VmallocChunk:          0 kB
Percpu:            20160 kB
HardwareCorrupted:     0 kB
AnonHugePages:         0 kB
ShmemHugePages:        0 kB
ShmemPmdMapped:        0 kB
FileHugePages:         0 kB
FilePmdMapped:         0 kB
Unaccepted:            0 kB
HugePages_Total:       0
HugePages_Free:        0
HugePages_Rsvd:        0
HugePages_Surp:        0
Hugepagesize:       2048 kB
Hugetlb:               0 kB
DirectMap4k:    31524404 kB
DirectMap2M:     1867776 kB
DirectMap1G:     1048576 kB
",cpu  66720888 213925 12912828 4257432319 480658 0 473670 0 0 0,"3017586 (ros2_control_no) S 3017571 3017571 2912103 34817 3017571 4194304 13747 0 10 0 1198296 9388 0 0 20 0 39 0 216637404 2743566336 29203 18446744073709551615 106820472733696 106820472749549 140723865944256 0 0 0 4096 0 1098925310 0 0 0 17 16 0 0 0 0 0 106820472760512 106820472762592 106821535870976 140723865947817 140723865948053 140723865948053 140723865956287 0
"
2172307.614395535,1791283745.1039207,"(3.021484375, 3.728515625, 4.37353515625)","Inter-|   Receive                                                |  Transmit
 face |bytes    packets errs drop fifo frame compressed multicast|bytes    packets errs drop fifo colls carrier compressed
    lo: 16334619219 21824717    0    0    0     0          0         0 16334619219 21824717    0    0    0     0       0          0
enp3s0: 101726783910 80125826    0    0    0     0          0         0 594459526 8091983    0    0    0     0       0          0
enp6s0: 62489108  544826    0  260    0     0          0     18851        0       0    0    0    0     0       0          0
wlp4s0: 9002263780 14860051    0    0    0     0          0         0 17080610063 19572677    0    0    0     0       0          0
","MemTotal:       32698160 kB
MemFree:         3166944 kB
MemAvailable:   24085612 kB
Buffers:          429528 kB
Cached:         20101820 kB
SwapCached:        26004 kB
Active:         16658972 kB
Inactive:       10940632 kB
Active(anon):    1591476 kB
Inactive(anon):  5266544 kB
Active(file):   15067496 kB
Inactive(file):  5674088 kB
Unevictable:          24 kB
Mlocked:              16 kB
SwapTotal:       2097148 kB
SwapFree:            324 kB
Zswap:                 0 kB
Zswapped:              0 kB
Dirty:              1192 kB
Writeback:             0 kB
AnonPages:       7044180 kB
Mapped:          1159576 kB
Shmem:             71636 kB
KReclaimable:     646904 kB
Slab:            1008044 kB
SReclaimable:     646904 kB
SUnreclaim:       361140 kB
KernelStack:       28128 kB
PageTables:        83360 kB
SecPageTables:         0 kB
NFS_Unstable:          0 kB
Bounce:                0 kB
WritebackTmp:          0 kB
CommitLimit:    18446228 kB
Committed_AS:   23654568 kB
VmallocTotal:   34359738367 kB
VmallocUsed:      236540 kB
VmallocChunk:          0 kB
Percpu:            20160 kB
HardwareCorrupted:     0 kB
AnonHugePages:         0 kB
ShmemHugePages:        0 kB
ShmemPmdMapped:        0 kB
FileHugePages:         0 kB
FilePmdMapped:         0 kB
Unaccepted:            0 kB
HugePages_Total:       0
HugePages_Free:        0
HugePages_Rsvd:        0
HugePages_Surp:        0
Hugepagesize:       2048 kB
Hugetlb:               0 kB
DirectMap4k:    31524404 kB
DirectMap2M:     1867776 kB
DirectMap1G:     1048576 kB
",cpu  66720944 213925 12912831 4257432660 480658 0 473670 0 0 0,"3017586 (ros2_control_no) S 3017571 3017571 2912103 34817 3017571 4194304 13747 0 10 0 1198337 9388 0 0 20 0 39 0 216637404 2743566336 29203 18446744073709551615 106820472733696 106820472749549 140723865944256 0 0 0 4096 0 1098925310 0 0 0 17 16 0 0 0 0 0 106820472760512 106820472762592 106821535870976 140723865947817 140723865948053 140723865948053 140723865956287 0
"
2172307.815820186,1791283745.3053453,"(3.021484375, 3.728515625, 4.37353515625)","Inter-|   Receive                                                |  Transmit
 face |bytes    packets errs drop fifo frame compressed multicast|bytes    packets errs drop fifo colls carrier compressed
    lo: 16334627170 21824779    0    0    0     0          0         0 16334627170 21824779    0    0    0     0       0          0
enp3s0: 101727058440 80126040    0    0    0     0          0         0 594460897 8092004    0    0    0     0       0          0
enp6s0: 62489108  544826    0  260    0     0          0     18851        0       0    0    0    0     0       0          0
wlp4s0: 9002265440 14860068    0    0    0     0          0         0 17080616150 19572707    0    0    0     0       0          0
","MemTotal:       32698160 kB
MemFree:         3166944 kB
MemAvailable:   24085612 kB
Buffers:          429528 kB
Cached:         20101820 kB
SwapCached:        26004 kB
Active:         16659032 kB
Inactive:       10940632 kB
Active(anon):    1591536 kB
Inactive(anon):  5266544 kB
Active(file):   15067496 kB
Inactive(file):  5674088 kB
Unevictable:          24 kB
Mlocked:              16 kB
SwapTotal:       2097148 kB
SwapFree:            324 kB
Zswap:                 0 kB
Zswapped:              0 kB
Dirty:              1192 kB
Writeback:             0 kB
AnonPages:       7044240 kB
Mapped:          1159576 kB
Shmem:             71636 kB
KReclaimable:     646904 kB
Slab:            1008044 kB
SReclaimable:     646904 kB
SUnreclaim:       361140 kB
KernelStack:       28128 kB
PageTables:        83360 kB
SecPageTables:         0 kB
NFS_Unstable:          0 kB
Bounce:                0 kB
WritebackTmp:          0 kB
CommitLimit:    18446228 kB
Committed_AS:   23654568 kB
VmallocTotal:   34359738367 kB
VmallocUsed:      236540 kB
VmallocChunk:          0 kB
Percpu:            20160 kB
HardwareCorrupted:     0 kB
AnonHugePages:         0 kB
ShmemHugePages:        0 kB
ShmemPmdMapped:        0 kB
FileHugePages:         0 kB
FilePmdMapped:         0 kB
Unaccepted:            0 kB
HugePages_Total:       0
HugePages_Free:        0
HugePages_Rsvd:        0
HugePages_Surp:        0
Hugepagesize:       2048 kB
Hugetlb:               0 kB
DirectMap4k:    31524404 kB
DirectMap2M:     1867776 kB
DirectMap1G:     1048576 kB
",cpu  66721008 213925 12912836 4257432993 480658 0 473671 0 0 0,"3017586 (ros2_control_no) S 3017571 3017571 2912103 34817 3017571 4194304 13747 0 10 0 1198378 9389 0 0 20 0 39 0 216637404 2743566336 29203 18446744073709551615 106820472733696 106820472749549 140723865944256 0 0 0 4096 0 1098925310 0 0 0 17 16 0 0 0 0 0 106820472760512 106820472762592 106821535870976 140723865947817 140723865948053 140723865948053 140723865956287 0
"
2172308.017136595,1791283745.5066617,"(3.021484375, 3.728515625, 4.37353515625)","Inter-|   Receive                                                |  Transmit
 face |bytes    packets errs drop fifo frame compressed multicast|bytes    packets errs drop fifo colls carrier compressed
    lo: 16334631977 21824815    0    0    0     0          0         0 16334631977 21824815    0    0    0     0       0          0
enp3s0: 101727331916 80126255    0    0    0     0          0         0 594462391 8092027    0    0    0     0       0          0
enp6s0: 62489108  544826    0  260    0     0          0     18851        0       0    0    0    0     0       0          0
wlp4s0: 9002266697 14860082    0    0    0     0          0         0 17080619679 19572723    0    0    0     0       0          0
","MemTotal:       32698160 kB
MemFree:         3165936 kB
MemAvailable:   24084604 kB
Buffers:          429528 kB
Cached:         20101820 kB
SwapCached:        26004 kB
Active:         16659092 kB
Inactive:       10940632 kB
Active(anon):    1591596 kB
Inactive(anon):  5266544 kB
Active(file):   15067496 kB
Inactive(file):  5674088 kB
Unevictable:          24 kB
Mlocked:              16 kB
SwapTotal:       2097148 kB
SwapFree:            324 kB
Zswap:                 0 kB
Zswapped:              0 kB
Dirty:              1192 kB
Writeback:             0 kB
AnonPages:       7044300 kB
Mapped:          1159576 kB
Shmem:             71636 kB
KReclaimable:     646904 kB
Slab:            1008044 kB
SReclaimable:     646904 kB
SUnreclaim:       361140 kB
KernelStack:       28128 kB
PageTables:        83360 kB
SecPageTables:         0 kB
NFS_Unstable:          0 kB
Bounce:                0 kB
WritebackTmp:          0 kB
CommitLimit:    18446228 kB
Committed_AS:   23655592 kB
VmallocTotal:   34359738367 kB
VmallocUsed:      236540 kB
VmallocChunk:          0 kB
Percpu:            20160 kB
HardwareCorrupted:     0 kB
AnonHugePages:         0 kB
ShmemHugePages:        0 kB
ShmemPmdMapped:        0 kB
FileHugePages:         0 kB
FilePmdMapped:         0 kB
Unaccepted:            0 kB
HugePages_Total:       0
HugePages_Free:        0
HugePages_Rsvd:        0
HugePages_Surp:        0
Hugepagesize:       2048 kB
Hugetlb:               0 kB
DirectMap4k:    31524404 kB
DirectMap2M:     1867776 kB
DirectMap1G:     1048576 kB
",cpu  66721063 213925 12912841 4257433334 480658 0 473671 0 0 0,"3017586 (ros2_control_no) S 3017571 3017571 2912103 34817 3017571 4194304 13747 0 10 0 1198418 9389 0 0 20 0 39 0 216637404 2743566336 29203 18446744073709551615 106820472733696 106820472749549 140723865944256 0 0 0 4096 0 1098925310 0 0 0 17 16 0 0 0 0 0 106820472760512 106820472762592 106821535870976 140723865947817 140723865948053 140723865948053 140723865956287 0
"
2172308.218656541,1791283745.7081816,"(3.021484375, 3.728515625, 4.37353515625)","Inter-|   Receive                                                |  Transmit
 face |bytes    packets errs drop fifo frame compressed multicast|bytes    packets errs drop fifo colls carrier compressed
    lo: 16334644517 21824883    0    0    0     0          0         0 16334644517 21824883    0    0    0     0       0          0
enp3s0: 101727606780 80126471    0    0    0     0          0         0 594463843 8092049    0    0    0     0       0          0
enp6s0: 62489108  544826    0  260    0     0          0     18851        0       0    0    0    0     0       0          0
wlp4s0: 9002269084 14860106    0    0    0     0          0         0 17080656417 19572753    0    0    0     0       0          0
","MemTotal:       32698160 kB
MemFree:         3170588 kB
MemAvailable:   24089256 kB
Buffers:          429528 kB
Cached:         20101824 kB
SwapCached:        26004 kB
Active:         16659208 kB
Inactive:       10940632 kB
Active(anon):    1591712 kB
Inactive(anon):  5266544 kB
Active(file):   15067496 kB
Inactive(file):  5674088 kB
Unevictable:          24 kB
Mlocked:              16 kB
SwapTotal:       2097148 kB
SwapFree:            324 kB
Zswap:                 0 kB
Zswapped:              0 kB
Dirty:              1196 kB
Writeback:             0 kB
AnonPages:       7044384 kB
Mapped:          1159576 kB
Shmem:             71636 kB
KReclaimable:     646904 kB
Slab:            1008084 kB
SReclaimable:     646904 kB
SUnreclaim:       361180 kB
KernelStack:       28128 kB
PageTables:        83364 kB
SecPageTables:         0 kB
NFS_Unstable:          0 kB
Bounce:                0 kB
WritebackTmp:          0 kB
CommitLimit:    18446228 kB
Committed_AS:   23655592 kB
VmallocTotal:   34359738367 kB
VmallocUsed:      236540 kB
VmallocChunk:          0 kB
Percpu:            20160 kB
HardwareCorrupted:     0 kB
AnonHugePages:         0 kB
ShmemHugePages:        0 kB
ShmemPmdMapped:        0 kB
FileHugePages:         0 kB
FilePmdMapped:         0 kB
Unaccepted:            0 kB
HugePages_Total:       0
HugePages_Free:        0
HugePages_Rsvd:        0
HugePages_Surp:        0
Hugepagesize:       2048 kB
Hugetlb:               0 kB
DirectMap4k:    31524404 kB
DirectMap2M:     1867776 kB
DirectMap1G:     1048576 kB
",cpu  66721132 213925 12912846 4257433665 480658 0 473671 0 0 0,"3017586 (ros2_control_no) S 3017571 3017571 2912103 34817 3017571 4194304 13747 0 10 0 1198459 9389 0 0 20 0 39 0 216637404 2743566336 29203 18446744073709551615 106820472733696 106820472749549 140723865944256 0 0 0 4096 0 1098925310 0 0 0 17 16 0 0 0 0 0 106820472760512 106820472762592 106821535870976 140723865947817 140723865948053 140723865948053 140723865956287 0
"
2172308.420096639,1791283745.9096217,"(3.021484375, 3.728515625, 4.37353515625)","Inter-|   Receive                                                |  Transmit
 face |bytes    packets errs drop fifo frame compressed multicast|bytes    packets errs drop fifo colls carrier compressed
    lo: 16334657706 21824953    0    0    0     0          0         0 16334657706 21824953    0    0    0     0       0          0
enp3s0: 101727881310 80126685    0    0    0     0          0         0 594465163 8092069    0    0    0     0       0          0
enp6s0: 62489108  544826    0  260    0     0          0     18851        0       0    0    0    0     0       0          0
wlp4s0: 9002273071 14860133    0    0    0     0          0         0 17080668325 19572792    0    0    0     0       0          0
","MemTotal:       32698160 kB
MemFree:         3171792 kB
MemAvailable:   24090460 kB
Buffers:          429528 kB
Cached:         20101824 kB
SwapCached:        26004 kB
Active:         16659328 kB
Inactive:       10940632 kB
Active(anon):    1591832 kB
Inactive(anon):  5266544 kB
Active(file):   15067496 kB
Inactive(file):  5674088 kB
Unevictable:          24 kB
Mlocked:              16 kB
SwapTotal:       2097148 kB
SwapFree:            324 kB
Zswap:                 0 kB
Zswapped:              0 kB
Dirty:              1196 kB
Writeback:             0 kB
AnonPages:       7044516 kB
Mapped:          1159576 kB
Shmem:             71636 kB
KReclaimable:     646904 kB
Slab:            1008092 kB
SReclaimable:     646904 kB
SUnreclaim:       361188 kB
KernelStack:       28128 kB
PageTables:        83364 kB
SecPageTables:         0 kB
NFS_Unstable:          0 kB
Bounce:                0 kB
WritebackTmp:          0 kB
CommitLimit:    18446228 kB
Committed_AS:   23655592 kB
VmallocTotal:   34359738367 kB
VmallocUsed:      236540 kB
VmallocChunk:          0 kB
Percpu:            20160 kB
HardwareCorrupted:     0 kB
AnonHugePages:         0 kB
ShmemHugePages:        0 kB
ShmemPmdMapped:        0 kB
FileHugePages:         0 kB
FilePmdMapped:         0 kB
Unaccepted:            0 kB
HugePages_Total:       0
HugePages_Free:        0
HugePages_Rsvd:        0
HugePages_Surp:        0
Hugepagesize:       2048 kB
Hugetlb:               0 kB
DirectMap4k:    31524404 kB
DirectMap2M:     1867776 kB
DirectMap1G:     1048576 kB
",cpu  66721200 213925 12912852 4257433994 480658 0 473671 0 0 0,"3017586 (ros2_control_no) S 3017571 3017571 2912103 34817 3017571 4194304 13747 0 10 0 1198499 9390 0 0 20 0 39 0 216637404 2743566336 29203 18446744073709551615 106820472733696 106820472749549 140723865944256 0 0 0 4096 0 1098925310 0 0 0 17 16 0 0 0 0 0 106820472760512 106820472762592 106821535870976 140723865947817 140723865948053 140723865948053 140723865956287 0
"
2172308.621838436,1791283746.1113636,"(3.021484375, 3.728515625, 4.37353515625)","Inter-|   Receive                                                |  Transmit
 face |bytes    packets errs drop fifo frame compressed multicast|bytes    packets errs drop fifo colls carrier compressed
    lo: 16334673812 21825005    0    0    0     0          0         0 16334673812 21825005    0    0    0     0       0          0
enp3s0: 101728156727 80126897    0    0    0     0          0         0 594466285 8092086    0    0    0     0       0          0
enp6s0: 62489108  544826    0  260    0     0          0     18851        0       0    0    0    0     0       0          0
wlp4s0: 9002277060 14860157    0    0    0     0          0         0 17080681501 19572817    0    0    0     0       0          0
","MemTotal:       32698160 kB
MemFree:         3171792 kB
MemAvailable:   24090460 kB
Buffers:          429528 kB
Cached:         20101824 kB
SwapCached:        26004 kB
Active:         16659424 kB
Inactive:       10940632 kB
Active(anon):    1591928 kB
Inactive(anon):  5266544 kB
Active(file):   15067496 kB
Inactive(file):  5674088 kB
Unevictable:          24 kB
Mlocked:              16 kB
SwapTotal:       2097148 kB
SwapFree:            324 kB
Zswap:                 0 kB
Zswapped:              0 kB
Dirty:              1232 kB
Writeback:             0 kB
AnonPages:       7044628 kB
Mapped:          1159576 kB
Shmem:             71636 kB
KReclaimable:     646904 kB
Slab:            1008100 kB
SReclaimable:     646904 kB
SUnreclaim:       361196 kB
KernelStack:       28128 kB
PageTables:        83364 kB
SecPageTables:         0 kB
NFS_Unstable:          0 kB
Bounce:                0 kB
WritebackTmp:          0 kB
CommitLimit:    18446228 kB
Committed_AS:   23655720 kB
VmallocTotal:   34359738367 kB
VmallocUsed:      236540 kB
VmallocChunk:          0 kB
Percpu:            20160 kB
HardwareCorrupted:     0 kB
AnonHugePages:         0 kB
ShmemHugePages:        0 kB
ShmemPmdMapped:        0 kB
FileHugePages:         0 kB
FilePmdMapped:         0 kB
Unaccepted:            0 kB
HugePages_Total:       0
HugePages_Free:        0
HugePages_Rsvd:        0
HugePages_Surp:        0
Hugepagesize:       2048 kB
Hugetlb:               0 kB
DirectMap4k:    31524404 kB
DirectMap2M:     1867776 kB
DirectMap1G:     1048576 kB
",cpu  66721261 213925 12912855 4257434328 480658 0 473671 0 0 0,"3017586 (ros2_control_no) S 3017571 3017571 2912103 34817 3017571 4194304 13747 0 10 0 1198540 9390 0 0 20 0 39 0 216637404 2743566336 29203 18446744073709551615 106820472733696 106820472749549 140723865944256 0 0 0 4096 0 1098925310 0 0 0 17 16 0 0 0 0 0 106820472760512 106820472762592 106821535870976 140723865947817 140723865948053 140723865948053 140723865956287 0
"
2172308.823261901,1791283746.312787,"(3.021484375, 3.728515625, 4.37353515625)","Inter-|   Receive                                                |  Transmit
 face |bytes    packets errs drop fifo frame compressed multicast|bytes    packets errs drop fifo colls carrier compressed
    lo: 16334690889 21825071    0    0    0     0          0         0 16334690889 21825071    0    0    0     0       0          0
enp3s0: 101728430036 80127111    0    0    0     0          0         0 594468100 8092109    0    0    0     0       0          0
enp6s0: 62489108  544826    0  260    0     0          0     18851        0       0    0    0    0     0       0          0
wlp4s0: 9002280488 14860187    0    0    0     0          0         0 17080697838 19572866    0    0    0     0       0          0
","MemTotal:       32698160 kB
MemFree:         3171792 kB
MemAvailable:   24090460 kB
Buffers:          429528 kB
Cached:         20101824 kB
SwapCached:        26004 kB
Active:         16659484 kB
Inactive:       10940632 kB
Active(anon):    1591988 kB
Inactive(anon):  5266544 kB
Active(file):   15067496 kB
Inactive(file):  5674088 kB
Unevictable:          24 kB
Mlocked:              16 kB
SwapTotal:       2097148 kB
SwapFree:            324 kB
Zswap:                 0 kB
Zswapped:              0 kB
Dirty:              1232 kB
Writeback:             0 kB
AnonPages:       7044696 kB
Mapped:          1159576 kB
Shmem:             71636 kB
KReclaimable:     646904 kB
Slab:            1008140 kB
SReclaimable:     646904 kB
SUnreclaim:       361236 kB
KernelStack:       28128 kB
PageTables:        83364 kB
SecPageTables:         0 kB
NFS_Unstable:          0 kB
Bounce:                0 kB
WritebackTmp:          0 kB
CommitLimit:    18446228 kB
Committed_AS:   23655720 kB
VmallocTotal:   34359738367 kB
VmallocUsed:      236540 kB
VmallocChunk:          0 kB
Percpu:            20160 kB
HardwareCorrupted:     0 kB
AnonHugePages:         0 kB
ShmemHugePages:        0 kB
ShmemPmdMapped:        0 kB
FileHugePages:         0 kB
FilePmdMapped:         0 kB
Unaccepted:            0 kB
HugePages_Total:       0
HugePages_Free:        0
HugePages_Rsvd:        0
HugePages_Surp:        0
Hugepagesize:       2048 kB
Hugetlb:               0 kB
DirectMap4k:    31524404 kB
DirectMap2M:     1867776 kB
DirectMap1G:     1048576 kB
",cpu  66721323 213925 12912858 4257434663 480658 0 473672 0 0 0,"3017586 (ros2_control_no) S 3017571 3017571 2912103 34817 3017571 4194304 13747 0 10 0 1198580 9390 0 0 20 0 39 0 216637404 2743566336 29203 18446744073709551615 106820472733696 106820472749549 140723865944256 0 0 0 4096 0 1098925310 0 0 0 17 16 0 0 0 0 0 106820472760512 106820472762592 106821535870976 140723865947817 140723865948053 140723865948053 140723865956287 0
"
2172309.024636844,1791283746.5141618,"(3.021484375, 3.728515625, 4.37353515625)","Inter-|   Receive                                                |  Transmit
 face |bytes    packets errs drop fifo frame compressed multicast|bytes    packets errs drop fifo colls carrier compressed
    lo: 16334865626 21825963    0    0    0     0          0         0 16334865626 21825963    0    0    0     0       0          0
enp3s0: 101728703564 80127319    0    0    0     0          0         0 594469822 8092126    0    0    0     0       0          0
enp6s0: 62489108  544826    0  260    0     0          0     18851        0       0    0    0    0     0       0          0
wlp4s0: 9002289836 14860270    0    0    0     0          0         0 17080761756 19573349    0    0    0     0       0          0
","MemTotal:       32698160 kB
MemFree:         3170392 kB
MemAvailable:   24089060 kB
Buffers:          429528 kB
Cached:         20101824 kB
SwapCached:        26004 kB
Active:         16659624 kB
Inactive:       10940632 kB
Active(anon):    1592128 kB
Inactive(anon):  5266544 kB
Active(file):   15067496 kB
Inactive(file):  5674088 kB
Unevictable:          24 kB
Mlocked:              16 kB
SwapTotal:       2097148 kB
SwapFree:            324 kB
Zswap:                 0 kB
Zswapped:              0 kB
Dirty:              1308 kB
Writeback:             0 kB
AnonPages:       7044784 kB
Mapped:          1159576 kB
Shmem:             71636 kB
KReclaimable:     646904 kB
Slab:            1008212 kB
SReclaimable:     646904 kB
SUnreclaim:       361308 kB
KernelStack:       28128 kB
PageTables:        83364 kB
SecPageTables:         0 kB
NFS_Unstable:          0 kB
Bounce:                0 kB
WritebackTmp:          0 kB
CommitLimit:    18446228 kB
Committed_AS:   23655720 kB
VmallocTotal:   34359738367 kB
VmallocUsed:      236540 kB
VmallocChunk:          0 kB
Percpu:            20160 kB
HardwareCorrupted:     0 kB
AnonHugePages:         0 kB
ShmemHugePages:        0 kB
ShmemPmdMapped:        0 kB
FileHugePages:         0 kB
FilePmdMapped:         0 kB
Unaccepted:            0 kB
HugePages_Total:       0
HugePages_Free:        0
HugePages_Rsvd:        0
HugePages_Surp:        0
Hugepagesize:       2048 kB
Hugetlb:               0 kB
DirectMap4k:    31524404 kB
DirectMap2M:     1867776 kB
DirectMap1G:     1048576 kB
",cpu  66721391 213925 12912862 4257434996 480658 0 473672 0 0 0,"3017586 (ros2_control_no) S 3017571 3017571 2912103 34817 3017571 4194304 13747 0 10 0 1198621 9391 0 0 20 0 39 0 216637404 2743566336 29203 18446744073709551615 106820472733696 106820472749549 140723865944256 0 0 0 4096 0 1098925310 0 0 0 17 16 0 0 0 0 0 106820472760512 106820472762592 106821535870976 140723865947817 140723865948053 140723865948053 140723865956287 0
"
2172309.22615052,1791283746.7156756,"(3.021484375, 3.728515625, 4.37353515625)","Inter-|   Receive                                                |  Transmit
 face |bytes    packets errs drop fifo frame compressed multicast|bytes    packets errs drop fifo colls carrier compressed
    lo: 16334873202 21826001    0    0    0     0          0         0 16334873202 21826001    0    0    0     0       0          0
enp3s0: 101728977593 80127530    0    0    0     0          0         0 594471700 8092145    0    0    0     0       0          0
enp6s0: 62489108  544826    0  260    0     0          0     18851        0       0    0    0    0     0       0          0
wlp4s0: 9002302922 14860350    0    0    0     0          0         0 17080777876 19573425    0    0    0     0       0          0
","MemTotal:       32698160 kB
MemFree:         3175452 kB
MemAvailable:   24094120 kB
Buffers:          429528 kB
Cached:         20101824 kB
SwapCached:        26004 kB
Active:         16659272 kB
Inactive:       10940632 kB
Active(anon):    1591776 kB
Inactive(anon):  5266544 kB
Active(file):   15067496 kB
Inactive(file):  5674088 kB
Unevictable:          24 kB
Mlocked:              16 kB
SwapTotal:       2097148 kB
SwapFree:            324 kB
Zswap:                 0 kB
Zswapped:              0 kB
Dirty:              1308 kB
Writeback:             0 kB
AnonPages:       7044400 kB
Mapped:          1159576 kB
Shmem:             71636 kB
KReclaimable:     646904 kB
Slab:            1008212 kB
SReclaimable:     646904 kB
SUnreclaim:       361308 kB
KernelStack:       28128 kB
PageTables:        83364 kB
SecPageTables:         0 kB
NFS_Unstable:          0 kB
Bounce:                0 kB
WritebackTmp:          0 kB
CommitLimit:    18446228 kB
Committed_AS:   23655692 kB
VmallocTotal:   34359738367 kB
VmallocUsed:      236540 kB
VmallocChunk:          0 kB
Percpu:            20160 kB
HardwareCorrupted:     0 kB
AnonHugePages:         0 kB
ShmemHugePages:        0 kB
ShmemPmdMapped:        0 kB
FileHugePages:         0 kB
FilePmdMapped:         0 kB
Unaccepted:            0 kB
HugePages_Total:       0
HugePages_Free:        0
HugePages_Rsvd:        0
HugePages_Surp:        0
Hugepagesize:       2048 kB
Hugetlb:               0 kB
DirectMap4k:    31524404 kB
DirectMap2M:     1867776 kB
DirectMap1G:     1048576 kB
",cpu  66721442 213925 12912863 4257435343 480658 0 473672 0 0 0,"3017586 (ros2_control_no) S 3017571 3017571 2912103 34817 3017571 4194304 13747 0 10 0 1198662 9391 0 0 20 0 39 0 216637404 2743566336 29203 18446744073709551615 106820472733696 106820472749549 140723865944256 0 0 0 4096 0 1098925310 0 0 0 17 16 0 0 0 0 0 106820472760512 106820472762592 106821535870976 140723865947817 140723865948053 140723865948053 140723865956287 0
"
2172309.428383249,1791283746.9179082,"(3.021484375, 3.728515625, 4.37353515625)","Inter-|   Receive                                                |  Transmit
 face |bytes    packets errs drop fifo frame compressed multicast|bytes    packets errs drop fifo colls carrier compressed
    lo: 16334879218 21826055    0    0    0     0          0         0 16334879218 21826055    0    0    0     0       0          0
enp3s0: 101729253678 80127746    0    0    0     0          0         0 594473086 8092166    0    0    0     0       0          0
enp6s0: 62489108  544826    0  260    0     0          0     18851        0       0    0    0    0     0       0          0
wlp4s0: 9002304697 14860368    0    0    0     0          0         0 17080781893 19573448    0    0    0     0       0          0
","MemTotal:       32698160 kB
MemFree:         3175596 kB
MemAvailable:   24094264 kB
Buffers:          429528 kB
Cached:         20101824 kB
SwapCached:        26004 kB
Active:         16659392 kB
Inactive:       10940632 kB
Active(anon):    1591896 kB
Inactive(anon):  5266544 kB
Active(file):   15067496 kB
Inactive(file):  5674088 kB
Unevictable:          24 kB
Mlocked:              16 kB
SwapTotal:       2097148 kB
SwapFree:            324 kB
Zswap:                 0 kB
Zswapped:              0 kB
Dirty:              1332 kB
Writeback:             0 kB
AnonPages:       7044556 kB
Mapped:          1159576 kB
Shmem:             71636 kB
KReclaimable:     646904 kB
Slab:            1008260 kB
SReclaimable:     646904 kB
SUnreclaim:       361356 kB
KernelStack:       28128 kB
PageTables:        83364 kB
SecPageTables:         0 kB
NFS_Unstable:          0 kB
Bounce:                0 kB
WritebackTmp:          0 kB
CommitLimit:    18446228 kB
Committed_AS:   23655692 kB
VmallocTotal:   34359738367 kB
VmallocUsed:      236540 kB
VmallocChunk:          0 kB
Percpu:            20160 kB
HardwareCorrupted:     0 kB
AnonHugePages:         0 kB
ShmemHugePages:        0 kB
ShmemPmdMapped:        0 kB
FileHugePages:         0 kB
FilePmdMapped:         0 kB
Unaccepted:            0 kB
HugePages_Total:       0
HugePages_Free:        0
HugePages_Rsvd:        0
HugePages_Surp:        0
Hugepagesize:       2048 kB
Hugetlb:               0 kB
DirectMap4k:    31524404 kB
DirectMap2M:     1867776 kB
DirectMap1G:     1048576 kB
",cpu  66721495 213925 12912866 4257435689 480658 0 473672 0 0 0,"3017586 (ros2_control_no) S 3017571 3017571 2912103 34817 3017571 4194304 13747 0 10 0 1198703 9391 0 0 20 0 39 0 216637404 2743566336 29203 18446744073709551615 106820472733696 106820472749549 140723865944256 0 0 0 4096 0 1098925310 0 0 0 17 16 0 0 0 0 0 106820472760512 106820472762592 106821535870976 140723865947817 140723865948053 140723865948053 140723865956287 0
"
2172309.629945648,1791283747.1194706,"(3.021484375, 3.728515625, 4.37353515625)","Inter-|   Receive                                                |  Transmit
 face |bytes    packets errs drop fifo frame compressed multicast|bytes    packets errs drop fifo colls carrier compressed
    lo: 16334887485 21826116    0    0    0     0          0         0 16334887485 21826116    0    0    0     0       0          0
enp3s0: 101729526653 80127958    0    0    0     0          0         0 594474340 8092185    0    0    0     0       0          0
enp6s0: 62489108  544826    0  260    0     0          0     18851        0       0    0    0    0     0       0          0
wlp4s0: 9002306639 14860388    0    0    0     0          0         0 17080792657 19573481    0    0    0     0       0          0
","MemTotal:       32698160 kB
MemFree:         3175596 kB
MemAvailable:   24094264 kB
Buffers:          429528 kB
Cached:         20101824 kB
SwapCached:        26004 kB
Active:         16659512 kB
Inactive:       10940632 kB
Active(anon):    1592016 kB
Inactive(anon):  5266544 kB
Active(file):   15067496 kB
Inactive(file):  5674088 kB
Unevictable:          24 kB
Mlocked:              16 kB
SwapTotal:       2097148 kB
SwapFree:            324 kB
Zswap:                 0 kB
Zswapped:              0 kB
Dirty:              1332 kB
Writeback:             0 kB
AnonPages:       7044620 kB
Mapped:          1159576 kB
Shmem:             71636 kB
KReclaimable:     646904 kB
Slab:            1008284 kB
SReclaimable:     646904 kB
SUnreclaim:       361380 kB
KernelStack:       28128 kB
PageTables:        83364 kB
SecPageTables:         0 kB
NFS_Unstable:          0 kB
Bounce:                0 kB
WritebackTmp:          0 kB
CommitLimit:    18446228 kB
Committed_AS:   23655692 kB
VmallocTotal:   34359738367 kB
VmallocUsed:      236540 kB
VmallocChunk:          0 kB
Percpu:            20160 kB
HardwareCorrupted:     0 kB
AnonHugePages:         0 kB
ShmemHugePages:        0 kB
ShmemPmdMapped:        0 kB
FileHugePages:         0 kB
FilePmdMapped:         0 kB
Unaccepted:            0 kB
HugePages_Total:       0
HugePages_Free:        0
HugePages_Rsvd:        0
HugePages_Surp:        0
Hugepagesize:       2048 kB
Hugetlb:               0 kB
DirectMap4k:    31524404 kB
DirectMap2M:     1867776 kB
DirectMap1G:     1048576 kB
",cpu  66721559 213925 12912868 4257436027 480658 0 473673 0 0 0,"3017586 (ros2_control_no) S 3017571 3017571 2912103 34817 3017571 4194304 13747 0 10 0 1198743 9391 0 0 20 0 39 0 216637404 2743566336 29203 18446744073709551615 106820472733696 106820472749549 140723865944256 0 0 0 4096 0 1098925310 0 0 0 17 16 0 0 0 0 0 106820472760512 106820472762592 106821535870976 140723865947817 140723865948053 140723865948053 140723865956287 0
"
2172309.831379056,1791283747.3209043,"(3.021484375, 3.728515625, 4.37353515625)","Inter-|   Receive                                                |  Transmit
 face |bytes    packets errs drop fifo frame compressed multicast|bytes    packets errs drop fifo colls carrier compressed
    lo: 16334893606 21826160    0    0    0     0          0         0 16334893606 21826160    0    0    0     0       0          0
enp3s0: 101729801016 80128171    0    0    0     0          0         0 594475645 8092205    0    0    0     0       0          0
enp6s0: 62489108  544826    0  260    0     0          0     18851        0       0    0    0    0     0       0          0
wlp4s0: 9002309887 14860407    0    0    0     0          0         0 17080797304 19573501    0    0    0     0       0          0
","MemTotal:       32698160 kB
MemFree:         3175596 kB
MemAvailable:   24094264 kB
Buffers:          429528 kB
Cached:         20101824 kB
SwapCached:        26004 kB
Active:         16659572 kB
Inactive:       10940632 kB
Active(anon):    1592076 kB
Inactive(anon):  5266544 kB
Active(file):   15067496 kB
Inactive(file):  5674088 kB
Unevictable:          24 kB
Mlocked:              16 kB
SwapTotal:       2097148 kB
SwapFree:            324 kB
Zswap:                 0 kB
Zswapped:              0 kB
Dirty:              1332 kB
Writeback:             0 kB
AnonPages:       7044684 kB
Mapped:          1159576 kB
Shmem:             71636 kB
KReclaimable:     646904 kB
Slab:            1008284 kB
SReclaimable:     646904 kB
SUnreclaim:       361380 kB
KernelStack:       28128 kB
PageTables:        83364 kB
SecPageTables:         0 kB
NFS_Unstable:          0 kB
Bounce:                0 kB
WritebackTmp:          0 kB
CommitLimit:    18446228 kB
Committed_AS:   23655692 kB
VmallocTotal:   34359738367 kB
VmallocUsed:      236540 kB
VmallocChunk:          0 kB
Percpu:            20160 kB
HardwareCorrupted:     0 kB
AnonHugePages:         0 kB
ShmemHugePages:        0 kB
ShmemPmdMapped:        0 kB
FileHugePages:         0 kB
FilePmdMapped:         0 kB
Unaccepted:            0 kB
HugePages_Total:       0
HugePages_Free:        0
HugePages_Rsvd:        0
HugePages_Surp:        0
Hugepagesize:       2048 kB
Hugetlb:               0 kB
DirectMap4k:    31524404 kB
DirectMap2M:     1867776 kB
DirectMap1G:     1048576 kB
",cpu  66721617 213925 12912871 4257436366 480658 0 473673 0 0 0,"3017586 (ros2_control_no) S 3017571 3017571 2912103 34817 3017571 4194304 13747 0 10 0 1198784 9391 0 0 20 0 39 0 216637404 2743566336 29203 18446744073709551615 106820472733696 106820472749549 140723865944256 0 0 0 4096 0 1098925310 0 0 0 17 16 0 0 0 0 0 106820472760512 106820472762592 106821535870976 140723865947817 140723865948053 140723865948053 140723865956287 0
"
2172310.032634469,1791283747.5221593,"(2.939453125, 3.69970703125, 4.3603515625)","Inter-|   Receive                                                |  Transmit
 face |bytes    packets errs drop fifo frame compressed multicast|bytes    packets errs drop fifo colls carrier compressed
    lo: 16334898816 21826197    0    0    0     0          0         0 16334898816 21826197    0    0    0     0       0          0
enp3s0: 101730075212 80128383    0    0    0     0          0         0 594476875 8092224    0    0    0     0       0          0
enp6s0: 62489108  544826    0  260    0     0          0     18851        0       0    0    0    0     0       0          0
wlp4s0: 9002313725 14860441    0    0    0     0          0         0 17080803047 19573540    0    0    0     0       0          0
","MemTotal:       32698160 kB
MemFree:         3175600 kB
MemAvailable:   24094268 kB
Buffers:          429544 kB
Cached:         20101824 kB
SwapCached:        26004 kB
Active:         16659588 kB
Inactive:       10940632 kB
Active(anon):    1592092 kB
Inactive(anon):  5266544 kB
Active(file):   15067496 kB
Inactive(file):  5674088 kB
Unevictable:          24 kB
Mlocked:              16 kB
SwapTotal:       2097148 kB
SwapFree:            324 kB
Zswap:                 0 kB
Zswapped:              0 kB
Dirty:              1356 kB
Writeback:             0 kB
AnonPages:       7044764 kB
Mapped:          1159576 kB
Shmem:             71636 kB
KReclaimable:     646904 kB
Slab:            1008324 kB
SReclaimable:     646904 kB
SUnreclaim:       361420 kB
KernelStack:       28144 kB
PageTables:        83364 kB
SecPageTables:         0 kB
NFS_Unstable:          0 kB
Bounce:                0 kB
WritebackTmp:          0 kB
CommitLimit:    18446228 kB
Committed_AS:   23655708 kB
VmallocTotal:   34359738367 kB
VmallocUsed:      236540 kB
VmallocChunk:          0 kB
Percpu:            20160 kB
HardwareCorrupted:     0 kB
AnonHugePages:         0 kB
ShmemHugePages:        0 kB
ShmemPmdMapped:        0 kB
FileHugePages:         0 kB
FilePmdMapped:         0 kB
Unaccepted:            0 kB
HugePages_Total:       0
HugePages_Free:        0
HugePages_Rsvd:        0
HugePages_Surp:        0
Hugepagesize:       2048 kB
Hugetlb:               0 kB
DirectMap4k:    31524404 kB
DirectMap2M:     1867776 kB
DirectMap1G:     1048576 kB
",cpu  66721672 213925 12912873 4257436708 480659 0 473673 0 0 0,"3017586 (ros2_control_no) S 3017571 3017571 2912103 34817 3017571 4194304 13747 0 10 0 1198825 9392 0 0 20 0 39 0 216637404 2743566336 29203 18446744073709551615 106820472733696 106820472749549 140723865944256 0 0 0 4096 0 1098925310 0 0 0 17 16 0 0 0 0 0 106820472760512 106820472762592 106821535870976 140723865947817 140723865948053 140723865948053 140723865956287 0
"
2172310.234130743,1791283747.7236557,"(2.939453125, 3.69970703125, 4.3603515625)","Inter-|   Receive                                                |  Transmit
 face |bytes    packets errs drop fifo frame compressed multicast|bytes    packets errs drop fifo colls carrier compressed
    lo: 16334905074 21826244    0    0    0     0          0         0 16334905074 21826244    0    0    0     0       0          0
enp3s0: 101730349575 80128596    0    0    0     0          0         0 594478129 8092243    0    0    0     0       0          0
enp6s0: 62489108  544826    0  260    0     0          0     18851        0       0    0    0    0     0       0          0
wlp4s0: 9002316930 14860471    0    0    0     0          0         0 17080809293 19573579    0    0    0     0       0          0
","MemTotal:       32698160 kB
MemFree:         3179504 kB
MemAvailable:   24098172 kB
Buffers:          429544 kB
Cached:         20101824 kB
SwapCached:        26004 kB
Active:         16659672 kB
Inactive:       10940632 kB
Active(anon):    1592176 kB
Inactive(anon):  5266544 kB
Active(file):   15067496 kB
Inactive(file):  5674088 kB
Unevictable:          24 kB
Mlocked:              16 kB
SwapTotal:       2097148 kB
SwapFree:            324 kB
Zswap:                 0 kB
Zswapped:              0 kB
Dirty:              1356 kB
Writeback:             0 kB
AnonPages:       7044836 kB
Mapped:          1159576 kB
Shmem:             71636 kB
KReclaimable:     646904 kB
Slab:            1008380 kB
SReclaimable:     646904 kB
SUnreclaim:       361476 kB
KernelStack:       28144 kB
PageTables:        83364 kB
SecPageTables:         0 kB
NFS_Unstable:          0 kB
Bounce:                0 kB
WritebackTmp:          0 kB
CommitLimit:    18446228 kB
Committed_AS:   23655708 kB
VmallocTotal:   34359738367 kB
VmallocUsed:      236540 kB
VmallocChunk:          0 kB
Percpu:            20160 kB
HardwareCorrupted:     0 kB
AnonHugePages:         0 kB
ShmemHugePages:        0 kB
ShmemPmdMapped:        0 kB
FileHugePages:         0 kB
FilePmdMapped:         0 kB
Unaccepted:            0 kB
HugePages_Total:       0
HugePages_Free:        0
HugePages_Rsvd:        0
HugePages_Surp:        0
Hugepagesize:       2048 kB
Hugetlb:               0 kB
DirectMap4k:    31524404 kB
DirectMap2M:     1867776 kB
DirectMap1G:     1048576 kB
",cpu  66721733 213925 12912878 4257437045 480659 0 473673 0 0 0,"3017586 (ros2_control_no) S 3017571 3017571 2912103 34817 3017571 4194304 13747 0 10 0 1198865 9392 0 0 20 0 39 0 216637404 2743566336 29203 18446744073709551615 106820472733696 106820472749549 140723865944256 0 0 0 4096 0 1098925310 0 0 0 17 16 0 0 0 0 0 106820472760512 106820472762592 106821535870976 140723865947817 140723865948053 140723865948053 140723865956287 0
"
2172310.435455589,1791283747.9249804,"(2.939453125, 3.69970703125, 4.3603515625)","Inter-|   Receive                                                |  Transmit
 face |bytes    packets errs drop fifo frame compressed multicast|bytes    packets errs drop fifo colls carrier compressed
    lo: 16334911295 21826290    0    0    0     0          0         0 16334911295 21826290    0    0    0     0       0          0
enp3s0: 101730622936 80128803    0    0    0     0          0         0 594478987 8092256    0    0    0     0       0          0
enp6s0: 62489108  544826    0  260    0     0          0     18851        0       0    0    0    0     0       0          0
wlp4s0: 9002320572 14860503    0    0    0     0          0         0 17080814295 19573616    0    0    0     0       0          0
","MemTotal:       32698160 kB
MemFree:         3179504 kB
MemAvailable:   24098172 kB
Buffers:          429544 kB
Cached:         20101824 kB
SwapCached:        26004 kB
Active:         16659792 kB
Inactive:       10940632 kB
Active(anon):    1592296 kB
Inactive(anon):  5266544 kB
Active(file):   15067496 kB
Inactive(file):  5674088 kB
Unevictable:          24 kB
Mlocked:              16 kB
SwapTotal:       2097148 kB
SwapFree:            324 kB
Zswap:                 0 kB
Zswapped:              0 kB
Dirty:              1356 kB
Writeback:             0 kB
AnonPages:       7044904 kB
Mapped:          1159576 kB
Shmem:             71636 kB
KReclaimable:     646904 kB
Slab:            1008388 kB
SReclaimable:     646904 kB
SUnreclaim:       361484 kB
KernelStack:       28144 kB
PageTables:        83364 kB
SecPageTables:         0 kB
NFS_Unstable:          0 kB
Bounce:                0 kB
WritebackTmp:          0 kB
CommitLimit:    18446228 kB
Committed_AS:   23655708 kB
VmallocTotal:   34359738367 kB
VmallocUsed:      236540 kB
VmallocChunk:          0 kB
Percpu:            20160 kB
HardwareCorrupted:     0 kB
AnonHugePages:         0 kB
ShmemHugePages:        0 kB
ShmemPmdMapped:        0 kB
FileHugePages:         0 kB
FilePmdMapped:         0 kB
Unaccepted:            0 kB
HugePages_Total:       0
HugePages_Free:        0
HugePages_Rsvd:        0
HugePages_Surp:        0
Hugepagesize:       2048 kB
Hugetlb:               0 kB
DirectMap4k:    31524404 kB
DirectMap2M:     1867776 kB
DirectMap1G:     1048576 kB
",cpu  66721785 213925 12912880 4257437394 480659 0 473674 0 0 0,"3017586 (ros2_control_no) S 3017571 3017571 2912103 34817 3017571 4194304 13747 0 10 0 1198906 9392 0 0 20 0 39 0 216637404 2743566336 29203 18446744073709551615 106820472733696 106820472749549 140723865944256 0 0 0 4096 0 1098925310 0 0 0 17 16 0 0 0 0 0 106820472760512 106820472762592 106821535870976 140723865947817 140723865948053 140723865948053 140723865956287 0
"
2172310.636679505,1791283748.1262045,"(2.939453125, 3.69970703125, 4.3603515625)","Inter-|   Receive                                                |  Transmit
 face |bytes    packets errs drop fifo frame compressed multicast|bytes    packets errs drop fifo colls carrier compressed
    lo: 16334917321 21826334    0    0    0     0          0         0 16334917321 21826334    0    0    0     0       0          0
enp3s0: 101730897466 80129017    0    0    0     0          0         0 594480307 8092276    0    0    0     0       0          0
enp6s0: 62489108  544826    0  260    0     0          0     18851        0       0    0    0    0     0       0          0
wlp4s0: 9002322469 14860520    0    0    0     0          0         0 17080818392 19573642    0    0    0     0       0          0
","MemTotal:       32698160 kB
MemFree:         3179504 kB
MemAvailable:   24098172 kB
Buffers:          429544 kB
Cached:         20101824 kB
SwapCached:        26004 kB
Active:         16659852 kB
Inactive:       10940632 kB
Active(anon):    1592356 kB
Inactive(anon):  5266544 kB
Active(file):   15067496 kB
Inactive(file):  5674088 kB
Unevictable:          24 kB
Mlocked:              16 kB
SwapTotal:       2097148 kB
SwapFree:            324 kB
Zswap:                 0 kB
Zswapped:              0 kB
Dirty:              1356 kB
Writeback:             0 kB
AnonPages:       7044964 kB
Mapped:          1159576 kB
Shmem:             71636 kB
KReclaimable:     646904 kB
Slab:            1008356 kB
SReclaimable:     646904 kB
SUnreclaim:       361452 kB
KernelStack:       28144 kB
PageTables:        83364 kB
SecPageTables:         0 kB
NFS_Unstable:          0 kB
Bounce:                0 kB
WritebackTmp:          0 kB
CommitLimit:    18446228 kB
Committed_AS:   23655708 kB
VmallocTotal:   34359738367 kB
VmallocUsed:      236540 kB
VmallocChunk:          0 kB
Percpu:            20160 kB
HardwareCorrupted:     0 kB
AnonHugePages:         0 kB
ShmemHugePages:        0 kB
ShmemPmdMapped:        0 kB
FileHugePages:         0 kB
FilePmdMapped:         0 kB
Unaccepted:            0 kB
HugePages_Total:       0
HugePages_Free:        0
HugePages_Rsvd:        0
HugePages_Surp:        0
Hugepagesize:       2048 kB
Hugetlb:               0 kB
DirectMap4k:    31524404 kB
DirectMap2M:     1867776 kB
DirectMap1G:     1048576 kB
",cpu  66721837 213925 12912882 4257437742 480659 0 473674 0 0 0,"3017586 (ros2_control_no) S 3017571 3017571 2912103 34817 3017571 4194304 13747 0 10 0 1198946 9392 0 0 20 0 39 0 216637404 2743566336 29203 18446744073709551615 106820472733696 106820472749549 140723865944256 0 0 0 4096 0 1098925310 0 0 0 17 16 0 0 0 0 0 106820472760512 106820472762592 106821535870976 140723865947817 140723865948053 140723865948053 140723865956287 0
"
2172310.837861937,1791283748.3273869,"(2.939453125, 3.69970703125, 4.3603515625)","Inter-|   Receive                                                |  Transmit
 face |bytes    packets errs drop fifo frame compressed multicast|bytes    packets errs drop fifo colls carrier compressed
    lo: 16334923041 21826373    0    0    0     0          0         0 16334923041 21826373    0    0    0     0       0          0
enp3s0: 101731170942 80129232    0    0    0     0          0         0 594481810 8092299    0    0    0     0       0          0
enp6s0: 62489108  544826    0  260    0     0          0     18851        0       0    0    0    0     0       0          0
wlp4s0: 9002324359 14860537    0    0    0     0          0         0 17080823434 19573667    0    0    0     0       0          0
","MemTotal:       32698160 kB
MemFree:         3179504 kB
MemAvailable:   24098172 kB
Buffers:          429544 kB
Cached:         20101824 kB
SwapCached:        26004 kB
Active:         16659916 kB
Inactive:       10940632 kB
Active(anon):    1592420 kB
Inactive(anon):  5266544 kB
Active(file):   15067496 kB
Inactive(file):  5674088 kB
Unevictable:          24 kB
Mlocked:              16 kB
SwapTotal:       2097148 kB
SwapFree:            324 kB
Zswap:                 0 kB
Zswapped:              0 kB
Dirty:              1356 kB
Writeback:             0 kB
AnonPages:       7045032 kB
Mapped:          1159576 kB
Shmem:             71636 kB
KReclaimable:     646904 kB
Slab:            1008356 kB
SReclaimable:     646904 kB
SUnreclaim:       361452 kB
KernelStack:       28144 kB
PageTables:        83364 kB
SecPageTables:         0 kB
NFS_Unstable:          0 kB
Bounce:                0 kB
WritebackTmp:          0 kB
CommitLimit:    18446228 kB
Committed_AS:   23655708 kB
VmallocTotal:   34359738367 kB
VmallocUsed:      236540 kB
VmallocChunk:          0 kB
Percpu:            20160 kB
HardwareCorrupted:     0 kB
AnonHugePages:         0 kB
ShmemHugePages:        0 kB
ShmemPmdMapped:        0 kB
FileHugePages:         0 kB
FilePmdMapped:         0 kB
Unaccepted:            0 kB
HugePages_Total:       0
HugePages_Free:        0
HugePages_Rsvd:        0
HugePages_Surp:        0
Hugepagesize:       2048 kB
Hugetlb:               0 kB
DirectMap4k:    31524404 kB
DirectMap2M:     1867776 kB
DirectMap1G:     1048576 kB
",cpu  66721893 213925 12912886 4257438084 480659 0 473675 0 0 0,"3017586 (ros2_control_no) S 3017571 3017571 2912103 34817 3017571 4194304 13747 0 10 0 1198987 9392 0 0 20 0 39 0 216637404 2743566336 29203 18446744073709551615 106820472733696 106820472749549 140723865944256 0 0 0 4096 0 1098925310 0 0 0 17 16 0 0 0 0 0 106820472760512 106820472762592 106821535870976 140723865947817 140723865948053 140723865948053 140723865956287 0
"
2172311.039134912,1791283748.52866,"(2.939453125, 3.69970703125, 4.3603515625)","Inter-|   Receive                                                |  Transmit
 face |bytes    packets errs drop fifo frame compressed multicast|bytes    packets errs drop fifo colls carrier compressed
    lo: 16334927097 21826402    0    0    0     0          0         0 16334927097 21826402    0    0    0     0       0          0
enp3s0: 101731444637 80129441    0    0    0     0          0         0 594482842 8092315    0    0    0     0       0          0
enp6s0: 62489108  544826    0  260    0     0          0     18851        0       0    0    0    0     0       0          0
wlp4s0: 9002326320 14860555    0    0    0     0          0         0 17080827071 19573688    0    0    0     0       0          0
","MemTotal:       32698160 kB
MemFree:         3187572 kB
MemAvailable:   24106240 kB
Buffers:          429544 kB
Cached:         20101824 kB
SwapCached:        26004 kB
Active:         16659976 kB
Inactive:       10940632 kB
Active(anon):    1592480 kB
Inactive(anon):  5266544 kB
Active(file):   15067496 kB
Inactive(file):  5674088 kB
Unevictable:          24 kB
Mlocked:              16 kB
SwapTotal:       2097148 kB
SwapFree:            324 kB
Zswap:                 0 kB
Zswapped:              0 kB
Dirty:              1356 kB
Writeback:             0 kB
AnonPages:       7045100 kB
Mapped:          1159576 kB
Shmem:             71636 kB
KReclaimable:     646904 kB
Slab:            1008332 kB
SReclaimable:     646904 kB
SUnreclaim:       361428 kB
KernelStack:       28144 kB
PageTables:        83364 kB
SecPageTables:         0 kB
NFS_Unstable:          0 kB
Bounce:                0 kB
WritebackTmp:          0 kB
CommitLimit:    18446228 kB
Committed_AS:   23655708 kB
VmallocTotal:   34359738367 kB
VmallocUsed:      236540 kB
VmallocChunk:          0 kB
Percpu:            20160 kB
HardwareCorrupted:     0 kB
AnonHugePages:         0 kB
ShmemHugePages:        0 kB
ShmemPmdMapped:        0 kB
FileHugePages:         0 kB
FilePmdMapped:         0 kB
Unaccepted:            0 kB
HugePages_Total:       0
HugePages_Free:        0
HugePages_Rsvd:        0
HugePages_Surp:        0
Hugepagesize:       2048 kB
Hugetlb:               0 kB
DirectMap4k:    31524404 kB
DirectMap2M:     1867776 kB
DirectMap1G:     1048576 kB
",cpu  66721948 213925 12912890 4257438429 480659 0 473675 0 0 0,"3017586 (ros2_control_no) S 3017571 3017571 2912103 34817 3017571 4194304 13747 0 10 0 1199027 9393 0 0 20 0 39 0 216637404 2743566336 29203 18446744073709551615 106820472733696 106820472749549 140723865944256 0 0 0 4096 0 1098925310 0 0 0 17 16 0 0 0 0 0 106820472760512 106820472762592 106821535870976 140723865947817 140723865948053 140723865948053 140723865956287 0
"
2172311.240270395,1791283748.7297952,"(2.939453125, 3.69970703125, 4.3603515625)","Inter-|   Receive                                                |  Transmit
 face |bytes    packets errs drop fifo frame compressed multicast|bytes    packets errs drop fifo colls carrier compressed
    lo: 16334930725 21826427    0    0    0     0          0         0 16334930725 21826427    0    0    0     0       0          0
enp3s0: 101731719668 80129658    0    0    0     0          0         0 594484360 8092338    0    0    0     0       0          0
enp6s0: 62489108  544826    0  260    0     0          0     18851        0       0    0    0    0     0       0          0
wlp4s0: 9002328046 14860572    0    0    0     0          0         0 17080830332 19573707    0    0    0     0       0          0
","MemTotal:       32698160 kB
MemFree:         3190252 kB
MemAvailable:   24108920 kB
Buffers:          429544 kB
Cached:         20101824 kB
SwapCached:        26004 kB
Active:         16660060 kB
Inactive:       10940632 kB
Active(anon):    1592564 kB
Inactive(anon):  5266544 kB
Active(file):   15067496 kB
Inactive(file):  5674088 kB
Unevictable:          24 kB
Mlocked:              16 kB
SwapTotal:       2097148 kB
SwapFree:            324 kB
Zswap:                 0 kB
Zswapped:              0 kB
Dirty:              1356 kB
Writeback:             0 kB
AnonPages:       7045168 kB
Mapped:          1159576 kB
Shmem:             71636 kB
KReclaimable:     646904 kB
Slab:            1008300 kB
SReclaimable:     646904 kB
SUnreclaim:       361396 kB
KernelStack:       28128 kB
PageTables:        83360 kB
SecPageTables:         0 kB
NFS_Unstable:          0 kB
Bounce:                0 kB
WritebackTmp:          0 kB
CommitLimit:    18446228 kB
Committed_AS:   23653652 kB
VmallocTotal:   34359738367 kB
VmallocUsed:      236540 kB
VmallocChunk:          0 kB
Percpu:            20160 kB
HardwareCorrupted:     0 kB
AnonHugePages:         0 kB
ShmemHugePages:        0 kB
ShmemPmdMapped:        0 kB
FileHugePages:         0 kB
FilePmdMapped:         0 kB
Unaccepted:            0 kB
HugePages_Total:       0
HugePages_Free:        0
HugePages_Rsvd:        0
HugePages_Surp:        0
Hugepagesize:       2048 kB
Hugetlb:               0 kB
DirectMap4k:    31524404 kB
DirectMap2M:     1867776 kB
DirectMap1G:     1048576 kB
",cpu  66721998 213925 12912891 4257438781 480659 0 473675 0 0 0,"3017586 (ros2_control_no) S 3017571 3017571 2912103 34817 3017571 4194304 13747 0 10 0 1199068 9393 0 0 20 0 39 0 216637404 2743566336 29203 18446744073709551615 106820472733696 106820472749549 140723865944256 0 0 0 4096 0 1098925310 0 0 0 17 16 0 0 0 0 0 106820472760512 106820472762592 106821535870976 140723865947817 140723865948053 140723865948053 140723865956287 0
"
2172311.441528785,1791283748.9310539,"(2.939453125, 3.69970703125, 4.3603515625)","Inter-|   Receive                                                |  Transmit
 face |bytes    packets errs drop fifo frame compressed multicast|bytes    packets errs drop fifo colls carrier compressed
    lo: 16334938931 21826483    0    0    0     0          0         0 16334938931 21826483    0    0    0     0       0          0
enp3s0: 101731992309 80129868    0    0    0     0          0         0 594485482 8092355    0    0    0     0       0          0
enp6s0: 62489108  544826    0  260    0     0          0     18851        0       0    0    0    0     0       0          0
wlp4s0: 9002333486 14860609    0    0    0     0          0         0 17080835655 19573738    0    0    0     0       0          0
","MemTotal:       32698160 kB
MemFree:         3190252 kB
MemAvailable:   24108920 kB
Buffers:          429544 kB
Cached:         20101824 kB
SwapCached:        26004 kB
Active:         16660128 kB
Inactive:       10940632 kB
Active(anon):    1592632 kB
Inactive(anon):  5266544 kB
Active(file):   15067496 kB
Inactive(file):  5674088 kB
Unevictable:          24 kB
Mlocked:              16 kB
SwapTotal:       2097148 kB
SwapFree:            324 kB
Zswap:                 0 kB
Zswapped:              0 kB
Dirty:              1356 kB
Writeback:             0 kB
AnonPages:       7045228 kB
Mapped:          1159576 kB
Shmem:             71636 kB
KReclaimable:     646904 kB
Slab:            1008276 kB
SReclaimable:     646904 kB
SUnreclaim:       361372 kB
KernelStack:       28128 kB
PageTables:        83360 kB
SecPageTables:         0 kB
NFS_Unstable:          0 kB
Bounce:                0 kB
WritebackTmp:          0 kB
CommitLimit:    18446228 kB
Committed_AS:   23654680 kB
VmallocTotal:   34359738367 kB
VmallocUsed:      236540 kB
VmallocChunk:          0 kB
Percpu:            20160 kB
HardwareCorrupted:     0 kB
AnonHugePages:         0 kB
ShmemHugePages:        0 kB
ShmemPmdMapped:        0 kB
FileHugePages:         0 kB
FilePmdMapped:         0 kB
Unaccepted:            0 kB
HugePages_Total:       0
HugePages_Free:        0
HugePages_Rsvd:        0
HugePages_Surp:        0
Hugepagesize:       2048 kB
Hugetlb:               0 kB
DirectMap4k:    31524404 kB
DirectMap2M:     1867776 kB
DirectMap1G:     1048576 kB
",cpu  66722055 213925 12912895 4257439121 480659 0 473676 0 0 0,"3017586 (ros2_control_no) S 3017571 3017571 2912103 34817 3017571 4194304 13747 0 10 0 1199108 9393 0 0 20 0 39 0 216637404 2743566336 29203 18446744073709551615 106820472733696 106820472749549 140723865944256 0 0 0 4096 0 1098925310 0 0 0 17 16 0 0 0 0 0 106820472760512 106820472762592 106821535870976 140723865947817 140723865948053 140723865948053 140723865956287 0
"
2172311.642830103,1791283749.132355,"(2.939453125, 3.69970703125, 4.3603515625)","Inter-|   Receive                                                |  Transmit
 face |bytes    packets errs drop fifo frame compressed multicast|bytes    packets errs drop fifo colls carrier compressed
    lo: 16334946361 21826539    0    0    0     0          0         0 16334946361 21826539    0    0    0     0       0          0
enp3s0: 101732266338 80130079    0    0    0     0          0         0 594486604 8092372    0    0    0     0       0          0
enp6s0: 62489108  544826    0  260    0     0          0     18851        0       0    0    0    0     0       0          0
wlp4s0: 9002336056 14860634    0    0    0     0          0         0 17080841158 19573772    0    0    0     0       0          0
","MemTotal:       32698160 kB
MemFree:         3190252 kB
MemAvailable:   24108920 kB
Buffers:          429544 kB
Cached:         20101824 kB
SwapCached:        26004 kB
Active:         16660188 kB
Inactive:       10940632 kB
Active(anon):    1592692 kB
Inactive(anon):  5266544 kB
Active(file):   15067496 kB
Inactive(file):  5674088 kB
Unevictable:          24 kB
Mlocked:              16 kB
SwapTotal:       2097148 kB
SwapFree:            324 kB
Zswap:                 0 kB
Zswapped:              0 kB
Dirty:              1356 kB
Writeback:             0 kB
AnonPages:       7045292 kB
Mapped:          1159576 kB
Shmem:             71636 kB
KReclaimable:     646904 kB
Slab:            1008276 kB
SReclaimable:     646904 kB
SUnreclaim:       361372 kB
KernelStack:       28128 kB
PageTables:        83364 kB
SecPageTables:         0 kB
NFS_Unstable:          0 kB
Bounce:                0 kB
WritebackTmp:          0 kB
CommitLimit:    18446228 kB
Committed_AS:   23654680 kB
VmallocTotal:   34359738367 kB
VmallocUsed:      236540 kB
VmallocChunk:          0 kB
Percpu:            20160 kB
HardwareCorrupted:     0 kB
AnonHugePages:         0 kB
ShmemHugePages:        0 kB
ShmemPmdMapped:        0 kB
FileHugePages:         0 kB
FilePmdMapped:         0 kB
Unaccepted:            0 kB
HugePages_Total:       0
HugePages_Free:        0
HugePages_Rsvd:        0
HugePages_Surp:        0
Hugepagesize:       2048 kB
Hugetlb:               0 kB
DirectMap4k:    31524404 kB
DirectMap2M:     1867776 kB
DirectMap1G:     1048576 kB
",cpu  66722115 213925 12912899 4257439459 480659 0 473676 0 0 0,"3017586 (ros2_control_no) S 3017571 3017571 2912103 34817 3017571 4194304 13747 0 10 0 1199149 9393 0 0 20 0 39 0 216637404 2743566336 29203 18446744073709551615 106820472733696 106820472749549 140723865944256 0 0 0 4096 0 1098925310 0 0 0 17 16 0 0 0 0 0 106820472760512 106820472762592 106821535870976 140723865947817 140723865948053 140723865948053 140723865956287 0
"
2172311.844104869,1791283749.3336298,"(2.939453125, 3.69970703125, 4.3603515625)","Inter-|   Receive                                                |  Transmit
 face |bytes    packets errs drop fifo frame compressed multicast|bytes    packets errs drop fifo colls carrier compressed
    lo: 16334955521 21826587    0    0    0     0          0         0 16334955521 21826587    0    0    0     0       0          0
enp3s0: 101732540701 80130292    0    0    0     0          0         0 594488665 8092394    0    0    0     0       0          0
enp6s0: 62489108  544826    0  260    0     0          0     18851        0       0    0    0    0     0       0          0
wlp4s0: 9002340343 14860666    0    0    0     0          0         0 17080850538 19573815    0    0    0     0       0          0
","MemTotal:       32698160 kB
MemFree:         3190252 kB
MemAvailable:   24108920 kB
Buffers:          429544 kB
Cached:         20101824 kB
SwapCached:        26004 kB
Active:         16660248 kB
Inactive:       10940632 kB
Active(anon):    1592752 kB
Inactive(anon):  5266544 kB
Active(file):   15067496 kB
Inactive(file):  5674088 kB
Unevictable:          24 kB
Mlocked:              16 kB
SwapTotal:       2097148 kB
SwapFree:            324 kB
Zswap:                 0 kB
Zswapped:              0 kB
Dirty:              1356 kB
Writeback:             0 kB
AnonPages:       7045364 kB
Mapped:          1159576 kB
Shmem:             71636 kB
KReclaimable:     646904 kB
Slab:            1008276 kB
SReclaimable:     646904 kB
SUnreclaim:       361372 kB
KernelStack:       28128 kB
PageTables:        83364 kB
SecPageTables:         0 kB
NFS_Unstable:          0 kB
Bounce:                0 kB
WritebackTmp:          0 kB
CommitLimit:    18446228 kB
Committed_AS:   23654680 kB
VmallocTotal:   34359738367 kB
VmallocUsed:      236540 kB
VmallocChunk:          0 kB
Percpu:            20160 kB
HardwareCorrupted:     0 kB
AnonHugePages:         0 kB
ShmemHugePages:        0 kB
ShmemPmdMapped:        0 kB
FileHugePages:         0 kB
FilePmdMapped:         0 kB
Unaccepted:            0 kB
HugePages_Total:       0
HugePages_Free:        0
HugePages_Rsvd:        0
HugePages_Surp:        0
Hugepagesize:       2048 kB
Hugetlb:               0 kB
DirectMap4k:    31524404 kB
DirectMap2M:     1867776 kB
DirectMap1G:     1048576 kB
",cpu  66722170 213925 12912904 4257439799 480659 0 473677 0 0 0,"3017586 (ros2_control_no) S 3017571 3017571 2912103 34817 3017571 4194304 13747 0 10 0 1199189 9394 0 0 20 0 39 0 216637404 2743566336 29203 18446744073709551615 106820472733696 106820472749549 140723865944256 0 0 0 4096 0 1098925310 0 0 0 17 16 0 0 0 0 0 106820472760512 106820472762592 106821535870976 140723865947817 140723865948053 140723865948053 140723865956287 0
"
2172312.045985271,1791283749.5355103,"(2.939453125, 3.69970703125, 4.3603515625)","Inter-|   Receive                                                |  Transmit
 face |bytes    packets errs drop fifo frame compressed multicast|bytes    packets errs drop fifo colls carrier compressed
    lo: 16335102969 21827524    0    0    0     0          0         0 16335102969 21827524    0    0    0     0       0          0
enp3s0: 101732815064 80130505    0    0    0     0          0         0 594489961 8092414    0    0    0     0       0          0
enp6s0: 62489108  544826    0  260    0     0          0     18851        0       0    0    0    0     0       0          0
wlp4s0: 9002353392 14860769    0    0    0     0          0         0 17080912474 19574326    0    0    0     0       0          0
","MemTotal:       32698160 kB
MemFree:         3190504 kB
MemAvailable:   24109172 kB
Buffers:          429544 kB
Cached:         20101824 kB
SwapCached:        26004 kB
Active:         16660900 kB
Inactive:       10940632 kB
Active(anon):    1593404 kB
Inactive(anon):  5266544 kB
Active(file):   15067496 kB
Inactive(file):  5674088 kB
Unevictable:          24 kB
Mlocked:              16 kB
SwapTotal:       2097148 kB
SwapFree:            324 kB
Zswap:                 0 kB
Zswapped:              0 kB
Dirty:              1356 kB
Writeback:             0 kB
AnonPages:       7046052 kB
Mapped:          1159576 kB
Shmem:             71636 kB
KReclaimable:     646904 kB
Slab:            1008284 kB
SReclaimable:     646904 kB
SUnreclaim:       361380 kB
KernelStack:       28128 kB
PageTables:        83364 kB
SecPageTables:         0 kB
NFS_Unstable:          0 kB
Bounce:                0 kB
WritebackTmp:          0 kB
CommitLimit:    18446228 kB
Committed_AS:   23654680 kB
VmallocTotal:   34359738367 kB
VmallocUsed:      236540 kB
VmallocChunk:          0 kB
Percpu:            20160 kB
HardwareCorrupted:     0 kB
AnonHugePages:         0 kB
ShmemHugePages:        0 kB
ShmemPmdMapped:        0 kB
FileHugePages:         0 kB
FilePmdMapped:         0 kB
Unaccepted:            0 kB
HugePages_Total:       0
HugePages_Free:        0
HugePages_Rsvd:        0
HugePages_Surp:        0
Hugepagesize:       2048 kB
Hugetlb:               0 kB
DirectMap4k:    31524404 kB
DirectMap2M:     1867776 kB
DirectMap1G:     1048576 kB
",cpu  66722229 213925 12912909 4257440137 480659 0 473677 0 0 0,"3017586 (ros2_control_no) S 3017571 3017571 2912103 34817 3017571 4194304 13748 0 10 0 1199230 9394 0 0 20 0 39 0 216637404 2744119296 29203 18446744073709551615 106820472733696 106820472749549 140723865944256 0 0 0 4096 0 1098925310 0 0 0 17 16 0 0 0 0 0 106820472760512 106820472762592 106821535870976 140723865947817 140723865948053 140723865948053 140723865956287 0
"
2172312.247590814,1791283749.7371159,"(2.939453125, 3.69970703125, 4.3603515625)","Inter-|   Receive                                                |  Transmit
 face |bytes    packets errs drop fifo frame compressed multicast|bytes    packets errs drop fifo colls carrier compressed
    lo: 16335113238 21827574    0    0    0     0          0         0 16335113238 21827574    0    0    0     0       0          0
enp3s0: 101733090481 80130717    0    0    0     0          0         0 594491839 8092433    0    0    0     0       0          0
enp6s0: 62489108  544826    0  260    0     0          0     18851        0       0    0    0    0     0       0          0
wlp4s0: 9002356985 14860799    0    0    0     0          0         0 17080922911 19574369    0    0    0     0       0          0
","MemTotal:       32698160 kB
MemFree:         3192136 kB
MemAvailable:   24110804 kB
Buffers:          429544 kB
Cached:         20101824 kB
SwapCached:        26004 kB
Active:         16660960 kB
Inactive:       10940632 kB
Active(anon):    1593464 kB
Inactive(anon):  5266544 kB
Active(file):   15067496 kB
Inactive(file):  5674088 kB
Unevictable:          24 kB
Mlocked:              16 kB
SwapTotal:       2097148 kB
SwapFree:            324 kB
Zswap:                 0 kB
Zswapped:              0 kB
Dirty:              1356 kB
Writeback:             0 kB
AnonPages:       7046116 kB
Mapped:          1159576 kB
Shmem:             71636 kB
KReclaimable:     646904 kB
Slab:            1008256 kB
SReclaimable:     646904 kB
SUnreclaim:       361352 kB
KernelStack:       28128 kB
PageTables:        83364 kB
SecPageTables:         0 kB
NFS_Unstable:          0 kB
Bounce:                0 kB
WritebackTmp:          0 kB
CommitLimit:    18446228 kB
Committed_AS:   23654680 kB
VmallocTotal:   34359738367 kB
VmallocUsed:      236540 kB
VmallocChunk:          0 kB
Percpu:            20160 kB
HardwareCorrupted:     0 kB
AnonHugePages:         0 kB
ShmemHugePages:        0 kB
ShmemPmdMapped:        0 kB
FileHugePages:         0 kB
FilePmdMapped:         0 kB
Unaccepted:            0 kB
HugePages_Total:       0
HugePages_Free:        0
HugePages_Rsvd:        0
HugePages_Surp:        0
Hugepagesize:       2048 kB
Hugetlb:               0 kB
DirectMap4k:    31524404 kB
DirectMap2M:     1867776 kB
DirectMap1G:     1048576 kB
",cpu  66722292 213925 12912916 4257440467 480659 0 473677 0 0 0,"3017586 (ros2_control_no) S 3017571 3017571 2912103 34817 3017571 4194304 13748 0 10 0 1199271 9394 0 0 20 0 39 0 216637404 2744119296 29203 18446744073709551615 106820472733696 106820472749549 140723865944256 0 0 0 4096 0 1098925310 0 0 0 17 16 0 0 0 0 0 106820472760512 106820472762592 106821535870976 140723865947817 140723865948053 140723865948053 140723865956287 0
"
2172312.449138162,1791283749.9386632,"(2.939453125, 3.69970703125, 4.3603515625)","Inter-|   Receive                                                |  Transmit
 face |bytes    packets errs drop fifo frame compressed multicast|bytes    packets errs drop fifo colls carrier compressed
    lo: 16335126337 21827646    0    0    0     0          0         0 16335126337 21827646    0    0    0     0       0          0
enp3s0: 101733364677 80130929    0    0    0     0          0         0 594493027 8092451    0    0    0     0       0          0
enp6s0: 62489108  544826    0  260    0     0          0     18851        0       0    0    0    0     0       0          0
wlp4s0: 9002360298 14860828    0    0    0     0          0         0 17080931849 19574402    0    0    0     0       0          0
","MemTotal:       32698160 kB
MemFree:         3191888 kB
MemAvailable:   24110556 kB
Buffers:          429544 kB
Cached:         20101824 kB
SwapCached:        26004 kB
Active:         16661020 kB
Inactive:       10940632 kB
Active(anon):    1593524 kB
Inactive(anon):  5266544 kB
Active(file):   15067496 kB
Inactive(file):  5674088 kB
Unevictable:          24 kB
Mlocked:              16 kB
SwapTotal:       2097148 kB
SwapFree:            324 kB
Zswap:                 0 kB
Zswapped:              0 kB
Dirty:              1356 kB
Writeback:             0 kB
AnonPages:       7046180 kB
Mapped:          1159576 kB
Shmem:             71636 kB
KReclaimable:     646904 kB
Slab:            1008264 kB
SReclaimable:     646904 kB
SUnreclaim:       361360 kB
KernelStack:       28128 kB
PageTables:        83364 kB
SecPageTables:         0 kB
NFS_Unstable:          0 kB
Bounce:                0 kB
WritebackTmp:          0 kB
CommitLimit:    18446228 kB
Committed_AS:   23654680 kB
VmallocTotal:   34359738367 kB
VmallocUsed:      236540 kB
VmallocChunk:          0 kB
Percpu:            20160 kB
HardwareCorrupted:     0 kB
AnonHugePages:         0 kB
ShmemHugePages:        0 kB
ShmemPmdMapped:        0 kB
FileHugePages:         0 kB
FilePmdMapped:         0 kB
Unaccepted:            0 kB
HugePages_Total:       0
HugePages_Free:        0
HugePages_Rsvd:        0
HugePages_Surp:        0
Hugepagesize:       2048 kB
Hugetlb:               0 kB
DirectMap4k:    31524404 kB
DirectMap2M:     1867776 kB
DirectMap1G:     1048576 kB
",cpu  66722353 213925 12912921 4257440801 480659 0 473678 0 0 0,"3017586 (ros2_control_no) S 3017571 3017571 2912103 34817 3017571 4194304 13748 0 10 0 1199311 9395 0 0 20 0 39 0 216637404 2744119296 29203 18446744073709551615 106820472733696 106820472749549 140723865944256 0 0 0 4096 0 1098925310 0 0 0 17 16 0 0 0 0 0 106820472760512 106820472762592 106821535870976 140723865947817 140723865948053 140723865948053 140723865956287 0
"
2172312.650799181,1791283750.140324,"(2.939453125, 3.69970703125, 4.3603515625)","Inter-|   Receive                                                |  Transmit
 face |bytes    packets errs drop fifo frame compressed multicast|bytes    packets errs drop fifo colls carrier compressed
    lo: 16335146578 21827715    0    0    0     0          0         0 16335146578 21827715    0    0    0     0       0          0
enp3s0: 101733640428 80131143    0    0    0     0          0         0 594494281 8092470    0    0    0     0       0          0
enp6s0: 62489108  544826    0  260    0     0          0     18851        0       0    0    0    0     0       0          0
wlp4s0: 9002364205 14860866    0    0    0     0          0         0 17080950400 19574453    0    0    0     0       0          0
","MemTotal:       32698160 kB
MemFree:         3191888 kB
MemAvailable:   24110556 kB
Buffers:          429544 kB
Cached:         20101824 kB
SwapCached:        26004 kB
Active:         16661128 kB
Inactive:       10940632 kB
Active(anon):    1593632 kB
Inactive(anon):  5266544 kB
Active(file):   15067496 kB
Inactive(file):  5674088 kB
Unevictable:          24 kB
Mlocked:              16 kB
SwapTotal:       2097148 kB
SwapFree:            324 kB
Zswap:                 0 kB
Zswapped:              0 kB
Dirty:              1356 kB
Writeback:             0 kB
AnonPages:       7046236 kB
Mapped:          1159576 kB
Shmem:             71636 kB
KReclaimable:     646904 kB
Slab:            1008264 kB
SReclaimable:     646904 kB
SUnreclaim:       361360 kB
KernelStack:       28128 kB
PageTables:        83364 kB
SecPageTables:         0 kB
NFS_Unstable:          0 kB
Bounce:                0 kB
WritebackTmp:          0 kB
CommitLimit:    18446228 kB
Committed_AS:   23654680 kB
VmallocTotal:   34359738367 kB
VmallocUsed:      236540 kB
VmallocChunk:          0 kB
Percpu:            20160 kB
HardwareCorrupted:     0 kB
AnonHugePages:         0 kB
ShmemHugePages:        0 kB
ShmemPmdMapped:        0 kB
FileHugePages:         0 kB
FilePmdMapped:         0 kB
Unaccepted:            0 kB
HugePages_Total:       0
HugePages_Free:        0
HugePages_Rsvd:        0
HugePages_Surp:        0
Hugepagesize:       2048 kB
Hugetlb:               0 kB
DirectMap4k:    31524404 kB
DirectMap2M:     1867776 kB
DirectMap1G:     1048576 kB
",cpu  66722417 213925 12912924 4257441137 480659 0 473678 0 0 0,"3017586 (ros2_control_no) S 3017571 3017571 2912103 34817 3017571 4194304 13748 0 10 0 1199352 9395 0 0 20 0 39 0 216637404 2744119296 29203 18446744073709551615 106820472733696 106820472749549 140723865944256 0 0 0 4096 0 1098925310 0 0 0 17 16 0 0 0 0 0 106820472760512 106820472762592 106821535870976 140723865947817 140723865948053 140723865948053 140723865956287 0
"
2172312.853388727,1791283750.3429139,"(2.939453125, 3.69970703125, 4.3603515625)","Inter-|   Receive                                                |  Transmit
 face |bytes    packets errs drop fifo frame compressed multicast|bytes    packets errs drop fifo colls carrier compressed
    lo: 16335161667 21827775    0    0    0     0          0         0 16335161667 21827775    0    0    0     0       0          0
enp3s0: 101733915292 80131359    0    0    0     0          0         0 594495784 8092493    0    0    0     0       0          0
enp6s0: 62489108  544826    0  260    0     0          0     18851        0       0    0    0    0     0       0          0
wlp4s0: 9002369550 14860903    0    0    0     0          0         0 17080964374 19574494    0    0    0     0       0          0
","MemTotal:       32698160 kB
MemFree:         3191384 kB
MemAvailable:   24110052 kB
Buffers:          429544 kB
Cached:         20101824 kB
SwapCached:        26004 kB
Active:         16661188 kB
Inactive:       10940632 kB
Active(anon):    1593692 kB
Inactive(anon):  5266544 kB
Active(file):   15067496 kB
Inactive(file):  5674088 kB
Unevictable:          24 kB
Mlocked:              16 kB
SwapTotal:       2097148 kB
SwapFree:            324 kB
Zswap:                 0 kB
Zswapped:              0 kB
Dirty:              1356 kB
Writeback:             0 kB
AnonPages:       7046304 kB
Mapped:          1159576 kB
Shmem:             71636 kB
KReclaimable:     646904 kB
Slab:            1008264 kB
SReclaimable:     646904 kB
SUnreclaim:       361360 kB
KernelStack:       28128 kB
PageTables:        83364 kB
SecPageTables:         0 kB
NFS_Unstable:          0 kB
Bounce:                0 kB
WritebackTmp:          0 kB
CommitLimit:    18446228 kB
Committed_AS:   23654680 kB
VmallocTotal:   34359738367 kB
VmallocUsed:      236540 kB
VmallocChunk:          0 kB
Percpu:            20160 kB
HardwareCorrupted:     0 kB
AnonHugePages:         0 kB
ShmemHugePages:        0 kB
ShmemPmdMapped:        0 kB
FileHugePages:         0 kB
FilePmdMapped:         0 kB
Unaccepted:            0 kB
HugePages_Total:       0
HugePages_Free:        0
HugePages_Rsvd:        0
HugePages_Surp:        0
Hugepagesize:       2048 kB
Hugetlb:               0 kB
DirectMap4k:    31524404 kB
DirectMap2M:     1867776 kB
DirectMap1G:     1048576 kB
",cpu  66722488 213925 12912928 4257441465 480659 0 473678 0 0 0,"3017586 (ros2_control_no) S 3017571 3017571 2912103 34817 3017571 4194304 13748 0 10 0 1199393 9395 0 0 20 0 39 0 216637404 2744119296 29203 18446744073709551615 106820472733696 106820472749549 140723865944256 0 0 0 4096 0 1098925310 0 0 0 17 16 0 0 0 0 0 106820472760512 106820472762592 106821535870976 140723865947817 140723865948053 140723865948053 140723865956287 0
"
2172313.054768099,1791283750.5442932,"(2.939453125, 3.69970703125, 4.3603515625)","Inter-|   Receive                                                |  Transmit
 face |bytes    packets errs drop fifo frame compressed multicast|bytes    packets errs drop fifo colls carrier compressed
    lo: 16335168984 21827818    0    0    0     0          0         0 16335168984 21827818    0    0    0     0       0          0
enp3s0: 101734189655 80131572    0    0    0     0          0         0 594497080 8092513    0    0    0     0       0          0
enp6s0: 62489108  544826    0  260    0     0          0     18851        0       0    0    0    0     0       0          0
wlp4s0: 9002372091 14860922    0    0    0     0          0         0 17080970841 19574522    0    0    0     0       0          0
","MemTotal:       32698160 kB
MemFree:         3191648 kB
MemAvailable:   24110320 kB
Buffers:          429544 kB
Cached:         20101824 kB
SwapCached:        26004 kB
Active:         16661216 kB
Inactive:       10940636 kB
Active(anon):    1593720 kB
Inactive(anon):  5266544 kB
Active(file):   15067496 kB
Inactive(file):  5674092 kB
Unevictable:          24 kB
Mlocked:              16 kB
SwapTotal:       2097148 kB
SwapFree:            324 kB
Zswap:                 0 kB
Zswapped:              0 kB
Dirty:              1076 kB
Writeback:             0 kB
AnonPages:       7046304 kB
Mapped:          1159576 kB
Shmem:             71636 kB
KReclaimable:     646904 kB
Slab:            1008256 kB
SReclaimable:     646904 kB
SUnreclaim:       361352 kB
KernelStack:       28128 kB
PageTables:        83364 kB
SecPageTables:         0 kB
NFS_Unstable:          0 kB
Bounce:                0 kB
WritebackTmp:          0 kB
CommitLimit:    18446228 kB
Committed_AS:   23654680 kB
VmallocTotal:   34359738367 kB
VmallocUsed:      236540 kB
VmallocChunk:          0 kB
Percpu:            20160 kB
HardwareCorrupted:     0 kB
AnonHugePages:         0 kB
ShmemHugePages:        0 kB
ShmemPmdMapped:        0 kB
FileHugePages:         0 kB
FilePmdMapped:         0 kB
Unaccepted:            0 kB
HugePages_Total:       0
HugePages_Free:        0
HugePages_Rsvd:        0
HugePages_Surp:        0
Hugepagesize:       2048 kB
Hugetlb:               0 kB
DirectMap4k:    31524404 kB
DirectMap2M:     1867776 kB
DirectMap1G:     1048576 kB
",cpu  66722545 213925 12912931 4257441802 480660 0 473678 0 0 0,"3017586 (ros2_control_no) S 3017571 3017571 2912103 34817 3017571 4194304 13748 0 10 0 1199434 9395 0 0 20 0 39 0 216637404 2744119296 29203 18446744073709551615 106820472733696 106820472749549 140723865944256 0 0 0 4096 0 1098925310 0 0 0 17 16 0 0 0 0 0 106820472760512 106820472762592 106821535870976 140723865947817 140723865948053 140723865948053 140723865956287 0
"
2172313.2561734,1791283750.7456982,"(2.939453125, 3.69970703125, 4.3603515625)","Inter-|   Receive                                                |  Transmit
 face |bytes    packets errs drop fifo frame compressed multicast|bytes    packets errs drop fifo colls carrier compressed
    lo: 16335372707 21827891    0    0    0     0          0         0 16335372707 21827891    0    0    0     0       0          0
enp3s0: 101734463851 80131784    0    0    0     0          0         0 594498268 8092531    0    0    0     0       0          0
enp6s0: 62489108  544826    0  260    0     0          0     18851        0       0    0    0    0     0       0          0
wlp4s0: 9002405419 14861007    0    0    0     0          0         0 17081180235 19574580    0    0    0     0       0          0
","MemTotal:       32698160 kB
MemFree:         3189224 kB
MemAvailable:   24107912 kB
Buffers:          429580 kB
Cached:         20101840 kB
SwapCached:        26004 kB
Active:         16666432 kB
Inactive:       10940604 kB
Active(anon):    1598936 kB
Inactive(anon):  5266496 kB
Active(file):   15067496 kB
Inactive(file):  5674108 kB
Unevictable:          24 kB
Mlocked:              16 kB
SwapTotal:       2097148 kB
SwapFree:            324 kB
Zswap:                 0 kB
Zswapped:              0 kB
Dirty:              1324 kB
Writeback:             0 kB
AnonPages:       7051400 kB
Mapped:          1159576 kB
Shmem:             71636 kB
KReclaimable:     646904 kB
Slab:            1008252 kB
SReclaimable:     646904 kB
SUnreclaim:       361348 kB
KernelStack:       28208 kB
PageTables:        83380 kB
SecPageTables:         0 kB
NFS_Unstable:          0 kB
Bounce:                0 kB
WritebackTmp:          0 kB
CommitLimit:    18446228 kB
Committed_AS:   23659736 kB
VmallocTotal:   34359738367 kB
VmallocUsed:      236684 kB
VmallocChunk:          0 kB
Percpu:            20160 kB
HardwareCorrupted:     0 kB
AnonHugePages:         0 kB
ShmemHugePages:        0 kB
ShmemPmdMapped:        0 kB
FileHugePages:         0 kB
FilePmdMapped:         0 kB
Unaccepted:            0 kB
HugePages_Total:       0
HugePages_Free:        0
HugePages_Rsvd:        0
HugePages_Surp:        0
Hugepagesize:       2048 kB
Hugetlb:               0 kB
DirectMap4k:    31524404 kB
DirectMap2M:     1867776 kB
DirectMap1G:     1048576 kB
",cpu  66722611 213926 12912938 4257442129 480660 0 473679 0 0 0,"3017586 (ros2_control_no) S 3017571 3017571 2912103 34817 3017571 4194304 13748 0 10 0 1199474 9395 0 0 20 0 39 0 216637404 2744119296 29203 18446744073709551615 106820472733696 106820472749549 140723865944256 0 0 0 4096 0 1098925310 0 0 0 17 16 0 0 0 0 0 106820472760512 106820472762592 106821535870976 140723865947817 140723865948053 140723865948053 140723865956287 0
"
2172313.457527777,1791283750.9470527,"(2.939453125, 3.69970703125, 4.3603515625)","Inter-|   Receive                                                |  Transmit
 face |bytes    packets errs drop fifo frame compressed multicast|bytes    packets errs drop fifo colls carrier compressed
    lo: 16335379166 21827935    0    0    0     0          0         0 16335379166 21827935    0    0    0     0       0          0
enp3s0: 101734738047 80131996    0    0    0     0          0         0 594499456 8092549    0    0    0     0       0          0
enp6s0: 62489108  544826    0  260    0     0          0     18851        0       0    0    0    0     0       0          0
wlp4s0: 9002408624 14861024    0    0    0     0          0         0 17081184421 19574604    0    0    0     0       0          0
","MemTotal:       32698160 kB
MemFree:         3188972 kB
MemAvailable:   24107660 kB
Buffers:          429580 kB
Cached:         20101840 kB
SwapCached:        26004 kB
Active:         16664968 kB
Inactive:       10940604 kB
Active(anon):    1597472 kB
Inactive(anon):  5266496 kB
Active(file):   15067496 kB
Inactive(file):  5674108 kB
Unevictable:          24 kB
Mlocked:              16 kB
SwapTotal:       2097148 kB
SwapFree:            324 kB
Zswap:                 0 kB
Zswapped:              0 kB
Dirty:              1324 kB
Writeback:             0 kB
AnonPages:       7049976 kB
Mapped:          1159576 kB
Shmem:             71636 kB
KReclaimable:     646904 kB
Slab:            1008268 kB
SReclaimable:     646904 kB
SUnreclaim:       361364 kB
KernelStack:       28208 kB
PageTables:        83380 kB
SecPageTables:         0 kB
NFS_Unstable:          0 kB
Bounce:                0 kB
WritebackTmp:          0 kB
CommitLimit:    18446228 kB
Committed_AS:   23659744 kB
VmallocTotal:   34359738367 kB
VmallocUsed:      236684 kB
VmallocChunk:          0 kB
Percpu:            20160 kB
HardwareCorrupted:     0 kB
AnonHugePages:         0 kB
ShmemHugePages:        0 kB
ShmemPmdMapped:        0 kB
FileHugePages:         0 kB
FilePmdMapped:         0 kB
Unaccepted:            0 kB
HugePages_Total:       0
HugePages_Free:        0
HugePages_Rsvd:        0
HugePages_Surp:        0
Hugepagesize:       2048 kB
Hugetlb:               0 kB
DirectMap4k:    31524404 kB
DirectMap2M:     1867776 kB
DirectMap1G:     1048576 kB
",cpu  66722666 213926 12912941 4257442468 480660 0 473679 0 0 0,"3017586 (ros2_control_no) S 3017571 3017571 2912103 34817 3017571 4194304 13748 0 10 0 1199515 9395 0 0 20 0 39 0 216637404 2744119296 29203 18446744073709551615 106820472733696 106820472749549 140723865944256 0 0 0 4096 0 1098925310 0 0 0 17 16 0 0 0 0 0 106820472760512 106820472762592 106821535870976 140723865947817 140723865948053 140723865948053 140723865956287 0
"
2172313.658888342,1791283751.1484134,"(2.939453125, 3.69970703125, 4.3603515625)","Inter-|   Receive                                                |  Transmit
 face |bytes    packets errs drop fifo frame compressed multicast|bytes    packets errs drop fifo colls carrier compressed
    lo: 16335386538 21827990    0    0    0     0          0         0 16335386538 21827990    0    0    0     0       0          0
enp3s0: 101735011408 80132203    0    0    0     0          0         0 594500314 8092562    0    0    0     0       0          0
enp6s0: 62489108  544826    0  260    0     0          0     18851        0       0    0    0    0     0       0          0
wlp4s0: 9002410023 14861038    0    0    0     0          0         0 17081189110 19574629    0    0    0     0       0          0
","MemTotal:       32698160 kB
MemFree:         3188972 kB
MemAvailable:   24107660 kB
Buffers:          429580 kB
Cached:         20101840 kB
SwapCached:        26004 kB
Active:         16665028 kB
Inactive:       10940604 kB
Active(anon):    1597532 kB
Inactive(anon):  5266496 kB
Active(file):   15067496 kB
Inactive(file):  5674108 kB
Unevictable:          24 kB
Mlocked:              16 kB
SwapTotal:       2097148 kB
SwapFree:            324 kB
Zswap:                 0 kB
Zswapped:              0 kB
Dirty:              1324 kB
Writeback:             0 kB
AnonPages:       7050044 kB
Mapped:          1159576 kB
Shmem:             71636 kB
KReclaimable:     646904 kB
Slab:            1008268 kB
SReclaimable:     646904 kB
SUnreclaim:       361364 kB
KernelStack:       28208 kB
PageTables:        83380 kB
SecPageTables:         0 kB
NFS_Unstable:          0 kB
Bounce:                0 kB
WritebackTmp:          0 kB
CommitLimit:    18446228 kB
Committed_AS:   23659744 kB
VmallocTotal:   34359738367 kB
VmallocUsed:      236684 kB
VmallocChunk:          0 kB
Percpu:            20160 kB
HardwareCorrupted:     0 kB
AnonHugePages:         0 kB
ShmemHugePages:        0 kB
ShmemPmdMapped:        0 kB
FileHugePages:         0 kB
FilePmdMapped:         0 kB
Unaccepted:            0 kB
HugePages_Total:       0
HugePages_Free:        0
HugePages_Rsvd:        0
HugePages_Surp:        0
Hugepagesize:       2048 kB
Hugetlb:               0 kB
DirectMap4k:    31524404 kB
DirectMap2M:     1867776 kB
DirectMap1G:     1048576 kB
",cpu  66722721 213926 12912943 4257442809 480660 0 473679 0 0 0,"3017586 (ros2_control_no) S 3017571 3017571 2912103 34817 3017571 4194304 13748 0 10 0 1199556 9396 0 0 20 0 39 0 216637404 2744119296 29203 18446744073709551615 106820472733696 106820472749549 140723865944256 0 0 0 4096 0 1098925310 0 0 0 17 16 0 0 0 0 0 106820472760512 106820472762592 106821535870976 140723865947817 140723865948053 140723865948053 140723865956287 0
"
2172313.860413713,1791283751.3499386,"(2.939453125, 3.69970703125, 4.3603515625)","Inter-|   Receive                                                |  Transmit
 face |bytes    packets errs drop fifo frame compressed multicast|bytes    packets errs drop fifo colls carrier compressed
    lo: 16335392709 21828031    0    0    0     0          0         0 16335392709 21828031    0    0    0     0       0          0
enp3s0: 101735284884 80132418    0    0    0     0          0         0 594501817 8092585    0    0    0     0       0          0
enp6s0: 62489108  544826    0  260    0     0          0     18851        0       0    0    0    0     0       0          0
wlp4s0: 9002411591 14861053    0    0    0     0          0         0 17081193665 19574646    0    0    0     0       0          0
","MemTotal:       32698160 kB
MemFree:         3188972 kB
MemAvailable:   24107660 kB
Buffers:          429580 kB
Cached:         20101840 kB
SwapCached:        26004 kB
Active:         16665088 kB
Inactive:       10940604 kB
Active(anon):    1597592 kB
Inactive(anon):  5266496 kB
Active(file):   15067496 kB
Inactive(file):  5674108 kB
Unevictable:          24 kB
Mlocked:              16 kB
SwapTotal:       2097148 kB
SwapFree:            324 kB
Zswap:                 0 kB
Zswapped:              0 kB
Dirty:              1324 kB
Writeback:             0 kB
AnonPages:       7050104 kB
Mapped:          1159576 kB
Shmem:             71636 kB
KReclaimable:     646904 kB
Slab:            1008268 kB
SReclaimable:     646904 kB
SUnreclaim:       361364 kB
KernelStack:       28208 kB
PageTables:        83380 kB
SecPageTables:         0 kB
NFS_Unstable:          0 kB
Bounce:                0 kB
WritebackTmp:          0 kB
CommitLimit:    18446228 kB
Committed_AS:   23659744 kB
VmallocTotal:   34359738367 kB
VmallocUsed:      236684 kB
VmallocChunk:          0 kB
Percpu:            20160 kB
HardwareCorrupted:     0 kB
AnonHugePages:         0 kB
ShmemHugePages:        0 kB
ShmemPmdMapped:        0 kB
FileHugePages:         0 kB
FilePmdMapped:         0 kB
Unaccepted:            0 kB
HugePages_Total:       0
HugePages_Free:        0
HugePages_Rsvd:        0
HugePages_Surp:        0
Hugepagesize:       2048 kB
Hugetlb:               0 kB
DirectMap4k:    31524404 kB
DirectMap2M:     1867776 kB
DirectMap1G:     1048576 kB
",cpu  66722779 213926 12912947 4257443151 480660 0 473679 0 0 0,"3017586 (ros2_control_no) S 3017571 3017571 2912103 34817 3017571 4194304 13748 0 10 0 1199597 9396 0 0 20 0 39 0 216637404 2744119296 29203 18446744073709551615 106820472733696 106820472749549 140723865944256 0 0 0 4096 0 1098925310 0 0 0 17 16 0 0 0 0 0 106820472760512 106820472762592 106821535870976 140723865947817 140723865948053 140723865948053 140723865956287 0
"
2172314.06237884,1791283751.5519037,"(2.939453125, 3.69970703125, 4.3603515625)","Inter-|   Receive                                                |  Transmit
 face |bytes    packets errs drop fifo frame compressed multicast|bytes    packets errs drop fifo colls carrier compressed
    lo: 16335398287 21828071    0    0    0     0          0         0 16335398287 21828071    0    0    0     0       0          0
enp3s0: 101735560635 80132632    0    0    0     0          0         0 594503113 8092605    0    0    0     0       0          0
enp6s0: 62489108  544826    0  260    0     0          0     18851        0       0    0    0    0     0       0          0
wlp4s0: 9002412764 14861066    0    0    0     0          0         0 17081197805 19574664    0    0    0     0       0          0
","MemTotal:       32698160 kB
MemFree:         3188972 kB
MemAvailable:   24107660 kB
Buffers:          429580 kB
Cached:         20101840 kB
SwapCached:        26004 kB
Active:         16665148 kB
Inactive:       10940604 kB
Active(anon):    1597652 kB
Inactive(anon):  5266496 kB
Active(file):   15067496 kB
Inactive(file):  5674108 kB
Unevictable:          24 kB
Mlocked:              16 kB
SwapTotal:       2097148 kB
SwapFree:            324 kB
Zswap:                 0 kB
Zswapped:              0 kB
Dirty:              1324 kB
Writeback:             0 kB
AnonPages:       7050164 kB
Mapped:          1159576 kB
Shmem:             71636 kB
KReclaimable:     646904 kB
Slab:            1008268 kB
SReclaimable:     646904 kB
SUnreclaim:       361364 kB
KernelStack:       28208 kB
PageTables:        83380 kB
SecPageTables:         0 kB
NFS_Unstable:          0 kB
Bounce:                0 kB
WritebackTmp:          0 kB
CommitLimit:    18446228 kB
Committed_AS:   23659744 kB
VmallocTotal:   34359738367 kB
VmallocUsed:      236684 kB
VmallocChunk:          0 kB
Percpu:            20160 kB
HardwareCorrupted:     0 kB
AnonHugePages:         0 kB
ShmemHugePages:        0 kB
ShmemPmdMapped:        0 kB
FileHugePages:         0 kB
FilePmdMapped:         0 kB
Unaccepted:            0 kB
HugePages_Total:       0
HugePages_Free:        0
HugePages_Rsvd:        0
HugePages_Surp:        0
Hugepagesize:       2048 kB
Hugetlb:               0 kB
DirectMap4k:    31524404 kB
DirectMap2M:     1867776 kB
DirectMap1G:     1048576 kB
",cpu  66722838 213926 12912949 4257443492 480660 0 473679 0 0 0,"3017586 (ros2_control_no) S 3017571 3017571 2912103 34817 3017571 4194304 13748 0 10 0 1199637 9396 0 0 20 0 39 0 216637404 2744119296 29203 18446744073709551615 106820472733696 106820472749549 140723865944256 0 0 0 4096 0 1098925310 0 0 0 17 16 0 0 0 0 0 106820472760512 106820472762592 106821535870976 140723865947817 140723865948053 140723865948053 140723865956287 0
"
2172314.263612673,1791283751.7531376,"(2.939453125, 3.69970703125, 4.3603515625)","Inter-|   Receive                                                |  Transmit
 face |bytes    packets errs drop fifo frame compressed multicast|bytes    packets errs drop fifo colls carrier compressed
    lo: 16335402397 21828101    0    0    0     0          0         0 16335402397 21828101    0    0    0     0       0          0
enp3s0: 101735834831 80132844    0    0    0     0          0         0 594504301 8092623    0    0    0     0       0          0
enp6s0: 62489108  544826    0  260    0     0          0     18851        0       0    0    0    0     0       0          0
wlp4s0: 9002443074 14861106    0    0    0     0          0         0 17081200945 19574679    0    0    0     0       0          0
","MemTotal:       32698160 kB
MemFree:         3190496 kB
MemAvailable:   24109188 kB
Buffers:          429580 kB
Cached:         20101840 kB
SwapCached:        26004 kB
Active:         16664920 kB
Inactive:       10940608 kB
Active(anon):    1597424 kB
Inactive(anon):  5266496 kB
Active(file):   15067496 kB
Inactive(file):  5674112 kB
Unevictable:          24 kB
Mlocked:              16 kB
SwapTotal:       2097148 kB
SwapFree:            324 kB
Zswap:                 0 kB
Zswapped:              0 kB
Dirty:              1324 kB
Writeback:             0 kB
AnonPages:       7050000 kB
Mapped:          1159576 kB
Shmem:             71636 kB
KReclaimable:     646904 kB
Slab:            1008236 kB
SReclaimable:     646904 kB
SUnreclaim:       361332 kB
KernelStack:       28208 kB
PageTables:        83380 kB
SecPageTables:         0 kB
NFS_Unstable:          0 kB
Bounce:                0 kB
WritebackTmp:          0 kB
CommitLimit:    18446228 kB
Committed_AS:   23659744 kB
VmallocTotal:   34359738367 kB
VmallocUsed:      236684 kB
VmallocChunk:          0 kB
Percpu:            20160 kB
HardwareCorrupted:     0 kB
AnonHugePages:         0 kB
ShmemHugePages:        0 kB
ShmemPmdMapped:        0 kB
FileHugePages:         0 kB
FilePmdMapped:         0 kB
Unaccepted:            0 kB
HugePages_Total:       0
HugePages_Free:        0
HugePages_Rsvd:        0
HugePages_Surp:        0
Hugepagesize:       2048 kB
Hugetlb:               0 kB
DirectMap4k:    31524404 kB
DirectMap2M:     1867776 kB
DirectMap1G:     1048576 kB
",cpu  66722893 213926 12912952 4257443836 480660 0 473680 0 0 0,"3017586 (ros2_control_no) S 3017571 3017571 2912103 34817 3017571 4194304 13748 0 10 0 1199678 9396 0 0 20 0 39 0 216637404 2744119296 29203 18446744073709551615 106820472733696 106820472749549 140723865944256 0 0 0 4096 0 1098925310 0 0 0 17 16 0 0 0 0 0 106820472760512 106820472762592 106821535870976 140723865947817 140723865948053 140723865948053 140723865956287 0
"
2172314.464817078,1791283751.9543421,"(2.939453125, 3.69970703125, 4.3603515625)","Inter-|   Receive                                                |  Transmit
 face |bytes    packets errs drop fifo frame compressed multicast|bytes    packets errs drop fifo colls carrier compressed
    lo: 16335408434 21828142    0    0    0     0          0         0 16335408434 21828142    0    0    0     0       0          0
enp3s0: 101736108693 80133054    0    0    0     0          0         0 594505357 8092639    0    0    0     0       0          0
enp6s0: 62489108  544826    0  260    0     0          0     18851        0       0    0    0    0     0       0          0
wlp4s0: 9002446175 14861120    0    0    0     0          0         0 17081204465 19574697    0    0    0     0       0          0
","MemTotal:       32698160 kB
MemFree:         3190244 kB
MemAvailable:   24108936 kB
Buffers:          429580 kB
Cached:         20101840 kB
SwapCached:        26004 kB
Active:         16664980 kB
Inactive:       10940608 kB
Active(anon):    1597484 kB
Inactive(anon):  5266496 kB
Active(file):   15067496 kB
Inactive(file):  5674112 kB
Unevictable:          24 kB
Mlocked:              16 kB
SwapTotal:       2097148 kB
SwapFree:            324 kB
Zswap:                 0 kB
Zswapped:              0 kB
Dirty:              1324 kB
Writeback:             0 kB
AnonPages:       7050072 kB
Mapped:          1159576 kB
Shmem:             71636 kB
KReclaimable:     646904 kB
Slab:            1008244 kB
SReclaimable:     646904 kB
SUnreclaim:       361340 kB
KernelStack:       28208 kB
PageTables:        83380 kB
SecPageTables:         0 kB
NFS_Unstable:          0 kB
Bounce:                0 kB
WritebackTmp:          0 kB
CommitLimit:    18446228 kB
Committed_AS:   23659744 kB
VmallocTotal:   34359738367 kB
VmallocUsed:      236684 kB
VmallocChunk:          0 kB
Percpu:            20160 kB
HardwareCorrupted:     0 kB
AnonHugePages:         0 kB
ShmemHugePages:        0 kB
ShmemPmdMapped:        0 kB
FileHugePages:         0 kB
FilePmdMapped:         0 kB
Unaccepted:            0 kB
HugePages_Total:       0
HugePages_Free:        0
HugePages_Rsvd:        0
HugePages_Surp:        0
Hugepagesize:       2048 kB
Hugetlb:               0 kB
DirectMap4k:    31524404 kB
DirectMap2M:     1867776 kB
DirectMap1G:     1048576 kB
",cpu  66722943 213926 12912955 4257444184 480660 0 473680 0 0 0,"3017586 (ros2_control_no) S 3017571 3017571 2912103 34817 3017571 4194304 13748 0 10 0 1199719 9396 0 0 20 0 39 0 216637404 2744119296 29203 18446744073709551615 106820472733696 106820472749549 140723865944256 0 0 0 4096 0 1098925310 0 0 0 17 16 0 0 0 0 0 106820472760512 106820472762592 106821535870976 140723865947817 140723865948053 140723865948053 140723865956287 0
"
2172314.665993911,1791283752.155519,"(2.939453125, 3.69970703125, 4.3603515625)","Inter-|   Receive                                                |  Transmit
 face |bytes    packets errs drop fifo frame compressed multicast|bytes    packets errs drop fifo colls carrier compressed
    lo: 16335414808 21828191    0    0    0     0          0         0 16335414808 21828191    0    0    0     0       0          0
enp3s0: 101736381668 80133266    0    0    0     0          0         0 594506611 8092658    0    0    0     0       0          0
enp6s0: 62489108  544826    0  260    0     0          0     18851        0       0    0    0    0     0       0          0
wlp4s0: 9002448153 14861140    0    0    0     0          0         0 17081208575 19574723    0    0    0     0       0          0
","MemTotal:       32698160 kB
MemFree:         3189992 kB
MemAvailable:   24108684 kB
Buffers:          429580 kB
Cached:         20101840 kB
SwapCached:        26004 kB
Active:         16665040 kB
Inactive:       10940608 kB
Active(anon):    1597544 kB
Inactive(anon):  5266496 kB
Active(file):   15067496 kB
Inactive(file):  5674112 kB
Unevictable:          24 kB
Mlocked:              16 kB
SwapTotal:       2097148 kB
SwapFree:            324 kB
Zswap:                 0 kB
Zswapped:              0 kB
Dirty:              1324 kB
Writeback:             0 kB
AnonPages:       7050136 kB
Mapped:          1159576 kB
Shmem:             71636 kB
KReclaimable:     646904 kB
Slab:            1008276 kB
SReclaimable:     646904 kB
SUnreclaim:       361372 kB
KernelStack:       28208 kB
PageTables:        83380 kB
SecPageTables:         0 kB
NFS_Unstable:          0 kB
Bounce:                0 kB
WritebackTmp:          0 kB
CommitLimit:    18446228 kB
Committed_AS:   23659744 kB
VmallocTotal:   34359738367 kB
VmallocUsed:      236684 kB
VmallocChunk:          0 kB
Percpu:            20160 kB
HardwareCorrupted:     0 kB
AnonHugePages:         0 kB
ShmemHugePages:        0 kB
ShmemPmdMapped:        0 kB
FileHugePages:         0 kB
FilePmdMapped:         0 kB
Unaccepted:            0 kB
HugePages_Total:       0
HugePages_Free:        0
HugePages_Rsvd:        0
HugePages_Surp:        0
Hugepagesize:       2048 kB
Hugetlb:               0 kB
DirectMap4k:    31524404 kB
DirectMap2M:     1867776 kB
DirectMap1G:     1048576 kB
",cpu  66722993 213926 12912958 4257444530 480660 0 473681 0 0 0,"3017586 (ros2_control_no) S 3017571 3017571 2912103 34817 3017571 4194304 13748 0 10 0 1199759 9396 0 0 20 0 39 0 216637404 2744119296 29203 18446744073709551615 106820472733696 106820472749549 140723865944256 0 0 0 4096 0 1098925310 0 0 0 17 16 0 0 0 0 0 106820472760512 106820472762592 106821535870976 140723865947817 140723865948053 140723865948053 140723865956287 0
"
2172314.86723036,1791283752.3567553,"(2.86376953125, 3.67138671875, 4.34765625)","Inter-|   Receive                                                |  Transmit
 face |bytes    packets errs drop fifo frame compressed multicast|bytes    packets errs drop fifo colls carrier compressed
    lo: 16335422876 21828230    0    0    0     0          0         0 16335422876 21828230    0    0    0     0       0          0
enp3s0: 101736656365 80133481    0    0    0     0          0         0 594508804 8092682    0    0    0     0       0          0
enp6s0: 62489108  544826    0  260    0     0          0     18851        0       0    0    0    0     0       0          0
wlp4s0: 9002449901 14861152    0    0    0     0          0         0 17081215968 19574747    0    0    0     0       0          0
","MemTotal:       32698160 kB
MemFree:         3189992 kB
MemAvailable:   24108684 kB
Buffers:          429580 kB
Cached:         20101840 kB
SwapCached:        26004 kB
Active:         16665104 kB
Inactive:       10940608 kB
Active(anon):    1597608 kB
Inactive(anon):  5266496 kB
Active(file):   15067496 kB
Inactive(file):  5674112 kB
Unevictable:          24 kB
Mlocked:              16 kB
SwapTotal:       2097148 kB
SwapFree:            324 kB
Zswap:                 0 kB
Zswapped:              0 kB
Dirty:              1324 kB
Writeback:             0 kB
AnonPages:       7050204 kB
Mapped:          1159576 kB
Shmem:             71636 kB
KReclaimable:     646904 kB
Slab:            1008276 kB
SReclaimable:     646904 kB
SUnreclaim:       361372 kB
KernelStack:       28208 kB
PageTables:        83380 kB
SecPageTables:         0 kB
NFS_Unstable:          0 kB
Bounce:                0 kB
WritebackTmp:          0 kB
CommitLimit:    18446228 kB
Committed_AS:   23660768 kB
VmallocTotal:   34359738367 kB
VmallocUsed:      236684 kB
VmallocChunk:          0 kB
Percpu:            20160 kB
HardwareCorrupted:     0 kB
AnonHugePages:         0 kB
ShmemHugePages:        0 kB
ShmemPmdMapped:        0 kB
FileHugePages:         0 kB
FilePmdMapped:         0 kB
Unaccepted:            0 kB
HugePages_Total:       0
HugePages_Free:        0
HugePages_Rsvd:        0
HugePages_Surp:        0
Hugepagesize:       2048 kB
Hugetlb:               0 kB
DirectMap4k:    31524404 kB
DirectMap2M:     1867776 kB
DirectMap1G:     1048576 kB
",cpu  66723047 213926 12912962 4257444875 480660 0 473681 0 0 0,"3017586 (ros2_control_no) S 3017571 3017571 2912103 34817 3017571 4194304 13748 0 10 0 1199800 9396 0 0 20 0 39 0 216637404 2744119296 29203 18446744073709551615 106820472733696 106820472749549 140723865944256 0 0 0 4096 0 1098925310 0 0 0 17 17 0 0 0 0 0 106820472760512 106820472762592 106821535870976 140723865947817 140723865948053 140723865948053 140723865956287 0
"
2172315.068348821,1791283752.557874,"(2.86376953125, 3.67138671875, 4.34765625)","Inter-|   Receive                                                |  Transmit
 face |bytes    packets errs drop fifo frame compressed multicast|bytes    packets errs drop fifo colls carrier compressed
    lo: 16335488396 21828610    0    0    0     0          0         0 16335488396 21828610    0    0    0     0       0          0
enp3s0: 101736929507 80133694    0    0    0     0          0         0 594510922 8092705    0    0    0     0       0          0
enp6s0: 62489108  544826    0  260    0     0          0     18851        0       0    0    0    0     0       0          0
wlp4s0: 9002454789 14861175    0    0    0     0          0         0 17081246516 19574975    0    0    0     0       0          0
","MemTotal:       32698160 kB
MemFree:         3190496 kB
MemAvailable:   24109188 kB
Buffers:          429580 kB
Cached:         20101840 kB
SwapCached:        26004 kB
Active:         16664952 kB
Inactive:       10940608 kB
Active(anon):    1597456 kB
Inactive(anon):  5266496 kB
Active(file):   15067496 kB
Inactive(file):  5674112 kB
Unevictable:          24 kB
Mlocked:              16 kB
SwapTotal:       2097148 kB
SwapFree:            324 kB
Zswap:                 0 kB
Zswapped:              0 kB
Dirty:              1440 kB
Writeback:             0 kB
AnonPages:       7050020 kB
Mapped:          1159576 kB
Shmem:             71636 kB
KReclaimable:     646904 kB
Slab:            1008276 kB
SReclaimable:     646904 kB
SUnreclaim:       361372 kB
KernelStack:       28208 kB
PageTables:        83380 kB
SecPageTables:         0 kB
NFS_Unstable:          0 kB
Bounce:                0 kB
WritebackTmp:          0 kB
CommitLimit:    18446228 kB
Committed_AS:   23660640 kB
VmallocTotal:   34359738367 kB
VmallocUsed:      236684 kB
VmallocChunk:          0 kB
Percpu:            20160 kB
HardwareCorrupted:     0 kB
AnonHugePages:         0 kB
ShmemHugePages:        0 kB
ShmemPmdMapped:        0 kB
FileHugePages:         0 kB
FilePmdMapped:         0 kB
Unaccepted:            0 kB
HugePages_Total:       0
HugePages_Free:        0
HugePages_Rsvd:        0
HugePages_Surp:        0
Hugepagesize:       2048 kB
Hugetlb:               0 kB
DirectMap4k:    31524404 kB
DirectMap2M:     1867776 kB
DirectMap1G:     1048576 kB
",cpu  66723099 213926 12912965 4257445218 480660 0 473681 0 0 0,"3017586 (ros2_control_no) S 3017571 3017571 2912103 34817 3017571 4194304 13748 0 10 0 1199840 9397 0 0 20 0 39 0 216637404 2744119296 29203 18446744073709551615 106820472733696 106820472749549 140723865944256 0 0 0 4096 0 1098925310 0 0 0 17 17 0 0 0 0 0 106820472760512 106820472762592 106821535870976 140723865947817 140723865948053 140723865948053 140723865956287 0
"
2172315.269548719,1791283752.7590737,"(2.86376953125, 3.67138671875, 4.34765625)","Inter-|   Receive                                                |  Transmit
 face |bytes    packets errs drop fifo frame compressed multicast|bytes    packets errs drop fifo colls carrier compressed
    lo: 16335577926 21829165    0    0    0     0          0         0 16335577926 21829165    0    0    0     0       0          0
enp3s0: 101737203870 80133907    0    0    0     0          0         0 594512932 8092726    0    0    0     0       0          0
enp6s0: 62489108  544826    0  260    0     0          0     18851        0       0    0    0    0     0       0          0
wlp4s0: 9002465725 14861272    0    0    0     0          0         0 17081291364 19575325    0    0    0     0       0          0
","MemTotal:       32698160 kB
MemFree:         3191536 kB
MemAvailable:   24110228 kB
Buffers:          429580 kB
Cached:         20101840 kB
SwapCached:        26004 kB
Active:         16665012 kB
Inactive:       10940608 kB
Active(anon):    1597516 kB
Inactive(anon):  5266496 kB
Active(file):   15067496 kB
Inactive(file):  5674112 kB
Unevictable:          24 kB
Mlocked:              16 kB
SwapTotal:       2097148 kB
SwapFree:            324 kB
Zswap:                 0 kB
Zswapped:              0 kB
Dirty:              1440 kB
Writeback:             0 kB
AnonPages:       7050096 kB
Mapped:          1159576 kB
Shmem:             71636 kB
KReclaimable:     646904 kB
Slab:            1008292 kB
SReclaimable:     646904 kB
SUnreclaim:       361388 kB
KernelStack:       28208 kB
PageTables:        83380 kB
SecPageTables:         0 kB
NFS_Unstable:          0 kB
Bounce:                0 kB
WritebackTmp:          0 kB
CommitLimit:    18446228 kB
Committed_AS:   23660640 kB
VmallocTotal:   34359738367 kB
VmallocUsed:      236684 kB
VmallocChunk:          0 kB
Percpu:            20160 kB
HardwareCorrupted:     0 kB
AnonHugePages:         0 kB
ShmemHugePages:        0 kB
ShmemPmdMapped:        0 kB
FileHugePages:         0 kB
FilePmdMapped:         0 kB
Unaccepted:            0 kB
HugePages_Total:       0
HugePages_Free:        0
HugePages_Rsvd:        0
HugePages_Surp:        0
Hugepagesize:       2048 kB
Hugetlb:               0 kB
DirectMap4k:    31524404 kB
DirectMap2M:     1867776 kB
DirectMap1G:     1048576 kB
",cpu  66723152 213926 12912967 4257445563 480660 0 473682 0 0 0,"3017586 (ros2_control_no) S 3017571 3017571 2912103 34817 3017571 4194304 13748 0 10 0 1199881 9397 0 0 20 0 39 0 216637404 2744119296 29203 18446744073709551615 106820472733696 106820472749549 140723865944256 0 0 0 4096 0 1098925310 0 0 0 17 17 0 0 0 0 0 106820472760512 106820472762592 106821535870976 140723865947817 140723865948053 140723865948053 140723865956287 0
"
2172315.470656005,1791283752.960181,"(2.86376953125, 3.67138671875, 4.34765625)","Inter-|   Receive                                                |  Transmit
 face |bytes    packets errs drop fifo frame compressed multicast|bytes    packets errs drop fifo colls carrier compressed
    lo: 16335584821 21829211    0    0    0     0          0         0 16335584821 21829211    0    0    0     0       0          0
enp3s0: 101737477012 80134120    0    0    0     0          0         0 594514252 8092746    0    0    0     0       0          0
enp6s0: 62489108  544826    0  260    0     0          0     18851        0       0    0    0    0     0       0          0
wlp4s0: 9002467422 14861287    0    0    0     0          0         0 17081295289 19575343    0    0    0     0       0          0
","MemTotal:       32698160 kB
MemFree:         3191536 kB
MemAvailable:   24110228 kB
Buffers:          429580 kB
Cached:         20101840 kB
SwapCached:        26004 kB
Active:         16665072 kB
Inactive:       10940608 kB
Active(anon):    1597576 kB
Inactive(anon):  5266496 kB
Active(file):   15067496 kB
Inactive(file):  5674112 kB
Unevictable:          24 kB
Mlocked:              16 kB
SwapTotal:       2097148 kB
SwapFree:            324 kB
Zswap:                 0 kB
Zswapped:              0 kB
Dirty:              1440 kB
Writeback:             0 kB
AnonPages:       7050164 kB
Mapped:          1159576 kB
Shmem:             71636 kB
KReclaimable:     646904 kB
Slab:            1008292 kB
SReclaimable:     646904 kB
SUnreclaim:       361388 kB
KernelStack:       28208 kB
PageTables:        83380 kB
SecPageTables:         0 kB
NFS_Unstable:          0 kB
Bounce:                0 kB
WritebackTmp:          0 kB
CommitLimit:    18446228 kB
Committed_AS:   23660640 kB
VmallocTotal:   34359738367 kB
VmallocUsed:      236684 kB
VmallocChunk:          0 kB
Percpu:            20160 kB
HardwareCorrupted:     0 kB
AnonHugePages:         0 kB
ShmemHugePages:        0 kB
ShmemPmdMapped:        0 kB
FileHugePages:         0 kB
FilePmdMapped:         0 kB
Unaccepted:            0 kB
HugePages_Total:       0
HugePages_Free:        0
HugePages_Rsvd:        0
HugePages_Surp:        0
Hugepagesize:       2048 kB
Hugetlb:               0 kB
DirectMap4k:    31524404 kB
DirectMap2M:     1867776 kB
DirectMap1G:     1048576 kB
",cpu  66723207 213926 12912972 4257445902 480660 0 473682 0 0 0,"3017586 (ros2_control_no) S 3017571 3017571 2912103 34817 3017571 4194304 13748 0 10 0 1199921 9398 0 0 20 0 39 0 216637404 2744119296 29203 18446744073709551615 106820472733696 106820472749549 140723865944256 0 0 0 4096 0 1098925310 0 0 0 17 17 0 0 0 0 0 106820472760512 106820472762592 106821535870976 140723865947817 140723865948053 140723865948053 140723865956287 0
"
2172315.671962073,1791283753.161487,"(2.86376953125, 3.67138671875, 4.34765625)","Inter-|   Receive                                                |  Transmit
 face |bytes    packets errs drop fifo frame compressed multicast|bytes    packets errs drop fifo colls carrier compressed
    lo: 16335592123 21829265    0    0    0     0          0         0 16335592123 21829265    0    0    0     0       0          0
enp3s0: 101737751041 80134331    0    0    0     0          0         0 594515374 8092763    0    0    0     0       0          0
enp6s0: 62489108  544826    0  260    0     0          0     18851        0       0    0    0    0     0       0          0
wlp4s0: 9002468950 14861302    0    0    0     0          0         0 17081299793 19575367    0    0    0     0       0          0
","MemTotal:       32698160 kB
MemFree:         3191536 kB
MemAvailable:   24110228 kB
Buffers:          429580 kB
Cached:         20101840 kB
SwapCached:        26004 kB
Active:         16665116 kB
Inactive:       10940608 kB
Active(anon):    1597620 kB
Inactive(anon):  5266496 kB
Active(file):   15067496 kB
Inactive(file):  5674112 kB
Unevictable:          24 kB
Mlocked:              16 kB
SwapTotal:       2097148 kB
SwapFree:            324 kB
Zswap:                 0 kB
Zswapped:              0 kB
Dirty:              1440 kB
Writeback:             0 kB
AnonPages:       7050184 kB
Mapped:          1159576 kB
Shmem:             71636 kB
KReclaimable:     646904 kB
Slab:            1008276 kB
SReclaimable:     646904 kB
SUnreclaim:       361372 kB
KernelStack:       28208 kB
PageTables:        83380 kB
SecPageTables:         0 kB
NFS_Unstable:          0 kB
Bounce:                0 kB
WritebackTmp:          0 kB
CommitLimit:    18446228 kB
Committed_AS:   23660640 kB
VmallocTotal:   34359738367 kB
VmallocUsed:      236684 kB
VmallocChunk:          0 kB
Percpu:            20160 kB
HardwareCorrupted:     0 kB
AnonHugePages:         0 kB
ShmemHugePages:        0 kB
ShmemPmdMapped:        0 kB
FileHugePages:         0 kB
FilePmdMapped:         0 kB
Unaccepted:            0 kB
HugePages_Total:       0
HugePages_Free:        0
HugePages_Rsvd:        0
HugePages_Surp:        0
Hugepagesize:       2048 kB
Hugetlb:               0 kB
DirectMap4k:    31524404 kB
DirectMap2M:     1867776 kB
DirectMap1G:     1048576 kB
",cpu  66723264 213926 12912978 4257446241 480660 0 473682 0 0 0,"3017586 (ros2_control_no) S 3017571 3017571 2912103 34817 3017571 4194304 13748 0 10 0 1199962 9398 0 0 20 0 39 0 216637404 2744119296 29203 18446744073709551615 106820472733696 106820472749549 140723865944256 0 0 0 4096 0 1098925310 0 0 0 17 17 0 0 0 0 0 106820472760512 106820472762592 106821535870976 140723865947817 140723865948053 140723865948053 140723865956287 0
"
2172315.873243938,1791283753.362769,"(2.86376953125, 3.67138671875, 4.34765625)","Inter-|   Receive                                                |  Transmit
 face |bytes    packets errs drop fifo frame compressed multicast|bytes    packets errs drop fifo colls carrier compressed
    lo: 16335598742 21829312    0    0    0     0          0         0 16335598742 21829312    0    0    0     0       0          0
enp3s0: 101738025404 80134544    0    0    0     0          0         0 594516679 8092783    0    0    0     0       0          0
enp6s0: 62489108  544826    0  260    0     0          0     18851        0       0    0    0    0     0       0          0
wlp4s0: 9002472356 14861323    0    0    0     0          0         0 17081304755 19575388    0    0    0     0       0          0
","MemTotal:       32698160 kB
MemFree:         3191788 kB
MemAvailable:   24110480 kB
Buffers:          429580 kB
Cached:         20101840 kB
SwapCached:        26004 kB
Active:         16665116 kB
Inactive:       10940608 kB
Active(anon):    1597620 kB
Inactive(anon):  5266496 kB
Active(file):   15067496 kB
Inactive(file):  5674112 kB
Unevictable:          24 kB
Mlocked:              16 kB
SwapTotal:       2097148 kB
SwapFree:            324 kB
Zswap:                 0 kB
Zswapped:              0 kB
Dirty:              1440 kB
Writeback:             0 kB
AnonPages:       7050236 kB
Mapped:          1159576 kB
Shmem:             71636 kB
KReclaimable:     646904 kB
Slab:            1008276 kB
SReclaimable:     646904 kB
SUnreclaim:       361372 kB
KernelStack:       28208 kB
PageTables:        83380 kB
SecPageTables:         0 kB
NFS_Unstable:          0 kB
Bounce:                0 kB
WritebackTmp:          0 kB
CommitLimit:    18446228 kB
Committed_AS:   23660640 kB
VmallocTotal:   34359738367 kB
VmallocUsed:      236684 kB
VmallocChunk:          0 kB
Percpu:            20160 kB
HardwareCorrupted:     0 kB
AnonHugePages:         0 kB
ShmemHugePages:        0 kB
ShmemPmdMapped:        0 kB
FileHugePages:         0 kB
FilePmdMapped:         0 kB
Unaccepted:            0 kB
HugePages_Total:       0
HugePages_Free:        0
HugePages_Rsvd:        0
HugePages_Surp:        0
Hugepagesize:       2048 kB
Hugetlb:               0 kB
DirectMap4k:    31524404 kB
DirectMap2M:     1867776 kB
DirectMap1G:     1048576 kB
",cpu  66723323 213926 12912983 4257446577 480660 0 473682 0 0 0,"3017586 (ros2_control_no) S 3017571 3017571 2912103 34817 3017571 4194304 13748 0 10 0 1200002 9398 0 0 20 0 39 0 216637404 2744119296 29203 18446744073709551615 106820472733696 106820472749549 140723865944256 0 0 0 4096 0 1098925310 0 0 0 17 17 0 0 0 0 0 106820472760512 106820472762592 106821535870976 140723865947817 140723865948053 140723865948053 140723865956287 0
"
2172316.07471951,1791283753.5642445,"(2.86376953125, 3.67138671875, 4.34765625)","Inter-|   Receive                                                |  Transmit
 face |bytes    packets errs drop fifo frame compressed multicast|bytes    packets errs drop fifo colls carrier compressed
    lo: 16335603916 21829348    0    0    0     0          0         0 16335603916 21829348    0    0    0     0       0          0
enp3s0: 101738300101 80134759    0    0    0     0          0         0 594518065 8092804    0    0    0     0       0          0
enp6s0: 62489108  544826    0  260    0     0          0     18851        0       0    0    0    0     0       0          0
wlp4s0: 9002473331 14861333    0    0    0     0          0         0 17081308536 19575404    0    0    0     0       0          0
","MemTotal:       32698160 kB
MemFree:         3191788 kB
MemAvailable:   24110480 kB
Buffers:          429580 kB
Cached:         20101840 kB
SwapCached:        26004 kB
Active:         16665236 kB
Inactive:       10940608 kB
Active(anon):    1597740 kB
Inactive(anon):  5266496 kB
Active(file):   15067496 kB
Inactive(file):  5674112 kB
Unevictable:          24 kB
Mlocked:              16 kB
SwapTotal:       2097148 kB
SwapFree:            324 kB
Zswap:                 0 kB
Zswapped:              0 kB
Dirty:              1440 kB
Writeback:             0 kB
AnonPages:       7050304 kB
Mapped:          1159576 kB
Shmem:             71636 kB
KReclaimable:     646904 kB
Slab:            1008284 kB
SReclaimable:     646904 kB
SUnreclaim:       361380 kB
KernelStack:       28208 kB
PageTables:        83380 kB
SecPageTables:         0 kB
NFS_Unstable:          0 kB
Bounce:                0 kB
WritebackTmp:          0 kB
CommitLimit:    18446228 kB
Committed_AS:   23660640 kB
VmallocTotal:   34359738367 kB
VmallocUsed:      236684 kB
VmallocChunk:          0 kB
Percpu:            20160 kB
HardwareCorrupted:     0 kB
AnonHugePages:         0 kB
ShmemHugePages:        0 kB
ShmemPmdMapped:        0 kB
FileHugePages:         0 kB
FilePmdMapped:         0 kB
Unaccepted:            0 kB
HugePages_Total:       0
HugePages_Free:        0
HugePages_Rsvd:        0
HugePages_Surp:        0
Hugepagesize:       2048 kB
Hugetlb:               0 kB
DirectMap4k:    31524404 kB
DirectMap2M:     1867776 kB
DirectMap1G:     1048576 kB
",cpu  66723379 213926 12912988 4257446916 480660 0 473683 0 0 0,"3017586 (ros2_control_no) S 3017571 3017571 2912103 34817 3017571 4194304 13748 0 10 0 1200043 9398 0 0 20 0 39 0 216637404 2744119296 29203 18446744073709551615 106820472733696 106820472749549 140723865944256 0 0 0 4096 0 1098925310 0 0 0 17 17 0 0 0 0 0 106820472760512 106820472762592 106821535870976 140723865947817 140723865948053 140723865948053 140723865956287 0
"
2172316.276241893,1791283753.7657669,"(2.86376953125, 3.67138671875, 4.34765625)","Inter-|   Receive                                                |  Transmit
 face |bytes    packets errs drop fifo frame compressed multicast|bytes    packets errs drop fifo colls carrier compressed
    lo: 16335612444 21829395    0    0    0     0          0         0 16335612444 21829395    0    0    0     0       0          0
enp3s0: 101738574464 80134972    0    0    0     0          0         0 594519361 8092824    0    0    0     0       0          0
enp6s0: 62489108  544826    0  260    0     0          0     18851        0       0    0    0    0     0       0          0
wlp4s0: 9002474715 14861348    0    0    0     0          0         0 17081315136 19575426    0    0    0     0       0          0
","MemTotal:       32698160 kB
MemFree:         3192024 kB
MemAvailable:   24110716 kB
Buffers:          429580 kB
Cached:         20101840 kB
SwapCached:        26004 kB
Active:         16665292 kB
Inactive:       10940608 kB
Active(anon):    1597796 kB
Inactive(anon):  5266496 kB
Active(file):   15067496 kB
Inactive(file):  5674112 kB
Unevictable:          24 kB
Mlocked:              16 kB
SwapTotal:       2097148 kB
SwapFree:            324 kB
Zswap:                 0 kB
Zswapped:              0 kB
Dirty:              1440 kB
Writeback:             0 kB
AnonPages:       7050328 kB
Mapped:          1159576 kB
Shmem:             71636 kB
KReclaimable:     646904 kB
Slab:            1008292 kB
SReclaimable:     646904 kB
SUnreclaim:       361388 kB
KernelStack:       28208 kB
PageTables:        83380 kB
SecPageTables:         0 kB
NFS_Unstable:          0 kB
Bounce:                0 kB
WritebackTmp:          0 kB
CommitLimit:    18446228 kB
Committed_AS:   23660640 kB
VmallocTotal:   34359738367 kB
VmallocUsed:      236684 kB
VmallocChunk:          0 kB
Percpu:            20160 kB
HardwareCorrupted:     0 kB
AnonHugePages:         0 kB
ShmemHugePages:        0 kB
ShmemPmdMapped:        0 kB
FileHugePages:         0 kB
FilePmdMapped:         0 kB
Unaccepted:            0 kB
HugePages_Total:       0
HugePages_Free:        0
HugePages_Rsvd:        0
HugePages_Surp:        0
Hugepagesize:       2048 kB
Hugetlb:               0 kB
DirectMap4k:    31524404 kB
DirectMap2M:     1867776 kB
DirectMap1G:     1048576 kB
",cpu  66723441 213926 12912994 4257447248 480660 0 473683 0 0 0,"3017586 (ros2_control_no) S 3017571 3017571 2912103 34817 3017571 4194304 13748 0 10 0 1200084 9398 0 0 20 0 39 0 216637404 2744119296 29203 18446744073709551615 106820472733696 106820472749549 140723865944256 0 0 0 4096 0 1098925310 0 0 0 17 17 0 0 0 0 0 106820472760512 106820472762592 106821535870976 140723865947817 140723865948053 140723865948053 140723865956287 0
"
2172316.477870295,1791283753.9673953,"(2.86376953125, 3.67138671875, 4.34765625)","Inter-|   Receive                                                |  Transmit
 face |bytes    packets errs drop fifo frame compressed multicast|bytes    packets errs drop fifo colls carrier compressed
    lo: 16335625057 21829458    0    0    0     0          0         0 16335625057 21829458    0    0    0     0       0          0
enp3s0: 101738848493 80135183    0    0    0     0          0         0 594520483 8092841    0    0    0     0       0          0
enp6s0: 62489108  544826    0  260    0     0          0     18851        0       0    0    0    0     0       0          0
wlp4s0: 9002476209 14861363    0    0    0     0          0         0 17081325149 19575455    0    0    0     0       0          0
","MemTotal:       32698160 kB
MemFree:         3192024 kB
MemAvailable:   24110716 kB
Buffers:          429580 kB
Cached:         20101840 kB
SwapCached:        26004 kB
Active:         16665292 kB
Inactive:       10940608 kB
Active(anon):    1597796 kB
Inactive(anon):  5266496 kB
Active(file):   15067496 kB
Inactive(file):  5674112 kB
Unevictable:          24 kB
Mlocked:              16 kB
SwapTotal:       2097148 kB
SwapFree:            324 kB
Zswap:                 0 kB
Zswapped:              0 kB
Dirty:              1440 kB
Writeback:             0 kB
AnonPages:       7050328 kB
Mapped:          1159576 kB
Shmem:             71636 kB
KReclaimable:     646904 kB
Slab:            1008292 kB
SReclaimable:     646904 kB
SUnreclaim:       361388 kB
KernelStack:       28208 kB
PageTables:        83380 kB
SecPageTables:         0 kB
NFS_Unstable:          0 kB
Bounce:                0 kB
WritebackTmp:          0 kB
CommitLimit:    18446228 kB
Committed_AS:   23660640 kB
VmallocTotal:   34359738367 kB
VmallocUsed:      236684 kB
VmallocChunk:          0 kB
Percpu:            20160 kB
HardwareCorrupted:     0 kB
AnonHugePages:         0 kB
ShmemHugePages:        0 kB
ShmemPmdMapped:        0 kB
FileHugePages:         0 kB
FilePmdMapped:         0 kB
Unaccepted:            0 kB
HugePages_Total:       0
HugePages_Free:        0
HugePages_Rsvd:        0
HugePages_Surp:        0
Hugepagesize:       2048 kB
Hugetlb:               0 kB
DirectMap4k:    31524404 kB
DirectMap2M:     1867776 kB
DirectMap1G:     1048576 kB
",cpu  66723506 213926 12912999 4257447578 480660 0 473684 0 0 0,"3017586 (ros2_control_no) S 3017571 3017571 2912103 34817 3017571 4194304 13748 0 10 0 1200124 9399 0 0 20 0 39 0 216637404 2744119296 29203 18446744073709551615 106820472733696 106820472749549 140723865944256 0 0 0 4096 0 1098925310 0 0 0 17 17 0 0 0 0 0 106820472760512 106820472762592 106821535870976 140723865947817 140723865948053 140723865948053 140723865956287 0
"
2172316.679270633,1791283754.1687956,"(2.86376953125, 3.67138671875, 4.34765625)","Inter-|   Receive                                                |  Transmit
 face |bytes    packets errs drop fifo frame compressed multicast|bytes    packets errs drop fifo colls carrier compressed
    lo: 16335649402 21829530    0    0    0     0          0         0 16335649402 21829530    0    0    0     0       0          0
enp3s0: 101739122689 80135395    0    0    0     0          0         0 594521671 8092859    0    0    0     0       0          0
enp6s0: 62489108  544826    0  260    0     0          0     18851        0       0    0    0    0     0       0          0
wlp4s0: 9002478498 14861387    0    0    0     0          0         0 17081346225 19575491    0    0    0     0       0          0
","MemTotal:       32698160 kB
MemFree:         3192024 kB
MemAvailable:   24110716 kB
Buffers:          429580 kB
Cached:         20101840 kB
SwapCached:        26004 kB
Active:         16665292 kB
Inactive:       10940608 kB
Active(anon):    1597796 kB
Inactive(anon):  5266496 kB
Active(file):   15067496 kB
Inactive(file):  5674112 kB
Unevictable:          24 kB
Mlocked:              16 kB
SwapTotal:       2097148 kB
SwapFree:            324 kB
Zswap:                 0 kB
Zswapped:              0 kB
Dirty:              1440 kB
Writeback:             0 kB
AnonPages:       7050328 kB
Mapped:          1159576 kB
Shmem:             71636 kB
KReclaimable:     646904 kB
Slab:            1008292 kB
SReclaimable:     646904 kB
SUnreclaim:       361388 kB
KernelStack:       28208 kB
PageTables:        83380 kB
SecPageTables:         0 kB
NFS_Unstable:          0 kB
Bounce:                0 kB
WritebackTmp:          0 kB
CommitLimit:    18446228 kB
Committed_AS:   23660640 kB
VmallocTotal:   34359738367 kB
VmallocUsed:      236684 kB
VmallocChunk:          0 kB
Percpu:            20160 kB
HardwareCorrupted:     0 kB
AnonHugePages:         0 kB
ShmemHugePages:        0 kB
ShmemPmdMapped:        0 kB
FileHugePages:         0 kB
FilePmdMapped:         0 kB
Unaccepted:            0 kB
HugePages_Total:       0
HugePages_Free:        0
HugePages_Rsvd:        0
HugePages_Surp:        0
Hugepagesize:       2048 kB
Hugetlb:               0 kB
DirectMap4k:    31524404 kB
DirectMap2M:     1867776 kB
DirectMap1G:     1048576 kB
",cpu  66723573 213926 12913002 4257447910 480660 0 473684 0 0 0,"3017586 (ros2_control_no) S 3017571 3017571 2912103 34817 3017571 4194304 13748 0 10 0 1200165 9399 0 0 20 0 39 0 216637404 2744119296 29203 18446744073709551615 106820472733696 106820472749549 140723865944256 0 0 0 4096 0 1098925310 0 0 0 17 17 0 0 0 0 0 106820472760512 106820472762592 106821535870976 140723865947817 140723865948053 140723865948053 140723865956287 0
"
2172316.880888375,1791283754.3704133,"(2.86376953125, 3.67138671875, 4.34765625)","Inter-|   Receive                                                |  Transmit
 face |bytes    packets errs drop fifo frame compressed multicast|bytes    packets errs drop fifo colls carrier compressed
    lo: 16335665534 21829587    0    0    0     0          0         0 16335665534 21829587    0    0    0     0       0          0
enp3s0: 101739397052 80135608    0    0    0     0          0         0 594522976 8092879    0    0    0     0       0          0
enp6s0: 62489108  544826    0  260    0     0          0     18851        0       0    0    0    0     0       0          0
wlp4s0: 9002480351 14861404    0    0    0     0          0         0 17081358808 19575515    0    0    0     0       0          0
","MemTotal:       32698160 kB
MemFree:         3192024 kB
MemAvailable:   24110716 kB
Buffers:          429580 kB
Cached:         20101840 kB
SwapCached:        26004 kB
Active:         16665292 kB
Inactive:       10940608 kB
Active(anon):    1597796 kB
Inactive(anon):  5266496 kB
Active(file):   15067496 kB
Inactive(file):  5674112 kB
Unevictable:          24 kB
Mlocked:              16 kB
SwapTotal:       2097148 kB
SwapFree:            324 kB
Zswap:                 0 kB
Zswapped:              0 kB
Dirty:              1440 kB
Writeback:             0 kB
AnonPages:       7050332 kB
Mapped:          1159576 kB
Shmem:             71636 kB
KReclaimable:     646904 kB
Slab:            1008292 kB
SReclaimable:     646904 kB
SUnreclaim:       361388 kB
KernelStack:       28208 kB
PageTables:        83380 kB
SecPageTables:         0 kB
NFS_Unstable:          0 kB
Bounce:                0 kB
WritebackTmp:          0 kB
CommitLimit:    18446228 kB
Committed_AS:   23660640 kB
VmallocTotal:   34359738367 kB
VmallocUsed:      236684 kB
VmallocChunk:          0 kB
Percpu:            20160 kB
HardwareCorrupted:     0 kB
AnonHugePages:         0 kB
ShmemHugePages:        0 kB
ShmemPmdMapped:        0 kB
FileHugePages:         0 kB
FilePmdMapped:         0 kB
Unaccepted:            0 kB
HugePages_Total:       0
HugePages_Free:        0
HugePages_Rsvd:        0
HugePages_Surp:        0
Hugepagesize:       2048 kB
Hugetlb:               0 kB
DirectMap4k:    31524404 kB
DirectMap2M:     1867776 kB
DirectMap1G:     1048576 kB
",cpu  66723638 213926 12913006 4257448244 480660 0 473684 0 0 0,"3017586 (ros2_control_no) S 3017571 3017571 2912103 34817 3017571 4194304 13748 0 10 0 1200206 9399 0 0 20 0 39 0 216637404 2744119296 29203 18446744073709551615 106820472733696 106820472749549 140723865944256 0 0 0 4096 0 1098925310 0 0 0 17 17 0 0 0 0 0 106820472760512 106820472762592 106821535870976 140723865947817 140723865948053 140723865948053 140723865956287 0
"
2172317.082517069,1791283754.572042,"(2.86376953125, 3.67138671875, 4.34765625)","Inter-|   Receive                                                |  Transmit
 face |bytes    packets errs drop fifo frame compressed multicast|bytes    packets errs drop fifo colls carrier compressed
    lo: 16335672534 21829625    0    0    0     0          0         0 16335672534 21829625    0    0    0     0       0          0
enp3s0: 101739672302 80135819    0    0    0     0          0         0 594524032 8092895    0    0    0     0       0          0
enp6s0: 62489108  544826    0  260    0     0          0     18851        0       0    0    0    0     0       0          0
wlp4s0: 9002481329 14861415    0    0    0     0          0         0 17081364621 19575534    0    0    0     0       0          0
","MemTotal:       32698160 kB
MemFree:         3191772 kB
MemAvailable:   24110464 kB
Buffers:          429580 kB
Cached:         20101840 kB
SwapCached:        26004 kB
Active:         16665292 kB
Inactive:       10940608 kB
Active(anon):    1597796 kB
Inactive(anon):  5266496 kB
Active(file):   15067496 kB
Inactive(file):  5674112 kB
Unevictable:          24 kB
Mlocked:              16 kB
SwapTotal:       2097148 kB
SwapFree:            324 kB
Zswap:                 0 kB
Zswapped:              0 kB
Dirty:              1440 kB
Writeback:             0 kB
AnonPages:       7050332 kB
Mapped:          1159576 kB
Shmem:             71636 kB
KReclaimable:     646904 kB
Slab:            1008308 kB
SReclaimable:     646904 kB
SUnreclaim:       361404 kB
KernelStack:       28208 kB
PageTables:        83380 kB
SecPageTables:         0 kB
NFS_Unstable:          0 kB
Bounce:                0 kB
WritebackTmp:          0 kB
CommitLimit:    18446228 kB
Committed_AS:   23660640 kB
VmallocTotal:   34359738367 kB
VmallocUsed:      236684 kB
VmallocChunk:          0 kB
Percpu:            20160 kB
HardwareCorrupted:     0 kB
AnonHugePages:         0 kB
ShmemHugePages:        0 kB
ShmemPmdMapped:        0 kB
FileHugePages:         0 kB
FilePmdMapped:         0 kB
Unaccepted:            0 kB
HugePages_Total:       0
HugePages_Free:        0
HugePages_Rsvd:        0
HugePages_Surp:        0
Hugepagesize:       2048 kB
Hugetlb:               0 kB
DirectMap4k:    31524404 kB
DirectMap2M:     1867776 kB
DirectMap1G:     1048576 kB
",cpu  66723699 213926 12913008 4257448585 480660 0 473685 0 0 0,"3017586 (ros2_control_no) S 3017571 3017571 2912103 34817 3017571 4194304 13748 0 10 0 1200246 9399 0 0 20 0 39 0 216637404 2744119296 29203 18446744073709551615 106820472733696 106820472749549 140723865944256 0 0 0 4096 0 1098925310 0 0 0 17 17 0 0 0 0 0 106820472760512 106820472762592 106821535870976 140723865947817 140723865948053 140723865948053 140723865956287 0
"
2172317.283767811,1791283754.7732928,"(2.86376953125, 3.67138671875, 4.34765625)","Inter-|   Receive                                                |  Transmit
 face |bytes    packets errs drop fifo frame compressed multicast|bytes    packets errs drop fifo colls carrier compressed
    lo: 16335677700 21829661    0    0    0     0          0         0 16335677700 21829661    0    0    0     0       0          0
enp3s0: 101739945444 80136032    0    0    0     0          0         0 594525394 8092916    0    0    0     0       0          0
enp6s0: 62489108  544826    0  260    0     0          0     18851        0       0    0    0    0     0       0          0
wlp4s0: 9002482689 14861430    0    0    0     0          0         0 17081368626 19575554    0    0    0     0       0          0
","MemTotal:       32698160 kB
MemFree:         3193416 kB
MemAvailable:   24112108 kB
Buffers:          429580 kB
Cached:         20101840 kB
SwapCached:        26004 kB
Active:         16665460 kB
Inactive:       10940608 kB
Active(anon):    1597964 kB
Inactive(anon):  5266496 kB
Active(file):   15067496 kB
Inactive(file):  5674112 kB
Unevictable:          24 kB
Mlocked:              16 kB
SwapTotal:       2097148 kB
SwapFree:            324 kB
Zswap:                 0 kB
Zswapped:              0 kB
Dirty:              1440 kB
Writeback:             0 kB
AnonPages:       7050412 kB
Mapped:          1159576 kB
Shmem:             71636 kB
KReclaimable:     646904 kB
Slab:            1008244 kB
SReclaimable:     646904 kB
SUnreclaim:       361340 kB
KernelStack:       28208 kB
PageTables:        83380 kB
SecPageTables:         0 kB
NFS_Unstable:          0 kB
Bounce:                0 kB
WritebackTmp:          0 kB
CommitLimit:    18446228 kB
Committed_AS:   23660640 kB
VmallocTotal:   34359738367 kB
VmallocUsed:      236684 kB
VmallocChunk:          0 kB
Percpu:            20160 kB
HardwareCorrupted:     0 kB
AnonHugePages:         0 kB
ShmemHugePages:        0 kB
ShmemPmdMapped:        0 kB
FileHugePages:         0 kB
FilePmdMapped:         0 kB
Unaccepted:            0 kB
HugePages_Total:       0
HugePages_Free:        0
HugePages_Rsvd:        0
HugePages_Surp:        0
Hugepagesize:       2048 kB
Hugetlb:               0 kB
DirectMap4k:    31524404 kB
DirectMap2M:     1867776 kB
DirectMap1G:     1048576 kB
",cpu  66723756 213926 12913011 4257448928 480660 0 473685 0 0 0,"3017586 (ros2_control_no) S 3017571 3017571 2912103 34817 3017571 4194304 13748 0 10 0 1200287 9400 0 0 20 0 39 0 216637404 2744119296 29203 18446744073709551615 106820472733696 106820472749549 140723865944256 0 0 0 4096 0 1098925310 0 0 0 17 17 0 0 0 0 0 106820472760512 106820472762592 106821535870976 140723865947817 140723865948053 140723865948053 140723865956287 0
"
2172317.485033408,1791283754.9745584,"(2.86376953125, 3.67138671875, 4.34765625)","Inter-|   Receive                                                |  Transmit
 face |bytes    packets errs drop fifo frame compressed multicast|bytes    packets errs drop fifo colls carrier compressed
    lo: 16335683191 21829703    0    0    0     0          0         0 16335683191 21829703    0    0    0     0       0          0
enp3s0: 101740219807 80136245    0    0    0     0          0         0 594526648 8092935    0    0    0     0       0          0
enp6s0: 62489108  544826    0  260    0     0          0     18851        0       0    0    0    0     0       0          0
wlp4s0: 9002485917 14861447    0    0    0     0          0         0 17081372625 19575572    0    0    0     0       0          0
","MemTotal:       32698160 kB
MemFree:         3193668 kB
MemAvailable:   24112360 kB
Buffers:          429580 kB
Cached:         20101840 kB
SwapCached:        26004 kB
Active:         16665432 kB
Inactive:       10940608 kB
Active(anon):    1597936 kB
Inactive(anon):  5266496 kB
Active(file):   15067496 kB
Inactive(file):  5674112 kB
Unevictable:          24 kB
Mlocked:              16 kB
SwapTotal:       2097148 kB
SwapFree:            324 kB
Zswap:                 0 kB
Zswapped:              0 kB
Dirty:              1440 kB
Writeback:             0 kB
AnonPages:       7050384 kB
Mapped:          1159576 kB
Shmem:             71636 kB
KReclaimable:     646904 kB
Slab:            1008244 kB
SReclaimable:     646904 kB
SUnreclaim:       361340 kB
KernelStack:       28208 kB
PageTables:        83380 kB
SecPageTables:         0 kB
NFS_Unstable:          0 kB
Bounce:                0 kB
WritebackTmp:          0 kB
CommitLimit:    18446228 kB
Committed_AS:   23660640 kB
VmallocTotal:   34359738367 kB
VmallocUsed:      236684 kB
VmallocChunk:          0 kB
Percpu:            20160 kB
HardwareCorrupted:     0 kB
AnonHugePages:         0 kB
ShmemHugePages:        0 kB
ShmemPmdMapped:        0 kB
FileHugePages:         0 kB
FilePmdMapped:         0 kB
Unaccepted:            0 kB
HugePages_Total:       0
HugePages_Free:        0
HugePages_Rsvd:        0
HugePages_Surp:        0
Hugepagesize:       2048 kB
Hugetlb:               0 kB
DirectMap4k:    31524404 kB
DirectMap2M:     1867776 kB
DirectMap1G:     1048576 kB
",cpu  66723814 213926 12913013 4257449268 480660 0 473685 0 0 0,"3017586 (ros2_control_no) S 3017571 3017571 2912103 34817 3017571 4194304 13748 0 10 0 1200327 9400 0 0 20 0 39 0 216637404 2744119296 29203 18446744073709551615 106820472733696 106820472749549 140723865944256 0 0 0 4096 0 1098925310 0 0 0 17 17 0 0 0 0 0 106820472760512 106820472762592 106821535870976 140723865947817 140723865948053 140723865948053 140723865956287 0
"
2172317.686353751,1791283755.1758788,"(2.86376953125, 3.67138671875, 4.34765625)","Inter-|   Receive                                                |  Transmit
 face |bytes    packets errs drop fifo frame compressed multicast|bytes    packets errs drop fifo colls carrier compressed
    lo: 16335690577 21829758    0    0    0     0          0         0 16335690577 21829758    0    0    0     0       0          0
enp3s0: 101740494389 80136452    0    0    0     0          0         0 594527440 8092947    0    0    0     0       0          0
enp6s0: 62489108  544826    0  260    0     0          0     18851        0       0    0    0    0     0       0          0
wlp4s0: 9002487319 14861462    0    0    0     0          0         0 17081377401 19575597    0    0    0     0       0          0
","MemTotal:       32698160 kB
MemFree:         3193668 kB
MemAvailable:   24112360 kB
Buffers:          429580 kB
Cached:         20101840 kB
SwapCached:        26004 kB
Active:         16665492 kB
Inactive:       10940608 kB
Active(anon):    1597996 kB
Inactive(anon):  5266496 kB
Active(file):   15067496 kB
Inactive(file):  5674112 kB
Unevictable:          24 kB
Mlocked:              16 kB
SwapTotal:       2097148 kB
SwapFree:            324 kB
Zswap:                 0 kB
Zswapped:              0 kB
Dirty:              1440 kB
Writeback:             0 kB
AnonPages:       7050444 kB
Mapped:          1159576 kB
Shmem:             71636 kB
KReclaimable:     646904 kB
Slab:            1008244 kB
SReclaimable:     646904 kB
SUnreclaim:       361340 kB
KernelStack:       28208 kB
PageTables:        83380 kB
SecPageTables:         0 kB
NFS_Unstable:          0 kB
Bounce:                0 kB
WritebackTmp:          0 kB
CommitLimit:    18446228 kB
Committed_AS:   23660640 kB
VmallocTotal:   34359738367 kB
VmallocUsed:      236684 kB
VmallocChunk:          0 kB
Percpu:            20160 kB
HardwareCorrupted:     0 kB
AnonHugePages:         0 kB
ShmemHugePages:        0 kB
ShmemPmdMapped:        0 kB
FileHugePages:         0 kB
FilePmdMapped:         0 kB
Unaccepted:            0 kB
HugePages_Total:       0
HugePages_Free:        0
HugePages_Rsvd:        0
HugePages_Surp:        0
Hugepagesize:       2048 kB
Hugetlb:               0 kB
DirectMap4k:    31524404 kB
DirectMap2M:     1867776 kB
DirectMap1G:     1048576 kB
",cpu  66723874 213926 12913016 4257449607 480660 0 473685 0 0 0,"3017586 (ros2_control_no) S 3017571 3017571 2912103 34817 3017571 4194304 13748 0 10 0 1200368 9400 0 0 20 0 39 0 216637404 2744119296 29203 18446744073709551615 106820472733696 106820472749549 140723865944256 0 0 0 4096 0 1098925310 0 0 0 17 17 0 0 0 0 0 106820472760512 106820472762592 106821535870976 140723865947817 140723865948053 140723865948053 140723865956287 0
"
2172317.887564056,1791283755.377089,"(2.86376953125, 3.67138671875, 4.34765625)","Inter-|   Receive                                                |  Transmit
 face |bytes    packets errs drop fifo frame compressed multicast|bytes    packets errs drop fifo colls carrier compressed
    lo: 16335702751 21829821    0    0    0     0          0         0 16335702751 21829821    0    0    0     0       0          0
enp3s0: 101740767865 80136667    0    0    0     0          0         0 594529699 8092972    0    0    0     0       0          0
enp6s0: 62489108  544826    0  260    0     0          0     18851        0       0    0    0    0     0       0          0
wlp4s0: 9002490103 14861481    0    0    0     0          0         0 17081385858 19575627    0    0    0     0       0          0
","MemTotal:       32698160 kB
MemFree:         3193416 kB
MemAvailable:   24112108 kB
Buffers:          429580 kB
Cached:         20101840 kB
SwapCached:        26004 kB
Active:         16665552 kB
Inactive:       10940608 kB
Active(anon):    1598056 kB
Inactive(anon):  5266496 kB
Active(file):   15067496 kB
Inactive(file):  5674112 kB
Unevictable:          24 kB
Mlocked:              16 kB
SwapTotal:       2097148 kB
SwapFree:            324 kB
Zswap:                 0 kB
Zswapped:              0 kB
Dirty:              1440 kB
Writeback:             0 kB
AnonPages:       7050500 kB
Mapped:          1159576 kB
Shmem:             71636 kB
KReclaimable:     646904 kB
Slab:            1008244 kB
SReclaimable:     646904 kB
SUnreclaim:       361340 kB
KernelStack:       28208 kB
PageTables:        83380 kB
SecPageTables:         0 kB
NFS_Unstable:          0 kB
Bounce:                0 kB
WritebackTmp:          0 kB
CommitLimit:    18446228 kB
Committed_AS:   23660640 kB
VmallocTotal:   34359738367 kB
VmallocUsed:      236684 kB
VmallocChunk:          0 kB
Percpu:            20160 kB
HardwareCorrupted:     0 kB
AnonHugePages:         0 kB
ShmemHugePages:        0 kB
ShmemPmdMapped:        0 kB
FileHugePages:         0 kB
FilePmdMapped:         0 kB
Unaccepted:            0 kB
HugePages_Total:       0
HugePages_Free:        0
HugePages_Rsvd:        0
HugePages_Surp:        0
Hugepagesize:       2048 kB
Hugetlb:               0 kB
DirectMap4k:    31524404 kB
DirectMap2M:     1867776 kB
DirectMap1G:     1048576 kB
",cpu  66723929 213926 12913018 4257449949 480660 0 473686 0 0 0,"3017586 (ros2_control_no) S 3017571 3017571 2912103 34817 3017571 4194304 13748 0 10 0 1200409 9400 0 0 20 0 39 0 216637404 2744119296 29203 18446744073709551615 106820472733696 106820472749549 140723865944256 0 0 0 4096 0 1098925310 0 0 0 17 17 0 0 0 0 0 106820472760512 106820472762592 106821535870976 140723865947817 140723865948053 140723865948053 140723865956287 0
"
2172318.089208993,1791283755.5787342,"(2.86376953125, 3.67138671875, 4.34765625)","Inter-|   Receive                                                |  Transmit
 face |bytes    packets errs drop fifo frame compressed multicast|bytes    packets errs drop fifo colls carrier compressed
    lo: 16335708901 21829868    0    0    0     0          0         0 16335708901 21829868    0    0    0     0       0          0
enp3s0: 101741042061 80136879    0    0    0     0          0         0 594530887 8092990    0    0    0     0       0          0
enp6s0: 62489108  544826    0  260    0     0          0     18851        0       0    0    0    0     0       0          0
wlp4s0: 9002499358 14861515    0    0    0     0          0         0 17081396554 19575663    0    0    0     0       0          0
","MemTotal:       32698160 kB
MemFree:         3193968 kB
MemAvailable:   24112660 kB
Buffers:          429580 kB
Cached:         20101840 kB
SwapCached:        26004 kB
Active:         16664984 kB
Inactive:       10940608 kB
Active(anon):    1597488 kB
Inactive(anon):  5266496 kB
Active(file):   15067496 kB
Inactive(file):  5674112 kB
Unevictable:          24 kB
Mlocked:              16 kB
SwapTotal:       2097148 kB
SwapFree:            324 kB
Zswap:                 0 kB
Zswapped:              0 kB
Dirty:              1440 kB
Writeback:             0 kB
AnonPages:       7049924 kB
Mapped:          1159576 kB
Shmem:             71636 kB
KReclaimable:     646904 kB
Slab:            1008244 kB
SReclaimable:     646904 kB
SUnreclaim:       361340 kB
KernelStack:       28208 kB
PageTables:        83380 kB
SecPageTables:         0 kB
NFS_Unstable:          0 kB
Bounce:                0 kB
WritebackTmp:          0 kB
CommitLimit:    18446228 kB
Committed_AS:   23660660 kB
VmallocTotal:   34359738367 kB
VmallocUsed:      236684 kB
VmallocChunk:          0 kB
Percpu:            20160 kB
HardwareCorrupted:     0 kB
AnonHugePages:         0 kB
ShmemHugePages:        0 kB
ShmemPmdMapped:        0 kB
FileHugePages:         0 kB
FilePmdMapped:         0 kB
Unaccepted:            0 kB
HugePages_Total:       0
HugePages_Free:        0
HugePages_Rsvd:        0
HugePages_Surp:        0
Hugepagesize:       2048 kB
Hugetlb:               0 kB
DirectMap4k:    31524404 kB
DirectMap2M:     1867776 kB
DirectMap1G:     1048576 kB
",cpu  66723984 213926 12913021 4257450290 480660 0 473686 0 0 0,"3017586 (ros2_control_no) S 3017571 3017571 2912103 34817 3017571 4194304 13748 0 10 0 1200449 9400 0 0 20 0 39 0 216637404 2744119296 29203 18446744073709551615 106820472733696 106820472749549 140723865944256 0 0 0 4096 0 1098925310 0 0 0 17 17 0 0 0 0 0 106820472760512 106820472762592 106821535870976 140723865947817 140723865948053 140723865948053 140723865956287 0
"
2172318.290529865,1791283755.780055,"(2.86376953125, 3.67138671875, 4.34765625)","Inter-|   Receive                                                |  Transmit
 face |bytes    packets errs drop fifo frame compressed multicast|bytes    packets errs drop fifo colls carrier compressed
    lo: 16335846689 21830733    0    0    0     0          0         0 16335846689 21830733    0    0    0     0       0          0
enp3s0: 101741315589 80137087    0    0    0     0          0         0 594532609 8093007    0    0    0     0       0          0
enp6s0: 62489108  544826    0  260    0     0          0     18851        0       0    0    0    0     0       0          0
wlp4s0: 9002509183 14861605    0    0    0     0          0         0 17081465963 19576185    0    0    0     0       0          0
","MemTotal:       32698160 kB
MemFree:         3196752 kB
MemAvailable:   24115500 kB
Buffers:          429588 kB
Cached:         20101844 kB
SwapCached:        26004 kB
Active:         16663916 kB
Inactive:       10940664 kB
Active(anon):    1596420 kB
Inactive(anon):  5266496 kB
Active(file):   15067496 kB
Inactive(file):  5674168 kB
Unevictable:          24 kB
Mlocked:              16 kB
SwapTotal:       2097148 kB
SwapFree:            324 kB
Zswap:                 0 kB
Zswapped:              0 kB
Dirty:              1548 kB
Writeback:             0 kB
AnonPages:       7048956 kB
Mapped:          1159644 kB
Shmem:             71636 kB
KReclaimable:     646904 kB
Slab:            1008356 kB
SReclaimable:     646904 kB
SUnreclaim:       361452 kB
KernelStack:       28192 kB
PageTables:        83376 kB
SecPageTables:         0 kB
NFS_Unstable:          0 kB
Bounce:                0 kB
WritebackTmp:          0 kB
CommitLimit:    18446228 kB
Committed_AS:   23675348 kB
VmallocTotal:   34359738367 kB
VmallocUsed:      236652 kB
VmallocChunk:          0 kB
Percpu:            20160 kB
HardwareCorrupted:     0 kB
AnonHugePages:         0 kB
ShmemHugePages:        0 kB
ShmemPmdMapped:        0 kB
FileHugePages:         0 kB
FilePmdMapped:         0 kB
Unaccepted:            0 kB
HugePages_Total:       0
HugePages_Free:        0
HugePages_Rsvd:        0
HugePages_Surp:        0
Hugepagesize:       2048 kB
Hugetlb:               0 kB
DirectMap4k:    31524404 kB
DirectMap2M:     1867776 kB
DirectMap1G:     1048576 kB
",cpu  66724040 213926 12913025 4257450627 480661 0 473686 0 0 0,"3017586 (ros2_control_no) S 3017571 3017571 2912103 34817 3017571 4194304 13748 0 10 0 1200490 9401 0 0 20 0 39 0 216637404 2744119296 29203 18446744073709551615 106820472733696 106820472749549 140723865944256 0 0 0 4096 0 1098925310 0 0 0 17 17 0 0 0 0 0 106820472760512 106820472762592 106821535870976 140723865947817 140723865948053 140723865948053 140723865956287 0
"
2172318.491784596,1791283755.9813094,"(2.86376953125, 3.67138671875, 4.34765625)","Inter-|   Receive                                                |  Transmit
 face |bytes    packets errs drop fifo frame compressed multicast|bytes    packets errs drop fifo colls carrier compressed
    lo: 16335850242 21830760    0    0    0     0          0         0 16335850242 21830760    0    0    0     0       0          0
enp3s0: 101741589952 80137300    0    0    0     0          0         0 594533863 8093026    0    0    0     0       0          0
enp6s0: 62489108  544826    0  260    0     0          0     18851        0       0    0    0    0     0       0          0
wlp4s0: 9002529635 14861628    0    0    0     0          0         0 17081468639 19576199    0    0    0     0       0          0
","MemTotal:       32698160 kB
MemFree:         3196752 kB
MemAvailable:   24115500 kB
Buffers:          429588 kB
Cached:         20101844 kB
SwapCached:        26004 kB
Active:         16664164 kB
Inactive:       10940664 kB
Active(anon):    1596668 kB
Inactive(anon):  5266496 kB
Active(file):   15067496 kB
Inactive(file):  5674168 kB
Unevictable:          24 kB
Mlocked:              16 kB
SwapTotal:       2097148 kB
SwapFree:            324 kB
Zswap:                 0 kB
Zswapped:              0 kB
Dirty:              1548 kB
Writeback:             0 kB
AnonPages:       7049224 kB
Mapped:          1159644 kB
Shmem:             71636 kB
KReclaimable:     646904 kB
Slab:            1008356 kB
SReclaimable:     646904 kB
SUnreclaim:       361452 kB
KernelStack:       28192 kB
PageTables:        83376 kB
SecPageTables:         0 kB
NFS_Unstable:          0 kB
Bounce:                0 kB
WritebackTmp:          0 kB
CommitLimit:    18446228 kB
Committed_AS:   23675348 kB
VmallocTotal:   34359738367 kB
VmallocUsed:      236652 kB
VmallocChunk:          0 kB
Percpu:            20160 kB
HardwareCorrupted:     0 kB
AnonHugePages:         0 kB
ShmemHugePages:        0 kB
ShmemPmdMapped:        0 kB
FileHugePages:         0 kB
FilePmdMapped:         0 kB
Unaccepted:            0 kB
HugePages_Total:       0
HugePages_Free:        0
HugePages_Rsvd:        0
HugePages_Surp:        0
Hugepagesize:       2048 kB
Hugetlb:               0 kB
DirectMap4k:    31524404 kB
DirectMap2M:     1867776 kB
DirectMap1G:     1048576 kB
",cpu  66724090 213926 12913026 4257450979 480661 0 473687 0 0 0,"3017586 (ros2_control_no) S 3017571 3017571 2912103 34817 3017571 4194304 13748 0 10 0 1200531 9401 0 0 20 0 39 0 216637404 2744119296 29203 18446744073709551615 106820472733696 106820472749549 140723865944256 0 0 0 4096 0 1098925310 0 0 0 17 17 0 0 0 0 0 106820472760512 106820472762592 106821535870976 140723865947817 140723865948053 140723865948053 140723865956287 0
"
2172318.693029614,1791283756.1825547,"(2.86376953125, 3.67138671875, 4.34765625)","Inter-|   Receive                                                |  Transmit
 face |bytes    packets errs drop fifo frame compressed multicast|bytes    packets errs drop fifo colls carrier compressed
    lo: 16335856500 21830808    0    0    0     0          0         0 16335856500 21830808    0    0    0     0       0          0
enp3s0: 101741865210 80137519    0    0    0     0          0         0 594535489 8093051    0    0    0     0       0          0
enp6s0: 62489108  544826    0  260    0     0          0     18851        0       0    0    0    0     0       0          0
wlp4s0: 9003180743 14862088    0    0    0     0          0         0 17081478554 19576291    0    0    0     0       0          0
","MemTotal:       32698160 kB
MemFree:         3194904 kB
MemAvailable:   24113652 kB
Buffers:          429588 kB
Cached:         20101844 kB
SwapCached:        26004 kB
Active:         16665932 kB
Inactive:       10940660 kB
Active(anon):    1598436 kB
Inactive(anon):  5266492 kB
Active(file):   15067496 kB
Inactive(file):  5674168 kB
Unevictable:          24 kB
Mlocked:              16 kB
SwapTotal:       2097148 kB
SwapFree:            324 kB
Zswap:                 0 kB
Zswapped:              0 kB
Dirty:              1548 kB
Writeback:             0 kB
AnonPages:       7050996 kB
Mapped:          1159644 kB
Shmem:             71636 kB
KReclaimable:     646904 kB
Slab:            1008388 kB
SReclaimable:     646904 kB
SUnreclaim:       361484 kB
KernelStack:       28192 kB
PageTables:        83376 kB
SecPageTables:         0 kB
NFS_Unstable:          0 kB
Bounce:                0 kB
WritebackTmp:          0 kB
CommitLimit:    18446228 kB
Committed_AS:   23675328 kB
VmallocTotal:   34359738367 kB
VmallocUsed:      236652 kB
VmallocChunk:          0 kB
Percpu:            20160 kB
HardwareCorrupted:     0 kB
AnonHugePages:         0 kB
ShmemHugePages:        0 kB
ShmemPmdMapped:        0 kB
FileHugePages:         0 kB
FilePmdMapped:         0 kB
Unaccepted:            0 kB
HugePages_Total:       0
HugePages_Free:        0
HugePages_Rsvd:        0
HugePages_Surp:        0
Hugepagesize:       2048 kB
Hugetlb:               0 kB
DirectMap4k:    31524404 kB
DirectMap2M:     1867776 kB
DirectMap1G:     1048576 kB
",cpu  66724143 213926 12913029 4257451323 480661 0 473688 0 0 0,"3017586 (ros2_control_no) S 3017571 3017571 2912103 34817 3017571 4194304 13748 0 10 0 1200571 9401 0 0 20 0 39 0 216637404 2744119296 29203 18446744073709551615 106820472733696 106820472749549 140723865944256 0 0 0 4096 0 1098925310 0 0 0 17 17 0 0 0 0 0 106820472760512 106820472762592 106821535870976 140723865947817 140723865948053 140723865948053 140723865956287 0
"
2172318.894787495,1791283756.3843126,"(2.86376953125, 3.67138671875, 4.34765625)","Inter-|   Receive                                                |  Transmit
 face |bytes    packets errs drop fifo frame compressed multicast|bytes    packets errs drop fifo colls carrier compressed
    lo: 16335864222 21830857    0    0    0     0          0         0 16335864222 21830857    0    0    0     0       0          0
enp3s0: 101742140289 80137730    0    0    0     0          0         0 594536662 8093069    0    0    0     0       0          0
enp6s0: 62489108  544826    0  260    0     0          0     18851        0       0    0    0    0     0       0          0
wlp4s0: 9003184243 14862108    0    0    0     0          0         0 17081482940 19576309    0    0    0     0       0          0
","MemTotal:       32698160 kB
MemFree:         3194904 kB
MemAvailable:   24113652 kB
Buffers:          429588 kB
Cached:         20101844 kB
SwapCached:        26004 kB
Active:         16665948 kB
Inactive:       10940660 kB
Active(anon):    1598452 kB
Inactive(anon):  5266492 kB
Active(file):   15067496 kB
Inactive(file):  5674168 kB
Unevictable:          24 kB
Mlocked:              16 kB
SwapTotal:       2097148 kB
SwapFree:            324 kB
Zswap:                 0 kB
Zswapped:              0 kB
Dirty:              1548 kB
Writeback:             0 kB
AnonPages:       7051000 kB
Mapped:          1159644 kB
Shmem:             71636 kB
KReclaimable:     646904 kB
Slab:            1008388 kB
SReclaimable:     646904 kB
SUnreclaim:       361484 kB
KernelStack:       28192 kB
PageTables:        83376 kB
SecPageTables:         0 kB
NFS_Unstable:          0 kB
Bounce:                0 kB
WritebackTmp:          0 kB
CommitLimit:    18446228 kB
Committed_AS:   23675328 kB
VmallocTotal:   34359738367 kB
VmallocUsed:      236652 kB
VmallocChunk:          0 kB
Percpu:            20160 kB
HardwareCorrupted:     0 kB
AnonHugePages:         0 kB
ShmemHugePages:        0 kB
ShmemPmdMapped:        0 kB
FileHugePages:         0 kB
FilePmdMapped:         0 kB
Unaccepted:            0 kB
HugePages_Total:       0
HugePages_Free:        0
HugePages_Rsvd:        0
HugePages_Surp:        0
Hugepagesize:       2048 kB
Hugetlb:               0 kB
DirectMap4k:    31524404 kB
DirectMap2M:     1867776 kB
DirectMap1G:     1048576 kB
",cpu  66724199 213926 12913034 4257451666 480661 0 473688 0 0 0,"3017586 (ros2_control_no) S 3017571 3017571 2912103 34817 3017571 4194304 13748 0 10 0 1200612 9401 0 0 20 0 39 0 216637404 2744119296 29203 18446744073709551615 106820472733696 106820472749549 140723865944256 0 0 0 4096 0 1098925310 0 0 0 17 17 0 0 0 0 0 106820472760512 106820472762592 106821535870976 140723865947817 140723865948053 140723865948053 140723865956287 0
"
2172319.096029049,1791283756.585554,"(2.86376953125, 3.67138671875, 4.34765625)","Inter-|   Receive                                                |  Transmit
 face |bytes    packets errs drop fifo frame compressed multicast|bytes    packets errs drop fifo colls carrier compressed
    lo: 16335867828 21830883    0    0    0     0          0         0 16335867828 21830883    0    0    0     0       0          0
enp3s0: 101742415229 80137947    0    0    0     0          0         0 594538180 8093092    0    0    0     0       0          0
enp6s0: 62489108  544826    0  260    0     0          0     18851        0       0    0    0    0     0       0          0
wlp4s0: 9003184828 14862114    0    0    0     0          0         0 17081485429 19576319    0    0    0     0       0          0
","MemTotal:       32698160 kB
MemFree:         3194904 kB
MemAvailable:   24113652 kB
Buffers:          429588 kB
Cached:         20101844 kB
SwapCached:        26004 kB
Active:         16665948 kB
Inactive:       10940660 kB
Active(anon):    1598452 kB
Inactive(anon):  5266492 kB
Active(file):   15067496 kB
Inactive(file):  5674168 kB
Unevictable:          24 kB
Mlocked:              16 kB
SwapTotal:       2097148 kB
SwapFree:            324 kB
Zswap:                 0 kB
Zswapped:              0 kB
Dirty:              1548 kB
Writeback:             0 kB
AnonPages:       7051004 kB
Mapped:          1159644 kB
Shmem:             71636 kB
KReclaimable:     646904 kB
Slab:            1008388 kB
SReclaimable:     646904 kB
SUnreclaim:       361484 kB
KernelStack:       28192 kB
PageTables:        83376 kB
SecPageTables:         0 kB
NFS_Unstable:          0 kB
Bounce:                0 kB
WritebackTmp:          0 kB
CommitLimit:    18446228 kB
Committed_AS:   23675328 kB
VmallocTotal:   34359738367 kB
VmallocUsed:      236652 kB
VmallocChunk:          0 kB
Percpu:            20160 kB
HardwareCorrupted:     0 kB
AnonHugePages:         0 kB
ShmemHugePages:        0 kB
ShmemPmdMapped:        0 kB
FileHugePages:         0 kB
FilePmdMapped:         0 kB
Unaccepted:            0 kB
HugePages_Total:       0
HugePages_Free:        0
HugePages_Rsvd:        0
HugePages_Surp:        0
Hugepagesize:       2048 kB
Hugetlb:               0 kB
DirectMap4k:    31524404 kB
DirectMap2M:     1867776 kB
DirectMap1G:     1048576 kB
",cpu  66724250 213926 12913036 4257452014 480661 0 473688 0 0 0,"3017586 (ros2_control_no) S 3017571 3017571 2912103 34817 3017571 4194304 13748 0 10 0 1200652 9401 0 0 20 0 39 0 216637404 2744119296 29203 18446744073709551615 106820472733696 106820472749549 140723865944256 0 0 0 4096 0 1098925310 0 0 0 17 17 0 0 0 0 0 106820472760512 106820472762592 106821535870976 140723865947817 140723865948053 140723865948053 140723865956287 0
"
2172319.297296089,1791283756.7868211,"(2.86376953125, 3.67138671875, 4.34765625)","Inter-|   Receive                                                |  Transmit
 face |bytes    packets errs drop fifo frame compressed multicast|bytes    packets errs drop fifo colls carrier compressed
    lo: 16335872260 21830913    0    0    0     0          0         0 16335872260 21830913    0    0    0     0       0          0
enp3s0: 101742688872 80138163    0    0    0     0          0         0 594539740 8093116    0    0    0     0       0          0
enp6s0: 62489108  544826    0  260    0     0          0     18851        0       0    0    0    0     0       0          0
wlp4s0: 9003185279 14862120    0    0    0     0          0         0 17081489175 19576336    0    0    0     0       0          0
","MemTotal:       32698160 kB
MemFree:         3195632 kB
MemAvailable:   24114384 kB
Buffers:          429588 kB
Cached:         20101844 kB
SwapCached:        26004 kB
Active:         16666508 kB
Inactive:       10940664 kB
Active(anon):    1599012 kB
Inactive(anon):  5266492 kB
Active(file):   15067496 kB
Inactive(file):  5674172 kB
Unevictable:          24 kB
Mlocked:              16 kB
SwapTotal:       2097148 kB
SwapFree:            324 kB
Zswap:                 0 kB
Zswapped:              0 kB
Dirty:              1628 kB
Writeback:             0 kB
AnonPages:       7051600 kB
Mapped:          1159644 kB
Shmem:             71636 kB
KReclaimable:     646904 kB
Slab:            1008436 kB
SReclaimable:     646904 kB
SUnreclaim:       361532 kB
KernelStack:       28192 kB
PageTables:        83380 kB
SecPageTables:         0 kB
NFS_Unstable:          0 kB
Bounce:                0 kB
WritebackTmp:          0 kB
CommitLimit:    18446228 kB
Committed_AS:   23675328 kB
VmallocTotal:   34359738367 kB
VmallocUsed:      236652 kB
VmallocChunk:          0 kB
Percpu:            20160 kB
HardwareCorrupted:     0 kB
AnonHugePages:         0 kB
ShmemHugePages:        0 kB
ShmemPmdMapped:        0 kB
FileHugePages:         0 kB
FilePmdMapped:         0 kB
Unaccepted:            0 kB
HugePages_Total:       0
HugePages_Free:        0
HugePages_Rsvd:        0
HugePages_Surp:        0
Hugepagesize:       2048 kB
Hugetlb:               0 kB
DirectMap4k:    31524404 kB
DirectMap2M:     1867776 kB
DirectMap1G:     1048576 kB
",cpu  66724304 213926 12913041 4257452356 480661 0 473689 0 0 0,"3017586 (ros2_control_no) S 3017571 3017571 2912103 34817 3017571 4194304 13748 0 10 0 1200693 9401 0 0 20 0 39 0 216637404 2744119296 29203 18446744073709551615 106820472733696 106820472749549 140723865944256 0 0 0 4096 0 1098925310 0 0 0 17 17 0 0 0 0 0 106820472760512 106820472762592 106821535870976 140723865947817 140723865948053 140723865948053 140723865956287 0
"
2172319.498629276,1791283756.9881544,"(2.86376953125, 3.67138671875, 4.34765625)","Inter-|   Receive                                                |  Transmit
 face |bytes    packets errs drop fifo frame compressed multicast|bytes    packets errs drop fifo colls carrier compressed
    lo: 16335877433 21830953    0    0    0     0          0         0 16335877433 21830953    0    0    0     0       0          0
enp3s0: 101742963235 80138376    0    0    0     0          0         0 594540994 8093135    0    0    0     0       0          0
enp6s0: 62489108  544826    0  260    0     0          0     18851        0       0    0    0    0     0       0          0
wlp4s0: 9003186634 14862133    0    0    0     0          0         0 17081493028 19576355    0    0    0     0       0          0
","MemTotal:       32698160 kB
MemFree:         3195380 kB
MemAvailable:   24114132 kB
Buffers:          429588 kB
Cached:         20101844 kB
SwapCached:        26004 kB
Active:         16666568 kB
Inactive:       10940664 kB
Active(anon):    1599072 kB
Inactive(anon):  5266492 kB
Active(file):   15067496 kB
Inactive(file):  5674172 kB
Unevictable:          24 kB
Mlocked:              16 kB
SwapTotal:       2097148 kB
SwapFree:            324 kB
Zswap:                 0 kB
Zswapped:              0 kB
Dirty:              1628 kB
Writeback:             0 kB
AnonPages:       7051668 kB
Mapped:          1159644 kB
Shmem:             71636 kB
KReclaimable:     646904 kB
Slab:            1008436 kB
SReclaimable:     646904 kB
SUnreclaim:       361532 kB
KernelStack:       28192 kB
PageTables:        83380 kB
SecPageTables:         0 kB
NFS_Unstable:          0 kB
Bounce:                0 kB
WritebackTmp:          0 kB
CommitLimit:    18446228 kB
Committed_AS:   23675328 kB
VmallocTotal:   34359738367 kB
VmallocUsed:      236652 kB
VmallocChunk:          0 kB
Percpu:            20160 kB
HardwareCorrupted:     0 kB
AnonHugePages:         0 kB
ShmemHugePages:        0 kB
ShmemPmdMapped:        0 kB
FileHugePages:         0 kB
FilePmdMapped:         0 kB
Unaccepted:            0 kB
HugePages_Total:       0
HugePages_Free:        0
HugePages_Rsvd:        0
HugePages_Surp:        0
Hugepagesize:       2048 kB
Hugetlb:               0 kB
DirectMap4k:    31524404 kB
DirectMap2M:     1867776 kB
DirectMap1G:     1048576 kB
",cpu  66724360 213926 12913046 4257452697 480661 0 473689 0 0 0,"3017586 (ros2_control_no) S 3017571 3017571 2912103 34817 3017571 4194304 13748 0 10 0 1200734 9401 0 0 20 0 39 0 216637404 2744119296 29203 18446744073709551615 106820472733696 106820472749549 140723865944256 0 0 0 4096 0 1098925310 0 0 0 17 17 0 0 0 0 0 106820472760512 106820472762592 106821535870976 140723865947817 140723865948053 140723865948053 140723865956287 0
"
2172319.700051772,1791283757.1895766,"(2.86376953125, 3.67138671875, 4.34765625)","Inter-|   Receive                                                |  Transmit
 face |bytes    packets errs drop fifo frame compressed multicast|bytes    packets errs drop fifo colls carrier compressed
    lo: 16335884671 21831007    0    0    0     0          0         0 16335884671 21831007    0    0    0     0       0          0
enp3s0: 101743237264 80138587    0    0    0     0          0         0 594542116 8093152    0    0    0     0       0          0
enp6s0: 62489108  544826    0  260    0     0          0     18851        0       0    0    0    0     0       0          0
wlp4s0: 9003188126 14862149    0    0    0     0          0         0 17081497741 19576380    0    0    0     0       0          0
","MemTotal:       32698160 kB
MemFree:         3195380 kB
MemAvailable:   24114132 kB
Buffers:          429588 kB
Cached:         20101844 kB
SwapCached:        26004 kB
Active:         16666628 kB
Inactive:       10940664 kB
Active(anon):    1599132 kB
Inactive(anon):  5266492 kB
Active(file):   15067496 kB
Inactive(file):  5674172 kB
Unevictable:          24 kB
Mlocked:              16 kB
SwapTotal:       2097148 kB
SwapFree:            324 kB
Zswap:                 0 kB
Zswapped:              0 kB
Dirty:              1628 kB
Writeback:             0 kB
AnonPages:       7051728 kB
Mapped:          1159644 kB
Shmem:             71636 kB
KReclaimable:     646904 kB
Slab:            1008436 kB
SReclaimable:     646904 kB
SUnreclaim:       361532 kB
KernelStack:       28192 kB
PageTables:        83380 kB
SecPageTables:         0 kB
NFS_Unstable:          0 kB
Bounce:                0 kB
WritebackTmp:          0 kB
CommitLimit:    18446228 kB
Committed_AS:   23675328 kB
VmallocTotal:   34359738367 kB
VmallocUsed:      236652 kB
VmallocChunk:          0 kB
Percpu:            20160 kB
HardwareCorrupted:     0 kB
AnonHugePages:         0 kB
ShmemHugePages:        0 kB
ShmemPmdMapped:        0 kB
FileHugePages:         0 kB
FilePmdMapped:         0 kB
Unaccepted:            0 kB
HugePages_Total:       0
HugePages_Free:        0
HugePages_Rsvd:        0
HugePages_Surp:        0
Hugepagesize:       2048 kB
Hugetlb:               0 kB
DirectMap4k:    31524404 kB
DirectMap2M:     1867776 kB
DirectMap1G:     1048576 kB
",cpu  66724417 213926 12913050 4257453034 480661 0 473689 0 0 0,"3017586 (ros2_control_no) S 3017571 3017571 2912103 34817 3017571 4194304 13748 0 10 0 1200775 9401 0 0 20 0 39 0 216637404 2744119296 29203 18446744073709551615 106820472733696 106820472749549 140723865944256 0 0 0 4096 0 1098925310 0 0 0 17 17 0 0 0 0 0 106820472760512 106820472762592 106821535870976 140723865947817 140723865948053 140723865948053 140723865956287 0
"
2172319.901413267,1791283757.3909383,"(2.955078125, 3.67724609375, 4.345703125)","Inter-|   Receive                                                |  Transmit
 face |bytes    packets errs drop fifo frame compressed multicast|bytes    packets errs drop fifo colls carrier compressed
    lo: 16335892839 21831058    0    0    0     0          0         0 16335892839 21831058    0    0    0     0       0          0
enp3s0: 101743511293 80138798    0    0    0     0          0         0 594543289 8093170    0    0    0     0       0          0
enp6s0: 62489108  544826    0  260    0     0          0     18851        0       0    0    0    0     0       0          0
wlp4s0: 9003189903 14862164    0    0    0     0          0         0 17081502694 19576400    0    0    0     0       0          0
","MemTotal:       32698160 kB
MemFree:         3195132 kB
MemAvailable:   24113884 kB
Buffers:          429588 kB
Cached:         20101844 kB
SwapCached:        26004 kB
Active:         16666720 kB
Inactive:       10940664 kB
Active(anon):    1599224 kB
Inactive(anon):  5266492 kB
Active(file):   15067496 kB
Inactive(file):  5674172 kB
Unevictable:          24 kB
Mlocked:              16 kB
SwapTotal:       2097148 kB
SwapFree:            324 kB
Zswap:                 0 kB
Zswapped:              0 kB
Dirty:              1628 kB
Writeback:             0 kB
AnonPages:       7051788 kB
Mapped:          1159644 kB
Shmem:             71636 kB
KReclaimable:     646904 kB
Slab:            1008476 kB
SReclaimable:     646904 kB
SUnreclaim:       361572 kB
KernelStack:       28192 kB
PageTables:        83380 kB
SecPageTables:         0 kB
NFS_Unstable:          0 kB
Bounce:                0 kB
WritebackTmp:          0 kB
CommitLimit:    18446228 kB
Committed_AS:   23675328 kB
VmallocTotal:   34359738367 kB
VmallocUsed:      236652 kB
VmallocChunk:          0 kB
Percpu:            20160 kB
HardwareCorrupted:     0 kB
AnonHugePages:         0 kB
ShmemHugePages:        0 kB
ShmemPmdMapped:        0 kB
FileHugePages:         0 kB
FilePmdMapped:         0 kB
Unaccepted:            0 kB
HugePages_Total:       0
HugePages_Free:        0
HugePages_Rsvd:        0
HugePages_Surp:        0
Hugepagesize:       2048 kB
Hugetlb:               0 kB
DirectMap4k:    31524404 kB
DirectMap2M:     1867776 kB
DirectMap1G:     1048576 kB
",cpu  66724481 213926 12913055 4257453368 480661 0 473689 0 0 0,"3017586 (ros2_control_no) S 3017571 3017571 2912103 34817 3017571 4194304 13748 0 10 0 1200815 9402 0 0 20 0 39 0 216637404 2744119296 29203 18446744073709551615 106820472733696 106820472749549 140723865944256 0 0 0 4096 0 1098925310 0 0 0 17 17 0 0 0 0 0 106820472760512 106820472762592 106821535870976 140723865947817 140723865948053 140723865948053 140723865956287 0
"
2172320.102763897,1791283757.592289,"(2.955078125, 3.67724609375, 4.345703125)","Inter-|   Receive                                                |  Transmit
 face |bytes    packets errs drop fifo frame compressed multicast|bytes    packets errs drop fifo colls carrier compressed
    lo: 16335899779 21831099    0    0    0     0          0         0 16335899779 21831099    0    0    0     0       0          0
enp3s0: 101743785489 80139010    0    0    0     0          0         0 594544477 8093188    0    0    0     0       0          0
enp6s0: 62489108  544826    0  260    0     0          0     18851        0       0    0    0    0     0       0          0
wlp4s0: 9003191139 14862177    0    0    0     0          0         0 17081507823 19576419    0    0    0     0       0          0
","MemTotal:       32698160 kB
MemFree:         3194880 kB
MemAvailable:   24113632 kB
Buffers:          429588 kB
Cached:         20101844 kB
SwapCached:        26004 kB
Active:         16666780 kB
Inactive:       10940664 kB
Active(anon):    1599284 kB
Inactive(anon):  5266492 kB
Active(file):   15067496 kB
Inactive(file):  5674172 kB
Unevictable:          24 kB
Mlocked:              16 kB
SwapTotal:       2097148 kB
SwapFree:            324 kB
Zswap:                 0 kB
Zswapped:              0 kB
Dirty:              1628 kB
Writeback:             0 kB
AnonPages:       7051852 kB
Mapped:          1159644 kB
Shmem:             71636 kB
KReclaimable:     646904 kB
Slab:            1008460 kB
SReclaimable:     646904 kB
SUnreclaim:       361556 kB
KernelStack:       28192 kB
PageTables:        83380 kB
SecPageTables:         0 kB
NFS_Unstable:          0 kB
Bounce:                0 kB
WritebackTmp:          0 kB
CommitLimit:    18446228 kB
Committed_AS:   23675328 kB
VmallocTotal:   34359738367 kB
VmallocUsed:      236652 kB
VmallocChunk:          0 kB
Percpu:            20160 kB
HardwareCorrupted:     0 kB
AnonHugePages:         0 kB
ShmemHugePages:        0 kB
ShmemPmdMapped:        0 kB
FileHugePages:         0 kB
FilePmdMapped:         0 kB
Unaccepted:            0 kB
HugePages_Total:       0
HugePages_Free:        0
HugePages_Rsvd:        0
HugePages_Surp:        0
Hugepagesize:       2048 kB
Hugetlb:               0 kB
DirectMap4k:    31524404 kB
DirectMap2M:     1867776 kB
DirectMap1G:     1048576 kB
",cpu  66724539 213926 12913059 4257453704 480661 0 473689 0 0 0,"3017586 (ros2_control_no) S 3017571 3017571 2912103 34817 3017571 4194304 13748 0 10 0 1200856 9402 0 0 20 0 39 0 216637404 2744119296 29203 18446744073709551615 106820472733696 106820472749549 140723865944256 0 0 0 4096 0 1098925310 0 0 0 17 17 0 0 0 0 0 106820472760512 106820472762592 106821535870976 140723865947817 140723865948053 140723865948053 140723865956287 0
"
2172320.304335478,1791283757.7938607,"(2.955078125, 3.67724609375, 4.345703125)","Inter-|   Receive                                                |  Transmit
 face |bytes    packets errs drop fifo frame compressed multicast|bytes    packets errs drop fifo colls carrier compressed
    lo: 16335909844 21831146    0    0    0     0          0         0 16335909844 21831146    0    0    0     0       0          0
enp3s0: 101744060906 80139222    0    0    0     0          0         0 594545641 8093206    0    0    0     0       0          0
enp6s0: 62489108  544826    0  260    0     0          0     18851        0       0    0    0    0     0       0          0
wlp4s0: 9003195685 14862198    0    0    0     0          0         0 17081516387 19576441    0    0    0     0       0          0
","MemTotal:       32698160 kB
MemFree:         3196008 kB
MemAvailable:   24114760 kB
Buffers:          429588 kB
Cached:         20101844 kB
SwapCached:        26004 kB
Active:         16666776 kB
Inactive:       10940664 kB
Active(anon):    1599280 kB
Inactive(anon):  5266492 kB
Active(file):   15067496 kB
Inactive(file):  5674172 kB
Unevictable:          24 kB
Mlocked:              16 kB
SwapTotal:       2097148 kB
SwapFree:            324 kB
Zswap:                 0 kB
Zswapped:              0 kB
Dirty:              1628 kB
Writeback:             0 kB
AnonPages:       7051852 kB
Mapped:          1159644 kB
Shmem:             71636 kB
KReclaimable:     646904 kB
Slab:            1008444 kB
SReclaimable:     646904 kB
SUnreclaim:       361540 kB
KernelStack:       28192 kB
PageTables:        83380 kB
SecPageTables:         0 kB
NFS_Unstable:          0 kB
Bounce:                0 kB
WritebackTmp:          0 kB
CommitLimit:    18446228 kB
Committed_AS:   23675328 kB
VmallocTotal:   34359738367 kB
VmallocUsed:      236652 kB
VmallocChunk:          0 kB
Percpu:            20160 kB
HardwareCorrupted:     0 kB
AnonHugePages:         0 kB
ShmemHugePages:        0 kB
ShmemPmdMapped:        0 kB
FileHugePages:         0 kB
FilePmdMapped:         0 kB
Unaccepted:            0 kB
HugePages_Total:       0
HugePages_Free:        0
HugePages_Rsvd:        0
HugePages_Surp:        0
Hugepagesize:       2048 kB
Hugetlb:               0 kB
DirectMap4k:    31524404 kB
DirectMap2M:     1867776 kB
DirectMap1G:     1048576 kB
",cpu  66724602 213926 12913064 4257454038 480661 0 473689 0 0 0,"3017586 (ros2_control_no) S 3017571 3017571 2912103 34817 3017571 4194304 13748 0 10 0 1200897 9402 0 0 20 0 39 0 216637404 2744119296 29203 18446744073709551615 106820472733696 106820472749549 140723865944256 0 0 0 4096 0 1098925310 0 0 0 17 17 0 0 0 0 0 106820472760512 106820472762592 106821535870976 140723865947817 140723865948053 140723865948053 140723865956287 0
"
2172320.50674116,1791283757.9962661,"(2.955078125, 3.67724609375, 4.345703125)","Inter-|   Receive                                                |  Transmit
 face |bytes    packets errs drop fifo frame compressed multicast|bytes    packets errs drop fifo colls carrier compressed
    lo: 16335925450 21831200    0    0    0     0          0         0 16335925450 21831200    0    0    0     0       0          0
enp3s0: 101744334935 80139433    0    0    0     0          0         0 594546763 8093223    0    0    0     0       0          0
enp6s0: 62489108  544826    0  260    0     0          0     18851        0       0    0    0    0     0       0          0
wlp4s0: 9003197398 14862215    0    0    0     0          0         0 17081529592 19576464    0    0    0     0       0          0
","MemTotal:       32698160 kB
MemFree:         3195756 kB
MemAvailable:   24114508 kB
Buffers:          429588 kB
Cached:         20101844 kB
SwapCached:        26004 kB
Active:         16666776 kB
Inactive:       10940664 kB
Active(anon):    1599280 kB
Inactive(anon):  5266492 kB
Active(file):   15067496 kB
Inactive(file):  5674172 kB
Unevictable:          24 kB
Mlocked:              16 kB
SwapTotal:       2097148 kB
SwapFree:            324 kB
Zswap:                 0 kB
Zswapped:              0 kB
Dirty:              1628 kB
Writeback:             0 kB
AnonPages:       7051852 kB
Mapped:          1159644 kB
Shmem:             71636 kB
KReclaimable:     646904 kB
Slab:            1008420 kB
SReclaimable:     646904 kB
SUnreclaim:       361516 kB
KernelStack:       28192 kB
PageTables:        83380 kB
SecPageTables:         0 kB
NFS_Unstable:          0 kB
Bounce:                0 kB
WritebackTmp:          0 kB
CommitLimit:    18446228 kB
Committed_AS:   23675328 kB
VmallocTotal:   34359738367 kB
VmallocUsed:      236652 kB
VmallocChunk:          0 kB
Percpu:            20160 kB
HardwareCorrupted:     0 kB
AnonHugePages:         0 kB
ShmemHugePages:        0 kB
ShmemPmdMapped:        0 kB
FileHugePages:         0 kB
FilePmdMapped:         0 kB
Unaccepted:            0 kB
HugePages_Total:       0
HugePages_Free:        0
HugePages_Rsvd:        0
HugePages_Surp:        0
Hugepagesize:       2048 kB
Hugetlb:               0 kB
DirectMap4k:    31524404 kB
DirectMap2M:     1867776 kB
DirectMap1G:     1048576 kB
",cpu  66724662 213926 12913068 4257454375 480661 0 473690 0 0 0,"3017586 (ros2_control_no) S 3017571 3017571 2912103 34817 3017571 4194304 13748 0 10 0 1200937 9402 0 0 20 0 39 0 216637404 2744119296 29203 18446744073709551615 106820472733696 106820472749549 140723865944256 0 0 0 4096 0 1098925310 0 0 0 17 17 0 0 0 0 0 106820472760512 106820472762592 106821535870976 140723865947817 140723865948053 140723865948053 140723865956287 0
"
2172320.708522514,1791283758.1980474,"(2.955078125, 3.67724609375, 4.345703125)","Inter-|   Receive                                                |  Transmit
 face |bytes    packets errs drop fifo frame compressed multicast|bytes    packets errs drop fifo colls carrier compressed
    lo: 16335949491 21831278    0    0    0     0          0         0 16335949491 21831278    0    0    0     0       0          0
enp3s0: 101744609298 80139646    0    0    0     0          0         0 594548446 8093244    0    0    0     0       0          0
enp6s0: 62489108  544826    0  260    0     0          0     18851        0       0    0    0    0     0       0          0
wlp4s0: 9003200066 14862240    0    0    0     0          0         0 17081550596 19576505    0    0    0     0       0          0
","MemTotal:       32698160 kB
MemFree:         3195756 kB
MemAvailable:   24114508 kB
Buffers:          429588 kB
Cached:         20101844 kB
SwapCached:        26004 kB
Active:         16666800 kB
Inactive:       10940664 kB
Active(anon):    1599304 kB
Inactive(anon):  5266492 kB
Active(file):   15067496 kB
Inactive(file):  5674172 kB
Unevictable:          24 kB
Mlocked:              16 kB
SwapTotal:       2097148 kB
SwapFree:            324 kB
Zswap:                 0 kB
Zswapped:              0 kB
Dirty:              1628 kB
Writeback:             0 kB
AnonPages:       7051832 kB
Mapped:          1159644 kB
Shmem:             71636 kB
KReclaimable:     646904 kB
Slab:            1008420 kB
SReclaimable:     646904 kB
SUnreclaim:       361516 kB
KernelStack:       28176 kB
PageTables:        83380 kB
SecPageTables:         0 kB
NFS_Unstable:          0 kB
Bounce:                0 kB
WritebackTmp:          0 kB
CommitLimit:    18446228 kB
Committed_AS:   23675312 kB
VmallocTotal:   34359738367 kB
VmallocUsed:      236652 kB
VmallocChunk:          0 kB
Percpu:            20160 kB
HardwareCorrupted:     0 kB
AnonHugePages:         0 kB
ShmemHugePages:        0 kB
ShmemPmdMapped:        0 kB
FileHugePages:         0 kB
FilePmdMapped:         0 kB
Unaccepted:            0 kB
HugePages_Total:       0
HugePages_Free:        0
HugePages_Rsvd:        0
HugePages_Surp:        0
Hugepagesize:       2048 kB
Hugetlb:               0 kB
DirectMap4k:    31524404 kB
DirectMap2M:     1867776 kB
DirectMap1G:     1048576 kB
",cpu  66724727 213926 12913071 4257454707 480661 0 473690 0 0 0,"3017586 (ros2_control_no) S 3017571 3017571 2912103 34817 3017571 4194304 13748 0 10 0 1200978 9403 0 0 20 0 39 0 216637404 2744119296 29203 18446744073709551615 106820472733696 106820472749549 140723865944256 0 0 0 4096 0 1098925310 0 0 0 17 17 0 0 0 0 0 106820472760512 106820472762592 106821535870976 140723865947817 140723865948053 140723865948053 140723865956287 0
"
2172320.910631852,1791283758.400157,"(2.955078125, 3.67724609375, 4.345703125)","Inter-|   Receive                                                |  Transmit
 face |bytes    packets errs drop fifo frame compressed multicast|bytes    packets errs drop fifo colls carrier compressed
    lo: 16335967176 21831339    0    0    0     0          0         0 16335967176 21831339    0    0    0     0       0          0
enp3s0: 101744885216 80139861    0    0    0     0          0         0 594550144 8093265    0    0    0     0       0          0
enp6s0: 62489108  544826    0  260    0     0          0     18851        0       0    0    0    0     0       0          0
wlp4s0: 9003202094 14862258    0    0    0     0          0         0 17081565694 19576537    0    0    0     0       0          0
","MemTotal:       32698160 kB
MemFree:         3195756 kB
MemAvailable:   24114508 kB
Buffers:          429588 kB
Cached:         20101844 kB
SwapCached:        26004 kB
Active:         16666800 kB
Inactive:       10940664 kB
Active(anon):    1599304 kB
Inactive(anon):  5266492 kB
Active(file):   15067496 kB
Inactive(file):  5674172 kB
Unevictable:          24 kB
Mlocked:              16 kB
SwapTotal:       2097148 kB
SwapFree:            324 kB
Zswap:                 0 kB
Zswapped:              0 kB
Dirty:              1628 kB
Writeback:             0 kB
AnonPages:       7051832 kB
Mapped:          1159644 kB
Shmem:             71636 kB
KReclaimable:     646904 kB
Slab:            1008420 kB
SReclaimable:     646904 kB
SUnreclaim:       361516 kB
KernelStack:       28176 kB
PageTables:        83380 kB
SecPageTables:         0 kB
NFS_Unstable:          0 kB
Bounce:                0 kB
WritebackTmp:          0 kB
CommitLimit:    18446228 kB
Committed_AS:   23675296 kB
VmallocTotal:   34359738367 kB
VmallocUsed:      236636 kB
VmallocChunk:          0 kB
Percpu:            20160 kB
HardwareCorrupted:     0 kB
AnonHugePages:         0 kB
ShmemHugePages:        0 kB
ShmemPmdMapped:        0 kB
FileHugePages:         0 kB
FilePmdMapped:         0 kB
Unaccepted:            0 kB
HugePages_Total:       0
HugePages_Free:        0
HugePages_Rsvd:        0
HugePages_Surp:        0
Hugepagesize:       2048 kB
Hugetlb:               0 kB
DirectMap4k:    31524404 kB
DirectMap2M:     1867776 kB
DirectMap1G:     1048576 kB
",cpu  66724797 213926 12913074 4257455037 480661 0 473690 0 0 0,"3017586 (ros2_control_no) S 3017571 3017571 2912103 34817 3017571 4194304 13748 0 10 0 1201019 9403 0 0 20 0 39 0 216637404 2744119296 29203 18446744073709551615 106820472733696 106820472749549 140723865944256 0 0 0 4096 0 1098925310 0 0 0 17 17 0 0 0 0 0 106820472760512 106820472762592 106821535870976 140723865947817 140723865948053 140723865948053 140723865956287 0
"
2172321.112050799,1791283758.6015756,"(2.955078125, 3.67724609375, 4.345703125)","Inter-|   Receive                                                |  Transmit
 face |bytes    packets errs drop fifo frame compressed multicast|bytes    packets errs drop fifo colls carrier compressed
    lo: 16335973838 21831377    0    0    0     0          0         0 16335973838 21831377    0    0    0     0       0          0
enp3s0: 101745159245 80140072    0    0    0     0          0         0 594551644 8093283    0    0    0     0       0          0
enp6s0: 62489108  544826    0  260    0     0          0     18851        0       0    0    0    0     0       0          0
wlp4s0: 9003207127 14862283    0    0    0     0          0         0 17081573158 19576570    0    0    0     0       0          0
","MemTotal:       32698160 kB
MemFree:         3195756 kB
MemAvailable:   24114508 kB
Buffers:          429588 kB
Cached:         20101844 kB
SwapCached:        26004 kB
Active:         16666800 kB
Inactive:       10940664 kB
Active(anon):    1599304 kB
Inactive(anon):  5266492 kB
Active(file):   15067496 kB
Inactive(file):  5674172 kB
Unevictable:          24 kB
Mlocked:              16 kB
SwapTotal:       2097148 kB
SwapFree:            324 kB
Zswap:                 0 kB
Zswapped:              0 kB
Dirty:              1628 kB
Writeback:             0 kB
AnonPages:       7051836 kB
Mapped:          1159644 kB
Shmem:             71636 kB
KReclaimable:     646904 kB
Slab:            1008420 kB
SReclaimable:     646904 kB
SUnreclaim:       361516 kB
KernelStack:       28176 kB
PageTables:        83380 kB
SecPageTables:         0 kB
NFS_Unstable:          0 kB
Bounce:                0 kB
WritebackTmp:          0 kB
CommitLimit:    18446228 kB
Committed_AS:   23675296 kB
VmallocTotal:   34359738367 kB
VmallocUsed:      236636 kB
VmallocChunk:          0 kB
Percpu:            20160 kB
HardwareCorrupted:     0 kB
AnonHugePages:         0 kB
ShmemHugePages:        0 kB
ShmemPmdMapped:        0 kB
FileHugePages:         0 kB
FilePmdMapped:         0 kB
Unaccepted:            0 kB
HugePages_Total:       0
HugePages_Free:        0
HugePages_Rsvd:        0
HugePages_Surp:        0
Hugepagesize:       2048 kB
Hugetlb:               0 kB
DirectMap4k:    31524404 kB
DirectMap2M:     1867776 kB
DirectMap1G:     1048576 kB
",cpu  66724854 213926 12913077 4257455381 480661 0 473691 0 0 0,"3017586 (ros2_control_no) S 3017571 3017571 2912103 34817 3017571 4194304 13748 0 10 0 1201060 9403 0 0 20 0 39 0 216637404 2744119296 29203 18446744073709551615 106820472733696 106820472749549 140723865944256 0 0 0 4096 0 1098925310 0 0 0 17 17 0 0 0 0 0 106820472760512 106820472762592 106821535870976 140723865947817 140723865948053 140723865948053 140723865956287 0
"
2172321.313451223,1791283758.8029764,"(2.955078125, 3.67724609375, 4.345703125)","Inter-|   Receive                                                |  Transmit
 face |bytes    packets errs drop fifo frame compressed multicast|bytes    packets errs drop fifo colls carrier compressed
    lo: 16336118268 21832300    0    0    0     0          0         0 16336118268 21832300    0    0    0     0       0          0
enp3s0: 101745433942 80140287    0    0    0     0          0         0 594553450 8093306    0    0    0     0       0          0
enp6s0: 62489108  544826    0  260    0     0          0     18851        0       0    0    0    0     0       0          0
wlp4s0: 9003218055 14862385    0    0    0     0          0         0 17081640389 19577127    0    0    0     0       0          0
","MemTotal:       32698160 kB
MemFree:         3196072 kB
MemAvailable:   24114824 kB
Buffers:          429588 kB
Cached:         20101844 kB
SwapCached:        26004 kB
Active:         16667096 kB
Inactive:       10940664 kB
Active(anon):    1599600 kB
Inactive(anon):  5266492 kB
Active(file):   15067496 kB
Inactive(file):  5674172 kB
Unevictable:          24 kB
Mlocked:              16 kB
SwapTotal:       2097148 kB
SwapFree:            324 kB
Zswap:                 0 kB
Zswapped:              0 kB
Dirty:              1628 kB
Writeback:             0 kB
AnonPages:       7052164 kB
Mapped:          1159644 kB
Shmem:             71636 kB
KReclaimable:     646904 kB
Slab:            1008424 kB
SReclaimable:     646904 kB
SUnreclaim:       361520 kB
KernelStack:       28160 kB
PageTables:        83380 kB
SecPageTables:         0 kB
NFS_Unstable:          0 kB
Bounce:                0 kB
WritebackTmp:          0 kB
CommitLimit:    18446228 kB
Committed_AS:   23675296 kB
VmallocTotal:   34359738367 kB
VmallocUsed:      236636 kB
VmallocChunk:          0 kB
Percpu:            20160 kB
HardwareCorrupted:     0 kB
AnonHugePages:         0 kB
ShmemHugePages:        0 kB
ShmemPmdMapped:        0 kB
FileHugePages:         0 kB
FilePmdMapped:         0 kB
Unaccepted:            0 kB
HugePages_Total:       0
HugePages_Free:        0
HugePages_Rsvd:        0
HugePages_Surp:        0
Hugepagesize:       2048 kB
Hugetlb:               0 kB
DirectMap4k:    31524404 kB
DirectMap2M:     1867776 kB
DirectMap1G:     1048576 kB
",cpu  66724911 213926 12913080 4257455724 480661 0 473691 0 0 0,"3017586 (ros2_control_no) S 3017571 3017571 2912103 34817 3017571 4194304 13748 0 10 0 1201100 9403 0 0 20 0 39 0 216637404 2744119296 29203 18446744073709551615 106820472733696 106820472749549 140723865944256 0 0 0 4096 0 1098925310 0 0 0 17 17 0 0 0 0 0 106820472760512 106820472762592 106821535870976 140723865947817 140723865948053 140723865948053 140723865956287 0
"
2172321.515258133,1791283759.0047832,"(2.955078125, 3.67724609375, 4.345703125)","Inter-|   Receive                                                |  Transmit
 face |bytes    packets errs drop fifo frame compressed multicast|bytes    packets errs drop fifo colls carrier compressed
    lo: 16336124325 21832342    0    0    0     0          0         0 16336124325 21832342    0    0    0     0       0          0
enp3s0: 101745708639 80140502    0    0    0     0          0         0 594554836 8093327    0    0    0     0       0          0
enp6s0: 62489108  544826    0  260    0     0          0     18851        0       0    0    0    0     0       0          0
wlp4s0: 9003219159 14862396    0    0    0     0          0         0 17081644014 19577144    0    0    0     0       0          0
","MemTotal:       32698160 kB
MemFree:         3196072 kB
MemAvailable:   24114824 kB
Buffers:          429588 kB
Cached:         20101844 kB
SwapCached:        26004 kB
Active:         16667156 kB
Inactive:       10940664 kB
Active(anon):    1599660 kB
Inactive(anon):  5266492 kB
Active(file):   15067496 kB
Inactive(file):  5674172 kB
Unevictable:          24 kB
Mlocked:              16 kB
SwapTotal:       2097148 kB
SwapFree:            324 kB
Zswap:                 0 kB
Zswapped:              0 kB
Dirty:              1628 kB
Writeback:             0 kB
AnonPages:       7052232 kB
Mapped:          1159644 kB
Shmem:             71636 kB
KReclaimable:     646904 kB
Slab:            1008424 kB
SReclaimable:     646904 kB
SUnreclaim:       361520 kB
KernelStack:       28160 kB
PageTables:        83380 kB
SecPageTables:         0 kB
NFS_Unstable:          0 kB
Bounce:                0 kB
WritebackTmp:          0 kB
CommitLimit:    18446228 kB
Committed_AS:   23675296 kB
VmallocTotal:   34359738367 kB
VmallocUsed:      236636 kB
VmallocChunk:          0 kB
Percpu:            20160 kB
HardwareCorrupted:     0 kB
AnonHugePages:         0 kB
ShmemHugePages:        0 kB
ShmemPmdMapped:        0 kB
FileHugePages:         0 kB
FilePmdMapped:         0 kB
Unaccepted:            0 kB
HugePages_Total:       0
HugePages_Free:        0
HugePages_Rsvd:        0
HugePages_Surp:        0
Hugepagesize:       2048 kB
Hugetlb:               0 kB
DirectMap4k:    31524404 kB
DirectMap2M:     1867776 kB
DirectMap1G:     1048576 kB
",cpu  66724966 213926 12913083 4257456067 480661 0 473691 0 0 0,"3017586 (ros2_control_no) S 3017571 3017571 2912103 34817 3017571 4194304 13748 0 10 0 1201141 9404 0 0 20 0 39 0 216637404 2744119296 29203 18446744073709551615 106820472733696 106820472749549 140723865944256 0 0 0 4096 0 1098925310 0 0 0 17 17 0 0 0 0 0 106820472760512 106820472762592 106821535870976 140723865947817 140723865948053 140723865948053 140723865956287 0
"
2172321.717530733,1791283759.2070556,"(2.955078125, 3.67724609375, 4.345703125)","Inter-|   Receive                                                |  Transmit
 face |bytes    packets errs drop fifo frame compressed multicast|bytes    packets errs drop fifo colls carrier compressed
    lo: 16336132932 21832404    0    0    0     0          0         0 16336132932 21832404    0    0    0     0       0          0
enp3s0: 101745984557 80140717    0    0    0     0          0         0 594556207 8093348    0    0    0     0       0          0
enp6s0: 62489108  544826    0  260    0     0          0     18851        0       0    0    0    0     0       0          0
wlp4s0: 9003220997 14862412    0    0    0     0          0         0 17081649073 19577170    0    0    0     0       0          0
","MemTotal:       32698160 kB
MemFree:         3195820 kB
MemAvailable:   24114572 kB
Buffers:          429588 kB
Cached:         20101844 kB
SwapCached:        26004 kB
Active:         16667276 kB
Inactive:       10940664 kB
Active(anon):    1599780 kB
Inactive(anon):  5266492 kB
Active(file):   15067496 kB
Inactive(file):  5674172 kB
Unevictable:          24 kB
Mlocked:              16 kB
SwapTotal:       2097148 kB
SwapFree:            324 kB
Zswap:                 0 kB
Zswapped:              0 kB
Dirty:              1628 kB
Writeback:             0 kB
AnonPages:       7052288 kB
Mapped:          1159644 kB
Shmem:             71636 kB
KReclaimable:     646904 kB
Slab:            1008408 kB
SReclaimable:     646904 kB
SUnreclaim:       361504 kB
KernelStack:       28160 kB
PageTables:        83380 kB
SecPageTables:         0 kB
NFS_Unstable:          0 kB
Bounce:                0 kB
WritebackTmp:          0 kB
CommitLimit:    18446228 kB
Committed_AS:   23676320 kB
VmallocTotal:   34359738367 kB
VmallocUsed:      236636 kB
VmallocChunk:          0 kB
Percpu:            20160 kB
HardwareCorrupted:     0 kB
AnonHugePages:         0 kB
ShmemHugePages:        0 kB
ShmemPmdMapped:        0 kB
FileHugePages:         0 kB
FilePmdMapped:         0 kB
Unaccepted:            0 kB
HugePages_Total:       0
HugePages_Free:        0
HugePages_Rsvd:        0
HugePages_Surp:        0
Hugepagesize:       2048 kB
Hugetlb:               0 kB
DirectMap4k:    31524404 kB
DirectMap2M:     1867776 kB
DirectMap1G:     1048576 kB
",cpu  66725025 213926 12913085 4257456408 480661 0 473691 0 0 0,"3017586 (ros2_control_no) S 3017571 3017571 2912103 34817 3017571 4194304 13748 0 10 0 1201182 9404 0 0 20 0 39 0 216637404 2744119296 29203 18446744073709551615 106820472733696 106820472749549 140723865944256 0 0 0 4096 0 1098925310 0 0 0 17 17 0 0 0 0 0 106820472760512 106820472762592 106821535870976 140723865947817 140723865948053 140723865948053 140723865956287 0
"
2172321.918874993,1791283759.4083998,"(2.955078125, 3.67724609375, 4.345703125)","Inter-|   Receive                                                |  Transmit
 face |bytes    packets errs drop fifo frame compressed multicast|bytes    packets errs drop fifo colls carrier compressed
    lo: 16336138030 21832440    0    0    0     0          0         0 16336138030 21832440    0    0    0     0       0          0
enp3s0: 101746258033 80140932    0    0    0     0          0         0 594557659 8093370    0    0    0     0       0          0
enp6s0: 62489108  544826    0  260    0     0          0     18851        0       0    0    0    0     0       0          0
wlp4s0: 9003224099 14862430    0    0    0     0          0         0 17081653088 19577187    0    0    0     0       0          0
","MemTotal:       32698160 kB
MemFree:         3195820 kB
MemAvailable:   24114572 kB
Buffers:          429588 kB
Cached:         20101844 kB
SwapCached:        26004 kB
Active:         16667336 kB
Inactive:       10940664 kB
Active(anon):    1599840 kB
Inactive(anon):  5266492 kB
Active(file):   15067496 kB
Inactive(file):  5674172 kB
Unevictable:          24 kB
Mlocked:              16 kB
SwapTotal:       2097148 kB
SwapFree:            324 kB
Zswap:                 0 kB
Zswapped:              0 kB
Dirty:              1628 kB
Writeback:             0 kB
AnonPages:       7052356 kB
Mapped:          1159644 kB
Shmem:             71636 kB
KReclaimable:     646904 kB
Slab:            1008408 kB
SReclaimable:     646904 kB
SUnreclaim:       361504 kB
KernelStack:       28160 kB
PageTables:        83380 kB
SecPageTables:         0 kB
NFS_Unstable:          0 kB
Bounce:                0 kB
WritebackTmp:          0 kB
CommitLimit:    18446228 kB
Committed_AS:   23676320 kB
VmallocTotal:   34359738367 kB
VmallocUsed:      236636 kB
VmallocChunk:          0 kB
Percpu:            20160 kB
HardwareCorrupted:     0 kB
AnonHugePages:         0 kB
ShmemHugePages:        0 kB
ShmemPmdMapped:        0 kB
FileHugePages:         0 kB
FilePmdMapped:         0 kB
Unaccepted:            0 kB
HugePages_Total:       0
HugePages_Free:        0
HugePages_Rsvd:        0
HugePages_Surp:        0
Hugepagesize:       2048 kB
Hugetlb:               0 kB
DirectMap4k:    31524404 kB
DirectMap2M:     1867776 kB
DirectMap1G:     1048576 kB
",cpu  66725081 213926 12913088 4257456750 480661 0 473691 0 0 0,"3017586 (ros2_control_no) S 3017571 3017571 2912103 34817 3017571 4194304 13748 0 10 0 1201223 9404 0 0 20 0 39 0 216637404 2744119296 29203 18446744073709551615 106820472733696 106820472749549 140723865944256 0 0 0 4096 0 1098925310 0 0 0 17 17 0 0 0 0 0 106820472760512 106820472762592 106821535870976 140723865947817 140723865948053 140723865948053 140723865956287 0
"
2172322.121310351,1791283759.6108356,"(2.955078125, 3.67724609375, 4.345703125)","Inter-|   Receive                                                |  Transmit
 face |bytes    packets errs drop fifo frame compressed multicast|bytes    packets errs drop fifo colls carrier compressed
    lo: 16336143122 21832476    0    0    0     0          0         0 16336143122 21832476    0    0    0     0       0          0
enp3s0: 101746533784 80141146    0    0    0     0          0         0 594558913 8093389    0    0    0     0       0          0
enp6s0: 62489108  544826    0  260    0     0          0     18851        0       0    0    0    0     0       0          0
wlp4s0: 9003224945 14862439    0    0    0     0          0         0 17081656869 19577203    0    0    0     0       0          0
","MemTotal:       32698160 kB
MemFree:         3195568 kB
MemAvailable:   24114320 kB
Buffers:          429588 kB
Cached:         20101844 kB
SwapCached:        26004 kB
Active:         16667396 kB
Inactive:       10940664 kB
Active(anon):    1599900 kB
Inactive(anon):  5266492 kB
Active(file):   15067496 kB
Inactive(file):  5674172 kB
Unevictable:          24 kB
Mlocked:              16 kB
SwapTotal:       2097148 kB
SwapFree:            324 kB
Zswap:                 0 kB
Zswapped:              0 kB
Dirty:              1628 kB
Writeback:             0 kB
AnonPages:       7052416 kB
Mapped:          1159644 kB
Shmem:             71636 kB
KReclaimable:     646904 kB
Slab:            1008384 kB
SReclaimable:     646904 kB
SUnreclaim:       361480 kB
KernelStack:       28160 kB
PageTables:        83380 kB
SecPageTables:         0 kB
NFS_Unstable:          0 kB
Bounce:                0 kB
WritebackTmp:          0 kB
CommitLimit:    18446228 kB
Committed_AS:   23676320 kB
VmallocTotal:   34359738367 kB
VmallocUsed:      236636 kB
VmallocChunk:          0 kB
Percpu:            20160 kB
HardwareCorrupted:     0 kB
AnonHugePages:         0 kB
ShmemHugePages:        0 kB
ShmemPmdMapped:        0 kB
FileHugePages:         0 kB
FilePmdMapped:         0 kB
Unaccepted:            0 kB
HugePages_Total:       0
HugePages_Free:        0
HugePages_Rsvd:        0
HugePages_Surp:        0
Hugepagesize:       2048 kB
Hugetlb:               0 kB
DirectMap4k:    31524404 kB
DirectMap2M:     1867776 kB
DirectMap1G:     1048576 kB
",cpu  66725137 213926 12913091 4257457094 480661 0 473692 0 0 0,"3017586 (ros2_control_no) S 3017571 3017571 2912103 34817 3017571 4194304 13748 0 10 0 1201263 9404 0 0 20 0 39 0 216637404 2744119296 29203 18446744073709551615 106820472733696 106820472749549 140723865944256 0 0 0 4096 0 1098925310 0 0 0 17 17 0 0 0 0 0 106820472760512 106820472762592 106821535870976 140723865947817 140723865948053 140723865948053 140723865956287 0
"
2172322.323659448,1791283759.8131845,"(2.955078125, 3.67724609375, 4.345703125)","Inter-|   Receive                                                |  Transmit
 face |bytes    packets errs drop fifo frame compressed multicast|bytes    packets errs drop fifo colls carrier compressed
    lo: 16336148854 21832517    0    0    0     0          0         0 16336148854 21832517    0    0    0     0       0          0
enp3s0: 101746809201 80141358    0    0    0     0          0         0 594560077 8093407    0    0    0     0       0          0
enp6s0: 62489108  544826    0  260    0     0          0     18851        0       0    0    0    0     0       0          0
wlp4s0: 9003226402 14862453    0    0    0     0          0         0 17081661740 19577227    0    0    0     0       0          0
","MemTotal:       32698160 kB
MemFree:         3195964 kB
MemAvailable:   24114716 kB
Buffers:          429588 kB
Cached:         20101844 kB
SwapCached:        26004 kB
Active:         16667692 kB
Inactive:       10940664 kB
Active(anon):    1600196 kB
Inactive(anon):  5266492 kB
Active(file):   15067496 kB
Inactive(file):  5674172 kB
Unevictable:          24 kB
Mlocked:              16 kB
SwapTotal:       2097148 kB
SwapFree:            324 kB
Zswap:                 0 kB
Zswapped:              0 kB
Dirty:              1628 kB
Writeback:             0 kB
AnonPages:       7052736 kB
Mapped:          1159644 kB
Shmem:             71636 kB
KReclaimable:     646904 kB
Slab:            1008480 kB
SReclaimable:     646904 kB
SUnreclaim:       361576 kB
KernelStack:       28160 kB
PageTables:        83380 kB
SecPageTables:         0 kB
NFS_Unstable:          0 kB
Bounce:                0 kB
WritebackTmp:          0 kB
CommitLimit:    18446228 kB
Committed_AS:   23676320 kB
VmallocTotal:   34359738367 kB
VmallocUsed:      236636 kB
VmallocChunk:          0 kB
Percpu:            20160 kB
HardwareCorrupted:     0 kB
AnonHugePages:         0 kB
ShmemHugePages:        0 kB
ShmemPmdMapped:        0 kB
FileHugePages:         0 kB
FilePmdMapped:         0 kB
Unaccepted:            0 kB
HugePages_Total:       0
HugePages_Free:        0
HugePages_Rsvd:        0
HugePages_Surp:        0
Hugepagesize:       2048 kB
Hugetlb:               0 kB
DirectMap4k:    31524404 kB
DirectMap2M:     1867776 kB
DirectMap1G:     1048576 kB
",cpu  66725192 213926 12913096 4257457435 480661 0 473692 0 0 0,"3017586 (ros2_control_no) S 3017571 3017571 2912103 34817 3017571 4194304 13748 0 10 0 1201304 9404 0 0 20 0 39 0 216637404 2744119296 29203 18446744073709551615 106820472733696 106820472749549 140723865944256 0 0 0 4096 0 1098925310 0 0 0 17 17 0 0 0 0 0 106820472760512 106820472762592 106821535870976 140723865947817 140723865948053 140723865948053 140723865956287 0
"
2172322.524845251,1791283760.0143702,"(2.955078125, 3.67724609375, 4.345703125)","Inter-|   Receive                                                |  Transmit
 face |bytes    packets errs drop fifo frame compressed multicast|bytes    packets errs drop fifo colls carrier compressed
    lo: 16336154843 21832558    0    0    0     0          0         0 16336154843 21832558    0    0    0     0       0          0
enp3s0: 101747083230 80141569    0    0    0     0          0         0 594561199 8093424    0    0    0     0       0          0
enp6s0: 62489108  544826    0  260    0     0          0     18851        0       0    0    0    0     0       0          0
wlp4s0: 9003227517 14862465    0    0    0     0          0         0 17081665409 19577244    0    0    0     0       0          0
","MemTotal:       32698160 kB
MemFree:         3195964 kB
MemAvailable:   24114716 kB
Buffers:          429588 kB
Cached:         20101844 kB
SwapCached:        26004 kB
Active:         16667692 kB
Inactive:       10940664 kB
Active(anon):    1600196 kB
Inactive(anon):  5266492 kB
Active(file):   15067496 kB
Inactive(file):  5674172 kB
Unevictable:          24 kB
Mlocked:              16 kB
SwapTotal:       2097148 kB
SwapFree:            324 kB
Zswap:                 0 kB
Zswapped:              0 kB
Dirty:              1628 kB
Writeback:             0 kB
AnonPages:       7052744 kB
Mapped:          1159644 kB
Shmem:             71636 kB
KReclaimable:     646904 kB
Slab:            1008480 kB
SReclaimable:     646904 kB
SUnreclaim:       361576 kB
KernelStack:       28160 kB
PageTables:        83380 kB
SecPageTables:         0 kB
NFS_Unstable:          0 kB
Bounce:                0 kB
WritebackTmp:          0 kB
CommitLimit:    18446228 kB
Committed_AS:   23676320 kB
VmallocTotal:   34359738367 kB
VmallocUsed:      236636 kB
VmallocChunk:          0 kB
Percpu:            20160 kB
HardwareCorrupted:     0 kB
AnonHugePages:         0 kB
ShmemHugePages:        0 kB
ShmemPmdMapped:        0 kB
FileHugePages:         0 kB
FilePmdMapped:         0 kB
Unaccepted:            0 kB
HugePages_Total:       0
HugePages_Free:        0
HugePages_Rsvd:        0
HugePages_Surp:        0
Hugepagesize:       2048 kB
Hugetlb:               0 kB
DirectMap4k:    31524404 kB
DirectMap2M:     1867776 kB
DirectMap1G:     1048576 kB
",cpu  66725246 213926 12913100 4257457778 480661 0 473692 0 0 0,"3017586 (ros2_control_no) S 3017571 3017571 2912103 34817 3017571 4194304 13748 0 10 0 1201345 9405 0 0 20 0 39 0 216637404 2744119296 29203 18446744073709551615 106820472733696 106820472749549 140723865944256 0 0 0 4096 0 1098925310 0 0 0 17 17 0 0 0 0 0 106820472760512 106820472762592 106821535870976 140723865947817 140723865948053 140723865948053 140723865956287 0
"
2172322.726085108,1791283760.21561,"(2.955078125, 3.67724609375, 4.345703125)","Inter-|   Receive                                                |  Transmit
 face |bytes    packets errs drop fifo frame compressed multicast|bytes    packets errs drop fifo colls carrier compressed
    lo: 16336158886 21832592    0    0    0     0          0         0 16336158886 21832592    0    0    0     0       0          0
enp3s0: 101747357593 80141782    0    0    0     0          0         0 594562504 8093444    0    0    0     0       0          0
enp6s0: 62489108  544826    0  260    0     0          0     18851        0       0    0    0    0     0       0          0
wlp4s0: 9003228883 14862478    0    0    0     0          0         0 17081668770 19577266    0    0    0     0       0          0
","MemTotal:       32698160 kB
MemFree:         3196216 kB
MemAvailable:   24114968 kB
Buffers:          429588 kB
Cached:         20101844 kB
SwapCached:        26004 kB
Active:         16667692 kB
Inactive:       10940664 kB
Active(anon):    1600196 kB
Inactive(anon):  5266492 kB
Active(file):   15067496 kB
Inactive(file):  5674172 kB
Unevictable:          24 kB
Mlocked:              16 kB
SwapTotal:       2097148 kB
SwapFree:            324 kB
Zswap:                 0 kB
Zswapped:              0 kB
Dirty:              1628 kB
Writeback:             0 kB
AnonPages:       7052744 kB
Mapped:          1159644 kB
Shmem:             71636 kB
KReclaimable:     646904 kB
Slab:            1008480 kB
SReclaimable:     646904 kB
SUnreclaim:       361576 kB
KernelStack:       28160 kB
PageTables:        83380 kB
SecPageTables:         0 kB
NFS_Unstable:          0 kB
Bounce:                0 kB
WritebackTmp:          0 kB
CommitLimit:    18446228 kB
Committed_AS:   23676320 kB
VmallocTotal:   34359738367 kB
VmallocUsed:      236636 kB
VmallocChunk:          0 kB
Percpu:            20160 kB
HardwareCorrupted:     0 kB
AnonHugePages:         0 kB
ShmemHugePages:        0 kB
ShmemPmdMapped:        0 kB
FileHugePages:         0 kB
FilePmdMapped:         0 kB
Unaccepted:            0 kB
HugePages_Total:       0
HugePages_Free:        0
HugePages_Rsvd:        0
HugePages_Surp:        0
Hugepagesize:       2048 kB
Hugetlb:               0 kB
DirectMap4k:    31524404 kB
DirectMap2M:     1867776 kB
DirectMap1G:     1048576 kB
",cpu  66725293 213926 12913102 4257458129 480661 0 473692 0 0 0,"3017586 (ros2_control_no) S 3017571 3017571 2912103 34817 3017571 4194304 13748 0 10 0 1201385 9405 0 0 20 0 39 0 216637404 2744119296 29203 18446744073709551615 106820472733696 106820472749549 140723865944256 0 0 0 4096 0 1098925310 0 0 0 17 17 0 0 0 0 0 106820472760512 106820472762592 106821535870976 140723865947817 140723865948053 140723865948053 140723865956287 0
"
2172322.927256554,1791283760.4167817,"(2.955078125, 3.67724609375, 4.345703125)","Inter-|   Receive                                                |  Transmit
 face |bytes    packets errs drop fifo frame compressed multicast|bytes    packets errs drop fifo colls carrier compressed
    lo: 16336165064 21832636    0    0    0     0          0         0 16336165064 21832636    0    0    0     0       0          0
enp3s0: 101747631403 80141999    0    0    0     0          0         0 594564088 8093468    0    0    0     0       0          0
enp6s0: 62489108  544826    0  260    0     0          0     18851        0       0    0    0    0     0       0          0
wlp4s0: 9003229864 14862488    0    0    0     0          0         0 17081673284 19577286    0    0    0     0       0          0
","MemTotal:       32698160 kB
MemFree:         3196216 kB
MemAvailable:   24114968 kB
Buffers:          429588 kB
Cached:         20101844 kB
SwapCached:        26004 kB
Active:         16667692 kB
Inactive:       10940664 kB
Active(anon):    1600196 kB
Inactive(anon):  5266492 kB
Active(file):   15067496 kB
Inactive(file):  5674172 kB
Unevictable:          24 kB
Mlocked:              16 kB
SwapTotal:       2097148 kB
SwapFree:            324 kB
Zswap:                 0 kB
Zswapped:              0 kB
Dirty:              1628 kB
Writeback:             0 kB
AnonPages:       7052748 kB
Mapped:          1159644 kB
Shmem:             71636 kB
KReclaimable:     646904 kB
Slab:            1008480 kB
SReclaimable:     646904 kB
SUnreclaim:       361576 kB
KernelStack:       28160 kB
PageTables:        83380 kB
SecPageTables:         0 kB
NFS_Unstable:          0 kB
Bounce:                0 kB
WritebackTmp:          0 kB
CommitLimit:    18446228 kB
Committed_AS:   23676320 kB
VmallocTotal:   34359738367 kB
VmallocUsed:      236636 kB
VmallocChunk:          0 kB
Percpu:            20160 kB
HardwareCorrupted:     0 kB
AnonHugePages:         0 kB
ShmemHugePages:        0 kB
ShmemPmdMapped:        0 kB
FileHugePages:         0 kB
FilePmdMapped:         0 kB
Unaccepted:            0 kB
HugePages_Total:       0
HugePages_Free:        0
HugePages_Rsvd:        0
HugePages_Surp:        0
Hugepagesize:       2048 kB
Hugetlb:               0 kB
DirectMap4k:    31524404 kB
DirectMap2M:     1867776 kB
DirectMap1G:     1048576 kB
",cpu  66725351 213926 12913106 4257458469 480661 0 473693 0 0 0,"3017586 (ros2_control_no) S 3017571 3017571 2912103 34817 3017571 4194304 13748 0 10 0 1201426 9405 0 0 20 0 39 0 216637404 2744119296 29203 18446744073709551615 106820472733696 106820472749549 140723865944256 0 0 0 4096 0 1098925310 0 0 0 17 17 0 0 0 0 0 106820472760512 106820472762592 106821535870976 140723865947817 140723865948053 140723865948053 140723865956287 0
"
2172323.128483446,1791283760.6180086,"(2.955078125, 3.67724609375, 4.345703125)","Inter-|   Receive                                                |  Transmit
 face |bytes    packets errs drop fifo frame compressed multicast|bytes    packets errs drop fifo colls carrier compressed
    lo: 16336169025 21832663    0    0    0     0          0         0 16336169025 21832663    0    0    0     0       0          0
enp3s0: 101747905599 80142211    0    0    0     0          0         0 594565276 8093486    0    0    0     0       0          0
enp6s0: 62489108  544826    0  260    0     0          0     18851        0       0    0    0    0     0       0          0
wlp4s0: 9003315144 14862559    0    0    0     0          0         0 17081681463 19577331    0    0    0     0       0          0
","MemTotal:       32698160 kB
MemFree:         3194116 kB
MemAvailable:   24112868 kB
Buffers:          429588 kB
Cached:         20102000 kB
SwapCached:        26004 kB
Active:         16668388 kB
Inactive:       10940664 kB
Active(anon):    1600892 kB
Inactive(anon):  5266492 kB
Active(file):   15067496 kB
Inactive(file):  5674172 kB
Unevictable:          24 kB
Mlocked:              16 kB
SwapTotal:       2097148 kB
SwapFree:            324 kB
Zswap:                 0 kB
Zswapped:              0 kB
Dirty:              1628 kB
Writeback:             0 kB
AnonPages:       7053360 kB
Mapped:          1159724 kB
Shmem:             71792 kB
KReclaimable:     646904 kB
Slab:            1008480 kB
SReclaimable:     646904 kB
SUnreclaim:       361576 kB
KernelStack:       28160 kB
PageTables:        83380 kB
SecPageTables:         0 kB
NFS_Unstable:          0 kB
Bounce:                0 kB
WritebackTmp:          0 kB
CommitLimit:    18446228 kB
Committed_AS:   23676320 kB
VmallocTotal:   34359738367 kB
VmallocUsed:      236636 kB
VmallocChunk:          0 kB
Percpu:            20160 kB
HardwareCorrupted:     0 kB
AnonHugePages:         0 kB
ShmemHugePages:        0 kB
ShmemPmdMapped:        0 kB
FileHugePages:         0 kB
FilePmdMapped:         0 kB
Unaccepted:            0 kB
HugePages_Total:       0
HugePages_Free:        0
HugePages_Rsvd:        0
HugePages_Surp:        0
Hugepagesize:       2048 kB
Hugetlb:               0 kB
DirectMap4k:    31524404 kB
DirectMap2M:     1867776 kB
DirectMap1G:     1048576 kB
",cpu  66725400 213926 12913108 4257458816 480661 0 473693 0 0 0,"3017586 (ros2_control_no) S 3017571 3017571 2912103 34817 3017571 4194304 13748 0 10 0 1201467 9405 0 0 20 0 39 0 216637404 2744119296 29203 18446744073709551615 106820472733696 106820472749549 140723865944256 0 0 0 4096 0 1098925310 0 0 0 17 17 0 0 0 0 0 106820472760512 106820472762592 106821535870976 140723865947817 140723865948053 140723865948053 140723865956287 0
"
2172323.329987758,1791283760.8195133,"(2.955078125, 3.67724609375, 4.345703125)","Inter-|   Receive                                                |  Transmit
 face |bytes    packets errs drop fifo frame compressed multicast|bytes    packets errs drop fifo colls carrier compressed
    lo: 16336174134 21832694    0    0    0     0          0         0 16336174134 21832694    0    0    0     0       0          0
enp3s0: 101748180129 80142425    0    0    0     0          0         0 594566638 8093507    0    0    0     0       0          0
enp6s0: 62489108  544826    0  260    0     0          0     18851        0       0    0    0    0     0       0          0
wlp4s0: 9003318048 14862571    0    0    0     0          0         0 17081684243 19577345    0    0    0     0       0          0
","MemTotal:       32698160 kB
MemFree:         3194200 kB
MemAvailable:   24112952 kB
Buffers:          429596 kB
Cached:         20101836 kB
SwapCached:        26004 kB
Active:         16668336 kB
Inactive:       10940664 kB
Active(anon):    1600840 kB
Inactive(anon):  5266492 kB
Active(file):   15067496 kB
Inactive(file):  5674172 kB
Unevictable:          24 kB
Mlocked:              16 kB
SwapTotal:       2097148 kB
SwapFree:            324 kB
Zswap:                 0 kB
Zswapped:              0 kB
Dirty:               536 kB
Writeback:             0 kB
AnonPages:       7053448 kB
Mapped:          1159644 kB
Shmem:             71636 kB
KReclaimable:     646904 kB
Slab:            1008544 kB
SReclaimable:     646904 kB
SUnreclaim:       361640 kB
KernelStack:       28160 kB
PageTables:        83380 kB
SecPageTables:         0 kB
NFS_Unstable:          0 kB
Bounce:                0 kB
WritebackTmp:          0 kB
CommitLimit:    18446228 kB
Committed_AS:   23676320 kB
VmallocTotal:   34359738367 kB
VmallocUsed:      236636 kB
VmallocChunk:          0 kB
Percpu:            20160 kB
HardwareCorrupted:     0 kB
AnonHugePages:         0 kB
ShmemHugePages:        0 kB
ShmemPmdMapped:        0 kB
FileHugePages:         0 kB
FilePmdMapped:         0 kB
Unaccepted:            0 kB
HugePages_Total:       0
HugePages_Free:        0
HugePages_Rsvd:        0
HugePages_Surp:        0
Hugepagesize:       2048 kB
Hugetlb:               0 kB
DirectMap4k:    31524404 kB
DirectMap2M:     1867776 kB
DirectMap1G:     1048576 kB
",cpu  66725450 213926 12913111 4257459165 480662 0 473693 0 0 0,"3017586 (ros2_control_no) S 3017571 3017571 2912103 34817 3017571 4194304 13748 0 10 0 1201507 9405 0 0 20 0 39 0 216637404 2744119296 29203 18446744073709551615 106820472733696 106820472749549 140723865944256 0 0 0 4096 0 1098925310 0 0 0 17 17 0 0 0 0 0 106820472760512 106820472762592 106821535870976 140723865947817 140723865948053 140723865948053 140723865956287 0
"
2172323.532010429,1791283761.0215354,"(2.955078125, 3.67724609375, 4.345703125)","Inter-|   Receive                                                |  Transmit
 face |bytes    packets errs drop fifo frame compressed multicast|bytes    packets errs drop fifo colls carrier compressed
    lo: 16336181105 21832741    0    0    0     0          0         0 16336181105 21832741    0    0    0     0       0          0
enp3s0: 101748456214 80142641    0    0    0     0          0         0 594568024 8093528    0    0    0     0       0          0
enp6s0: 62489108  544826    0  260    0     0          0     18851        0       0    0    0    0     0       0          0
wlp4s0: 9003319218 14862583    0    0    0     0          0         0 17081688847 19577366    0    0    0     0       0          0
","MemTotal:       32698160 kB
MemFree:         3194200 kB
MemAvailable:   24112952 kB
Buffers:          429596 kB
Cached:         20101836 kB
SwapCached:        26004 kB
Active:         16668396 kB
Inactive:       10940664 kB
Active(anon):    1600900 kB
Inactive(anon):  5266492 kB
Active(file):   15067496 kB
Inactive(file):  5674172 kB
Unevictable:          24 kB
Mlocked:              16 kB
SwapTotal:       2097148 kB
SwapFree:            324 kB
Zswap:                 0 kB
Zswapped:              0 kB
Dirty:               536 kB
Writeback:             0 kB
AnonPages:       7053524 kB
Mapped:          1159644 kB
Shmem:             71636 kB
KReclaimable:     646904 kB
Slab:            1008536 kB
SReclaimable:     646904 kB
SUnreclaim:       361632 kB
KernelStack:       28160 kB
PageTables:        83380 kB
SecPageTables:         0 kB
NFS_Unstable:          0 kB
Bounce:                0 kB
WritebackTmp:          0 kB
CommitLimit:    18446228 kB
Committed_AS:   23676320 kB
VmallocTotal:   34359738367 kB
VmallocUsed:      236636 kB
VmallocChunk:          0 kB
Percpu:            20160 kB
HardwareCorrupted:     0 kB
AnonHugePages:         0 kB
ShmemHugePages:        0 kB
ShmemPmdMapped:        0 kB
FileHugePages:         0 kB
FilePmdMapped:         0 kB
Unaccepted:            0 kB
HugePages_Total:       0
HugePages_Free:        0
HugePages_Rsvd:        0
HugePages_Surp:        0
Hugepagesize:       2048 kB
Hugetlb:               0 kB
DirectMap4k:    31524404 kB
DirectMap2M:     1867776 kB
DirectMap1G:     1048576 kB
",cpu  66725511 213926 12913116 4257459500 480662 0 473693 0 0 0,"3017586 (ros2_control_no) S 3017571 3017571 2912103 34817 3017571 4194304 13748 0 10 0 1201548 9405 0 0 20 0 39 0 216637404 2744119296 29203 18446744073709551615 106820472733696 106820472749549 140723865944256 0 0 0 4096 0 1098925310 0 0 0 17 17 0 0 0 0 0 106820472760512 106820472762592 106821535870976 140723865947817 140723865948053 140723865948053 140723865956287 0
"
2172323.733224293,1791283761.2227492,"(2.955078125, 3.67724609375, 4.345703125)","Inter-|   Receive                                                |  Transmit
 face |bytes    packets errs drop fifo frame compressed multicast|bytes    packets errs drop fifo colls carrier compressed
    lo: 16336236256 21832806    0    0    0     0          0         0 16336236256 21832806    0    0    0     0       0          0
enp3s0: 101748729022 80142852    0    0    0     0          0         0 594569641 8093548    0    0    0     0       0          0
enp6s0: 62489108  544826    0  260    0     0          0     18851        0       0    0    0    0     0       0          0
wlp4s0: 9003324114 14862615    0    0    0     0          0         0 17081740389 19577408    0    0    0     0       0          0
","MemTotal:       32698160 kB
MemFree:         3193948 kB
MemAvailable:   24112700 kB
Buffers:          429596 kB
Cached:         20101840 kB
SwapCached:        26004 kB
Active:         16668476 kB
Inactive:       10940664 kB
Active(anon):    1600980 kB
Inactive(anon):  5266492 kB
Active(file):   15067496 kB
Inactive(file):  5674172 kB
Unevictable:          24 kB
Mlocked:              16 kB
SwapTotal:       2097148 kB
SwapFree:            324 kB
Zswap:                 0 kB
Zswapped:              0 kB
Dirty:               592 kB
Writeback:             0 kB
AnonPages:       7053640 kB
Mapped:          1159644 kB
Shmem:             71636 kB
KReclaimable:     646904 kB
Slab:            1008536 kB
SReclaimable:     646904 kB
SUnreclaim:       361632 kB
KernelStack:       28160 kB
PageTables:        83380 kB
SecPageTables:         0 kB
NFS_Unstable:          0 kB
Bounce:                0 kB
WritebackTmp:          0 kB
CommitLimit:    18446228 kB
Committed_AS:   23676448 kB
VmallocTotal:   34359738367 kB
VmallocUsed:      236636 kB
VmallocChunk:          0 kB
Percpu:            20160 kB
HardwareCorrupted:     0 kB
AnonHugePages:         0 kB
ShmemHugePages:        0 kB
ShmemPmdMapped:        0 kB
FileHugePages:         0 kB
FilePmdMapped:         0 kB
Unaccepted:            0 kB
HugePages_Total:       0
HugePages_Free:        0
HugePages_Rsvd:        0
HugePages_Surp:        0
Hugepagesize:       2048 kB
Hugetlb:               0 kB
DirectMap4k:    31524404 kB
DirectMap2M:     1867776 kB
DirectMap1G:     1048576 kB
",cpu  66725568 213926 12913122 4257459838 480662 0 473693 0 0 0,"3017586 (ros2_control_no) S 3017571 3017571 2912103 34817 3017571 4194304 13748 0 10 0 1201588 9406 0 0 20 0 39 0 216637404 2744119296 29203 18446744073709551615 106820472733696 106820472749549 140723865944256 0 0 0 4096 0 1098925310 0 0 0 17 17 0 0 0 0 0 106820472760512 106820472762592 106821535870976 140723865947817 140723865948053 140723865948053 140723865956287 0
"
2172323.935225616,1791283761.4247506,"(2.955078125, 3.67724609375, 4.345703125)","Inter-|   Receive                                                |  Transmit
 face |bytes    packets errs drop fifo frame compressed multicast|bytes    packets errs drop fifo colls carrier compressed
    lo: 16336246816 21832855    0    0    0     0          0         0 16336246816 21832855    0    0    0     0       0          0
enp3s0: 101749004606 80143065    0    0    0     0          0         0 594571207 8093567    0    0    0     0       0          0
enp6s0: 62489108  544826    0  260    0     0          0     18851        0       0    0    0    0     0       0          0
wlp4s0: 9003326355 14862633    0    0    0     0          0         0 17081749811 19577441    0    0    0     0       0          0
","MemTotal:       32698160 kB
MemFree:         3194452 kB
MemAvailable:   24113204 kB
Buffers:          429596 kB
Cached:         20101840 kB
SwapCached:        26004 kB
Active:         16667192 kB
Inactive:       10940664 kB
Active(anon):    1599696 kB
Inactive(anon):  5266492 kB
Active(file):   15067496 kB
Inactive(file):  5674172 kB
Unevictable:          24 kB
Mlocked:              16 kB
SwapTotal:       2097148 kB
SwapFree:            324 kB
Zswap:                 0 kB
Zswapped:              0 kB
Dirty:               592 kB
Writeback:             0 kB
AnonPages:       7052356 kB
Mapped:          1159644 kB
Shmem:             71636 kB
KReclaimable:     646904 kB
Slab:            1008536 kB
SReclaimable:     646904 kB
SUnreclaim:       361632 kB
KernelStack:       28160 kB
PageTables:        83380 kB
SecPageTables:         0 kB
NFS_Unstable:          0 kB
Bounce:                0 kB
WritebackTmp:          0 kB
CommitLimit:    18446228 kB
Committed_AS:   23676448 kB
VmallocTotal:   34359738367 kB
VmallocUsed:      236636 kB
VmallocChunk:          0 kB
Percpu:            20160 kB
HardwareCorrupted:     0 kB
AnonHugePages:         0 kB
ShmemHugePages:        0 kB
ShmemPmdMapped:        0 kB
FileHugePages:         0 kB
FilePmdMapped:         0 kB
Unaccepted:            0 kB
HugePages_Total:       0
HugePages_Free:        0
HugePages_Rsvd:        0
HugePages_Surp:        0
Hugepagesize:       2048 kB
Hugetlb:               0 kB
DirectMap4k:    31524404 kB
DirectMap2M:     1867776 kB
DirectMap1G:     1048576 kB
",cpu  66725625 213926 12913127 4257460175 480662 0 473693 0 0 0,"3017586 (ros2_control_no) S 3017571 3017571 2912103 34817 3017571 4194304 13748 0 10 0 1201629 9406 0 0 20 0 39 0 216637404 2744119296 29203 18446744073709551615 106820472733696 106820472749549 140723865944256 0 0 0 4096 0 1098925310 0 0 0 17 17 0 0 0 0 0 106820472760512 106820472762592 106821535870976 140723865947817 140723865948053 140723865948053 140723865956287 0
"
2172324.13650081,1791283761.6260257,"(2.955078125, 3.67724609375, 4.345703125)","Inter-|   Receive                                                |  Transmit
 face |bytes    packets errs drop fifo frame compressed multicast|bytes    packets errs drop fifo colls carrier compressed
    lo: 16336277193 21832906    0    0    0     0          0         0 16336277193 21832906    0    0    0     0       0          0
enp3s0: 101749279136 80143279    0    0    0     0          0         0 594573283 8093589    0    0    0     0       0          0
enp6s0: 62489108  544826    0  260    0     0          0     18851        0       0    0    0    0     0       0          0
wlp4s0: 9003333933 14862679    0    0    0     0          0         0 17081780814 19577497    0    0    0     0       0          0
","MemTotal:       32698160 kB
MemFree:         3194200 kB
MemAvailable:   24112952 kB
Buffers:          429596 kB
Cached:         20101840 kB
SwapCached:        26004 kB
Active:         16667252 kB
Inactive:       10940664 kB
Active(anon):    1599756 kB
Inactive(anon):  5266492 kB
Active(file):   15067496 kB
Inactive(file):  5674172 kB
Unevictable:          24 kB
Mlocked:              16 kB
SwapTotal:       2097148 kB
SwapFree:            324 kB
Zswap:                 0 kB
Zswapped:              0 kB
Dirty:               592 kB
Writeback:             0 kB
AnonPages:       7052416 kB
Mapped:          1159644 kB
Shmem:             71636 kB
KReclaimable:     646904 kB
Slab:            1008568 kB
SReclaimable:     646904 kB
SUnreclaim:       361664 kB
KernelStack:       28160 kB
PageTables:        83380 kB
SecPageTables:         0 kB
NFS_Unstable:          0 kB
Bounce:                0 kB
WritebackTmp:          0 kB
CommitLimit:    18446228 kB
Committed_AS:   23676448 kB
VmallocTotal:   34359738367 kB
VmallocUsed:      236636 kB
VmallocChunk:          0 kB
Percpu:            20160 kB
HardwareCorrupted:     0 kB
AnonHugePages:         0 kB
ShmemHugePages:        0 kB
ShmemPmdMapped:        0 kB
FileHugePages:         0 kB
FilePmdMapped:         0 kB
Unaccepted:            0 kB
HugePages_Total:       0
HugePages_Free:        0
HugePages_Rsvd:        0
HugePages_Surp:        0
Hugepagesize:       2048 kB
Hugetlb:               0 kB
DirectMap4k:    31524404 kB
DirectMap2M:     1867776 kB
DirectMap1G:     1048576 kB
",cpu  66725684 213926 12913131 4257460515 480662 0 473693 0 0 0,"3017586 (ros2_control_no) S 3017571 3017571 2912103 34817 3017571 4194304 13748 0 10 0 1201669 9406 0 0 20 0 39 0 216637404 2744119296 29203 18446744073709551615 106820472733696 106820472749549 140723865944256 0 0 0 4096 0 1098925310 0 0 0 17 17 0 0 0 0 0 106820472760512 106820472762592 106821535870976 140723865947817 140723865948053 140723865948053 140723865956287 0
"
2172324.337850831,1791283761.827376,"(2.955078125, 3.67724609375, 4.345703125)","Inter-|   Receive                                                |  Transmit
 face |bytes    packets errs drop fifo frame compressed multicast|bytes    packets errs drop fifo colls carrier compressed
    lo: 16336424071 21833759    0    0    0     0          0         0 16336424071 21833759    0    0    0     0       0          0
enp3s0: 101749553833 80143494    0    0    0     0          0         0 594575467 8093613    0    0    0     0       0          0
enp6s0: 62489108  544826    0  260    0     0          0     18851        0       0    0    0    0     0       0          0
wlp4s0: 9003345572 14862784    0    0    0     0          0         0 17081854863 19578013    0    0    0     0       0          0
","MemTotal:       32698160 kB
MemFree:         3193948 kB
MemAvailable:   24112700 kB
Buffers:          429596 kB
Cached:         20101848 kB
SwapCached:        26004 kB
Active:         16667728 kB
Inactive:       10940664 kB
Active(anon):    1600232 kB
Inactive(anon):  5266492 kB
Active(file):   15067496 kB
Inactive(file):  5674172 kB
Unevictable:          24 kB
Mlocked:              16 kB
SwapTotal:       2097148 kB
SwapFree:            324 kB
Zswap:                 0 kB
Zswapped:              0 kB
Dirty:               400 kB
Writeback:             0 kB
AnonPages:       7052812 kB
Mapped:          1159644 kB
Shmem:             71636 kB
KReclaimable:     646904 kB
Slab:            1008608 kB
SReclaimable:     646904 kB
SUnreclaim:       361704 kB
KernelStack:       28160 kB
PageTables:        83380 kB
SecPageTables:         0 kB
NFS_Unstable:          0 kB
Bounce:                0 kB
WritebackTmp:          0 kB
CommitLimit:    18446228 kB
Committed_AS:   23676448 kB
VmallocTotal:   34359738367 kB
VmallocUsed:      236636 kB
VmallocChunk:          0 kB
Percpu:            20160 kB
HardwareCorrupted:     0 kB
AnonHugePages:         0 kB
ShmemHugePages:        0 kB
ShmemPmdMapped:        0 kB
FileHugePages:         0 kB
FilePmdMapped:         0 kB
Unaccepted:            0 kB
HugePages_Total:       0
HugePages_Free:        0
HugePages_Rsvd:        0
HugePages_Surp:        0
Hugepagesize:       2048 kB
Hugetlb:               0 kB
DirectMap4k:    31524404 kB
DirectMap2M:     1867776 kB
DirectMap1G:     1048576 kB
",cpu  66725743 213926 12913137 4257460852 480662 0 473693 0 0 0,"3017586 (ros2_control_no) S 3017571 3017571 2912103 34817 3017571 4194304 13750 0 10 0 1201711 9407 0 0 20 0 39 0 216637404 2744172544 29203 18446744073709551615 106820472733696 106820472749549 140723865944256 0 0 0 4096 0 1098925310 0 0 0 17 17 0 0 0 0 0 106820472760512 106820472762592 106821535870976 140723865947817 140723865948053 140723865948053 140723865956287 0
"
2172324.539453064,1791283762.028978,"(2.955078125, 3.67724609375, 4.345703125)","Inter-|   Receive                                                |  Transmit
 face |bytes    packets errs drop fifo frame compressed multicast|bytes    packets errs drop fifo colls carrier compressed
    lo: 16336440115 21833795    0    0    0     0          0         0 16336440115 21833795    0    0    0     0       0          0
enp3s0: 101749828363 80143708    0    0    0     0          0         0 594576787 8093633    0    0    0     0       0          0
enp6s0: 62489108  544826    0  260    0     0          0     18851        0       0    0    0    0     0       0          0
wlp4s0: 9003348261 14862808    0    0    0     0          0         0 17081868122 19578044    0    0    0     0       0          0
","MemTotal:       32698160 kB
MemFree:         3193948 kB
MemAvailable:   24112700 kB
Buffers:          429596 kB
Cached:         20101848 kB
SwapCached:        26004 kB
Active:         16667728 kB
Inactive:       10940664 kB
Active(anon):    1600232 kB
Inactive(anon):  5266492 kB
Active(file):   15067496 kB
Inactive(file):  5674172 kB
Unevictable:          24 kB
Mlocked:              16 kB
SwapTotal:       2097148 kB
SwapFree:            324 kB
Zswap:                 0 kB
Zswapped:              0 kB
Dirty:               400 kB
Writeback:             0 kB
AnonPages:       7052812 kB
Mapped:          1159644 kB
Shmem:             71636 kB
KReclaimable:     646904 kB
Slab:            1008608 kB
SReclaimable:     646904 kB
SUnreclaim:       361704 kB
KernelStack:       28160 kB
PageTables:        83380 kB
SecPageTables:         0 kB
NFS_Unstable:          0 kB
Bounce:                0 kB
WritebackTmp:          0 kB
CommitLimit:    18446228 kB
Committed_AS:   23676448 kB
VmallocTotal:   34359738367 kB
VmallocUsed:      236636 kB
VmallocChunk:          0 kB
Percpu:            20160 kB
HardwareCorrupted:     0 kB
AnonHugePages:         0 kB
ShmemHugePages:        0 kB
ShmemPmdMapped:        0 kB
FileHugePages:         0 kB
FilePmdMapped:         0 kB
Unaccepted:            0 kB
HugePages_Total:       0
HugePages_Free:        0
HugePages_Rsvd:        0
HugePages_Surp:        0
Hugepagesize:       2048 kB
Hugetlb:               0 kB
DirectMap4k:    31524404 kB
DirectMap2M:     1867776 kB
DirectMap1G:     1048576 kB
",cpu  66725793 213926 12913139 4257461201 480662 0 473694 0 0 0,"3017586 (ros2_control_no) S 3017571 3017571 2912103 34817 3017571 4194304 13750 0 10 0 1201751 9407 0 0 20 0 39 0 216637404 2744172544 29203 18446744073709551615 106820472733696 106820472749549 140723865944256 0 0 0 4096 0 1098925310 0 0 0 17 17 0 0 0 0 0 106820472760512 106820472762592 106821535870976 140723865947817 140723865948053 140723865948053 140723865956287 0
"
2172324.74084545,1791283762.2303705,"(2.955078125, 3.67724609375, 4.345703125)","Inter-|   Receive                                                |  Transmit
 face |bytes    packets errs drop fifo frame compressed multicast|bytes    packets errs drop fifo colls carrier compressed
    lo: 16336467896 21833857    0    0    0     0          0         0 16336467896 21833857    0    0    0     0       0          0
enp3s0: 101750102893 80143922    0    0    0     0          0         0 594578158 8093654    0    0    0     0       0          0
enp6s0: 62489108  544826    0  260    0     0          0     18851        0       0    0    0    0     0       0          0
wlp4s0: 9003350959 14862836    0    0    0     0          0         0 17081893726 19578084    0    0    0     0       0          0
","MemTotal:       32698160 kB
MemFree:         3193948 kB
MemAvailable:   24112700 kB
Buffers:          429596 kB
Cached:         20101848 kB
SwapCached:        26004 kB
Active:         16667744 kB
Inactive:       10940664 kB
Active(anon):    1600248 kB
Inactive(anon):  5266492 kB
Active(file):   15067496 kB
Inactive(file):  5674172 kB
Unevictable:          24 kB
Mlocked:              16 kB
SwapTotal:       2097148 kB
SwapFree:            324 kB
Zswap:                 0 kB
Zswapped:              0 kB
Dirty:               400 kB
Writeback:             0 kB
AnonPages:       7052816 kB
Mapped:          1159644 kB
Shmem:             71636 kB
KReclaimable:     646904 kB
Slab:            1008600 kB
SReclaimable:     646904 kB
SUnreclaim:       361696 kB
KernelStack:       28160 kB
PageTables:        83380 kB
SecPageTables:         0 kB
NFS_Unstable:          0 kB
Bounce:                0 kB
WritebackTmp:          0 kB
CommitLimit:    18446228 kB
Committed_AS:   23676448 kB
VmallocTotal:   34359738367 kB
VmallocUsed:      236636 kB
VmallocChunk:          0 kB
Percpu:            20160 kB
HardwareCorrupted:     0 kB
AnonHugePages:         0 kB
ShmemHugePages:        0 kB
ShmemPmdMapped:        0 kB
FileHugePages:         0 kB
FilePmdMapped:         0 kB
Unaccepted:            0 kB
HugePages_Total:       0
HugePages_Free:        0
HugePages_Rsvd:        0
HugePages_Surp:        0
Hugepagesize:       2048 kB
Hugetlb:               0 kB
DirectMap4k:    31524404 kB
DirectMap2M:     1867776 kB
DirectMap1G:     1048576 kB
",cpu  66725852 213926 12913146 4257461534 480662 0 473694 0 0 0,"3017586 (ros2_control_no) S 3017571 3017571 2912103 34817 3017571 4194304 13750 0 10 0 1201792 9407 0 0 20 0 39 0 216637404 2744172544 29203 18446744073709551615 106820472733696 106820472749549 140723865944256 0 0 0 4096 0 1098925310 0 0 0 17 17 0 0 0 0 0 106820472760512 106820472762592 106821535870976 140723865947817 140723865948053 140723865948053 140723865956287 0
"
2172324.94227102,1791283762.431796,"(2.87841796875, 3.64892578125, 4.3330078125)","Inter-|   Receive                                                |  Transmit
 face |bytes    packets errs drop fifo frame compressed multicast|bytes    packets errs drop fifo colls carrier compressed
    lo: 16336478179 21833886    0    0    0     0          0         0 16336478179 21833886    0    0    0     0       0          0
enp3s0: 101750376536 80144138    0    0    0     0          0         0 594579676 8093677    0    0    0     0       0          0
enp6s0: 62489108  544826    0  260    0     0          0     18851        0       0    0    0    0     0       0          0
wlp4s0: 9003355254 14862864    0    0    0     0          0         0 17081902815 19578110    0    0    0     0       0          0
","MemTotal:       32698160 kB
MemFree:         3193448 kB
MemAvailable:   24112200 kB
Buffers:          429596 kB
Cached:         20101848 kB
SwapCached:        26004 kB
Active:         16667728 kB
Inactive:       10940664 kB
Active(anon):    1600232 kB
Inactive(anon):  5266492 kB
Active(file):   15067496 kB
Inactive(file):  5674172 kB
Unevictable:          24 kB
Mlocked:              16 kB
SwapTotal:       2097148 kB
SwapFree:            324 kB
Zswap:                 0 kB
Zswapped:              0 kB
Dirty:               400 kB
Writeback:             0 kB
AnonPages:       7052808 kB
Mapped:          1159644 kB
Shmem:             71636 kB
KReclaimable:     646904 kB
Slab:            1008568 kB
SReclaimable:     646904 kB
SUnreclaim:       361664 kB
KernelStack:       28160 kB
PageTables:        83380 kB
SecPageTables:         0 kB
NFS_Unstable:          0 kB
Bounce:                0 kB
WritebackTmp:          0 kB
CommitLimit:    18446228 kB
Committed_AS:   23676448 kB
VmallocTotal:   34359738367 kB
VmallocUsed:      236636 kB
VmallocChunk:          0 kB
Percpu:            20160 kB
HardwareCorrupted:     0 kB
AnonHugePages:         0 kB
ShmemHugePages:        0 kB
ShmemPmdMapped:        0 kB
FileHugePages:         0 kB
FilePmdMapped:         0 kB
Unaccepted:            0 kB
HugePages_Total:       0
HugePages_Free:        0
HugePages_Rsvd:        0
HugePages_Surp:        0
Hugepagesize:       2048 kB
Hugetlb:               0 kB
DirectMap4k:    31524404 kB
DirectMap2M:     1867776 kB
DirectMap1G:     1048576 kB
",cpu  66725904 213926 12913149 4257461881 480662 0 473694 0 0 0,"3017586 (ros2_control_no) S 3017571 3017571 2912103 34817 3017571 4194304 13750 0 10 0 1201832 9407 0 0 20 0 39 0 216637404 2744172544 29203 18446744073709551615 106820472733696 106820472749549 140723865944256 0 0 0 4096 0 1098925310 0 0 0 17 17 0 0 0 0 0 106820472760512 106820472762592 106821535870976 140723865947817 140723865948053 140723865948053 140723865956287 0
"
2172325.143713585,1791283762.6332386,"(2.87841796875, 3.64892578125, 4.3330078125)","Inter-|   Receive                                                |  Transmit
 face |bytes    packets errs drop fifo frame compressed multicast|bytes    packets errs drop fifo colls carrier compressed
    lo: 16336497402 21833927    0    0    0     0          0         0 16336497402 21833927    0    0    0     0       0          0
enp3s0: 101750651233 80144353    0    0    0     0          0         0 594581062 8093698    0    0    0     0       0          0
enp6s0: 62489108  544826    0  260    0     0          0     18851        0       0    0    0    0     0       0          0
wlp4s0: 9003356843 14862881    0    0    0     0          0         0 17081918756 19578132    0    0    0     0       0          0
","MemTotal:       32698160 kB
MemFree:         3194568 kB
MemAvailable:   24113320 kB
Buffers:          429596 kB
Cached:         20101848 kB
SwapCached:        26004 kB
Active:         16666880 kB
Inactive:       10940664 kB
Active(anon):    1599384 kB
Inactive(anon):  5266492 kB
Active(file):   15067496 kB
Inactive(file):  5674172 kB
Unevictable:          24 kB
Mlocked:              16 kB
SwapTotal:       2097148 kB
SwapFree:            324 kB
Zswap:                 0 kB
Zswapped:              0 kB
Dirty:               768 kB
Writeback:             0 kB
AnonPages:       7051964 kB
Mapped:          1159644 kB
Shmem:             71636 kB
KReclaimable:     646904 kB
Slab:            1008568 kB
SReclaimable:     646904 kB
SUnreclaim:       361664 kB
KernelStack:       28160 kB
PageTables:        83380 kB
SecPageTables:         0 kB
NFS_Unstable:          0 kB
Bounce:                0 kB
WritebackTmp:          0 kB
CommitLimit:    18446228 kB
Committed_AS:   23677372 kB
VmallocTotal:   34359738367 kB
VmallocUsed:      236636 kB
VmallocChunk:          0 kB
Percpu:            20160 kB
HardwareCorrupted:     0 kB
AnonHugePages:         0 kB
ShmemHugePages:        0 kB
ShmemPmdMapped:        0 kB
FileHugePages:         0 kB
FilePmdMapped:         0 kB
Unaccepted:            0 kB
HugePages_Total:       0
HugePages_Free:        0
HugePages_Rsvd:        0
HugePages_Surp:        0
Hugepagesize:       2048 kB
Hugetlb:               0 kB
DirectMap4k:    31524404 kB
DirectMap2M:     1867776 kB
DirectMap1G:     1048576 kB
",cpu  66725962 213926 12913152 4257462222 480662 0 473694 0 0 0,"3017586 (ros2_control_no) S 3017571 3017571 2912103 34817 3017571 4194304 13750 0 10 0 1201873 9407 0 0 20 0 39 0 216637404 2744172544 29203 18446744073709551615 106820472733696 106820472749549 140723865944256 0 0 0 4096 0 1098925310 0 0 0 17 17 0 0 0 0 0 106820472760512 106820472762592 106821535870976 140723865947817 140723865948053 140723865948053 140723865956287 0
"
2172325.345180306,1791283762.834705,"(2.87841796875, 3.64892578125, 4.3330078125)","Inter-|   Receive                                                |  Transmit
 face |bytes    packets errs drop fifo frame compressed multicast|bytes    packets errs drop fifo colls carrier compressed
    lo: 16336510369 21833969    0    0    0     0          0         0 16336510369 21833969    0    0    0     0       0          0
enp3s0: 101750925429 80144565    0    0    0     0          0         0 594582292 8093717    0    0    0     0       0          0
enp6s0: 62489108  544826    0  260    0     0          0     18851        0       0    0    0    0     0       0          0
wlp4s0: 9003358962 14862899    0    0    0     0          0         0 17081929736 19578159    0    0    0     0       0          0
","MemTotal:       32698160 kB
MemFree:         3195008 kB
MemAvailable:   24113760 kB
Buffers:          429596 kB
Cached:         20101848 kB
SwapCached:        26004 kB
Active:         16666336 kB
Inactive:       10940664 kB
Active(anon):    1598840 kB
Inactive(anon):  5266492 kB
Active(file):   15067496 kB
Inactive(file):  5674172 kB
Unevictable:          24 kB
Mlocked:              16 kB
SwapTotal:       2097148 kB
SwapFree:            324 kB
Zswap:                 0 kB
Zswapped:              0 kB
Dirty:               768 kB
Writeback:             0 kB
AnonPages:       7051392 kB
Mapped:          1159644 kB
Shmem:             71636 kB
KReclaimable:     646904 kB
Slab:            1008432 kB
SReclaimable:     646904 kB
SUnreclaim:       361528 kB
KernelStack:       28160 kB
PageTables:        83384 kB
SecPageTables:         0 kB
NFS_Unstable:          0 kB
Bounce:                0 kB
WritebackTmp:          0 kB
CommitLimit:    18446228 kB
Committed_AS:   23677372 kB
VmallocTotal:   34359738367 kB
VmallocUsed:      236636 kB
VmallocChunk:          0 kB
Percpu:            20160 kB
HardwareCorrupted:     0 kB
AnonHugePages:         0 kB
ShmemHugePages:        0 kB
ShmemPmdMapped:        0 kB
FileHugePages:         0 kB
FilePmdMapped:         0 kB
Unaccepted:            0 kB
HugePages_Total:       0
HugePages_Free:        0
HugePages_Rsvd:        0
HugePages_Surp:        0
Hugepagesize:       2048 kB
Hugetlb:               0 kB
DirectMap4k:    31524404 kB
DirectMap2M:     1867776 kB
DirectMap1G:     1048576 kB
",cpu  66726015 213926 12913156 4257462566 480662 0 473695 0 0 0,"3017586 (ros2_control_no) S 3017571 3017571 2912103 34817 3017571 4194304 13750 0 10 0 1201914 9407 0 0 20 0 39 0 216637404 2744172544 29203 18446744073709551615 106820472733696 106820472749549 140723865944256 0 0 0 4096 0 1098925310 0 0 0 17 17 0 0 0 0 0 106820472760512 106820472762592 106821535870976 140723865947817 140723865948053 140723865948053 140723865956287 0
"
2172325.546420679,1791283763.0359457,"(2.87841796875, 3.64892578125, 4.3330078125)","Inter-|   Receive                                                |  Transmit
 face |bytes    packets errs drop fifo frame compressed multicast|bytes    packets errs drop fifo colls carrier compressed
    lo: 16336533091 21834013    0    0    0     0          0         0 16336533091 21834013    0    0    0     0       0          0
enp3s0: 101751200293 80144781    0    0    0     0          0         0 594583744 8093739    0    0    0     0       0          0
enp6s0: 62489108  544826    0  260    0     0          0     18851        0       0    0    0    0     0       0          0
wlp4s0: 9003365518 14862926    0    0    0     0          0         0 17081954549 19578192    0    0    0     0       0          0
","MemTotal:       32698160 kB
MemFree:         3195008 kB
MemAvailable:   24113764 kB
Buffers:          429596 kB
Cached:         20101848 kB
SwapCached:        26004 kB
Active:         16666492 kB
Inactive:       10940668 kB
Active(anon):    1598996 kB
Inactive(anon):  5266492 kB
Active(file):   15067496 kB
Inactive(file):  5674176 kB
Unevictable:          24 kB
Mlocked:              16 kB
SwapTotal:       2097148 kB
SwapFree:            324 kB
Zswap:                 0 kB
Zswapped:              0 kB
Dirty:               768 kB
Writeback:             0 kB
AnonPages:       7051480 kB
Mapped:          1159644 kB
Shmem:             71636 kB
KReclaimable:     646904 kB
Slab:            1008408 kB
SReclaimable:     646904 kB
SUnreclaim:       361504 kB
KernelStack:       28160 kB
PageTables:        83384 kB
SecPageTables:         0 kB
NFS_Unstable:          0 kB
Bounce:                0 kB
WritebackTmp:          0 kB
CommitLimit:    18446228 kB
Committed_AS:   23677392 kB
VmallocTotal:   34359738367 kB
VmallocUsed:      236636 kB
VmallocChunk:          0 kB
Percpu:            20160 kB
HardwareCorrupted:     0 kB
AnonHugePages:         0 kB
ShmemHugePages:        0 kB
ShmemPmdMapped:        0 kB
FileHugePages:         0 kB
FilePmdMapped:         0 kB
Unaccepted:            0 kB
HugePages_Total:       0
HugePages_Free:        0
HugePages_Rsvd:        0
HugePages_Surp:        0
Hugepagesize:       2048 kB
Hugetlb:               0 kB
DirectMap4k:    31524404 kB
DirectMap2M:     1867776 kB
DirectMap1G:     1048576 kB
",cpu  66726072 213926 12913161 4257462905 480662 0 473695 0 0 0,"3017586 (ros2_control_no) S 3017571 3017571 2912103 34817 3017571 4194304 13750 0 10 0 1201954 9408 0 0 20 0 39 0 216637404 2744172544 29203 18446744073709551615 106820472733696 106820472749549 140723865944256 0 0 0 4096 0 1098925310 0 0 0 17 17 0 0 0 0 0 106820472760512 106820472762592 106821535870976 140723865947817 140723865948053 140723865948053 140723865956287 0
"
2172325.747878653,1791283763.2374036,"(2.87841796875, 3.64892578125, 4.3330078125)","Inter-|   Receive                                                |  Transmit
 face |bytes    packets errs drop fifo frame compressed multicast|bytes    packets errs drop fifo colls carrier compressed
    lo: 16336608902 21834116    0    0    0     0          0         0 16336608902 21834116    0    0    0     0       0          0
enp3s0: 101751474823 80144995    0    0    0     0          0         0 594585115 8093760    0    0    0     0       0          0
enp6s0: 62489108  544826    0  260    0     0          0     18851        0       0    0    0    0     0       0          0
wlp4s0: 9003369265 14862964    0    0    0     0          0         0 17082027855 19578241    0    0    0     0       0          0
","MemTotal:       32698160 kB
MemFree:         3195008 kB
MemAvailable:   24113764 kB
Buffers:          429596 kB
Cached:         20101848 kB
SwapCached:        26004 kB
Active:         16666552 kB
Inactive:       10940668 kB
Active(anon):    1599056 kB
Inactive(anon):  5266492 kB
Active(file):   15067496 kB
Inactive(file):  5674176 kB
Unevictable:          24 kB
Mlocked:              16 kB
SwapTotal:       2097148 kB
SwapFree:            324 kB
Zswap:                 0 kB
Zswapped:              0 kB
Dirty:               768 kB
Writeback:             0 kB
AnonPages:       7051548 kB
Mapped:          1159644 kB
Shmem:             71636 kB
KReclaimable:     646904 kB
Slab:            1008408 kB
SReclaimable:     646904 kB
SUnreclaim:       361504 kB
KernelStack:       28160 kB
PageTables:        83384 kB
SecPageTables:         0 kB
NFS_Unstable:          0 kB
Bounce:                0 kB
WritebackTmp:          0 kB
CommitLimit:    18446228 kB
Committed_AS:   23677392 kB
VmallocTotal:   34359738367 kB
VmallocUsed:      236636 kB
VmallocChunk:          0 kB
Percpu:            20160 kB
HardwareCorrupted:     0 kB
AnonHugePages:         0 kB
ShmemHugePages:        0 kB
ShmemPmdMapped:        0 kB
FileHugePages:         0 kB
FilePmdMapped:         0 kB
Unaccepted:            0 kB
HugePages_Total:       0
HugePages_Free:        0
HugePages_Rsvd:        0
HugePages_Surp:        0
Hugepagesize:       2048 kB
Hugetlb:               0 kB
DirectMap4k:    31524404 kB
DirectMap2M:     1867776 kB
DirectMap1G:     1048576 kB
",cpu  66726137 213926 12913167 4257463235 480662 0 473695 0 0 0,"3017586 (ros2_control_no) S 3017571 3017571 2912103 34817 3017571 4194304 13750 0 10 0 1201995 9408 0 0 20 0 39 0 216637404 2744172544 29203 18446744073709551615 106820472733696 106820472749549 140723865944256 0 0 0 4096 0 1098925310 0 0 0 17 17 0 0 0 0 0 106820472760512 106820472762592 106821535870976 140723865947817 140723865948053 140723865948053 140723865956287 0
"
2172325.949444358,1791283763.4389694,"(2.87841796875, 3.64892578125, 4.3330078125)","Inter-|   Receive                                                |  Transmit
 face |bytes    packets errs drop fifo frame compressed multicast|bytes    packets errs drop fifo colls carrier compressed
    lo: 16336624802 21834163    0    0    0     0          0         0 16336624802 21834163    0    0    0     0       0          0
enp3s0: 101751749353 80145209    0    0    0     0          0         0 594586435 8093780    0    0    0     0       0          0
enp6s0: 62489108  544826    0  260    0     0          0     18851        0       0    0    0    0     0       0          0
wlp4s0: 9003374241 14862990    0    0    0     0          0         0 17082042829 19578274    0    0    0     0       0          0
","MemTotal:       32698160 kB
MemFree:         3195008 kB
MemAvailable:   24113764 kB
Buffers:          429596 kB
Cached:         20101848 kB
SwapCached:        26004 kB
Active:         16666436 kB
Inactive:       10940668 kB
Active(anon):    1598940 kB
Inactive(anon):  5266492 kB
Active(file):   15067496 kB
Inactive(file):  5674176 kB
Unevictable:          24 kB
Mlocked:              16 kB
SwapTotal:       2097148 kB
SwapFree:            324 kB
Zswap:                 0 kB
Zswapped:              0 kB
Dirty:               768 kB
Writeback:             0 kB
AnonPages:       7051428 kB
Mapped:          1159644 kB
Shmem:             71636 kB
KReclaimable:     646904 kB
Slab:            1008408 kB
SReclaimable:     646904 kB
SUnreclaim:       361504 kB
KernelStack:       28160 kB
PageTables:        83384 kB
SecPageTables:         0 kB
NFS_Unstable:          0 kB
Bounce:                0 kB
WritebackTmp:          0 kB
CommitLimit:    18446228 kB
Committed_AS:   23677372 kB
VmallocTotal:   34359738367 kB
VmallocUsed:      236636 kB
VmallocChunk:          0 kB
Percpu:            20160 kB
HardwareCorrupted:     0 kB
AnonHugePages:         0 kB
ShmemHugePages:        0 kB
ShmemPmdMapped:        0 kB
FileHugePages:         0 kB
FilePmdMapped:         0 kB
Unaccepted:            0 kB
HugePages_Total:       0
HugePages_Free:        0
HugePages_Rsvd:        0
HugePages_Surp:        0
Hugepagesize:       2048 kB
Hugetlb:               0 kB
DirectMap4k:    31524404 kB
DirectMap2M:     1867776 kB
DirectMap1G:     1048576 kB
",cpu  66726197 213926 12913170 4257463576 480662 0 473695 0 0 0,"3017586 (ros2_control_no) S 3017571 3017571 2912103 34817 3017571 4194304 13750 0 10 0 1202035 9408 0 0 20 0 39 0 216637404 2744172544 29203 18446744073709551615 106820472733696 106820472749549 140723865944256 0 0 0 4096 0 1098925310 0 0 0 17 17 0 0 0 0 0 106820472760512 106820472762592 106821535870976 140723865947817 140723865948053 140723865948053 140723865956287 0
"
2172326.150800378,1791283763.6403253,"(2.87841796875, 3.64892578125, 4.3330078125)","Inter-|   Receive                                                |  Transmit
 face |bytes    packets errs drop fifo frame compressed multicast|bytes    packets errs drop fifo colls carrier compressed
    lo: 16336630818 21834207    0    0    0     0          0         0 16336630818 21834207    0    0    0     0       0          0
enp3s0: 101752023048 80145418    0    0    0     0          0         0 594587425 8093795    0    0    0     0       0          0
enp6s0: 62489108  544826    0  260    0     0          0     18851        0       0    0    0    0     0       0          0
wlp4s0: 9003376080 14863007    0    0    0     0          0         0 17082047962 19578301    0    0    0     0       0          0
","MemTotal:       32698160 kB
MemFree:         3195624 kB
MemAvailable:   24114380 kB
Buffers:          429596 kB
Cached:         20101848 kB
SwapCached:        26004 kB
Active:         16666132 kB
Inactive:       10940668 kB
Active(anon):    1598636 kB
Inactive(anon):  5266492 kB
Active(file):   15067496 kB
Inactive(file):  5674176 kB
Unevictable:          24 kB
Mlocked:              16 kB
SwapTotal:       2097148 kB
SwapFree:            324 kB
Zswap:                 0 kB
Zswapped:              0 kB
Dirty:               768 kB
Writeback:             0 kB
AnonPages:       7051128 kB
Mapped:          1159644 kB
Shmem:             71636 kB
KReclaimable:     646904 kB
Slab:            1008400 kB
SReclaimable:     646904 kB
SUnreclaim:       361496 kB
KernelStack:       28160 kB
PageTables:        83384 kB
SecPageTables:         0 kB
NFS_Unstable:          0 kB
Bounce:                0 kB
WritebackTmp:          0 kB
CommitLimit:    18446228 kB
Committed_AS:   23677344 kB
VmallocTotal:   34359738367 kB
VmallocUsed:      236636 kB
VmallocChunk:          0 kB
Percpu:            20160 kB
HardwareCorrupted:     0 kB
AnonHugePages:         0 kB
ShmemHugePages:        0 kB
ShmemPmdMapped:        0 kB
FileHugePages:         0 kB
FilePmdMapped:         0 kB
Unaccepted:            0 kB
HugePages_Total:       0
HugePages_Free:        0
HugePages_Rsvd:        0
HugePages_Surp:        0
Hugepagesize:       2048 kB
Hugetlb:               0 kB
DirectMap4k:    31524404 kB
DirectMap2M:     1867776 kB
DirectMap1G:     1048576 kB
",cpu  66726256 213926 12913174 4257463916 480662 0 473696 0 0 0,"3017586 (ros2_control_no) S 3017571 3017571 2912103 34817 3017571 4194304 13750 0 10 0 1202076 9408 0 0 20 0 39 0 216637404 2744172544 29203 18446744073709551615 106820472733696 106820472749549 140723865944256 0 0 0 4096 0 1098925310 0 0 0 17 17 0 0 0 0 0 106820472760512 106820472762592 106821535870976 140723865947817 140723865948053 140723865948053 140723865956287 0
"
2172326.352051729,1791283763.8415768,"(2.87841796875, 3.64892578125, 4.3330078125)","Inter-|   Receive                                                |  Transmit
 face |bytes    packets errs drop fifo frame compressed multicast|bytes    packets errs drop fifo colls carrier compressed
    lo: 16336636161 21834239    0    0    0     0          0         0 16336636161 21834239    0    0    0     0       0          0
enp3s0: 101752296743 80145627    0    0    0     0          0         0 594588457 8093811    0    0    0     0       0          0
enp6s0: 62489108  544826    0  260    0     0          0     18851        0       0    0    0    0     0       0          0
wlp4s0: 9003380900 14863035    0    0    0     0          0         0 17082052117 19578328    0    0    0     0       0          0
","MemTotal:       32698160 kB
MemFree:         3195764 kB
MemAvailable:   24114520 kB
Buffers:          429596 kB
Cached:         20101848 kB
SwapCached:        26004 kB
Active:         16666028 kB
Inactive:       10940668 kB
Active(anon):    1598532 kB
Inactive(anon):  5266492 kB
Active(file):   15067496 kB
Inactive(file):  5674176 kB
Unevictable:          24 kB
Mlocked:              16 kB
SwapTotal:       2097148 kB
SwapFree:            324 kB
Zswap:                 0 kB
Zswapped:              0 kB
Dirty:               824 kB
Writeback:             0 kB
AnonPages:       7051056 kB
Mapped:          1159644 kB
Shmem:             71636 kB
KReclaimable:     646904 kB
Slab:            1008304 kB
SReclaimable:     646904 kB
SUnreclaim:       361400 kB
KernelStack:       28160 kB
PageTables:        83384 kB
SecPageTables:         0 kB
NFS_Unstable:          0 kB
Bounce:                0 kB
WritebackTmp:          0 kB
CommitLimit:    18446228 kB
Committed_AS:   23677344 kB
VmallocTotal:   34359738367 kB
VmallocUsed:      236636 kB
VmallocChunk:          0 kB
Percpu:            20160 kB
HardwareCorrupted:     0 kB
AnonHugePages:         0 kB
ShmemHugePages:        0 kB
ShmemPmdMapped:        0 kB
FileHugePages:         0 kB
FilePmdMapped:         0 kB
Unaccepted:            0 kB
HugePages_Total:       0
HugePages_Free:        0
HugePages_Rsvd:        0
HugePages_Surp:        0
Hugepagesize:       2048 kB
Hugetlb:               0 kB
DirectMap4k:    31524404 kB
DirectMap2M:     1867776 kB
DirectMap1G:     1048576 kB
",cpu  66726310 213926 12913176 4257464260 480662 0 473696 0 0 0,"3017586 (ros2_control_no) S 3017571 3017571 2912103 34817 3017571 4194304 13750 0 10 0 1202117 9408 0 0 20 0 39 0 216637404 2744172544 29203 18446744073709551615 106820472733696 106820472749549 140723865944256 0 0 0 4096 0 1098925310 0 0 0 17 17 0 0 0 0 0 106820472760512 106820472762592 106821535870976 140723865947817 140723865948053 140723865948053 140723865956287 0
"
2172326.553442364,1791283764.0429673,"(2.87841796875, 3.64892578125, 4.3330078125)","Inter-|   Receive                                                |  Transmit
 face |bytes    packets errs drop fifo frame compressed multicast|bytes    packets errs drop fifo colls carrier compressed
    lo: 16336646341 21834294    0    0    0     0          0         0 16336646341 21834294    0    0    0     0       0          0
enp3s0: 101752569718 80145839    0    0    0     0          0         0 594589711 8093830    0    0    0     0       0          0
enp6s0: 62489108  544826    0  260    0     0          0     18851        0       0    0    0    0     0       0          0
wlp4s0: 9003383854 14863062    0    0    0     0          0         0 17082059981 19578362    0    0    0     0       0          0
","MemTotal:       32698160 kB
MemFree:         3200512 kB
MemAvailable:   24119268 kB
Buffers:          429596 kB
Cached:         20101848 kB
SwapCached:        26004 kB
Active:         16666028 kB
Inactive:       10940668 kB
Active(anon):    1598532 kB
Inactive(anon):  5266492 kB
Active(file):   15067496 kB
Inactive(file):  5674176 kB
Unevictable:          24 kB
Mlocked:              16 kB
SwapTotal:       2097148 kB
SwapFree:            324 kB
Zswap:                 0 kB
Zswapped:              0 kB
Dirty:               824 kB
Writeback:             0 kB
AnonPages:       7051064 kB
Mapped:          1159644 kB
Shmem:             71636 kB
KReclaimable:     646904 kB
Slab:            1008304 kB
SReclaimable:     646904 kB
SUnreclaim:       361400 kB
KernelStack:       28160 kB
PageTables:        83384 kB
SecPageTables:         0 kB
NFS_Unstable:          0 kB
Bounce:                0 kB
WritebackTmp:          0 kB
CommitLimit:    18446228 kB
Committed_AS:   23677344 kB
VmallocTotal:   34359738367 kB
VmallocUsed:      236636 kB
VmallocChunk:          0 kB
Percpu:            20160 kB
HardwareCorrupted:     0 kB
AnonHugePages:         0 kB
ShmemHugePages:        0 kB
ShmemPmdMapped:        0 kB
FileHugePages:         0 kB
FilePmdMapped:         0 kB
Unaccepted:            0 kB
HugePages_Total:       0
HugePages_Free:        0
HugePages_Rsvd:        0
HugePages_Surp:        0
Hugepagesize:       2048 kB
Hugetlb:               0 kB
DirectMap4k:    31524404 kB
DirectMap2M:     1867776 kB
DirectMap1G:     1048576 kB
",cpu  66726372 213926 12913182 4257464595 480662 0 473696 0 0 0,"3017586 (ros2_control_no) S 3017571 3017571 2912103 34817 3017571 4194304 13750 0 10 0 1202157 9408 0 0 20 0 39 0 216637404 2744172544 29203 18446744073709551615 106820472733696 106820472749549 140723865944256 0 0 0 4096 0 1098925310 0 0 0 17 17 0 0 0 0 0 106820472760512 106820472762592 106821535870976 140723865947817 140723865948053 140723865948053 140723865956287 0
"
2172326.7550785,1791283764.2446034,"(2.87841796875, 3.64892578125, 4.3330078125)","Inter-|   Receive                                                |  Transmit
 face |bytes    packets errs drop fifo frame compressed multicast|bytes    packets errs drop fifo colls carrier compressed
    lo: 16336664472 21834370    0    0    0     0          0         0 16336664472 21834370    0    0    0     0       0          0
enp3s0: 101752845469 80146053    0    0    0     0          0         0 594591394 8093851    0    0    0     0       0          0
enp6s0: 62489108  544826    0  260    0     0          0     18851        0       0    0    0    0     0       0          0
wlp4s0: 9003387319 14863093    0    0    0     0          0         0 17082076075 19578408    0    0    0     0       0          0
","MemTotal:       32698160 kB
MemFree:         3200512 kB
MemAvailable:   24119268 kB
Buffers:          429596 kB
Cached:         20101848 kB
SwapCached:        26004 kB
Active:         16666028 kB
Inactive:       10940668 kB
Active(anon):    1598532 kB
Inactive(anon):  5266492 kB
Active(file):   15067496 kB
Inactive(file):  5674176 kB
Unevictable:          24 kB
Mlocked:              16 kB
SwapTotal:       2097148 kB
SwapFree:            324 kB
Zswap:                 0 kB
Zswapped:              0 kB
Dirty:               824 kB
Writeback:             0 kB
AnonPages:       7051064 kB
Mapped:          1159644 kB
Shmem:             71636 kB
KReclaimable:     646904 kB
Slab:            1008304 kB
SReclaimable:     646904 kB
SUnreclaim:       361400 kB
KernelStack:       28160 kB
PageTables:        83384 kB
SecPageTables:         0 kB
NFS_Unstable:          0 kB
Bounce:                0 kB
WritebackTmp:          0 kB
CommitLimit:    18446228 kB
Committed_AS:   23677344 kB
VmallocTotal:   34359738367 kB
VmallocUsed:      236636 kB
VmallocChunk:          0 kB
Percpu:            20160 kB
HardwareCorrupted:     0 kB
AnonHugePages:         0 kB
ShmemHugePages:        0 kB
ShmemPmdMapped:        0 kB
FileHugePages:         0 kB
FilePmdMapped:         0 kB
Unaccepted:            0 kB
HugePages_Total:       0
HugePages_Free:        0
HugePages_Rsvd:        0
HugePages_Surp:        0
Hugepagesize:       2048 kB
Hugetlb:               0 kB
DirectMap4k:    31524404 kB
DirectMap2M:     1867776 kB
DirectMap1G:     1048576 kB
",cpu  66726440 213926 12913188 4257464922 480662 0 473696 0 0 0,"3017586 (ros2_control_no) S 3017571 3017571 2912103 34817 3017571 4194304 13750 0 10 0 1202198 9408 0 0 20 0 39 0 216637404 2744172544 29203 18446744073709551615 106820472733696 106820472749549 140723865944256 0 0 0 4096 0 1098925310 0 0 0 17 17 0 0 0 0 0 106820472760512 106820472762592 106821535870976 140723865947817 140723865948053 140723865948053 140723865956287 0
"
2172326.957471658,1791283764.4469967,"(2.87841796875, 3.64892578125, 4.3330078125)","Inter-|   Receive                                                |  Transmit
 face |bytes    packets errs drop fifo frame compressed multicast|bytes    packets errs drop fifo colls carrier compressed
    lo: 16336683178 21834430    0    0    0     0          0         0 16336683178 21834430    0    0    0     0       0          0
enp3s0: 101753121053 80146266    0    0    0     0          0         0 594592960 8093870    0    0    0     0       0          0
enp6s0: 62489108  544826    0  260    0     0          0     18851        0       0    0    0    0     0       0          0
wlp4s0: 9003390926 14863123    0    0    0     0          0         0 17082093339 19578451    0    0    0     0       0          0
","MemTotal:       32698160 kB
MemFree:         3200512 kB
MemAvailable:   24119268 kB
Buffers:          429596 kB
Cached:         20101848 kB
SwapCached:        26004 kB
Active:         16666028 kB
Inactive:       10940668 kB
Active(anon):    1598532 kB
Inactive(anon):  5266492 kB
Active(file):   15067496 kB
Inactive(file):  5674176 kB
Unevictable:          24 kB
Mlocked:              16 kB
SwapTotal:       2097148 kB
SwapFree:            324 kB
Zswap:                 0 kB
Zswapped:              0 kB
Dirty:               824 kB
Writeback:             0 kB
AnonPages:       7051064 kB
Mapped:          1159644 kB
Shmem:             71636 kB
KReclaimable:     646904 kB
Slab:            1008296 kB
SReclaimable:     646904 kB
SUnreclaim:       361392 kB
KernelStack:       28160 kB
PageTables:        83384 kB
SecPageTables:         0 kB
NFS_Unstable:          0 kB
Bounce:                0 kB
WritebackTmp:          0 kB
CommitLimit:    18446228 kB
Committed_AS:   23677344 kB
VmallocTotal:   34359738367 kB
VmallocUsed:      236636 kB
VmallocChunk:          0 kB
Percpu:            20160 kB
HardwareCorrupted:     0 kB
AnonHugePages:         0 kB
ShmemHugePages:        0 kB
ShmemPmdMapped:        0 kB
FileHugePages:         0 kB
FilePmdMapped:         0 kB
Unaccepted:            0 kB
HugePages_Total:       0
HugePages_Free:        0
HugePages_Rsvd:        0
HugePages_Surp:        0
Hugepagesize:       2048 kB
Hugetlb:               0 kB
DirectMap4k:    31524404 kB
DirectMap2M:     1867776 kB
DirectMap1G:     1048576 kB
",cpu  66726502 213926 12913190 4257465258 480662 0 473697 0 0 0,"3017586 (ros2_control_no) S 3017571 3017571 2912103 34817 3017571 4194304 13750 0 10 0 1202239 9408 0 0 20 0 39 0 216637404 2744172544 29203 18446744073709551615 106820472733696 106820472749549 140723865944256 0 0 0 4096 0 1098925310 0 0 0 17 17 0 0 0 0 0 106820472760512 106820472762592 106821535870976 140723865947817 140723865948053 140723865948053 140723865956287 0
"
2172327.159111968,1791283764.6486368,"(2.87841796875, 3.64892578125, 4.3330078125)","Inter-|   Receive                                                |  Transmit
 face |bytes    packets errs drop fifo frame compressed multicast|bytes    packets errs drop fifo colls carrier compressed
    lo: 16336706399 21834496    0    0    0     0          0         0 16336706399 21834496    0    0    0     0       0          0
enp3s0: 101753395583 80146480    0    0    0     0          0         0 594595036 8093892    0    0    0     0       0          0
enp6s0: 62489108  544826    0  260    0     0          0     18851        0       0    0    0    0     0       0          0
wlp4s0: 9003397219 14863156    0    0    0     0          0         0 17082116381 19578500    0    0    0     0       0          0
","MemTotal:       32698160 kB
MemFree:         3200008 kB
MemAvailable:   24118764 kB
Buffers:          429596 kB
Cached:         20101848 kB
SwapCached:        26004 kB
Active:         16666028 kB
Inactive:       10940668 kB
Active(anon):    1598532 kB
Inactive(anon):  5266492 kB
Active(file):   15067496 kB
Inactive(file):  5674176 kB
Unevictable:          24 kB
Mlocked:              16 kB
SwapTotal:       2097148 kB
SwapFree:            324 kB
Zswap:                 0 kB
Zswapped:              0 kB
Dirty:               824 kB
Writeback:             0 kB
AnonPages:       7051076 kB
Mapped:          1159644 kB
Shmem:             71636 kB
KReclaimable:     646904 kB
Slab:            1008296 kB
SReclaimable:     646904 kB
SUnreclaim:       361392 kB
KernelStack:       28160 kB
PageTables:        83384 kB
SecPageTables:         0 kB
NFS_Unstable:          0 kB
Bounce:                0 kB
WritebackTmp:          0 kB
CommitLimit:    18446228 kB
Committed_AS:   23677344 kB
VmallocTotal:   34359738367 kB
VmallocUsed:      236636 kB
VmallocChunk:          0 kB
Percpu:            20160 kB
HardwareCorrupted:     0 kB
AnonHugePages:         0 kB
ShmemHugePages:        0 kB
ShmemPmdMapped:        0 kB
FileHugePages:         0 kB
FilePmdMapped:         0 kB
Unaccepted:            0 kB
HugePages_Total:       0
HugePages_Free:        0
HugePages_Rsvd:        0
HugePages_Surp:        0
Hugepagesize:       2048 kB
Hugetlb:               0 kB
DirectMap4k:    31524404 kB
DirectMap2M:     1867776 kB
DirectMap1G:     1048576 kB
",cpu  66726564 213926 12913194 4257465594 480662 0 473698 0 0 0,"3017586 (ros2_control_no) S 3017571 3017571 2912103 34817 3017571 4194304 13750 0 10 0 1202280 9409 0 0 20 0 39 0 216637404 2744172544 29203 18446744073709551615 106820472733696 106820472749549 140723865944256 0 0 0 4096 0 1098925310 0 0 0 17 17 0 0 0 0 0 106820472760512 106820472762592 106821535870976 140723865947817 140723865948053 140723865948053 140723865956287 0
"
2172327.360496041,1791283764.8500211,"(2.87841796875, 3.64892578125, 4.3330078125)","Inter-|   Receive                                                |  Transmit
 face |bytes    packets errs drop fifo frame compressed multicast|bytes    packets errs drop fifo colls carrier compressed
    lo: 16336823525 21835235    0    0    0     0          0         0 16336823525 21835235    0    0    0     0       0          0
enp3s0: 101753669779 80146692    0    0    0     0          0         0 594596644 8093912    0    0    0     0       0          0
enp6s0: 62489108  544826    0  260    0     0          0     18851        0       0    0    0    0     0       0          0
wlp4s0: 9003402503 14863206    0    0    0     0          0         0 17082173842 19578935    0    0    0     0       0          0
","MemTotal:       32698160 kB
MemFree:         3204612 kB
MemAvailable:   24123368 kB
Buffers:          429596 kB
Cached:         20101848 kB
SwapCached:        26004 kB
Active:         16666264 kB
Inactive:       10940668 kB
Active(anon):    1598768 kB
Inactive(anon):  5266492 kB
Active(file):   15067496 kB
Inactive(file):  5674176 kB
Unevictable:          24 kB
Mlocked:              16 kB
SwapTotal:       2097148 kB
SwapFree:            324 kB
Zswap:                 0 kB
Zswapped:              0 kB
Dirty:               824 kB
Writeback:             0 kB
AnonPages:       7051320 kB
Mapped:          1159644 kB
Shmem:             71636 kB
KReclaimable:     646904 kB
Slab:            1008248 kB
SReclaimable:     646904 kB
SUnreclaim:       361344 kB
KernelStack:       28160 kB
PageTables:        83384 kB
SecPageTables:         0 kB
NFS_Unstable:          0 kB
Bounce:                0 kB
WritebackTmp:          0 kB
CommitLimit:    18446228 kB
Committed_AS:   23677344 kB
VmallocTotal:   34359738367 kB
VmallocUsed:      236636 kB
VmallocChunk:          0 kB
Percpu:            20160 kB
HardwareCorrupted:     0 kB
AnonHugePages:         0 kB
ShmemHugePages:        0 kB
ShmemPmdMapped:        0 kB
FileHugePages:         0 kB
FilePmdMapped:         0 kB
Unaccepted:            0 kB
HugePages_Total:       0
HugePages_Free:        0
HugePages_Rsvd:        0
HugePages_Surp:        0
Hugepagesize:       2048 kB
Hugetlb:               0 kB
DirectMap4k:    31524404 kB
DirectMap2M:     1867776 kB
DirectMap1G:     1048576 kB
",cpu  66726629 213926 12913198 4257465927 480662 0 473698 0 0 0,"3017586 (ros2_control_no) S 3017571 3017571 2912103 34817 3017571 4194304 13750 0 10 0 1202321 9409 0 0 20 0 39 0 216637404 2744172544 29203 18446744073709551615 106820472733696 106820472749549 140723865944256 0 0 0 4096 0 1098925310 0 0 0 17 17 0 0 0 0 0 106820472760512 106820472762592 106821535870976 140723865947817 140723865948053 140723865948053 140723865956287 0
"
2172327.561789644,1791283765.0513146,"(2.87841796875, 3.64892578125, 4.3330078125)","Inter-|   Receive                                                |  Transmit
 face |bytes    packets errs drop fifo frame compressed multicast|bytes    packets errs drop fifo colls carrier compressed
    lo: 16336854036 21835429    0    0    0     0          0         0 16336854036 21835429    0    0    0     0       0          0
enp3s0: 101753943641 80146902    0    0    0     0          0         0 594597700 8093928    0    0    0     0       0          0
enp6s0: 62489108  544826    0  260    0     0          0     18851        0       0    0    0    0     0       0          0
wlp4s0: 9003412938 14863303    0    0    0     0          0         0 17082190114 19579062    0    0    0     0       0          0
","MemTotal:       32698160 kB
MemFree:         3204612 kB
MemAvailable:   24123368 kB
Buffers:          429596 kB
Cached:         20101848 kB
SwapCached:        26004 kB
Active:         16666324 kB
Inactive:       10940668 kB
Active(anon):    1598828 kB
Inactive(anon):  5266492 kB
Active(file):   15067496 kB
Inactive(file):  5674176 kB
Unevictable:          24 kB
Mlocked:              16 kB
SwapTotal:       2097148 kB
SwapFree:            324 kB
Zswap:                 0 kB
Zswapped:              0 kB
Dirty:               824 kB
Writeback:             0 kB
AnonPages:       7051376 kB
Mapped:          1159644 kB
Shmem:             71636 kB
KReclaimable:     646904 kB
Slab:            1008320 kB
SReclaimable:     646904 kB
SUnreclaim:       361416 kB
KernelStack:       28160 kB
PageTables:        83384 kB
SecPageTables:         0 kB
NFS_Unstable:          0 kB
Bounce:                0 kB
WritebackTmp:          0 kB
CommitLimit:    18446228 kB
Committed_AS:   23677344 kB
VmallocTotal:   34359738367 kB
VmallocUsed:      236620 kB
VmallocChunk:          0 kB
Percpu:            20160 kB
HardwareCorrupted:     0 kB
AnonHugePages:         0 kB
ShmemHugePages:        0 kB
ShmemPmdMapped:        0 kB
FileHugePages:         0 kB
FilePmdMapped:         0 kB
Unaccepted:            0 kB
HugePages_Total:       0
HugePages_Free:        0
HugePages_Rsvd:        0
HugePages_Surp:        0
Hugepagesize:       2048 kB
Hugetlb:               0 kB
DirectMap4k:    31524404 kB
DirectMap2M:     1867776 kB
DirectMap1G:     1048576 kB
",cpu  66726681 213926 12913200 4257466272 480662 0 473699 0 0 0,"3017586 (ros2_control_no) S 3017571 3017571 2912103 34817 3017571 4194304 13750 0 10 0 1202361 9409 0 0 20 0 39 0 216637404 2744172544 29203 18446744073709551615 106820472733696 106820472749549 140723865944256 0 0 0 4096 0 1098925310 0 0 0 17 17 0 0 0 0 0 106820472760512 106820472762592 106821535870976 140723865947817 140723865948053 140723865948053 140723865956287 0
"
2172327.763210006,1791283765.252735,"(2.87841796875, 3.64892578125, 4.3330078125)","Inter-|   Receive                                                |  Transmit
 face |bytes    packets errs drop fifo frame compressed multicast|bytes    packets errs drop fifo colls carrier compressed
    lo: 16336861589 21835489    0    0    0     0          0         0 16336861589 21835489    0    0    0     0       0          0
enp3s0: 101754217837 80147114    0    0    0     0          0         0 594598939 8093947    0    0    0     0       0          0
enp6s0: 62489108  544826    0  260    0     0          0     18851        0       0    0    0    0     0       0          0
wlp4s0: 9003416102 14863333    0    0    0     0          0         0 17082196696 19579101    0    0    0     0       0          0
","MemTotal:       32698160 kB
MemFree:         3204360 kB
MemAvailable:   24123116 kB
Buffers:          429596 kB
Cached:         20101848 kB
SwapCached:        26004 kB
Active:         16666384 kB
Inactive:       10940668 kB
Active(anon):    1598888 kB
Inactive(anon):  5266492 kB
Active(file):   15067496 kB
Inactive(file):  5674176 kB
Unevictable:          24 kB
Mlocked:              16 kB
SwapTotal:       2097148 kB
SwapFree:            324 kB
Zswap:                 0 kB
Zswapped:              0 kB
Dirty:               824 kB
Writeback:             0 kB
AnonPages:       7051436 kB
Mapped:          1159644 kB
Shmem:             71636 kB
KReclaimable:     646904 kB
Slab:            1008320 kB
SReclaimable:     646904 kB
SUnreclaim:       361416 kB
KernelStack:       28160 kB
PageTables:        83384 kB
SecPageTables:         0 kB
NFS_Unstable:          0 kB
Bounce:                0 kB
WritebackTmp:          0 kB
CommitLimit:    18446228 kB
Committed_AS:   23677344 kB
VmallocTotal:   34359738367 kB
VmallocUsed:      236620 kB
VmallocChunk:          0 kB
Percpu:            20160 kB
HardwareCorrupted:     0 kB
AnonHugePages:         0 kB
ShmemHugePages:        0 kB
ShmemPmdMapped:        0 kB
FileHugePages:         0 kB
FilePmdMapped:         0 kB
Unaccepted:            0 kB
HugePages_Total:       0
HugePages_Free:        0
HugePages_Rsvd:        0
HugePages_Surp:        0
Hugepagesize:       2048 kB
Hugetlb:               0 kB
DirectMap4k:    31524404 kB
DirectMap2M:     1867776 kB
DirectMap1G:     1048576 kB
",cpu  66726742 213926 12913203 4257466611 480662 0 473699 0 0 0,"3017586 (ros2_control_no) S 3017571 3017571 2912103 34817 3017571 4194304 13750 0 10 0 1202402 9410 0 0 20 0 39 0 216637404 2744172544 29203 18446744073709551615 106820472733696 106820472749549 140723865944256 0 0 0 4096 0 1098925310 0 0 0 17 17 0 0 0 0 0 106820472760512 106820472762592 106821535870976 140723865947817 140723865948053 140723865948053 140723865956287 0
"
2172327.964496789,1791283765.454022,"(2.87841796875, 3.64892578125, 4.3330078125)","Inter-|   Receive                                                |  Transmit
 face |bytes    packets errs drop fifo frame compressed multicast|bytes    packets errs drop fifo colls carrier compressed
    lo: 16336866542 21835524    0    0    0     0          0         0 16336866542 21835524    0    0    0     0       0          0
enp3s0: 101754492200 80147327    0    0    0     0          0         0 594600193 8093966    0    0    0     0       0          0
enp6s0: 62489108  544826    0  260    0     0          0     18851        0       0    0    0    0     0       0          0
wlp4s0: 9003420574 14863362    0    0    0     0          0         0 17082201197 19579127    0    0    0     0       0          0
","MemTotal:       32698160 kB
MemFree:         3204360 kB
MemAvailable:   24123116 kB
Buffers:          429596 kB
Cached:         20101848 kB
SwapCached:        26004 kB
Active:         16666452 kB
Inactive:       10940668 kB
Active(anon):    1598956 kB
Inactive(anon):  5266492 kB
Active(file):   15067496 kB
Inactive(file):  5674176 kB
Unevictable:          24 kB
Mlocked:              16 kB
SwapTotal:       2097148 kB
SwapFree:            324 kB
Zswap:                 0 kB
Zswapped:              0 kB
Dirty:               824 kB
Writeback:             0 kB
AnonPages:       7051492 kB
Mapped:          1159644 kB
Shmem:             71636 kB
KReclaimable:     646904 kB
Slab:            1008320 kB
SReclaimable:     646904 kB
SUnreclaim:       361416 kB
KernelStack:       28160 kB
PageTables:        83384 kB
SecPageTables:         0 kB
NFS_Unstable:          0 kB
Bounce:                0 kB
WritebackTmp:          0 kB
CommitLimit:    18446228 kB
Committed_AS:   23677344 kB
VmallocTotal:   34359738367 kB
VmallocUsed:      236620 kB
VmallocChunk:          0 kB
Percpu:            20160 kB
HardwareCorrupted:     0 kB
AnonHugePages:         0 kB
ShmemHugePages:        0 kB
ShmemPmdMapped:        0 kB
FileHugePages:         0 kB
FilePmdMapped:         0 kB
Unaccepted:            0 kB
HugePages_Total:       0
HugePages_Free:        0
HugePages_Rsvd:        0
HugePages_Surp:        0
Hugepagesize:       2048 kB
Hugetlb:               0 kB
DirectMap4k:    31524404 kB
DirectMap2M:     1867776 kB
DirectMap1G:     1048576 kB
",cpu  66726797 213926 12913205 4257466957 480662 0 473699 0 0 0,"3017586 (ros2_control_no) S 3017571 3017571 2912103 34817 3017571 4194304 13750 0 10 0 1202443 9410 0 0 20 0 39 0 216637404 2744172544 29203 18446744073709551615 106820472733696 106820472749549 140723865944256 0 0 0 4096 0 1098925310 0 0 0 17 17 0 0 0 0 0 106820472760512 106820472762592 106821535870976 140723865947817 140723865948053 140723865948053 140723865956287 0
"
2172328.166419585,1791283765.6559446,"(2.87841796875, 3.64892578125, 4.3330078125)","Inter-|   Receive                                                |  Transmit
 face |bytes    packets errs drop fifo frame compressed multicast|bytes    packets errs drop fifo colls carrier compressed
    lo: 16336871634 21835561    0    0    0     0          0         0 16336871634 21835561    0    0    0     0       0          0
enp3s0: 101754766730 80147541    0    0    0     0          0         0 594601513 8093986    0    0    0     0       0          0
enp6s0: 62489108  544826    0  260    0     0          0     18851        0       0    0    0    0     0       0          0
wlp4s0: 9003421713 14863375    0    0    0     0          0         0 17082205247 19579146    0    0    0     0       0          0
","MemTotal:       32698160 kB
MemFree:         3204360 kB
MemAvailable:   24123116 kB
Buffers:          429596 kB
Cached:         20101848 kB
SwapCached:        26004 kB
Active:         16666512 kB
Inactive:       10940668 kB
Active(anon):    1599016 kB
Inactive(anon):  5266492 kB
Active(file):   15067496 kB
Inactive(file):  5674176 kB
Unevictable:          24 kB
Mlocked:              16 kB
SwapTotal:       2097148 kB
SwapFree:            324 kB
Zswap:                 0 kB
Zswapped:              0 kB
Dirty:               824 kB
Writeback:             0 kB
AnonPages:       7051560 kB
Mapped:          1159644 kB
Shmem:             71636 kB
KReclaimable:     646904 kB
Slab:            1008376 kB
SReclaimable:     646904 kB
SUnreclaim:       361472 kB
KernelStack:       28160 kB
PageTables:        83384 kB
SecPageTables:         0 kB
NFS_Unstable:          0 kB
Bounce:                0 kB
WritebackTmp:          0 kB
CommitLimit:    18446228 kB
Committed_AS:   23675284 kB
VmallocTotal:   34359738367 kB
VmallocUsed:      236620 kB
VmallocChunk:          0 kB
Percpu:            20160 kB
HardwareCorrupted:     0 kB
AnonHugePages:         0 kB
ShmemHugePages:        0 kB
ShmemPmdMapped:        0 kB
FileHugePages:         0 kB
FilePmdMapped:         0 kB
Unaccepted:            0 kB
HugePages_Total:       0
HugePages_Free:        0
HugePages_Rsvd:        0
HugePages_Surp:        0
Hugepagesize:       2048 kB
Hugetlb:               0 kB
DirectMap4k:    31524404 kB
DirectMap2M:     1867776 kB
DirectMap1G:     1048576 kB
",cpu  66726852 213926 12913208 4257467302 480662 0 473700 0 0 0,"3017586 (ros2_control_no) S 3017571 3017571 2912103 34817 3017571 4194304 13750 0 10 0 1202483 9410 0 0 20 0 39 0 216637404 2744172544 29203 18446744073709551615 106820472733696 106820472749549 140723865944256 0 0 0 4096 0 1098925310 0 0 0 17 17 0 0 0 0 0 106820472760512 106820472762592 106821535870976 140723865947817 140723865948053 140723865948053 140723865956287 0
"
2172328.367769579,1791283765.8572946,"(2.87841796875, 3.64892578125, 4.3330078125)","Inter-|   Receive                                                |  Transmit
 face |bytes    packets errs drop fifo frame compressed multicast|bytes    packets errs drop fifo colls carrier compressed
    lo: 16336877415 21835596    0    0    0     0          0         0 16336877415 21835596    0    0    0     0       0          0
enp3s0: 101755041093 80147754    0    0    0     0          0         0 594602767 8094005    0    0    0     0       0          0
enp6s0: 62489108  544826    0  260    0     0          0     18851        0       0    0    0    0     0       0          0
wlp4s0: 9003424516 14863399    0    0    0     0          0         0 17082209875 19579177    0    0    0     0       0          0
","MemTotal:       32698160 kB
MemFree:         3204392 kB
MemAvailable:   24123148 kB
Buffers:          429596 kB
Cached:         20101848 kB
SwapCached:        26004 kB
Active:         16666628 kB
Inactive:       10940668 kB
Active(anon):    1599132 kB
Inactive(anon):  5266492 kB
Active(file):   15067496 kB
Inactive(file):  5674176 kB
Unevictable:          24 kB
Mlocked:              16 kB
SwapTotal:       2097148 kB
SwapFree:            324 kB
Zswap:                 0 kB
Zswapped:              0 kB
Dirty:               824 kB
Writeback:             0 kB
AnonPages:       7051656 kB
Mapped:          1159644 kB
Shmem:             71636 kB
KReclaimable:     646904 kB
Slab:            1008256 kB
SReclaimable:     646904 kB
SUnreclaim:       361352 kB
KernelStack:       28128 kB
PageTables:        83380 kB
SecPageTables:         0 kB
NFS_Unstable:          0 kB
Bounce:                0 kB
WritebackTmp:          0 kB
CommitLimit:    18446228 kB
Committed_AS:   23675284 kB
VmallocTotal:   34359738367 kB
VmallocUsed:      236620 kB
VmallocChunk:          0 kB
Percpu:            20160 kB
HardwareCorrupted:     0 kB
AnonHugePages:         0 kB
ShmemHugePages:        0 kB
ShmemPmdMapped:        0 kB
FileHugePages:         0 kB
FilePmdMapped:         0 kB
Unaccepted:            0 kB
HugePages_Total:       0
HugePages_Free:        0
HugePages_Rsvd:        0
HugePages_Surp:        0
Hugepagesize:       2048 kB
Hugetlb:               0 kB
DirectMap4k:    31524404 kB
DirectMap2M:     1867776 kB
DirectMap1G:     1048576 kB
",cpu  66726906 213926 12913210 4257467647 480662 0 473700 0 0 0,"3017586 (ros2_control_no) S 3017571 3017571 2912103 34817 3017571 4194304 13750 0 10 0 1202524 9410 0 0 20 0 39 0 216637404 2744172544 29203 18446744073709551615 106820472733696 106820472749549 140723865944256 0 0 0 4096 0 1098925310 0 0 0 17 17 0 0 0 0 0 106820472760512 106820472762592 106821535870976 140723865947817 140723865948053 140723865948053 140723865956287 0
"
2172328.569083802,1791283766.058609,"(2.87841796875, 3.64892578125, 4.3330078125)","Inter-|   Receive                                                |  Transmit
 face |bytes    packets errs drop fifo frame compressed multicast|bytes    packets errs drop fifo colls carrier compressed
    lo: 16336882550 21835630    0    0    0     0          0         0 16336882550 21835630    0    0    0     0       0          0
enp3s0: 101755315456 80147967    0    0    0     0          0         0 594604063 8094025    0    0    0     0       0          0
enp6s0: 62489108  544826    0  260    0     0          0     18851        0       0    0    0    0     0       0          0
wlp4s0: 9003426222 14863415    0    0    0     0          0         0 17082213561 19579200    0    0    0     0       0          0
","MemTotal:       32698160 kB
MemFree:         3204140 kB
MemAvailable:   24122896 kB
Buffers:          429596 kB
Cached:         20101848 kB
SwapCached:        26004 kB
Active:         16666628 kB
Inactive:       10940668 kB
Active(anon):    1599132 kB
Inactive(anon):  5266492 kB
Active(file):   15067496 kB
Inactive(file):  5674176 kB
Unevictable:          24 kB
Mlocked:              16 kB
SwapTotal:       2097148 kB
SwapFree:            324 kB
Zswap:                 0 kB
Zswapped:              0 kB
Dirty:               824 kB
Writeback:             0 kB
AnonPages:       7051660 kB
Mapped:          1159644 kB
Shmem:             71636 kB
KReclaimable:     646904 kB
Slab:            1008256 kB
SReclaimable:     646904 kB
SUnreclaim:       361352 kB
KernelStack:       28128 kB
PageTables:        83380 kB
SecPageTables:         0 kB
NFS_Unstable:          0 kB
Bounce:                0 kB
WritebackTmp:          0 kB
CommitLimit:    18446228 kB
Committed_AS:   23676308 kB
VmallocTotal:   34359738367 kB
VmallocUsed:      236620 kB
VmallocChunk:          0 kB
Percpu:            20160 kB
HardwareCorrupted:     0 kB
AnonHugePages:         0 kB
ShmemHugePages:        0 kB
ShmemPmdMapped:        0 kB
FileHugePages:         0 kB
FilePmdMapped:         0 kB
Unaccepted:            0 kB
HugePages_Total:       0
HugePages_Free:        0
HugePages_Rsvd:        0
HugePages_Surp:        0
Hugepagesize:       2048 kB
Hugetlb:               0 kB
DirectMap4k:    31524404 kB
DirectMap2M:     1867776 kB
DirectMap1G:     1048576 kB
",cpu  66726958 213926 12913212 4257467996 480662 0 473700 0 0 0,"3017586 (ros2_control_no) S 3017571 3017571 2912103 34817 3017571 4194304 13750 0 10 0 1202565 9410 0 0 20 0 39 0 216637404 2744172544 29203 18446744073709551615 106820472733696 106820472749549 140723865944256 0 0 0 4096 0 1098925310 0 0 0 17 17 0 0 0 0 0 106820472760512 106820472762592 106821535870976 140723865947817 140723865948053 140723865948053 140723865956287 0
"
2172328.770862094,1791283766.2603872,"(2.87841796875, 3.64892578125, 4.3330078125)","Inter-|   Receive                                                |  Transmit
 face |bytes    packets errs drop fifo frame compressed multicast|bytes    packets errs drop fifo colls carrier compressed
    lo: 16336887120 21835661    0    0    0     0          0         0 16336887120 21835661    0    0    0     0       0          0
enp3s0: 101755589485 80148178    0    0    0     0          0         0 594605236 8094043    0    0    0     0       0          0
enp6s0: 62489456  544827    0  260    0     0          0     18851        0       0    0    0    0     0       0          0
wlp4s0: 9003428769 14863438    0    0    0     0          0         0 17082218485 19579231    0    0    0     0       0          0
","MemTotal:       32698160 kB
MemFree:         3204140 kB
MemAvailable:   24122896 kB
Buffers:          429596 kB
Cached:         20101848 kB
SwapCached:        26004 kB
Active:         16666628 kB
Inactive:       10940668 kB
Active(anon):    1599132 kB
Inactive(anon):  5266492 kB
Active(file):   15067496 kB
Inactive(file):  5674176 kB
Unevictable:          24 kB
Mlocked:              16 kB
SwapTotal:       2097148 kB
SwapFree:            324 kB
Zswap:                 0 kB
Zswapped:              0 kB
Dirty:               824 kB
Writeback:             0 kB
AnonPages:       7051664 kB
Mapped:          1159644 kB
Shmem:             71636 kB
KReclaimable:     646904 kB
Slab:            1008256 kB
SReclaimable:     646904 kB
SUnreclaim:       361352 kB
KernelStack:       28128 kB
PageTables:        83380 kB
SecPageTables:         0 kB
NFS_Unstable:          0 kB
Bounce:                0 kB
WritebackTmp:          0 kB
CommitLimit:    18446228 kB
Committed_AS:   23676308 kB
VmallocTotal:   34359738367 kB
VmallocUsed:      236620 kB
VmallocChunk:          0 kB
Percpu:            20160 kB
HardwareCorrupted:     0 kB
AnonHugePages:         0 kB
ShmemHugePages:        0 kB
ShmemPmdMapped:        0 kB
FileHugePages:         0 kB
FilePmdMapped:         0 kB
Unaccepted:            0 kB
HugePages_Total:       0
HugePages_Free:        0
HugePages_Rsvd:        0
HugePages_Surp:        0
Hugepagesize:       2048 kB
Hugetlb:               0 kB
DirectMap4k:    31524404 kB
DirectMap2M:     1867776 kB
DirectMap1G:     1048576 kB
",cpu  66727011 213926 12913216 4257468343 480662 0 473700 0 0 0,"3017586 (ros2_control_no) S 3017571 3017571 2912103 34817 3017571 4194304 13750 0 10 0 1202605 9410 0 0 20 0 39 0 216637404 2744172544 29203 18446744073709551615 106820472733696 106820472749549 140723865944256 0 0 0 4096 0 1098925310 0 0 0 17 16 0 0 0 0 0 106820472760512 106820472762592 106821535870976 140723865947817 140723865948053 140723865948053 140723865956287 0
"
2172328.972271944,1791283766.4617968,"(2.87841796875, 3.64892578125, 4.3330078125)","Inter-|   Receive                                                |  Transmit
 face |bytes    packets errs drop fifo frame compressed multicast|bytes    packets errs drop fifo colls carrier compressed
    lo: 16336892679 21835701    0    0    0     0          0         0 16336892679 21835701    0    0    0     0       0          0
enp3s0: 101755863347 80148388    0    0    0     0          0         0 594606292 8094059    0    0    0     0       0          0
enp6s0: 62489456  544827    0  260    0     0          0     18851        0       0    0    0    0     0       0          0
wlp4s0: 9003431116 14863460    0    0    0     0          0         0 17082223307 19579259    0    0    0     0       0          0
","MemTotal:       32698160 kB
MemFree:         3204140 kB
MemAvailable:   24122896 kB
Buffers:          429604 kB
Cached:         20101840 kB
SwapCached:        26004 kB
Active:         16666628 kB
Inactive:       10940668 kB
Active(anon):    1599132 kB
Inactive(anon):  5266492 kB
Active(file):   15067496 kB
Inactive(file):  5674176 kB
Unevictable:          24 kB
Mlocked:              16 kB
SwapTotal:       2097148 kB
SwapFree:            324 kB
Zswap:                 0 kB
Zswapped:              0 kB
Dirty:               824 kB
Writeback:             0 kB
AnonPages:       7051664 kB
Mapped:          1159644 kB
Shmem:             71636 kB
KReclaimable:     646904 kB
Slab:            1008264 kB
SReclaimable:     646904 kB
SUnreclaim:       361360 kB
KernelStack:       28128 kB
PageTables:        83380 kB
SecPageTables:         0 kB
NFS_Unstable:          0 kB
Bounce:                0 kB
WritebackTmp:          0 kB
CommitLimit:    18446228 kB
Committed_AS:   23676520 kB
VmallocTotal:   34359738367 kB
VmallocUsed:      236620 kB
VmallocChunk:          0 kB
Percpu:            20160 kB
HardwareCorrupted:     0 kB
AnonHugePages:         0 kB
ShmemHugePages:        0 kB
ShmemPmdMapped:        0 kB
FileHugePages:         0 kB
FilePmdMapped:         0 kB
Unaccepted:            0 kB
HugePages_Total:       0
HugePages_Free:        0
HugePages_Rsvd:        0
HugePages_Surp:        0
Hugepagesize:       2048 kB
Hugetlb:               0 kB
DirectMap4k:    31524404 kB
DirectMap2M:     1867776 kB
DirectMap1G:     1048576 kB
",cpu  66727072 213926 12913220 4257468680 480663 0 473700 0 0 0,"3017586 (ros2_control_no) S 3017571 3017571 2912103 34817 3017571 4194304 13750 0 10 0 1202646 9411 0 0 20 0 39 0 216637404 2744172544 29203 18446744073709551615 106820472733696 106820472749549 140723865944256 0 0 0 4096 0 1098925310 0 0 0 17 16 0 0 0 0 0 106820472760512 106820472762592 106821535870976 140723865947817 140723865948053 140723865948053 140723865956287 0
"
2172329.173433641,1791283766.6629586,"(2.87841796875, 3.64892578125, 4.3330078125)","Inter-|   Receive                                                |  Transmit
 face |bytes    packets errs drop fifo frame compressed multicast|bytes    packets errs drop fifo colls carrier compressed
    lo: 16336895761 21835722    0    0    0     0          0         0 16336895761 21835722    0    0    0     0       0          0
enp3s0: 101756138378 80148605    0    0    0     0          0         0 594607810 8094082    0    0    0     0       0          0
enp6s0: 62489456  544827    0  260    0     0          0     18851        0       0    0    0    0     0       0          0
wlp4s0: 9003433035 14863477    0    0    0     0          0         0 17082226722 19579282    0    0    0     0       0          0
","MemTotal:       32698160 kB
MemFree:         3204252 kB
MemAvailable:   24123008 kB
Buffers:          429604 kB
Cached:         20101840 kB
SwapCached:        26004 kB
Active:         16666672 kB
Inactive:       10940668 kB
Active(anon):    1599176 kB
Inactive(anon):  5266492 kB
Active(file):   15067496 kB
Inactive(file):  5674176 kB
Unevictable:          24 kB
Mlocked:              16 kB
SwapTotal:       2097148 kB
SwapFree:            324 kB
Zswap:                 0 kB
Zswapped:              0 kB
Dirty:               824 kB
Writeback:             0 kB
AnonPages:       7051668 kB
Mapped:          1159644 kB
Shmem:             71636 kB
KReclaimable:     646904 kB
Slab:            1008296 kB
SReclaimable:     646904 kB
SUnreclaim:       361392 kB
KernelStack:       28128 kB
PageTables:        83380 kB
SecPageTables:         0 kB
NFS_Unstable:          0 kB
Bounce:                0 kB
WritebackTmp:          0 kB
CommitLimit:    18446228 kB
Committed_AS:   23676520 kB
VmallocTotal:   34359738367 kB
VmallocUsed:      236620 kB
VmallocChunk:          0 kB
Percpu:            20160 kB
HardwareCorrupted:     0 kB
AnonHugePages:         0 kB
ShmemHugePages:        0 kB
ShmemPmdMapped:        0 kB
FileHugePages:         0 kB
FilePmdMapped:         0 kB
Unaccepted:            0 kB
HugePages_Total:       0
HugePages_Free:        0
HugePages_Rsvd:        0
HugePages_Surp:        0
Hugepagesize:       2048 kB
Hugetlb:               0 kB
DirectMap4k:    31524404 kB
DirectMap2M:     1867776 kB
DirectMap1G:     1048576 kB
",cpu  66727119 213926 12913221 4257469032 480663 0 473701 0 0 0,"3017586 (ros2_control_no) S 3017571 3017571 2912103 34817 3017571 4194304 13750 0 10 0 1202686 9411 0 0 20 0 39 0 216637404 2744172544 29203 18446744073709551615 106820472733696 106820472749549 140723865944256 0 0 0 4096 0 1098925310 0 0 0 17 16 0 0 0 0 0 106820472760512 106820472762592 106821535870976 140723865947817 140723865948053 140723865948053 140723865956287 0
"
2172329.374650658,1791283766.8641756,"(2.87841796875, 3.64892578125, 4.3330078125)","Inter-|   Receive                                                |  Transmit
 face |bytes    packets errs drop fifo frame compressed multicast|bytes    packets errs drop fifo colls carrier compressed
    lo: 16336899894 21835750    0    0    0     0          0         0 16336899894 21835750    0    0    0     0       0          0
enp3s0: 101756411353 80148817    0    0    0     0          0         0 594609064 8094101    0    0    0     0       0          0
enp6s0: 62489456  544827    0  260    0     0          0     18851        0       0    0    0    0     0       0          0
wlp4s0: 9003437083 14863501    0    0    0     0          0         0 17082230991 19579308    0    0    0     0       0          0
","MemTotal:       32698160 kB
MemFree:         3204440 kB
MemAvailable:   24123208 kB
Buffers:          429604 kB
Cached:         20101848 kB
SwapCached:        26004 kB
Active:         16667032 kB
Inactive:       10940680 kB
Active(anon):    1599536 kB
Inactive(anon):  5266492 kB
Active(file):   15067496 kB
Inactive(file):  5674188 kB
Unevictable:          24 kB
Mlocked:              16 kB
SwapTotal:       2097148 kB
SwapFree:            324 kB
Zswap:                 0 kB
Zswapped:              0 kB
Dirty:              1056 kB
Writeback:             0 kB
AnonPages:       7052004 kB
Mapped:          1159644 kB
Shmem:             71636 kB
KReclaimable:     646904 kB
Slab:            1008264 kB
SReclaimable:     646904 kB
SUnreclaim:       361360 kB
KernelStack:       28128 kB
PageTables:        83380 kB
SecPageTables:         0 kB
NFS_Unstable:          0 kB
Bounce:                0 kB
WritebackTmp:          0 kB
CommitLimit:    18446228 kB
Committed_AS:   23676520 kB
VmallocTotal:   34359738367 kB
VmallocUsed:      236620 kB
VmallocChunk:          0 kB
Percpu:            20160 kB
HardwareCorrupted:     0 kB
AnonHugePages:         0 kB
ShmemHugePages:        0 kB
ShmemPmdMapped:        0 kB
FileHugePages:         0 kB
FilePmdMapped:         0 kB
Unaccepted:            0 kB
HugePages_Total:       0
HugePages_Free:        0
HugePages_Rsvd:        0
HugePages_Surp:        0
Hugepagesize:       2048 kB
Hugetlb:               0 kB
DirectMap4k:    31524404 kB
DirectMap2M:     1867776 kB
DirectMap1G:     1048576 kB
",cpu  66727174 213926 12913224 4257469376 480663 0 473701 0 0 0,"3017586 (ros2_control_no) S 3017571 3017571 2912103 34817 3017571 4194304 13750 0 10 0 1202727 9411 0 0 20 0 39 0 216637404 2744172544 29203 18446744073709551615 106820472733696 106820472749549 140723865944256 0 0 0 4096 0 1098925310 0 0 0 17 16 0 0 0 0 0 106820472760512 106820472762592 106821535870976 140723865947817 140723865948053 140723865948053 140723865956287 0
"
2172329.576017676,1791283767.0655427,"(2.87841796875, 3.64892578125, 4.3330078125)","Inter-|   Receive                                                |  Transmit
 face |bytes    packets errs drop fifo frame compressed multicast|bytes    packets errs drop fifo colls carrier compressed
    lo: 16336909215 21835810    0    0    0     0          0         0 16336909215 21835810    0    0    0     0       0          0
enp3s0: 101756686050 80149032    0    0    0     0          0         0 594610492 8094123    0    0    0     0       0          0
enp6s0: 62489456  544827    0  260    0     0          0     18851        0       0    0    0    0     0       0          0
wlp4s0: 9003439243 14863519    0    0    0     0          0         0 17082235895 19579332    0    0    0     0       0          0
","MemTotal:       32698160 kB
MemFree:         3204440 kB
MemAvailable:   24123208 kB
Buffers:          429604 kB
Cached:         20101848 kB
SwapCached:        26004 kB
Active:         16667152 kB
Inactive:       10940680 kB
Active(anon):    1599656 kB
Inactive(anon):  5266492 kB
Active(file):   15067496 kB
Inactive(file):  5674188 kB
Unevictable:          24 kB
Mlocked:              16 kB
SwapTotal:       2097148 kB
SwapFree:            324 kB
Zswap:                 0 kB
Zswapped:              0 kB
Dirty:              1056 kB
Writeback:             0 kB
AnonPages:       7052068 kB
Mapped:          1159644 kB
Shmem:             71636 kB
KReclaimable:     646904 kB
Slab:            1008264 kB
SReclaimable:     646904 kB
SUnreclaim:       361360 kB
KernelStack:       28128 kB
PageTables:        83380 kB
SecPageTables:         0 kB
NFS_Unstable:          0 kB
Bounce:                0 kB
WritebackTmp:          0 kB
CommitLimit:    18446228 kB
Committed_AS:   23676520 kB
VmallocTotal:   34359738367 kB
VmallocUsed:      236620 kB
VmallocChunk:          0 kB
Percpu:            20160 kB
HardwareCorrupted:     0 kB
AnonHugePages:         0 kB
ShmemHugePages:        0 kB
ShmemPmdMapped:        0 kB
FileHugePages:         0 kB
FilePmdMapped:         0 kB
Unaccepted:            0 kB
HugePages_Total:       0
HugePages_Free:        0
HugePages_Rsvd:        0
HugePages_Surp:        0
Hugepagesize:       2048 kB
Hugetlb:               0 kB
DirectMap4k:    31524404 kB
DirectMap2M:     1867776 kB
DirectMap1G:     1048576 kB
",cpu  66727234 213926 12913229 4257469712 480663 0 473701 0 0 0,"3017586 (ros2_control_no) S 3017571 3017571 2912103 34817 3017571 4194304 13750 0 10 0 1202768 9411 0 0 20 0 39 0 216637404 2744172544 29203 18446744073709551615 106820472733696 106820472749549 140723865944256 0 0 0 4096 0 1098925310 0 0 0 17 16 0 0 0 0 0 106820472760512 106820472762592 106821535870976 140723865947817 140723865948053 140723865948053 140723865956287 0
"
2172329.777758199,1791283767.2672832,"(2.87841796875, 3.64892578125, 4.3330078125)","Inter-|   Receive                                                |  Transmit
 face |bytes    packets errs drop fifo frame compressed multicast|bytes    packets errs drop fifo colls carrier compressed
    lo: 16336917289 21835859    0    0    0     0          0         0 16336917289 21835859    0    0    0     0       0          0
enp3s0: 101756960246 80149244    0    0    0     0          0         0 594612109 8094143    0    0    0     0       0          0
enp6s0: 62489456  544827    0  260    0     0          0     18851        0       0    0    0    0     0       0          0
wlp4s0: 9003441966 14863543    0    0    0     0          0         0 17082243613 19579369    0    0    0     0       0          0
","MemTotal:       32698160 kB
MemFree:         3204440 kB
MemAvailable:   24123208 kB
Buffers:          429604 kB
Cached:         20101848 kB
SwapCached:        26004 kB
Active:         16667152 kB
Inactive:       10940680 kB
Active(anon):    1599656 kB
Inactive(anon):  5266492 kB
Active(file):   15067496 kB
Inactive(file):  5674188 kB
Unevictable:          24 kB
Mlocked:              16 kB
SwapTotal:       2097148 kB
SwapFree:            324 kB
Zswap:                 0 kB
Zswapped:              0 kB
Dirty:              1056 kB
Writeback:             0 kB
AnonPages:       7052128 kB
Mapped:          1159644 kB
Shmem:             71636 kB
KReclaimable:     646904 kB
Slab:            1008288 kB
SReclaimable:     646904 kB
SUnreclaim:       361384 kB
KernelStack:       28128 kB
PageTables:        83380 kB
SecPageTables:         0 kB
NFS_Unstable:          0 kB
Bounce:                0 kB
WritebackTmp:          0 kB
CommitLimit:    18446228 kB
Committed_AS:   23676520 kB
VmallocTotal:   34359738367 kB
VmallocUsed:      236620 kB
VmallocChunk:          0 kB
Percpu:            20160 kB
HardwareCorrupted:     0 kB
AnonHugePages:         0 kB
ShmemHugePages:        0 kB
ShmemPmdMapped:        0 kB
FileHugePages:         0 kB
FilePmdMapped:         0 kB
Unaccepted:            0 kB
HugePages_Total:       0
HugePages_Free:        0
HugePages_Rsvd:        0
HugePages_Surp:        0
Hugepagesize:       2048 kB
Hugetlb:               0 kB
DirectMap4k:    31524404 kB
DirectMap2M:     1867776 kB
DirectMap1G:     1048576 kB
",cpu  66727297 213926 12913233 4257470049 480663 0 473702 0 0 0,"3017586 (ros2_control_no) S 3017571 3017571 2912103 34817 3017571 4194304 13750 0 10 0 1202809 9411 0 0 20 0 39 0 216637404 2744172544 29203 18446744073709551615 106820472733696 106820472749549 140723865944256 0 0 0 4096 0 1098925310 0 0 0 17 16 0 0 0 0 0 106820472760512 106820472762592 106821535870976 140723865947817 140723865948053 140723865948053 140723865956287 0
"
2172329.979048981,1791283767.468574,"(2.8076171875, 3.62109375, 4.3203125)","Inter-|   Receive                                                |  Transmit
 face |bytes    packets errs drop fifo frame compressed multicast|bytes    packets errs drop fifo colls carrier compressed
    lo: 16336924084 21835901    0    0    0     0          0         0 16336924084 21835901    0    0    0     0       0          0
enp3s0: 101757234275 80149455    0    0    0     0          0         0 594613609 8094161    0    0    0     0       0          0
enp6s0: 62489456  544827    0  260    0     0          0     18851        0       0    0    0    0     0       0          0
wlp4s0: 9003443969 14863559    0    0    0     0          0         0 17082260026 19579413    0    0    0     0       0          0
","MemTotal:       32698160 kB
MemFree:         3204440 kB
MemAvailable:   24123208 kB
Buffers:          429604 kB
Cached:         20101848 kB
SwapCached:        26004 kB
Active:         16667272 kB
Inactive:       10940680 kB
Active(anon):    1599776 kB
Inactive(anon):  5266492 kB
Active(file):   15067496 kB
Inactive(file):  5674188 kB
Unevictable:          24 kB
Mlocked:              16 kB
SwapTotal:       2097148 kB
SwapFree:            324 kB
Zswap:                 0 kB
Zswapped:              0 kB
Dirty:              1056 kB
Writeback:             0 kB
AnonPages:       7052200 kB
Mapped:          1159644 kB
Shmem:             71636 kB
KReclaimable:     646904 kB
Slab:            1008288 kB
SReclaimable:     646904 kB
SUnreclaim:       361384 kB
KernelStack:       28128 kB
PageTables:        83380 kB
SecPageTables:         0 kB
NFS_Unstable:          0 kB
Bounce:                0 kB
WritebackTmp:          0 kB
CommitLimit:    18446228 kB
Committed_AS:   23676520 kB
VmallocTotal:   34359738367 kB
VmallocUsed:      236620 kB
VmallocChunk:          0 kB
Percpu:            20160 kB
HardwareCorrupted:     0 kB
AnonHugePages:         0 kB
ShmemHugePages:        0 kB
ShmemPmdMapped:        0 kB
FileHugePages:         0 kB
FilePmdMapped:         0 kB
Unaccepted:            0 kB
HugePages_Total:       0
HugePages_Free:        0
HugePages_Rsvd:        0
HugePages_Surp:        0
Hugepagesize:       2048 kB
Hugetlb:               0 kB
DirectMap4k:    31524404 kB
DirectMap2M:     1867776 kB
DirectMap1G:     1048576 kB
",cpu  66727349 213926 12913237 4257470394 480663 0 473702 0 0 0,"3017586 (ros2_control_no) S 3017571 3017571 2912103 34817 3017571 4194304 13750 0 10 0 1202849 9411 0 0 20 0 39 0 216637404 2744172544 29203 18446744073709551615 106820472733696 106820472749549 140723865944256 0 0 0 4096 0 1098925310 0 0 0 17 16 0 0 0 0 0 106820472760512 106820472762592 106821535870976 140723865947817 140723865948053 140723865948053 140723865956287 0
"
2172330.18070292,1791283767.670228,"(2.8076171875, 3.62109375, 4.3203125)","Inter-|   Receive                                                |  Transmit
 face |bytes    packets errs drop fifo frame compressed multicast|bytes    packets errs drop fifo colls carrier compressed
    lo: 16336933484 21835952    0    0    0     0          0         0 16336933484 21835952    0    0    0     0       0          0
enp3s0: 101757508471 80149667    0    0    0     0          0         0 594615553 8094181    0    0    0     0       0          0
enp6s0: 62489456  544827    0  260    0     0          0     18851        0       0    0    0    0     0       0          0
wlp4s0: 9003451021 14863599    0    0    0     0          0         0 17082270759 19579466    0    0    0     0       0          0
","MemTotal:       32698160 kB
MemFree:         3204440 kB
MemAvailable:   24123208 kB
Buffers:          429604 kB
Cached:         20101848 kB
SwapCached:        26004 kB
Active:         16667272 kB
Inactive:       10940680 kB
Active(anon):    1599776 kB
Inactive(anon):  5266492 kB
Active(file):   15067496 kB
Inactive(file):  5674188 kB
Unevictable:          24 kB
Mlocked:              16 kB
SwapTotal:       2097148 kB
SwapFree:            324 kB
Zswap:                 0 kB
Zswapped:              0 kB
Dirty:              1056 kB
Writeback:             0 kB
AnonPages:       7052252 kB
Mapped:          1159644 kB
Shmem:             71636 kB
KReclaimable:     646904 kB
Slab:            1008288 kB
SReclaimable:     646904 kB
SUnreclaim:       361384 kB
KernelStack:       28128 kB
PageTables:        83380 kB
SecPageTables:         0 kB
NFS_Unstable:          0 kB
Bounce:                0 kB
WritebackTmp:          0 kB
CommitLimit:    18446228 kB
Committed_AS:   23676520 kB
VmallocTotal:   34359738367 kB
VmallocUsed:      236620 kB
VmallocChunk:          0 kB
Percpu:            20160 kB
HardwareCorrupted:     0 kB
AnonHugePages:         0 kB
ShmemHugePages:        0 kB
ShmemPmdMapped:        0 kB
FileHugePages:         0 kB
FilePmdMapped:         0 kB
Unaccepted:            0 kB
HugePages_Total:       0
HugePages_Free:        0
HugePages_Rsvd:        0
HugePages_Surp:        0
Hugepagesize:       2048 kB
Hugetlb:               0 kB
DirectMap4k:    31524404 kB
DirectMap2M:     1867776 kB
DirectMap1G:     1048576 kB
",cpu  66727404 213926 12913242 4257470735 480663 0 473703 0 0 0,"3017586 (ros2_control_no) S 3017571 3017571 2912103 34817 3017571 4194304 13750 0 10 0 1202890 9411 0 0 20 0 39 0 216637404 2744172544 29203 18446744073709551615 106820472733696 106820472749549 140723865944256 0 0 0 4096 0 1098925310 0 0 0 17 16 0 0 0 0 0 106820472760512 106820472762592 106821535870976 140723865947817 140723865948053 140723865948053 140723865956287 0
"
2172330.382412572,1791283767.8719375,"(2.8076171875, 3.62109375, 4.3203125)","Inter-|   Receive                                                |  Transmit
 face |bytes    packets errs drop fifo frame compressed multicast|bytes    packets errs drop fifo colls carrier compressed
    lo: 16336937109 21835978    0    0    0     0          0         0 16336937109 21835978    0    0    0     0       0          0
enp3s0: 101757784222 80149881    0    0    0     0          0         0 594616807 8094200    0    0    0     0       0          0
enp6s0: 62489456  544827    0  260    0     0          0     18851        0       0    0    0    0     0       0          0
wlp4s0: 9003452560 14863613    0    0    0     0          0         0 17082273795 19579483    0    0    0     0       0          0
","MemTotal:       32698160 kB
MemFree:         3204188 kB
MemAvailable:   24122956 kB
Buffers:          429604 kB
Cached:         20101848 kB
SwapCached:        26004 kB
Active:         16667072 kB
Inactive:       10940680 kB
Active(anon):    1599576 kB
Inactive(anon):  5266492 kB
Active(file):   15067496 kB
Inactive(file):  5674188 kB
Unevictable:          24 kB
Mlocked:              16 kB
SwapTotal:       2097148 kB
SwapFree:            324 kB
Zswap:                 0 kB
Zswapped:              0 kB
Dirty:              1056 kB
Writeback:             0 kB
AnonPages:       7052012 kB
Mapped:          1159644 kB
Shmem:             71636 kB
KReclaimable:     646904 kB
Slab:            1008296 kB
SReclaimable:     646904 kB
SUnreclaim:       361392 kB
KernelStack:       28128 kB
PageTables:        83380 kB
SecPageTables:         0 kB
NFS_Unstable:          0 kB
Bounce:                0 kB
WritebackTmp:          0 kB
CommitLimit:    18446228 kB
Committed_AS:   23676520 kB
VmallocTotal:   34359738367 kB
VmallocUsed:      236620 kB
VmallocChunk:          0 kB
Percpu:            20160 kB
HardwareCorrupted:     0 kB
AnonHugePages:         0 kB
ShmemHugePages:        0 kB
ShmemPmdMapped:        0 kB
FileHugePages:         0 kB
FilePmdMapped:         0 kB
Unaccepted:            0 kB
HugePages_Total:       0
HugePages_Free:        0
HugePages_Rsvd:        0
HugePages_Surp:        0
Hugepagesize:       2048 kB
Hugetlb:               0 kB
DirectMap4k:    31524404 kB
DirectMap2M:     1867776 kB
DirectMap1G:     1048576 kB
",cpu  66727454 213926 12913245 4257471084 480663 0 473703 0 0 0,"3017586 (ros2_control_no) S 3017571 3017571 2912103 34817 3017571 4194304 13750 0 10 0 1202930 9412 0 0 20 0 39 0 216637404 2744172544 29203 18446744073709551615 106820472733696 106820472749549 140723865944256 0 0 0 4096 0 1098925310 0 0 0 17 16 0 0 0 0 0 106820472760512 106820472762592 106821535870976 140723865947817 140723865948053 140723865948053 140723865956287 0
"
2172330.584242126,1791283768.0737672,"(2.8076171875, 3.62109375, 4.3203125)","Inter-|   Receive                                                |  Transmit
 face |bytes    packets errs drop fifo frame compressed multicast|bytes    packets errs drop fifo colls carrier compressed
    lo: 16337085170 21836914    0    0    0     0          0         0 16337085170 21836914    0    0    0     0       0          0
enp3s0: 101758058585 80150094    0    0    0     0          0         0 594618103 8094220    0    0    0     0       0          0
enp6s0: 62489456  544827    0  260    0     0          0     18851        0       0    0    0    0     0       0          0
wlp4s0: 9003463700 14863717    0    0    0     0          0         0 17082340831 19580026    0    0    0     0       0          0
","MemTotal:       32698160 kB
MemFree:         3203936 kB
MemAvailable:   24122704 kB
Buffers:          429604 kB
Cached:         20101848 kB
SwapCached:        26004 kB
Active:         16667132 kB
Inactive:       10940680 kB
Active(anon):    1599636 kB
Inactive(anon):  5266492 kB
Active(file):   15067496 kB
Inactive(file):  5674188 kB
Unevictable:          24 kB
Mlocked:              16 kB
SwapTotal:       2097148 kB
SwapFree:            324 kB
Zswap:                 0 kB
Zswapped:              0 kB
Dirty:              1056 kB
Writeback:             0 kB
AnonPages:       7052084 kB
Mapped:          1159644 kB
Shmem:             71636 kB
KReclaimable:     646904 kB
Slab:            1008296 kB
SReclaimable:     646904 kB
SUnreclaim:       361392 kB
KernelStack:       28128 kB
PageTables:        83380 kB
SecPageTables:         0 kB
NFS_Unstable:          0 kB
Bounce:                0 kB
WritebackTmp:          0 kB
CommitLimit:    18446228 kB
Committed_AS:   23676520 kB
VmallocTotal:   34359738367 kB
VmallocUsed:      236620 kB
VmallocChunk:          0 kB
Percpu:            20160 kB
HardwareCorrupted:     0 kB
AnonHugePages:         0 kB
ShmemHugePages:        0 kB
ShmemPmdMapped:        0 kB
FileHugePages:         0 kB
FilePmdMapped:         0 kB
Unaccepted:            0 kB
HugePages_Total:       0
HugePages_Free:        0
HugePages_Rsvd:        0
HugePages_Surp:        0
Hugepagesize:       2048 kB
Hugetlb:               0 kB
DirectMap4k:    31524404 kB
DirectMap2M:     1867776 kB
DirectMap1G:     1048576 kB
",cpu  66727521 213926 12913250 4257471414 480663 0 473704 0 0 0,"3017586 (ros2_control_no) S 3017571 3017571 2912103 34817 3017571 4194304 13750 0 10 0 1202971 9412 0 0 20 0 39 0 216637404 2744172544 29203 18446744073709551615 106820472733696 106820472749549 140723865944256 0 0 0 4096 0 1098925310 0 0 0 17 16 0 0 0 0 0 106820472760512 106820472762592 106821535870976 140723865947817 140723865948053 140723865948053 140723865956287 0
"
2172330.786100314,1791283768.2756257,"(2.8076171875, 3.62109375, 4.3203125)","Inter-|   Receive                                                |  Transmit
 face |bytes    packets errs drop fifo frame compressed multicast|bytes    packets errs drop fifo colls carrier compressed
    lo: 16337098358 21836978    0    0    0     0          0         0 16337098358 21836978    0    0    0     0       0          0
enp3s0: 101758332614 80150305    0    0    0     0          0         0 594619276 8094238    0    0    0     0       0          0
enp6s0: 62489864  544829    0  260    0     0          0     18851        0       0    0    0    0     0       0          0
wlp4s0: 9003466270 14863740    0    0    0     0          0         0 17082350597 19580056    0    0    0     0       0          0
","MemTotal:       32698160 kB
MemFree:         3203936 kB
MemAvailable:   24122704 kB
Buffers:          429604 kB
Cached:         20101848 kB
SwapCached:        26004 kB
Active:         16667132 kB
Inactive:       10940680 kB
Active(anon):    1599636 kB
Inactive(anon):  5266492 kB
Active(file):   15067496 kB
Inactive(file):  5674188 kB
Unevictable:          24 kB
Mlocked:              16 kB
SwapTotal:       2097148 kB
SwapFree:            324 kB
Zswap:                 0 kB
Zswapped:              0 kB
Dirty:              1056 kB
Writeback:             0 kB
AnonPages:       7052084 kB
Mapped:          1159644 kB
Shmem:             71636 kB
KReclaimable:     646904 kB
Slab:            1008304 kB
SReclaimable:     646904 kB
SUnreclaim:       361400 kB
KernelStack:       28128 kB
PageTables:        83380 kB
SecPageTables:         0 kB
NFS_Unstable:          0 kB
Bounce:                0 kB
WritebackTmp:          0 kB
CommitLimit:    18446228 kB
Committed_AS:   23676520 kB
VmallocTotal:   34359738367 kB
VmallocUsed:      236620 kB
VmallocChunk:          0 kB
Percpu:            20160 kB
HardwareCorrupted:     0 kB
AnonHugePages:         0 kB
ShmemHugePages:        0 kB
ShmemPmdMapped:        0 kB
FileHugePages:         0 kB
FilePmdMapped:         0 kB
Unaccepted:            0 kB
HugePages_Total:       0
HugePages_Free:        0
HugePages_Rsvd:        0
HugePages_Surp:        0
Hugepagesize:       2048 kB
Hugetlb:               0 kB
DirectMap4k:    31524404 kB
DirectMap2M:     1867776 kB
DirectMap1G:     1048576 kB
",cpu  66727588 213926 12913255 4257471746 480663 0 473704 0 0 0,"3017586 (ros2_control_no) S 3017571 3017571 2912103 34817 3017571 4194304 13750 0 10 0 1203012 9412 0 0 20 0 39 0 216637404 2744172544 29203 18446744073709551615 106820472733696 106820472749549 140723865944256 0 0 0 4096 0 1098925310 0 0 0 17 16 0 0 0 0 0 106820472760512 106820472762592 106821535870976 140723865947817 140723865948053 140723865948053 140723865956287 0
"
2172330.987627809,1791283768.4771528,"(2.8076171875, 3.62109375, 4.3203125)","Inter-|   Receive                                                |  Transmit
 face |bytes    packets errs drop fifo frame compressed multicast|bytes    packets errs drop fifo colls carrier compressed
    lo: 16337117878 21837039    0    0    0     0          0         0 16337117878 21837039    0    0    0     0       0          0
enp3s0: 101758607311 80150520    0    0    0     0          0         0 594620662 8094259    0    0    0     0       0          0
enp6s0: 62489864  544829    0  260    0     0          0     18851        0       0    0    0    0     0       0          0
wlp4s0: 9003471863 14863781    0    0    0     0          0         0 17082368548 19580096    0    0    0     0       0          0
","MemTotal:       32698160 kB
MemFree:         3205872 kB
MemAvailable:   24124640 kB
Buffers:          429604 kB
Cached:         20101848 kB
SwapCached:        26004 kB
Active:         16666404 kB
Inactive:       10940680 kB
Active(anon):    1598908 kB
Inactive(anon):  5266492 kB
Active(file):   15067496 kB
Inactive(file):  5674188 kB
Unevictable:          24 kB
Mlocked:              16 kB
SwapTotal:       2097148 kB
SwapFree:            324 kB
Zswap:                 0 kB
Zswapped:              0 kB
Dirty:              1056 kB
Writeback:             0 kB
AnonPages:       7051356 kB
Mapped:          1159644 kB
Shmem:             71636 kB
KReclaimable:     646904 kB
Slab:            1008288 kB
SReclaimable:     646904 kB
SUnreclaim:       361384 kB
KernelStack:       28128 kB
PageTables:        83380 kB
SecPageTables:         0 kB
NFS_Unstable:          0 kB
Bounce:                0 kB
WritebackTmp:          0 kB
CommitLimit:    18446228 kB
Committed_AS:   23676520 kB
VmallocTotal:   34359738367 kB
VmallocUsed:      236620 kB
VmallocChunk:          0 kB
Percpu:            20160 kB
HardwareCorrupted:     0 kB
AnonHugePages:         0 kB
ShmemHugePages:        0 kB
ShmemPmdMapped:        0 kB
FileHugePages:         0 kB
FilePmdMapped:         0 kB
Unaccepted:            0 kB
HugePages_Total:       0
HugePages_Free:        0
HugePages_Rsvd:        0
HugePages_Surp:        0
Hugepagesize:       2048 kB
Hugetlb:               0 kB
DirectMap4k:    31524404 kB
DirectMap2M:     1867776 kB
DirectMap1G:     1048576 kB
",cpu  66727656 213926 12913259 4257472077 480663 0 473704 0 0 0,"3017586 (ros2_control_no) S 3017571 3017571 2912103 34817 3017571 4194304 13750 0 10 0 1203053 9413 0 0 20 0 39 0 216637404 2744172544 29203 18446744073709551615 106820472733696 106820472749549 140723865944256 0 0 0 4096 0 1098925310 0 0 0 17 16 0 0 0 0 0 106820472760512 106820472762592 106821535870976 140723865947817 140723865948053 140723865948053 140723865956287 0
"
2172331.189267152,1791283768.6787922,"(2.8076171875, 3.62109375, 4.3203125)","Inter-|   Receive                                                |  Transmit
 face |bytes    packets errs drop fifo frame compressed multicast|bytes    packets errs drop fifo colls carrier compressed
    lo: 16337132605 21837087    0    0    0     0          0         0 16337132605 21837087    0    0    0     0       0          0
enp3s0: 101758882227 80150729    0    0    0     0          0         0 594621586 8094273    0    0    0     0       0          0
enp6s0: 62489864  544829    0  260    0     0          0     18851        0       0    0    0    0     0       0          0
wlp4s0: 9003474651 14863810    0    0    0     0          0         0 17082382442 19580131    0    0    0     0       0          0
","MemTotal:       32698160 kB
MemFree:         3205644 kB
MemAvailable:   24124412 kB
Buffers:          429604 kB
Cached:         20101848 kB
SwapCached:        26004 kB
Active:         16666404 kB
Inactive:       10940680 kB
Active(anon):    1598908 kB
Inactive(anon):  5266492 kB
Active(file):   15067496 kB
Inactive(file):  5674188 kB
Unevictable:          24 kB
Mlocked:              16 kB
SwapTotal:       2097148 kB
SwapFree:            324 kB
Zswap:                 0 kB
Zswapped:              0 kB
Dirty:              1056 kB
Writeback:             0 kB
AnonPages:       7051356 kB
Mapped:          1159644 kB
Shmem:             71636 kB
KReclaimable:     646904 kB
Slab:            1008288 kB
SReclaimable:     646904 kB
SUnreclaim:       361384 kB
KernelStack:       28128 kB
PageTables:        83380 kB
SecPageTables:         0 kB
NFS_Unstable:          0 kB
Bounce:                0 kB
WritebackTmp:          0 kB
CommitLimit:    18446228 kB
Committed_AS:   23676520 kB
VmallocTotal:   34359738367 kB
VmallocUsed:      236620 kB
VmallocChunk:          0 kB
Percpu:            20160 kB
HardwareCorrupted:     0 kB
AnonHugePages:         0 kB
ShmemHugePages:        0 kB
ShmemPmdMapped:        0 kB
FileHugePages:         0 kB
FilePmdMapped:         0 kB
Unaccepted:            0 kB
HugePages_Total:       0
HugePages_Free:        0
HugePages_Rsvd:        0
HugePages_Surp:        0
Hugepagesize:       2048 kB
Hugetlb:               0 kB
DirectMap4k:    31524404 kB
DirectMap2M:     1867776 kB
DirectMap1G:     1048576 kB
",cpu  66727720 213926 12913261 4257472413 480663 0 473705 0 0 0,"3017586 (ros2_control_no) S 3017571 3017571 2912103 34817 3017571 4194304 13750 0 10 0 1203093 9413 0 0 20 0 39 0 216637404 2744172544 29203 18446744073709551615 106820472733696 106820472749549 140723865944256 0 0 0 4096 0 1098925310 0 0 0 17 16 0 0 0 0 0 106820472760512 106820472762592 106821535870976 140723865947817 140723865948053 140723865948053 140723865956287 0
"
2172331.390762199,1791283768.8802872,"(2.8076171875, 3.62109375, 4.3203125)","Inter-|   Receive                                                |  Transmit
 face |bytes    packets errs drop fifo frame compressed multicast|bytes    packets errs drop fifo colls carrier compressed
    lo: 16337143252 21837142    0    0    0     0          0         0 16337143252 21837142    0    0    0     0       0          0
enp3s0: 101759155035 80150940    0    0    0     0          0         0 594622774 8094291    0    0    0     0       0          0
enp6s0: 62489864  544829    0  260    0     0          0     18851        0       0    0    0    0     0       0          0
wlp4s0: 9003477592 14863839    0    0    0     0          0         0 17082391751 19580162    0    0    0     0       0          0
","MemTotal:       32698160 kB
MemFree:         3205744 kB
MemAvailable:   24124512 kB
Buffers:          429604 kB
Cached:         20101848 kB
SwapCached:        26004 kB
Active:         16666508 kB
Inactive:       10940680 kB
Active(anon):    1599012 kB
Inactive(anon):  5266492 kB
Active(file):   15067496 kB
Inactive(file):  5674188 kB
Unevictable:          24 kB
Mlocked:              16 kB
SwapTotal:       2097148 kB
SwapFree:            324 kB
Zswap:                 0 kB
Zswapped:              0 kB
Dirty:              1056 kB
Writeback:             0 kB
AnonPages:       7051464 kB
Mapped:          1159644 kB
Shmem:             71636 kB
KReclaimable:     646904 kB
Slab:            1008456 kB
SReclaimable:     646904 kB
SUnreclaim:       361552 kB
KernelStack:       28128 kB
PageTables:        83380 kB
SecPageTables:         0 kB
NFS_Unstable:          0 kB
Bounce:                0 kB
WritebackTmp:          0 kB
CommitLimit:    18446228 kB
Committed_AS:   23676504 kB
VmallocTotal:   34359738367 kB
VmallocUsed:      236604 kB
VmallocChunk:          0 kB
Percpu:            20160 kB
HardwareCorrupted:     0 kB
AnonHugePages:         0 kB
ShmemHugePages:        0 kB
ShmemPmdMapped:        0 kB
FileHugePages:         0 kB
FilePmdMapped:         0 kB
Unaccepted:            0 kB
HugePages_Total:       0
HugePages_Free:        0
HugePages_Rsvd:        0
HugePages_Surp:        0
Hugepagesize:       2048 kB
Hugetlb:               0 kB
DirectMap4k:    31524404 kB
DirectMap2M:     1867776 kB
DirectMap1G:     1048576 kB
",cpu  66727782 213926 12913264 4257472750 480663 0 473705 0 0 0,"3017586 (ros2_control_no) S 3017571 3017571 2912103 34817 3017571 4194304 13750 0 10 0 1203134 9413 0 0 20 0 39 0 216637404 2744172544 29203 18446744073709551615 106820472733696 106820472749549 140723865944256 0 0 0 4096 0 1098925310 0 0 0 17 16 0 0 0 0 0 106820472760512 106820472762592 106821535870976 140723865947817 140723865948053 140723865948053 140723865956287 0
"
2172331.59213907,1791283769.081664,"(2.8076171875, 3.62109375, 4.3203125)","Inter-|   Receive                                                |  Transmit
 face |bytes    packets errs drop fifo frame compressed multicast|bytes    packets errs drop fifo colls carrier compressed
    lo: 16337151155 21837191    0    0    0     0          0         0 16337151155 21837191    0    0    0     0       0          0
enp3s0: 101759429565 80151154    0    0    0     0          0         0 594624136 8094312    0    0    0     0       0          0
enp6s0: 62489864  544829    0  260    0     0          0     18851        0       0    0    0    0     0       0          0
wlp4s0: 9003480679 14863865    0    0    0     0          0         0 17082396584 19580191    0    0    0     0       0          0
","MemTotal:       32698160 kB
MemFree:         3205744 kB
MemAvailable:   24124512 kB
Buffers:          429604 kB
Cached:         20101848 kB
SwapCached:        26004 kB
Active:         16666568 kB
Inactive:       10940680 kB
Active(anon):    1599072 kB
Inactive(anon):  5266492 kB
Active(file):   15067496 kB
Inactive(file):  5674188 kB
Unevictable:          24 kB
Mlocked:              16 kB
SwapTotal:       2097148 kB
SwapFree:            324 kB
Zswap:                 0 kB
Zswapped:              0 kB
Dirty:              1056 kB
Writeback:             0 kB
AnonPages:       7051528 kB
Mapped:          1159644 kB
Shmem:             71636 kB
KReclaimable:     646904 kB
Slab:            1008416 kB
SReclaimable:     646904 kB
SUnreclaim:       361512 kB
KernelStack:       28128 kB
PageTables:        83380 kB
SecPageTables:         0 kB
NFS_Unstable:          0 kB
Bounce:                0 kB
WritebackTmp:          0 kB
CommitLimit:    18446228 kB
Committed_AS:   23676504 kB
VmallocTotal:   34359738367 kB
VmallocUsed:      236604 kB
VmallocChunk:          0 kB
Percpu:            20160 kB
HardwareCorrupted:     0 kB
AnonHugePages:         0 kB
ShmemHugePages:        0 kB
ShmemPmdMapped:        0 kB
FileHugePages:         0 kB
FilePmdMapped:         0 kB
Unaccepted:            0 kB
HugePages_Total:       0
HugePages_Free:        0
HugePages_Rsvd:        0
HugePages_Surp:        0
Hugepagesize:       2048 kB
Hugetlb:               0 kB
DirectMap4k:    31524404 kB
DirectMap2M:     1867776 kB
DirectMap1G:     1048576 kB
",cpu  66727844 213926 12913266 4257473088 480663 0 473706 0 0 0,"3017586 (ros2_control_no) S 3017571 3017571 2912103 34817 3017571 4194304 13750 0 10 0 1203175 9413 0 0 20 0 39 0 216637404 2744172544 29203 18446744073709551615 106820472733696 106820472749549 140723865944256 0 0 0 4096 0 1098925310 0 0 0 17 16 0 0 0 0 0 106820472760512 106820472762592 106821535870976 140723865947817 140723865948053 140723865948053 140723865956287 0
"
2172331.793432889,1791283769.2829578,"(2.8076171875, 3.62109375, 4.3203125)","Inter-|   Receive                                                |  Transmit
 face |bytes    packets errs drop fifo frame compressed multicast|bytes    packets errs drop fifo colls carrier compressed
    lo: 16337157440 21837239    0    0    0     0          0         0 16337157440 21837239    0    0    0     0       0          0
enp3s0: 101759703260 80151363    0    0    0     0          0         0 594625177 8094328    0    0    0     0       0          0
enp6s0: 62489864  544829    0  260    0     0          0     18851        0       0    0    0    0     0       0          0
wlp4s0: 9003482721 14863884    0    0    0     0          0         0 17082401409 19580216    0    0    0     0       0          0
","MemTotal:       32698160 kB
MemFree:         3205996 kB
MemAvailable:   24124764 kB
Buffers:          429604 kB
Cached:         20101848 kB
SwapCached:        26004 kB
Active:         16666628 kB
Inactive:       10940680 kB
Active(anon):    1599132 kB
Inactive(anon):  5266492 kB
Active(file):   15067496 kB
Inactive(file):  5674188 kB
Unevictable:          24 kB
Mlocked:              16 kB
SwapTotal:       2097148 kB
SwapFree:            324 kB
Zswap:                 0 kB
Zswapped:              0 kB
Dirty:              1056 kB
Writeback:             0 kB
AnonPages:       7051588 kB
Mapped:          1159644 kB
Shmem:             71636 kB
KReclaimable:     646904 kB
Slab:            1008416 kB
SReclaimable:     646904 kB
SUnreclaim:       361512 kB
KernelStack:       28128 kB
PageTables:        83380 kB
SecPageTables:         0 kB
NFS_Unstable:          0 kB
Bounce:                0 kB
WritebackTmp:          0 kB
CommitLimit:    18446228 kB
Committed_AS:   23676504 kB
VmallocTotal:   34359738367 kB
VmallocUsed:      236604 kB
VmallocChunk:          0 kB
Percpu:            20160 kB
HardwareCorrupted:     0 kB
AnonHugePages:         0 kB
ShmemHugePages:        0 kB
ShmemPmdMapped:        0 kB
FileHugePages:         0 kB
FilePmdMapped:         0 kB
Unaccepted:            0 kB
HugePages_Total:       0
HugePages_Free:        0
HugePages_Rsvd:        0
HugePages_Surp:        0
Hugepagesize:       2048 kB
Hugetlb:               0 kB
DirectMap4k:    31524404 kB
DirectMap2M:     1867776 kB
DirectMap1G:     1048576 kB
",cpu  66727902 213926 12913269 4257473427 480663 0 473706 0 0 0,"3017586 (ros2_control_no) S 3017571 3017571 2912103 34817 3017571 4194304 13750 0 10 0 1203215 9413 0 0 20 0 39 0 216637404 2744172544 29203 18446744073709551615 106820472733696 106820472749549 140723865944256 0 0 0 4096 0 1098925310 0 0 0 17 16 0 0 0 0 0 106820472760512 106820472762592 106821535870976 140723865947817 140723865948053 140723865948053 140723865956287 0
"
2172331.994835411,1791283769.4843605,"(2.8076171875, 3.62109375, 4.3203125)","Inter-|   Receive                                                |  Transmit
 face |bytes    packets errs drop fifo frame compressed multicast|bytes    packets errs drop fifo colls carrier compressed
    lo: 16337162243 21837272    0    0    0     0          0         0 16337162243 21837272    0    0    0     0       0          0
enp3s0: 101759977838 80151571    0    0    0     0          0         0 594626101 8094342    0    0    0     0       0          0
enp6s0: 62489864  544829    0  260    0     0          0     18851        0       0    0    0    0     0       0          0
wlp4s0: 9003484921 14863904    0    0    0     0          0         0 17082406287 19580244    0    0    0     0       0          0
","MemTotal:       32698160 kB
MemFree:         3205996 kB
MemAvailable:   24124764 kB
Buffers:          429604 kB
Cached:         20101848 kB
SwapCached:        26004 kB
Active:         16666688 kB
Inactive:       10940680 kB
Active(anon):    1599192 kB
Inactive(anon):  5266492 kB
Active(file):   15067496 kB
Inactive(file):  5674188 kB
Unevictable:          24 kB
Mlocked:              16 kB
SwapTotal:       2097148 kB
SwapFree:            324 kB
Zswap:                 0 kB
Zswapped:              0 kB
Dirty:              1056 kB
Writeback:             0 kB
AnonPages:       7051656 kB
Mapped:          1159644 kB
Shmem:             71636 kB
KReclaimable:     646904 kB
Slab:            1008400 kB
SReclaimable:     646904 kB
SUnreclaim:       361496 kB
KernelStack:       28128 kB
PageTables:        83380 kB
SecPageTables:         0 kB
NFS_Unstable:          0 kB
Bounce:                0 kB
WritebackTmp:          0 kB
CommitLimit:    18446228 kB
Committed_AS:   23677528 kB
VmallocTotal:   34359738367 kB
VmallocUsed:      236604 kB
VmallocChunk:          0 kB
Percpu:            20160 kB
HardwareCorrupted:     0 kB
AnonHugePages:         0 kB
ShmemHugePages:        0 kB
ShmemPmdMapped:        0 kB
FileHugePages:         0 kB
FilePmdMapped:         0 kB
Unaccepted:            0 kB
HugePages_Total:       0
HugePages_Free:        0
HugePages_Rsvd:        0
HugePages_Surp:        0
Hugepagesize:       2048 kB
Hugetlb:               0 kB
DirectMap4k:    31524404 kB
DirectMap2M:     1867776 kB
DirectMap1G:     1048576 kB
",cpu  66727956 213926 12913271 4257473773 480663 0 473707 0 0 0,"3017586 (ros2_control_no) S 3017571 3017571 2912103 34817 3017571 4194304 13750 0 10 0 1203256 9413 0 0 20 0 39 0 216637404 2744172544 29203 18446744073709551615 106820472733696 106820472749549 140723865944256 0 0 0 4096 0 1098925310 0 0 0 17 16 0 0 0 0 0 106820472760512 106820472762592 106821535870976 140723865947817 140723865948053 140723865948053 140723865956287 0
"
2172332.196627189,1791283769.6861522,"(2.8076171875, 3.62109375, 4.3203125)","Inter-|   Receive                                                |  Transmit
 face |bytes    packets errs drop fifo frame compressed multicast|bytes    packets errs drop fifo colls carrier compressed
    lo: 16337167885 21837313    0    0    0     0          0         0 16337167885 21837313    0    0    0     0       0          0
enp3s0: 101760253665 80151786    0    0    0     0          0         0 594627421 8094362    0    0    0     0       0          0
enp6s0: 62489864  544829    0  260    0     0          0     18851        0       0    0    0    0     0       0          0
wlp4s0: 9003486915 14863923    0    0    0     0          0         0 17082411198 19580272    0    0    0     0       0          0
","MemTotal:       32698160 kB
MemFree:         3205996 kB
MemAvailable:   24124764 kB
Buffers:          429604 kB
Cached:         20101848 kB
SwapCached:        26004 kB
Active:         16666748 kB
Inactive:       10940680 kB
Active(anon):    1599252 kB
Inactive(anon):  5266492 kB
Active(file):   15067496 kB
Inactive(file):  5674188 kB
Unevictable:          24 kB
Mlocked:              16 kB
SwapTotal:       2097148 kB
SwapFree:            324 kB
Zswap:                 0 kB
Zswapped:              0 kB
Dirty:              1056 kB
Writeback:             0 kB
AnonPages:       7051712 kB
Mapped:          1159644 kB
Shmem:             71636 kB
KReclaimable:     646904 kB
Slab:            1008400 kB
SReclaimable:     646904 kB
SUnreclaim:       361496 kB
KernelStack:       28128 kB
PageTables:        83384 kB
SecPageTables:         0 kB
NFS_Unstable:          0 kB
Bounce:                0 kB
WritebackTmp:          0 kB
CommitLimit:    18446228 kB
Committed_AS:   23677528 kB
VmallocTotal:   34359738367 kB
VmallocUsed:      236604 kB
VmallocChunk:          0 kB
Percpu:            20160 kB
HardwareCorrupted:     0 kB
AnonHugePages:         0 kB
ShmemHugePages:        0 kB
ShmemPmdMapped:        0 kB
FileHugePages:         0 kB
FilePmdMapped:         0 kB
Unaccepted:            0 kB
HugePages_Total:       0
HugePages_Free:        0
HugePages_Rsvd:        0
HugePages_Surp:        0
Hugepagesize:       2048 kB
Hugetlb:               0 kB
DirectMap4k:    31524404 kB
DirectMap2M:     1867776 kB
DirectMap1G:     1048576 kB
",cpu  66728011 213926 12913274 4257474116 480663 0 473707 0 0 0,"3017586 (ros2_control_no) S 3017571 3017571 2912103 34817 3017571 4194304 13750 0 10 0 1203297 9413 0 0 20 0 39 0 216637404 2744172544 29203 18446744073709551615 106820472733696 106820472749549 140723865944256 0 0 0 4096 0 1098925310 0 0 0 17 16 0 0 0 0 0 106820472760512 106820472762592 106821535870976 140723865947817 140723865948053 140723865948053 140723865956287 0
"
2172332.398058555,1791283769.8875835,"(2.8076171875, 3.62109375, 4.3203125)","Inter-|   Receive                                                |  Transmit
 face |bytes    packets errs drop fifo frame compressed multicast|bytes    packets errs drop fifo colls carrier compressed
    lo: 16337172186 21837344    0    0    0     0          0         0 16337172186 21837344    0    0    0     0       0          0
enp3s0: 101760527694 80151997    0    0    0     0          0         0 594628543 8094379    0    0    0     0       0          0
enp6s0: 62489864  544829    0  260    0     0          0     18851        0       0    0    0    0     0       0          0
wlp4s0: 9003491499 14863951    0    0    0     0          0         0 17082415711 19580302    0    0    0     0       0          0
","MemTotal:       32698160 kB
MemFree:         3205744 kB
MemAvailable:   24124512 kB
Buffers:          429604 kB
Cached:         20101848 kB
SwapCached:        26004 kB
Active:         16666572 kB
Inactive:       10940680 kB
Active(anon):    1599076 kB
Inactive(anon):  5266492 kB
Active(file):   15067496 kB
Inactive(file):  5674188 kB
Unevictable:          24 kB
Mlocked:              16 kB
SwapTotal:       2097148 kB
SwapFree:            324 kB
Zswap:                 0 kB
Zswapped:              0 kB
Dirty:              1056 kB
Writeback:             0 kB
AnonPages:       7051480 kB
Mapped:          1159644 kB
Shmem:             71636 kB
KReclaimable:     646904 kB
Slab:            1008368 kB
SReclaimable:     646904 kB
SUnreclaim:       361464 kB
KernelStack:       28112 kB
PageTables:        83384 kB
SecPageTables:         0 kB
NFS_Unstable:          0 kB
Bounce:                0 kB
WritebackTmp:          0 kB
CommitLimit:    18446228 kB
Committed_AS:   23677528 kB
VmallocTotal:   34359738367 kB
VmallocUsed:      236604 kB
VmallocChunk:          0 kB
Percpu:            20160 kB
HardwareCorrupted:     0 kB
AnonHugePages:         0 kB
ShmemHugePages:        0 kB
ShmemPmdMapped:        0 kB
FileHugePages:         0 kB
FilePmdMapped:         0 kB
Unaccepted:            0 kB
HugePages_Total:       0
HugePages_Free:        0
HugePages_Rsvd:        0
HugePages_Surp:        0
Hugepagesize:       2048 kB
Hugetlb:               0 kB
DirectMap4k:    31524404 kB
DirectMap2M:     1867776 kB
DirectMap1G:     1048576 kB
",cpu  66728064 213926 12913276 4257474464 480663 0 473707 0 0 0,"3017586 (ros2_control_no) S 3017571 3017571 2912103 34817 3017571 4194304 13750 0 10 0 1203337 9414 0 0 20 0 39 0 216637404 2744172544 29203 18446744073709551615 106820472733696 106820472749549 140723865944256 0 0 0 4096 0 1098925310 0 0 0 17 16 0 0 0 0 0 106820472760512 106820472762592 106821535870976 140723865947817 140723865948053 140723865948053 140723865956287 0
"
2172332.599676987,1791283770.089202,"(2.8076171875, 3.62109375, 4.3203125)","Inter-|   Receive                                                |  Transmit
 face |bytes    packets errs drop fifo frame compressed multicast|bytes    packets errs drop fifo colls carrier compressed
    lo: 16337179133 21837385    0    0    0     0          0         0 16337179133 21837385    0    0    0     0       0          0
enp3s0: 101760802224 80152211    0    0    0     0          0         0 594629905 8094400    0    0    0     0       0          0
enp6s0: 62489864  544829    0  260    0     0          0     18851        0       0    0    0    0     0       0          0
wlp4s0: 9003493654 14863969    0    0    0     0          0         0 17082419564 19580324    0    0    0     0       0          0
","MemTotal:       32698160 kB
MemFree:         3204988 kB
MemAvailable:   24123756 kB
Buffers:          429604 kB
Cached:         20101848 kB
SwapCached:        26004 kB
Active:         16666532 kB
Inactive:       10940680 kB
Active(anon):    1599036 kB
Inactive(anon):  5266492 kB
Active(file):   15067496 kB
Inactive(file):  5674188 kB
Unevictable:          24 kB
Mlocked:              16 kB
SwapTotal:       2097148 kB
SwapFree:            324 kB
Zswap:                 0 kB
Zswapped:              0 kB
Dirty:              1056 kB
Writeback:             0 kB
AnonPages:       7051440 kB
Mapped:          1159644 kB
Shmem:             71636 kB
KReclaimable:     646904 kB
Slab:            1008368 kB
SReclaimable:     646904 kB
SUnreclaim:       361464 kB
KernelStack:       28112 kB
PageTables:        83384 kB
SecPageTables:         0 kB
NFS_Unstable:          0 kB
Bounce:                0 kB
WritebackTmp:          0 kB
CommitLimit:    18446228 kB
Committed_AS:   23677528 kB
VmallocTotal:   34359738367 kB
VmallocUsed:      236604 kB
VmallocChunk:          0 kB
Percpu:            20160 kB
HardwareCorrupted:     0 kB
AnonHugePages:         0 kB
ShmemHugePages:        0 kB
ShmemPmdMapped:        0 kB
FileHugePages:         0 kB
FilePmdMapped:         0 kB
Unaccepted:            0 kB
HugePages_Total:       0
HugePages_Free:        0
HugePages_Rsvd:        0
HugePages_Surp:        0
Hugepagesize:       2048 kB
Hugetlb:               0 kB
DirectMap4k:    31524404 kB
DirectMap2M:     1867776 kB
DirectMap1G:     1048576 kB
",cpu  66728118 213926 12913279 4257474810 480663 0 473707 0 0 0,"3017586 (ros2_control_no) S 3017571 3017571 2912103 34817 3017571 4194304 13750 0 10 0 1203378 9414 0 0 20 0 39 0 216637404 2744172544 29203 18446744073709551615 106820472733696 106820472749549 140723865944256 0 0 0 4096 0 1098925310 0 0 0 17 16 0 0 0 0 0 106820472760512 106820472762592 106821535870976 140723865947817 140723865948053 140723865948053 140723865956287 0
"
2172332.801031997,1791283770.290557,"(2.8076171875, 3.62109375, 4.3203125)","Inter-|   Receive                                                |  Transmit
 face |bytes    packets errs drop fifo frame compressed multicast|bytes    packets errs drop fifo colls carrier compressed
    lo: 16337186199 21837429    0    0    0     0          0         0 16337186199 21837429    0    0    0     0       0          0
enp3s0: 101761074646 80152427    0    0    0     0          0         0 594631918 8094426    0    0    0     0       0          0
enp6s0: 62489864  544829    0  260    0     0          0     18851        0       0    0    0    0     0       0          0
wlp4s0: 9003496863 14863996    0    0    0     0          0         0 17082426775 19580362    0    0    0     0       0          0
","MemTotal:       32698160 kB
MemFree:         3204988 kB
MemAvailable:   24123756 kB
Buffers:          429604 kB
Cached:         20101848 kB
SwapCached:        26004 kB
Active:         16666536 kB
Inactive:       10940680 kB
Active(anon):    1599040 kB
Inactive(anon):  5266492 kB
Active(file):   15067496 kB
Inactive(file):  5674188 kB
Unevictable:          24 kB
Mlocked:              16 kB
SwapTotal:       2097148 kB
SwapFree:            324 kB
Zswap:                 0 kB
Zswapped:              0 kB
Dirty:              1056 kB
Writeback:             0 kB
AnonPages:       7051440 kB
Mapped:          1159644 kB
Shmem:             71636 kB
KReclaimable:     646904 kB
Slab:            1008368 kB
SReclaimable:     646904 kB
SUnreclaim:       361464 kB
KernelStack:       28112 kB
PageTables:        83384 kB
SecPageTables:         0 kB
NFS_Unstable:          0 kB
Bounce:                0 kB
WritebackTmp:          0 kB
CommitLimit:    18446228 kB
Committed_AS:   23677528 kB
VmallocTotal:   34359738367 kB
VmallocUsed:      236604 kB
VmallocChunk:          0 kB
Percpu:            20160 kB
HardwareCorrupted:     0 kB
AnonHugePages:         0 kB
ShmemHugePages:        0 kB
ShmemPmdMapped:        0 kB
FileHugePages:         0 kB
FilePmdMapped:         0 kB
Unaccepted:            0 kB
HugePages_Total:       0
HugePages_Free:        0
HugePages_Rsvd:        0
HugePages_Surp:        0
Hugepagesize:       2048 kB
Hugetlb:               0 kB
DirectMap4k:    31524404 kB
DirectMap2M:     1867776 kB
DirectMap1G:     1048576 kB
",cpu  66728173 213926 12913282 4257475152 480663 0 473708 0 0 0,"3017586 (ros2_control_no) S 3017571 3017571 2912103 34817 3017571 4194304 13750 0 10 0 1203418 9414 0 0 20 0 39 0 216637404 2744172544 29203 18446744073709551615 106820472733696 106820472749549 140723865944256 0 0 0 4096 0 1098925310 0 0 0 17 16 0 0 0 0 0 106820472760512 106820472762592 106821535870976 140723865947817 140723865948053 140723865948053 140723865956287 0
"
2172333.002818628,1791283770.4923437,"(2.8076171875, 3.62109375, 4.3203125)","Inter-|   Receive                                                |  Transmit
 face |bytes    packets errs drop fifo frame compressed multicast|bytes    packets errs drop fifo colls carrier compressed
    lo: 16337191686 21837459    0    0    0     0          0         0 16337191686 21837459    0    0    0     0       0          0
enp3s0: 101761349176 80152641    0    0    0     0          0         0 594633616 8094447    0    0    0     0       0          0
enp6s0: 62490272  544831    0  260    0     0          0     18851        0       0    0    0    0     0       0          0
wlp4s0: 9003499029 14864013    0    0    0     0          0         0 17082432599 19580390    0    0    0     0       0          0
","MemTotal:       32698160 kB
MemFree:         3204988 kB
MemAvailable:   24123756 kB
Buffers:          429604 kB
Cached:         20101848 kB
SwapCached:        26004 kB
Active:         16666536 kB
Inactive:       10940680 kB
Active(anon):    1599040 kB
Inactive(anon):  5266492 kB
Active(file):   15067496 kB
Inactive(file):  5674188 kB
Unevictable:          24 kB
Mlocked:              16 kB
SwapTotal:       2097148 kB
SwapFree:            324 kB
Zswap:                 0 kB
Zswapped:              0 kB
Dirty:              1056 kB
Writeback:             0 kB
AnonPages:       7051440 kB
Mapped:          1159644 kB
Shmem:             71636 kB
KReclaimable:     646904 kB
Slab:            1008368 kB
SReclaimable:     646904 kB
SUnreclaim:       361464 kB
KernelStack:       28112 kB
PageTables:        83384 kB
SecPageTables:         0 kB
NFS_Unstable:          0 kB
Bounce:                0 kB
WritebackTmp:          0 kB
CommitLimit:    18446228 kB
Committed_AS:   23677528 kB
VmallocTotal:   34359738367 kB
VmallocUsed:      236604 kB
VmallocChunk:          0 kB
Percpu:            20160 kB
HardwareCorrupted:     0 kB
AnonHugePages:         0 kB
ShmemHugePages:        0 kB
ShmemPmdMapped:        0 kB
FileHugePages:         0 kB
FilePmdMapped:         0 kB
Unaccepted:            0 kB
HugePages_Total:       0
HugePages_Free:        0
HugePages_Rsvd:        0
HugePages_Surp:        0
Hugepagesize:       2048 kB
Hugetlb:               0 kB
DirectMap4k:    31524404 kB
DirectMap2M:     1867776 kB
DirectMap1G:     1048576 kB
",cpu  66728222 213926 12913284 4257475505 480663 0 473708 0 0 0,"3017586 (ros2_control_no) S 3017571 3017571 2912103 34817 3017571 4194304 13750 0 10 0 1203459 9415 0 0 20 0 39 0 216637404 2744172544 29203 18446744073709551615 106820472733696 106820472749549 140723865944256 0 0 0 4096 0 1098925310 0 0 0 17 16 0 0 0 0 0 106820472760512 106820472762592 106821535870976 140723865947817 140723865948053 140723865948053 140723865956287 0
"
2172333.204008683,1791283770.6935337,"(2.8076171875, 3.62109375, 4.3203125)","Inter-|   Receive                                                |  Transmit
 face |bytes    packets errs drop fifo frame compressed multicast|bytes    packets errs drop fifo colls carrier compressed
    lo: 16337200102 21837504    0    0    0     0          0         0 16337200102 21837504    0    0    0     0       0          0
enp3s0: 101761623706 80152855    0    0    0     0          0         0 594635692 8094469    0    0    0     0       0          0
enp6s0: 62490272  544831    0  260    0     0          0     18851        0       0    0    0    0     0       0          0
wlp4s0: 9003505781 14864051    0    0    0     0          0         0 17082441871 19580434    0    0    0     0       0          0
","MemTotal:       32698160 kB
MemFree:         3204988 kB
MemAvailable:   24123756 kB
Buffers:          429604 kB
Cached:         20101848 kB
SwapCached:        26004 kB
Active:         16666536 kB
Inactive:       10940680 kB
Active(anon):    1599040 kB
Inactive(anon):  5266492 kB
Active(file):   15067496 kB
Inactive(file):  5674188 kB
Unevictable:          24 kB
Mlocked:              16 kB
SwapTotal:       2097148 kB
SwapFree:            324 kB
Zswap:                 0 kB
Zswapped:              0 kB
Dirty:              1056 kB
Writeback:             0 kB
AnonPages:       7051488 kB
Mapped:          1159644 kB
Shmem:             71636 kB
KReclaimable:     646904 kB
Slab:            1008368 kB
SReclaimable:     646904 kB
SUnreclaim:       361464 kB
KernelStack:       28112 kB
PageTables:        83384 kB
SecPageTables:         0 kB
NFS_Unstable:          0 kB
Bounce:                0 kB
WritebackTmp:          0 kB
CommitLimit:    18446228 kB
Committed_AS:   23677528 kB
VmallocTotal:   34359738367 kB
VmallocUsed:      236604 kB
VmallocChunk:          0 kB
Percpu:            20160 kB
HardwareCorrupted:     0 kB
AnonHugePages:         0 kB
ShmemHugePages:        0 kB
ShmemPmdMapped:        0 kB
FileHugePages:         0 kB
FilePmdMapped:         0 kB
Unaccepted:            0 kB
HugePages_Total:       0
HugePages_Free:        0
HugePages_Rsvd:        0
HugePages_Surp:        0
Hugepagesize:       2048 kB
Hugetlb:               0 kB
DirectMap4k:    31524404 kB
DirectMap2M:     1867776 kB
DirectMap1G:     1048576 kB
",cpu  66728279 213926 12913287 4257475845 480663 0 473708 0 0 0,"3017586 (ros2_control_no) S 3017571 3017571 2912103 34817 3017571 4194304 13750 0 10 0 1203499 9415 0 0 20 0 39 0 216637404 2744172544 29203 18446744073709551615 106820472733696 106820472749549 140723865944256 0 0 0 4096 0 1098925310 0 0 0 17 16 0 0 0 0 0 106820472760512 106820472762592 106821535870976 140723865947817 140723865948053 140723865948053 140723865956287 0
"
2172333.405547108,1791283770.895072,"(2.8076171875, 3.62109375, 4.3203125)","Inter-|   Receive                                                |  Transmit
 face |bytes    packets errs drop fifo frame compressed multicast|bytes    packets errs drop fifo colls carrier compressed
    lo: 16337205115 21837540    0    0    0     0          0         0 16337205115 21837540    0    0    0     0       0          0
enp3s0: 101761898069 80153068    0    0    0     0          0         0 594636946 8094488    0    0    0     0       0          0
enp6s0: 62490272  544831    0  260    0     0          0     18851        0       0    0    0    0     0       0          0
wlp4s0: 9003506981 14864063    0    0    0     0          0         0 17082445838 19580453    0    0    0     0       0          0
","MemTotal:       32698160 kB
MemFree:         3204988 kB
MemAvailable:   24123756 kB
Buffers:          429604 kB
Cached:         20101848 kB
SwapCached:        26004 kB
Active:         16666652 kB
Inactive:       10940680 kB
Active(anon):    1599156 kB
Inactive(anon):  5266492 kB
Active(file):   15067496 kB
Inactive(file):  5674188 kB
Unevictable:          24 kB
Mlocked:              16 kB
SwapTotal:       2097148 kB
SwapFree:            324 kB
Zswap:                 0 kB
Zswapped:              0 kB
Dirty:              1056 kB
Writeback:             0 kB
AnonPages:       7051656 kB
Mapped:          1159644 kB
Shmem:             71636 kB
KReclaimable:     646904 kB
Slab:            1008384 kB
SReclaimable:     646904 kB
SUnreclaim:       361480 kB
KernelStack:       28112 kB
PageTables:        83384 kB
SecPageTables:         0 kB
NFS_Unstable:          0 kB
Bounce:                0 kB
WritebackTmp:          0 kB
CommitLimit:    18446228 kB
Committed_AS:   23677528 kB
VmallocTotal:   34359738367 kB
VmallocUsed:      236604 kB
VmallocChunk:          0 kB
Percpu:            20160 kB
HardwareCorrupted:     0 kB
AnonHugePages:         0 kB
ShmemHugePages:        0 kB
ShmemPmdMapped:        0 kB
FileHugePages:         0 kB
FilePmdMapped:         0 kB
Unaccepted:            0 kB
HugePages_Total:       0
HugePages_Free:        0
HugePages_Rsvd:        0
HugePages_Surp:        0
Hugepagesize:       2048 kB
Hugetlb:               0 kB
DirectMap4k:    31524404 kB
DirectMap2M:     1867776 kB
DirectMap1G:     1048576 kB
",cpu  66728335 213926 12913290 4257476189 480663 0 473709 0 0 0,"3017586 (ros2_control_no) S 3017571 3017571 2912103 34817 3017571 4194304 13750 0 10 0 1203540 9415 0 0 20 0 39 0 216637404 2744172544 29203 18446744073709551615 106820472733696 106820472749549 140723865944256 0 0 0 4096 0 1098925310 0 0 0 17 16 0 0 0 0 0 106820472760512 106820472762592 106821535870976 140723865947817 140723865948053 140723865948053 140723865956287 0
"
2172333.607354159,1791283771.0968792,"(2.8076171875, 3.62109375, 4.3203125)","Inter-|   Receive                                                |  Transmit
 face |bytes    packets errs drop fifo frame compressed multicast|bytes    packets errs drop fifo colls carrier compressed
    lo: 16337349662 21838469    0    0    0     0          0         0 16337349662 21838469    0    0    0     0       0          0
enp3s0: 101762172599 80153282    0    0    0     0          0         0 594638686 8094510    0    0    0     0       0          0
enp6s0: 62490272  544831    0  260    0     0          0     18851        0       0    0    0    0     0       0          0
wlp4s0: 9003521456 14864193    0    0    0     0          0         0 17082512841 19581009    0    0    0     0       0          0
","MemTotal:       32698160 kB
MemFree:         3204988 kB
MemAvailable:   24123768 kB
Buffers:          429608 kB
Cached:         20101856 kB
SwapCached:        26004 kB
Active:         16666744 kB
Inactive:       10940692 kB
Active(anon):    1599248 kB
Inactive(anon):  5266492 kB
Active(file):   15067496 kB
Inactive(file):  5674200 kB
Unevictable:          24 kB
Mlocked:              16 kB
SwapTotal:       2097148 kB
SwapFree:            324 kB
Zswap:                 0 kB
Zswapped:              0 kB
Dirty:                 4 kB
Writeback:             0 kB
AnonPages:       7051728 kB
Mapped:          1159644 kB
Shmem:             71636 kB
KReclaimable:     646904 kB
Slab:            1008224 kB
SReclaimable:     646904 kB
SUnreclaim:       361320 kB
KernelStack:       28112 kB
PageTables:        83384 kB
SecPageTables:         0 kB
NFS_Unstable:          0 kB
Bounce:                0 kB
WritebackTmp:          0 kB
CommitLimit:    18446228 kB
Committed_AS:   23677528 kB
VmallocTotal:   34359738367 kB
VmallocUsed:      236604 kB
VmallocChunk:          0 kB
Percpu:            20160 kB
HardwareCorrupted:     0 kB
AnonHugePages:         0 kB
ShmemHugePages:        0 kB
ShmemPmdMapped:        0 kB
FileHugePages:         0 kB
FilePmdMapped:         0 kB
Unaccepted:            0 kB
HugePages_Total:       0
HugePages_Free:        0
HugePages_Rsvd:        0
HugePages_Surp:        0
Hugepagesize:       2048 kB
Hugetlb:               0 kB
DirectMap4k:    31524404 kB
DirectMap2M:     1867776 kB
DirectMap1G:     1048576 kB
",cpu  66728393 213926 12913296 4257476527 480663 0 473709 0 0 0,"3017586 (ros2_control_no) S 3017571 3017571 2912103 34817 3017571 4194304 13750 0 10 0 1203581 9415 0 0 20 0 39 0 216637404 2744172544 29203 18446744073709551615 106820472733696 106820472749549 140723865944256 0 0 0 4096 0 1098925310 0 0 0 17 16 0 0 0 0 0 106820472760512 106820472762592 106821535870976 140723865947817 140723865948053 140723865948053 140723865956287 0
"
2172333.808975866,1791283771.2985008,"(2.8076171875, 3.62109375, 4.3203125)","Inter-|   Receive                                                |  Transmit
 face |bytes    packets errs drop fifo frame compressed multicast|bytes    packets errs drop fifo colls carrier compressed
    lo: 16337356959 21838522    0    0    0     0          0         0 16337356959 21838522    0    0    0     0       0          0
enp3s0: 101762446795 80153494    0    0    0     0          0         0 594639925 8094529    0    0    0     0       0          0
enp6s0: 62490272  544831    0  260    0     0          0     18851        0       0    0    0    0     0       0          0
wlp4s0: 9003525837 14864222    0    0    0     0          0         0 17082518897 19581041    0    0    0     0       0          0
","MemTotal:       32698160 kB
MemFree:         3204988 kB
MemAvailable:   24123768 kB
Buffers:          429608 kB
Cached:         20101856 kB
SwapCached:        26004 kB
Active:         16666804 kB
Inactive:       10940692 kB
Active(anon):    1599308 kB
Inactive(anon):  5266492 kB
Active(file):   15067496 kB
Inactive(file):  5674200 kB
Unevictable:          24 kB
Mlocked:              16 kB
SwapTotal:       2097148 kB
SwapFree:            324 kB
Zswap:                 0 kB
Zswapped:              0 kB
Dirty:                 4 kB
Writeback:             0 kB
AnonPages:       7051796 kB
Mapped:          1159644 kB
Shmem:             71636 kB
KReclaimable:     646904 kB
Slab:            1008224 kB
SReclaimable:     646904 kB
SUnreclaim:       361320 kB
KernelStack:       28112 kB
PageTables:        83384 kB
SecPageTables:         0 kB
NFS_Unstable:          0 kB
Bounce:                0 kB
WritebackTmp:          0 kB
CommitLimit:    18446228 kB
Committed_AS:   23677528 kB
VmallocTotal:   34359738367 kB
VmallocUsed:      236604 kB
VmallocChunk:          0 kB
Percpu:            20160 kB
HardwareCorrupted:     0 kB
AnonHugePages:         0 kB
ShmemHugePages:        0 kB
ShmemPmdMapped:        0 kB
FileHugePages:         0 kB
FilePmdMapped:         0 kB
Unaccepted:            0 kB
HugePages_Total:       0
HugePages_Free:        0
HugePages_Rsvd:        0
HugePages_Surp:        0
Hugepagesize:       2048 kB
Hugetlb:               0 kB
DirectMap4k:    31524404 kB
DirectMap2M:     1867776 kB
DirectMap1G:     1048576 kB
",cpu  66728453 213926 12913300 4257476864 480663 0 473710 0 0 0,"3017586 (ros2_control_no) S 3017571 3017571 2912103 34817 3017571 4194304 13750 0 10 0 1203622 9415 0 0 20 0 39 0 216637404 2744172544 29203 18446744073709551615 106820472733696 106820472749549 140723865944256 0 0 0 4096 0 1098925310 0 0 0 17 16 0 0 0 0 0 106820472760512 106820472762592 106821535870976 140723865947817 140723865948053 140723865948053 140723865956287 0
"
2172334.010522016,1791283771.5000472,"(2.8076171875, 3.62109375, 4.3203125)","Inter-|   Receive                                                |  Transmit
 face |bytes    packets errs drop fifo frame compressed multicast|bytes    packets errs drop fifo colls carrier compressed
    lo: 16337361700 21838555    0    0    0     0          0         0 16337361700 21838555    0    0    0     0       0          0
enp3s0: 101762720657 80153704    0    0    0     0          0         0 594640981 8094545    0    0    0     0       0          0
enp6s0: 62490272  544831    0  260    0     0          0     18851        0       0    0    0    0     0       0          0
wlp4s0: 9003528166 14864243    0    0    0     0          0         0 17082523530 19581069    0    0    0     0       0          0
","MemTotal:       32698160 kB
MemFree:         3204988 kB
MemAvailable:   24123768 kB
Buffers:          429608 kB
Cached:         20101856 kB
SwapCached:        26004 kB
Active:         16666864 kB
Inactive:       10940692 kB
Active(anon):    1599368 kB
Inactive(anon):  5266492 kB
Active(file):   15067496 kB
Inactive(file):  5674200 kB
Unevictable:          24 kB
Mlocked:              16 kB
SwapTotal:       2097148 kB
SwapFree:            324 kB
Zswap:                 0 kB
Zswapped:              0 kB
Dirty:                 0 kB
Writeback:             4 kB
AnonPages:       7051860 kB
Mapped:          1159644 kB
Shmem:             71636 kB
KReclaimable:     646904 kB
Slab:            1008224 kB
SReclaimable:     646904 kB
SUnreclaim:       361320 kB
KernelStack:       28112 kB
PageTables:        83384 kB
SecPageTables:         0 kB
NFS_Unstable:          0 kB
Bounce:                0 kB
WritebackTmp:          0 kB
CommitLimit:    18446228 kB
Committed_AS:   23677528 kB
VmallocTotal:   34359738367 kB
VmallocUsed:      236604 kB
VmallocChunk:          0 kB
Percpu:            20160 kB
HardwareCorrupted:     0 kB
AnonHugePages:         0 kB
ShmemHugePages:        0 kB
ShmemPmdMapped:        0 kB
FileHugePages:         0 kB
FilePmdMapped:         0 kB
Unaccepted:            0 kB
HugePages_Total:       0
HugePages_Free:        0
HugePages_Rsvd:        0
HugePages_Surp:        0
Hugepagesize:       2048 kB
Hugetlb:               0 kB
DirectMap4k:    31524404 kB
DirectMap2M:     1867776 kB
DirectMap1G:     1048576 kB
",cpu  66728508 213926 12913302 4257477209 480663 0 473710 0 0 0,"3017586 (ros2_control_no) S 3017571 3017571 2912103 34817 3017571 4194304 13750 0 10 0 1203662 9416 0 0 20 0 39 0 216637404 2744172544 29203 18446744073709551615 106820472733696 106820472749549 140723865944256 0 0 0 4096 0 1098925310 0 0 0 17 16 0 0 0 0 0 106820472760512 106820472762592 106821535870976 140723865947817 140723865948053 140723865948053 140723865956287 0
"
2172334.21175244,1791283771.7012775,"(2.8076171875, 3.62109375, 4.3203125)","Inter-|   Receive                                                |  Transmit
 face |bytes    packets errs drop fifo frame compressed multicast|bytes    packets errs drop fifo colls carrier compressed
    lo: 16337366394 21838588    0    0    0     0          0         0 16337366394 21838588    0    0    0     0       0          0
enp3s0: 101762994853 80153916    0    0    0     0          0         0 594642169 8094563    0    0    0     0       0          0
enp6s0: 62490272  544831    0  260    0     0          0     18851        0       0    0    0    0     0       0          0
wlp4s0: 9003529534 14864256    0    0    0     0          0         0 17082527494 19581089    0    0    0     0       0          0
","MemTotal:       32698160 kB
MemFree:         3204988 kB
MemAvailable:   24123768 kB
Buffers:          429608 kB
Cached:         20101856 kB
SwapCached:        26004 kB
Active:         16666924 kB
Inactive:       10940692 kB
Active(anon):    1599428 kB
Inactive(anon):  5266492 kB
Active(file):   15067496 kB
Inactive(file):  5674200 kB
Unevictable:          24 kB
Mlocked:              16 kB
SwapTotal:       2097148 kB
SwapFree:            324 kB
Zswap:                 0 kB
Zswapped:              0 kB
Dirty:                 0 kB
Writeback:             0 kB
AnonPages:       7051924 kB
Mapped:          1159644 kB
Shmem:             71636 kB
KReclaimable:     646904 kB
Slab:            1008256 kB
SReclaimable:     646904 kB
SUnreclaim:       361352 kB
KernelStack:       28112 kB
PageTables:        83384 kB
SecPageTables:         0 kB
NFS_Unstable:          0 kB
Bounce:                0 kB
WritebackTmp:          0 kB
CommitLimit:    18446228 kB
Committed_AS:   23677528 kB
VmallocTotal:   34359738367 kB
VmallocUsed:      236604 kB
VmallocChunk:          0 kB
Percpu:            20160 kB
HardwareCorrupted:     0 kB
AnonHugePages:         0 kB
ShmemHugePages:        0 kB
ShmemPmdMapped:        0 kB
FileHugePages:         0 kB
FilePmdMapped:         0 kB
Unaccepted:            0 kB
HugePages_Total:       0
HugePages_Free:        0
HugePages_Rsvd:        0
HugePages_Surp:        0
Hugepagesize:       2048 kB
Hugetlb:               0 kB
DirectMap4k:    31524404 kB
DirectMap2M:     1867776 kB
DirectMap1G:     1048576 kB
",cpu  66728566 213926 12913306 4257477549 480663 0 473710 0 0 0,"3017586 (ros2_control_no) S 3017571 3017571 2912103 34817 3017571 4194304 13750 0 10 0 1203703 9416 0 0 20 0 39 0 216637404 2744172544 29203 18446744073709551615 106820472733696 106820472749549 140723865944256 0 0 0 4096 0 1098925310 0 0 0 17 16 0 0 0 0 0 106820472760512 106820472762592 106821535870976 140723865947817 140723865948053 140723865948053 140723865956287 0
"
2172334.41315752,1791283771.9026823,"(2.8076171875, 3.62109375, 4.3203125)","Inter-|   Receive                                                |  Transmit
 face |bytes    packets errs drop fifo frame compressed multicast|bytes    packets errs drop fifo colls carrier compressed
    lo: 16337370779 21838621    0    0    0     0          0         0 16337370779 21838621    0    0    0     0       0          0
enp3s0: 101763268548 80154125    0    0    0     0          0         0 594643159 8094578    0    0    0     0       0          0
enp6s0: 62490272  544831    0  260    0     0          0     18851        0       0    0    0    0     0       0          0
wlp4s0: 9003532116 14864280    0    0    0     0          0         0 17082531950 19581118    0    0    0     0       0          0
","MemTotal:       32698160 kB
MemFree:         3204988 kB
MemAvailable:   24123768 kB
Buffers:          429608 kB
Cached:         20101856 kB
SwapCached:        26004 kB
Active:         16666984 kB
Inactive:       10940692 kB
Active(anon):    1599488 kB
Inactive(anon):  5266492 kB
Active(file):   15067496 kB
Inactive(file):  5674200 kB
Unevictable:          24 kB
Mlocked:              16 kB
SwapTotal:       2097148 kB
SwapFree:            324 kB
Zswap:                 0 kB
Zswapped:              0 kB
Dirty:                 0 kB
Writeback:             0 kB
AnonPages:       7052000 kB
Mapped:          1159644 kB
Shmem:             71636 kB
KReclaimable:     646904 kB
Slab:            1008228 kB
SReclaimable:     646904 kB
SUnreclaim:       361324 kB
KernelStack:       28112 kB
PageTables:        83384 kB
SecPageTables:         0 kB
NFS_Unstable:          0 kB
Bounce:                0 kB
WritebackTmp:          0 kB
CommitLimit:    18446228 kB
Committed_AS:   23677528 kB
VmallocTotal:   34359738367 kB
VmallocUsed:      236604 kB
VmallocChunk:          0 kB
Percpu:            20160 kB
HardwareCorrupted:     0 kB
AnonHugePages:         0 kB
ShmemHugePages:        0 kB
ShmemPmdMapped:        0 kB
FileHugePages:         0 kB
FilePmdMapped:         0 kB
Unaccepted:            0 kB
HugePages_Total:       0
HugePages_Free:        0
HugePages_Rsvd:        0
HugePages_Surp:        0
Hugepagesize:       2048 kB
Hugetlb:               0 kB
DirectMap4k:    31524404 kB
DirectMap2M:     1867776 kB
DirectMap1G:     1048576 kB
",cpu  66728620 213926 12913310 4257477894 480663 0 473710 0 0 0,"3017586 (ros2_control_no) S 3017571 3017571 2912103 34817 3017571 4194304 13750 0 10 0 1203743 9416 0 0 20 0 39 0 216637404 2744172544 29203 18446744073709551615 106820472733696 106820472749549 140723865944256 0 0 0 4096 0 1098925310 0 0 0 17 16 0 0 0 0 0 106820472760512 106820472762592 106821535870976 140723865947817 140723865948053 140723865948053 140723865956287 0
"
2172334.614726974,1791283772.1042519,"(2.8076171875, 3.62109375, 4.3203125)","Inter-|   Receive                                                |  Transmit
 face |bytes    packets errs drop fifo frame compressed multicast|bytes    packets errs drop fifo colls carrier compressed
    lo: 16337383603 21838688    0    0    0     0          0         0 16337383603 21838688    0    0    0     0       0          0
enp3s0: 101763542577 80154336    0    0    0     0          0         0 594644323 8094596    0    0    0     0       0          0
enp6s0: 62490272  544831    0  260    0     0          0     18851        0       0    0    0    0     0       0          0
wlp4s0: 9003535274 14864308    0    0    0     0          0         0 17082540678 19581154    0    0    0     0       0          0
","MemTotal:       32698160 kB
MemFree:         3204988 kB
MemAvailable:   24123768 kB
Buffers:          429616 kB
Cached:         20101856 kB
SwapCached:        26004 kB
Active:         16667044 kB
Inactive:       10940692 kB
Active(anon):    1599548 kB
Inactive(anon):  5266492 kB
Active(file):   15067496 kB
Inactive(file):  5674200 kB
Unevictable:          24 kB
Mlocked:              16 kB
SwapTotal:       2097148 kB
SwapFree:            324 kB
Zswap:                 0 kB
Zswapped:              0 kB
Dirty:               120 kB
Writeback:             0 kB
AnonPages:       7052064 kB
Mapped:          1159644 kB
Shmem:             71636 kB
KReclaimable:     646904 kB
Slab:            1008228 kB
SReclaimable:     646904 kB
SUnreclaim:       361324 kB
KernelStack:       28112 kB
PageTables:        83384 kB
SecPageTables:         0 kB
NFS_Unstable:          0 kB
Bounce:                0 kB
WritebackTmp:          0 kB
CommitLimit:    18446228 kB
Committed_AS:   23677528 kB
VmallocTotal:   34359738367 kB
VmallocUsed:      236604 kB
VmallocChunk:          0 kB
Percpu:            20160 kB
HardwareCorrupted:     0 kB
AnonHugePages:         0 kB
ShmemHugePages:        0 kB
ShmemPmdMapped:        0 kB
FileHugePages:         0 kB
FilePmdMapped:         0 kB
Unaccepted:            0 kB
HugePages_Total:       0
HugePages_Free:        0
HugePages_Rsvd:        0
HugePages_Surp:        0
Hugepagesize:       2048 kB
Hugetlb:               0 kB
DirectMap4k:    31524404 kB
DirectMap2M:     1867776 kB
DirectMap1G:     1048576 kB
",cpu  66728692 213926 12913317 4257478217 480664 0 473711 0 0 0,"3017586 (ros2_control_no) S 3017571 3017571 2912103 34817 3017571 4194304 13750 0 10 0 1203784 9417 0 0 20 0 39 0 216637404 2744172544 29203 18446744073709551615 106820472733696 106820472749549 140723865944256 0 0 0 4096 0 1098925310 0 0 0 17 16 0 0 0 0 0 106820472760512 106820472762592 106821535870976 140723865947817 140723865948053 140723865948053 140723865956287 0
"
2172334.816602295,1791283772.3061273,"(2.8076171875, 3.62109375, 4.3203125)","Inter-|   Receive                                                |  Transmit
 face |bytes    packets errs drop fifo frame compressed multicast|bytes    packets errs drop fifo colls carrier compressed
    lo: 16337399639 21838748    0    0    0     0          0         0 16337399639 21838748    0    0    0     0       0          0
enp3s0: 101763818161 80154549    0    0    0     0          0         0 594645562 8094615    0    0    0     0       0          0
enp6s0: 62490272  544831    0  260    0     0          0     18851        0       0    0    0    0     0       0          0
wlp4s0: 9003538245 14864336    0    0    0     0          0         0 17082554744 19581191    0    0    0     0       0          0
","MemTotal:       32698160 kB
MemFree:         3204988 kB
MemAvailable:   24123768 kB
Buffers:          429616 kB
Cached:         20101856 kB
SwapCached:        26004 kB
Active:         16667104 kB
Inactive:       10940692 kB
Active(anon):    1599608 kB
Inactive(anon):  5266492 kB
Active(file):   15067496 kB
Inactive(file):  5674200 kB
Unevictable:          24 kB
Mlocked:              16 kB
SwapTotal:       2097148 kB
SwapFree:            324 kB
Zswap:                 0 kB
Zswapped:              0 kB
Dirty:               120 kB
Writeback:             0 kB
AnonPages:       7052124 kB
Mapped:          1159644 kB
Shmem:             71636 kB
KReclaimable:     646904 kB
Slab:            1008228 kB
SReclaimable:     646904 kB
SUnreclaim:       361324 kB
KernelStack:       28112 kB
PageTables:        83384 kB
SecPageTables:         0 kB
NFS_Unstable:          0 kB
Bounce:                0 kB
WritebackTmp:          0 kB
CommitLimit:    18446228 kB
Committed_AS:   23677528 kB
VmallocTotal:   34359738367 kB
VmallocUsed:      236604 kB
VmallocChunk:          0 kB
Percpu:            20160 kB
HardwareCorrupted:     0 kB
AnonHugePages:         0 kB
ShmemHugePages:        0 kB
ShmemPmdMapped:        0 kB
FileHugePages:         0 kB
FilePmdMapped:         0 kB
Unaccepted:            0 kB
HugePages_Total:       0
HugePages_Free:        0
HugePages_Rsvd:        0
HugePages_Surp:        0
Hugepagesize:       2048 kB
Hugetlb:               0 kB
DirectMap4k:    31524404 kB
DirectMap2M:     1867776 kB
DirectMap1G:     1048576 kB
",cpu  66728763 213926 12913322 4257478544 480664 0 473711 0 0 0,"3017586 (ros2_control_no) S 3017571 3017571 2912103 34817 3017571 4194304 13750 0 10 0 1203825 9417 0 0 20 0 39 0 216637404 2744172544 29203 18446744073709551615 106820472733696 106820472749549 140723865944256 0 0 0 4096 0 1098925310 0 0 0 17 17 0 0 0 0 0 106820472760512 106820472762592 106821535870976 140723865947817 140723865948053 140723865948053 140723865956287 0
"
2172335.018102289,1791283772.5076272,"(2.74267578125, 3.59375, 4.3076171875)","Inter-|   Receive                                                |  Transmit
 face |bytes    packets errs drop fifo frame compressed multicast|bytes    packets errs drop fifo colls carrier compressed
    lo: 16337421637 21838807    0    0    0     0          0         0 16337421637 21838807    0    0    0     0       0          0
enp3s0: 101764091303 80154762    0    0    0     0          0         0 594646882 8094635    0    0    0     0       0          0
enp6s0: 62490272  544831    0  260    0     0          0     18851        0       0    0    0    0     0       0          0
wlp4s0: 9003540858 14864361    0    0    0     0          0         0 17082575308 19581229    0    0    0     0       0          0
","MemTotal:       32698160 kB
MemFree:         3204988 kB
MemAvailable:   24123768 kB
Buffers:          429616 kB
Cached:         20101856 kB
SwapCached:        26004 kB
Active:         16666800 kB
Inactive:       10940692 kB
Active(anon):    1599304 kB
Inactive(anon):  5266492 kB
Active(file):   15067496 kB
Inactive(file):  5674200 kB
Unevictable:          24 kB
Mlocked:              16 kB
SwapTotal:       2097148 kB
SwapFree:            324 kB
Zswap:                 0 kB
Zswapped:              0 kB
Dirty:               120 kB
Writeback:             0 kB
AnonPages:       7051828 kB
Mapped:          1159644 kB
Shmem:             71636 kB
KReclaimable:     646904 kB
Slab:            1008228 kB
SReclaimable:     646904 kB
SUnreclaim:       361324 kB
KernelStack:       28112 kB
PageTables:        83384 kB
SecPageTables:         0 kB
NFS_Unstable:          0 kB
Bounce:                0 kB
WritebackTmp:          0 kB
CommitLimit:    18446228 kB
Committed_AS:   23677416 kB
VmallocTotal:   34359738367 kB
VmallocUsed:      236604 kB
VmallocChunk:          0 kB
Percpu:            20160 kB
HardwareCorrupted:     0 kB
AnonHugePages:         0 kB
ShmemHugePages:        0 kB
ShmemPmdMapped:        0 kB
FileHugePages:         0 kB
FilePmdMapped:         0 kB
Unaccepted:            0 kB
HugePages_Total:       0
HugePages_Free:        0
HugePages_Rsvd:        0
HugePages_Surp:        0
Hugepagesize:       2048 kB
Hugetlb:               0 kB
DirectMap4k:    31524404 kB
DirectMap2M:     1867776 kB
DirectMap1G:     1048576 kB
",cpu  66728828 213926 12913327 4257478874 480664 0 473712 0 0 0,"3017586 (ros2_control_no) S 3017571 3017571 2912103 34817 3017571 4194304 13750 0 10 0 1203865 9417 0 0 20 0 39 0 216637404 2744172544 29203 18446744073709551615 106820472733696 106820472749549 140723865944256 0 0 0 4096 0 1098925310 0 0 0 17 17 0 0 0 0 0 106820472760512 106820472762592 106821535870976 140723865947817 140723865948053 140723865948053 140723865956287 0
"
2172335.219831704,1791283772.7093568,"(2.74267578125, 3.59375, 4.3076171875)","Inter-|   Receive                                                |  Transmit
 face |bytes    packets errs drop fifo frame compressed multicast|bytes    packets errs drop fifo colls carrier compressed
    lo: 16337437407 21838858    0    0    0     0          0         0 16337437407 21838858    0    0    0     0       0          0
enp3s0: 101764367221 80154977    0    0    0     0          0         0 594648202 8094655    0    0    0     0       0          0
enp6s0: 62490272  544831    0  260    0     0          0     18851        0       0    0    0    0     0       0          0
wlp4s0: 9003542263 14864378    0    0    0     0          0         0 17082589736 19581257    0    0    0     0       0          0
","MemTotal:       32698160 kB
MemFree:         3206812 kB
MemAvailable:   24125592 kB
Buffers:          429616 kB
Cached:         20101856 kB
SwapCached:        26004 kB
Active:         16666860 kB
Inactive:       10940692 kB
Active(anon):    1599364 kB
Inactive(anon):  5266492 kB
Active(file):   15067496 kB
Inactive(file):  5674200 kB
Unevictable:          24 kB
Mlocked:              16 kB
SwapTotal:       2097148 kB
SwapFree:            324 kB
Zswap:                 0 kB
Zswapped:              0 kB
Dirty:               120 kB
Writeback:             0 kB
AnonPages:       7051888 kB
Mapped:          1159644 kB
Shmem:             71636 kB
KReclaimable:     646904 kB
Slab:            1008228 kB
SReclaimable:     646904 kB
SUnreclaim:       361324 kB
KernelStack:       28112 kB
PageTables:        83384 kB
SecPageTables:         0 kB
NFS_Unstable:          0 kB
Bounce:                0 kB
WritebackTmp:          0 kB
CommitLimit:    18446228 kB
Committed_AS:   23677416 kB
VmallocTotal:   34359738367 kB
VmallocUsed:      236604 kB
VmallocChunk:          0 kB
Percpu:            20160 kB
HardwareCorrupted:     0 kB
AnonHugePages:         0 kB
ShmemHugePages:        0 kB
ShmemPmdMapped:        0 kB
FileHugePages:         0 kB
FilePmdMapped:         0 kB
Unaccepted:            0 kB
HugePages_Total:       0
HugePages_Free:        0
HugePages_Rsvd:        0
HugePages_Surp:        0
Hugepagesize:       2048 kB
Hugetlb:               0 kB
DirectMap4k:    31524404 kB
DirectMap2M:     1867776 kB
DirectMap1G:     1048576 kB
",cpu  66728890 213926 12913331 4257479208 480664 0 473712 0 0 0,"3017586 (ros2_control_no) S 3017571 3017571 2912103 34817 3017571 4194304 13750 0 10 0 1203906 9417 0 0 20 0 39 0 216637404 2744172544 29203 18446744073709551615 106820472733696 106820472749549 140723865944256 0 0 0 4096 0 1098925310 0 0 0 17 17 0 0 0 0 0 106820472760512 106820472762592 106821535870976 140723865947817 140723865948053 140723865948053 140723865956287 0
"
2172335.421704685,1791283772.9112296,"(2.74267578125, 3.59375, 4.3076171875)","Inter-|   Receive                                                |  Transmit
 face |bytes    packets errs drop fifo frame compressed multicast|bytes    packets errs drop fifo colls carrier compressed
    lo: 16337444745 21838906    0    0    0     0          0         0 16337444745 21838906    0    0    0     0       0          0
enp3s0: 101764640582 80155184    0    0    0     0          0         0 594649060 8094668    0    0    0     0       0          0
enp6s0: 62490272  544831    0  260    0     0          0     18851        0       0    0    0    0     0       0          0
wlp4s0: 9003546862 14864407    0    0    0     0          0         0 17082595869 19581287    0    0    0     0       0          0
","MemTotal:       32698160 kB
MemFree:         3207032 kB
MemAvailable:   24125812 kB
Buffers:          429616 kB
Cached:         20101856 kB
SwapCached:        26004 kB
Active:         16667120 kB
Inactive:       10940692 kB
Active(anon):    1599624 kB
Inactive(anon):  5266492 kB
Active(file):   15067496 kB
Inactive(file):  5674200 kB
Unevictable:          24 kB
Mlocked:              16 kB
SwapTotal:       2097148 kB
SwapFree:            324 kB
Zswap:                 0 kB
Zswapped:              0 kB
Dirty:               364 kB
Writeback:             0 kB
AnonPages:       7052144 kB
Mapped:          1159644 kB
Shmem:             71636 kB
KReclaimable:     646904 kB
Slab:            1008308 kB
SReclaimable:     646904 kB
SUnreclaim:       361404 kB
KernelStack:       28112 kB
PageTables:        83384 kB
SecPageTables:         0 kB
NFS_Unstable:          0 kB
Bounce:                0 kB
WritebackTmp:          0 kB
CommitLimit:    18446228 kB
Committed_AS:   23678440 kB
VmallocTotal:   34359738367 kB
VmallocUsed:      236604 kB
VmallocChunk:          0 kB
Percpu:            20160 kB
HardwareCorrupted:     0 kB
AnonHugePages:         0 kB
ShmemHugePages:        0 kB
ShmemPmdMapped:        0 kB
FileHugePages:         0 kB
FilePmdMapped:         0 kB
Unaccepted:            0 kB
HugePages_Total:       0
HugePages_Free:        0
HugePages_Rsvd:        0
HugePages_Surp:        0
Hugepagesize:       2048 kB
Hugetlb:               0 kB
DirectMap4k:    31524404 kB
DirectMap2M:     1867776 kB
DirectMap1G:     1048576 kB
",cpu  66728954 213926 12913334 4257479544 480664 0 473712 0 0 0,"3017586 (ros2_control_no) S 3017571 3017571 2912103 34817 3017571 4194304 13750 0 10 0 1203947 9417 0 0 20 0 39 0 216637404 2744172544 29203 18446744073709551615 106820472733696 106820472749549 140723865944256 0 0 0 4096 0 1098925310 0 0 0 17 17 0 0 0 0 0 106820472760512 106820472762592 106821535870976 140723865947817 140723865948053 140723865948053 140723865956287 0
"
2172335.623095913,1791283773.1126208,"(2.74267578125, 3.59375, 4.3076171875)","Inter-|   Receive                                                |  Transmit
 face |bytes    packets errs drop fifo frame compressed multicast|bytes    packets errs drop fifo colls carrier compressed
    lo: 16337452737 21838955    0    0    0     0          0         0 16337452737 21838955    0    0    0     0       0          0
enp3s0: 101764914611 80155395    0    0    0     0          0         0 594650224 8094686    0    0    0     0       0          0
enp6s0: 62490272  544831    0  260    0     0          0     18851        0       0    0    0    0     0       0          0
wlp4s0: 9003549196 14864427    0    0    0     0          0         0 17082600709 19581315    0    0    0     0       0          0
","MemTotal:       32698160 kB
MemFree:         3207032 kB
MemAvailable:   24125812 kB
Buffers:          429616 kB
Cached:         20101856 kB
SwapCached:        26004 kB
Active:         16667180 kB
Inactive:       10940692 kB
Active(anon):    1599684 kB
Inactive(anon):  5266492 kB
Active(file):   15067496 kB
Inactive(file):  5674200 kB
Unevictable:          24 kB
Mlocked:              16 kB
SwapTotal:       2097148 kB
SwapFree:            324 kB
Zswap:                 0 kB
Zswapped:              0 kB
Dirty:               364 kB
Writeback:             0 kB
AnonPages:       7052212 kB
Mapped:          1159644 kB
Shmem:             71636 kB
KReclaimable:     646904 kB
Slab:            1008284 kB
SReclaimable:     646904 kB
SUnreclaim:       361380 kB
KernelStack:       28112 kB
PageTables:        83384 kB
SecPageTables:         0 kB
NFS_Unstable:          0 kB
Bounce:                0 kB
WritebackTmp:          0 kB
CommitLimit:    18446228 kB
Committed_AS:   23678440 kB
VmallocTotal:   34359738367 kB
VmallocUsed:      236604 kB
VmallocChunk:          0 kB
Percpu:            20160 kB
HardwareCorrupted:     0 kB
AnonHugePages:         0 kB
ShmemHugePages:        0 kB
ShmemPmdMapped:        0 kB
FileHugePages:         0 kB
FilePmdMapped:         0 kB
Unaccepted:            0 kB
HugePages_Total:       0
HugePages_Free:        0
HugePages_Rsvd:        0
HugePages_Surp:        0
Hugepagesize:       2048 kB
Hugetlb:               0 kB
DirectMap4k:    31524404 kB
DirectMap2M:     1867776 kB
DirectMap1G:     1048576 kB
",cpu  66729008 213926 12913337 4257479889 480664 0 473713 0 0 0,"3017586 (ros2_control_no) S 3017571 3017571 2912103 34817 3017571 4194304 13750 0 10 0 1203987 9418 0 0 20 0 39 0 216637404 2744172544 29203 18446744073709551615 106820472733696 106820472749549 140723865944256 0 0 0 4096 0 1098925310 0 0 0 17 17 0 0 0 0 0 106820472760512 106820472762592 106821535870976 140723865947817 140723865948053 140723865948053 140723865956287 0
"
2172335.824492157,1791283773.3140173,"(2.74267578125, 3.59375, 4.3076171875)","Inter-|   Receive                                                |  Transmit
 face |bytes    packets errs drop fifo frame compressed multicast|bytes    packets errs drop fifo colls carrier compressed
    lo: 16337460989 21839006    0    0    0     0          0         0 16337460989 21839006    0    0    0     0       0          0
enp3s0: 101765188974 80155608    0    0    0     0          0         0 594651907 8094707    0    0    0     0       0          0
enp6s0: 62490272  544831    0  260    0     0          0     18851        0       0    0    0    0     0       0          0
wlp4s0: 9003552160 14864453    0    0    0     0          0         0 17082608602 19581353    0    0    0     0       0          0
","MemTotal:       32698160 kB
MemFree:         3206780 kB
MemAvailable:   24125560 kB
Buffers:          429616 kB
Cached:         20101856 kB
SwapCached:        26004 kB
Active:         16666188 kB
Inactive:       10940692 kB
Active(anon):    1598692 kB
Inactive(anon):  5266492 kB
Active(file):   15067496 kB
Inactive(file):  5674200 kB
Unevictable:          24 kB
Mlocked:              16 kB
SwapTotal:       2097148 kB
SwapFree:            324 kB
Zswap:                 0 kB
Zswapped:              0 kB
Dirty:               364 kB
Writeback:             0 kB
AnonPages:       7051184 kB
Mapped:          1159644 kB
Shmem:             71636 kB
KReclaimable:     646904 kB
Slab:            1008276 kB
SReclaimable:     646904 kB
SUnreclaim:       361372 kB
KernelStack:       28080 kB
PageTables:        83376 kB
SecPageTables:         0 kB
NFS_Unstable:          0 kB
Bounce:                0 kB
WritebackTmp:          0 kB
CommitLimit:    18446228 kB
Committed_AS:   23629240 kB
VmallocTotal:   34359738367 kB
VmallocUsed:      236556 kB
VmallocChunk:          0 kB
Percpu:            20160 kB
HardwareCorrupted:     0 kB
AnonHugePages:         0 kB
ShmemHugePages:        0 kB
ShmemPmdMapped:        0 kB
FileHugePages:         0 kB
FilePmdMapped:         0 kB
Unaccepted:            0 kB
HugePages_Total:       0
HugePages_Free:        0
HugePages_Rsvd:        0
HugePages_Surp:        0
Hugepagesize:       2048 kB
Hugetlb:               0 kB
DirectMap4k:    31524404 kB
DirectMap2M:     1867776 kB
DirectMap1G:     1048576 kB
",cpu  66729064 213926 12913339 4257480230 480664 0 473713 0 0 0,"3017586 (ros2_control_no) S 3017571 3017571 2912103 34817 3017571 4194304 13750 0 10 0 1204028 9418 0 0 20 0 39 0 216637404 2744172544 29203 18446744073709551615 106820472733696 106820472749549 140723865944256 0 0 0 4096 0 1098925310 0 0 0 17 17 0 0 0 0 0 106820472760512 106820472762592 106821535870976 140723865947817 140723865948053 140723865948053 140723865956287 0
"
2172336.025897204,1791283773.515422,"(2.74267578125, 3.59375, 4.3076171875)","Inter-|   Receive                                                |  Transmit
 face |bytes    packets errs drop fifo frame compressed multicast|bytes    packets errs drop fifo colls carrier compressed
    lo: 16337468791 21839055    0    0    0     0          0         0 16337468791 21839055    0    0    0     0       0          0
enp3s0: 101765462669 80155817    0    0    0     0          0         0 594653275 8094723    0    0    0     0       0          0
enp6s0: 62490272  544831    0  260    0     0          0     18851        0       0    0    0    0     0       0          0
wlp4s0: 9003554760 14864475    0    0    0     0          0         0 17082616236 19581390    0    0    0     0       0          0
","MemTotal:       32698160 kB
MemFree:         3206780 kB
MemAvailable:   24125560 kB
Buffers:          429616 kB
Cached:         20101856 kB
SwapCached:        26004 kB
Active:         16666248 kB
Inactive:       10940692 kB
Active(anon):    1598752 kB
Inactive(anon):  5266492 kB
Active(file):   15067496 kB
Inactive(file):  5674200 kB
Unevictable:          24 kB
Mlocked:              16 kB
SwapTotal:       2097148 kB
SwapFree:            324 kB
Zswap:                 0 kB
Zswapped:              0 kB
Dirty:               364 kB
Writeback:             0 kB
AnonPages:       7051244 kB
Mapped:          1159644 kB
Shmem:             71636 kB
KReclaimable:     646904 kB
Slab:            1008284 kB
SReclaimable:     646904 kB
SUnreclaim:       361380 kB
KernelStack:       28080 kB
PageTables:        83376 kB
SecPageTables:         0 kB
NFS_Unstable:          0 kB
Bounce:                0 kB
WritebackTmp:          0 kB
CommitLimit:    18446228 kB
Committed_AS:   23629240 kB
VmallocTotal:   34359738367 kB
VmallocUsed:      236556 kB
VmallocChunk:          0 kB
Percpu:            20160 kB
HardwareCorrupted:     0 kB
AnonHugePages:         0 kB
ShmemHugePages:        0 kB
ShmemPmdMapped:        0 kB
FileHugePages:         0 kB
FilePmdMapped:         0 kB
Unaccepted:            0 kB
HugePages_Total:       0
HugePages_Free:        0
HugePages_Rsvd:        0
HugePages_Surp:        0
Hugepagesize:       2048 kB
Hugetlb:               0 kB
DirectMap4k:    31524404 kB
DirectMap2M:     1867776 kB
DirectMap1G:     1048576 kB
",cpu  66729121 213926 12913342 4257480569 480664 0 473713 0 0 0,"3017586 (ros2_control_no) S 3017571 3017571 2912103 34817 3017571 4194304 13750 0 10 0 1204069 9418 0 0 20 0 39 0 216637404 2744172544 29203 18446744073709551615 106820472733696 106820472749549 140723865944256 0 0 0 4096 0 1098925310 0 0 0 17 17 0 0 0 0 0 106820472760512 106820472762592 106821535870976 140723865947817 140723865948053 140723865948053 140723865956287 0
"
2172336.227177342,1791283773.7167022,"(2.74267578125, 3.59375, 4.3076171875)","Inter-|   Receive                                                |  Transmit
 face |bytes    packets errs drop fifo frame compressed multicast|bytes    packets errs drop fifo colls carrier compressed
    lo: 16337477045 21839099    0    0    0     0          0         0 16337477045 21839099    0    0    0     0       0          0
enp3s0: 101765737199 80156031    0    0    0     0          0         0 594655351 8094745    0    0    0     0       0          0
enp6s0: 62490272  544831    0  260    0     0          0     18851        0       0    0    0    0     0       0          0
wlp4s0: 9003560435 14864503    0    0    0     0          0         0 17082624803 19581426    0    0    0     0       0          0
","MemTotal:       32698160 kB
MemFree:         3206528 kB
MemAvailable:   24125308 kB
Buffers:          429616 kB
Cached:         20101856 kB
SwapCached:        26004 kB
Active:         16666124 kB
Inactive:       10940684 kB
Active(anon):    1598628 kB
Inactive(anon):  5266484 kB
Active(file):   15067496 kB
Inactive(file):  5674200 kB
Unevictable:          24 kB
Mlocked:              16 kB
SwapTotal:       2097148 kB
SwapFree:            324 kB
Zswap:                 0 kB
Zswapped:              0 kB
Dirty:               364 kB
Writeback:             0 kB
AnonPages:       7051112 kB
Mapped:          1159644 kB
Shmem:             71636 kB
KReclaimable:     646904 kB
Slab:            1008332 kB
SReclaimable:     646904 kB
SUnreclaim:       361428 kB
KernelStack:       28064 kB
PageTables:        83372 kB
SecPageTables:         0 kB
NFS_Unstable:          0 kB
Bounce:                0 kB
WritebackTmp:          0 kB
CommitLimit:    18446228 kB
Committed_AS:   23629240 kB
VmallocTotal:   34359738367 kB
VmallocUsed:      236556 kB
VmallocChunk:          0 kB
Percpu:            20160 kB
HardwareCorrupted:     0 kB
AnonHugePages:         0 kB
ShmemHugePages:        0 kB
ShmemPmdMapped:        0 kB
FileHugePages:         0 kB
FilePmdMapped:         0 kB
Unaccepted:            0 kB
HugePages_Total:       0
HugePages_Free:        0
HugePages_Rsvd:        0
HugePages_Surp:        0
Hugepagesize:       2048 kB
Hugetlb:               0 kB
DirectMap4k:    31524404 kB
DirectMap2M:     1867776 kB
DirectMap1G:     1048576 kB
",cpu  66729172 213926 12913345 4257480914 480664 0 473713 0 0 0,"3017586 (ros2_control_no) S 3017571 3017571 2912103 34817 3017571 4194304 13750 0 10 0 1204109 9418 0 0 20 0 39 0 216637404 2744172544 29203 18446744073709551615 106820472733696 106820472749549 140723865944256 0 0 0 4096 0 1098925310 0 0 0 17 17 0 0 0 0 0 106820472760512 106820472762592 106821535870976 140723865947817 140723865948053 140723865948053 140723865956287 0
"
2172336.428797218,1791283773.918322,"(2.74267578125, 3.59375, 4.3076171875)","Inter-|   Receive                                                |  Transmit
 face |bytes    packets errs drop fifo frame compressed multicast|bytes    packets errs drop fifo colls carrier compressed
    lo: 16337481218 21839131    0    0    0     0          0         0 16337481218 21839131    0    0    0     0       0          0
enp3s0: 101766009840 80156241    0    0    0     0          0         0 594656473 8094762    0    0    0     0       0          0
enp6s0: 62490272  544831    0  260    0     0          0     18851        0       0    0    0    0     0       0          0
wlp4s0: 9003561755 14864515    0    0    0     0          0         0 17082628010 19581444    0    0    0     0       0          0
","MemTotal:       32698160 kB
MemFree:         3206780 kB
MemAvailable:   24125560 kB
Buffers:          429616 kB
Cached:         20101856 kB
SwapCached:        26004 kB
Active:         16666124 kB
Inactive:       10940684 kB
Active(anon):    1598628 kB
Inactive(anon):  5266484 kB
Active(file):   15067496 kB
Inactive(file):  5674200 kB
Unevictable:          24 kB
Mlocked:              16 kB
SwapTotal:       2097148 kB
SwapFree:            324 kB
Zswap:                 0 kB
Zswapped:              0 kB
Dirty:               364 kB
Writeback:             0 kB
AnonPages:       7051088 kB
Mapped:          1159644 kB
Shmem:             71636 kB
KReclaimable:     646904 kB
Slab:            1008284 kB
SReclaimable:     646904 kB
SUnreclaim:       361380 kB
KernelStack:       28064 kB
PageTables:        83372 kB
SecPageTables:         0 kB
NFS_Unstable:          0 kB
Bounce:                0 kB
WritebackTmp:          0 kB
CommitLimit:    18446228 kB
Committed_AS:   23629240 kB
VmallocTotal:   34359738367 kB
VmallocUsed:      236556 kB
VmallocChunk:          0 kB
Percpu:            20160 kB
HardwareCorrupted:     0 kB
AnonHugePages:         0 kB
ShmemHugePages:        0 kB
ShmemPmdMapped:        0 kB
FileHugePages:         0 kB
FilePmdMapped:         0 kB
Unaccepted:            0 kB
HugePages_Total:       0
HugePages_Free:        0
HugePages_Rsvd:        0
HugePages_Surp:        0
Hugepagesize:       2048 kB
Hugetlb:               0 kB
DirectMap4k:    31524404 kB
DirectMap2M:     1867776 kB
DirectMap1G:     1048576 kB
",cpu  66729225 213926 12913347 4257481264 480664 0 473713 0 0 0,"3017586 (ros2_control_no) S 3017571 3017571 2912103 34817 3017571 4194304 13750 0 10 0 1204150 9419 0 0 20 0 39 0 216637404 2744172544 29203 18446744073709551615 106820472733696 106820472749549 140723865944256 0 0 0 4096 0 1098925310 0 0 0 17 17 0 0 0 0 0 106820472760512 106820472762592 106821535870976 140723865947817 140723865948053 140723865948053 140723865956287 0
"
2172336.630672849,1791283774.1201978,"(2.74267578125, 3.59375, 4.3076171875)","Inter-|   Receive                                                |  Transmit
 face |bytes    packets errs drop fifo frame compressed multicast|bytes    packets errs drop fifo colls carrier compressed
    lo: 16337561632 21839637    0    0    0     0          0         0 16337561632 21839637    0    0    0     0       0          0
enp3s0: 101766285090 80156452    0    0    0     0          0         0 594657949 8094780    0    0    0     0       0          0
enp6s0: 62490272  544831    0  260    0     0          0     18851        0       0    0    0    0     0       0          0
wlp4s0: 9003567421 14864563    0    0    0     0          0         0 17082666403 19581748    0    0    0     0       0          0
","MemTotal:       32698160 kB
MemFree:         3211196 kB
MemAvailable:   24129976 kB
Buffers:          429616 kB
Cached:         20101856 kB
SwapCached:        26004 kB
Active:         16666124 kB
Inactive:       10940684 kB
Active(anon):    1598628 kB
Inactive(anon):  5266484 kB
Active(file):   15067496 kB
Inactive(file):  5674200 kB
Unevictable:          24 kB
Mlocked:              16 kB
SwapTotal:       2097148 kB
SwapFree:            324 kB
Zswap:                 0 kB
Zswapped:              0 kB
Dirty:               364 kB
Writeback:             0 kB
AnonPages:       7051100 kB
Mapped:          1159644 kB
Shmem:             71636 kB
KReclaimable:     646904 kB
Slab:            1008096 kB
SReclaimable:     646904 kB
SUnreclaim:       361192 kB
KernelStack:       28064 kB
PageTables:        83372 kB
SecPageTables:         0 kB
NFS_Unstable:          0 kB
Bounce:                0 kB
WritebackTmp:          0 kB
CommitLimit:    18446228 kB
Committed_AS:   23629240 kB
VmallocTotal:   34359738367 kB
VmallocUsed:      236556 kB
VmallocChunk:          0 kB
Percpu:            20160 kB
HardwareCorrupted:     0 kB
AnonHugePages:         0 kB
ShmemHugePages:        0 kB
ShmemPmdMapped:        0 kB
FileHugePages:         0 kB
FilePmdMapped:         0 kB
Unaccepted:            0 kB
HugePages_Total:       0
HugePages_Free:        0
HugePages_Rsvd:        0
HugePages_Surp:        0
Hugepagesize:       2048 kB
Hugetlb:               0 kB
DirectMap4k:    31524404 kB
DirectMap2M:     1867776 kB
DirectMap1G:     1048576 kB
",cpu  66729279 213926 12913350 4257481611 480664 0 473713 0 0 0,"3017586 (ros2_control_no) S 3017571 3017571 2912103 34817 3017571 4194304 13750 0 10 0 1204191 9419 0 0 20 0 39 0 216637404 2744172544 29203 18446744073709551615 106820472733696 106820472749549 140723865944256 0 0 0 4096 0 1098925310 0 0 0 17 17 0 0 0 0 0 106820472760512 106820472762592 106821535870976 140723865947817 140723865948053 140723865948053 140723865956287 0
"
2172336.833226281,1791283774.3227513,"(2.74267578125, 3.59375, 4.3076171875)","Inter-|   Receive                                                |  Transmit
 face |bytes    packets errs drop fifo frame compressed multicast|bytes    packets errs drop fifo colls carrier compressed
    lo: 16337567436 21839673    0    0    0     0          0         0 16337567436 21839673    0    0    0     0       0          0
enp3s0: 101766557178 80156666    0    0    0     0          0         0 594659452 8094803    0    0    0     0       0          0
enp6s0: 62490272  544831    0  260    0     0          0     18851        0       0    0    0    0     0       0          0
wlp4s0: 9003572647 14864601    0    0    0     0          0         0 17082673380 19581775    0    0    0     0       0          0
","MemTotal:       32698160 kB
MemFree:         3211196 kB
MemAvailable:   24129976 kB
Buffers:          429616 kB
Cached:         20101856 kB
SwapCached:        26004 kB
Active:         16666128 kB
Inactive:       10940684 kB
Active(anon):    1598632 kB
Inactive(anon):  5266484 kB
Active(file):   15067496 kB
Inactive(file):  5674200 kB
Unevictable:          24 kB
Mlocked:              16 kB
SwapTotal:       2097148 kB
SwapFree:            324 kB
Zswap:                 0 kB
Zswapped:              0 kB
Dirty:               364 kB
Writeback:             0 kB
AnonPages:       7051104 kB
Mapped:          1159644 kB
Shmem:             71636 kB
KReclaimable:     646904 kB
Slab:            1008096 kB
SReclaimable:     646904 kB
SUnreclaim:       361192 kB
KernelStack:       28064 kB
PageTables:        83372 kB
SecPageTables:         0 kB
NFS_Unstable:          0 kB
Bounce:                0 kB
WritebackTmp:          0 kB
CommitLimit:    18446228 kB
Committed_AS:   23629240 kB
VmallocTotal:   34359738367 kB
VmallocUsed:      236556 kB
VmallocChunk:          0 kB
Percpu:            20160 kB
HardwareCorrupted:     0 kB
AnonHugePages:         0 kB
ShmemHugePages:        0 kB
ShmemPmdMapped:        0 kB
FileHugePages:         0 kB
FilePmdMapped:         0 kB
Unaccepted:            0 kB
HugePages_Total:       0
HugePages_Free:        0
HugePages_Rsvd:        0
HugePages_Surp:        0
Hugepagesize:       2048 kB
Hugetlb:               0 kB
DirectMap4k:    31524404 kB
DirectMap2M:     1867776 kB
DirectMap1G:     1048576 kB
",cpu  66729340 213926 12913354 4257481951 480664 0 473714 0 0 0,"3017586 (ros2_control_no) S 3017571 3017571 2912103 34817 3017571 4194304 13750 0 10 0 1204231 9419 0 0 20 0 39 0 216637404 2744172544 29203 18446744073709551615 106820472733696 106820472749549 140723865944256 0 0 0 4096 0 1098925310 0 0 0 17 17 0 0 0 0 0 106820472760512 106820472762592 106821535870976 140723865947817 140723865948053 140723865948053 140723865956287 0
"
2172337.034970089,1791283774.5244951,"(2.74267578125, 3.59375, 4.3076171875)","Inter-|   Receive                                                |  Transmit
 face |bytes    packets errs drop fifo frame compressed multicast|bytes    packets errs drop fifo colls carrier compressed
    lo: 16337571320 21839699    0    0    0     0          0         0 16337571320 21839699    0    0    0     0       0          0
enp3s0: 101766830873 80156875    0    0    0     0          0         0 594660442 8094818    0    0    0     0       0          0
enp6s0: 62490272  544831    0  260    0     0          0     18851        0       0    0    0    0     0       0          0
wlp4s0: 9003573479 14864609    0    0    0     0          0         0 17082679182 19581794    0    0    0     0       0          0
","MemTotal:       32698160 kB
MemFree:         3211196 kB
MemAvailable:   24129976 kB
Buffers:          429616 kB
Cached:         20101856 kB
SwapCached:        26004 kB
Active:         16666128 kB
Inactive:       10940684 kB
Active(anon):    1598632 kB
Inactive(anon):  5266484 kB
Active(file):   15067496 kB
Inactive(file):  5674200 kB
Unevictable:          24 kB
Mlocked:              16 kB
SwapTotal:       2097148 kB
SwapFree:            324 kB
Zswap:                 0 kB
Zswapped:              0 kB
Dirty:               364 kB
Writeback:             0 kB
AnonPages:       7051104 kB
Mapped:          1159644 kB
Shmem:             71636 kB
KReclaimable:     646904 kB
Slab:            1008096 kB
SReclaimable:     646904 kB
SUnreclaim:       361192 kB
KernelStack:       28064 kB
PageTables:        83372 kB
SecPageTables:         0 kB
NFS_Unstable:          0 kB
Bounce:                0 kB
WritebackTmp:          0 kB
CommitLimit:    18446228 kB
Committed_AS:   23629240 kB
VmallocTotal:   34359738367 kB
VmallocUsed:      236556 kB
VmallocChunk:          0 kB
Percpu:            20160 kB
HardwareCorrupted:     0 kB
AnonHugePages:         0 kB
ShmemHugePages:        0 kB
ShmemPmdMapped:        0 kB
FileHugePages:         0 kB
FilePmdMapped:         0 kB
Unaccepted:            0 kB
HugePages_Total:       0
HugePages_Free:        0
HugePages_Rsvd:        0
HugePages_Surp:        0
Hugepagesize:       2048 kB
Hugetlb:               0 kB
DirectMap4k:    31524404 kB
DirectMap2M:     1867776 kB
DirectMap1G:     1048576 kB
",cpu  66729398 213926 12913358 4257482294 480664 0 473714 0 0 0,"3017586 (ros2_control_no) S 3017571 3017571 2912103 34817 3017571 4194304 13750 0 10 0 1204272 9420 0 0 20 0 39 0 216637404 2744172544 29203 18446744073709551615 106820472733696 106820472749549 140723865944256 0 0 0 4096 0 1098925310 0 0 0 17 17 0 0 0 0 0 106820472760512 106820472762592 106821535870976 140723865947817 140723865948053 140723865948053 140723865956287 0
"
2172337.237462023,1791283774.7269871,"(2.74267578125, 3.59375, 4.3076171875)","Inter-|   Receive                                                |  Transmit
 face |bytes    packets errs drop fifo frame compressed multicast|bytes    packets errs drop fifo colls carrier compressed
    lo: 16337575264 21839726    0    0    0     0          0         0 16337575264 21839726    0    0    0     0       0          0
enp3s0: 101767103848 80157087    0    0    0     0          0         0 594661696 8094837    0    0    0     0       0          0
enp6s0: 62490272  544831    0  260    0     0          0     18851        0       0    0    0    0     0       0          0
wlp4s0: 9003574289 14864617    0    0    0     0          0         0 17082684376 19581814    0    0    0     0       0          0
","MemTotal:       32698160 kB
MemFree:         3210692 kB
MemAvailable:   24129472 kB
Buffers:          429616 kB
Cached:         20101876 kB
SwapCached:        26004 kB
Active:         16666620 kB
Inactive:       10940684 kB
Active(anon):    1599124 kB
Inactive(anon):  5266484 kB
Active(file):   15067496 kB
Inactive(file):  5674200 kB
Unevictable:          24 kB
Mlocked:              16 kB
SwapTotal:       2097148 kB
SwapFree:            324 kB
Zswap:                 0 kB
Zswapped:              0 kB
Dirty:               396 kB
Writeback:             0 kB
AnonPages:       7051612 kB
Mapped:          1159644 kB
Shmem:             71636 kB
KReclaimable:     646904 kB
Slab:            1008212 kB
SReclaimable:     646904 kB
SUnreclaim:       361308 kB
KernelStack:       28064 kB
PageTables:        83372 kB
SecPageTables:         0 kB
NFS_Unstable:          0 kB
Bounce:                0 kB
WritebackTmp:          0 kB
CommitLimit:    18446228 kB
Committed_AS:   23629240 kB
VmallocTotal:   34359738367 kB
VmallocUsed:      236556 kB
VmallocChunk:          0 kB
Percpu:            20160 kB
HardwareCorrupted:     0 kB
AnonHugePages:         0 kB
ShmemHugePages:        0 kB
ShmemPmdMapped:        0 kB
FileHugePages:         0 kB
FilePmdMapped:         0 kB
Unaccepted:            0 kB
HugePages_Total:       0
HugePages_Free:        0
HugePages_Rsvd:        0
HugePages_Surp:        0
Hugepagesize:       2048 kB
Hugetlb:               0 kB
DirectMap4k:    31524404 kB
DirectMap2M:     1867776 kB
DirectMap1G:     1048576 kB
",cpu  66729454 213926 12913361 4257482643 480664 0 473714 0 0 0,"3017586 (ros2_control_no) S 3017571 3017571 2912103 34817 3017571 4194304 13750 0 10 0 1204313 9420 0 0 20 0 39 0 216637404 2744172544 29203 18446744073709551615 106820472733696 106820472749549 140723865944256 0 0 0 4096 0 1098925310 0 0 0 17 17 0 0 0 0 0 106820472760512 106820472762592 106821535870976 140723865947817 140723865948053 140723865948053 140723865956287 0
"
2172337.439137801,1791283774.9286628,"(2.74267578125, 3.59375, 4.3076171875)","Inter-|   Receive                                                |  Transmit
 face |bytes    packets errs drop fifo frame compressed multicast|bytes    packets errs drop fifo colls carrier compressed
    lo: 16337581738 21839773    0    0    0     0          0         0 16337581738 21839773    0    0    0     0       0          0
enp3s0: 101767374047 80157297    0    0    0     0          0         0 594662950 8094856    0    0    0     0       0          0
enp6s0: 62490272  544831    0  260    0     0          0     18851        0       0    0    0    0     0       0          0
wlp4s0: 9003575975 14864634    0    0    0     0          0         0 17082691742 19581842    0    0    0     0       0          0
","MemTotal:       32698160 kB
MemFree:         3210692 kB
MemAvailable:   24129472 kB
Buffers:          429616 kB
Cached:         20101876 kB
SwapCached:        26004 kB
Active:         16666740 kB
Inactive:       10940684 kB
Active(anon):    1599244 kB
Inactive(anon):  5266484 kB
Active(file):   15067496 kB
Inactive(file):  5674200 kB
Unevictable:          24 kB
Mlocked:              16 kB
SwapTotal:       2097148 kB
SwapFree:            324 kB
Zswap:                 0 kB
Zswapped:              0 kB
Dirty:               396 kB
Writeback:             0 kB
AnonPages:       7051744 kB
Mapped:          1159644 kB
Shmem:             71636 kB
KReclaimable:     646904 kB
Slab:            1008212 kB
SReclaimable:     646904 kB
SUnreclaim:       361308 kB
KernelStack:       28064 kB
PageTables:        83372 kB
SecPageTables:         0 kB
NFS_Unstable:          0 kB
Bounce:                0 kB
WritebackTmp:          0 kB
CommitLimit:    18446228 kB
Committed_AS:   23629240 kB
VmallocTotal:   34359738367 kB
VmallocUsed:      236556 kB
VmallocChunk:          0 kB
Percpu:            20160 kB
HardwareCorrupted:     0 kB
AnonHugePages:         0 kB
ShmemHugePages:        0 kB
ShmemPmdMapped:        0 kB
FileHugePages:         0 kB
FilePmdMapped:         0 kB
Unaccepted:            0 kB
HugePages_Total:       0
HugePages_Free:        0
HugePages_Rsvd:        0
HugePages_Surp:        0
Hugepagesize:       2048 kB
Hugetlb:               0 kB
DirectMap4k:    31524404 kB
DirectMap2M:     1867776 kB
DirectMap1G:     1048576 kB
",cpu  66729519 213926 12913366 4257482980 480664 0 473714 0 0 0,"3017586 (ros2_control_no) S 3017571 3017571 2912103 34817 3017571 4194304 13750 0 10 0 1204353 9420 0 0 20 0 39 0 216637404 2744172544 29203 18446744073709551615 106820472733696 106820472749549 140723865944256 0 0 0 4096 0 1098925310 0 0 0 17 17 0 0 0 0 0 106820472760512 106820472762592 106821535870976 140723865947817 140723865948053 140723865948053 140723865956287 0
"
2172337.640444595,1791283775.1299696,"(2.74267578125, 3.59375, 4.3076171875)","Inter-|   Receive                                                |  Transmit
 face |bytes    packets errs drop fifo frame compressed multicast|bytes    packets errs drop fifo colls carrier compressed
    lo: 16337589152 21839817    0    0    0     0          0         0 16337589152 21839817    0    0    0     0       0          0
enp3s0: 101767645968 80157510    0    0    0     0          0         0 594664378 8094878    0    0    0     0       0          0
enp6s0: 62490680  544833    0  260    0     0          0     18851        0       0    0    0    0     0       0          0
wlp4s0: 9003577928 14864650    0    0    0     0          0         0 17082697887 19581867    0    0    0     0       0          0
","MemTotal:       32698160 kB
MemFree:         3211056 kB
MemAvailable:   24129836 kB
Buffers:          429616 kB
Cached:         20101876 kB
SwapCached:        26004 kB
Active:         16666920 kB
Inactive:       10940684 kB
Active(anon):    1599424 kB
Inactive(anon):  5266484 kB
Active(file):   15067496 kB
Inactive(file):  5674200 kB
Unevictable:          24 kB
Mlocked:              16 kB
SwapTotal:       2097148 kB
SwapFree:            324 kB
Zswap:                 0 kB
Zswapped:              0 kB
Dirty:               396 kB
Writeback:             0 kB
AnonPages:       7051904 kB
Mapped:          1159644 kB
Shmem:             71636 kB
KReclaimable:     646904 kB
Slab:            1008212 kB
SReclaimable:     646904 kB
SUnreclaim:       361308 kB
KernelStack:       28064 kB
PageTables:        83372 kB
SecPageTables:         0 kB
NFS_Unstable:          0 kB
Bounce:                0 kB
WritebackTmp:          0 kB
CommitLimit:    18446228 kB
Committed_AS:   23629240 kB
VmallocTotal:   34359738367 kB
VmallocUsed:      236556 kB
VmallocChunk:          0 kB
Percpu:            20160 kB
HardwareCorrupted:     0 kB
AnonHugePages:         0 kB
ShmemHugePages:        0 kB
ShmemPmdMapped:        0 kB
FileHugePages:         0 kB
FilePmdMapped:         0 kB
Unaccepted:            0 kB
HugePages_Total:       0
HugePages_Free:        0
HugePages_Rsvd:        0
HugePages_Surp:        0
Hugepagesize:       2048 kB
Hugetlb:               0 kB
DirectMap4k:    31524404 kB
DirectMap2M:     1867776 kB
DirectMap1G:     1048576 kB
",cpu  66729575 213926 12913372 4257483322 480664 0 473715 0 0 0,"3017586 (ros2_control_no) S 3017571 3017571 2912103 34817 3017571 4194304 13750 0 10 0 1204394 9421 0 0 20 0 39 0 216637404 2744172544 29203 18446744073709551615 106820472733696 106820472749549 140723865944256 0 0 0 4096 0 1098925310 0 0 0 17 17 0 0 0 0 0 106820472760512 106820472762592 106821535870976 140723865947817 140723865948053 140723865948053 140723865956287 0
"
2172337.842109778,1791283775.3316348,"(2.74267578125, 3.59375, 4.3076171875)","Inter-|   Receive                                                |  Transmit
 face |bytes    packets errs drop fifo frame compressed multicast|bytes    packets errs drop fifo colls carrier compressed
    lo: 16337594111 21839851    0    0    0     0          0         0 16337594111 21839851    0    0    0     0       0          0
enp3s0: 101767917722 80157722    0    0    0     0          0         0 594665749 8094899    0    0    0     0       0          0
enp6s0: 62490680  544833    0  260    0     0          0     18851        0       0    0    0    0     0       0          0
wlp4s0: 9003578973 14864661    0    0    0     0          0         0 17082704743 19581889    0    0    0     0       0          0
","MemTotal:       32698160 kB
MemFree:         3211056 kB
MemAvailable:   24129836 kB
Buffers:          429616 kB
Cached:         20101880 kB
SwapCached:        26004 kB
Active:         16666920 kB
Inactive:       10940684 kB
Active(anon):    1599424 kB
Inactive(anon):  5266484 kB
Active(file):   15067496 kB
Inactive(file):  5674200 kB
Unevictable:          24 kB
Mlocked:              16 kB
SwapTotal:       2097148 kB
SwapFree:            324 kB
Zswap:                 0 kB
Zswapped:              0 kB
Dirty:               400 kB
Writeback:             0 kB
AnonPages:       7051904 kB
Mapped:          1159644 kB
Shmem:             71636 kB
KReclaimable:     646904 kB
Slab:            1008212 kB
SReclaimable:     646904 kB
SUnreclaim:       361308 kB
KernelStack:       28064 kB
PageTables:        83372 kB
SecPageTables:         0 kB
NFS_Unstable:          0 kB
Bounce:                0 kB
WritebackTmp:          0 kB
CommitLimit:    18446228 kB
Committed_AS:   23630264 kB
VmallocTotal:   34359738367 kB
VmallocUsed:      236556 kB
VmallocChunk:          0 kB
Percpu:            20160 kB
HardwareCorrupted:     0 kB
AnonHugePages:         0 kB
ShmemHugePages:        0 kB
ShmemPmdMapped:        0 kB
FileHugePages:         0 kB
FilePmdMapped:         0 kB
Unaccepted:            0 kB
HugePages_Total:       0
HugePages_Free:        0
HugePages_Rsvd:        0
HugePages_Surp:        0
Hugepagesize:       2048 kB
Hugetlb:               0 kB
DirectMap4k:    31524404 kB
DirectMap2M:     1867776 kB
DirectMap1G:     1048576 kB
",cpu  66729637 213926 12913377 4257483661 480664 0 473715 0 0 0,"3017586 (ros2_control_no) S 3017571 3017571 2912103 34817 3017571 4194304 13750 0 10 0 1204435 9421 0 0 20 0 39 0 216637404 2744172544 29203 18446744073709551615 106820472733696 106820472749549 140723865944256 0 0 0 4096 0 1098925310 0 0 0 17 16 0 0 0 0 0 106820472760512 106820472762592 106821535870976 140723865947817 140723865948053 140723865948053 140723865956287 0
"
2172338.04344324,1791283775.5329683,"(2.74267578125, 3.59375, 4.3076171875)","Inter-|   Receive                                                |  Transmit
 face |bytes    packets errs drop fifo frame compressed multicast|bytes    packets errs drop fifo colls carrier compressed
    lo: 16337600249 21839897    0    0    0     0          0         0 16337600249 21839897    0    0    0     0       0          0
enp3s0: 101768189309 80157933    0    0    0     0          0         0 594667003 8094918    0    0    0     0       0          0
enp6s0: 62490680  544833    0  260    0     0          0     18851        0       0    0    0    0     0       0          0
wlp4s0: 9003581333 14864683    0    0    0     0          0         0 17082711678 19581918    0    0    0     0       0          0
","MemTotal:       32698160 kB
MemFree:         3211056 kB
MemAvailable:   24129836 kB
Buffers:          429616 kB
Cached:         20101880 kB
SwapCached:        26004 kB
Active:         16666980 kB
Inactive:       10940684 kB
Active(anon):    1599484 kB
Inactive(anon):  5266484 kB
Active(file):   15067496 kB
Inactive(file):  5674200 kB
Unevictable:          24 kB
Mlocked:              16 kB
SwapTotal:       2097148 kB
SwapFree:            324 kB
Zswap:                 0 kB
Zswapped:              0 kB
Dirty:               400 kB
Writeback:             0 kB
AnonPages:       7051960 kB
Mapped:          1159644 kB
Shmem:             71636 kB
KReclaimable:     646904 kB
Slab:            1008212 kB
SReclaimable:     646904 kB
SUnreclaim:       361308 kB
KernelStack:       28064 kB
PageTables:        83372 kB
SecPageTables:         0 kB
NFS_Unstable:          0 kB
Bounce:                0 kB
WritebackTmp:          0 kB
CommitLimit:    18446228 kB
Committed_AS:   23630264 kB
VmallocTotal:   34359738367 kB
VmallocUsed:      236556 kB
VmallocChunk:          0 kB
Percpu:            20160 kB
HardwareCorrupted:     0 kB
AnonHugePages:         0 kB
ShmemHugePages:        0 kB
ShmemPmdMapped:        0 kB
FileHugePages:         0 kB
FilePmdMapped:         0 kB
Unaccepted:            0 kB
HugePages_Total:       0
HugePages_Free:        0
HugePages_Rsvd:        0
HugePages_Surp:        0
Hugepagesize:       2048 kB
Hugetlb:               0 kB
DirectMap4k:    31524404 kB
DirectMap2M:     1867776 kB
DirectMap1G:     1048576 kB
",cpu  66729699 213926 12913381 4257483997 480664 0 473715 0 0 0,"3017586 (ros2_control_no) S 3017571 3017571 2912103 34817 3017571 4194304 13750 0 10 0 1204475 9421 0 0 20 0 39 0 216637404 2744172544 29203 18446744073709551615 106820472733696 106820472749549 140723865944256 0 0 0 4096 0 1098925310 0 0 0 17 16 0 0 0 0 0 106820472760512 106820472762592 106821535870976 140723865947817 140723865948053 140723865948053 140723865956287 0
"
2172338.244760246,1791283775.7342854,"(2.74267578125, 3.59375, 4.3076171875)","Inter-|   Receive                                                |  Transmit
 face |bytes    packets errs drop fifo frame compressed multicast|bytes    packets errs drop fifo colls carrier compressed
    lo: 16337605005 21839929    0    0    0     0          0         0 16337605005 21839929    0    0    0     0       0          0
enp3s0: 101768462284 80158145    0    0    0     0          0         0 594668257 8094937    0    0    0     0       0          0
enp6s0: 62490680  544833    0  260    0     0          0     18851        0       0    0    0    0     0       0          0
wlp4s0: 9003583230 14864703    0    0    0     0          0         0 17082719064 19581948    0    0    0     0       0          0
","MemTotal:       32698160 kB
MemFree:         3210488 kB
MemAvailable:   24129276 kB
Buffers:          429616 kB
Cached:         20101904 kB
SwapCached:        26004 kB
Active:         16667248 kB
Inactive:       10940692 kB
Active(anon):    1599752 kB
Inactive(anon):  5266484 kB
Active(file):   15067496 kB
Inactive(file):  5674208 kB
Unevictable:          24 kB
Mlocked:              16 kB
SwapTotal:       2097148 kB
SwapFree:            324 kB
Zswap:                 0 kB
Zswapped:              0 kB
Dirty:               424 kB
Writeback:             0 kB
AnonPages:       7052316 kB
Mapped:          1159644 kB
Shmem:             71636 kB
KReclaimable:     646904 kB
Slab:            1008140 kB
SReclaimable:     646904 kB
SUnreclaim:       361236 kB
KernelStack:       28064 kB
PageTables:        83376 kB
SecPageTables:         0 kB
NFS_Unstable:          0 kB
Bounce:                0 kB
WritebackTmp:          0 kB
CommitLimit:    18446228 kB
Committed_AS:   23630264 kB
VmallocTotal:   34359738367 kB
VmallocUsed:      236556 kB
VmallocChunk:          0 kB
Percpu:            20160 kB
HardwareCorrupted:     0 kB
AnonHugePages:         0 kB
ShmemHugePages:        0 kB
ShmemPmdMapped:        0 kB
FileHugePages:         0 kB
FilePmdMapped:         0 kB
Unaccepted:            0 kB
HugePages_Total:       0
HugePages_Free:        0
HugePages_Rsvd:        0
HugePages_Surp:        0
Hugepagesize:       2048 kB
Hugetlb:               0 kB
DirectMap4k:    31524404 kB
DirectMap2M:     1867776 kB
DirectMap1G:     1048576 kB
",cpu  66729758 213926 12913387 4257484337 480664 0 473715 0 0 0,"3017586 (ros2_control_no) S 3017571 3017571 2912103 34817 3017571 4194304 13750 0 10 0 1204516 9421 0 0 20 0 39 0 216637404 2744172544 29203 18446744073709551615 106820472733696 106820472749549 140723865944256 0 0 0 4096 0 1098925310 0 0 0 17 16 0 0 0 0 0 106820472760512 106820472762592 106821535870976 140723865947817 140723865948053 140723865948053 140723865956287 0
"
2172338.446115316,1791283775.9356403,"(2.74267578125, 3.59375, 4.3076171875)","Inter-|   Receive                                                |  Transmit
 face |bytes    packets errs drop fifo frame compressed multicast|bytes    packets errs drop fifo colls carrier compressed
    lo: 16337610009 21839962    0    0    0     0          0         0 16337610009 21839962    0    0    0     0       0          0
enp3s0: 101768735092 80158356    0    0    0     0          0         0 594669445 8094955    0    0    0     0       0          0
enp6s0: 62490680  544833    0  260    0     0          0     18851        0       0    0    0    0     0       0          0
wlp4s0: 9003588337 14864738    0    0    0     0          0         0 17082726581 19581982    0    0    0     0       0          0
","MemTotal:       32698160 kB
MemFree:         3210488 kB
MemAvailable:   24129276 kB
Buffers:          429616 kB
Cached:         20101912 kB
SwapCached:        26004 kB
Active:         16667368 kB
Inactive:       10940692 kB
Active(anon):    1599872 kB
Inactive(anon):  5266484 kB
Active(file):   15067496 kB
Inactive(file):  5674208 kB
Unevictable:          24 kB
Mlocked:              16 kB
SwapTotal:       2097148 kB
SwapFree:            324 kB
Zswap:                 0 kB
Zswapped:              0 kB
Dirty:               432 kB
Writeback:             0 kB
AnonPages:       7052440 kB
Mapped:          1159644 kB
Shmem:             71636 kB
KReclaimable:     646904 kB
Slab:            1008140 kB
SReclaimable:     646904 kB
SUnreclaim:       361236 kB
KernelStack:       28064 kB
PageTables:        83376 kB
SecPageTables:         0 kB
NFS_Unstable:          0 kB
Bounce:                0 kB
WritebackTmp:          0 kB
CommitLimit:    18446228 kB
Committed_AS:   23630264 kB
VmallocTotal:   34359738367 kB
VmallocUsed:      236556 kB
VmallocChunk:          0 kB
Percpu:            20160 kB
HardwareCorrupted:     0 kB
AnonHugePages:         0 kB
ShmemHugePages:        0 kB
ShmemPmdMapped:        0 kB
FileHugePages:         0 kB
FilePmdMapped:         0 kB
Unaccepted:            0 kB
HugePages_Total:       0
HugePages_Free:        0
HugePages_Rsvd:        0
HugePages_Surp:        0
Hugepagesize:       2048 kB
Hugetlb:               0 kB
DirectMap4k:    31524404 kB
DirectMap2M:     1867776 kB
DirectMap1G:     1048576 kB
",cpu  66729814 213926 12913391 4257484679 480664 0 473715 0 0 0,"3017586 (ros2_control_no) S 3017571 3017571 2912103 34817 3017571 4194304 13750 0 10 0 1204557 9422 0 0 20 0 39 0 216637404 2744172544 29203 18446744073709551615 106820472733696 106820472749549 140723865944256 0 0 0 4096 0 1098925310 0 0 0 17 16 0 0 0 0 0 106820472760512 106820472762592 106821535870976 140723865947817 140723865948053 140723865948053 140723865956287 0
"
2172338.647930168,1791283776.1374555,"(2.74267578125, 3.59375, 4.3076171875)","Inter-|   Receive                                                |  Transmit
 face |bytes    packets errs drop fifo frame compressed multicast|bytes    packets errs drop fifo colls carrier compressed
    lo: 16337624827 21840028    0    0    0     0          0         0 16337624827 21840028    0    0    0     0       0          0
enp3s0: 101769010676 80158569    0    0    0     0          0         0 594670675 8094974    0    0    0     0       0          0
enp6s0: 62490680  544833    0  260    0     0          0     18851        0       0    0    0    0     0       0          0
wlp4s0: 9003592152 14864772    0    0    0     0          0         0 17082739612 19582025    0    0    0     0       0          0
","MemTotal:       32698160 kB
MemFree:         3210488 kB
MemAvailable:   24129276 kB
Buffers:          429616 kB
Cached:         20101916 kB
SwapCached:        26004 kB
Active:         16667488 kB
Inactive:       10940692 kB
Active(anon):    1599992 kB
Inactive(anon):  5266484 kB
Active(file):   15067496 kB
Inactive(file):  5674208 kB
Unevictable:          24 kB
Mlocked:              16 kB
SwapTotal:       2097148 kB
SwapFree:            324 kB
Zswap:                 0 kB
Zswapped:              0 kB
Dirty:               436 kB
Writeback:             0 kB
AnonPages:       7052552 kB
Mapped:          1159644 kB
Shmem:             71636 kB
KReclaimable:     646904 kB
Slab:            1008156 kB
SReclaimable:     646904 kB
SUnreclaim:       361252 kB
KernelStack:       28064 kB
PageTables:        83376 kB
SecPageTables:         0 kB
NFS_Unstable:          0 kB
Bounce:                0 kB
WritebackTmp:          0 kB
CommitLimit:    18446228 kB
Committed_AS:   23630264 kB
VmallocTotal:   34359738367 kB
VmallocUsed:      236556 kB
VmallocChunk:          0 kB
Percpu:            20160 kB
HardwareCorrupted:     0 kB
AnonHugePages:         0 kB
ShmemHugePages:        0 kB
ShmemPmdMapped:        0 kB
FileHugePages:         0 kB
FilePmdMapped:         0 kB
Unaccepted:            0 kB
HugePages_Total:       0
HugePages_Free:        0
HugePages_Rsvd:        0
HugePages_Surp:        0
Hugepagesize:       2048 kB
Hugetlb:               0 kB
DirectMap4k:    31524404 kB
DirectMap2M:     1867776 kB
DirectMap1G:     1048576 kB
",cpu  66729888 213926 12913398 4257485005 480664 0 473715 0 0 0,"3017586 (ros2_control_no) S 3017571 3017571 2912103 34817 3017571 4194304 13750 0 10 0 1204598 9422 0 0 20 0 39 0 216637404 2744172544 29203 18446744073709551615 106820472733696 106820472749549 140723865944256 0 0 0 4096 0 1098925310 0 0 0 17 16 0 0 0 0 0 106820472760512 106820472762592 106821535870976 140723865947817 140723865948053 140723865948053 140723865956287 0
"
2172338.8495735,1791283776.3390987,"(2.74267578125, 3.59375, 4.3076171875)","Inter-|   Receive                                                |  Transmit
 face |bytes    packets errs drop fifo frame compressed multicast|bytes    packets errs drop fifo colls carrier compressed
    lo: 16337645411 21840097    0    0    0     0          0         0 16337645411 21840097    0    0    0     0       0          0
enp3s0: 101769285206 80158783    0    0    0     0          0         0 594672802 8094997    0    0    0     0       0          0
enp6s0: 62490680  544833    0  260    0     0          0     18851        0       0    0    0    0     0       0          0
wlp4s0: 9003595047 14864794    0    0    0     0          0         0 17082760805 19582072    0    0    0     0       0          0
","MemTotal:       32698160 kB
MemFree:         3210488 kB
MemAvailable:   24129276 kB
Buffers:          429616 kB
Cached:         20101924 kB
SwapCached:        26004 kB
Active:         16667604 kB
Inactive:       10940692 kB
Active(anon):    1600108 kB
Inactive(anon):  5266484 kB
Active(file):   15067496 kB
Inactive(file):  5674208 kB
Unevictable:          24 kB
Mlocked:              16 kB
SwapTotal:       2097148 kB
SwapFree:            324 kB
Zswap:                 0 kB
Zswapped:              0 kB
Dirty:               444 kB
Writeback:             0 kB
AnonPages:       7052716 kB
Mapped:          1159644 kB
Shmem:             71636 kB
KReclaimable:     646904 kB
Slab:            1008156 kB
SReclaimable:     646904 kB
SUnreclaim:       361252 kB
KernelStack:       28064 kB
PageTables:        83376 kB
SecPageTables:         0 kB
NFS_Unstable:          0 kB
Bounce:                0 kB
WritebackTmp:          0 kB
CommitLimit:    18446228 kB
Committed_AS:   23630264 kB
VmallocTotal:   34359738367 kB
VmallocUsed:      236556 kB
VmallocChunk:          0 kB
Percpu:            20160 kB
HardwareCorrupted:     0 kB
AnonHugePages:         0 kB
ShmemHugePages:        0 kB
ShmemPmdMapped:        0 kB
FileHugePages:         0 kB
FilePmdMapped:         0 kB
Unaccepted:            0 kB
HugePages_Total:       0
HugePages_Free:        0
HugePages_Rsvd:        0
HugePages_Surp:        0
Hugepagesize:       2048 kB
Hugetlb:               0 kB
DirectMap4k:    31524404 kB
DirectMap2M:     1867776 kB
DirectMap1G:     1048576 kB
",cpu  66729962 213926 12913403 4257485330 480664 0 473715 0 0 0,"3017586 (ros2_control_no) S 3017571 3017571 2912103 34817 3017571 4194304 13750 0 10 0 1204639 9422 0 0 20 0 39 0 216637404 2744172544 29203 18446744073709551615 106820472733696 106820472749549 140723865944256 0 0 0 4096 0 1098925310 0 0 0 17 16 0 0 0 0 0 106820472760512 106820472762592 106821535870976 140723865947817 140723865948053 140723865948053 140723865956287 0
"
2172339.051478602,1791283776.5410037,"(2.74267578125, 3.59375, 4.3076171875)","Inter-|   Receive                                                |  Transmit
 face |bytes    packets errs drop fifo frame compressed multicast|bytes    packets errs drop fifo colls carrier compressed
    lo: 16337664339 21840151    0    0    0     0          0         0 16337664339 21840151    0    0    0     0       0          0
enp3s0: 101769559736 80158997    0    0    0     0          0         0 594674122 8095017    0    0    0     0       0          0
enp6s0: 62490680  544833    0  260    0     0          0     18851        0       0    0    0    0     0       0          0
wlp4s0: 9003603560 14864841    0    0    0     0          0         0 17082796358 19582129    0    0    0     0       0          0
","MemTotal:       32698160 kB
MemFree:         3210488 kB
MemAvailable:   24129276 kB
Buffers:          429616 kB
Cached:         20101928 kB
SwapCached:        26004 kB
Active:         16667724 kB
Inactive:       10940692 kB
Active(anon):    1600228 kB
Inactive(anon):  5266484 kB
Active(file):   15067496 kB
Inactive(file):  5674208 kB
Unevictable:          24 kB
Mlocked:              16 kB
SwapTotal:       2097148 kB
SwapFree:            324 kB
Zswap:                 0 kB
Zswapped:              0 kB
Dirty:               448 kB
Writeback:             0 kB
AnonPages:       7052868 kB
Mapped:          1159644 kB
Shmem:             71636 kB
KReclaimable:     646904 kB
Slab:            1008156 kB
SReclaimable:     646904 kB
SUnreclaim:       361252 kB
KernelStack:       28080 kB
PageTables:        83380 kB
SecPageTables:         0 kB
NFS_Unstable:          0 kB
Bounce:                0 kB
WritebackTmp:          0 kB
CommitLimit:    18446228 kB
Committed_AS:   23646664 kB
VmallocTotal:   34359738367 kB
VmallocUsed:      236556 kB
VmallocChunk:          0 kB
Percpu:            20160 kB
HardwareCorrupted:     0 kB
AnonHugePages:         0 kB
ShmemHugePages:        0 kB
ShmemPmdMapped:        0 kB
FileHugePages:         0 kB
FilePmdMapped:         0 kB
Unaccepted:            0 kB
HugePages_Total:       0
HugePages_Free:        0
HugePages_Rsvd:        0
HugePages_Surp:        0
Hugepagesize:       2048 kB
Hugetlb:               0 kB
DirectMap4k:    31524404 kB
DirectMap2M:     1867776 kB
DirectMap1G:     1048576 kB
",cpu  66730029 213926 12913408 4257485660 480664 0 473716 0 0 0,"3017586 (ros2_control_no) S 3017571 3017571 2912103 34817 3017571 4194304 13750 0 10 0 1204680 9422 0 0 20 0 39 0 216637404 2744172544 29203 18446744073709551615 106820472733696 106820472749549 140723865944256 0 0 0 4096 0 1098925310 0 0 0 17 16 0 0 0 0 0 106820472760512 106820472762592 106821535870976 140723865947817 140723865948053 140723865948053 140723865956287 0
"
2172339.252815706,1791283776.7423408,"(2.74267578125, 3.59375, 4.3076171875)","Inter-|   Receive                                                |  Transmit
 face |bytes    packets errs drop fifo frame compressed multicast|bytes    packets errs drop fifo colls carrier compressed
    lo: 16337683403 21840220    0    0    0     0          0         0 16337683403 21840220    0    0    0     0       0          0
enp3s0: 101769834433 80159212    0    0    0     0          0         0 594676264 8095040    0    0    0     0       0          0
enp6s0: 62490680  544833    0  260    0     0          0     18851        0       0    0    0    0     0       0          0
wlp4s0: 9003607604 14864875    0    0    0     0          0         0 17082817204 19582185    0    0    0     0       0          0
","MemTotal:       32698160 kB
MemFree:         3210740 kB
MemAvailable:   24129532 kB
Buffers:          429616 kB
Cached:         20101932 kB
SwapCached:        26004 kB
Active:         16667336 kB
Inactive:       10940676 kB
Active(anon):    1599840 kB
Inactive(anon):  5266464 kB
Active(file):   15067496 kB
Inactive(file):  5674212 kB
Unevictable:          24 kB
Mlocked:              16 kB
SwapTotal:       2097148 kB
SwapFree:            324 kB
Zswap:                 0 kB
Zswapped:              0 kB
Dirty:               452 kB
Writeback:             0 kB
AnonPages:       7052476 kB
Mapped:          1159644 kB
Shmem:             71636 kB
KReclaimable:     646904 kB
Slab:            1008172 kB
SReclaimable:     646904 kB
SUnreclaim:       361268 kB
KernelStack:       28080 kB
PageTables:        83380 kB
SecPageTables:         0 kB
NFS_Unstable:          0 kB
Bounce:                0 kB
WritebackTmp:          0 kB
CommitLimit:    18446228 kB
Committed_AS:   23646664 kB
VmallocTotal:   34359738367 kB
VmallocUsed:      236556 kB
VmallocChunk:          0 kB
Percpu:            20160 kB
HardwareCorrupted:     0 kB
AnonHugePages:         0 kB
ShmemHugePages:        0 kB
ShmemPmdMapped:        0 kB
FileHugePages:         0 kB
FilePmdMapped:         0 kB
Unaccepted:            0 kB
HugePages_Total:       0
HugePages_Free:        0
HugePages_Rsvd:        0
HugePages_Surp:        0
Hugepagesize:       2048 kB
Hugetlb:               0 kB
DirectMap4k:    31524404 kB
DirectMap2M:     1867776 kB
DirectMap1G:     1048576 kB
",cpu  66730103 213926 12913413 4257485987 480664 0 473716 0 0 0,"3017586 (ros2_control_no) S 3017571 3017571 2912103 34817 3017571 4194304 13750 0 10 0 1204721 9423 0 0 20 0 39 0 216637404 2744172544 29203 18446744073709551615 106820472733696 106820472749549 140723865944256 0 0 0 4096 0 1098925310 0 0 0 17 16 0 0 0 0 0 106820472760512 106820472762592 106821535870976 140723865947817 140723865948053 140723865948053 140723865956287 0
"
2172339.454242852,1791283776.9437678,"(2.74267578125, 3.59375, 4.3076171875)","Inter-|   Receive                                                |  Transmit
 face |bytes    packets errs drop fifo frame compressed multicast|bytes    packets errs drop fifo colls carrier compressed
    lo: 16337688300 21840256    0    0    0     0          0         0 16337688300 21840256    0    0    0     0       0          0
enp3s0: 101770108295 80159422    0    0    0     0          0         0 594677320 8095056    0    0    0     0       0          0
enp6s0: 62490680  544833    0  260    0     0          0     18851        0       0    0    0    0     0       0          0
wlp4s0: 9003610030 14864898    0    0    0     0          0         0 17082824582 19582217    0    0    0     0       0          0
","MemTotal:       32698160 kB
MemFree:         3210740 kB
MemAvailable:   24129532 kB
Buffers:          429616 kB
Cached:         20101932 kB
SwapCached:        26004 kB
Active:         16667456 kB
Inactive:       10940676 kB
Active(anon):    1599960 kB
Inactive(anon):  5266464 kB
Active(file):   15067496 kB
Inactive(file):  5674212 kB
Unevictable:          24 kB
Mlocked:              16 kB
SwapTotal:       2097148 kB
SwapFree:            324 kB
Zswap:                 0 kB
Zswapped:              0 kB
Dirty:               452 kB
Writeback:             0 kB
AnonPages:       7052608 kB
Mapped:          1159644 kB
Shmem:             71636 kB
KReclaimable:     646904 kB
Slab:            1008172 kB
SReclaimable:     646904 kB
SUnreclaim:       361268 kB
KernelStack:       28080 kB
PageTables:        83380 kB
SecPageTables:         0 kB
NFS_Unstable:          0 kB
Bounce:                0 kB
WritebackTmp:          0 kB
CommitLimit:    18446228 kB
Committed_AS:   23647688 kB
VmallocTotal:   34359738367 kB
VmallocUsed:      236556 kB
VmallocChunk:          0 kB
Percpu:            20160 kB
HardwareCorrupted:     0 kB
AnonHugePages:         0 kB
ShmemHugePages:        0 kB
ShmemPmdMapped:        0 kB
FileHugePages:         0 kB
FilePmdMapped:         0 kB
Unaccepted:            0 kB
HugePages_Total:       0
HugePages_Free:        0
HugePages_Rsvd:        0
HugePages_Surp:        0
Hugepagesize:       2048 kB
Hugetlb:               0 kB
DirectMap4k:    31524404 kB
DirectMap2M:     1867776 kB
DirectMap1G:     1048576 kB
",cpu  66730169 213926 12913417 4257486324 480664 0 473717 0 0 0,"3017586 (ros2_control_no) S 3017571 3017571 2912103 34817 3017571 4194304 13750 0 10 0 1204761 9423 0 0 20 0 39 0 216637404 2744172544 29203 18446744073709551615 106820472733696 106820472749549 140723865944256 0 0 0 4096 0 1098925310 0 0 0 17 16 0 0 0 0 0 106820472760512 106820472762592 106821535870976 140723865947817 140723865948053 140723865948053 140723865956287 0
"
2172339.655505531,1791283777.1450307,"(2.74267578125, 3.59375, 4.3076171875)","Inter-|   Receive                                                |  Transmit
 face |bytes    packets errs drop fifo frame compressed multicast|bytes    packets errs drop fifo colls carrier compressed
    lo: 16337703812 21840364    0    0    0     0          0         0 16337703812 21840364    0    0    0     0       0          0
enp3s0: 101770382992 80159637    0    0    0     0          0         0 594679084 8095078    0    0    0     0       0          0
enp6s0: 62490680  544833    0  260    0     0          0     18851        0       0    0    0    0     0       0          0
wlp4s0: 9003613003 14864921    0    0    0     0          0         0 17082833158 19582252    0    0    0     0       0          0
","MemTotal:       32698160 kB
MemFree:         3210488 kB
MemAvailable:   24129280 kB
Buffers:          429616 kB
Cached:         20101932 kB
SwapCached:        26004 kB
Active:         16667636 kB
Inactive:       10940676 kB
Active(anon):    1600140 kB
Inactive(anon):  5266464 kB
Active(file):   15067496 kB
Inactive(file):  5674212 kB
Unevictable:          24 kB
Mlocked:              16 kB
SwapTotal:       2097148 kB
SwapFree:            324 kB
Zswap:                 0 kB
Zswapped:              0 kB
Dirty:               452 kB
Writeback:             0 kB
AnonPages:       7052728 kB
Mapped:          1159644 kB
Shmem:             71636 kB
KReclaimable:     646904 kB
Slab:            1008188 kB
SReclaimable:     646904 kB
SUnreclaim:       361284 kB
KernelStack:       28080 kB
PageTables:        83380 kB
SecPageTables:         0 kB
NFS_Unstable:          0 kB
Bounce:                0 kB
WritebackTmp:          0 kB
CommitLimit:    18446228 kB
Committed_AS:   23647688 kB
VmallocTotal:   34359738367 kB
VmallocUsed:      236556 kB
VmallocChunk:          0 kB
Percpu:            20160 kB
HardwareCorrupted:     0 kB
AnonHugePages:         0 kB
ShmemHugePages:        0 kB
ShmemPmdMapped:        0 kB
FileHugePages:         0 kB
FilePmdMapped:         0 kB
Unaccepted:            0 kB
HugePages_Total:       0
HugePages_Free:        0
HugePages_Rsvd:        0
HugePages_Surp:        0
Hugepagesize:       2048 kB
Hugetlb:               0 kB
DirectMap4k:    31524404 kB
DirectMap2M:     1867776 kB
DirectMap1G:     1048576 kB
",cpu  66730229 213926 12913420 4257486668 480664 0 473717 0 0 0,"3017586 (ros2_control_no) S 3017571 3017571 2912103 34817 3017571 4194304 13750 0 10 0 1204802 9423 0 0 20 0 39 0 216637404 2744172544 29203 18446744073709551615 106820472733696 106820472749549 140723865944256 0 0 0 4096 0 1098925310 0 0 0 17 16 0 0 0 0 0 106820472760512 106820472762592 106821535870976 140723865947817 140723865948053 140723865948053 140723865956287 0
"
2172339.856808551,1791283777.3463337,"(2.74267578125, 3.59375, 4.3076171875)","Inter-|   Receive                                                |  Transmit
 face |bytes    packets errs drop fifo frame compressed multicast|bytes    packets errs drop fifo colls carrier compressed
    lo: 16337710408 21840408    0    0    0     0          0         0 16337710408 21840408    0    0    0     0       0          0
enp3s0: 101770656468 80159852    0    0    0     0          0         0 594680587 8095101    0    0    0     0       0          0
enp6s0: 62490680  544833    0  260    0     0          0     18851        0       0    0    0    0     0       0          0
wlp4s0: 9003616681 14864944    0    0    0     0          0         0 17082841528 19582282    0    0    0     0       0          0
","MemTotal:       32698160 kB
MemFree:         3210488 kB
MemAvailable:   24129280 kB
Buffers:          429616 kB
Cached:         20101932 kB
SwapCached:        26004 kB
Active:         16667756 kB
Inactive:       10940676 kB
Active(anon):    1600260 kB
Inactive(anon):  5266464 kB
Active(file):   15067496 kB
Inactive(file):  5674212 kB
Unevictable:          24 kB
Mlocked:              16 kB
SwapTotal:       2097148 kB
SwapFree:            324 kB
Zswap:                 0 kB
Zswapped:              0 kB
Dirty:               452 kB
Writeback:             0 kB
AnonPages:       7052856 kB
Mapped:          1159644 kB
Shmem:             71636 kB
KReclaimable:     646904 kB
Slab:            1008188 kB
SReclaimable:     646904 kB
SUnreclaim:       361284 kB
KernelStack:       28080 kB
PageTables:        83380 kB
SecPageTables:         0 kB
NFS_Unstable:          0 kB
Bounce:                0 kB
WritebackTmp:          0 kB
CommitLimit:    18446228 kB
Committed_AS:   23647688 kB
VmallocTotal:   34359738367 kB
VmallocUsed:      236556 kB
VmallocChunk:          0 kB
Percpu:            20160 kB
HardwareCorrupted:     0 kB
AnonHugePages:         0 kB
ShmemHugePages:        0 kB
ShmemPmdMapped:        0 kB
FileHugePages:         0 kB
FilePmdMapped:         0 kB
Unaccepted:            0 kB
HugePages_Total:       0
HugePages_Free:        0
HugePages_Rsvd:        0
HugePages_Surp:        0
Hugepagesize:       2048 kB
Hugetlb:               0 kB
DirectMap4k:    31524404 kB
DirectMap2M:     1867776 kB
DirectMap1G:     1048576 kB
",cpu  66730292 213926 12913424 4257487005 480664 0 473717 0 0 0,"3017586 (ros2_control_no) S 3017571 3017571 2912103 34817 3017571 4194304 13750 0 10 0 1204843 9424 0 0 20 0 39 0 216637404 2744172544 29203 18446744073709551615 106820472733696 106820472749549 140723865944256 0 0 0 4096 0 1098925310 0 0 0 17 16 0 0 0 0 0 106820472760512 106820472762592 106821535870976 140723865947817 140723865948053 140723865948053 140723865956287 0
"
2172340.058205716,1791283777.5477307,"(2.68310546875, 3.56689453125, 4.294921875)","Inter-|   Receive                                                |  Transmit
 face |bytes    packets errs drop fifo frame compressed multicast|bytes    packets errs drop fifo colls carrier compressed
    lo: 16337715656 21840447    0    0    0     0          0         0 16337715656 21840447    0    0    0     0       0          0
enp3s0: 101770929996 80160060    0    0    0     0          0         0 594681511 8095115    0    0    0     0       0          0
enp6s0: 62490680  544833    0  260    0     0          0     18851        0       0    0    0    0     0       0          0
wlp4s0: 9003618699 14864961    0    0    0     0          0         0 17082848865 19582312    0    0    0     0       0          0
","MemTotal:       32698160 kB
MemFree:         3210236 kB
MemAvailable:   24129028 kB
Buffers:          429624 kB
Cached:         20101924 kB
SwapCached:        26004 kB
Active:         16667852 kB
Inactive:       10940676 kB
Active(anon):    1600356 kB
Inactive(anon):  5266464 kB
Active(file):   15067496 kB
Inactive(file):  5674212 kB
Unevictable:          24 kB
Mlocked:              16 kB
SwapTotal:       2097148 kB
SwapFree:            324 kB
Zswap:                 0 kB
Zswapped:              0 kB
Dirty:               452 kB
Writeback:             0 kB
AnonPages:       7052964 kB
Mapped:          1159644 kB
Shmem:             71636 kB
KReclaimable:     646904 kB
Slab:            1008188 kB
SReclaimable:     646904 kB
SUnreclaim:       361284 kB
KernelStack:       28064 kB
PageTables:        83380 kB
SecPageTables:         0 kB
NFS_Unstable:          0 kB
Bounce:                0 kB
WritebackTmp:          0 kB
CommitLimit:    18446228 kB
Committed_AS:   23647672 kB
VmallocTotal:   34359738367 kB
VmallocUsed:      236540 kB
VmallocChunk:          0 kB
Percpu:            20160 kB
HardwareCorrupted:     0 kB
AnonHugePages:         0 kB
ShmemHugePages:        0 kB
ShmemPmdMapped:        0 kB
FileHugePages:         0 kB
FilePmdMapped:         0 kB
Unaccepted:            0 kB
HugePages_Total:       0
HugePages_Free:        0
HugePages_Rsvd:        0
HugePages_Surp:        0
Hugepagesize:       2048 kB
Hugetlb:               0 kB
DirectMap4k:    31524404 kB
DirectMap2M:     1867776 kB
DirectMap1G:     1048576 kB
",cpu  66730352 213926 12913426 4257487349 480664 0 473717 0 0 0,"3017586 (ros2_control_no) S 3017571 3017571 2912103 34817 3017571 4194304 13750 0 10 0 1204883 9424 0 0 20 0 39 0 216637404 2744172544 29203 18446744073709551615 106820472733696 106820472749549 140723865944256 0 0 0 4096 0 1098925310 0 0 0 17 16 0 0 0 0 0 106820472760512 106820472762592 106821535870976 140723865947817 140723865948053 140723865948053 140723865956287 0
"
2172340.260355491,1791283777.7498806,"(2.68310546875, 3.56689453125, 4.294921875)","Inter-|   Receive                                                |  Transmit
 face |bytes    packets errs drop fifo frame compressed multicast|bytes    packets errs drop fifo colls carrier compressed
    lo: 16337720868 21840485    0    0    0     0          0         0 16337720868 21840485    0    0    0     0       0          0
enp3s0: 101771206968 80160274    0    0    0     0          0         0 594682699 8095133    0    0    0     0       0          0
enp6s0: 62490680  544833    0  260    0     0          0     18851        0       0    0    0    0     0       0          0
wlp4s0: 9003622040 14864995    0    0    0     0          0         0 17082856384 19582351    0    0    0     0       0          0
","MemTotal:       32698160 kB
MemFree:         3209488 kB
MemAvailable:   24128340 kB
Buffers:          429624 kB
Cached:         20101972 kB
SwapCached:        26004 kB
Active:         16668028 kB
Inactive:       10940736 kB
Active(anon):    1600532 kB
Inactive(anon):  5266464 kB
Active(file):   15067496 kB
Inactive(file):  5674272 kB
Unevictable:          24 kB
Mlocked:              16 kB
SwapTotal:       2097148 kB
SwapFree:            324 kB
Zswap:                 0 kB
Zswapped:              0 kB
Dirty:               492 kB
Writeback:             0 kB
AnonPages:       7053112 kB
Mapped:          1159644 kB
Shmem:             71636 kB
KReclaimable:     646904 kB
Slab:            1008172 kB
SReclaimable:     646904 kB
SUnreclaim:       361268 kB
KernelStack:       28064 kB
PageTables:        83380 kB
SecPageTables:         0 kB
NFS_Unstable:          0 kB
Bounce:                0 kB
WritebackTmp:          0 kB
CommitLimit:    18446228 kB
Committed_AS:   23647672 kB
VmallocTotal:   34359738367 kB
VmallocUsed:      236540 kB
VmallocChunk:          0 kB
Percpu:            20160 kB
HardwareCorrupted:     0 kB
AnonHugePages:         0 kB
ShmemHugePages:        0 kB
ShmemPmdMapped:        0 kB
FileHugePages:         0 kB
FilePmdMapped:         0 kB
Unaccepted:            0 kB
HugePages_Total:       0
HugePages_Free:        0
HugePages_Rsvd:        0
HugePages_Surp:        0
Hugepagesize:       2048 kB
Hugetlb:               0 kB
DirectMap4k:    31524404 kB
DirectMap2M:     1867776 kB
DirectMap1G:     1048576 kB
",cpu  66730414 213926 12913430 4257487688 480664 0 473717 0 0 0,"3017586 (ros2_control_no) S 3017571 3017571 2912103 34817 3017571 4194304 13750 0 10 0 1204924 9424 0 0 20 0 39 0 216637404 2744172544 29203 18446744073709551615 106820472733696 106820472749549 140723865944256 0 0 0 4096 0 1098925310 0 0 0 17 16 0 0 0 0 0 106820472760512 106820472762592 106821535870976 140723865947817 140723865948053 140723865948053 140723865956287 0
"
2172340.463111967,1791283777.952637,"(2.68310546875, 3.56689453125, 4.294921875)","Inter-|   Receive                                                |  Transmit
 face |bytes    packets errs drop fifo frame compressed multicast|bytes    packets errs drop fifo colls carrier compressed
    lo: 16337724429 21840509    0    0    0     0          0         0 16337724429 21840509    0    0    0     0       0          0
enp3s0: 101771482385 80160486    0    0    0     0          0         0 594683821 8095150    0    0    0     0       0          0
enp6s0: 62490680  544833    0  260    0     0          0     18851        0       0    0    0    0     0       0          0
wlp4s0: 9003624477 14865017    0    0    0     0          0         0 17082862358 19582376    0    0    0     0       0          0
","MemTotal:       32698160 kB
MemFree:         3209236 kB
MemAvailable:   24128088 kB
Buffers:          429624 kB
Cached:         20101972 kB
SwapCached:        26004 kB
Active:         16668144 kB
Inactive:       10940736 kB
Active(anon):    1600648 kB
Inactive(anon):  5266464 kB
Active(file):   15067496 kB
Inactive(file):  5674272 kB
Unevictable:          24 kB
Mlocked:              16 kB
SwapTotal:       2097148 kB
SwapFree:            324 kB
Zswap:                 0 kB
Zswapped:              0 kB
Dirty:               492 kB
Writeback:             0 kB
AnonPages:       7053224 kB
Mapped:          1159644 kB
Shmem:             71636 kB
KReclaimable:     646904 kB
Slab:            1008180 kB
SReclaimable:     646904 kB
SUnreclaim:       361276 kB
KernelStack:       28064 kB
PageTables:        83380 kB
SecPageTables:         0 kB
NFS_Unstable:          0 kB
Bounce:                0 kB
WritebackTmp:          0 kB
CommitLimit:    18446228 kB
Committed_AS:   23647672 kB
VmallocTotal:   34359738367 kB
VmallocUsed:      236540 kB
VmallocChunk:          0 kB
Percpu:            20160 kB
HardwareCorrupted:     0 kB
AnonHugePages:         0 kB
ShmemHugePages:        0 kB
ShmemPmdMapped:        0 kB
FileHugePages:         0 kB
FilePmdMapped:         0 kB
Unaccepted:            0 kB
HugePages_Total:       0
HugePages_Free:        0
HugePages_Rsvd:        0
HugePages_Surp:        0
Hugepagesize:       2048 kB
Hugetlb:               0 kB
DirectMap4k:    31524404 kB
DirectMap2M:     1867776 kB
DirectMap1G:     1048576 kB
",cpu  66730465 213926 12913432 4257488040 480664 0 473717 0 0 0,"3017586 (ros2_control_no) S 3017571 3017571 2912103 34817 3017571 4194304 13750 0 10 0 1204965 9424 0 0 20 0 39 0 216637404 2744172544 29203 18446744073709551615 106820472733696 106820472749549 140723865944256 0 0 0 4096 0 1098925310 0 0 0 17 16 0 0 0 0 0 106820472760512 106820472762592 106821535870976 140723865947817 140723865948053 140723865948053 140723865956287 0
"
2172340.664306841,1791283778.153832,"(2.68310546875, 3.56689453125, 4.294921875)","Inter-|   Receive                                                |  Transmit
 face |bytes    packets errs drop fifo frame compressed multicast|bytes    packets errs drop fifo colls carrier compressed
    lo: 16337729239 21840540    0    0    0     0          0         0 16337729239 21840540    0    0    0     0       0          0
enp3s0: 101771755360 80160698    0    0    0     0          0         0 594685075 8095169    0    0    0     0       0          0
enp6s0: 62490680  544833    0  260    0     0          0     18851        0       0    0    0    0     0       0          0
wlp4s0: 9003626427 14865035    0    0    0     0          0         0 17082868942 19582406    0    0    0     0       0          0
","MemTotal:       32698160 kB
MemFree:         3209236 kB
MemAvailable:   24128088 kB
Buffers:          429624 kB
Cached:         20101972 kB
SwapCached:        26004 kB
Active:         16668264 kB
Inactive:       10940736 kB
Active(anon):    1600768 kB
Inactive(anon):  5266464 kB
Active(file):   15067496 kB
Inactive(file):  5674272 kB
Unevictable:          24 kB
Mlocked:              16 kB
SwapTotal:       2097148 kB
SwapFree:            324 kB
Zswap:                 0 kB
Zswapped:              0 kB
Dirty:               492 kB
Writeback:             0 kB
AnonPages:       7053348 kB
Mapped:          1159644 kB
Shmem:             71636 kB
KReclaimable:     646904 kB
Slab:            1008156 kB
SReclaimable:     646904 kB
SUnreclaim:       361252 kB
KernelStack:       28064 kB
PageTables:        83380 kB
SecPageTables:         0 kB
NFS_Unstable:          0 kB
Bounce:                0 kB
WritebackTmp:          0 kB
CommitLimit:    18446228 kB
Committed_AS:   23647672 kB
VmallocTotal:   34359738367 kB
VmallocUsed:      236540 kB
VmallocChunk:          0 kB
Percpu:            20160 kB
HardwareCorrupted:     0 kB
AnonHugePages:         0 kB
ShmemHugePages:        0 kB
ShmemPmdMapped:        0 kB
FileHugePages:         0 kB
FilePmdMapped:         0 kB
Unaccepted:            0 kB
HugePages_Total:       0
HugePages_Free:        0
HugePages_Rsvd:        0
HugePages_Surp:        0
Hugepagesize:       2048 kB
Hugetlb:               0 kB
DirectMap4k:    31524404 kB
DirectMap2M:     1867776 kB
DirectMap1G:     1048576 kB
",cpu  66730521 213926 12913436 4257488384 480664 0 473718 0 0 0,"3017586 (ros2_control_no) S 3017571 3017571 2912103 34817 3017571 4194304 13750 0 10 0 1205006 9425 0 0 20 0 39 0 216637404 2744172544 29203 18446744073709551615 106820472733696 106820472749549 140723865944256 0 0 0 4096 0 1098925310 0 0 0 17 16 0 0 0 0 0 106820472760512 106820472762592 106821535870976 140723865947817 140723865948053 140723865948053 140723865956287 0
"
2172340.865492396,1791283778.3550174,"(2.68310546875, 3.56689453125, 4.294921875)","Inter-|   Receive                                                |  Transmit
 face |bytes    packets errs drop fifo frame compressed multicast|bytes    packets errs drop fifo colls carrier compressed
    lo: 16337735615 21840581    0    0    0     0          0         0 16337735615 21840581    0    0    0     0       0          0
enp3s0: 101772029389 80160909    0    0    0     0          0         0 594686182 8095186    0    0    0     0       0          0
enp6s0: 62490680  544833    0  260    0     0          0     18851        0       0    0    0    0     0       0          0
wlp4s0: 9003627509 14865046    0    0    0     0          0         0 17082876028 19582430    0    0    0     0       0          0
","MemTotal:       32698160 kB
MemFree:         3208984 kB
MemAvailable:   24127836 kB
Buffers:          429624 kB
Cached:         20101972 kB
SwapCached:        26004 kB
Active:         16668440 kB
Inactive:       10940736 kB
Active(anon):    1600944 kB
Inactive(anon):  5266464 kB
Active(file):   15067496 kB
Inactive(file):  5674272 kB
Unevictable:          24 kB
Mlocked:              16 kB
SwapTotal:       2097148 kB
SwapFree:            324 kB
Zswap:                 0 kB
Zswapped:              0 kB
Dirty:               492 kB
Writeback:             0 kB
AnonPages:       7053476 kB
Mapped:          1159644 kB
Shmem:             71636 kB
KReclaimable:     646904 kB
Slab:            1008156 kB
SReclaimable:     646904 kB
SUnreclaim:       361252 kB
KernelStack:       28064 kB
PageTables:        83380 kB
SecPageTables:         0 kB
NFS_Unstable:          0 kB
Bounce:                0 kB
WritebackTmp:          0 kB
CommitLimit:    18446228 kB
Committed_AS:   23647672 kB
VmallocTotal:   34359738367 kB
VmallocUsed:      236540 kB
VmallocChunk:          0 kB
Percpu:            20160 kB
HardwareCorrupted:     0 kB
AnonHugePages:         0 kB
ShmemHugePages:        0 kB
ShmemPmdMapped:        0 kB
FileHugePages:         0 kB
FilePmdMapped:         0 kB
Unaccepted:            0 kB
HugePages_Total:       0
HugePages_Free:        0
HugePages_Rsvd:        0
HugePages_Surp:        0
Hugepagesize:       2048 kB
Hugetlb:               0 kB
DirectMap4k:    31524404 kB
DirectMap2M:     1867776 kB
DirectMap1G:     1048576 kB
",cpu  66730581 213926 12913441 4257488724 480664 0 473718 0 0 0,"3017586 (ros2_control_no) S 3017571 3017571 2912103 34817 3017571 4194304 13750 0 10 0 1205046 9425 0 0 20 0 39 0 216637404 2744172544 29203 18446744073709551615 106820472733696 106820472749549 140723865944256 0 0 0 4096 0 1098925310 0 0 0 17 16 0 0 0 0 0 106820472760512 106820472762592 106821535870976 140723865947817 140723865948053 140723865948053 140723865956287 0
"
2172341.066769954,1791283778.556295,"(2.68310546875, 3.56689453125, 4.294921875)","Inter-|   Receive                                                |  Transmit
 face |bytes    packets errs drop fifo frame compressed multicast|bytes    packets errs drop fifo colls carrier compressed
    lo: 16337739961 21840614    0    0    0     0          0         0 16337739961 21840614    0    0    0     0       0          0
enp3s0: 101772304086 80161124    0    0    0     0          0         0 594687568 8095207    0    0    0     0       0          0
enp6s0: 62490680  544833    0  260    0     0          0     18851        0       0    0    0    0     0       0          0
wlp4s0: 9003629267 14865062    0    0    0     0          0         0 17082882275 19582454    0    0    0     0       0          0
","MemTotal:       32698160 kB
MemFree:         3208480 kB
MemAvailable:   24127332 kB
Buffers:          429624 kB
Cached:         20101972 kB
SwapCached:        26004 kB
Active:         16668560 kB
Inactive:       10940736 kB
Active(anon):    1601064 kB
Inactive(anon):  5266464 kB
Active(file):   15067496 kB
Inactive(file):  5674272 kB
Unevictable:          24 kB
Mlocked:              16 kB
SwapTotal:       2097148 kB
SwapFree:            324 kB
Zswap:                 0 kB
Zswapped:              0 kB
Dirty:               492 kB
Writeback:             0 kB
AnonPages:       7053604 kB
Mapped:          1159644 kB
Shmem:             71636 kB
KReclaimable:     646904 kB
Slab:            1008156 kB
SReclaimable:     646904 kB
SUnreclaim:       361252 kB
KernelStack:       28064 kB
PageTables:        83380 kB
SecPageTables:         0 kB
NFS_Unstable:          0 kB
Bounce:                0 kB
WritebackTmp:          0 kB
CommitLimit:    18446228 kB
Committed_AS:   23648696 kB
VmallocTotal:   34359738367 kB
VmallocUsed:      236540 kB
VmallocChunk:          0 kB
Percpu:            20160 kB
HardwareCorrupted:     0 kB
AnonHugePages:         0 kB
ShmemHugePages:        0 kB
ShmemPmdMapped:        0 kB
FileHugePages:         0 kB
FilePmdMapped:         0 kB
Unaccepted:            0 kB
HugePages_Total:       0
HugePages_Free:        0
HugePages_Rsvd:        0
HugePages_Surp:        0
Hugepagesize:       2048 kB
Hugetlb:               0 kB
DirectMap4k:    31524404 kB
DirectMap2M:     1867776 kB
DirectMap1G:     1048576 kB
",cpu  66730636 213926 12913445 4257489068 480664 0 473718 0 0 0,"3017586 (ros2_control_no) S 3017571 3017571 2912103 34817 3017571 4194304 13750 0 10 0 1205087 9425 0 0 20 0 39 0 216637404 2744172544 29203 18446744073709551615 106820472733696 106820472749549 140723865944256 0 0 0 4096 0 1098925310 0 0 0 17 16 0 0 0 0 0 106820472760512 106820472762592 106821535870976 140723865947817 140723865948053 140723865948053 140723865956287 0
"
2172341.268096954,1791283778.757622,"(2.68310546875, 3.56689453125, 4.294921875)","Inter-|   Receive                                                |  Transmit
 face |bytes    packets errs drop fifo frame compressed multicast|bytes    packets errs drop fifo colls carrier compressed
    lo: 16337744407 21840645    0    0    0     0          0         0 16337744407 21840645    0    0    0     0       0          0
enp3s0: 101772578616 80161338    0    0    0     0          0         0 594688888 8095227    0    0    0     0       0          0
enp6s0: 62490680  544833    0  260    0     0          0     18851        0       0    0    0    0     0       0          0
wlp4s0: 9003630222 14865072    0    0    0     0          0         0 17082887839 19582475    0    0    0     0       0          0
","MemTotal:       32698160 kB
MemFree:         3208480 kB
MemAvailable:   24127368 kB
Buffers:          429624 kB
Cached:         20102000 kB
SwapCached:        26004 kB
Active:         16668732 kB
Inactive:       10940772 kB
Active(anon):    1601236 kB
Inactive(anon):  5266464 kB
Active(file):   15067496 kB
Inactive(file):  5674308 kB
Unevictable:          24 kB
Mlocked:              16 kB
SwapTotal:       2097148 kB
SwapFree:            324 kB
Zswap:                 0 kB
Zswapped:              0 kB
Dirty:               524 kB
Writeback:             0 kB
AnonPages:       7053772 kB
Mapped:          1159644 kB
Shmem:             71636 kB
KReclaimable:     646904 kB
Slab:            1008164 kB
SReclaimable:     646904 kB
SUnreclaim:       361260 kB
KernelStack:       28064 kB
PageTables:        83384 kB
SecPageTables:         0 kB
NFS_Unstable:          0 kB
Bounce:                0 kB
WritebackTmp:          0 kB
CommitLimit:    18446228 kB
Committed_AS:   23648696 kB
VmallocTotal:   34359738367 kB
VmallocUsed:      236540 kB
VmallocChunk:          0 kB
Percpu:            20160 kB
HardwareCorrupted:     0 kB
AnonHugePages:         0 kB
ShmemHugePages:        0 kB
ShmemPmdMapped:        0 kB
FileHugePages:         0 kB
FilePmdMapped:         0 kB
Unaccepted:            0 kB
HugePages_Total:       0
HugePages_Free:        0
HugePages_Rsvd:        0
HugePages_Surp:        0
Hugepagesize:       2048 kB
Hugetlb:               0 kB
DirectMap4k:    31524404 kB
DirectMap2M:     1867776 kB
DirectMap1G:     1048576 kB
",cpu  66730693 213926 12913449 4257489412 480664 0 473718 0 0 0,"3017586 (ros2_control_no) S 3017571 3017571 2912103 34817 3017571 4194304 13750 0 10 0 1205128 9425 0 0 20 0 39 0 216637404 2744172544 29203 18446744073709551615 106820472733696 106820472749549 140723865944256 0 0 0 4096 0 1098925310 0 0 0 17 16 0 0 0 0 0 106820472760512 106820472762592 106821535870976 140723865947817 140723865948053 140723865948053 140723865956287 0
"
2172341.469515759,1791283778.9590409,"(2.68310546875, 3.56689453125, 4.294921875)","Inter-|   Receive                                                |  Transmit
 face |bytes    packets errs drop fifo frame compressed multicast|bytes    packets errs drop fifo colls carrier compressed
    lo: 16337749490 21840683    0    0    0     0          0         0 16337749490 21840683    0    0    0     0       0          0
enp3s0: 101772851925 80161552    0    0    0     0          0         0 594690274 8095248    0    0    0     0       0          0
enp6s0: 62490680  544833    0  260    0     0          0     18851        0       0    0    0    0     0       0          0
wlp4s0: 9003635027 14865102    0    0    0     0          0         0 17082895280 19582508    0    0    0     0       0          0
","MemTotal:       32698160 kB
MemFree:         3208480 kB
MemAvailable:   24127368 kB
Buffers:          429624 kB
Cached:         20102000 kB
SwapCached:        26004 kB
Active:         16668792 kB
Inactive:       10940772 kB
Active(anon):    1601296 kB
Inactive(anon):  5266464 kB
Active(file):   15067496 kB
Inactive(file):  5674308 kB
Unevictable:          24 kB
Mlocked:              16 kB
SwapTotal:       2097148 kB
SwapFree:            324 kB
Zswap:                 0 kB
Zswapped:              0 kB
Dirty:               524 kB
Writeback:             0 kB
AnonPages:       7053856 kB
Mapped:          1159644 kB
Shmem:             71636 kB
KReclaimable:     646904 kB
Slab:            1008164 kB
SReclaimable:     646904 kB
SUnreclaim:       361260 kB
KernelStack:       28064 kB
PageTables:        83384 kB
SecPageTables:         0 kB
NFS_Unstable:          0 kB
Bounce:                0 kB
WritebackTmp:          0 kB
CommitLimit:    18446228 kB
Committed_AS:   23648696 kB
VmallocTotal:   34359738367 kB
VmallocUsed:      236540 kB
VmallocChunk:          0 kB
Percpu:            20160 kB
HardwareCorrupted:     0 kB
AnonHugePages:         0 kB
ShmemHugePages:        0 kB
ShmemPmdMapped:        0 kB
FileHugePages:         0 kB
FilePmdMapped:         0 kB
Unaccepted:            0 kB
HugePages_Total:       0
HugePages_Free:        0
HugePages_Rsvd:        0
HugePages_Surp:        0
Hugepagesize:       2048 kB
Hugetlb:               0 kB
DirectMap4k:    31524404 kB
DirectMap2M:     1867776 kB
DirectMap1G:     1048576 kB
",cpu  66730760 213926 12913455 4257489743 480664 0 473718 0 0 0,"3017586 (ros2_control_no) S 3017571 3017571 2912103 34817 3017571 4194304 13750 0 10 0 1205169 9426 0 0 20 0 39 0 216637404 2744172544 29203 18446744073709551615 106820472733696 106820472749549 140723865944256 0 0 0 4096 0 1098925310 0 0 0 17 16 0 0 0 0 0 106820472760512 106820472762592 106821535870976 140723865947817 140723865948053 140723865948053 140723865956287 0
"
2172341.671494242,1791283779.1610193,"(2.68310546875, 3.56689453125, 4.294921875)","Inter-|   Receive                                                |  Transmit
 face |bytes    packets errs drop fifo frame compressed multicast|bytes    packets errs drop fifo colls carrier compressed
    lo: 16337756040 21840727    0    0    0     0          0         0 16337756040 21840727    0    0    0     0       0          0
enp3s0: 101773126789 80161768    0    0    0     0          0         0 594691726 8095270    0    0    0     0       0          0
enp6s0: 62490680  544833    0  260    0     0          0     18851        0       0    0    0    0     0       0          0
wlp4s0: 9003637954 14865130    0    0    0     0          0         0 17082903417 19582545    0    0    0     0       0          0
","MemTotal:       32698160 kB
MemFree:         3207980 kB
MemAvailable:   24126868 kB
Buffers:          429624 kB
Cached:         20102008 kB
SwapCached:        26004 kB
Active:         16668852 kB
Inactive:       10940772 kB
Active(anon):    1601356 kB
Inactive(anon):  5266464 kB
Active(file):   15067496 kB
Inactive(file):  5674308 kB
Unevictable:          24 kB
Mlocked:              16 kB
SwapTotal:       2097148 kB
SwapFree:            324 kB
Zswap:                 0 kB
Zswapped:              0 kB
Dirty:               532 kB
Writeback:             0 kB
AnonPages:       7053920 kB
Mapped:          1159644 kB
Shmem:             71636 kB
KReclaimable:     646904 kB
Slab:            1008180 kB
SReclaimable:     646904 kB
SUnreclaim:       361276 kB
KernelStack:       28064 kB
PageTables:        83384 kB
SecPageTables:         0 kB
NFS_Unstable:          0 kB
Bounce:                0 kB
WritebackTmp:          0 kB
CommitLimit:    18446228 kB
Committed_AS:   23648696 kB
VmallocTotal:   34359738367 kB
VmallocUsed:      236540 kB
VmallocChunk:          0 kB
Percpu:            20160 kB
HardwareCorrupted:     0 kB
AnonHugePages:         0 kB
ShmemHugePages:        0 kB
ShmemPmdMapped:        0 kB
FileHugePages:         0 kB
FilePmdMapped:         0 kB
Unaccepted:            0 kB
HugePages_Total:       0
HugePages_Free:        0
HugePages_Rsvd:        0
HugePages_Surp:        0
Hugepagesize:       2048 kB
Hugetlb:               0 kB
DirectMap4k:    31524404 kB
DirectMap2M:     1867776 kB
DirectMap1G:     1048576 kB
",cpu  66730825 213926 12913460 4257490078 480664 0 473718 0 0 0,"3017586 (ros2_control_no) S 3017571 3017571 2912103 34817 3017571 4194304 13750 0 10 0 1205210 9426 0 0 20 0 39 0 216637404 2744172544 29203 18446744073709551615 106820472733696 106820472749549 140723865944256 0 0 0 4096 0 1098925310 0 0 0 17 16 0 0 0 0 0 106820472760512 106820472762592 106821535870976 140723865947817 140723865948053 140723865948053 140723865956287 0
"
2172341.873010765,1791283779.362536,"(2.68310546875, 3.56689453125, 4.294921875)","Inter-|   Receive                                                |  Transmit
 face |bytes    packets errs drop fifo frame compressed multicast|bytes    packets errs drop fifo colls carrier compressed
    lo: 16337767983 21840790    0    0    0     0          0         0 16337767983 21840790    0    0    0     0       0          0
enp3s0: 101773401820 80161985    0    0    0     0          0         0 594694093 8095297    0    0    0     0       0          0
enp6s0: 62490680  544833    0  260    0     0          0     18851        0       0    0    0    0     0       0          0
wlp4s0: 9003641855 14865157    0    0    0     0          0         0 17082915279 19582590    0    0    0     0       0          0
","MemTotal:       32698160 kB
MemFree:         3207980 kB
MemAvailable:   24126888 kB
Buffers:          429624 kB
Cached:         20102016 kB
SwapCached:        26004 kB
Active:         16668952 kB
Inactive:       10940792 kB
Active(anon):    1601456 kB
Inactive(anon):  5266464 kB
Active(file):   15067496 kB
Inactive(file):  5674328 kB
Unevictable:          24 kB
Mlocked:              16 kB
SwapTotal:       2097148 kB
SwapFree:            324 kB
Zswap:                 0 kB
Zswapped:              0 kB
Dirty:               540 kB
Writeback:             0 kB
AnonPages:       7053992 kB
Mapped:          1159644 kB
Shmem:             71636 kB
KReclaimable:     646904 kB
Slab:            1008188 kB
SReclaimable:     646904 kB
SUnreclaim:       361284 kB
KernelStack:       28064 kB
PageTables:        83384 kB
SecPageTables:         0 kB
NFS_Unstable:          0 kB
Bounce:                0 kB
WritebackTmp:          0 kB
CommitLimit:    18446228 kB
Committed_AS:   23648696 kB
VmallocTotal:   34359738367 kB
VmallocUsed:      236540 kB
VmallocChunk:          0 kB
Percpu:            20160 kB
HardwareCorrupted:     0 kB
AnonHugePages:         0 kB
ShmemHugePages:        0 kB
ShmemPmdMapped:        0 kB
FileHugePages:         0 kB
FilePmdMapped:         0 kB
Unaccepted:            0 kB
HugePages_Total:       0
HugePages_Free:        0
HugePages_Rsvd:        0
HugePages_Surp:        0
Hugepagesize:       2048 kB
Hugetlb:               0 kB
DirectMap4k:    31524404 kB
DirectMap2M:     1867776 kB
DirectMap1G:     1048576 kB
",cpu  66730892 213926 12913464 4257490412 480664 0 473718 0 0 0,"3017586 (ros2_control_no) S 3017571 3017571 2912103 34817 3017571 4194304 13750 0 10 0 1205250 9426 0 0 20 0 39 0 216637404 2744172544 29203 18446744073709551615 106820472733696 106820472749549 140723865944256 0 0 0 4096 0 1098925310 0 0 0 17 16 0 0 0 0 0 106820472760512 106820472762592 106821535870976 140723865947817 140723865948053 140723865948053 140723865956287 0
"
2172342.074430391,1791283779.5639555,"(2.68310546875, 3.56689453125, 4.294921875)","Inter-|   Receive                                                |  Transmit
 face |bytes    packets errs drop fifo frame compressed multicast|bytes    packets errs drop fifo colls carrier compressed
    lo: 16337773713 21840831    0    0    0     0          0         0 16337773713 21840831    0    0    0     0       0          0
enp3s0: 101773675630 80162202    0    0    0     0          0         0 594695677 8095321    0    0    0     0       0          0
enp6s0: 62490680  544833    0  260    0     0          0     18851        0       0    0    0    0     0       0          0
wlp4s0: 9003647317 14865185    0    0    0     0          0         0 17082924415 19582632    0    0    0     0       0          0
","MemTotal:       32698160 kB
MemFree:         3207980 kB
MemAvailable:   24126888 kB
Buffers:          429632 kB
Cached:         20102016 kB
SwapCached:        26004 kB
Active:         16669012 kB
Inactive:       10940792 kB
Active(anon):    1601516 kB
Inactive(anon):  5266464 kB
Active(file):   15067496 kB
Inactive(file):  5674328 kB
Unevictable:          24 kB
Mlocked:              16 kB
SwapTotal:       2097148 kB
SwapFree:            324 kB
Zswap:                 0 kB
Zswapped:              0 kB
Dirty:               548 kB
Writeback:             0 kB
AnonPages:       7054060 kB
Mapped:          1159644 kB
Shmem:             71636 kB
KReclaimable:     646904 kB
Slab:            1008188 kB
SReclaimable:     646904 kB
SUnreclaim:       361284 kB
KernelStack:       28064 kB
PageTables:        83384 kB
SecPageTables:         0 kB
NFS_Unstable:          0 kB
Bounce:                0 kB
WritebackTmp:          0 kB
CommitLimit:    18446228 kB
Committed_AS:   23648696 kB
VmallocTotal:   34359738367 kB
VmallocUsed:      236540 kB
VmallocChunk:          0 kB
Percpu:            20160 kB
HardwareCorrupted:     0 kB
AnonHugePages:         0 kB
ShmemHugePages:        0 kB
ShmemPmdMapped:        0 kB
FileHugePages:         0 kB
FilePmdMapped:         0 kB
Unaccepted:            0 kB
HugePages_Total:       0
HugePages_Free:        0
HugePages_Rsvd:        0
HugePages_Surp:        0
Hugepagesize:       2048 kB
Hugetlb:               0 kB
DirectMap4k:    31524404 kB
DirectMap2M:     1867776 kB
DirectMap1G:     1048576 kB
",cpu  66730957 213926 12913470 4257490746 480664 0 473718 0 0 0,"3017586 (ros2_control_no) S 3017571 3017571 2912103 34817 3017571 4194304 13750 0 10 0 1205291 9426 0 0 20 0 39 0 216637404 2744172544 29203 18446744073709551615 106820472733696 106820472749549 140723865944256 0 0 0 4096 0 1098925310 0 0 0 17 16 0 0 0 0 0 106820472760512 106820472762592 106821535870976 140723865947817 140723865948053 140723865948053 140723865956287 0
"
2172342.275697311,1791283779.7652223,"(2.68310546875, 3.56689453125, 4.294921875)","Inter-|   Receive                                                |  Transmit
 face |bytes    packets errs drop fifo frame compressed multicast|bytes    packets errs drop fifo colls carrier compressed
    lo: 16337781913 21840874    0    0    0     0          0         0 16337781913 21840874    0    0    0     0       0          0
enp3s0: 101773950160 80162416    0    0    0     0          0         0 594697687 8095342    0    0    0     0       0          0
enp6s0: 62490680  544833    0  260    0     0          0     18851        0       0    0    0    0     0       0          0
wlp4s0: 9003649910 14865203    0    0    0     0          0         0 17082934335 19582667    0    0    0     0       0          0
","MemTotal:       32698160 kB
MemFree:         3207224 kB
MemAvailable:   24126156 kB
Buffers:          429632 kB
Cached:         20102032 kB
SwapCached:        26004 kB
Active:         16669424 kB
Inactive:       10940816 kB
Active(anon):    1601928 kB
Inactive(anon):  5266464 kB
Active(file):   15067496 kB
Inactive(file):  5674352 kB
Unevictable:          24 kB
Mlocked:              16 kB
SwapTotal:       2097148 kB
SwapFree:            324 kB
Zswap:                 0 kB
Zswapped:              0 kB
Dirty:               564 kB
Writeback:             0 kB
AnonPages:       7054480 kB
Mapped:          1159644 kB
Shmem:             71636 kB
KReclaimable:     646904 kB
Slab:            1008244 kB
SReclaimable:     646904 kB
SUnreclaim:       361340 kB
KernelStack:       28080 kB
PageTables:        83384 kB
SecPageTables:         0 kB
NFS_Unstable:          0 kB
Bounce:                0 kB
WritebackTmp:          0 kB
CommitLimit:    18446228 kB
Committed_AS:   23648696 kB
VmallocTotal:   34359738367 kB
VmallocUsed:      236540 kB
VmallocChunk:          0 kB
Percpu:            20160 kB
HardwareCorrupted:     0 kB
AnonHugePages:         0 kB
ShmemHugePages:        0 kB
ShmemPmdMapped:        0 kB
FileHugePages:         0 kB
FilePmdMapped:         0 kB
Unaccepted:            0 kB
HugePages_Total:       0
HugePages_Free:        0
HugePages_Rsvd:        0
HugePages_Surp:        0
Hugepagesize:       2048 kB
Hugetlb:               0 kB
DirectMap4k:    31524404 kB
DirectMap2M:     1867776 kB
DirectMap1G:     1048576 kB
",cpu  66731019 213926 12913475 4257491084 480664 0 473718 0 0 0,"3017586 (ros2_control_no) S 3017571 3017571 2912103 34817 3017571 4194304 13750 0 10 0 1205332 9426 0 0 20 0 39 0 216637404 2744172544 29203 18446744073709551615 106820472733696 106820472749549 140723865944256 0 0 0 4096 0 1098925310 0 0 0 17 16 0 0 0 0 0 106820472760512 106820472762592 106821535870976 140723865947817 140723865948053 140723865948053 140723865956287 0
"
2172342.477222082,1791283779.966747,"(2.68310546875, 3.56689453125, 4.294921875)","Inter-|   Receive                                                |  Transmit
 face |bytes    packets errs drop fifo frame compressed multicast|bytes    packets errs drop fifo colls carrier compressed
    lo: 16337787772 21840911    0    0    0     0          0         0 16337787772 21840911    0    0    0     0       0          0
enp3s0: 101774224356 80162628    0    0    0     0          0         0 594698875 8095360    0    0    0     0       0          0
enp6s0: 62490680  544833    0  260    0     0          0     18851        0       0    0    0    0     0       0          0
wlp4s0: 9003650691 14865211    0    0    0     0          0         0 17082941669 19582689    0    0    0     0       0          0
","MemTotal:       32698160 kB
MemFree:         3207224 kB
MemAvailable:   24126156 kB
Buffers:          429632 kB
Cached:         20102032 kB
SwapCached:        26004 kB
Active:         16669544 kB
Inactive:       10940816 kB
Active(anon):    1602048 kB
Inactive(anon):  5266464 kB
Active(file):   15067496 kB
Inactive(file):  5674352 kB
Unevictable:          24 kB
Mlocked:              16 kB
SwapTotal:       2097148 kB
SwapFree:            324 kB
Zswap:                 0 kB
Zswapped:              0 kB
Dirty:               564 kB
Writeback:             0 kB
AnonPages:       7054616 kB
Mapped:          1159644 kB
Shmem:             71636 kB
KReclaimable:     646904 kB
Slab:            1008244 kB
SReclaimable:     646904 kB
SUnreclaim:       361340 kB
KernelStack:       28080 kB
PageTables:        83384 kB
SecPageTables:         0 kB
NFS_Unstable:          0 kB
Bounce:                0 kB
WritebackTmp:          0 kB
CommitLimit:    18446228 kB
Committed_AS:   23648696 kB
VmallocTotal:   34359738367 kB
VmallocUsed:      236540 kB
VmallocChunk:          0 kB
Percpu:            20160 kB
HardwareCorrupted:     0 kB
AnonHugePages:         0 kB
ShmemHugePages:        0 kB
ShmemPmdMapped:        0 kB
FileHugePages:         0 kB
FilePmdMapped:         0 kB
Unaccepted:            0 kB
HugePages_Total:       0
HugePages_Free:        0
HugePages_Rsvd:        0
HugePages_Surp:        0
Hugepagesize:       2048 kB
Hugetlb:               0 kB
DirectMap4k:    31524404 kB
DirectMap2M:     1867776 kB
DirectMap1G:     1048576 kB
",cpu  66731081 213926 12913480 4257491422 480664 0 473718 0 0 0,"3017586 (ros2_control_no) S 3017571 3017571 2912103 34817 3017571 4194304 13750 0 10 0 1205373 9426 0 0 20 0 39 0 216637404 2744172544 29203 18446744073709551615 106820472733696 106820472749549 140723865944256 0 0 0 4096 0 1098925310 0 0 0 17 16 0 0 0 0 0 106820472760512 106820472762592 106821535870976 140723865947817 140723865948053 140723865948053 140723865956287 0
"
2172342.678816688,1791283780.1683419,"(2.68310546875, 3.56689453125, 4.294921875)","Inter-|   Receive                                                |  Transmit
 face |bytes    packets errs drop fifo frame compressed multicast|bytes    packets errs drop fifo colls carrier compressed
    lo: 16337802243 21840969    0    0    0     0          0         0 16337802243 21840969    0    0    0     0       0          0
enp3s0: 101774500107 80162842    0    0    0     0          0         0 594700507 8095380    0    0    0     0       0          0
enp6s0: 62490680  544833    0  260    0     0          0     18851        0       0    0    0    0     0       0          0
wlp4s0: 9003654089 14865242    0    0    0     0          0         0 17082957065 19582738    0    0    0     0       0          0
","MemTotal:       32698160 kB
MemFree:         3207224 kB
MemAvailable:   24126156 kB
Buffers:          429640 kB
Cached:         20102032 kB
SwapCached:        26004 kB
Active:         16669724 kB
Inactive:       10940816 kB
Active(anon):    1602228 kB
Inactive(anon):  5266464 kB
Active(file):   15067496 kB
Inactive(file):  5674352 kB
Unevictable:          24 kB
Mlocked:              16 kB
SwapTotal:       2097148 kB
SwapFree:            324 kB
Zswap:                 0 kB
Zswapped:              0 kB
Dirty:               576 kB
Writeback:             4 kB
AnonPages:       7054732 kB
Mapped:          1159644 kB
Shmem:             71636 kB
KReclaimable:     646904 kB
Slab:            1008244 kB
SReclaimable:     646904 kB
SUnreclaim:       361340 kB
KernelStack:       28080 kB
PageTables:        83384 kB
SecPageTables:         0 kB
NFS_Unstable:          0 kB
Bounce:                0 kB
WritebackTmp:          0 kB
CommitLimit:    18446228 kB
Committed_AS:   23649720 kB
VmallocTotal:   34359738367 kB
VmallocUsed:      236524 kB
VmallocChunk:          0 kB
Percpu:            20160 kB
HardwareCorrupted:     0 kB
AnonHugePages:         0 kB
ShmemHugePages:        0 kB
ShmemPmdMapped:        0 kB
FileHugePages:         0 kB
FilePmdMapped:         0 kB
Unaccepted:            0 kB
HugePages_Total:       0
HugePages_Free:        0
HugePages_Rsvd:        0
HugePages_Surp:        0
Hugepagesize:       2048 kB
Hugetlb:               0 kB
DirectMap4k:    31524404 kB
DirectMap2M:     1867776 kB
DirectMap1G:     1048576 kB
",cpu  66731147 213926 12913488 4257491750 480665 0 473718 0 0 0,"3017586 (ros2_control_no) S 3017571 3017571 2912103 34817 3017571 4194304 13750 0 10 0 1205414 9427 0 0 20 0 39 0 216637404 2744172544 29203 18446744073709551615 106820472733696 106820472749549 140723865944256 0 0 0 4096 0 1098925310 0 0 0 17 16 0 0 0 0 0 106820472760512 106820472762592 106821535870976 140723865947817 140723865948053 140723865948053 140723865956287 0
"
2172342.880572014,1791283780.3700972,"(2.68310546875, 3.56689453125, 4.294921875)","Inter-|   Receive                                                |  Transmit
 face |bytes    packets errs drop fifo frame compressed multicast|bytes    packets errs drop fifo colls carrier compressed
    lo: 16337820363 21841036    0    0    0     0          0         0 16337820363 21841036    0    0    0     0       0          0
enp3s0: 101774774303 80163054    0    0    0     0          0         0 594701788 8095400    0    0    0     0       0          0
enp6s0: 62490680  544833    0  260    0     0          0     18851        0       0    0    0    0     0       0          0
wlp4s0: 9003658827 14865274    0    0    0     0          0         0 17082973285 19582772    0    0    0     0       0          0
","MemTotal:       32698160 kB
MemFree:         3207000 kB
MemAvailable:   24125948 kB
Buffers:          429640 kB
Cached:         20102032 kB
SwapCached:        26004 kB
Active:         16669904 kB
Inactive:       10940832 kB
Active(anon):    1602408 kB
Inactive(anon):  5266464 kB
Active(file):   15067496 kB
Inactive(file):  5674368 kB
Unevictable:          24 kB
Mlocked:              16 kB
SwapTotal:       2097148 kB
SwapFree:            324 kB
Zswap:                 0 kB
Zswapped:              0 kB
Dirty:               576 kB
Writeback:             4 kB
AnonPages:       7054920 kB
Mapped:          1159644 kB
Shmem:             71636 kB
KReclaimable:     646904 kB
Slab:            1008260 kB
SReclaimable:     646904 kB
SUnreclaim:       361356 kB
KernelStack:       28080 kB
PageTables:        83384 kB
SecPageTables:         0 kB
NFS_Unstable:          0 kB
Bounce:                0 kB
WritebackTmp:          0 kB
CommitLimit:    18446228 kB
Committed_AS:   23649720 kB
VmallocTotal:   34359738367 kB
VmallocUsed:      236524 kB
VmallocChunk:          0 kB
Percpu:            20160 kB
HardwareCorrupted:     0 kB
AnonHugePages:         0 kB
ShmemHugePages:        0 kB
ShmemPmdMapped:        0 kB
FileHugePages:         0 kB
FilePmdMapped:         0 kB
Unaccepted:            0 kB
HugePages_Total:       0
HugePages_Free:        0
HugePages_Rsvd:        0
HugePages_Surp:        0
Hugepagesize:       2048 kB
Hugetlb:               0 kB
DirectMap4k:    31524404 kB
DirectMap2M:     1867776 kB
DirectMap1G:     1048576 kB
",cpu  66731220 213926 12913493 4257492077 480665 0 473719 0 0 0,"3017586 (ros2_control_no) S 3017571 3017571 2912103 34817 3017571 4194304 13750 0 10 0 1205455 9427 0 0 20 0 39 0 216637404 2744172544 29203 18446744073709551615 106820472733696 106820472749549 140723865944256 0 0 0 4096 0 1098925310 0 0 0 17 16 0 0 0 0 0 106820472760512 106820472762592 106821535870976 140723865947817 140723865948053 140723865948053 140723865956287 0
"
2172343.083402198,1791283780.5729275,"(2.68310546875, 3.56689453125, 4.294921875)","Inter-|   Receive                                                |  Transmit
 face |bytes    packets errs drop fifo frame compressed multicast|bytes    packets errs drop fifo colls carrier compressed
    lo: 16337837313 21841091    0    0    0     0          0         0 16337837313 21841091    0    0    0     0       0          0
enp3s0: 101775050221 80163269    0    0    0     0          0         0 594703108 8095420    0    0    0     0       0          0
enp6s0: 62490680  544833    0  260    0     0          0     18851        0       0    0    0    0     0       0          0
wlp4s0: 9003662129 14865305    0    0    0     0          0         0 17082991985 19582815    0    0    0     0       0          0
","MemTotal:       32698160 kB
MemFree:         3212136 kB
MemAvailable:   24131096 kB
Buffers:          429640 kB
Cached:         20102032 kB
SwapCached:        26004 kB
Active:         16669360 kB
Inactive:       10940844 kB
Active(anon):    1601864 kB
Inactive(anon):  5266464 kB
Active(file):   15067496 kB
Inactive(file):  5674380 kB
Unevictable:          24 kB
Mlocked:              16 kB
SwapTotal:       2097148 kB
SwapFree:            324 kB
Zswap:                 0 kB
Zswapped:              0 kB
Dirty:               576 kB
Writeback:             4 kB
AnonPages:       7054372 kB
Mapped:          1159644 kB
Shmem:             71636 kB
KReclaimable:     646904 kB
Slab:            1008260 kB
SReclaimable:     646904 kB
SUnreclaim:       361356 kB
KernelStack:       28080 kB
PageTables:        83384 kB
SecPageTables:         0 kB
NFS_Unstable:          0 kB
Bounce:                0 kB
WritebackTmp:          0 kB
CommitLimit:    18446228 kB
Committed_AS:   23649720 kB
VmallocTotal:   34359738367 kB
VmallocUsed:      236524 kB
VmallocChunk:          0 kB
Percpu:            20160 kB
HardwareCorrupted:     0 kB
AnonHugePages:         0 kB
ShmemHugePages:        0 kB
ShmemPmdMapped:        0 kB
FileHugePages:         0 kB
FilePmdMapped:         0 kB
Unaccepted:            0 kB
HugePages_Total:       0
HugePages_Free:        0
HugePages_Rsvd:        0
HugePages_Surp:        0
Hugepagesize:       2048 kB
Hugetlb:               0 kB
DirectMap4k:    31524404 kB
DirectMap2M:     1867776 kB
DirectMap1G:     1048576 kB
",cpu  66731293 213926 12913499 4257492407 480665 0 473719 0 0 0,"3017586 (ros2_control_no) S 3017571 3017571 2912103 34817 3017571 4194304 13750 0 10 0 1205495 9428 0 0 20 0 39 0 216637404 2744172544 29203 18446744073709551615 106820472733696 106820472749549 140723865944256 0 0 0 4096 0 1098925310 0 0 0 17 16 0 0 0 0 0 106820472760512 106820472762592 106821535870976 140723865947817 140723865948053 140723865948053 140723865956287 0
"
2172343.285583407,1791283780.7751083,"(2.68310546875, 3.56689453125, 4.294921875)","Inter-|   Receive                                                |  Transmit
 face |bytes    packets errs drop fifo frame compressed multicast|bytes    packets errs drop fifo colls carrier compressed
    lo: 16337852839 21841148    0    0    0     0          0         0 16337852839 21841148    0    0    0     0       0          0
enp3s0: 101775326139 80163484    0    0    0     0          0         0 594704428 8095440    0    0    0     0       0          0
enp6s0: 62490680  544833    0  260    0     0          0     18851        0       0    0    0    0     0       0          0
wlp4s0: 9003664837 14865332    0    0    0     0          0         0 17083008328 19582855    0    0    0     0       0          0
","MemTotal:       32698160 kB
MemFree:         3212136 kB
MemAvailable:   24131096 kB
Buffers:          429640 kB
Cached:         20102060 kB
SwapCached:        26004 kB
Active:         16669540 kB
Inactive:       10940844 kB
Active(anon):    1602044 kB
Inactive(anon):  5266464 kB
Active(file):   15067496 kB
Inactive(file):  5674380 kB
Unevictable:          24 kB
Mlocked:              16 kB
SwapTotal:       2097148 kB
SwapFree:            324 kB
Zswap:                 0 kB
Zswapped:              0 kB
Dirty:               604 kB
Writeback:             0 kB
AnonPages:       7054596 kB
Mapped:          1159644 kB
Shmem:             71636 kB
KReclaimable:     646904 kB
Slab:            1008292 kB
SReclaimable:     646904 kB
SUnreclaim:       361388 kB
KernelStack:       28080 kB
PageTables:        83384 kB
SecPageTables:         0 kB
NFS_Unstable:          0 kB
Bounce:                0 kB
WritebackTmp:          0 kB
CommitLimit:    18446228 kB
Committed_AS:   23649720 kB
VmallocTotal:   34359738367 kB
VmallocUsed:      236524 kB
VmallocChunk:          0 kB
Percpu:            20160 kB
HardwareCorrupted:     0 kB
AnonHugePages:         0 kB
ShmemHugePages:        0 kB
ShmemPmdMapped:        0 kB
FileHugePages:         0 kB
FilePmdMapped:         0 kB
Unaccepted:            0 kB
HugePages_Total:       0
HugePages_Free:        0
HugePages_Rsvd:        0
HugePages_Surp:        0
Hugepagesize:       2048 kB
Hugetlb:               0 kB
DirectMap4k:    31524404 kB
DirectMap2M:     1867776 kB
DirectMap1G:     1048576 kB
",cpu  66731364 213926 12913504 4257492740 480665 0 473720 0 0 0,"3017586 (ros2_control_no) S 3017571 3017571 2912103 34817 3017571 4194304 13750 0 10 0 1205536 9428 0 0 20 0 39 0 216637404 2744172544 29203 18446744073709551615 106820472733696 106820472749549 140723865944256 0 0 0 4096 0 1098925310 0 0 0 17 16 0 0 0 0 0 106820472760512 106820472762592 106821535870976 140723865947817 140723865948053 140723865948053 140723865956287 0
"
2172343.487168196,1791283780.9766932,"(2.68310546875, 3.56689453125, 4.294921875)","Inter-|   Receive                                                |  Transmit
 face |bytes    packets errs drop fifo frame compressed multicast|bytes    packets errs drop fifo colls carrier compressed
    lo: 16337860142 21841197    0    0    0     0          0         0 16337860142 21841197    0    0    0     0       0          0
enp3s0: 101775600669 80163698    0    0    0     0          0         0 594705748 8095460    0    0    0     0       0          0
enp6s0: 62490680  544833    0  260    0     0          0     18851        0       0    0    0    0     0       0          0
wlp4s0: 9003667126 14865353    0    0    0     0          0         0 17083016684 19582885    0    0    0     0       0          0
","MemTotal:       32698160 kB
MemFree:         3211884 kB
MemAvailable:   24130844 kB
Buffers:          429640 kB
Cached:         20102060 kB
SwapCached:        26004 kB
Active:         16669660 kB
Inactive:       10940844 kB
Active(anon):    1602164 kB
Inactive(anon):  5266464 kB
Active(file):   15067496 kB
Inactive(file):  5674380 kB
Unevictable:          24 kB
Mlocked:              16 kB
SwapTotal:       2097148 kB
SwapFree:            324 kB
Zswap:                 0 kB
Zswapped:              0 kB
Dirty:               604 kB
Writeback:             0 kB
AnonPages:       7054724 kB
Mapped:          1159644 kB
Shmem:             71636 kB
KReclaimable:     646904 kB
Slab:            1008292 kB
SReclaimable:     646904 kB
SUnreclaim:       361388 kB
KernelStack:       28080 kB
PageTables:        83384 kB
SecPageTables:         0 kB
NFS_Unstable:          0 kB
Bounce:                0 kB
WritebackTmp:          0 kB
CommitLimit:    18446228 kB
Committed_AS:   23649720 kB
VmallocTotal:   34359738367 kB
VmallocUsed:      236524 kB
VmallocChunk:          0 kB
Percpu:            20160 kB
HardwareCorrupted:     0 kB
AnonHugePages:         0 kB
ShmemHugePages:        0 kB
ShmemPmdMapped:        0 kB
FileHugePages:         0 kB
FilePmdMapped:         0 kB
Unaccepted:            0 kB
HugePages_Total:       0
HugePages_Free:        0
HugePages_Rsvd:        0
HugePages_Surp:        0
Hugepagesize:       2048 kB
Hugetlb:               0 kB
DirectMap4k:    31524404 kB
DirectMap2M:     1867776 kB
DirectMap1G:     1048576 kB
",cpu  66731434 213926 12913508 4257493073 480665 0 473720 0 0 0,"3017586 (ros2_control_no) S 3017571 3017571 2912103 34817 3017571 4194304 13750 0 10 0 1205577 9428 0 0 20 0 39 0 216637404 2744172544 29203 18446744073709551615 106820472733696 106820472749549 140723865944256 0 0 0 4096 0 1098925310 0 0 0 17 16 0 0 0 0 0 106820472760512 106820472762592 106821535870976 140723865947817 140723865948053 140723865948053 140723865956287 0
"
2172343.689470034,1791283781.178995,"(2.68310546875, 3.56689453125, 4.294921875)","Inter-|   Receive                                                |  Transmit
 face |bytes    packets errs drop fifo frame compressed multicast|bytes    packets errs drop fifo colls carrier compressed
    lo: 16337866106 21841237    0    0    0     0          0         0 16337866106 21841237    0    0    0     0       0          0
enp3s0: 101775875919 80163909    0    0    0     0          0         0 594706804 8095476    0    0    0     0       0          0
enp6s0: 62490680  544833    0  260    0     0          0     18851        0       0    0    0    0     0       0          0
wlp4s0: 9003669009 14865369    0    0    0     0          0         0 17083022967 19582910    0    0    0     0       0          0
","MemTotal:       32698160 kB
MemFree:         3211884 kB
MemAvailable:   24130844 kB
Buffers:          429640 kB
Cached:         20102064 kB
SwapCached:        26004 kB
Active:         16669780 kB
Inactive:       10940844 kB
Active(anon):    1602284 kB
Inactive(anon):  5266464 kB
Active(file):   15067496 kB
Inactive(file):  5674380 kB
Unevictable:          24 kB
Mlocked:              16 kB
SwapTotal:       2097148 kB
SwapFree:            324 kB
Zswap:                 0 kB
Zswapped:              0 kB
Dirty:               608 kB
Writeback:             0 kB
AnonPages:       7054852 kB
Mapped:          1159644 kB
Shmem:             71636 kB
KReclaimable:     646904 kB
Slab:            1008284 kB
SReclaimable:     646904 kB
SUnreclaim:       361380 kB
KernelStack:       28080 kB
PageTables:        83384 kB
SecPageTables:         0 kB
NFS_Unstable:          0 kB
Bounce:                0 kB
WritebackTmp:          0 kB
CommitLimit:    18446228 kB
Committed_AS:   23649720 kB
VmallocTotal:   34359738367 kB
VmallocUsed:      236524 kB
VmallocChunk:          0 kB
Percpu:            20160 kB
HardwareCorrupted:     0 kB
AnonHugePages:         0 kB
ShmemHugePages:        0 kB
ShmemPmdMapped:        0 kB
FileHugePages:         0 kB
FilePmdMapped:         0 kB
Unaccepted:            0 kB
HugePages_Total:       0
HugePages_Free:        0
HugePages_Rsvd:        0
HugePages_Surp:        0
Hugepagesize:       2048 kB
Hugetlb:               0 kB
DirectMap4k:    31524404 kB
DirectMap2M:     1867776 kB
DirectMap1G:     1048576 kB
",cpu  66731493 213926 12913511 4257493415 480665 0 473721 0 0 0,"3017586 (ros2_control_no) S 3017571 3017571 2912103 34817 3017571 4194304 13750 0 10 0 1205618 9429 0 0 20 0 39 0 216637404 2744172544 29203 18446744073709551615 106820472733696 106820472749549 140723865944256 0 0 0 4096 0 1098925310 0 0 0 17 16 0 0 0 0 0 106820472760512 106820472762592 106821535870976 140723865947817 140723865948053 140723865948053 140723865956287 0
"
2172343.891556115,1791283781.3810828,"(2.68310546875, 3.56689453125, 4.294921875)","Inter-|   Receive                                                |  Transmit
 face |bytes    packets errs drop fifo frame compressed multicast|bytes    packets errs drop fifo colls carrier compressed
    lo: 16337874314 21841292    0    0    0     0          0         0 16337874314 21841292    0    0    0     0       0          0
enp3s0: 101776149781 80164119    0    0    0     0          0         0 594707953 8095494    0    0    0     0       0          0
enp6s0: 62490680  544833    0  260    0     0          0     18851        0       0    0    0    0     0       0          0
wlp4s0: 9003671554 14865392    0    0    0     0          0         0 17083030980 19582939    0    0    0     0       0          0
","MemTotal:       32698160 kB
MemFree:         3211380 kB
MemAvailable:   24130340 kB
Buffers:          429640 kB
Cached:         20102072 kB
SwapCached:        26004 kB
Active:         16669912 kB
Inactive:       10940844 kB
Active(anon):    1602416 kB
Inactive(anon):  5266464 kB
Active(file):   15067496 kB
Inactive(file):  5674380 kB
Unevictable:          24 kB
Mlocked:              16 kB
SwapTotal:       2097148 kB
SwapFree:            324 kB
Zswap:                 0 kB
Zswapped:              0 kB
Dirty:               616 kB
Writeback:             0 kB
AnonPages:       7054992 kB
Mapped:          1159644 kB
Shmem:             71636 kB
KReclaimable:     646904 kB
Slab:            1008228 kB
SReclaimable:     646904 kB
SUnreclaim:       361324 kB
KernelStack:       28080 kB
PageTables:        83384 kB
SecPageTables:         0 kB
NFS_Unstable:          0 kB
Bounce:                0 kB
WritebackTmp:          0 kB
CommitLimit:    18446228 kB
Committed_AS:   23649720 kB
VmallocTotal:   34359738367 kB
VmallocUsed:      236524 kB
VmallocChunk:          0 kB
Percpu:            20160 kB
HardwareCorrupted:     0 kB
AnonHugePages:         0 kB
ShmemHugePages:        0 kB
ShmemPmdMapped:        0 kB
FileHugePages:         0 kB
FilePmdMapped:         0 kB
Unaccepted:            0 kB
HugePages_Total:       0
HugePages_Free:        0
HugePages_Rsvd:        0
HugePages_Surp:        0
Hugepagesize:       2048 kB
Hugetlb:               0 kB
DirectMap4k:    31524404 kB
DirectMap2M:     1867776 kB
DirectMap1G:     1048576 kB
",cpu  66731561 213926 12913515 4257493750 480665 0 473721 0 0 0,"3017586 (ros2_control_no) S 3017571 3017571 2912103 34817 3017571 4194304 13750 0 10 0 1205659 9429 0 0 20 0 39 0 216637404 2744172544 29203 18446744073709551615 106820472733696 106820472749549 140723865944256 0 0 0 4096 0 1098925310 0 0 0 17 16 0 0 0 0 0 106820472760512 106820472762592 106821535870976 140723865947817 140723865948053 140723865948053 140723865956287 0
"
2172344.092799751,1791283781.5823247,"(2.68310546875, 3.56689453125, 4.294921875)","Inter-|   Receive                                                |  Transmit
 face |bytes    packets errs drop fifo frame compressed multicast|bytes    packets errs drop fifo colls carrier compressed
    lo: 16337881478 21841338    0    0    0     0          0         0 16337881478 21841338    0    0    0     0       0          0
enp3s0: 101776423810 80164330    0    0    0     0          0         0 594709075 8095511    0    0    0     0       0          0
enp6s0: 62490680  544833    0  260    0     0          0     18851        0       0    0    0    0     0       0          0
wlp4s0: 9003674936 14865421    0    0    0     0          0         0 17083039092 19582977    0    0    0     0       0          0
","MemTotal:       32698160 kB
MemFree:         3211380 kB
MemAvailable:   24130360 kB
Buffers:          429640 kB
Cached:         20102076 kB
SwapCached:        26004 kB
Active:         16670068 kB
Inactive:       10940864 kB
Active(anon):    1602572 kB
Inactive(anon):  5266464 kB
Active(file):   15067496 kB
Inactive(file):  5674400 kB
Unevictable:          24 kB
Mlocked:              16 kB
SwapTotal:       2097148 kB
SwapFree:            324 kB
Zswap:                 0 kB
Zswapped:              0 kB
Dirty:               620 kB
Writeback:             0 kB
AnonPages:       7055128 kB
Mapped:          1159644 kB
Shmem:             71636 kB
KReclaimable:     646904 kB
Slab:            1008228 kB
SReclaimable:     646904 kB
SUnreclaim:       361324 kB
KernelStack:       28080 kB
PageTables:        83384 kB
SecPageTables:         0 kB
NFS_Unstable:          0 kB
Bounce:                0 kB
WritebackTmp:          0 kB
CommitLimit:    18446228 kB
Committed_AS:   23649720 kB
VmallocTotal:   34359738367 kB
VmallocUsed:      236524 kB
VmallocChunk:          0 kB
Percpu:            20160 kB
HardwareCorrupted:     0 kB
AnonHugePages:         0 kB
ShmemHugePages:        0 kB
ShmemPmdMapped:        0 kB
FileHugePages:         0 kB
FilePmdMapped:         0 kB
Unaccepted:            0 kB
HugePages_Total:       0
HugePages_Free:        0
HugePages_Rsvd:        0
HugePages_Surp:        0
Hugepagesize:       2048 kB
Hugetlb:               0 kB
DirectMap4k:    31524404 kB
DirectMap2M:     1867776 kB
DirectMap1G:     1048576 kB
",cpu  66731620 213926 12913518 4257494090 480665 0 473721 0 0 0,"3017586 (ros2_control_no) S 3017571 3017571 2912103 34817 3017571 4194304 13750 0 10 0 1205699 9429 0 0 20 0 39 0 216637404 2744172544 29203 18446744073709551615 106820472733696 106820472749549 140723865944256 0 0 0 4096 0 1098925310 0 0 0 17 16 0 0 0 0 0 106820472760512 106820472762592 106821535870976 140723865947817 140723865948053 140723865948053 140723865956287 0
"
2172344.294062728,1791283781.783588,"(2.68310546875, 3.56689453125, 4.294921875)","Inter-|   Receive                                                |  Transmit
 face |bytes    packets errs drop fifo frame compressed multicast|bytes    packets errs drop fifo colls carrier compressed
    lo: 16337886008 21841372    0    0    0     0          0         0 16337886008 21841372    0    0    0     0       0          0
enp3s0: 101776698559 80164538    0    0    0     0          0         0 594709933 8095524    0    0    0     0       0          0
enp6s0: 62490680  544833    0  260    0     0          0     18851        0       0    0    0    0     0       0          0
wlp4s0: 9003677898 14865436    0    0    0     0          0         0 17083044516 19582996    0    0    0     0       0          0
","MemTotal:       32698160 kB
MemFree:         3211128 kB
MemAvailable:   24130108 kB
Buffers:          429640 kB
Cached:         20102088 kB
SwapCached:        26004 kB
Active:         16670188 kB
Inactive:       10940864 kB
Active(anon):    1602692 kB
Inactive(anon):  5266464 kB
Active(file):   15067496 kB
Inactive(file):  5674400 kB
Unevictable:          24 kB
Mlocked:              16 kB
SwapTotal:       2097148 kB
SwapFree:            324 kB
Zswap:                 0 kB
Zswapped:              0 kB
Dirty:               632 kB
Writeback:             0 kB
AnonPages:       7055260 kB
Mapped:          1159644 kB
Shmem:             71636 kB
KReclaimable:     646904 kB
Slab:            1008172 kB
SReclaimable:     646904 kB
SUnreclaim:       361268 kB
KernelStack:       28080 kB
PageTables:        83384 kB
SecPageTables:         0 kB
NFS_Unstable:          0 kB
Bounce:                0 kB
WritebackTmp:          0 kB
CommitLimit:    18446228 kB
Committed_AS:   23650744 kB
VmallocTotal:   34359738367 kB
VmallocUsed:      236524 kB
VmallocChunk:          0 kB
Percpu:            20160 kB
HardwareCorrupted:     0 kB
AnonHugePages:         0 kB
ShmemHugePages:        0 kB
ShmemPmdMapped:        0 kB
FileHugePages:         0 kB
FilePmdMapped:         0 kB
Unaccepted:            0 kB
HugePages_Total:       0
HugePages_Free:        0
HugePages_Rsvd:        0
HugePages_Surp:        0
Hugepagesize:       2048 kB
Hugetlb:               0 kB
DirectMap4k:    31524404 kB
DirectMap2M:     1867776 kB
DirectMap1G:     1048576 kB
",cpu  66731679 213926 12913521 4257494432 480665 0 473721 0 0 0,"3017586 (ros2_control_no) S 3017571 3017571 2912103 34817 3017571 4194304 13750 0 10 0 1205740 9430 0 0 20 0 39 0 216637404 2744172544 29203 18446744073709551615 106820472733696 106820472749549 140723865944256 0 0 0 4096 0 1098925310 0 0 0 17 16 0 0 0 0 0 106820472760512 106820472762592 106821535870976 140723865947817 140723865948053 140723865948053 140723865956287 0
"
2172344.495466415,1791283781.9849916,"(2.68310546875, 3.56689453125, 4.294921875)","Inter-|   Receive                                                |  Transmit
 face |bytes    packets errs drop fifo frame compressed multicast|bytes    packets errs drop fifo colls carrier compressed
    lo: 16337890799 21841408    0    0    0     0          0         0 16337890799 21841408    0    0    0     0       0          0
enp3s0: 101776973328 80164755    0    0    0     0          0         0 594711517 8095548    0    0    0     0       0          0
enp6s0: 62490680  544833    0  260    0     0          0     18851        0       0    0    0    0     0       0          0
wlp4s0: 9003680343 14865456    0    0    0     0          0         0 17083051252 19583029    0    0    0     0       0          0
","MemTotal:       32698160 kB
MemFree:         3211128 kB
MemAvailable:   24130108 kB
Buffers:          429640 kB
Cached:         20102088 kB
SwapCached:        26004 kB
Active:         16670228 kB
Inactive:       10940864 kB
Active(anon):    1602732 kB
Inactive(anon):  5266464 kB
Active(file):   15067496 kB
Inactive(file):  5674400 kB
Unevictable:          24 kB
Mlocked:              16 kB
SwapTotal:       2097148 kB
SwapFree:            324 kB
Zswap:                 0 kB
Zswapped:              0 kB
Dirty:               640 kB
Writeback:             0 kB
AnonPages:       7055304 kB
Mapped:          1159644 kB
Shmem:             71636 kB
KReclaimable:     646904 kB
Slab:            1008172 kB
SReclaimable:     646904 kB
SUnreclaim:       361268 kB
KernelStack:       28080 kB
PageTables:        83384 kB
SecPageTables:         0 kB
NFS_Unstable:          0 kB
Bounce:                0 kB
WritebackTmp:          0 kB
CommitLimit:    18446228 kB
Committed_AS:   23650744 kB
VmallocTotal:   34359738367 kB
VmallocUsed:      236524 kB
VmallocChunk:          0 kB
Percpu:            20160 kB
HardwareCorrupted:     0 kB
AnonHugePages:         0 kB
ShmemHugePages:        0 kB
ShmemPmdMapped:        0 kB
FileHugePages:         0 kB
FilePmdMapped:         0 kB
Unaccepted:            0 kB
HugePages_Total:       0
HugePages_Free:        0
HugePages_Rsvd:        0
HugePages_Surp:        0
Hugepagesize:       2048 kB
Hugetlb:               0 kB
DirectMap4k:    31524404 kB
DirectMap2M:     1867776 kB
DirectMap1G:     1048576 kB
",cpu  66731739 213926 12913524 4257494774 480665 0 473722 0 0 0,"3017586 (ros2_control_no) S 3017571 3017571 2912103 34817 3017571 4194304 13750 0 10 0 1205780 9430 0 0 20 0 39 0 216637404 2744172544 29203 18446744073709551615 106820472733696 106820472749549 140723865944256 0 0 0 4096 0 1098925310 0 0 0 17 16 0 0 0 0 0 106820472760512 106820472762592 106821535870976 140723865947817 140723865948053 140723865948053 140723865956287 0
"
2172344.69686007,1791283782.1863852,"(2.68310546875, 3.56689453125, 4.294921875)","Inter-|   Receive                                                |  Transmit
 face |bytes    packets errs drop fifo frame compressed multicast|bytes    packets errs drop fifo colls carrier compressed
    lo: 16337899359 21841457    0    0    0     0          0         0 16337899359 21841457    0    0    0     0       0          0
enp3s0: 101777247190 80164965    0    0    0     0          0         0 594712573 8095564    0    0    0     0       0          0
enp6s0: 62490680  544833    0  260    0     0          0     18851        0       0    0    0    0     0       0          0
wlp4s0: 9003684094 14865469    0    0    0     0          0         0 17083060068 19583056    0    0    0     0       0          0
","MemTotal:       32698160 kB
MemFree:         3168876 kB
MemAvailable:   24087868 kB
Buffers:          429676 kB
Cached:         20102056 kB
SwapCached:        26004 kB
Active:         16689340 kB
Inactive:       10940836 kB
Active(anon):    1621844 kB
Inactive(anon):  5266424 kB
Active(file):   15067496 kB
Inactive(file):  5674412 kB
Unevictable:          24 kB
Mlocked:              16 kB
SwapTotal:       2097148 kB
SwapFree:            324 kB
Zswap:                 0 kB
Zswapped:              0 kB
Dirty:               688 kB
Writeback:             0 kB
AnonPages:       7074296 kB
Mapped:          1160072 kB
Shmem:             71636 kB
KReclaimable:     646904 kB
Slab:            1008172 kB
SReclaimable:     646904 kB
SUnreclaim:       361268 kB
KernelStack:       28048 kB
PageTables:        83284 kB
SecPageTables:         0 kB
NFS_Unstable:          0 kB
Bounce:                0 kB
WritebackTmp:          0 kB
CommitLimit:    18446228 kB
Committed_AS:   23690688 kB
VmallocTotal:   34359738367 kB
VmallocUsed:      236560 kB
VmallocChunk:          0 kB
Percpu:            20160 kB
HardwareCorrupted:     0 kB
AnonHugePages:         0 kB
ShmemHugePages:        0 kB
ShmemPmdMapped:        0 kB
FileHugePages:         0 kB
FilePmdMapped:         0 kB
Unaccepted:            0 kB
HugePages_Total:       0
HugePages_Free:        0
HugePages_Rsvd:        0
HugePages_Surp:        0
Hugepagesize:       2048 kB
Hugetlb:               0 kB
DirectMap4k:    31524404 kB
DirectMap2M:     1867776 kB
DirectMap1G:     1048576 kB
",cpu  66731805 213926 12913534 4257495100 480666 0 473722 0 0 0,"3017586 (ros2_control_no) S 3017571 3017571 2912103 34817 3017571 4194304 13750 0 10 0 1205821 9430 0 0 20 0 39 0 216637404 2744172544 29203 18446744073709551615 106820472733696 106820472749549 140723865944256 0 0 0 4096 0 1098925310 0 0 0 17 16 0 0 0 0 0 106820472760512 106820472762592 106821535870976 140723865947817 140723865948053 140723865948053 140723865956287 0
"
2172344.89819684,1791283782.387722,"(2.70849609375, 3.55712890625, 4.28759765625)","Inter-|   Receive                                                |  Transmit
 face |bytes    packets errs drop fifo frame compressed multicast|bytes    packets errs drop fifo colls carrier compressed
    lo: 16338146567 21841544    0    0    0     0          0         0 16338146567 21841544    0    0    0     0       0          0
enp3s0: 101777521386 80165177    0    0    0     0          0         0 594714610 8095586    0    0    0     0       0          0
enp6s0: 62490680  544833    0  260    0     0          0     18851        0       0    0    0    0     0       0          0
wlp4s0: 9003718702 14865555    0    0    0     0          0         0 17083308288 19583128    0    0    0     0       0          0
","MemTotal:       32698160 kB
MemFree:         3156556 kB
MemAvailable:   24075548 kB
Buffers:          429716 kB
Cached:         20102016 kB
SwapCached:        26004 kB
Active:         16677976 kB
Inactive:       10940836 kB
Active(anon):    1610480 kB
Inactive(anon):  5266424 kB
Active(file):   15067496 kB
Inactive(file):  5674412 kB
Unevictable:          24 kB
Mlocked:              16 kB
SwapTotal:       2097148 kB
SwapFree:            324 kB
Zswap:                 0 kB
Zswapped:              0 kB
Dirty:                 0 kB
Writeback:           368 kB
AnonPages:       7062964 kB
Mapped:          1159644 kB
Shmem:             71636 kB
KReclaimable:     646904 kB
Slab:            1008180 kB
SReclaimable:     646904 kB
SUnreclaim:       361276 kB
KernelStack:       28016 kB
PageTables:        83192 kB
SecPageTables:         0 kB
NFS_Unstable:          0 kB
Bounce:                0 kB
WritebackTmp:          0 kB
CommitLimit:    18446228 kB
Committed_AS:   23688992 kB
VmallocTotal:   34359738367 kB
VmallocUsed:      236540 kB
VmallocChunk:          0 kB
Percpu:            20160 kB
HardwareCorrupted:     0 kB
AnonHugePages:         0 kB
ShmemHugePages:        0 kB
ShmemPmdMapped:        0 kB
FileHugePages:         0 kB
FilePmdMapped:         0 kB
Unaccepted:            0 kB
HugePages_Total:       0
HugePages_Free:        0
HugePages_Rsvd:        0
HugePages_Surp:        0
Hugepagesize:       2048 kB
Hugetlb:               0 kB
DirectMap4k:    31524404 kB
DirectMap2M:     1867776 kB
DirectMap1G:     1048576 kB
",cpu  66731881 213926 12913539 4257495419 480667 0 473723 0 0 0,"3017586 (ros2_control_no) S 3017571 3017571 2912103 34817 3017571 4194304 13750 0 10 0 1205862 9431 0 0 20 0 39 0 216637404 2744172544 29203 18446744073709551615 106820472733696 106820472749549 140723865944256 0 0 0 4096 0 1098925310 0 0 0 17 17 0 0 0 0 0 106820472760512 106820472762592 106821535870976 140723865947817 140723865948053 140723865948053 140723865956287 0
"
2172345.099755911,1791283782.589281,"(2.70849609375, 3.55712890625, 4.28759765625)","Inter-|   Receive                                                |  Transmit
 face |bytes    packets errs drop fifo frame compressed multicast|bytes    packets errs drop fifo colls carrier compressed
    lo: 16338154502 21841586    0    0    0     0          0         0 16338154502 21841586    0    0    0     0       0          0
enp3s0: 101777795415 80165388    0    0    0     0          0         0 594715732 8095603    0    0    0     0       0          0
enp6s0: 62490680  544833    0  260    0     0          0     18851        0       0    0    0    0     0       0          0
wlp4s0: 9003723524 14865578    0    0    0     0          0         0 17083317747 19583163    0    0    0     0       0          0
","MemTotal:       32698160 kB
MemFree:         3159912 kB
MemAvailable:   24078920 kB
Buffers:          429716 kB
Cached:         20102036 kB
SwapCached:        26004 kB
Active:         16678544 kB
Inactive:       10940852 kB
Active(anon):    1611048 kB
Inactive(anon):  5266424 kB
Active(file):   15067496 kB
Inactive(file):  5674428 kB
Unevictable:          24 kB
Mlocked:              16 kB
SwapTotal:       2097148 kB
SwapFree:            324 kB
Zswap:                 0 kB
Zswapped:              0 kB
Dirty:               176 kB
Writeback:           368 kB
AnonPages:       7063504 kB
Mapped:          1159644 kB
Shmem:             71636 kB
KReclaimable:     646904 kB
Slab:            1008164 kB
SReclaimable:     646904 kB
SUnreclaim:       361260 kB
KernelStack:       28016 kB
PageTables:        83192 kB
SecPageTables:         0 kB
NFS_Unstable:          0 kB
Bounce:                0 kB
WritebackTmp:          0 kB
CommitLimit:    18446228 kB
Committed_AS:   23688992 kB
VmallocTotal:   34359738367 kB
VmallocUsed:      236540 kB
VmallocChunk:          0 kB
Percpu:            20160 kB
HardwareCorrupted:     0 kB
AnonHugePages:         0 kB
ShmemHugePages:        0 kB
ShmemPmdMapped:        0 kB
FileHugePages:         0 kB
FilePmdMapped:         0 kB
Unaccepted:            0 kB
HugePages_Total:       0
HugePages_Free:        0
HugePages_Rsvd:        0
HugePages_Surp:        0
Hugepagesize:       2048 kB
Hugetlb:               0 kB
DirectMap4k:    31524404 kB
DirectMap2M:     1867776 kB
DirectMap1G:     1048576 kB
",cpu  66731942 213926 12913545 4257495756 480667 0 473723 0 0 0,"3017586 (ros2_control_no) S 3017571 3017571 2912103 34817 3017571 4194304 13750 0 10 0 1205903 9431 0 0 20 0 39 0 216637404 2744172544 29203 18446744073709551615 106820472733696 106820472749549 140723865944256 0 0 0 4096 0 1098925310 0 0 0 17 17 0 0 0 0 0 106820472760512 106820472762592 106821535870976 140723865947817 140723865948053 140723865948053 140723865956287 0
"
2172345.301540669,1791283782.7910657,"(2.70849609375, 3.55712890625, 4.28759765625)","Inter-|   Receive                                                |  Transmit
 face |bytes    packets errs drop fifo frame compressed multicast|bytes    packets errs drop fifo colls carrier compressed
    lo: 16338162494 21841627    0    0    0     0          0         0 16338162494 21841627    0    0    0     0       0          0
enp3s0: 101778070446 80165605    0    0    0     0          0         0 594718006 8095628    0    0    0     0       0          0
enp6s0: 62490680  544833    0  260    0     0          0     18851        0       0    0    0    0     0       0          0
wlp4s0: 9003724923 14865587    0    0    0     0          0         0 17083327710 19583192    0    0    0     0       0          0
","MemTotal:       32698160 kB
MemFree:         3159504 kB
MemAvailable:   24078636 kB
Buffers:          429716 kB
Cached:         20102160 kB
SwapCached:        26004 kB
Active:         16678504 kB
Inactive:       10940952 kB
Active(anon):    1611008 kB
Inactive(anon):  5266404 kB
Active(file):   15067496 kB
Inactive(file):  5674548 kB
Unevictable:          24 kB
Mlocked:              16 kB
SwapTotal:       2097148 kB
SwapFree:            324 kB
Zswap:                 0 kB
Zswapped:              0 kB
Dirty:               504 kB
Writeback:             0 kB
AnonPages:       7063472 kB
Mapped:          1159644 kB
Shmem:             71636 kB
KReclaimable:     646908 kB
Slab:            1008112 kB
SReclaimable:     646908 kB
SUnreclaim:       361204 kB
KernelStack:       28160 kB
PageTables:        83412 kB
SecPageTables:         0 kB
NFS_Unstable:          0 kB
Bounce:                0 kB
WritebackTmp:          0 kB
CommitLimit:    18446228 kB
Committed_AS:   23688992 kB
VmallocTotal:   34359738367 kB
VmallocUsed:      236540 kB
VmallocChunk:          0 kB
Percpu:            20160 kB
HardwareCorrupted:     0 kB
AnonHugePages:         0 kB
ShmemHugePages:        0 kB
ShmemPmdMapped:        0 kB
FileHugePages:         0 kB
FilePmdMapped:         0 kB
Unaccepted:            0 kB
HugePages_Total:       0
HugePages_Free:        0
HugePages_Rsvd:        0
HugePages_Surp:        0
Hugepagesize:       2048 kB
Hugetlb:               0 kB
DirectMap4k:    31524404 kB
DirectMap2M:     1867776 kB
DirectMap1G:     1048576 kB
",cpu  66731994 213926 12913549 4257496102 480667 0 473723 0 0 0,"3017586 (ros2_control_no) S 3017571 3017571 2912103 34817 3017571 4194304 13750 0 10 0 1205944 9431 0 0 20 0 39 0 216637404 2744172544 29203 18446744073709551615 106820472733696 106820472749549 140723865944256 0 0 0 4096 0 1098925310 0 0 0 17 17 0 0 0 0 0 106820472760512 106820472762592 106821535870976 140723865947817 140723865948053 140723865948053 140723865956287 0
"
2172345.502764836,1791283782.9922898,"(2.70849609375, 3.55712890625, 4.28759765625)","Inter-|   Receive                                                |  Transmit
 face |bytes    packets errs drop fifo frame compressed multicast|bytes    packets errs drop fifo colls carrier compressed
    lo: 16338167889 21841671    0    0    0     0          0         0 16338167889 21841671    0    0    0     0       0          0
enp3s0: 101778344308 80165815    0    0    0     0          0         0 594719062 8095644    0    0    0     0       0          0
enp6s0: 62490680  544833    0  260    0     0          0     18851        0       0    0    0    0     0       0          0
wlp4s0: 9003726333 14865603    0    0    0     0          0         0 17083333444 19583212    0    0    0     0       0          0
","MemTotal:       32698160 kB
MemFree:         3159504 kB
MemAvailable:   24078636 kB
Buffers:          429716 kB
Cached:         20102164 kB
SwapCached:        26004 kB
Active:         16678564 kB
Inactive:       10940952 kB
Active(anon):    1611068 kB
Inactive(anon):  5266404 kB
Active(file):   15067496 kB
Inactive(file):  5674548 kB
Unevictable:          24 kB
Mlocked:              16 kB
SwapTotal:       2097148 kB
SwapFree:            324 kB
Zswap:                 0 kB
Zswapped:              0 kB
Dirty:               508 kB
Writeback:             0 kB
AnonPages:       7063572 kB
Mapped:          1159644 kB
Shmem:             71636 kB
KReclaimable:     646908 kB
Slab:            1008120 kB
SReclaimable:     646908 kB
SUnreclaim:       361212 kB
KernelStack:       28160 kB
PageTables:        83412 kB
SecPageTables:         0 kB
NFS_Unstable:          0 kB
Bounce:                0 kB
WritebackTmp:          0 kB
CommitLimit:    18446228 kB
Committed_AS:   23688992 kB
VmallocTotal:   34359738367 kB
VmallocUsed:      236540 kB
VmallocChunk:          0 kB
Percpu:            20160 kB
HardwareCorrupted:     0 kB
AnonHugePages:         0 kB
ShmemHugePages:        0 kB
ShmemPmdMapped:        0 kB
FileHugePages:         0 kB
FilePmdMapped:         0 kB
Unaccepted:            0 kB
HugePages_Total:       0
HugePages_Free:        0
HugePages_Rsvd:        0
HugePages_Surp:        0
Hugepagesize:       2048 kB
Hugetlb:               0 kB
DirectMap4k:    31524404 kB
DirectMap2M:     1867776 kB
DirectMap1G:     1048576 kB
",cpu  66732057 213926 12913554 4257496439 480667 0 473724 0 0 0,"3017586 (ros2_control_no) S 3017571 3017571 2912103 34817 3017571 4194304 13750 0 10 0 1205985 9431 0 0 20 0 39 0 216637404 2744172544 29203 18446744073709551615 106820472733696 106820472749549 140723865944256 0 0 0 4096 0 1098925310 0 0 0 17 17 0 0 0 0 0 106820472760512 106820472762592 106821535870976 140723865947817 140723865948053 140723865948053 140723865956287 0
"
2172345.704279906,1791283783.193805,"(2.70849609375, 3.55712890625, 4.28759765625)","Inter-|   Receive                                                |  Transmit
 face |bytes    packets errs drop fifo frame compressed multicast|bytes    packets errs drop fifo colls carrier compressed
    lo: 16338175993 21841719    0    0    0     0          0         0 16338175993 21841719    0    0    0     0       0          0
enp3s0: 101778618838 80166029    0    0    0     0          0         0 594720811 8095666    0    0    0     0       0          0
enp6s0: 62490680  544833    0  260    0     0          0     18851        0       0    0    0    0     0       0          0
wlp4s0: 9003728170 14865619    0    0    0     0          0         0 17083342363 19583242    0    0    0     0       0          0
","MemTotal:       32698160 kB
MemFree:         3159504 kB
MemAvailable:   24078636 kB
Buffers:          429716 kB
Cached:         20102172 kB
SwapCached:        26004 kB
Active:         16678684 kB
Inactive:       10940952 kB
Active(anon):    1611188 kB
Inactive(anon):  5266404 kB
Active(file):   15067496 kB
Inactive(file):  5674548 kB
Unevictable:          24 kB
Mlocked:              16 kB
SwapTotal:       2097148 kB
SwapFree:            324 kB
Zswap:                 0 kB
Zswapped:              0 kB
Dirty:               528 kB
Writeback:             0 kB
AnonPages:       7063716 kB
Mapped:          1159644 kB
Shmem:             71636 kB
KReclaimable:     646908 kB
Slab:            1008136 kB
SReclaimable:     646908 kB
SUnreclaim:       361228 kB
KernelStack:       28160 kB
PageTables:        83412 kB
SecPageTables:         0 kB
NFS_Unstable:          0 kB
Bounce:                0 kB
WritebackTmp:          0 kB
CommitLimit:    18446228 kB
Committed_AS:   23688992 kB
VmallocTotal:   34359738367 kB
VmallocUsed:      236540 kB
VmallocChunk:          0 kB
Percpu:            20160 kB
HardwareCorrupted:     0 kB
AnonHugePages:         0 kB
ShmemHugePages:        0 kB
ShmemPmdMapped:        0 kB
FileHugePages:         0 kB
FilePmdMapped:         0 kB
Unaccepted:            0 kB
HugePages_Total:       0
HugePages_Free:        0
HugePages_Rsvd:        0
HugePages_Surp:        0
Hugepagesize:       2048 kB
Hugetlb:               0 kB
DirectMap4k:    31524404 kB
DirectMap2M:     1867776 kB
DirectMap1G:     1048576 kB
",cpu  66732120 213926 12913559 4257496775 480667 0 473724 0 0 0,"3017586 (ros2_control_no) S 3017571 3017571 2912103 34817 3017571 4194304 13750 0 10 0 1206025 9431 0 0 20 0 39 0 216637404 2744172544 29203 18446744073709551615 106820472733696 106820472749549 140723865944256 0 0 0 4096 0 1098925310 0 0 0 17 17 0 0 0 0 0 106820472760512 106820472762592 106821535870976 140723865947817 140723865948053 140723865948053 140723865956287 0
"
2172345.905866047,1791283783.3953912,"(2.70849609375, 3.55712890625, 4.28759765625)","Inter-|   Receive                                                |  Transmit
 face |bytes    packets errs drop fifo frame compressed multicast|bytes    packets errs drop fifo colls carrier compressed
    lo: 16338182273 21841762    0    0    0     0          0         0 16338182273 21841762    0    0    0     0       0          0
enp3s0: 101778893368 80166243    0    0    0     0          0         0 594722107 8095686    0    0    0     0       0          0
enp6s0: 62490680  544833    0  260    0     0          0     18851        0       0    0    0    0     0       0          0
wlp4s0: 9003731230 14865636    0    0    0     0          0         0 17083349059 19583264    0    0    0     0       0          0
","MemTotal:       32698160 kB
MemFree:         3159504 kB
MemAvailable:   24078636 kB
Buffers:          429716 kB
Cached:         20102176 kB
SwapCached:        26004 kB
Active:         16678864 kB
Inactive:       10940952 kB
Active(anon):    1611368 kB
Inactive(anon):  5266404 kB
Active(file):   15067496 kB
Inactive(file):  5674548 kB
Unevictable:          24 kB
Mlocked:              16 kB
SwapTotal:       2097148 kB
SwapFree:            324 kB
Zswap:                 0 kB
Zswapped:              0 kB
Dirty:               532 kB
Writeback:             0 kB
AnonPages:       7063836 kB
Mapped:          1159644 kB
Shmem:             71636 kB
KReclaimable:     646908 kB
Slab:            1008056 kB
SReclaimable:     646908 kB
SUnreclaim:       361148 kB
KernelStack:       28160 kB
PageTables:        83412 kB
SecPageTables:         0 kB
NFS_Unstable:          0 kB
Bounce:                0 kB
WritebackTmp:          0 kB
CommitLimit:    18446228 kB
Committed_AS:   23688992 kB
VmallocTotal:   34359738367 kB
VmallocUsed:      236540 kB
VmallocChunk:          0 kB
Percpu:            20160 kB
HardwareCorrupted:     0 kB
AnonHugePages:         0 kB
ShmemHugePages:        0 kB
ShmemPmdMapped:        0 kB
FileHugePages:         0 kB
FilePmdMapped:         0 kB
Unaccepted:            0 kB
HugePages_Total:       0
HugePages_Free:        0
HugePages_Rsvd:        0
HugePages_Surp:        0
Hugepagesize:       2048 kB
Hugetlb:               0 kB
DirectMap4k:    31524404 kB
DirectMap2M:     1867776 kB
DirectMap1G:     1048576 kB
",cpu  66732186 213926 12913565 4257497108 480667 0 473724 0 0 0,"3017586 (ros2_control_no) S 3017571 3017571 2912103 34817 3017571 4194304 13750 0 10 0 1206066 9432 0 0 20 0 39 0 216637404 2744172544 29203 18446744073709551615 106820472733696 106820472749549 140723865944256 0 0 0 4096 0 1098925310 0 0 0 17 17 0 0 0 0 0 106820472760512 106820472762592 106821535870976 140723865947817 140723865948053 140723865948053 140723865956287 0
"
2172346.107258507,1791283783.5967836,"(2.70849609375, 3.55712890625, 4.28759765625)","Inter-|   Receive                                                |  Transmit
 face |bytes    packets errs drop fifo frame compressed multicast|bytes    packets errs drop fifo colls carrier compressed
    lo: 16338187469 21841800    0    0    0     0          0         0 16338187469 21841800    0    0    0     0       0          0
enp3s0: 101779167898 80166457    0    0    0     0          0         0 594723427 8095706    0    0    0     0       0          0
enp6s0: 62491088  544835    0  260    0     0          0     18851        0       0    0    0    0     0       0          0
wlp4s0: 9003732142 14865646    0    0    0     0          0         0 17083355646 19583285    0    0    0     0       0          0
","MemTotal:       32698160 kB
MemFree:         3159000 kB
MemAvailable:   24078132 kB
Buffers:          429716 kB
Cached:         20102184 kB
SwapCached:        26004 kB
Active:         16678984 kB
Inactive:       10940952 kB
Active(anon):    1611488 kB
Inactive(anon):  5266404 kB
Active(file):   15067496 kB
Inactive(file):  5674548 kB
Unevictable:          24 kB
Mlocked:              16 kB
SwapTotal:       2097148 kB
SwapFree:            324 kB
Zswap:                 0 kB
Zswapped:              0 kB
Dirty:               540 kB
Writeback:             0 kB
AnonPages:       7063972 kB
Mapped:          1159644 kB
Shmem:             71636 kB
KReclaimable:     646908 kB
Slab:            1008056 kB
SReclaimable:     646908 kB
SUnreclaim:       361148 kB
KernelStack:       28160 kB
PageTables:        83412 kB
SecPageTables:         0 kB
NFS_Unstable:          0 kB
Bounce:                0 kB
WritebackTmp:          0 kB
CommitLimit:    18446228 kB
Committed_AS:   23690016 kB
VmallocTotal:   34359738367 kB
VmallocUsed:      236540 kB
VmallocChunk:          0 kB
Percpu:            20160 kB
HardwareCorrupted:     0 kB
AnonHugePages:         0 kB
ShmemHugePages:        0 kB
ShmemPmdMapped:        0 kB
FileHugePages:         0 kB
FilePmdMapped:         0 kB
Unaccepted:            0 kB
HugePages_Total:       0
HugePages_Free:        0
HugePages_Rsvd:        0
HugePages_Surp:        0
Hugepagesize:       2048 kB
Hugetlb:               0 kB
DirectMap4k:    31524404 kB
DirectMap2M:     1867776 kB
DirectMap1G:     1048576 kB
",cpu  66732247 213926 12913570 4257497447 480667 0 473725 0 0 0,"3017586 (ros2_control_no) S 3017571 3017571 2912103 34817 3017571 4194304 13750 0 10 0 1206107 9432 0 0 20 0 39 0 216637404 2744172544 29203 18446744073709551615 106820472733696 106820472749549 140723865944256 0 0 0 4096 0 1098925310 0 0 0 17 17 0 0 0 0 0 106820472760512 106820472762592 106821535870976 140723865947817 140723865948053 140723865948053 140723865956287 0
"
2172346.308543886,1791283783.798069,"(2.70849609375, 3.55712890625, 4.28759765625)","Inter-|   Receive                                                |  Transmit
 face |bytes    packets errs drop fifo frame compressed multicast|bytes    packets errs drop fifo colls carrier compressed
    lo: 16338193959 21841843    0    0    0     0          0         0 16338193959 21841843    0    0    0     0       0          0
enp3s0: 101779442762 80166673    0    0    0     0          0         0 594724879 8095728    0    0    0     0       0          0
enp6s0: 62491088  544835    0  260    0     0          0     18851        0       0    0    0    0     0       0          0
wlp4s0: 9003733500 14865658    0    0    0     0          0         0 17083361499 19583306    0    0    0     0       0          0
","MemTotal:       32698160 kB
MemFree:         3160420 kB
MemAvailable:   24079552 kB
Buffers:          429716 kB
Cached:         20102188 kB
SwapCached:        26004 kB
Active:         16679104 kB
Inactive:       10940952 kB
Active(anon):    1611608 kB
Inactive(anon):  5266404 kB
Active(file):   15067496 kB
Inactive(file):  5674548 kB
Unevictable:          24 kB
Mlocked:              16 kB
SwapTotal:       2097148 kB
SwapFree:            324 kB
Zswap:                 0 kB
Zswapped:              0 kB
Dirty:               544 kB
Writeback:             0 kB
AnonPages:       7064184 kB
Mapped:          1159644 kB
Shmem:             71636 kB
KReclaimable:     646908 kB
Slab:            1008032 kB
SReclaimable:     646908 kB
SUnreclaim:       361124 kB
KernelStack:       28160 kB
PageTables:        83412 kB
SecPageTables:         0 kB
NFS_Unstable:          0 kB
Bounce:                0 kB
WritebackTmp:          0 kB
CommitLimit:    18446228 kB
Committed_AS:   23690016 kB
VmallocTotal:   34359738367 kB
VmallocUsed:      236540 kB
VmallocChunk:          0 kB
Percpu:            20160 kB
HardwareCorrupted:     0 kB
AnonHugePages:         0 kB
ShmemHugePages:        0 kB
ShmemPmdMapped:        0 kB
FileHugePages:         0 kB
FilePmdMapped:         0 kB
Unaccepted:            0 kB
HugePages_Total:       0
HugePages_Free:        0
HugePages_Rsvd:        0
HugePages_Surp:        0
Hugepagesize:       2048 kB
Hugetlb:               0 kB
DirectMap4k:    31524404 kB
DirectMap2M:     1867776 kB
DirectMap1G:     1048576 kB
",cpu  66732305 213926 12913573 4257497788 480667 0 473725 0 0 0,"3017586 (ros2_control_no) S 3017571 3017571 2912103 34817 3017571 4194304 13750 0 10 0 1206147 9432 0 0 20 0 39 0 216637404 2744172544 29203 18446744073709551615 106820472733696 106820472749549 140723865944256 0 0 0 4096 0 1098925310 0 0 0 17 17 0 0 0 0 0 106820472760512 106820472762592 106821535870976 140723865947817 140723865948053 140723865948053 140723865956287 0
"
2172346.509993883,1791283783.9995189,"(2.70849609375, 3.55712890625, 4.28759765625)","Inter-|   Receive                                                |  Transmit
 face |bytes    packets errs drop fifo frame compressed multicast|bytes    packets errs drop fifo colls carrier compressed
    lo: 16338200713 21841885    0    0    0     0          0         0 16338200713 21841885    0    0    0     0       0          0
enp3s0: 101779717459 80166888    0    0    0     0          0         0 594726265 8095749    0    0    0     0       0          0
enp6s0: 62491088  544835    0  260    0     0          0     18851        0       0    0    0    0     0       0          0
wlp4s0: 9003734502 14865669    0    0    0     0          0         0 17083368937 19583332    0    0    0     0       0          0
","MemTotal:       32698160 kB
MemFree:         3160420 kB
MemAvailable:   24079564 kB
Buffers:          429716 kB
Cached:         20102192 kB
SwapCached:        26004 kB
Active:         16679332 kB
Inactive:       10940964 kB
Active(anon):    1611836 kB
Inactive(anon):  5266404 kB
Active(file):   15067496 kB
Inactive(file):  5674560 kB
Unevictable:          24 kB
Mlocked:              16 kB
SwapTotal:       2097148 kB
SwapFree:            324 kB
Zswap:                 0 kB
Zswapped:              0 kB
Dirty:               548 kB
Writeback:             0 kB
AnonPages:       7064324 kB
Mapped:          1159644 kB
Shmem:             71636 kB
KReclaimable:     646908 kB
Slab:            1008032 kB
SReclaimable:     646908 kB
SUnreclaim:       361124 kB
KernelStack:       28160 kB
PageTables:        83412 kB
SecPageTables:         0 kB
NFS_Unstable:          0 kB
Bounce:                0 kB
WritebackTmp:          0 kB
CommitLimit:    18446228 kB
Committed_AS:   23690016 kB
VmallocTotal:   34359738367 kB
VmallocUsed:      236540 kB
VmallocChunk:          0 kB
Percpu:            20160 kB
HardwareCorrupted:     0 kB
AnonHugePages:         0 kB
ShmemHugePages:        0 kB
ShmemPmdMapped:        0 kB
FileHugePages:         0 kB
FilePmdMapped:         0 kB
Unaccepted:            0 kB
HugePages_Total:       0
HugePages_Free:        0
HugePages_Rsvd:        0
HugePages_Surp:        0
Hugepagesize:       2048 kB
Hugetlb:               0 kB
DirectMap4k:    31524404 kB
DirectMap2M:     1867776 kB
DirectMap1G:     1048576 kB
",cpu  66732370 213926 12913577 4257498127 480667 0 473726 0 0 0,"3017586 (ros2_control_no) S 3017571 3017571 2912103 34817 3017571 4194304 13750 0 10 0 1206188 9432 0 0 20 0 39 0 216637404 2744172544 29203 18446744073709551615 106820472733696 106820472749549 140723865944256 0 0 0 4096 0 1098925310 0 0 0 17 17 0 0 0 0 0 106820472760512 106820472762592 106821535870976 140723865947817 140723865948053 140723865948053 140723865956287 0
"
2172346.711960137,1791283784.2014854,"(2.70849609375, 3.55712890625, 4.28759765625)","Inter-|   Receive                                                |  Transmit
 face |bytes    packets errs drop fifo frame compressed multicast|bytes    packets errs drop fifo colls carrier compressed
    lo: 16338210976 21841936    0    0    0     0          0         0 16338210976 21841936    0    0    0     0       0          0
enp3s0: 101779992323 80167104    0    0    0     0          0         0 594727768 8095772    0    0    0     0       0          0
enp6s0: 62491088  544835    0  260    0     0          0     18851        0       0    0    0    0     0       0          0
wlp4s0: 9003735891 14865683    0    0    0     0          0         0 17083379565 19583357    0    0    0     0       0          0
","MemTotal:       32698160 kB
MemFree:         3159920 kB
MemAvailable:   24079064 kB
Buffers:          429716 kB
Cached:         20102200 kB
SwapCached:        26004 kB
Active:         16679452 kB
Inactive:       10940964 kB
Active(anon):    1611956 kB
Inactive(anon):  5266404 kB
Active(file):   15067496 kB
Inactive(file):  5674560 kB
Unevictable:          24 kB
Mlocked:              16 kB
SwapTotal:       2097148 kB
SwapFree:            324 kB
Zswap:                 0 kB
Zswapped:              0 kB
Dirty:               556 kB
Writeback:             0 kB
AnonPages:       7064452 kB
Mapped:          1159644 kB
Shmem:             71636 kB
KReclaimable:     646908 kB
Slab:            1008040 kB
SReclaimable:     646908 kB
SUnreclaim:       361132 kB
KernelStack:       28160 kB
PageTables:        83412 kB
SecPageTables:         0 kB
NFS_Unstable:          0 kB
Bounce:                0 kB
WritebackTmp:          0 kB
CommitLimit:    18446228 kB
Committed_AS:   23690016 kB
VmallocTotal:   34359738367 kB
VmallocUsed:      236540 kB
VmallocChunk:          0 kB
Percpu:            20160 kB
HardwareCorrupted:     0 kB
AnonHugePages:         0 kB
ShmemHugePages:        0 kB
ShmemPmdMapped:        0 kB
FileHugePages:         0 kB
FilePmdMapped:         0 kB
Unaccepted:            0 kB
HugePages_Total:       0
HugePages_Free:        0
HugePages_Rsvd:        0
HugePages_Surp:        0
Hugepagesize:       2048 kB
Hugetlb:               0 kB
DirectMap4k:    31524404 kB
DirectMap2M:     1867776 kB
DirectMap1G:     1048576 kB
",cpu  66732439 213926 12913584 4257498455 480667 0 473726 0 0 0,"3017586 (ros2_control_no) S 3017571 3017571 2912103 34817 3017571 4194304 13750 0 10 0 1206229 9432 0 0 20 0 39 0 216637404 2744172544 29203 18446744073709551615 106820472733696 106820472749549 140723865944256 0 0 0 4096 0 1098925310 0 0 0 17 17 0 0 0 0 0 106820472760512 106820472762592 106821535870976 140723865947817 140723865948053 140723865948053 140723865956287 0
"
2172346.915257543,1791283784.4047825,"(2.70849609375, 3.55712890625, 4.28759765625)","Inter-|   Receive                                                |  Transmit
 face |bytes    packets errs drop fifo frame compressed multicast|bytes    packets errs drop fifo colls carrier compressed
    lo: 16338231138 21842002    0    0    0     0          0         0 16338231138 21842002    0    0    0     0       0          0
enp3s0: 101780267907 80167317    0    0    0     0          0         0 594728998 8095791    0    0    0     0       0          0
enp6s0: 62491088  544835    0  260    0     0          0     18851        0       0    0    0    0     0       0          0
wlp4s0: 9003737700 14865703    0    0    0     0          0         0 17083399480 19583391    0    0    0     0       0          0
","MemTotal:       32698160 kB
MemFree:         3160176 kB
MemAvailable:   24079320 kB
Buffers:          429716 kB
Cached:         20102200 kB
SwapCached:        26004 kB
Active:         16679572 kB
Inactive:       10940964 kB
Active(anon):    1612076 kB
Inactive(anon):  5266404 kB
Active(file):   15067496 kB
Inactive(file):  5674560 kB
Unevictable:          24 kB
Mlocked:              16 kB
SwapTotal:       2097148 kB
SwapFree:            324 kB
Zswap:                 0 kB
Zswapped:              0 kB
Dirty:               556 kB
Writeback:             0 kB
AnonPages:       7064580 kB
Mapped:          1159644 kB
Shmem:             71636 kB
KReclaimable:     646908 kB
Slab:            1008064 kB
SReclaimable:     646908 kB
SUnreclaim:       361156 kB
KernelStack:       28160 kB
PageTables:        83412 kB
SecPageTables:         0 kB
NFS_Unstable:          0 kB
Bounce:                0 kB
WritebackTmp:          0 kB
CommitLimit:    18446228 kB
Committed_AS:   23690016 kB
VmallocTotal:   34359738367 kB
VmallocUsed:      236540 kB
VmallocChunk:          0 kB
Percpu:            20160 kB
HardwareCorrupted:     0 kB
AnonHugePages:         0 kB
ShmemHugePages:        0 kB
ShmemPmdMapped:        0 kB
FileHugePages:         0 kB
FilePmdMapped:         0 kB
Unaccepted:            0 kB
HugePages_Total:       0
HugePages_Free:        0
HugePages_Rsvd:        0
HugePages_Surp:        0
Hugepagesize:       2048 kB
Hugetlb:               0 kB
DirectMap4k:    31524404 kB
DirectMap2M:     1867776 kB
DirectMap1G:     1048576 kB
",cpu  66732514 213926 12913588 4257498785 480667 0 473727 0 0 0,"3017586 (ros2_control_no) S 3017571 3017571 2912103 34817 3017571 4194304 13750 0 10 0 1206270 9433 0 0 20 0 39 0 216637404 2744172544 29203 18446744073709551615 106820472733696 106820472749549 140723865944256 0 0 0 4096 0 1098925310 0 0 0 17 17 0 0 0 0 0 106820472760512 106820472762592 106821535870976 140723865947817 140723865948053 140723865948053 140723865956287 0
"
2172347.117055951,1791283784.606581,"(2.70849609375, 3.55712890625, 4.28759765625)","Inter-|   Receive                                                |  Transmit
 face |bytes    packets errs drop fifo frame compressed multicast|bytes    packets errs drop fifo colls carrier compressed
    lo: 16338270028 21842063    0    0    0     0          0         0 16338270028 21842063    0    0    0     0       0          0
enp3s0: 101780543491 80167530    0    0    0     0          0         0 594730186 8095809    0    0    0     0       0          0
enp6s0: 62491088  544835    0  260    0     0          0     18851        0       0    0    0    0     0       0          0
wlp4s0: 9003739926 14865728    0    0    0     0          0         0 17083437544 19583422    0    0    0     0       0          0
","MemTotal:       32698160 kB
MemFree:         3159924 kB
MemAvailable:   24079068 kB
Buffers:          429716 kB
Cached:         20102200 kB
SwapCached:        26004 kB
Active:         16679692 kB
Inactive:       10940964 kB
Active(anon):    1612196 kB
Inactive(anon):  5266404 kB
Active(file):   15067496 kB
Inactive(file):  5674560 kB
Unevictable:          24 kB
Mlocked:              16 kB
SwapTotal:       2097148 kB
SwapFree:            324 kB
Zswap:                 0 kB
Zswapped:              0 kB
Dirty:               556 kB
Writeback:             0 kB
AnonPages:       7064696 kB
Mapped:          1159644 kB
Shmem:             71636 kB
KReclaimable:     646908 kB
Slab:            1008080 kB
SReclaimable:     646908 kB
SUnreclaim:       361172 kB
KernelStack:       28160 kB
PageTables:        83412 kB
SecPageTables:         0 kB
NFS_Unstable:          0 kB
Bounce:                0 kB
WritebackTmp:          0 kB
CommitLimit:    18446228 kB
Committed_AS:   23690016 kB
VmallocTotal:   34359738367 kB
VmallocUsed:      236540 kB
VmallocChunk:          0 kB
Percpu:            20160 kB
HardwareCorrupted:     0 kB
AnonHugePages:         0 kB
ShmemHugePages:        0 kB
ShmemPmdMapped:        0 kB
FileHugePages:         0 kB
FilePmdMapped:         0 kB
Unaccepted:            0 kB
HugePages_Total:       0
HugePages_Free:        0
HugePages_Rsvd:        0
HugePages_Surp:        0
Hugepagesize:       2048 kB
Hugetlb:               0 kB
DirectMap4k:    31524404 kB
DirectMap2M:     1867776 kB
DirectMap1G:     1048576 kB
",cpu  66732584 213926 12913593 4257499119 480667 0 473728 0 0 0,"3017586 (ros2_control_no) S 3017571 3017571 2912103 34817 3017571 4194304 13750 0 10 0 1206311 9433 0 0 20 0 39 0 216637404 2744172544 29203 18446744073709551615 106820472733696 106820472749549 140723865944256 0 0 0 4096 0 1098925310 0 0 0 17 17 0 0 0 0 0 106820472760512 106820472762592 106821535870976 140723865947817 140723865948053 140723865948053 140723865956287 0
"
2172347.31860436,1791283784.8081295,"(2.70849609375, 3.55712890625, 4.28759765625)","Inter-|   Receive                                                |  Transmit
 face |bytes    packets errs drop fifo frame compressed multicast|bytes    packets errs drop fifo colls carrier compressed
    lo: 16338283705 21842116    0    0    0     0          0         0 16338283705 21842116    0    0    0     0       0          0
enp3s0: 101780817520 80167741    0    0    0     0          0         0 594731242 8095825    0    0    0     0       0          0
enp6s0: 62491088  544835    0  260    0     0          0     18851        0       0    0    0    0     0       0          0
wlp4s0: 9003743452 14865750    0    0    0     0          0         0 17083452130 19583454    0    0    0     0       0          0
","MemTotal:       32698160 kB
MemFree:         3162456 kB
MemAvailable:   24081612 kB
Buffers:          429716 kB
Cached:         20102220 kB
SwapCached:        26004 kB
Active:         16679752 kB
Inactive:       10940976 kB
Active(anon):    1612256 kB
Inactive(anon):  5266404 kB
Active(file):   15067496 kB
Inactive(file):  5674572 kB
Unevictable:          24 kB
Mlocked:              16 kB
SwapTotal:       2097148 kB
SwapFree:            324 kB
Zswap:                 0 kB
Zswapped:              0 kB
Dirty:               576 kB
Writeback:             0 kB
AnonPages:       7064816 kB
Mapped:          1159644 kB
Shmem:             71636 kB
KReclaimable:     646908 kB
Slab:            1008120 kB
SReclaimable:     646908 kB
SUnreclaim:       361212 kB
KernelStack:       28160 kB
PageTables:        83412 kB
SecPageTables:         0 kB
NFS_Unstable:          0 kB
Bounce:                0 kB
WritebackTmp:          0 kB
CommitLimit:    18446228 kB
Committed_AS:   23690016 kB
VmallocTotal:   34359738367 kB
VmallocUsed:      236540 kB
VmallocChunk:          0 kB
Percpu:            20160 kB
HardwareCorrupted:     0 kB
AnonHugePages:         0 kB
ShmemHugePages:        0 kB
ShmemPmdMapped:        0 kB
FileHugePages:         0 kB
FilePmdMapped:         0 kB
Unaccepted:            0 kB
HugePages_Total:       0
HugePages_Free:        0
HugePages_Rsvd:        0
HugePages_Surp:        0
Hugepagesize:       2048 kB
Hugetlb:               0 kB
DirectMap4k:    31524404 kB
DirectMap2M:     1867776 kB
DirectMap1G:     1048576 kB
",cpu  66732654 213926 12913596 4257499447 480667 0 473728 0 0 0,"3017586 (ros2_control_no) S 3017571 3017571 2912103 34817 3017571 4194304 13750 0 10 0 1206352 9434 0 0 20 0 39 0 216637404 2744172544 29203 18446744073709551615 106820472733696 106820472749549 140723865944256 0 0 0 4096 0 1098925310 0 0 0 17 17 0 0 0 0 0 106820472760512 106820472762592 106821535870976 140723865947817 140723865948053 140723865948053 140723865956287 0
"
2172347.520020977,1791283785.009546,"(2.70849609375, 3.55712890625, 4.28759765625)","Inter-|   Receive                                                |  Transmit
 face |bytes    packets errs drop fifo frame compressed multicast|bytes    packets errs drop fifo colls carrier compressed
    lo: 16338291537 21842171    0    0    0     0          0         0 16338291537 21842171    0    0    0     0       0          0
enp3s0: 101781092770 80167952    0    0    0     0          0         0 594732298 8095841    0    0    0     0       0          0
enp6s0: 62491088  544835    0  260    0     0          0     18851        0       0    0    0    0     0       0          0
wlp4s0: 9003745063 14865767    0    0    0     0          0         0 17083460071 19583483    0    0    0     0       0          0
","MemTotal:       32698160 kB
MemFree:         3162456 kB
MemAvailable:   24081644 kB
Buffers:          429716 kB
Cached:         20102228 kB
SwapCached:        26004 kB
Active:         16679796 kB
Inactive:       10941008 kB
Active(anon):    1612300 kB
Inactive(anon):  5266404 kB
Active(file):   15067496 kB
Inactive(file):  5674604 kB
Unevictable:          24 kB
Mlocked:              16 kB
SwapTotal:       2097148 kB
SwapFree:            324 kB
Zswap:                 0 kB
Zswapped:              0 kB
Dirty:               584 kB
Writeback:             0 kB
AnonPages:       7064800 kB
Mapped:          1159644 kB
Shmem:             71636 kB
KReclaimable:     646908 kB
Slab:            1008120 kB
SReclaimable:     646908 kB
SUnreclaim:       361212 kB
KernelStack:       28160 kB
PageTables:        83412 kB
SecPageTables:         0 kB
NFS_Unstable:          0 kB
Bounce:                0 kB
WritebackTmp:          0 kB
CommitLimit:    18446228 kB
Committed_AS:   23690016 kB
VmallocTotal:   34359738367 kB
VmallocUsed:      236540 kB
VmallocChunk:          0 kB
Percpu:            20160 kB
HardwareCorrupted:     0 kB
AnonHugePages:         0 kB
ShmemHugePages:        0 kB
ShmemPmdMapped:        0 kB
FileHugePages:         0 kB
FilePmdMapped:         0 kB
Unaccepted:            0 kB
HugePages_Total:       0
HugePages_Free:        0
HugePages_Rsvd:        0
HugePages_Surp:        0
Hugepagesize:       2048 kB
Hugetlb:               0 kB
DirectMap4k:    31524404 kB
DirectMap2M:     1867776 kB
DirectMap1G:     1048576 kB
",cpu  66732719 213926 12913600 4257499780 480667 0 473729 0 0 0,"3017586 (ros2_control_no) S 3017571 3017571 2912103 34817 3017571 4194304 13750 0 10 0 1206393 9434 0 0 20 0 39 0 216637404 2744172544 29203 18446744073709551615 106820472733696 106820472749549 140723865944256 0 0 0 4096 0 1098925310 0 0 0 17 17 0 0 0 0 0 106820472760512 106820472762592 106821535870976 140723865947817 140723865948053 140723865948053 140723865956287 0
"
2172347.721925053,1791283785.21145,"(2.70849609375, 3.55712890625, 4.28759765625)","Inter-|   Receive                                                |  Transmit
 face |bytes    packets errs drop fifo frame compressed multicast|bytes    packets errs drop fifo colls carrier compressed
    lo: 16338298453 21842215    0    0    0     0          0         0 16338298453 21842215    0    0    0     0       0          0
enp3s0: 101781365912 80168165    0    0    0     0          0         0 594734047 8095863    0    0    0     0       0          0
enp6s0: 62491088  544835    0  260    0     0          0     18851        0       0    0    0    0     0       0          0
wlp4s0: 9003746482 14865779    0    0    0     0          0         0 17083467672 19583506    0    0    0     0       0          0
","MemTotal:       32698160 kB
MemFree:         3162456 kB
MemAvailable:   24081648 kB
Buffers:          429716 kB
Cached:         20102228 kB
SwapCached:        26004 kB
Active:         16679912 kB
Inactive:       10941012 kB
Active(anon):    1612416 kB
Inactive(anon):  5266404 kB
Active(file):   15067496 kB
Inactive(file):  5674608 kB
Unevictable:          24 kB
Mlocked:              16 kB
SwapTotal:       2097148 kB
SwapFree:            324 kB
Zswap:                 0 kB
Zswapped:              0 kB
Dirty:               584 kB
Writeback:             0 kB
AnonPages:       7064924 kB
Mapped:          1159644 kB
Shmem:             71636 kB
KReclaimable:     646908 kB
Slab:            1008128 kB
SReclaimable:     646908 kB
SUnreclaim:       361220 kB
KernelStack:       28160 kB
PageTables:        83412 kB
SecPageTables:         0 kB
NFS_Unstable:          0 kB
Bounce:                0 kB
WritebackTmp:          0 kB
CommitLimit:    18446228 kB
Committed_AS:   23691040 kB
VmallocTotal:   34359738367 kB
VmallocUsed:      236540 kB
VmallocChunk:          0 kB
Percpu:            20160 kB
HardwareCorrupted:     0 kB
AnonHugePages:         0 kB
ShmemHugePages:        0 kB
ShmemPmdMapped:        0 kB
FileHugePages:         0 kB
FilePmdMapped:         0 kB
Unaccepted:            0 kB
HugePages_Total:       0
HugePages_Free:        0
HugePages_Rsvd:        0
HugePages_Surp:        0
Hugepagesize:       2048 kB
Hugetlb:               0 kB
DirectMap4k:    31524404 kB
DirectMap2M:     1867776 kB
DirectMap1G:     1048576 kB
",cpu  66732780 213926 12913603 4257500120 480667 0 473730 0 0 0,"3017586 (ros2_control_no) S 3017571 3017571 2912103 34817 3017571 4194304 13750 0 10 0 1206434 9434 0 0 20 0 39 0 216637404 2744172544 29203 18446744073709551615 106820472733696 106820472749549 140723865944256 0 0 0 4096 0 1098925310 0 0 0 17 17 0 0 0 0 0 106820472760512 106820472762592 106821535870976 140723865947817 140723865948053 140723865948053 140723865956287 0
"
2172347.9236293,1791283785.4131544,"(2.70849609375, 3.55712890625, 4.28759765625)","Inter-|   Receive                                                |  Transmit
 face |bytes    packets errs drop fifo frame compressed multicast|bytes    packets errs drop fifo colls carrier compressed
    lo: 16338308940 21842275    0    0    0     0          0         0 16338308940 21842275    0    0    0     0       0          0
enp3s0: 101781640442 80168379    0    0    0     0          0         0 594735745 8095884    0    0    0     0       0          0
enp6s0: 62491088  544835    0  260    0     0          0     18851        0       0    0    0    0     0       0          0
wlp4s0: 9003747964 14865791    0    0    0     0          0         0 17083476200 19583532    0    0    0     0       0          0
","MemTotal:       32698160 kB
MemFree:         3162456 kB
MemAvailable:   24081664 kB
Buffers:          429716 kB
Cached:         20102228 kB
SwapCached:        26004 kB
Active:         16680076 kB
Inactive:       10941028 kB
Active(anon):    1612580 kB
Inactive(anon):  5266404 kB
Active(file):   15067496 kB
Inactive(file):  5674624 kB
Unevictable:          24 kB
Mlocked:              16 kB
SwapTotal:       2097148 kB
SwapFree:            324 kB
Zswap:                 0 kB
Zswapped:              0 kB
Dirty:               584 kB
Writeback:             0 kB
AnonPages:       7065060 kB
Mapped:          1159644 kB
Shmem:             71636 kB
KReclaimable:     646908 kB
Slab:            1008144 kB
SReclaimable:     646908 kB
SUnreclaim:       361236 kB
KernelStack:       28160 kB
PageTables:        83416 kB
SecPageTables:         0 kB
NFS_Unstable:          0 kB
Bounce:                0 kB
WritebackTmp:          0 kB
CommitLimit:    18446228 kB
Committed_AS:   23691040 kB
VmallocTotal:   34359738367 kB
VmallocUsed:      236540 kB
VmallocChunk:          0 kB
Percpu:            20160 kB
HardwareCorrupted:     0 kB
AnonHugePages:         0 kB
ShmemHugePages:        0 kB
ShmemPmdMapped:        0 kB
FileHugePages:         0 kB
FilePmdMapped:         0 kB
Unaccepted:            0 kB
HugePages_Total:       0
HugePages_Free:        0
HugePages_Rsvd:        0
HugePages_Surp:        0
Hugepagesize:       2048 kB
Hugetlb:               0 kB
DirectMap4k:    31524404 kB
DirectMap2M:     1867776 kB
DirectMap1G:     1048576 kB
",cpu  66732843 213926 12913606 4257500459 480667 0 473730 0 0 0,"3017586 (ros2_control_no) S 3017571 3017571 2912103 34817 3017571 4194304 13750 0 10 0 1206475 9434 0 0 20 0 39 0 216637404 2744172544 29203 18446744073709551615 106820472733696 106820472749549 140723865944256 0 0 0 4096 0 1098925310 0 0 0 17 16 0 0 0 0 0 106820472760512 106820472762592 106821535870976 140723865947817 140723865948053 140723865948053 140723865956287 0
"
2172348.125237773,1791283785.6147628,"(2.70849609375, 3.55712890625, 4.28759765625)","Inter-|   Receive                                                |  Transmit
 face |bytes    packets errs drop fifo frame compressed multicast|bytes    packets errs drop fifo colls carrier compressed
    lo: 16338316824 21842324    0    0    0     0          0         0 16338316824 21842324    0    0    0     0       0          0
enp3s0: 101781916026 80168592    0    0    0     0          0         0 594737353 8095904    0    0    0     0       0          0
enp6s0: 62491088  544835    0  260    0     0          0     18851        0       0    0    0    0     0       0          0
wlp4s0: 9003752922 14865815    0    0    0     0          0         0 17083486223 19583572    0    0    0     0       0          0
","MemTotal:       32698160 kB
MemFree:         3161952 kB
MemAvailable:   24081160 kB
Buffers:          429716 kB
Cached:         20102228 kB
SwapCached:        26004 kB
Active:         16680136 kB
Inactive:       10941028 kB
Active(anon):    1612640 kB
Inactive(anon):  5266404 kB
Active(file):   15067496 kB
Inactive(file):  5674624 kB
Unevictable:          24 kB
Mlocked:              16 kB
SwapTotal:       2097148 kB
SwapFree:            324 kB
Zswap:                 0 kB
Zswapped:              0 kB
Dirty:               584 kB
Writeback:             0 kB
AnonPages:       7065140 kB
Mapped:          1159644 kB
Shmem:             71636 kB
KReclaimable:     646908 kB
Slab:            1008144 kB
SReclaimable:     646908 kB
SUnreclaim:       361236 kB
KernelStack:       28160 kB
PageTables:        83416 kB
SecPageTables:         0 kB
NFS_Unstable:          0 kB
Bounce:                0 kB
WritebackTmp:          0 kB
CommitLimit:    18446228 kB
Committed_AS:   23691040 kB
VmallocTotal:   34359738367 kB
VmallocUsed:      236540 kB
VmallocChunk:          0 kB
Percpu:            20160 kB
HardwareCorrupted:     0 kB
AnonHugePages:         0 kB
ShmemHugePages:        0 kB
ShmemPmdMapped:        0 kB
FileHugePages:         0 kB
FilePmdMapped:         0 kB
Unaccepted:            0 kB
HugePages_Total:       0
HugePages_Free:        0
HugePages_Rsvd:        0
HugePages_Surp:        0
Hugepagesize:       2048 kB
Hugetlb:               0 kB
DirectMap4k:    31524404 kB
DirectMap2M:     1867776 kB
DirectMap1G:     1048576 kB
",cpu  66732907 213926 12913610 4257500795 480667 0 473731 0 0 0,"3017586 (ros2_control_no) S 3017571 3017571 2912103 34817 3017571 4194304 13750 0 10 0 1206515 9435 0 0 20 0 39 0 216637404 2744172544 29203 18446744073709551615 106820472733696 106820472749549 140723865944256 0 0 0 4096 0 1098925310 0 0 0 17 16 0 0 0 0 0 106820472760512 106820472762592 106821535870976 140723865947817 140723865948053 140723865948053 140723865956287 0
"
2172348.327768533,1791283785.817294,"(2.70849609375, 3.55712890625, 4.28759765625)","Inter-|   Receive                                                |  Transmit
 face |bytes    packets errs drop fifo frame compressed multicast|bytes    packets errs drop fifo colls carrier compressed
    lo: 16338325582 21842372    0    0    0     0          0         0 16338325582 21842372    0    0    0     0       0          0
enp3s0: 101782191276 80168803    0    0    0     0          0         0 594738787 8095921    0    0    0     0       0          0
enp6s0: 62491088  544835    0  260    0     0          0     18851        0       0    0    0    0     0       0          0
wlp4s0: 9003754536 14865827    0    0    0     0          0         0 17083495105 19583600    0    0    0     0       0          0
","MemTotal:       32698160 kB
MemFree:         3166172 kB
MemAvailable:   24085380 kB
Buffers:          429716 kB
Cached:         20102252 kB
SwapCached:        26004 kB
Active:         16680380 kB
Inactive:       10941028 kB
Active(anon):    1612884 kB
Inactive(anon):  5266404 kB
Active(file):   15067496 kB
Inactive(file):  5674624 kB
Unevictable:          24 kB
Mlocked:              16 kB
SwapTotal:       2097148 kB
SwapFree:            324 kB
Zswap:                 0 kB
Zswapped:              0 kB
Dirty:               608 kB
Writeback:             0 kB
AnonPages:       7065368 kB
Mapped:          1159644 kB
Shmem:             71636 kB
KReclaimable:     646908 kB
Slab:            1008216 kB
SReclaimable:     646908 kB
SUnreclaim:       361308 kB
KernelStack:       28160 kB
PageTables:        83416 kB
SecPageTables:         0 kB
NFS_Unstable:          0 kB
Bounce:                0 kB
WritebackTmp:          0 kB
CommitLimit:    18446228 kB
Committed_AS:   23691040 kB
VmallocTotal:   34359738367 kB
VmallocUsed:      236540 kB
VmallocChunk:          0 kB
Percpu:            20160 kB
HardwareCorrupted:     0 kB
AnonHugePages:         0 kB
ShmemHugePages:        0 kB
ShmemPmdMapped:        0 kB
FileHugePages:         0 kB
FilePmdMapped:         0 kB
Unaccepted:            0 kB
HugePages_Total:       0
HugePages_Free:        0
HugePages_Rsvd:        0
HugePages_Surp:        0
Hugepagesize:       2048 kB
Hugetlb:               0 kB
DirectMap4k:    31524404 kB
DirectMap2M:     1867776 kB
DirectMap1G:     1048576 kB
",cpu  66732966 213926 12913614 4257501140 480667 0 473731 0 0 0,"3017586 (ros2_control_no) S 3017571 3017571 2912103 34817 3017571 4194304 13750 0 10 0 1206556 9435 0 0 20 0 39 0 216637404 2744172544 29203 18446744073709551615 106820472733696 106820472749549 140723865944256 0 0 0 4096 0 1098925310 0 0 0 17 16 0 0 0 0 0 106820472760512 106820472762592 106821535870976 140723865947817 140723865948053 140723865948053 140723865956287 0
"
2172348.529105774,1791283786.018631,"(2.70849609375, 3.55712890625, 4.28759765625)","Inter-|   Receive                                                |  Transmit
 face |bytes    packets errs drop fifo frame compressed multicast|bytes    packets errs drop fifo colls carrier compressed
    lo: 16338330103 21842401    0    0    0     0          0         0 16338330103 21842401    0    0    0     0       0          0
enp3s0: 101782464919 80169019    0    0    0     0          0         0 594740305 8095944    0    0    0     0       0          0
enp6s0: 62491088  544835    0  260    0     0          0     18851        0       0    0    0    0     0       0          0
wlp4s0: 9003755055 14865832    0    0    0     0          0         0 17083500392 19583616    0    0    0     0       0          0
","MemTotal:       32698160 kB
MemFree:         3165920 kB
MemAvailable:   24085128 kB
Buffers:          429716 kB
Cached:         20102252 kB
SwapCached:        26004 kB
Active:         16680224 kB
Inactive:       10941028 kB
Active(anon):    1612728 kB
Inactive(anon):  5266404 kB
Active(file):   15067496 kB
Inactive(file):  5674624 kB
Unevictable:          24 kB
Mlocked:              16 kB
SwapTotal:       2097148 kB
SwapFree:            324 kB
Zswap:                 0 kB
Zswapped:              0 kB
Dirty:               608 kB
Writeback:             0 kB
AnonPages:       7065196 kB
Mapped:          1159644 kB
Shmem:             71636 kB
KReclaimable:     646908 kB
Slab:            1008224 kB
SReclaimable:     646908 kB
SUnreclaim:       361316 kB
KernelStack:       28160 kB
PageTables:        83416 kB
SecPageTables:         0 kB
NFS_Unstable:          0 kB
Bounce:                0 kB
WritebackTmp:          0 kB
CommitLimit:    18446228 kB
Committed_AS:   23691044 kB
VmallocTotal:   34359738367 kB
VmallocUsed:      236540 kB
VmallocChunk:          0 kB
Percpu:            20160 kB
HardwareCorrupted:     0 kB
AnonHugePages:         0 kB
ShmemHugePages:        0 kB
ShmemPmdMapped:        0 kB
FileHugePages:         0 kB
FilePmdMapped:         0 kB
Unaccepted:            0 kB
HugePages_Total:       0
HugePages_Free:        0
HugePages_Rsvd:        0
HugePages_Surp:        0
Hugepagesize:       2048 kB
Hugetlb:               0 kB
DirectMap4k:    31524404 kB
DirectMap2M:     1867776 kB
DirectMap1G:     1048576 kB
",cpu  66733020 213926 12913616 4257501489 480667 0 473731 0 0 0,"3017586 (ros2_control_no) S 3017571 3017571 2912103 34817 3017571 4194304 13750 0 10 0 1206596 9435 0 0 20 0 39 0 216637404 2744172544 29203 18446744073709551615 106820472733696 106820472749549 140723865944256 0 0 0 4096 0 1098925310 0 0 0 17 16 0 0 0 0 0 106820472760512 106820472762592 106821535870976 140723865947817 140723865948053 140723865948053 140723865956287 0
"
2172348.730453966,1791283786.219979,"(2.70849609375, 3.55712890625, 4.28759765625)","Inter-|   Receive                                                |  Transmit
 face |bytes    packets errs drop fifo frame compressed multicast|bytes    packets errs drop fifo colls carrier compressed
    lo: 16338335107 21842431    0    0    0     0          0         0 16338335107 21842431    0    0    0     0       0          0
enp3s0: 101782739449 80169233    0    0    0     0          0         0 594742054 8095966    0    0    0     0       0          0
enp6s0: 62491088  544835    0  260    0     0          0     18851        0       0    0    0    0     0       0          0
wlp4s0: 9003756508 14865844    0    0    0     0          0         0 17083507195 19583640    0    0    0     0       0          0
","MemTotal:       32698160 kB
MemFree:         3165920 kB
MemAvailable:   24085156 kB
Buffers:          429716 kB
Cached:         20102256 kB
SwapCached:        26004 kB
Active:         16680344 kB
Inactive:       10941056 kB
Active(anon):    1612848 kB
Inactive(anon):  5266404 kB
Active(file):   15067496 kB
Inactive(file):  5674652 kB
Unevictable:          24 kB
Mlocked:              16 kB
SwapTotal:       2097148 kB
SwapFree:            324 kB
Zswap:                 0 kB
Zswapped:              0 kB
Dirty:               612 kB
Writeback:             0 kB
AnonPages:       7065268 kB
Mapped:          1159644 kB
Shmem:             71636 kB
KReclaimable:     646908 kB
Slab:            1008192 kB
SReclaimable:     646908 kB
SUnreclaim:       361284 kB
KernelStack:       28160 kB
PageTables:        83416 kB
SecPageTables:         0 kB
NFS_Unstable:          0 kB
Bounce:                0 kB
WritebackTmp:          0 kB
CommitLimit:    18446228 kB
Committed_AS:   23691052 kB
VmallocTotal:   34359738367 kB
VmallocUsed:      236540 kB
VmallocChunk:          0 kB
Percpu:            20160 kB
HardwareCorrupted:     0 kB
AnonHugePages:         0 kB
ShmemHugePages:        0 kB
ShmemPmdMapped:        0 kB
FileHugePages:         0 kB
FilePmdMapped:         0 kB
Unaccepted:            0 kB
HugePages_Total:       0
HugePages_Free:        0
HugePages_Rsvd:        0
HugePages_Surp:        0
Hugepagesize:       2048 kB
Hugetlb:               0 kB
DirectMap4k:    31524404 kB
DirectMap2M:     1867776 kB
DirectMap1G:     1048576 kB
",cpu  66733078 213926 12913619 4257501835 480667 0 473731 0 0 0,"3017586 (ros2_control_no) S 3017571 3017571 2912103 34817 3017571 4194304 13750 0 10 0 1206637 9435 0 0 20 0 39 0 216637404 2744172544 29203 18446744073709551615 106820472733696 106820472749549 140723865944256 0 0 0 4096 0 1098925310 0 0 0 17 16 0 0 0 0 0 106820472760512 106820472762592 106821535870976 140723865947817 140723865948053 140723865948053 140723865956287 0
"
2172348.932108631,1791283786.4216337,"(2.70849609375, 3.55712890625, 4.28759765625)","Inter-|   Receive                                                |  Transmit
 face |bytes    packets errs drop fifo frame compressed multicast|bytes    packets errs drop fifo colls carrier compressed
    lo: 16338340306 21842462    0    0    0     0          0         0 16338340306 21842462    0    0    0     0       0          0
enp3s0: 101783013812 80169446    0    0    0     0          0         0 594743308 8095985    0    0    0     0       0          0
enp6s0: 62491088  544835    0  260    0     0          0     18851        0       0    0    0    0     0       0          0
wlp4s0: 9003759157 14865858    0    0    0     0          0         0 17083513803 19583657    0    0    0     0       0          0
","MemTotal:       32698160 kB
MemFree:         3165920 kB
MemAvailable:   24085156 kB
Buffers:          429716 kB
Cached:         20102268 kB
SwapCached:        26004 kB
Active:         16680104 kB
Inactive:       10941056 kB
Active(anon):    1612608 kB
Inactive(anon):  5266404 kB
Active(file):   15067496 kB
Inactive(file):  5674652 kB
Unevictable:          24 kB
Mlocked:              16 kB
SwapTotal:       2097148 kB
SwapFree:            324 kB
Zswap:                 0 kB
Zswapped:              0 kB
Dirty:               624 kB
Writeback:             0 kB
AnonPages:       7065040 kB
Mapped:          1159644 kB
Shmem:             71636 kB
KReclaimable:     646908 kB
Slab:            1008184 kB
SReclaimable:     646908 kB
SUnreclaim:       361276 kB
KernelStack:       28160 kB
PageTables:        83416 kB
SecPageTables:         0 kB
NFS_Unstable:          0 kB
Bounce:                0 kB
WritebackTmp:          0 kB
CommitLimit:    18446228 kB
Committed_AS:   23690896 kB
VmallocTotal:   34359738367 kB
VmallocUsed:      236540 kB
VmallocChunk:          0 kB
Percpu:            20160 kB
HardwareCorrupted:     0 kB
AnonHugePages:         0 kB
ShmemHugePages:        0 kB
ShmemPmdMapped:        0 kB
FileHugePages:         0 kB
FilePmdMapped:         0 kB
Unaccepted:            0 kB
HugePages_Total:       0
HugePages_Free:        0
HugePages_Rsvd:        0
HugePages_Surp:        0
Hugepagesize:       2048 kB
Hugetlb:               0 kB
DirectMap4k:    31524404 kB
DirectMap2M:     1867776 kB
DirectMap1G:     1048576 kB
",cpu  66733131 213926 12913623 4257502181 480667 0 473732 0 0 0,"3017586 (ros2_control_no) S 3017571 3017571 2912103 34817 3017571 4194304 13750 0 10 0 1206678 9436 0 0 20 0 39 0 216637404 2744172544 29203 18446744073709551615 106820472733696 106820472749549 140723865944256 0 0 0 4096 0 1098925310 0 0 0 17 16 0 0 0 0 0 106820472760512 106820472762592 106821535870976 140723865947817 140723865948053 140723865948053 140723865956287 0
"
2172349.133778528,1791283786.623304,"(2.70849609375, 3.55712890625, 4.28759765625)","Inter-|   Receive                                                |  Transmit
 face |bytes    packets errs drop fifo frame compressed multicast|bytes    packets errs drop fifo colls carrier compressed
    lo: 16338343553 21842484    0    0    0     0          0         0 16338343553 21842484    0    0    0     0       0          0
enp3s0: 101783289563 80169660    0    0    0     0          0         0 594744604 8096005    0    0    0     0       0          0
enp6s0: 62491088  544835    0  260    0     0          0     18851        0       0    0    0    0     0       0          0
wlp4s0: 9003759676 14865863    0    0    0     0          0         0 17083518169 19583671    0    0    0     0       0          0
","MemTotal:       32698160 kB
MemFree:         3165920 kB
MemAvailable:   24085164 kB
Buffers:          429716 kB
Cached:         20102272 kB
SwapCached:        26004 kB
Active:         16680192 kB
Inactive:       10941064 kB
Active(anon):    1612696 kB
Inactive(anon):  5266404 kB
Active(file):   15067496 kB
Inactive(file):  5674660 kB
Unevictable:          24 kB
Mlocked:              16 kB
SwapTotal:       2097148 kB
SwapFree:            324 kB
Zswap:                 0 kB
Zswapped:              0 kB
Dirty:               628 kB
Writeback:             0 kB
AnonPages:       7065132 kB
Mapped:          1159644 kB
Shmem:             71636 kB
KReclaimable:     646908 kB
Slab:            1008184 kB
SReclaimable:     646908 kB
SUnreclaim:       361276 kB
KernelStack:       28144 kB
PageTables:        83416 kB
SecPageTables:         0 kB
NFS_Unstable:          0 kB
Bounce:                0 kB
WritebackTmp:          0 kB
CommitLimit:    18446228 kB
Committed_AS:   23674496 kB
VmallocTotal:   34359738367 kB
VmallocUsed:      236540 kB
VmallocChunk:          0 kB
Percpu:            20160 kB
HardwareCorrupted:     0 kB
AnonHugePages:         0 kB
ShmemHugePages:        0 kB
ShmemPmdMapped:        0 kB
FileHugePages:         0 kB
FilePmdMapped:         0 kB
Unaccepted:            0 kB
HugePages_Total:       0
HugePages_Free:        0
HugePages_Rsvd:        0
HugePages_Surp:        0
Hugepagesize:       2048 kB
Hugetlb:               0 kB
DirectMap4k:    31524404 kB
DirectMap2M:     1867776 kB
DirectMap1G:     1048576 kB
",cpu  66733187 213926 12913626 4257502529 480667 0 473732 0 0 0,"3017586 (ros2_control_no) S 3017571 3017571 2912103 34817 3017571 4194304 13750 0 10 0 1206718 9436 0 0 20 0 39 0 216637404 2744172544 29203 18446744073709551615 106820472733696 106820472749549 140723865944256 0 0 0 4096 0 1098925310 0 0 0 17 16 0 0 0 0 0 106820472760512 106820472762592 106821535870976 140723865947817 140723865948053 140723865948053 140723865956287 0
"
2172349.335527305,1791283786.8250525,"(2.70849609375, 3.55712890625, 4.28759765625)","Inter-|   Receive                                                |  Transmit
 face |bytes    packets errs drop fifo frame compressed multicast|bytes    packets errs drop fifo colls carrier compressed
    lo: 16338348579 21842520    0    0    0     0          0         0 16338348579 21842520    0    0    0     0       0          0
enp3s0: 101783562538 80169872    0    0    0     0          0         0 594745858 8096024    0    0    0     0       0          0
enp6s0: 62491088  544835    0  260    0     0          0     18851        0       0    0    0    0     0       0          0
wlp4s0: 9003760646 14865874    0    0    0     0          0         0 17083525157 19583697    0    0    0     0       0          0
","MemTotal:       32698160 kB
MemFree:         3170280 kB
MemAvailable:   24089532 kB
Buffers:          429716 kB
Cached:         20102284 kB
SwapCached:        26004 kB
Active:         16680568 kB
Inactive:       10941072 kB
Active(anon):    1613072 kB
Inactive(anon):  5266404 kB
Active(file):   15067496 kB
Inactive(file):  5674668 kB
Unevictable:          24 kB
Mlocked:              16 kB
SwapTotal:       2097148 kB
SwapFree:            324 kB
Zswap:                 0 kB
Zswapped:              0 kB
Dirty:               716 kB
Writeback:             0 kB
AnonPages:       7065484 kB
Mapped:          1159644 kB
Shmem:             71636 kB
KReclaimable:     646908 kB
Slab:            1008168 kB
SReclaimable:     646908 kB
SUnreclaim:       361260 kB
KernelStack:       28144 kB
PageTables:        83416 kB
SecPageTables:         0 kB
NFS_Unstable:          0 kB
Bounce:                0 kB
WritebackTmp:          0 kB
CommitLimit:    18446228 kB
Committed_AS:   23675520 kB
VmallocTotal:   34359738367 kB
VmallocUsed:      236540 kB
VmallocChunk:          0 kB
Percpu:            20160 kB
HardwareCorrupted:     0 kB
AnonHugePages:         0 kB
ShmemHugePages:        0 kB
ShmemPmdMapped:        0 kB
FileHugePages:         0 kB
FilePmdMapped:         0 kB
Unaccepted:            0 kB
HugePages_Total:       0
HugePages_Free:        0
HugePages_Rsvd:        0
HugePages_Surp:        0
Hugepagesize:       2048 kB
Hugetlb:               0 kB
DirectMap4k:    31524404 kB
DirectMap2M:     1867776 kB
DirectMap1G:     1048576 kB
",cpu  66733247 213926 12913630 4257502868 480667 0 473732 0 0 0,"3017586 (ros2_control_no) S 3017571 3017571 2912103 34817 3017571 4194304 13750 0 10 0 1206759 9436 0 0 20 0 39 0 216637404 2744172544 29203 18446744073709551615 106820472733696 106820472749549 140723865944256 0 0 0 4096 0 1098925310 0 0 0 17 16 0 0 0 0 0 106820472760512 106820472762592 106821535870976 140723865947817 140723865948053 140723865948053 140723865956287 0
"
2172349.537599042,1791283787.027124,"(2.70849609375, 3.55712890625, 4.28759765625)","Inter-|   Receive                                                |  Transmit
 face |bytes    packets errs drop fifo frame compressed multicast|bytes    packets errs drop fifo colls carrier compressed
    lo: 16338354860 21842561    0    0    0     0          0         0 16338354860 21842561    0    0    0     0       0          0
enp3s0: 101783838289 80170086    0    0    0     0          0         0 594747112 8096043    0    0    0     0       0          0
enp6s0: 62491088  544835    0  260    0     0          0     18851        0       0    0    0    0     0       0          0
wlp4s0: 9003761687 14865885    0    0    0     0          0         0 17083531153 19583717    0    0    0     0       0          0
","MemTotal:       32698160 kB
MemFree:         3170532 kB
MemAvailable:   24089784 kB
Buffers:          429716 kB
Cached:         20102284 kB
SwapCached:        26004 kB
Active:         16680676 kB
Inactive:       10941072 kB
Active(anon):    1613180 kB
Inactive(anon):  5266404 kB
Active(file):   15067496 kB
Inactive(file):  5674668 kB
Unevictable:          24 kB
Mlocked:              16 kB
SwapTotal:       2097148 kB
SwapFree:            324 kB
Zswap:                 0 kB
Zswapped:              0 kB
Dirty:               708 kB
Writeback:             8 kB
AnonPages:       7065604 kB
Mapped:          1159644 kB
Shmem:             71636 kB
KReclaimable:     646908 kB
Slab:            1008160 kB
SReclaimable:     646908 kB
SUnreclaim:       361252 kB
KernelStack:       28144 kB
PageTables:        83416 kB
SecPageTables:         0 kB
NFS_Unstable:          0 kB
Bounce:                0 kB
WritebackTmp:          0 kB
CommitLimit:    18446228 kB
Committed_AS:   23675520 kB
VmallocTotal:   34359738367 kB
VmallocUsed:      236540 kB
VmallocChunk:          0 kB
Percpu:            20160 kB
HardwareCorrupted:     0 kB
AnonHugePages:         0 kB
ShmemHugePages:        0 kB
ShmemPmdMapped:        0 kB
FileHugePages:         0 kB
FilePmdMapped:         0 kB
Unaccepted:            0 kB
HugePages_Total:       0
HugePages_Free:        0
HugePages_Rsvd:        0
HugePages_Surp:        0
Hugepagesize:       2048 kB
Hugetlb:               0 kB
DirectMap4k:    31524404 kB
DirectMap2M:     1867776 kB
DirectMap1G:     1048576 kB
",cpu  66733310 213926 12913637 4257503204 480667 0 473733 0 0 0,"3017586 (ros2_control_no) S 3017571 3017571 2912103 34817 3017571 4194304 13750 0 10 0 1206800 9437 0 0 20 0 39 0 216637404 2744172544 29203 18446744073709551615 106820472733696 106820472749549 140723865944256 0 0 0 4096 0 1098925310 0 0 0 17 16 0 0 0 0 0 106820472760512 106820472762592 106821535870976 140723865947817 140723865948053 140723865948053 140723865956287 0
"
2172349.739077043,1791283787.2286022,"(2.70849609375, 3.55712890625, 4.28759765625)","Inter-|   Receive                                                |  Transmit
 face |bytes    packets errs drop fifo frame compressed multicast|bytes    packets errs drop fifo colls carrier compressed
    lo: 16338360139 21842600    0    0    0     0          0         0 16338360139 21842600    0    0    0     0       0          0
enp3s0: 101784113539 80170297    0    0    0     0          0         0 594748219 8096060    0    0    0     0       0          0
enp6s0: 62491088  544835    0  260    0     0          0     18851        0       0    0    0    0     0       0          0
wlp4s0: 9003762992 14865900    0    0    0     0          0         0 17083537791 19583739    0    0    0     0       0          0
","MemTotal:       32698160 kB
MemFree:         3170532 kB
MemAvailable:   24089784 kB
Buffers:          429716 kB
Cached:         20102284 kB
SwapCached:        26004 kB
Active:         16680736 kB
Inactive:       10941072 kB
Active(anon):    1613240 kB
Inactive(anon):  5266404 kB
Active(file):   15067496 kB
Inactive(file):  5674668 kB
Unevictable:          24 kB
Mlocked:              16 kB
SwapTotal:       2097148 kB
SwapFree:            324 kB
Zswap:                 0 kB
Zswapped:              0 kB
Dirty:               708 kB
Writeback:             8 kB
AnonPages:       7065664 kB
Mapped:          1159644 kB
Shmem:             71636 kB
KReclaimable:     646908 kB
Slab:            1008160 kB
SReclaimable:     646908 kB
SUnreclaim:       361252 kB
KernelStack:       28144 kB
PageTables:        83416 kB
SecPageTables:         0 kB
NFS_Unstable:          0 kB
Bounce:                0 kB
WritebackTmp:          0 kB
CommitLimit:    18446228 kB
Committed_AS:   23675520 kB
VmallocTotal:   34359738367 kB
VmallocUsed:      236540 kB
VmallocChunk:          0 kB
Percpu:            20160 kB
HardwareCorrupted:     0 kB
AnonHugePages:         0 kB
ShmemHugePages:        0 kB
ShmemPmdMapped:        0 kB
FileHugePages:         0 kB
FilePmdMapped:         0 kB
Unaccepted:            0 kB
HugePages_Total:       0
HugePages_Free:        0
HugePages_Rsvd:        0
HugePages_Surp:        0
Hugepagesize:       2048 kB
Hugetlb:               0 kB
DirectMap4k:    31524404 kB
DirectMap2M:     1867776 kB
DirectMap1G:     1048576 kB
",cpu  66733374 213926 12913643 4257503538 480667 0 473733 0 0 0,"3017586 (ros2_control_no) S 3017571 3017571 2912103 34817 3017571 4194304 13750 0 10 0 1206840 9437 0 0 20 0 39 0 216637404 2744172544 29203 18446744073709551615 106820472733696 106820472749549 140723865944256 0 0 0 4096 0 1098925310 0 0 0 17 16 0 0 0 0 0 106820472760512 106820472762592 106821535870976 140723865947817 140723865948053 140723865948053 140723865956287 0
"
2172349.940522551,1791283787.4300475,"(2.73193359375, 3.5478515625, 4.2802734375)","Inter-|   Receive                                                |  Transmit
 face |bytes    packets errs drop fifo frame compressed multicast|bytes    packets errs drop fifo colls carrier compressed
    lo: 16338366895 21842646    0    0    0     0          0         0 16338366895 21842646    0    0    0     0       0          0
enp3s0: 101784387401 80170507    0    0    0     0          0         0 594749275 8096076    0    0    0     0       0          0
enp6s0: 62491088  544835    0  260    0     0          0     18851        0       0    0    0    0     0       0          0
wlp4s0: 9003764333 14865914    0    0    0     0          0         0 17083546887 19583764    0    0    0     0       0          0
","MemTotal:       32698160 kB
MemFree:         3171288 kB
MemAvailable:   24090548 kB
Buffers:          429724 kB
Cached:         20102284 kB
SwapCached:        26004 kB
Active:         16679576 kB
Inactive:       10941072 kB
Active(anon):    1612080 kB
Inactive(anon):  5266396 kB
Active(file):   15067496 kB
Inactive(file):  5674676 kB
Unevictable:          24 kB
Mlocked:              16 kB
SwapTotal:       2097148 kB
SwapFree:            324 kB
Zswap:                 0 kB
Zswapped:              0 kB
Dirty:                 0 kB
Writeback:           460 kB
AnonPages:       7064512 kB
Mapped:          1159644 kB
Shmem:             71636 kB
KReclaimable:     646908 kB
Slab:            1008120 kB
SReclaimable:     646908 kB
SUnreclaim:       361212 kB
KernelStack:       28128 kB
PageTables:        83404 kB
SecPageTables:         0 kB
NFS_Unstable:          0 kB
Bounce:                0 kB
WritebackTmp:          0 kB
CommitLimit:    18446228 kB
Committed_AS:   23672672 kB
VmallocTotal:   34359738367 kB
VmallocUsed:      236524 kB
VmallocChunk:          0 kB
Percpu:            20160 kB
HardwareCorrupted:     0 kB
AnonHugePages:         0 kB
ShmemHugePages:        0 kB
ShmemPmdMapped:        0 kB
FileHugePages:         0 kB
FilePmdMapped:         0 kB
Unaccepted:            0 kB
HugePages_Total:       0
HugePages_Free:        0
HugePages_Rsvd:        0
HugePages_Surp:        0
Hugepagesize:       2048 kB
Hugetlb:               0 kB
DirectMap4k:    31524404 kB
DirectMap2M:     1867776 kB
DirectMap1G:     1048576 kB
",cpu  66733443 213926 12913649 4257503869 480668 0 473733 0 0 0,"3017586 (ros2_control_no) S 3017571 3017571 2912103 34817 3017571 4194304 13750 0 10 0 1206881 9437 0 0 20 0 39 0 216637404 2744172544 29203 18446744073709551615 106820472733696 106820472749549 140723865944256 0 0 0 4096 0 1098925310 0 0 0 17 16 0 0 0 0 0 106820472760512 106820472762592 106821535870976 140723865947817 140723865948053 140723865948053 140723865956287 0
"
2172350.142462366,1791283787.6319876,"(2.73193359375, 3.5478515625, 4.2802734375)","Inter-|   Receive                                                |  Transmit
 face |bytes    packets errs drop fifo frame compressed multicast|bytes    packets errs drop fifo colls carrier compressed
    lo: 16338372349 21842686    0    0    0     0          0         0 16338372349 21842686    0    0    0     0       0          0
enp3s0: 101784661764 80170720    0    0    0     0          0         0 594750571 8096096    0    0    0     0       0          0
enp6s0: 62491088  544835    0  260    0     0          0     18851        0       0    0    0    0     0       0          0
wlp4s0: 9003765179 14865923    0    0    0     0          0         0 17083553856 19583787    0    0    0     0       0          0
","MemTotal:       32698160 kB
MemFree:         3171908 kB
MemAvailable:   24091168 kB
Buffers:          429724 kB
Cached:         20102284 kB
SwapCached:        26004 kB
Active:         16679636 kB
Inactive:       10941072 kB
Active(anon):    1612140 kB
Inactive(anon):  5266396 kB
Active(file):   15067496 kB
Inactive(file):  5674676 kB
Unevictable:          24 kB
Mlocked:              16 kB
SwapTotal:       2097148 kB
SwapFree:            324 kB
Zswap:                 0 kB
Zswapped:              0 kB
Dirty:                 0 kB
Writeback:           460 kB
AnonPages:       7064608 kB
Mapped:          1159644 kB
Shmem:             71636 kB
KReclaimable:     646908 kB
Slab:            1008120 kB
SReclaimable:     646908 kB
SUnreclaim:       361212 kB
KernelStack:       28128 kB
PageTables:        83404 kB
SecPageTables:         0 kB
NFS_Unstable:          0 kB
Bounce:                0 kB
WritebackTmp:          0 kB
CommitLimit:    18446228 kB
Committed_AS:   23672672 kB
VmallocTotal:   34359738367 kB
VmallocUsed:      236524 kB
VmallocChunk:          0 kB
Percpu:            20160 kB
HardwareCorrupted:     0 kB
AnonHugePages:         0 kB
ShmemHugePages:        0 kB
ShmemPmdMapped:        0 kB
FileHugePages:         0 kB
FilePmdMapped:         0 kB
Unaccepted:            0 kB
HugePages_Total:       0
HugePages_Free:        0
HugePages_Rsvd:        0
HugePages_Surp:        0
Hugepagesize:       2048 kB
Hugetlb:               0 kB
DirectMap4k:    31524404 kB
DirectMap2M:     1867776 kB
DirectMap1G:     1048576 kB
",cpu  66733507 213926 12913655 4257504201 480668 0 473734 0 0 0,"3017586 (ros2_control_no) S 3017571 3017571 2912103 34817 3017571 4194304 13750 0 10 0 1206922 9438 0 0 20 0 39 0 216637404 2744172544 29203 18446744073709551615 106820472733696 106820472749549 140723865944256 0 0 0 4096 0 1098925310 0 0 0 17 16 0 0 0 0 0 106820472760512 106820472762592 106821535870976 140723865947817 140723865948053 140723865948053 140723865956287 0
"
2172350.344380936,1791283787.833906,"(2.73193359375, 3.5478515625, 4.2802734375)","Inter-|   Receive                                                |  Transmit
 face |bytes    packets errs drop fifo frame compressed multicast|bytes    packets errs drop fifo colls carrier compressed
    lo: 16338376454 21842716    0    0    0     0          0         0 16338376454 21842716    0    0    0     0       0          0
enp3s0: 101784937348 80170933    0    0    0     0          0         0 594751759 8096114    0    0    0     0       0          0
enp6s0: 62491088  544835    0  260    0     0          0     18851        0       0    0    0    0     0       0          0
wlp4s0: 9003795082 14865957    0    0    0     0          0         0 17083559508 19583812    0    0    0     0       0          0
","MemTotal:       32698160 kB
MemFree:         3175152 kB
MemAvailable:   24094456 kB
Buffers:          429724 kB
Cached:         20102324 kB
SwapCached:        26004 kB
Active:         16680184 kB
Inactive:       10941116 kB
Active(anon):    1612688 kB
Inactive(anon):  5266396 kB
Active(file):   15067496 kB
Inactive(file):  5674720 kB
Unevictable:          24 kB
Mlocked:              16 kB
SwapTotal:       2097148 kB
SwapFree:            324 kB
Zswap:                 0 kB
Zswapped:              0 kB
Dirty:                48 kB
Writeback:             0 kB
AnonPages:       7065248 kB
Mapped:          1159644 kB
Shmem:             71636 kB
KReclaimable:     646908 kB
Slab:            1008088 kB
SReclaimable:     646908 kB
SUnreclaim:       361180 kB
KernelStack:       28128 kB
PageTables:        83404 kB
SecPageTables:         0 kB
NFS_Unstable:          0 kB
Bounce:                0 kB
WritebackTmp:          0 kB
CommitLimit:    18446228 kB
Committed_AS:   23672672 kB
VmallocTotal:   34359738367 kB
VmallocUsed:      236524 kB
VmallocChunk:          0 kB
Percpu:            20160 kB
HardwareCorrupted:     0 kB
AnonHugePages:         0 kB
ShmemHugePages:        0 kB
ShmemPmdMapped:        0 kB
FileHugePages:         0 kB
FilePmdMapped:         0 kB
Unaccepted:            0 kB
HugePages_Total:       0
HugePages_Free:        0
HugePages_Rsvd:        0
HugePages_Surp:        0
Hugepagesize:       2048 kB
Hugetlb:               0 kB
DirectMap4k:    31524404 kB
DirectMap2M:     1867776 kB
DirectMap1G:     1048576 kB
",cpu  66733560 213926 12913658 4257504549 480668 0 473734 0 0 0,"3017586 (ros2_control_no) S 3017571 3017571 2912103 34817 3017571 4194304 13750 0 10 0 1206963 9438 0 0 20 0 39 0 216637404 2744172544 29203 18446744073709551615 106820472733696 106820472749549 140723865944256 0 0 0 4096 0 1098925310 0 0 0 17 16 0 0 0 0 0 106820472760512 106820472762592 106821535870976 140723865947817 140723865948053 140723865948053 140723865956287 0
"
2172350.545956514,1791283788.0354817,"(2.73193359375, 3.5478515625, 4.2802734375)","Inter-|   Receive                                                |  Transmit
 face |bytes    packets errs drop fifo frame compressed multicast|bytes    packets errs drop fifo colls carrier compressed
    lo: 16338386036 21842767    0    0    0     0          0         0 16338386036 21842767    0    0    0     0       0          0
enp3s0: 101785212045 80171148    0    0    0     0          0         0 594753145 8096135    0    0    0     0       0          0
enp6s0: 62491088  544835    0  260    0     0          0     18851        0       0    0    0    0     0       0          0
wlp4s0: 9003796445 14865968    0    0    0     0          0         0 17083566678 19583832    0    0    0     0       0          0
","MemTotal:       32698160 kB
MemFree:         3175152 kB
MemAvailable:   24094456 kB
Buffers:          429724 kB
Cached:         20102328 kB
SwapCached:        26004 kB
Active:         16680244 kB
Inactive:       10941116 kB
Active(anon):    1612748 kB
Inactive(anon):  5266396 kB
Active(file):   15067496 kB
Inactive(file):  5674720 kB
Unevictable:          24 kB
Mlocked:              16 kB
SwapTotal:       2097148 kB
SwapFree:            324 kB
Zswap:                 0 kB
Zswapped:              0 kB
Dirty:                52 kB
Writeback:             0 kB
AnonPages:       7065344 kB
Mapped:          1159644 kB
Shmem:             71636 kB
KReclaimable:     646908 kB
Slab:            1008072 kB
SReclaimable:     646908 kB
SUnreclaim:       361164 kB
KernelStack:       28128 kB
PageTables:        83404 kB
SecPageTables:         0 kB
NFS_Unstable:          0 kB
Bounce:                0 kB
WritebackTmp:          0 kB
CommitLimit:    18446228 kB
Committed_AS:   23672672 kB
VmallocTotal:   34359738367 kB
VmallocUsed:      236524 kB
VmallocChunk:          0 kB
Percpu:            20160 kB
HardwareCorrupted:     0 kB
AnonHugePages:         0 kB
ShmemHugePages:        0 kB
ShmemPmdMapped:        0 kB
FileHugePages:         0 kB
FilePmdMapped:         0 kB
Unaccepted:            0 kB
HugePages_Total:       0
HugePages_Free:        0
HugePages_Rsvd:        0
HugePages_Surp:        0
Hugepagesize:       2048 kB
Hugetlb:               0 kB
DirectMap4k:    31524404 kB
DirectMap2M:     1867776 kB
DirectMap1G:     1048576 kB
",cpu  66733620 213926 12913665 4257504887 480668 0 473735 0 0 0,"3017586 (ros2_control_no) S 3017571 3017571 2912103 34817 3017571 4194304 13750 0 10 0 1207003 9438 0 0 20 0 39 0 216637404 2744172544 29203 18446744073709551615 106820472733696 106820472749549 140723865944256 0 0 0 4096 0 1098925310 0 0 0 17 16 0 0 0 0 0 106820472760512 106820472762592 106821535870976 140723865947817 140723865948053 140723865948053 140723865956287 0
"
2172350.747956154,1791283788.2374814,"(2.73193359375, 3.5478515625, 4.2802734375)","Inter-|   Receive                                                |  Transmit
 face |bytes    packets errs drop fifo frame compressed multicast|bytes    packets errs drop fifo colls carrier compressed
    lo: 16338403085 21842831    0    0    0     0          0         0 16338403085 21842831    0    0    0     0       0          0
enp3s0: 101785487963 80171363    0    0    0     0          0         0 594754894 8096157    0    0    0     0       0          0
enp6s0: 62491088  544835    0  260    0     0          0     18851        0       0    0    0    0     0       0          0
wlp4s0: 9003798215 14865984    0    0    0     0          0         0 17083582959 19583865    0    0    0     0       0          0
","MemTotal:       32698160 kB
MemFree:         3175152 kB
MemAvailable:   24094456 kB
Buffers:          429724 kB
Cached:         20102332 kB
SwapCached:        26004 kB
Active:         16681092 kB
Inactive:       10941116 kB
Active(anon):    1613596 kB
Inactive(anon):  5266396 kB
Active(file):   15067496 kB
Inactive(file):  5674720 kB
Unevictable:          24 kB
Mlocked:              16 kB
SwapTotal:       2097148 kB
SwapFree:            324 kB
Zswap:                 0 kB
Zswapped:              0 kB
Dirty:                56 kB
Writeback:             0 kB
AnonPages:       7065812 kB
Mapped:          1159644 kB
Shmem:             71636 kB
KReclaimable:     646908 kB
Slab:            1008072 kB
SReclaimable:     646908 kB
SUnreclaim:       361164 kB
KernelStack:       28128 kB
PageTables:        83404 kB
SecPageTables:         0 kB
NFS_Unstable:          0 kB
Bounce:                0 kB
WritebackTmp:          0 kB
CommitLimit:    18446228 kB
Committed_AS:   23672708 kB
VmallocTotal:   34359738367 kB
VmallocUsed:      236540 kB
VmallocChunk:          0 kB
Percpu:            20160 kB
HardwareCorrupted:     0 kB
AnonHugePages:         0 kB
ShmemHugePages:        0 kB
ShmemPmdMapped:        0 kB
FileHugePages:         0 kB
FilePmdMapped:         0 kB
Unaccepted:            0 kB
HugePages_Total:       0
HugePages_Free:        0
HugePages_Rsvd:        0
HugePages_Surp:        0
Hugepagesize:       2048 kB
Hugetlb:               0 kB
DirectMap4k:    31524404 kB
DirectMap2M:     1867776 kB
DirectMap1G:     1048576 kB
",cpu  66733706 213926 12913684 4257505188 480668 0 473735 0 0 0,"3017586 (ros2_control_no) S 3017571 3017571 2912103 34817 3017571 4194304 13750 0 10 0 1207045 9438 0 0 20 0 39 0 216637404 2744172544 29203 18446744073709551615 106820472733696 106820472749549 140723865944256 0 0 0 4096 0 1098925310 0 0 0 17 16 0 0 0 0 0 106820472760512 106820472762592 106821535870976 140723865947817 140723865948053 140723865948053 140723865956287 0
"
2172350.94976265,1791283788.439288,"(2.73193359375, 3.5478515625, 4.2802734375)","Inter-|   Receive                                                |  Transmit
 face |bytes    packets errs drop fifo frame compressed multicast|bytes    packets errs drop fifo colls carrier compressed
    lo: 16338419385 21842887    0    0    0     0          0         0 16338419385 21842887    0    0    0     0       0          0
enp3s0: 101785762326 80171576    0    0    0     0          0         0 594756526 8096177    0    0    0     0       0          0
enp6s0: 62491088  544835    0  260    0     0          0     18851        0       0    0    0    0     0       0          0
wlp4s0: 9003800115 14866001    0    0    0     0          0         0 17083599734 19583898    0    0    0     0       0          0
","MemTotal:       32698160 kB
MemFree:         3174396 kB
MemAvailable:   24093708 kB
Buffers:          429724 kB
Cached:         20102332 kB
SwapCached:        26004 kB
Active:         16680816 kB
Inactive:       10941124 kB
Active(anon):    1613320 kB
Inactive(anon):  5266396 kB
Active(file):   15067496 kB
Inactive(file):  5674728 kB
Unevictable:          24 kB
Mlocked:              16 kB
SwapTotal:       2097148 kB
SwapFree:            324 kB
Zswap:                 0 kB
Zswapped:              0 kB
Dirty:                56 kB
Writeback:             0 kB
AnonPages:       7065888 kB
Mapped:          1159644 kB
Shmem:             71636 kB
KReclaimable:     646908 kB
Slab:            1008072 kB
SReclaimable:     646908 kB
SUnreclaim:       361164 kB
KernelStack:       28128 kB
PageTables:        83408 kB
SecPageTables:         0 kB
NFS_Unstable:          0 kB
Bounce:                0 kB
WritebackTmp:          0 kB
CommitLimit:    18446228 kB
Committed_AS:   23673728 kB
VmallocTotal:   34359738367 kB
VmallocUsed:      236540 kB
VmallocChunk:          0 kB
Percpu:            20160 kB
HardwareCorrupted:     0 kB
AnonHugePages:         0 kB
ShmemHugePages:        0 kB
ShmemPmdMapped:        0 kB
FileHugePages:         0 kB
FilePmdMapped:         0 kB
Unaccepted:            0 kB
HugePages_Total:       0
HugePages_Free:        0
HugePages_Rsvd:        0
HugePages_Surp:        0
Hugepagesize:       2048 kB
Hugetlb:               0 kB
DirectMap4k:    31524404 kB
DirectMap2M:     1867776 kB
DirectMap1G:     1048576 kB
",cpu  66733778 213926 12913690 4257505518 480668 0 473736 0 0 0,"3017586 (ros2_control_no) S 3017571 3017571 2912103 34817 3017571 4194304 13750 0 10 0 1207085 9439 0 0 20 0 39 0 216637404 2744172544 29203 18446744073709551615 106820472733696 106820472749549 140723865944256 0 0 0 4096 0 1098925310 0 0 0 17 16 0 0 0 0 0 106820472760512 106820472762592 106821535870976 140723865947817 140723865948053 140723865948053 140723865956287 0
"
2172351.152149221,1791283788.6416743,"(2.73193359375, 3.5478515625, 4.2802734375)","Inter-|   Receive                                                |  Transmit
 face |bytes    packets errs drop fifo frame compressed multicast|bytes    packets errs drop fifo colls carrier compressed
    lo: 16338446959 21842977    0    0    0     0          0         0 16338446959 21842977    0    0    0     0       0          0
enp3s0: 101786039131 80171789    0    0    0     0          0         0 594758446 8096197    0    0    0     0       0          0
enp6s0: 62491088  544835    0  260    0     0          0     18851        0       0    0    0    0     0       0          0
wlp4s0: 9003805904 14866030    0    0    0     0          0         0 17083625991 19583954    0    0    0     0       0          0
","MemTotal:       32698160 kB
MemFree:         3174172 kB
MemAvailable:   24093484 kB
Buffers:          429724 kB
Cached:         20102332 kB
SwapCached:        26004 kB
Active:         16680916 kB
Inactive:       10941124 kB
Active(anon):    1613420 kB
Inactive(anon):  5266396 kB
Active(file):   15067496 kB
Inactive(file):  5674728 kB
Unevictable:          24 kB
Mlocked:              16 kB
SwapTotal:       2097148 kB
SwapFree:            324 kB
Zswap:                 0 kB
Zswapped:              0 kB
Dirty:                56 kB
Writeback:             0 kB
AnonPages:       7065984 kB
Mapped:          1159644 kB
Shmem:             71636 kB
KReclaimable:     646908 kB
Slab:            1008080 kB
SReclaimable:     646908 kB
SUnreclaim:       361172 kB
KernelStack:       28128 kB
PageTables:        83408 kB
SecPageTables:         0 kB
NFS_Unstable:          0 kB
Bounce:                0 kB
WritebackTmp:          0 kB
CommitLimit:    18446228 kB
Committed_AS:   23673728 kB
VmallocTotal:   34359738367 kB
VmallocUsed:      236540 kB
VmallocChunk:          0 kB
Percpu:            20160 kB
HardwareCorrupted:     0 kB
AnonHugePages:         0 kB
ShmemHugePages:        0 kB
ShmemPmdMapped:        0 kB
FileHugePages:         0 kB
FilePmdMapped:         0 kB
Unaccepted:            0 kB
HugePages_Total:       0
HugePages_Free:        0
HugePages_Rsvd:        0
HugePages_Surp:        0
Hugepagesize:       2048 kB
Hugetlb:               0 kB
DirectMap4k:    31524404 kB
DirectMap2M:     1867776 kB
DirectMap1G:     1048576 kB
",cpu  66733850 213926 12913695 4257505846 480668 0 473736 0 0 0,"3017586 (ros2_control_no) S 3017571 3017571 2912103 34817 3017571 4194304 13750 0 10 0 1207127 9439 0 0 20 0 39 0 216637404 2744172544 29203 18446744073709551615 106820472733696 106820472749549 140723865944256 0 0 0 4096 0 1098925310 0 0 0 17 16 0 0 0 0 0 106820472760512 106820472762592 106821535870976 140723865947817 140723865948053 140723865948053 140723865956287 0
"
2172351.35383457,1791283788.8433597,"(2.73193359375, 3.5478515625, 4.2802734375)","Inter-|   Receive                                                |  Transmit
 face |bytes    packets errs drop fifo frame compressed multicast|bytes    packets errs drop fifo colls carrier compressed
    lo: 16338457596 21843029    0    0    0     0          0         0 16338457596 21843029    0    0    0     0       0          0
enp3s0: 101786312993 80171999    0    0    0     0          0         0 594759436 8096212    0    0    0     0       0          0
enp6s0: 62491088  544835    0  260    0     0          0     18851        0       0    0    0    0     0       0          0
wlp4s0: 9003807685 14866050    0    0    0     0          0         0 17083637188 19583985    0    0    0     0       0          0
","MemTotal:       32698160 kB
MemFree:         3177108 kB
MemAvailable:   24096420 kB
Buffers:          429724 kB
Cached:         20102352 kB
SwapCached:        26004 kB
Active:         16680812 kB
Inactive:       10941124 kB
Active(anon):    1613316 kB
Inactive(anon):  5266396 kB
Active(file):   15067496 kB
Inactive(file):  5674728 kB
Unevictable:          24 kB
Mlocked:              16 kB
SwapTotal:       2097148 kB
SwapFree:            324 kB
Zswap:                 0 kB
Zswapped:              0 kB
Dirty:                76 kB
Writeback:             0 kB
AnonPages:       7065880 kB
Mapped:          1159644 kB
Shmem:             71636 kB
KReclaimable:     646908 kB
Slab:            1008080 kB
SReclaimable:     646908 kB
SUnreclaim:       361172 kB
KernelStack:       28160 kB
PageTables:        83408 kB
SecPageTables:         0 kB
NFS_Unstable:          0 kB
Bounce:                0 kB
WritebackTmp:          0 kB
CommitLimit:    18446228 kB
Committed_AS:   23673728 kB
VmallocTotal:   34359738367 kB
VmallocUsed:      236540 kB
VmallocChunk:          0 kB
Percpu:            20160 kB
HardwareCorrupted:     0 kB
AnonHugePages:         0 kB
ShmemHugePages:        0 kB
ShmemPmdMapped:        0 kB
FileHugePages:         0 kB
FilePmdMapped:         0 kB
Unaccepted:            0 kB
HugePages_Total:       0
HugePages_Free:        0
HugePages_Rsvd:        0
HugePages_Surp:        0
Hugepagesize:       2048 kB
Hugetlb:               0 kB
DirectMap4k:    31524404 kB
DirectMap2M:     1867776 kB
DirectMap1G:     1048576 kB
",cpu  66733923 213926 12913700 4257506174 480668 0 473737 0 0 0,"3017586 (ros2_control_no) S 3017571 3017571 2912103 34817 3017571 4194304 13750 0 10 0 1207167 9439 0 0 20 0 39 0 216637404 2744172544 29203 18446744073709551615 106820472733696 106820472749549 140723865944256 0 0 0 4096 0 1098925310 0 0 0 17 16 0 0 0 0 0 106820472760512 106820472762592 106821535870976 140723865947817 140723865948053 140723865948053 140723865956287 0
"
2172351.555325185,1791283789.04485,"(2.73193359375, 3.5478515625, 4.2802734375)","Inter-|   Receive                                                |  Transmit
 face |bytes    packets errs drop fifo frame compressed multicast|bytes    packets errs drop fifo colls carrier compressed
    lo: 16338464523 21843075    0    0    0     0          0         0 16338464523 21843075    0    0    0     0       0          0
enp3s0: 101786587356 80172212    0    0    0     0          0         0 594760690 8096231    0    0    0     0       0          0
enp6s0: 62491088  544835    0  260    0     0          0     18851        0       0    0    0    0     0       0          0
wlp4s0: 9003808987 14866064    0    0    0     0          0         0 17083644229 19584008    0    0    0     0       0          0
","MemTotal:       32698160 kB
MemFree:         3177108 kB
MemAvailable:   24096420 kB
Buffers:          429724 kB
Cached:         20102356 kB
SwapCached:        26004 kB
Active:         16680872 kB
Inactive:       10941124 kB
Active(anon):    1613376 kB
Inactive(anon):  5266396 kB
Active(file):   15067496 kB
Inactive(file):  5674728 kB
Unevictable:          24 kB
Mlocked:              16 kB
SwapTotal:       2097148 kB
SwapFree:            324 kB
Zswap:                 0 kB
Zswapped:              0 kB
Dirty:                80 kB
Writeback:             0 kB
AnonPages:       7066008 kB
Mapped:          1159644 kB
Shmem:             71636 kB
KReclaimable:     646908 kB
Slab:            1008080 kB
SReclaimable:     646908 kB
SUnreclaim:       361172 kB
KernelStack:       28160 kB
PageTables:        83408 kB
SecPageTables:         0 kB
NFS_Unstable:          0 kB
Bounce:                0 kB
WritebackTmp:          0 kB
CommitLimit:    18446228 kB
Committed_AS:   23673728 kB
VmallocTotal:   34359738367 kB
VmallocUsed:      236540 kB
VmallocChunk:          0 kB
Percpu:            20160 kB
HardwareCorrupted:     0 kB
AnonHugePages:         0 kB
ShmemHugePages:        0 kB
ShmemPmdMapped:        0 kB
FileHugePages:         0 kB
FilePmdMapped:         0 kB
Unaccepted:            0 kB
HugePages_Total:       0
HugePages_Free:        0
HugePages_Rsvd:        0
HugePages_Surp:        0
Hugepagesize:       2048 kB
Hugetlb:               0 kB
DirectMap4k:    31524404 kB
DirectMap2M:     1867776 kB
DirectMap1G:     1048576 kB
",cpu  66733991 213926 12913703 4257506508 480668 0 473737 0 0 0,"3017586 (ros2_control_no) S 3017571 3017571 2912103 34817 3017571 4194304 13750 0 10 0 1207208 9440 0 0 20 0 39 0 216637404 2744172544 29203 18446744073709551615 106820472733696 106820472749549 140723865944256 0 0 0 4096 0 1098925310 0 0 0 17 16 0 0 0 0 0 106820472760512 106820472762592 106821535870976 140723865947817 140723865948053 140723865948053 140723865956287 0
"
2172351.756968736,1791283789.246494,"(2.73193359375, 3.5478515625, 4.2802734375)","Inter-|   Receive                                                |  Transmit
 face |bytes    packets errs drop fifo frame compressed multicast|bytes    packets errs drop fifo colls carrier compressed
    lo: 16338472078 21843118    0    0    0     0          0         0 16338472078 21843118    0    0    0     0       0          0
enp3s0: 101786863441 80172428    0    0    0     0          0         0 594762505 8096254    0    0    0     0       0          0
enp6s0: 62491088  544835    0  260    0     0          0     18851        0       0    0    0    0     0       0          0
wlp4s0: 9003810786 14866077    0    0    0     0          0         0 17083651729 19584035    0    0    0     0       0          0
","MemTotal:       32698160 kB
MemFree:         3176856 kB
MemAvailable:   24096168 kB
Buffers:          429724 kB
Cached:         20102364 kB
SwapCached:        26004 kB
Active:         16680992 kB
Inactive:       10941124 kB
Active(anon):    1613496 kB
Inactive(anon):  5266396 kB
Active(file):   15067496 kB
Inactive(file):  5674728 kB
Unevictable:          24 kB
Mlocked:              16 kB
SwapTotal:       2097148 kB
SwapFree:            324 kB
Zswap:                 0 kB
Zswapped:              0 kB
Dirty:                88 kB
Writeback:             0 kB
AnonPages:       7066140 kB
Mapped:          1159644 kB
Shmem:             71636 kB
KReclaimable:     646908 kB
Slab:            1008080 kB
SReclaimable:     646908 kB
SUnreclaim:       361172 kB
KernelStack:       28160 kB
PageTables:        83408 kB
SecPageTables:         0 kB
NFS_Unstable:          0 kB
Bounce:                0 kB
WritebackTmp:          0 kB
CommitLimit:    18446228 kB
Committed_AS:   23673728 kB
VmallocTotal:   34359738367 kB
VmallocUsed:      236540 kB
VmallocChunk:          0 kB
Percpu:            20160 kB
HardwareCorrupted:     0 kB
AnonHugePages:         0 kB
ShmemHugePages:        0 kB
ShmemPmdMapped:        0 kB
FileHugePages:         0 kB
FilePmdMapped:         0 kB
Unaccepted:            0 kB
HugePages_Total:       0
HugePages_Free:        0
HugePages_Rsvd:        0
HugePages_Surp:        0
Hugepagesize:       2048 kB
Hugetlb:               0 kB
DirectMap4k:    31524404 kB
DirectMap2M:     1867776 kB
DirectMap1G:     1048576 kB
",cpu  66734052 213926 12913707 4257506849 480668 0 473737 0 0 0,"3017586 (ros2_control_no) S 3017571 3017571 2912103 34817 3017571 4194304 13750 0 10 0 1207248 9440 0 0 20 0 39 0 216637404 2744172544 29203 18446744073709551615 106820472733696 106820472749549 140723865944256 0 0 0 4096 0 1098925310 0 0 0 17 16 0 0 0 0 0 106820472760512 106820472762592 106821535870976 140723865947817 140723865948053 140723865948053 140723865956287 0
"
2172351.958533993,1791283789.448059,"(2.73193359375, 3.5478515625, 4.2802734375)","Inter-|   Receive                                                |  Transmit
 face |bytes    packets errs drop fifo frame compressed multicast|bytes    packets errs drop fifo colls carrier compressed
    lo: 16338478707 21843164    0    0    0     0          0         0 16338478707 21843164    0    0    0     0       0          0
enp3s0: 101787136249 80172639    0    0    0     0          0         0 594763693 8096272    0    0    0     0       0          0
enp6s0: 62491088  544835    0  260    0     0          0     18851        0       0    0    0    0     0       0          0
wlp4s0: 9003814312 14866099    0    0    0     0          0         0 17083659346 19584059    0    0    0     0       0          0
","MemTotal:       32698160 kB
MemFree:         3176856 kB
MemAvailable:   24096168 kB
Buffers:          429724 kB
Cached:         20102368 kB
SwapCached:        26004 kB
Active:         16681232 kB
Inactive:       10941124 kB
Active(anon):    1613736 kB
Inactive(anon):  5266396 kB
Active(file):   15067496 kB
Inactive(file):  5674728 kB
Unevictable:          24 kB
Mlocked:              16 kB
SwapTotal:       2097148 kB
SwapFree:            324 kB
Zswap:                 0 kB
Zswapped:              0 kB
Dirty:                92 kB
Writeback:             0 kB
AnonPages:       7066272 kB
Mapped:          1159644 kB
Shmem:             71636 kB
KReclaimable:     646908 kB
Slab:            1008120 kB
SReclaimable:     646908 kB
SUnreclaim:       361212 kB
KernelStack:       28160 kB
PageTables:        83408 kB
SecPageTables:         0 kB
NFS_Unstable:          0 kB
Bounce:                0 kB
WritebackTmp:          0 kB
CommitLimit:    18446228 kB
Committed_AS:   23673728 kB
VmallocTotal:   34359738367 kB
VmallocUsed:      236540 kB
VmallocChunk:          0 kB
Percpu:            20160 kB
HardwareCorrupted:     0 kB
AnonHugePages:         0 kB
ShmemHugePages:        0 kB
ShmemPmdMapped:        0 kB
FileHugePages:         0 kB
FilePmdMapped:         0 kB
Unaccepted:            0 kB
HugePages_Total:       0
HugePages_Free:        0
HugePages_Rsvd:        0
HugePages_Surp:        0
Hugepagesize:       2048 kB
Hugetlb:               0 kB
DirectMap4k:    31524404 kB
DirectMap2M:     1867776 kB
DirectMap1G:     1048576 kB
",cpu  66734114 213926 12913711 4257507188 480668 0 473738 0 0 0,"3017586 (ros2_control_no) S 3017571 3017571 2912103 34817 3017571 4194304 13750 0 10 0 1207289 9441 0 0 20 0 39 0 216637404 2744172544 29203 18446744073709551615 106820472733696 106820472749549 140723865944256 0 0 0 4096 0 1098925310 0 0 0 17 16 0 0 0 0 0 106820472760512 106820472762592 106821535870976 140723865947817 140723865948053 140723865948053 140723865956287 0
"
2172352.159889509,1791283789.6494145,"(2.73193359375, 3.5478515625, 4.2802734375)","Inter-|   Receive                                                |  Transmit
 face |bytes    packets errs drop fifo frame compressed multicast|bytes    packets errs drop fifo colls carrier compressed
    lo: 16338483549 21843198    0    0    0     0          0         0 16338483549 21843198    0    0    0     0       0          0
enp3s0: 101787410278 80172850    0    0    0     0          0         0 594764791 8096289    0    0    0     0       0          0
enp6s0: 62491088  544835    0  260    0     0          0     18851        0       0    0    0    0     0       0          0
wlp4s0: 9003815224 14866109    0    0    0     0          0         0 17083665161 19584079    0    0    0     0       0          0
","MemTotal:       32698160 kB
MemFree:         3176856 kB
MemAvailable:   24096168 kB
Buffers:          429724 kB
Cached:         20102376 kB
SwapCached:        26004 kB
Active:         16681344 kB
Inactive:       10941124 kB
Active(anon):    1613848 kB
Inactive(anon):  5266396 kB
Active(file):   15067496 kB
Inactive(file):  5674728 kB
Unevictable:          24 kB
Mlocked:              16 kB
SwapTotal:       2097148 kB
SwapFree:            324 kB
Zswap:                 0 kB
Zswapped:              0 kB
Dirty:               100 kB
Writeback:             0 kB
AnonPages:       7066476 kB
Mapped:          1159644 kB
Shmem:             71636 kB
KReclaimable:     646908 kB
Slab:            1008144 kB
SReclaimable:     646908 kB
SUnreclaim:       361236 kB
KernelStack:       28176 kB
PageTables:        83408 kB
SecPageTables:         0 kB
NFS_Unstable:          0 kB
Bounce:                0 kB
WritebackTmp:          0 kB
CommitLimit:    18446228 kB
Committed_AS:   23673728 kB
VmallocTotal:   34359738367 kB
VmallocUsed:      236540 kB
VmallocChunk:          0 kB
Percpu:            20160 kB
HardwareCorrupted:     0 kB
AnonHugePages:         0 kB
ShmemHugePages:        0 kB
ShmemPmdMapped:        0 kB
FileHugePages:         0 kB
FilePmdMapped:         0 kB
Unaccepted:            0 kB
HugePages_Total:       0
HugePages_Free:        0
HugePages_Rsvd:        0
HugePages_Surp:        0
Hugepagesize:       2048 kB
Hugetlb:               0 kB
DirectMap4k:    31524404 kB
DirectMap2M:     1867776 kB
DirectMap1G:     1048576 kB
",cpu  66734174 213926 12913714 4257507529 480668 0 473738 0 0 0,"3017586 (ros2_control_no) S 3017571 3017571 2912103 34817 3017571 4194304 13750 0 10 0 1207330 9441 0 0 20 0 39 0 216637404 2744172544 29203 18446744073709551615 106820472733696 106820472749549 140723865944256 0 0 0 4096 0 1098925310 0 0 0 17 16 0 0 0 0 0 106820472760512 106820472762592 106821535870976 140723865947817 140723865948053 140723865948053 140723865956287 0
"
2172352.361614933,1791283789.85114,"(2.73193359375, 3.5478515625, 4.2802734375)","Inter-|   Receive                                                |  Transmit
 face |bytes    packets errs drop fifo frame compressed multicast|bytes    packets errs drop fifo colls carrier compressed
    lo: 16338487182 21843223    0    0    0     0          0         0 16338487182 21843223    0    0    0     0       0          0
enp3s0: 101787684474 80173062    0    0    0     0          0         0 594765979 8096307    0    0    0     0       0          0
enp6s0: 62491088  544835    0  260    0     0          0     18851        0       0    0    0    0     0       0          0
wlp4s0: 9003817223 14866117    0    0    0     0          0         0 17083670521 19584096    0    0    0     0       0          0
","MemTotal:       32698160 kB
MemFree:         3179276 kB
MemAvailable:   24098612 kB
Buffers:          429724 kB
Cached:         20102380 kB
SwapCached:        26004 kB
Active:         16681432 kB
Inactive:       10941148 kB
Active(anon):    1613936 kB
Inactive(anon):  5266396 kB
Active(file):   15067496 kB
Inactive(file):  5674752 kB
Unevictable:          24 kB
Mlocked:              16 kB
SwapTotal:       2097148 kB
SwapFree:            324 kB
Zswap:                 0 kB
Zswapped:              0 kB
Dirty:               108 kB
Writeback:             0 kB
AnonPages:       7066496 kB
Mapped:          1159644 kB
Shmem:             71636 kB
KReclaimable:     646908 kB
Slab:            1008208 kB
SReclaimable:     646908 kB
SUnreclaim:       361300 kB
KernelStack:       28160 kB
PageTables:        83408 kB
SecPageTables:         0 kB
NFS_Unstable:          0 kB
Bounce:                0 kB
WritebackTmp:          0 kB
CommitLimit:    18446228 kB
Committed_AS:   23673728 kB
VmallocTotal:   34359738367 kB
VmallocUsed:      236540 kB
VmallocChunk:          0 kB
Percpu:            20160 kB
HardwareCorrupted:     0 kB
AnonHugePages:         0 kB
ShmemHugePages:        0 kB
ShmemPmdMapped:        0 kB
FileHugePages:         0 kB
FilePmdMapped:         0 kB
Unaccepted:            0 kB
HugePages_Total:       0
HugePages_Free:        0
HugePages_Rsvd:        0
HugePages_Surp:        0
Hugepagesize:       2048 kB
Hugetlb:               0 kB
DirectMap4k:    31524404 kB
DirectMap2M:     1867776 kB
DirectMap1G:     1048576 kB
",cpu  66734225 213926 12913717 4257507879 480668 0 473738 0 0 0,"3017586 (ros2_control_no) S 3017571 3017571 2912103 34817 3017571 4194304 13750 0 10 0 1207370 9441 0 0 20 0 39 0 216637404 2744172544 29203 18446744073709551615 106820472733696 106820472749549 140723865944256 0 0 0 4096 0 1098925310 0 0 0 17 16 0 0 0 0 0 106820472760512 106820472762592 106821535870976 140723865947817 140723865948053 140723865948053 140723865956287 0
"
2172352.562788095,1791283790.052313,"(2.73193359375, 3.5478515625, 4.2802734375)","Inter-|   Receive                                                |  Transmit
 face |bytes    packets errs drop fifo frame compressed multicast|bytes    packets errs drop fifo colls carrier compressed
    lo: 16338492205 21843256    0    0    0     0          0         0 16338492205 21843256    0    0    0     0       0          0
enp3s0: 101787957616 80173275    0    0    0     0          0         0 594767299 8096327    0    0    0     0       0          0
enp6s0: 62491088  544835    0  260    0     0          0     18851        0       0    0    0    0     0       0          0
wlp4s0: 9003818093 14866126    0    0    0     0          0         0 17083676402 19584116    0    0    0     0       0          0
","MemTotal:       32698160 kB
MemFree:         3179276 kB
MemAvailable:   24098612 kB
Buffers:          429724 kB
Cached:         20102380 kB
SwapCached:        26004 kB
Active:         16681528 kB
Inactive:       10941148 kB
Active(anon):    1614032 kB
Inactive(anon):  5266396 kB
Active(file):   15067496 kB
Inactive(file):  5674752 kB
Unevictable:          24 kB
Mlocked:              16 kB
SwapTotal:       2097148 kB
SwapFree:            324 kB
Zswap:                 0 kB
Zswapped:              0 kB
Dirty:               108 kB
Writeback:             0 kB
AnonPages:       7066544 kB
Mapped:          1159644 kB
Shmem:             71636 kB
KReclaimable:     646908 kB
Slab:            1008176 kB
SReclaimable:     646908 kB
SUnreclaim:       361268 kB
KernelStack:       28160 kB
PageTables:        83408 kB
SecPageTables:         0 kB
NFS_Unstable:          0 kB
Bounce:                0 kB
WritebackTmp:          0 kB
CommitLimit:    18446228 kB
Committed_AS:   23673728 kB
VmallocTotal:   34359738367 kB
VmallocUsed:      236540 kB
VmallocChunk:          0 kB
Percpu:            20160 kB
HardwareCorrupted:     0 kB
AnonHugePages:         0 kB
ShmemHugePages:        0 kB
ShmemPmdMapped:        0 kB
FileHugePages:         0 kB
FilePmdMapped:         0 kB
Unaccepted:            0 kB
HugePages_Total:       0
HugePages_Free:        0
HugePages_Rsvd:        0
HugePages_Surp:        0
Hugepagesize:       2048 kB
Hugetlb:               0 kB
DirectMap4k:    31524404 kB
DirectMap2M:     1867776 kB
DirectMap1G:     1048576 kB
",cpu  66734281 213926 12913720 4257508224 480668 0 473738 0 0 0,"3017586 (ros2_control_no) S 3017571 3017571 2912103 34817 3017571 4194304 13750 0 10 0 1207411 9441 0 0 20 0 39 0 216637404 2744172544 29203 18446744073709551615 106820472733696 106820472749549 140723865944256 0 0 0 4096 0 1098925310 0 0 0 17 16 0 0 0 0 0 106820472760512 106820472762592 106821535870976 140723865947817 140723865948053 140723865948053 140723865956287 0
"
2172352.764182552,1791283790.2537074,"(2.73193359375, 3.5478515625, 4.2802734375)","Inter-|   Receive                                                |  Transmit
 face |bytes    packets errs drop fifo frame compressed multicast|bytes    packets errs drop fifo colls carrier compressed
    lo: 16338498921 21843297    0    0    0     0          0         0 16338498921 21843297    0    0    0     0       0          0
enp3s0: 101788232146 80173489    0    0    0     0          0         0 594768670 8096348    0    0    0     0       0          0
enp6s0: 62491088  544835    0  260    0     0          0     18851        0       0    0    0    0     0       0          0
wlp4s0: 9003819330 14866137    0    0    0     0          0         0 17083683174 19584137    0    0    0     0       0          0
","MemTotal:       32698160 kB
MemFree:         3179780 kB
MemAvailable:   24099116 kB
Buffers:          429724 kB
Cached:         20102380 kB
SwapCached:        26004 kB
Active:         16681644 kB
Inactive:       10941148 kB
Active(anon):    1614148 kB
Inactive(anon):  5266396 kB
Active(file):   15067496 kB
Inactive(file):  5674752 kB
Unevictable:          24 kB
Mlocked:              16 kB
SwapTotal:       2097148 kB
SwapFree:            324 kB
Zswap:                 0 kB
Zswapped:              0 kB
Dirty:               108 kB
Writeback:             0 kB
AnonPages:       7066604 kB
Mapped:          1159644 kB
Shmem:             71636 kB
KReclaimable:     646908 kB
Slab:            1008176 kB
SReclaimable:     646908 kB
SUnreclaim:       361268 kB
KernelStack:       28160 kB
PageTables:        83408 kB
SecPageTables:         0 kB
NFS_Unstable:          0 kB
Bounce:                0 kB
WritebackTmp:          0 kB
CommitLimit:    18446228 kB
Committed_AS:   23674752 kB
VmallocTotal:   34359738367 kB
VmallocUsed:      236540 kB
VmallocChunk:          0 kB
Percpu:            20160 kB
HardwareCorrupted:     0 kB
AnonHugePages:         0 kB
ShmemHugePages:        0 kB
ShmemPmdMapped:        0 kB
FileHugePages:         0 kB
FilePmdMapped:         0 kB
Unaccepted:            0 kB
HugePages_Total:       0
HugePages_Free:        0
HugePages_Rsvd:        0
HugePages_Surp:        0
Hugepagesize:       2048 kB
Hugetlb:               0 kB
DirectMap4k:    31524404 kB
DirectMap2M:     1867776 kB
DirectMap1G:     1048576 kB
",cpu  66734342 213926 12913724 4257508564 480668 0 473738 0 0 0,"3017586 (ros2_control_no) S 3017571 3017571 2912103 34817 3017571 4194304 13750 0 10 0 1207451 9442 0 0 20 0 39 0 216637404 2744172544 29203 18446744073709551615 106820472733696 106820472749549 140723865944256 0 0 0 4096 0 1098925310 0 0 0 17 17 0 0 0 0 0 106820472760512 106820472762592 106821535870976 140723865947817 140723865948053 140723865948053 140723865956287 0
"
2172352.965445711,1791283790.4549706,"(2.73193359375, 3.5478515625, 4.2802734375)","Inter-|   Receive                                                |  Transmit
 face |bytes    packets errs drop fifo frame compressed multicast|bytes    packets errs drop fifo colls carrier compressed
    lo: 16338503202 21843329    0    0    0     0          0         0 16338503202 21843329    0    0    0     0       0          0
enp3s0: 101788505288 80173702    0    0    0     0          0         0 594769990 8096368    0    0    0     0       0          0
enp6s0: 62491088  544835    0  260    0     0          0     18851        0       0    0    0    0     0       0          0
wlp4s0: 9003820302 14866146    0    0    0     0          0         0 17083688184 19584154    0    0    0     0       0          0
","MemTotal:       32698160 kB
MemFree:         3179780 kB
MemAvailable:   24099116 kB
Buffers:          429724 kB
Cached:         20102388 kB
SwapCached:        26004 kB
Active:         16681624 kB
Inactive:       10941148 kB
Active(anon):    1614128 kB
Inactive(anon):  5266396 kB
Active(file):   15067496 kB
Inactive(file):  5674752 kB
Unevictable:          24 kB
Mlocked:              16 kB
SwapTotal:       2097148 kB
SwapFree:            324 kB
Zswap:                 0 kB
Zswapped:              0 kB
Dirty:               116 kB
Writeback:             0 kB
AnonPages:       7066656 kB
Mapped:          1159644 kB
Shmem:             71636 kB
KReclaimable:     646908 kB
Slab:            1008144 kB
SReclaimable:     646908 kB
SUnreclaim:       361236 kB
KernelStack:       28160 kB
PageTables:        83408 kB
SecPageTables:         0 kB
NFS_Unstable:          0 kB
Bounce:                0 kB
WritebackTmp:          0 kB
CommitLimit:    18446228 kB
Committed_AS:   23674752 kB
VmallocTotal:   34359738367 kB
VmallocUsed:      236540 kB
VmallocChunk:          0 kB
Percpu:            20160 kB
HardwareCorrupted:     0 kB
AnonHugePages:         0 kB
ShmemHugePages:        0 kB
ShmemPmdMapped:        0 kB
FileHugePages:         0 kB
FilePmdMapped:         0 kB
Unaccepted:            0 kB
HugePages_Total:       0
HugePages_Free:        0
HugePages_Rsvd:        0
HugePages_Surp:        0
Hugepagesize:       2048 kB
Hugetlb:               0 kB
DirectMap4k:    31524404 kB
DirectMap2M:     1867776 kB
DirectMap1G:     1048576 kB
",cpu  66734398 213926 12913728 4257508908 480668 0 473739 0 0 0,"3017586 (ros2_control_no) S 3017571 3017571 2912103 34817 3017571 4194304 13750 0 10 0 1207492 9442 0 0 20 0 39 0 216637404 2744172544 29203 18446744073709551615 106820472733696 106820472749549 140723865944256 0 0 0 4096 0 1098925310 0 0 0 17 17 0 0 0 0 0 106820472760512 106820472762592 106821535870976 140723865947817 140723865948053 140723865948053 140723865956287 0
"
2172353.166745151,1791283790.6562703,"(2.73193359375, 3.5478515625, 4.2802734375)","Inter-|   Receive                                                |  Transmit
 face |bytes    packets errs drop fifo frame compressed multicast|bytes    packets errs drop fifo colls carrier compressed
    lo: 16338507110 21843355    0    0    0     0          0         0 16338507110 21843355    0    0    0     0       0          0
enp3s0: 101788779484 80173914    0    0    0     0          0         0 594771220 8096387    0    0    0     0       0          0
enp6s0: 62491088  544835    0  260    0     0          0     18851        0       0    0    0    0     0       0          0
wlp4s0: 9003820945 14866153    0    0    0     0          0         0 17083693980 19584173    0    0    0     0       0          0
","MemTotal:       32698160 kB
MemFree:         3179780 kB
MemAvailable:   24099116 kB
Buffers:          429724 kB
Cached:         20102392 kB
SwapCached:        26004 kB
Active:         16681684 kB
Inactive:       10941148 kB
Active(anon):    1614188 kB
Inactive(anon):  5266396 kB
Active(file):   15067496 kB
Inactive(file):  5674752 kB
Unevictable:          24 kB
Mlocked:              16 kB
SwapTotal:       2097148 kB
SwapFree:            324 kB
Zswap:                 0 kB
Zswapped:              0 kB
Dirty:               120 kB
Writeback:             0 kB
AnonPages:       7066784 kB
Mapped:          1159644 kB
Shmem:             71636 kB
KReclaimable:     646908 kB
Slab:            1008088 kB
SReclaimable:     646908 kB
SUnreclaim:       361180 kB
KernelStack:       28160 kB
PageTables:        83408 kB
SecPageTables:         0 kB
NFS_Unstable:          0 kB
Bounce:                0 kB
WritebackTmp:          0 kB
CommitLimit:    18446228 kB
Committed_AS:   23674752 kB
VmallocTotal:   34359738367 kB
VmallocUsed:      236540 kB
VmallocChunk:          0 kB
Percpu:            20160 kB
HardwareCorrupted:     0 kB
AnonHugePages:         0 kB
ShmemHugePages:        0 kB
ShmemPmdMapped:        0 kB
FileHugePages:         0 kB
FilePmdMapped:         0 kB
Unaccepted:            0 kB
HugePages_Total:       0
HugePages_Free:        0
HugePages_Rsvd:        0
HugePages_Surp:        0
Hugepagesize:       2048 kB
Hugetlb:               0 kB
DirectMap4k:    31524404 kB
DirectMap2M:     1867776 kB
DirectMap1G:     1048576 kB
",cpu  66734451 213926 12913732 4257509255 480668 0 473739 0 0 0,"3017586 (ros2_control_no) S 3017571 3017571 2912103 34817 3017571 4194304 13750 0 10 0 1207533 9442 0 0 20 0 39 0 216637404 2744172544 29203 18446744073709551615 106820472733696 106820472749549 140723865944256 0 0 0 4096 0 1098925310 0 0 0 17 17 0 0 0 0 0 106820472760512 106820472762592 106821535870976 140723865947817 140723865948053 140723865948053 140723865956287 0
"
2172353.368133371,1791283790.8576584,"(2.73193359375, 3.5478515625, 4.2802734375)","Inter-|   Receive                                                |  Transmit
 face |bytes    packets errs drop fifo frame compressed multicast|bytes    packets errs drop fifo colls carrier compressed
    lo: 16338511105 21843384    0    0    0     0          0         0 16338511105 21843384    0    0    0     0       0          0
enp3s0: 101789053847 80174127    0    0    0     0          0         0 594772474 8096406    0    0    0     0       0          0
enp6s0: 62491088  544835    0  260    0     0          0     18851        0       0    0    0    0     0       0          0
wlp4s0: 9003823894 14866169    0    0    0     0          0         0 17083699891 19584193    0    0    0     0       0          0
","MemTotal:       32698160 kB
MemFree:         3180500 kB
MemAvailable:   24099888 kB
Buffers:          429724 kB
Cached:         20102408 kB
SwapCached:        26004 kB
Active:         16682292 kB
Inactive:       10941200 kB
Active(anon):    1614796 kB
Inactive(anon):  5266396 kB
Active(file):   15067496 kB
Inactive(file):  5674804 kB
Unevictable:          24 kB
Mlocked:              16 kB
SwapTotal:       2097148 kB
SwapFree:            324 kB
Zswap:                 0 kB
Zswapped:              0 kB
Dirty:               136 kB
Writeback:             0 kB
AnonPages:       7067268 kB
Mapped:          1159644 kB
Shmem:             71636 kB
KReclaimable:     646908 kB
Slab:            1008088 kB
SReclaimable:     646908 kB
SUnreclaim:       361180 kB
KernelStack:       28160 kB
PageTables:        83408 kB
SecPageTables:         0 kB
NFS_Unstable:          0 kB
Bounce:                0 kB
WritebackTmp:          0 kB
CommitLimit:    18446228 kB
Committed_AS:   23674752 kB
VmallocTotal:   34359738367 kB
VmallocUsed:      236540 kB
VmallocChunk:          0 kB
Percpu:            20160 kB
HardwareCorrupted:     0 kB
AnonHugePages:         0 kB
ShmemHugePages:        0 kB
ShmemPmdMapped:        0 kB
FileHugePages:         0 kB
FilePmdMapped:         0 kB
Unaccepted:            0 kB
HugePages_Total:       0
HugePages_Free:        0
HugePages_Rsvd:        0
HugePages_Surp:        0
Hugepagesize:       2048 kB
Hugetlb:               0 kB
DirectMap4k:    31524404 kB
DirectMap2M:     1867776 kB
DirectMap1G:     1048576 kB
",cpu  66734510 213926 12913737 4257509596 480668 0 473739 0 0 0,"3017586 (ros2_control_no) S 3017571 3017571 2912103 34817 3017571 4194304 13750 0 10 0 1207574 9442 0 0 20 0 39 0 216637404 2744172544 29203 18446744073709551615 106820472733696 106820472749549 140723865944256 0 0 0 4096 0 1098925310 0 0 0 17 17 0 0 0 0 0 106820472760512 106820472762592 106821535870976 140723865947817 140723865948053 140723865948053 140723865956287 0
"
2172353.570661019,1791283791.0601861,"(2.73193359375, 3.5478515625, 4.2802734375)","Inter-|   Receive                                                |  Transmit
 face |bytes    packets errs drop fifo frame compressed multicast|bytes    packets errs drop fifo colls carrier compressed
    lo: 16338517888 21843431    0    0    0     0          0         0 16338517888 21843431    0    0    0     0       0          0
enp3s0: 101789329932 80174343    0    0    0     0          0         0 594773860 8096427    0    0    0     0       0          0
enp6s0: 62491088  544835    0  260    0     0          0     18851        0       0    0    0    0     0       0          0
wlp4s0: 9003825130 14866182    0    0    0     0          0         0 17083705982 19584214    0    0    0     0       0          0
","MemTotal:       32698160 kB
MemFree:         3180500 kB
MemAvailable:   24099888 kB
Buffers:          429724 kB
Cached:         20102408 kB
SwapCached:        26004 kB
Active:         16682472 kB
Inactive:       10941200 kB
Active(anon):    1614976 kB
Inactive(anon):  5266396 kB
Active(file):   15067496 kB
Inactive(file):  5674804 kB
Unevictable:          24 kB
Mlocked:              16 kB
SwapTotal:       2097148 kB
SwapFree:            324 kB
Zswap:                 0 kB
Zswapped:              0 kB
Dirty:               136 kB
Writeback:             0 kB
AnonPages:       7067456 kB
Mapped:          1159644 kB
Shmem:             71636 kB
KReclaimable:     646908 kB
Slab:            1008088 kB
SReclaimable:     646908 kB
SUnreclaim:       361180 kB
KernelStack:       28160 kB
PageTables:        83408 kB
SecPageTables:         0 kB
NFS_Unstable:          0 kB
Bounce:                0 kB
WritebackTmp:          0 kB
CommitLimit:    18446228 kB
Committed_AS:   23674752 kB
VmallocTotal:   34359738367 kB
VmallocUsed:      236540 kB
VmallocChunk:          0 kB
Percpu:            20160 kB
HardwareCorrupted:     0 kB
AnonHugePages:         0 kB
ShmemHugePages:        0 kB
ShmemPmdMapped:        0 kB
FileHugePages:         0 kB
FilePmdMapped:         0 kB
Unaccepted:            0 kB
HugePages_Total:       0
HugePages_Free:        0
HugePages_Rsvd:        0
HugePages_Surp:        0
Hugepagesize:       2048 kB
Hugetlb:               0 kB
DirectMap4k:    31524404 kB
DirectMap2M:     1867776 kB
DirectMap1G:     1048576 kB
",cpu  66734571 213926 12913741 4257509939 480668 0 473739 0 0 0,"3017586 (ros2_control_no) S 3017571 3017571 2912103 34817 3017571 4194304 13750 0 10 0 1207615 9442 0 0 20 0 39 0 216637404 2744172544 29203 18446744073709551615 106820472733696 106820472749549 140723865944256 0 0 0 4096 0 1098925310 0 0 0 17 17 0 0 0 0 0 106820472760512 106820472762592 106821535870976 140723865947817 140723865948053 140723865948053 140723865956287 0
"
2172353.772436283,1791283791.2619612,"(2.73193359375, 3.5478515625, 4.2802734375)","Inter-|   Receive                                                |  Transmit
 face |bytes    packets errs drop fifo frame compressed multicast|bytes    packets errs drop fifo colls carrier compressed
    lo: 16338527267 21843484    0    0    0     0          0         0 16338527267 21843484    0    0    0     0       0          0
enp3s0: 101789605850 80174558    0    0    0     0          0         0 594775609 8096449    0    0    0     0       0          0
enp6s0: 62491088  544835    0  260    0     0          0     18851        0       0    0    0    0     0       0          0
wlp4s0: 9003827010 14866196    0    0    0     0          0         0 17083715051 19584241    0    0    0     0       0          0
","MemTotal:       32698160 kB
MemFree:         3180500 kB
MemAvailable:   24099888 kB
Buffers:          429724 kB
Cached:         20102408 kB
SwapCached:        26004 kB
Active:         16682472 kB
Inactive:       10941200 kB
Active(anon):    1614976 kB
Inactive(anon):  5266396 kB
Active(file):   15067496 kB
Inactive(file):  5674804 kB
Unevictable:          24 kB
Mlocked:              16 kB
SwapTotal:       2097148 kB
SwapFree:            324 kB
Zswap:                 0 kB
Zswapped:              0 kB
Dirty:               136 kB
Writeback:             0 kB
AnonPages:       7067484 kB
Mapped:          1159644 kB
Shmem:             71636 kB
KReclaimable:     646908 kB
Slab:            1008096 kB
SReclaimable:     646908 kB
SUnreclaim:       361188 kB
KernelStack:       28160 kB
PageTables:        83408 kB
SecPageTables:         0 kB
NFS_Unstable:          0 kB
Bounce:                0 kB
WritebackTmp:          0 kB
CommitLimit:    18446228 kB
Committed_AS:   23674752 kB
VmallocTotal:   34359738367 kB
VmallocUsed:      236540 kB
VmallocChunk:          0 kB
Percpu:            20160 kB
HardwareCorrupted:     0 kB
AnonHugePages:         0 kB
ShmemHugePages:        0 kB
ShmemPmdMapped:        0 kB
FileHugePages:         0 kB
FilePmdMapped:         0 kB
Unaccepted:            0 kB
HugePages_Total:       0
HugePages_Free:        0
HugePages_Rsvd:        0
HugePages_Surp:        0
Hugepagesize:       2048 kB
Hugetlb:               0 kB
DirectMap4k:    31524404 kB
DirectMap2M:     1867776 kB
DirectMap1G:     1048576 kB
",cpu  66734633 213926 12913746 4257510275 480668 0 473739 0 0 0,"3017586 (ros2_control_no) S 3017571 3017571 2912103 34817 3017571 4194304 13750 0 10 0 1207655 9443 0 0 20 0 39 0 216637404 2744172544 29203 18446744073709551615 106820472733696 106820472749549 140723865944256 0 0 0 4096 0 1098925310 0 0 0 17 16 0 0 0 0 0 106820472760512 106820472762592 106821535870976 140723865947817 140723865948053 140723865948053 140723865956287 0
"
2172353.973760804,1791283791.4632857,"(2.73193359375, 3.5478515625, 4.2802734375)","Inter-|   Receive                                                |  Transmit
 face |bytes    packets errs drop fifo frame compressed multicast|bytes    packets errs drop fifo colls carrier compressed
    lo: 16338534252 21843526    0    0    0     0          0         0 16338534252 21843526    0    0    0     0       0          0
enp3s0: 101789879378 80174766    0    0    0     0          0         0 594776911 8096464    0    0    0     0       0          0
enp6s0: 62491088  544835    0  260    0     0          0     18851        0       0    0    0    0     0       0          0
wlp4s0: 9003828168 14866205    0    0    0     0          0         0 17083722878 19584265    0    0    0     0       0          0
","MemTotal:       32698160 kB
MemFree:         3180500 kB
MemAvailable:   24099888 kB
Buffers:          429724 kB
Cached:         20102408 kB
SwapCached:        26004 kB
Active:         16682532 kB
Inactive:       10941200 kB
Active(anon):    1615036 kB
Inactive(anon):  5266396 kB
Active(file):   15067496 kB
Inactive(file):  5674804 kB
Unevictable:          24 kB
Mlocked:              16 kB
SwapTotal:       2097148 kB
SwapFree:            324 kB
Zswap:                 0 kB
Zswapped:              0 kB
Dirty:               136 kB
Writeback:             0 kB
AnonPages:       7067548 kB
Mapped:          1159644 kB
Shmem:             71636 kB
KReclaimable:     646908 kB
Slab:            1008112 kB
SReclaimable:     646908 kB
SUnreclaim:       361204 kB
KernelStack:       28160 kB
PageTables:        83408 kB
SecPageTables:         0 kB
NFS_Unstable:          0 kB
Bounce:                0 kB
WritebackTmp:          0 kB
CommitLimit:    18446228 kB
Committed_AS:   23674752 kB
VmallocTotal:   34359738367 kB
VmallocUsed:      236540 kB
VmallocChunk:          0 kB
Percpu:            20160 kB
HardwareCorrupted:     0 kB
AnonHugePages:         0 kB
ShmemHugePages:        0 kB
ShmemPmdMapped:        0 kB
FileHugePages:         0 kB
FilePmdMapped:         0 kB
Unaccepted:            0 kB
HugePages_Total:       0
HugePages_Free:        0
HugePages_Rsvd:        0
HugePages_Surp:        0
Hugepagesize:       2048 kB
Hugetlb:               0 kB
DirectMap4k:    31524404 kB
DirectMap2M:     1867776 kB
DirectMap1G:     1048576 kB
",cpu  66734695 213926 12913751 4257510614 480668 0 473739 0 0 0,"3017586 (ros2_control_no) S 3017571 3017571 2912103 34817 3017571 4194304 13750 0 10 0 1207696 9443 0 0 20 0 39 0 216637404 2744172544 29203 18446744073709551615 106820472733696 106820472749549 140723865944256 0 0 0 4096 0 1098925310 0 0 0 17 16 0 0 0 0 0 106820472760512 106820472762592 106821535870976 140723865947817 140723865948053 140723865948053 140723865956287 0
"
2172354.175095135,1791283791.6646204,"(2.73193359375, 3.5478515625, 4.2802734375)","Inter-|   Receive                                                |  Transmit
 face |bytes    packets errs drop fifo frame compressed multicast|bytes    packets errs drop fifo colls carrier compressed
    lo: 16338546214 21843583    0    0    0     0          0         0 16338546214 21843583    0    0    0     0       0          0
enp3s0: 101790153741 80174979    0    0    0     0          0         0 594778921 8096485    0    0    0     0       0          0
enp6s0: 62491088  544835    0  260    0     0          0     18851        0       0    0    0    0     0       0          0
wlp4s0: 9003833082 14866226    0    0    0     0          0         0 17083734858 19584309    0    0    0     0       0          0
","MemTotal:       32698160 kB
MemFree:         3180936 kB
MemAvailable:   24100324 kB
Buffers:          429724 kB
Cached:         20102408 kB
SwapCached:        26004 kB
Active:         16682592 kB
Inactive:       10941200 kB
Active(anon):    1615096 kB
Inactive(anon):  5266396 kB
Active(file):   15067496 kB
Inactive(file):  5674804 kB
Unevictable:          24 kB
Mlocked:              16 kB
SwapTotal:       2097148 kB
SwapFree:            324 kB
Zswap:                 0 kB
Zswapped:              0 kB
Dirty:               136 kB
Writeback:             0 kB
AnonPages:       7067628 kB
Mapped:          1159644 kB
Shmem:             71636 kB
KReclaimable:     646908 kB
Slab:            1008088 kB
SReclaimable:     646908 kB
SUnreclaim:       361180 kB
KernelStack:       28160 kB
PageTables:        83408 kB
SecPageTables:         0 kB
NFS_Unstable:          0 kB
Bounce:                0 kB
WritebackTmp:          0 kB
CommitLimit:    18446228 kB
Committed_AS:   23674752 kB
VmallocTotal:   34359738367 kB
VmallocUsed:      236540 kB
VmallocChunk:          0 kB
Percpu:            20160 kB
HardwareCorrupted:     0 kB
AnonHugePages:         0 kB
ShmemHugePages:        0 kB
ShmemPmdMapped:        0 kB
FileHugePages:         0 kB
FilePmdMapped:         0 kB
Unaccepted:            0 kB
HugePages_Total:       0
HugePages_Free:        0
HugePages_Rsvd:        0
HugePages_Surp:        0
Hugepagesize:       2048 kB
Hugetlb:               0 kB
DirectMap4k:    31524404 kB
DirectMap2M:     1867776 kB
DirectMap1G:     1048576 kB
",cpu  66734753 213926 12913756 4257510952 480668 0 473739 0 0 0,"3017586 (ros2_control_no) S 3017571 3017571 2912103 34817 3017571 4194304 13750 0 10 0 1207736 9444 0 0 20 0 39 0 216637404 2744172544 29203 18446744073709551615 106820472733696 106820472749549 140723865944256 0 0 0 4096 0 1098925310 0 0 0 17 16 0 0 0 0 0 106820472760512 106820472762592 106821535870976 140723865947817 140723865948053 140723865948053 140723865956287 0
"
2172354.376401007,1791283791.865926,"(2.73193359375, 3.5478515625, 4.2802734375)","Inter-|   Receive                                                |  Transmit
 face |bytes    packets errs drop fifo frame compressed multicast|bytes    packets errs drop fifo colls carrier compressed
    lo: 16338549895 21843608    0    0    0     0          0         0 16338549895 21843608    0    0    0     0       0          0
enp3s0: 101790428104 80175192    0    0    0     0          0         0 594780175 8096504    0    0    0     0       0          0
enp6s0: 62491088  544835    0  260    0     0          0     18851        0       0    0    0    0     0       0          0
wlp4s0: 9003833538 14866231    0    0    0     0          0         0 17083739744 19584325    0    0    0     0       0          0
","MemTotal:       32698160 kB
MemFree:         3181060 kB
MemAvailable:   24100464 kB
Buffers:          429724 kB
Cached:         20102444 kB
SwapCached:        26004 kB
Active:         16682876 kB
Inactive:       10941216 kB
Active(anon):    1615380 kB
Inactive(anon):  5266396 kB
Active(file):   15067496 kB
Inactive(file):  5674820 kB
Unevictable:          24 kB
Mlocked:              16 kB
SwapTotal:       2097148 kB
SwapFree:            324 kB
Zswap:                 0 kB
Zswapped:              0 kB
Dirty:               172 kB
Writeback:             0 kB
AnonPages:       7067892 kB
Mapped:          1159644 kB
Shmem:             71636 kB
KReclaimable:     646908 kB
Slab:            1008144 kB
SReclaimable:     646908 kB
SUnreclaim:       361236 kB
KernelStack:       28160 kB
PageTables:        83408 kB
SecPageTables:         0 kB
NFS_Unstable:          0 kB
Bounce:                0 kB
WritebackTmp:          0 kB
CommitLimit:    18446228 kB
Committed_AS:   23675776 kB
VmallocTotal:   34359738367 kB
VmallocUsed:      236540 kB
VmallocChunk:          0 kB
Percpu:            20160 kB
HardwareCorrupted:     0 kB
AnonHugePages:         0 kB
ShmemHugePages:        0 kB
ShmemPmdMapped:        0 kB
FileHugePages:         0 kB
FilePmdMapped:         0 kB
Unaccepted:            0 kB
HugePages_Total:       0
HugePages_Free:        0
HugePages_Rsvd:        0
HugePages_Surp:        0
Hugepagesize:       2048 kB
Hugetlb:               0 kB
DirectMap4k:    31524404 kB
DirectMap2M:     1867776 kB
DirectMap1G:     1048576 kB
",cpu  66734807 213926 12913759 4257511299 480668 0 473739 0 0 0,"3017586 (ros2_control_no) S 3017571 3017571 2912103 34817 3017571 4194304 13750 0 10 0 1207777 9444 0 0 20 0 39 0 216637404 2744172544 29203 18446744073709551615 106820472733696 106820472749549 140723865944256 0 0 0 4096 0 1098925310 0 0 0 17 16 0 0 0 0 0 106820472760512 106820472762592 106821535870976 140723865947817 140723865948053 140723865948053 140723865956287 0
"
2172354.57790532,1791283792.0674305,"(2.73193359375, 3.5478515625, 4.2802734375)","Inter-|   Receive                                                |  Transmit
 face |bytes    packets errs drop fifo frame compressed multicast|bytes    packets errs drop fifo colls carrier compressed
    lo: 16338560300 21843665    0    0    0     0          0         0 16338560300 21843665    0    0    0     0       0          0
enp3s0: 101790702467 80175405    0    0    0     0          0         0 594781849 8096525    0    0    0     0       0          0
enp6s0: 62491088  544835    0  260    0     0          0     18851        0       0    0    0    0     0       0          0
wlp4s0: 9003835281 14866246    0    0    0     0          0         0 17083750622 19584361    0    0    0     0       0          0
","MemTotal:       32698160 kB
MemFree:         3181060 kB
MemAvailable:   24100464 kB
Buffers:          429724 kB
Cached:         20102444 kB
SwapCached:        26004 kB
Active:         16682964 kB
Inactive:       10941216 kB
Active(anon):    1615468 kB
Inactive(anon):  5266396 kB
Active(file):   15067496 kB
Inactive(file):  5674820 kB
Unevictable:          24 kB
Mlocked:              16 kB
SwapTotal:       2097148 kB
SwapFree:            324 kB
Zswap:                 0 kB
Zswapped:              0 kB
Dirty:               172 kB
Writeback:             0 kB
AnonPages:       7067944 kB
Mapped:          1159644 kB
Shmem:             71636 kB
KReclaimable:     646908 kB
Slab:            1008144 kB
SReclaimable:     646908 kB
SUnreclaim:       361236 kB
KernelStack:       28160 kB
PageTables:        83412 kB
SecPageTables:         0 kB
NFS_Unstable:          0 kB
Bounce:                0 kB
WritebackTmp:          0 kB
CommitLimit:    18446228 kB
Committed_AS:   23675776 kB
VmallocTotal:   34359738367 kB
VmallocUsed:      236540 kB
VmallocChunk:          0 kB
Percpu:            20160 kB
HardwareCorrupted:     0 kB
AnonHugePages:         0 kB
ShmemHugePages:        0 kB
ShmemPmdMapped:        0 kB
FileHugePages:         0 kB
FilePmdMapped:         0 kB
Unaccepted:            0 kB
HugePages_Total:       0
HugePages_Free:        0
HugePages_Rsvd:        0
HugePages_Surp:        0
Hugepagesize:       2048 kB
Hugetlb:               0 kB
DirectMap4k:    31524404 kB
DirectMap2M:     1867776 kB
DirectMap1G:     1048576 kB
",cpu  66734876 213926 12913766 4257511628 480668 0 473740 0 0 0,"3017586 (ros2_control_no) S 3017571 3017571 2912103 34817 3017571 4194304 13750 0 10 0 1207818 9444 0 0 20 0 39 0 216637404 2744172544 29203 18446744073709551615 106820472733696 106820472749549 140723865944256 0 0 0 4096 0 1098925310 0 0 0 17 16 0 0 0 0 0 106820472760512 106820472762592 106821535870976 140723865947817 140723865948053 140723865948053 140723865956287 0
"
2172354.779375362,1791283792.2689004,"(2.73193359375, 3.5478515625, 4.2802734375)","Inter-|   Receive                                                |  Transmit
 face |bytes    packets errs drop fifo frame compressed multicast|bytes    packets errs drop fifo colls carrier compressed
    lo: 16338576904 21843734    0    0    0     0          0         0 16338576904 21843734    0    0    0     0       0          0
enp3s0: 101790976830 80175618    0    0    0     0          0         0 594783154 8096545    0    0    0     0       0          0
enp6s0: 62491088  544835    0  260    0     0          0     18851        0       0    0    0    0     0       0          0
wlp4s0: 9003837843 14866270    0    0    0     0          0         0 17083765039 19584394    0    0    0     0       0          0
","MemTotal:       32698160 kB
MemFree:         3180556 kB
MemAvailable:   24099960 kB
Buffers:          429724 kB
Cached:         20102444 kB
SwapCached:        26004 kB
Active:         16683024 kB
Inactive:       10941216 kB
Active(anon):    1615528 kB
Inactive(anon):  5266396 kB
Active(file):   15067496 kB
Inactive(file):  5674820 kB
Unevictable:          24 kB
Mlocked:              16 kB
SwapTotal:       2097148 kB
SwapFree:            324 kB
Zswap:                 0 kB
Zswapped:              0 kB
Dirty:               172 kB
Writeback:             0 kB
AnonPages:       7068008 kB
Mapped:          1159644 kB
Shmem:             71636 kB
KReclaimable:     646908 kB
Slab:            1008144 kB
SReclaimable:     646908 kB
SUnreclaim:       361236 kB
KernelStack:       28160 kB
PageTables:        83412 kB
SecPageTables:         0 kB
NFS_Unstable:          0 kB
Bounce:                0 kB
WritebackTmp:          0 kB
CommitLimit:    18446228 kB
Committed_AS:   23675776 kB
VmallocTotal:   34359738367 kB
VmallocUsed:      236540 kB
VmallocChunk:          0 kB
Percpu:            20160 kB
HardwareCorrupted:     0 kB
AnonHugePages:         0 kB
ShmemHugePages:        0 kB
ShmemPmdMapped:        0 kB
FileHugePages:         0 kB
FilePmdMapped:         0 kB
Unaccepted:            0 kB
HugePages_Total:       0
HugePages_Free:        0
HugePages_Rsvd:        0
HugePages_Surp:        0
Hugepagesize:       2048 kB
Hugetlb:               0 kB
DirectMap4k:    31524404 kB
DirectMap2M:     1867776 kB
DirectMap1G:     1048576 kB
",cpu  66734950 213926 12913772 4257511952 480668 0 473740 0 0 0,"3017586 (ros2_control_no) S 3017571 3017571 2912103 34817 3017571 4194304 13750 0 10 0 1207859 9444 0 0 20 0 39 0 216637404 2744172544 29203 18446744073709551615 106820472733696 106820472749549 140723865944256 0 0 0 4096 0 1098925310 0 0 0 17 16 0 0 0 0 0 106820472760512 106820472762592 106821535870976 140723865947817 140723865948053 140723865948053 140723865956287 0
"
2172354.981060295,1791283792.4705853,"(2.6728515625, 3.52197265625, 4.267578125)","Inter-|   Receive                                                |  Transmit
 face |bytes    packets errs drop fifo frame compressed multicast|bytes    packets errs drop fifo colls carrier compressed
    lo: 16338592581 21843782    0    0    0     0          0         0 16338592581 21843782    0    0    0     0       0          0
enp3s0: 101791253802 80175832    0    0    0     0          0         0 594784342 8096563    0    0    0     0       0          0
enp6s0: 62491088  544835    0  260    0     0          0     18851        0       0    0    0    0     0       0          0
wlp4s0: 9003841164 14866290    0    0    0     0          0         0 17083780961 19584419    0    0    0     0       0          0
","MemTotal:       32698160 kB
MemFree:         3183436 kB
MemAvailable:   24102840 kB
Buffers:          429732 kB
Cached:         20102440 kB
SwapCached:        26004 kB
Active:         16683084 kB
Inactive:       10941216 kB
Active(anon):    1615588 kB
Inactive(anon):  5266396 kB
Active(file):   15067496 kB
Inactive(file):  5674820 kB
Unevictable:          24 kB
Mlocked:              16 kB
SwapTotal:       2097148 kB
SwapFree:            324 kB
Zswap:                 0 kB
Zswapped:              0 kB
Dirty:               176 kB
Writeback:             0 kB
AnonPages:       7068072 kB
Mapped:          1159644 kB
Shmem:             71636 kB
KReclaimable:     646908 kB
Slab:            1008144 kB
SReclaimable:     646908 kB
SUnreclaim:       361236 kB
KernelStack:       28160 kB
PageTables:        83412 kB
SecPageTables:         0 kB
NFS_Unstable:          0 kB
Bounce:                0 kB
WritebackTmp:          0 kB
CommitLimit:    18446228 kB
Committed_AS:   23675776 kB
VmallocTotal:   34359738367 kB
VmallocUsed:      236540 kB
VmallocChunk:          0 kB
Percpu:            20160 kB
HardwareCorrupted:     0 kB
AnonHugePages:         0 kB
ShmemHugePages:        0 kB
ShmemPmdMapped:        0 kB
FileHugePages:         0 kB
FilePmdMapped:         0 kB
Unaccepted:            0 kB
HugePages_Total:       0
HugePages_Free:        0
HugePages_Rsvd:        0
HugePages_Surp:        0
Hugepagesize:       2048 kB
Hugetlb:               0 kB
DirectMap4k:    31524404 kB
DirectMap2M:     1867776 kB
DirectMap1G:     1048576 kB
",cpu  66735018 213926 12913775 4257512286 480669 0 473741 0 0 0,"3017586 (ros2_control_no) S 3017571 3017571 2912103 34817 3017571 4194304 13750 0 10 0 1207900 9444 0 0 20 0 39 0 216637404 2744172544 29203 18446744073709551615 106820472733696 106820472749549 140723865944256 0 0 0 4096 0 1098925310 0 0 0 17 16 0 0 0 0 0 106820472760512 106820472762592 106821535870976 140723865947817 140723865948053 140723865948053 140723865956287 0
"
2172355.184048532,1791283792.6735737,"(2.6728515625, 3.52197265625, 4.267578125)","Inter-|   Receive                                                |  Transmit
 face |bytes    packets errs drop fifo frame compressed multicast|bytes    packets errs drop fifo colls carrier compressed
    lo: 16338611624 21843844    0    0    0     0          0         0 16338611624 21843844    0    0    0     0       0          0
enp3s0: 101791527497 80176041    0    0    0     0          0         0 594785266 8096577    0    0    0     0       0          0
enp6s0: 62491088  544835    0  260    0     0          0     18851        0       0    0    0    0     0       0          0
wlp4s0: 9003843028 14866310    0    0    0     0          0         0 17083800694 19584455    0    0    0     0       0          0
","MemTotal:       32698160 kB
MemFree:         3183996 kB
MemAvailable:   24103400 kB
Buffers:          429732 kB
Cached:         20102444 kB
SwapCached:        26004 kB
Active:         16681700 kB
Inactive:       10941212 kB
Active(anon):    1614204 kB
Inactive(anon):  5266392 kB
Active(file):   15067496 kB
Inactive(file):  5674820 kB
Unevictable:          24 kB
Mlocked:              16 kB
SwapTotal:       2097148 kB
SwapFree:            324 kB
Zswap:                 0 kB
Zswapped:              0 kB
Dirty:                 0 kB
Writeback:           364 kB
AnonPages:       7066688 kB
Mapped:          1159644 kB
Shmem:             71636 kB
KReclaimable:     646908 kB
Slab:            1008144 kB
SReclaimable:     646908 kB
SUnreclaim:       361236 kB
KernelStack:       28160 kB
PageTables:        83412 kB
SecPageTables:         0 kB
NFS_Unstable:          0 kB
Bounce:                0 kB
WritebackTmp:          0 kB
CommitLimit:    18446228 kB
Committed_AS:   23675392 kB
VmallocTotal:   34359738367 kB
VmallocUsed:      236540 kB
VmallocChunk:          0 kB
Percpu:            20160 kB
HardwareCorrupted:     0 kB
AnonHugePages:         0 kB
ShmemHugePages:        0 kB
ShmemPmdMapped:        0 kB
FileHugePages:         0 kB
FilePmdMapped:         0 kB
Unaccepted:            0 kB
HugePages_Total:       0
HugePages_Free:        0
HugePages_Rsvd:        0
HugePages_Surp:        0
Hugepagesize:       2048 kB
Hugetlb:               0 kB
DirectMap4k:    31524404 kB
DirectMap2M:     1867776 kB
DirectMap1G:     1048576 kB
",cpu  66735091 213926 12913780 4257512614 480669 0 473741 0 0 0,"3017586 (ros2_control_no) S 3017571 3017571 2912103 34817 3017571 4194304 13750 0 10 0 1207941 9445 0 0 20 0 39 0 216637404 2744172544 29203 18446744073709551615 106820472733696 106820472749549 140723865944256 0 0 0 4096 0 1098925310 0 0 0 17 10 0 0 0 0 0 106820472760512 106820472762592 106821535870976 140723865947817 140723865948053 140723865948053 140723865956287 0
"
2172355.385600075,1791283792.8751252,"(2.6728515625, 3.52197265625, 4.267578125)","Inter-|   Receive                                                |  Transmit
 face |bytes    packets errs drop fifo frame compressed multicast|bytes    packets errs drop fifo colls carrier compressed
    lo: 16338621987 21843895    0    0    0     0          0         0 16338621987 21843895    0    0    0     0       0          0
enp3s0: 101791802027 80176255    0    0    0     0          0         0 594786586 8096597    0    0    0     0       0          0
enp6s0: 62491088  544835    0  260    0     0          0     18851        0       0    0    0    0     0       0          0
wlp4s0: 9003844393 14866324    0    0    0     0          0         0 17083811344 19584484    0    0    0     0       0          0
","MemTotal:       32698160 kB
MemFree:         3185016 kB
MemAvailable:   24104480 kB
Buffers:          429732 kB
Cached:         20102476 kB
SwapCached:        26004 kB
Active:         16682224 kB
Inactive:       10941272 kB
Active(anon):    1614728 kB
Inactive(anon):  5266392 kB
Active(file):   15067496 kB
Inactive(file):  5674880 kB
Unevictable:          24 kB
Mlocked:              16 kB
SwapTotal:       2097148 kB
SwapFree:            324 kB
Zswap:                 0 kB
Zswapped:              0 kB
Dirty:                48 kB
Writeback:             0 kB
AnonPages:       7067248 kB
Mapped:          1159644 kB
Shmem:             71636 kB
KReclaimable:     646908 kB
Slab:            1008096 kB
SReclaimable:     646908 kB
SUnreclaim:       361188 kB
KernelStack:       28160 kB
PageTables:        83412 kB
SecPageTables:         0 kB
NFS_Unstable:          0 kB
Bounce:                0 kB
WritebackTmp:          0 kB
CommitLimit:    18446228 kB
Committed_AS:   23675392 kB
VmallocTotal:   34359738367 kB
VmallocUsed:      236540 kB
VmallocChunk:          0 kB
Percpu:            20160 kB
HardwareCorrupted:     0 kB
AnonHugePages:         0 kB
ShmemHugePages:        0 kB
ShmemPmdMapped:        0 kB
FileHugePages:         0 kB
FilePmdMapped:         0 kB
Unaccepted:            0 kB
HugePages_Total:       0
HugePages_Free:        0
HugePages_Rsvd:        0
HugePages_Surp:        0
Hugepagesize:       2048 kB
Hugetlb:               0 kB
DirectMap4k:    31524404 kB
DirectMap2M:     1867776 kB
DirectMap1G:     1048576 kB
",cpu  66735159 213926 12913784 4257512942 480669 0 473741 0 0 0,"3017586 (ros2_control_no) S 3017571 3017571 2912103 34817 3017571 4194304 13750 0 10 0 1207982 9445 0 0 20 0 39 0 216637404 2744172544 29203 18446744073709551615 106820472733696 106820472749549 140723865944256 0 0 0 4096 0 1098925310 0 0 0 17 10 0 0 0 0 0 106820472760512 106820472762592 106821535870976 140723865947817 140723865948053 140723865948053 140723865956287 0
"
2172355.587054103,1791283793.076579,"(2.6728515625, 3.52197265625, 4.267578125)","Inter-|   Receive                                                |  Transmit
 face |bytes    packets errs drop fifo frame compressed multicast|bytes    packets errs drop fifo colls carrier compressed
    lo: 16338628290 21843936    0    0    0     0          0         0 16338628290 21843936    0    0    0     0       0          0
enp3s0: 101792076223 80176467    0    0    0     0          0         0 594787816 8096616    0    0    0     0       0          0
enp6s0: 62491088  544835    0  260    0     0          0     18851        0       0    0    0    0     0       0          0
wlp4s0: 9003845371 14866335    0    0    0     0          0         0 17083818013 19584505    0    0    0     0       0          0
","MemTotal:       32698160 kB
MemFree:         3185268 kB
MemAvailable:   24104732 kB
Buffers:          429732 kB
Cached:         20102480 kB
SwapCached:        26004 kB
Active:         16682404 kB
Inactive:       10941272 kB
Active(anon):    1614908 kB
Inactive(anon):  5266392 kB
Active(file):   15067496 kB
Inactive(file):  5674880 kB
Unevictable:          24 kB
Mlocked:              16 kB
SwapTotal:       2097148 kB
SwapFree:            324 kB
Zswap:                 0 kB
Zswapped:              0 kB
Dirty:                52 kB
Writeback:             0 kB
AnonPages:       7067376 kB
Mapped:          1159644 kB
Shmem:             71636 kB
KReclaimable:     646908 kB
Slab:            1008104 kB
SReclaimable:     646908 kB
SUnreclaim:       361196 kB
KernelStack:       28160 kB
PageTables:        83412 kB
SecPageTables:         0 kB
NFS_Unstable:          0 kB
Bounce:                0 kB
WritebackTmp:          0 kB
CommitLimit:    18446228 kB
Committed_AS:   23675392 kB
VmallocTotal:   34359738367 kB
VmallocUsed:      236540 kB
VmallocChunk:          0 kB
Percpu:            20160 kB
HardwareCorrupted:     0 kB
AnonHugePages:         0 kB
ShmemHugePages:        0 kB
ShmemPmdMapped:        0 kB
FileHugePages:         0 kB
FilePmdMapped:         0 kB
Unaccepted:            0 kB
HugePages_Total:       0
HugePages_Free:        0
HugePages_Rsvd:        0
HugePages_Surp:        0
Hugepagesize:       2048 kB
Hugetlb:               0 kB
DirectMap4k:    31524404 kB
DirectMap2M:     1867776 kB
DirectMap1G:     1048576 kB
",cpu  66735220 213926 12913788 4257513280 480669 0 473741 0 0 0,"3017586 (ros2_control_no) S 3017571 3017571 2912103 34817 3017571 4194304 13750 0 10 0 1208022 9446 0 0 20 0 39 0 216637404 2744172544 29203 18446744073709551615 106820472733696 106820472749549 140723865944256 0 0 0 4096 0 1098925310 0 0 0 17 10 0 0 0 0 0 106820472760512 106820472762592 106821535870976 140723865947817 140723865948053 140723865948053 140723865956287 0
"
2172355.788459407,1791283793.277985,"(2.6728515625, 3.52197265625, 4.267578125)","Inter-|   Receive                                                |  Transmit
 face |bytes    packets errs drop fifo frame compressed multicast|bytes    packets errs drop fifo colls carrier compressed
    lo: 16338634179 21843980    0    0    0     0          0         0 16338634179 21843980    0    0    0     0       0          0
enp3s0: 101792350419 80176679    0    0    0     0          0         0 594789055 8096635    0    0    0     0       0          0
enp6s0: 62491088  544835    0  260    0     0          0     18851        0       0    0    0    0     0       0          0
wlp4s0: 9003846829 14866351    0    0    0     0          0         0 17083825067 19584528    0    0    0     0       0          0
","MemTotal:       32698160 kB
MemFree:         3185016 kB
MemAvailable:   24104480 kB
Buffers:          429732 kB
Cached:         20102492 kB
SwapCached:        26004 kB
Active:         16682524 kB
Inactive:       10941272 kB
Active(anon):    1615028 kB
Inactive(anon):  5266392 kB
Active(file):   15067496 kB
Inactive(file):  5674880 kB
Unevictable:          24 kB
Mlocked:              16 kB
SwapTotal:       2097148 kB
SwapFree:            324 kB
Zswap:                 0 kB
Zswapped:              0 kB
Dirty:                64 kB
Writeback:             0 kB
AnonPages:       7067504 kB
Mapped:          1159644 kB
Shmem:             71636 kB
KReclaimable:     646908 kB
Slab:            1008104 kB
SReclaimable:     646908 kB
SUnreclaim:       361196 kB
KernelStack:       28160 kB
PageTables:        83412 kB
SecPageTables:         0 kB
NFS_Unstable:          0 kB
Bounce:                0 kB
WritebackTmp:          0 kB
CommitLimit:    18446228 kB
Committed_AS:   23675392 kB
VmallocTotal:   34359738367 kB
VmallocUsed:      236540 kB
VmallocChunk:          0 kB
Percpu:            20160 kB
HardwareCorrupted:     0 kB
AnonHugePages:         0 kB
ShmemHugePages:        0 kB
ShmemPmdMapped:        0 kB
FileHugePages:         0 kB
FilePmdMapped:         0 kB
Unaccepted:            0 kB
HugePages_Total:       0
HugePages_Free:        0
HugePages_Rsvd:        0
HugePages_Surp:        0
Hugepagesize:       2048 kB
Hugetlb:               0 kB
DirectMap4k:    31524404 kB
DirectMap2M:     1867776 kB
DirectMap1G:     1048576 kB
",cpu  66735281 213926 12913792 4257513617 480669 0 473741 0 0 0,"3017586 (ros2_control_no) S 3017571 3017571 2912103 34817 3017571 4194304 13750 0 10 0 1208063 9446 0 0 20 0 39 0 216637404 2744172544 29203 18446744073709551615 106820472733696 106820472749549 140723865944256 0 0 0 4096 0 1098925310 0 0 0 17 10 0 0 0 0 0 106820472760512 106820472762592 106821535870976 140723865947817 140723865948053 140723865948053 140723865956287 0
"
2172355.9899148,1791283793.47944,"(2.6728515625, 3.52197265625, 4.267578125)","Inter-|   Receive                                                |  Transmit
 face |bytes    packets errs drop fifo frame compressed multicast|bytes    packets errs drop fifo colls carrier compressed
    lo: 16338639362 21844018    0    0    0     0          0         0 16338639362 21844018    0    0    0     0       0          0
enp3s0: 101792625502 80176889    0    0    0     0          0         0 594790045 8096650    0    0    0     0       0          0
enp6s0: 62491088  544835    0  260    0     0          0     18851        0       0    0    0    0     0       0          0
wlp4s0: 9003847804 14866361    0    0    0     0          0         0 17083830876 19584548    0    0    0     0       0          0
","MemTotal:       32698160 kB
MemFree:         3184764 kB
MemAvailable:   24104228 kB
Buffers:          429732 kB
Cached:         20102496 kB
SwapCached:        26004 kB
Active:         16682644 kB
Inactive:       10941272 kB
Active(anon):    1615148 kB
Inactive(anon):  5266392 kB
Active(file):   15067496 kB
Inactive(file):  5674880 kB
Unevictable:          24 kB
Mlocked:              16 kB
SwapTotal:       2097148 kB
SwapFree:            324 kB
Zswap:                 0 kB
Zswapped:              0 kB
Dirty:                68 kB
Writeback:             0 kB
AnonPages:       7067636 kB
Mapped:          1159644 kB
Shmem:             71636 kB
KReclaimable:     646908 kB
Slab:            1008104 kB
SReclaimable:     646908 kB
SUnreclaim:       361196 kB
KernelStack:       28160 kB
PageTables:        83412 kB
SecPageTables:         0 kB
NFS_Unstable:          0 kB
Bounce:                0 kB
WritebackTmp:          0 kB
CommitLimit:    18446228 kB
Committed_AS:   23676416 kB
VmallocTotal:   34359738367 kB
VmallocUsed:      236540 kB
VmallocChunk:          0 kB
Percpu:            20160 kB
HardwareCorrupted:     0 kB
AnonHugePages:         0 kB
ShmemHugePages:        0 kB
ShmemPmdMapped:        0 kB
FileHugePages:         0 kB
FilePmdMapped:         0 kB
Unaccepted:            0 kB
HugePages_Total:       0
HugePages_Free:        0
HugePages_Rsvd:        0
HugePages_Surp:        0
Hugepagesize:       2048 kB
Hugetlb:               0 kB
DirectMap4k:    31524404 kB
DirectMap2M:     1867776 kB
DirectMap1G:     1048576 kB
",cpu  66735341 213926 12913794 4257513959 480669 0 473741 0 0 0,"3017586 (ros2_control_no) S 3017571 3017571 2912103 34817 3017571 4194304 13750 0 10 0 1208104 9446 0 0 20 0 39 0 216637404 2744172544 29203 18446744073709551615 106820472733696 106820472749549 140723865944256 0 0 0 4096 0 1098925310 0 0 0 17 10 0 0 0 0 0 106820472760512 106820472762592 106821535870976 140723865947817 140723865948053 140723865948053 140723865956287 0
"
2172356.191880475,1791283793.6814055,"(2.6728515625, 3.52197265625, 4.267578125)","Inter-|   Receive                                                |  Transmit
 face |bytes    packets errs drop fifo frame compressed multicast|bytes    packets errs drop fifo colls carrier compressed
    lo: 16338644108 21844052    0    0    0     0          0         0 16338644108 21844052    0    0    0     0       0          0
enp3s0: 101792898310 80177100    0    0    0     0          0         0 594791233 8096668    0    0    0     0       0          0
enp6s0: 62491088  544835    0  260    0     0          0     18851        0       0    0    0    0     0       0          0
wlp4s0: 9003848774 14866372    0    0    0     0          0         0 17083837278 19584569    0    0    0     0       0          0
","MemTotal:       32698160 kB
MemFree:         3189688 kB
MemAvailable:   24109180 kB
Buffers:          429732 kB
Cached:         20102500 kB
SwapCached:        26004 kB
Active:         16682796 kB
Inactive:       10941300 kB
Active(anon):    1615300 kB
Inactive(anon):  5266392 kB
Active(file):   15067496 kB
Inactive(file):  5674908 kB
Unevictable:          24 kB
Mlocked:              16 kB
SwapTotal:       2097148 kB
SwapFree:            324 kB
Zswap:                 0 kB
Zswapped:              0 kB
Dirty:                72 kB
Writeback:             0 kB
AnonPages:       7067764 kB
Mapped:          1159644 kB
Shmem:             71636 kB
KReclaimable:     646908 kB
Slab:            1008064 kB
SReclaimable:     646908 kB
SUnreclaim:       361156 kB
KernelStack:       28160 kB
PageTables:        83412 kB
SecPageTables:         0 kB
NFS_Unstable:          0 kB
Bounce:                0 kB
WritebackTmp:          0 kB
CommitLimit:    18446228 kB
Committed_AS:   23676416 kB
VmallocTotal:   34359738367 kB
VmallocUsed:      236540 kB
VmallocChunk:          0 kB
Percpu:            20160 kB
HardwareCorrupted:     0 kB
AnonHugePages:         0 kB
ShmemHugePages:        0 kB
ShmemPmdMapped:        0 kB
FileHugePages:         0 kB
FilePmdMapped:         0 kB
Unaccepted:            0 kB
HugePages_Total:       0
HugePages_Free:        0
HugePages_Rsvd:        0
HugePages_Surp:        0
Hugepagesize:       2048 kB
Hugetlb:               0 kB
DirectMap4k:    31524404 kB
DirectMap2M:     1867776 kB
DirectMap1G:     1048576 kB
",cpu  66735398 213926 12913798 4257514302 480669 0 473742 0 0 0,"3017586 (ros2_control_no) S 3017571 3017571 2912103 34817 3017571 4194304 13750 0 10 0 1208144 9447 0 0 20 0 39 0 216637404 2744172544 29203 18446744073709551615 106820472733696 106820472749549 140723865944256 0 0 0 4096 0 1098925310 0 0 0 17 10 0 0 0 0 0 106820472760512 106820472762592 106821535870976 140723865947817 140723865948053 140723865948053 140723865956287 0
"
2172356.393076931,1791283793.882602,"(2.6728515625, 3.52197265625, 4.267578125)","Inter-|   Receive                                                |  Transmit
 face |bytes    packets errs drop fifo frame compressed multicast|bytes    packets errs drop fifo colls carrier compressed
    lo: 16338648191 21844080    0    0    0     0          0         0 16338648191 21844080    0    0    0     0       0          0
enp3s0: 101793172339 80177311    0    0    0     0          0         0 594792355 8096685    0    0    0     0       0          0
enp6s0: 62491088  544835    0  260    0     0          0     18851        0       0    0    0    0     0       0          0
wlp4s0: 9003851741 14866386    0    0    0     0          0         0 17083843010 19584588    0    0    0     0       0          0
","MemTotal:       32698160 kB
MemFree:         3189440 kB
MemAvailable:   24108972 kB
Buffers:          429732 kB
Cached:         20102504 kB
SwapCached:        26004 kB
Active:         16682896 kB
Inactive:       10941340 kB
Active(anon):    1615400 kB
Inactive(anon):  5266392 kB
Active(file):   15067496 kB
Inactive(file):  5674948 kB
Unevictable:          24 kB
Mlocked:              16 kB
SwapTotal:       2097148 kB
SwapFree:            324 kB
Zswap:                 0 kB
Zswapped:              0 kB
Dirty:                76 kB
Writeback:             0 kB
AnonPages:       7067852 kB
Mapped:          1159644 kB
Shmem:             71636 kB
KReclaimable:     646908 kB
Slab:            1008064 kB
SReclaimable:     646908 kB
SUnreclaim:       361156 kB
KernelStack:       28160 kB
PageTables:        83412 kB
SecPageTables:         0 kB
NFS_Unstable:          0 kB
Bounce:                0 kB
WritebackTmp:          0 kB
CommitLimit:    18446228 kB
Committed_AS:   23676416 kB
VmallocTotal:   34359738367 kB
VmallocUsed:      236540 kB
VmallocChunk:          0 kB
Percpu:            20160 kB
HardwareCorrupted:     0 kB
AnonHugePages:         0 kB
ShmemHugePages:        0 kB
ShmemPmdMapped:        0 kB
FileHugePages:         0 kB
FilePmdMapped:         0 kB
Unaccepted:            0 kB
HugePages_Total:       0
HugePages_Free:        0
HugePages_Rsvd:        0
HugePages_Surp:        0
Hugepagesize:       2048 kB
Hugetlb:               0 kB
DirectMap4k:    31524404 kB
DirectMap2M:     1867776 kB
DirectMap1G:     1048576 kB
",cpu  66735451 213926 12913800 4257514651 480669 0 473742 0 0 0,"3017586 (ros2_control_no) S 3017571 3017571 2912103 34817 3017571 4194304 13750 0 10 0 1208185 9447 0 0 20 0 39 0 216637404 2744172544 29203 18446744073709551615 106820472733696 106820472749549 140723865944256 0 0 0 4096 0 1098925310 0 0 0 17 10 0 0 0 0 0 106820472760512 106820472762592 106821535870976 140723865947817 140723865948053 140723865948053 140723865956287 0
"
2172356.594258738,1791283794.0837836,"(2.6728515625, 3.52197265625, 4.267578125)","Inter-|   Receive                                                |  Transmit
 face |bytes    packets errs drop fifo frame compressed multicast|bytes    packets errs drop fifo colls carrier compressed
    lo: 16338652780 21844110    0    0    0     0          0         0 16338652780 21844110    0    0    0     0       0          0
enp3s0: 101793445147 80177522    0    0    0     0          0         0 594793477 8096702    0    0    0     0       0          0
enp6s0: 62491088  544835    0  260    0     0          0     18851        0       0    0    0    0     0       0          0
wlp4s0: 9003852368 14866393    0    0    0     0          0         0 17083847613 19584603    0    0    0     0       0          0
","MemTotal:       32698160 kB
MemFree:         3189188 kB
MemAvailable:   24108720 kB
Buffers:          429732 kB
Cached:         20102508 kB
SwapCached:        26004 kB
Active:         16683016 kB
Inactive:       10941340 kB
Active(anon):    1615520 kB
Inactive(anon):  5266392 kB
Active(file):   15067496 kB
Inactive(file):  5674948 kB
Unevictable:          24 kB
Mlocked:              16 kB
SwapTotal:       2097148 kB
SwapFree:            324 kB
Zswap:                 0 kB
Zswapped:              0 kB
Dirty:                80 kB
Writeback:             0 kB
AnonPages:       7067976 kB
Mapped:          1159644 kB
Shmem:             71636 kB
KReclaimable:     646908 kB
Slab:            1008064 kB
SReclaimable:     646908 kB
SUnreclaim:       361156 kB
KernelStack:       28160 kB
PageTables:        83412 kB
SecPageTables:         0 kB
NFS_Unstable:          0 kB
Bounce:                0 kB
WritebackTmp:          0 kB
CommitLimit:    18446228 kB
Committed_AS:   23676416 kB
VmallocTotal:   34359738367 kB
VmallocUsed:      236540 kB
VmallocChunk:          0 kB
Percpu:            20160 kB
HardwareCorrupted:     0 kB
AnonHugePages:         0 kB
ShmemHugePages:        0 kB
ShmemPmdMapped:        0 kB
FileHugePages:         0 kB
FilePmdMapped:         0 kB
Unaccepted:            0 kB
HugePages_Total:       0
HugePages_Free:        0
HugePages_Rsvd:        0
HugePages_Surp:        0
Hugepagesize:       2048 kB
Hugetlb:               0 kB
DirectMap4k:    31524404 kB
DirectMap2M:     1867776 kB
DirectMap1G:     1048576 kB
",cpu  66735506 213926 12913803 4257514998 480669 0 473742 0 0 0,"3017586 (ros2_control_no) S 3017571 3017571 2912103 34817 3017571 4194304 13750 0 10 0 1208225 9447 0 0 20 0 39 0 216637404 2744172544 29203 18446744073709551615 106820472733696 106820472749549 140723865944256 0 0 0 4096 0 1098925310 0 0 0 17 10 0 0 0 0 0 106820472760512 106820472762592 106821535870976 140723865947817 140723865948053 140723865948053 140723865956287 0
"
2172356.796494447,1791283794.2860196,"(2.6728515625, 3.52197265625, 4.267578125)","Inter-|   Receive                                                |  Transmit
 face |bytes    packets errs drop fifo frame compressed multicast|bytes    packets errs drop fifo colls carrier compressed
    lo: 16338660737 21844154    0    0    0     0          0         0 16338660737 21844154    0    0    0     0       0          0
enp3s0: 101793722692 80177741    0    0    0     0          0         0 594795532 8096729    0    0    0     0       0          0
enp6s0: 62491088  544835    0  260    0     0          0     18851        0       0    0    0    0     0       0          0
wlp4s0: 9003853675 14866404    0    0    0     0          0         0 17083856444 19584629    0    0    0     0       0          0
","MemTotal:       32698160 kB
MemFree:         3189188 kB
MemAvailable:   24108720 kB
Buffers:          429732 kB
Cached:         20102512 kB
SwapCached:        26004 kB
Active:         16683140 kB
Inactive:       10941340 kB
Active(anon):    1615644 kB
Inactive(anon):  5266392 kB
Active(file):   15067496 kB
Inactive(file):  5674948 kB
Unevictable:          24 kB
Mlocked:              16 kB
SwapTotal:       2097148 kB
SwapFree:            324 kB
Zswap:                 0 kB
Zswapped:              0 kB
Dirty:                84 kB
Writeback:             0 kB
AnonPages:       7068100 kB
Mapped:          1159644 kB
Shmem:             71636 kB
KReclaimable:     646908 kB
Slab:            1008064 kB
SReclaimable:     646908 kB
SUnreclaim:       361156 kB
KernelStack:       28160 kB
PageTables:        83412 kB
SecPageTables:         0 kB
NFS_Unstable:          0 kB
Bounce:                0 kB
WritebackTmp:          0 kB
CommitLimit:    18446228 kB
Committed_AS:   23676416 kB
VmallocTotal:   34359738367 kB
VmallocUsed:      236540 kB
VmallocChunk:          0 kB
Percpu:            20160 kB
HardwareCorrupted:     0 kB
AnonHugePages:         0 kB
ShmemHugePages:        0 kB
ShmemPmdMapped:        0 kB
FileHugePages:         0 kB
FilePmdMapped:         0 kB
Unaccepted:            0 kB
HugePages_Total:       0
HugePages_Free:        0
HugePages_Rsvd:        0
HugePages_Surp:        0
Hugepagesize:       2048 kB
Hugetlb:               0 kB
DirectMap4k:    31524404 kB
DirectMap2M:     1867776 kB
DirectMap1G:     1048576 kB
",cpu  66735566 213926 12913808 4257515340 480669 0 473742 0 0 0,"3017586 (ros2_control_no) S 3017571 3017571 2912103 34817 3017571 4194304 13750 0 10 0 1208266 9447 0 0 20 0 39 0 216637404 2744172544 29203 18446744073709551615 106820472733696 106820472749549 140723865944256 0 0 0 4096 0 1098925310 0 0 0 17 10 0 0 0 0 0 106820472760512 106820472762592 106821535870976 140723865947817 140723865948053 140723865948053 140723865956287 0
"
2172356.997806138,1791283794.4873312,"(2.6728515625, 3.52197265625, 4.267578125)","Inter-|   Receive                                                |  Transmit
 face |bytes    packets errs drop fifo frame compressed multicast|bytes    packets errs drop fifo colls carrier compressed
    lo: 16338666518 21844188    0    0    0     0          0         0 16338666518 21844188    0    0    0     0       0          0
enp3s0: 101793994279 80177952    0    0    0     0          0         0 594797164 8096749    0    0    0     0       0          0
enp6s0: 62491088  544835    0  260    0     0          0     18851        0       0    0    0    0     0       0          0
wlp4s0: 9003854833 14866413    0    0    0     0          0         0 17083863498 19584652    0    0    0     0       0          0
","MemTotal:       32698160 kB
MemFree:         3189188 kB
MemAvailable:   24108720 kB
Buffers:          429732 kB
Cached:         20102512 kB
SwapCached:        26004 kB
Active:         16683200 kB
Inactive:       10941340 kB
Active(anon):    1615704 kB
Inactive(anon):  5266392 kB
Active(file):   15067496 kB
Inactive(file):  5674948 kB
Unevictable:          24 kB
Mlocked:              16 kB
SwapTotal:       2097148 kB
SwapFree:            324 kB
Zswap:                 0 kB
Zswapped:              0 kB
Dirty:                84 kB
Writeback:             0 kB
AnonPages:       7068200 kB
Mapped:          1159644 kB
Shmem:             71636 kB
KReclaimable:     646908 kB
Slab:            1008064 kB
SReclaimable:     646908 kB
SUnreclaim:       361156 kB
KernelStack:       28160 kB
PageTables:        83412 kB
SecPageTables:         0 kB
NFS_Unstable:          0 kB
Bounce:                0 kB
WritebackTmp:          0 kB
CommitLimit:    18446228 kB
Committed_AS:   23676416 kB
VmallocTotal:   34359738367 kB
VmallocUsed:      236540 kB
VmallocChunk:          0 kB
Percpu:            20160 kB
HardwareCorrupted:     0 kB
AnonHugePages:         0 kB
ShmemHugePages:        0 kB
ShmemPmdMapped:        0 kB
FileHugePages:         0 kB
FilePmdMapped:         0 kB
Unaccepted:            0 kB
HugePages_Total:       0
HugePages_Free:        0
HugePages_Rsvd:        0
HugePages_Surp:        0
Hugepagesize:       2048 kB
Hugetlb:               0 kB
DirectMap4k:    31524404 kB
DirectMap2M:     1867776 kB
DirectMap1G:     1048576 kB
",cpu  66735623 213926 12913812 4257515684 480669 0 473742 0 0 0,"3017586 (ros2_control_no) S 3017571 3017571 2912103 34817 3017571 4194304 13750 0 10 0 1208307 9448 0 0 20 0 39 0 216637404 2744172544 29203 18446744073709551615 106820472733696 106820472749549 140723865944256 0 0 0 4096 0 1098925310 0 0 0 17 10 0 0 0 0 0 106820472760512 106820472762592 106821535870976 140723865947817 140723865948053 140723865948053 140723865956287 0
"
2172357.19898594,1791283794.688511,"(2.6728515625, 3.52197265625, 4.267578125)","Inter-|   Receive                                                |  Transmit
 face |bytes    packets errs drop fifo frame compressed multicast|bytes    packets errs drop fifo colls carrier compressed
    lo: 16338673884 21844223    0    0    0     0          0         0 16338673884 21844223    0    0    0     0       0          0
enp3s0: 101794268809 80178166    0    0    0     0          0         0 594799240 8096771    0    0    0     0       0          0
enp6s0: 62491088  544835    0  260    0     0          0     18851        0       0    0    0    0     0       0          0
wlp4s0: 9003859615 14866432    0    0    0     0          0         0 17083874413 19584691    0    0    0     0       0          0
","MemTotal:       32698160 kB
MemFree:         3188712 kB
MemAvailable:   24108244 kB
Buffers:          429732 kB
Cached:         20102528 kB
SwapCached:        26004 kB
Active:         16683320 kB
Inactive:       10941340 kB
Active(anon):    1615824 kB
Inactive(anon):  5266392 kB
Active(file):   15067496 kB
Inactive(file):  5674948 kB
Unevictable:          24 kB
Mlocked:              16 kB
SwapTotal:       2097148 kB
SwapFree:            324 kB
Zswap:                 0 kB
Zswapped:              0 kB
Dirty:               100 kB
Writeback:             0 kB
AnonPages:       7068344 kB
Mapped:          1159644 kB
Shmem:             71636 kB
KReclaimable:     646908 kB
Slab:            1008072 kB
SReclaimable:     646908 kB
SUnreclaim:       361164 kB
KernelStack:       28160 kB
PageTables:        83412 kB
SecPageTables:         0 kB
NFS_Unstable:          0 kB
Bounce:                0 kB
WritebackTmp:          0 kB
CommitLimit:    18446228 kB
Committed_AS:   23676416 kB
VmallocTotal:   34359738367 kB
VmallocUsed:      236540 kB
VmallocChunk:          0 kB
Percpu:            20160 kB
HardwareCorrupted:     0 kB
AnonHugePages:         0 kB
ShmemHugePages:        0 kB
ShmemPmdMapped:        0 kB
FileHugePages:         0 kB
FilePmdMapped:         0 kB
Unaccepted:            0 kB
HugePages_Total:       0
HugePages_Free:        0
HugePages_Rsvd:        0
HugePages_Surp:        0
Hugepagesize:       2048 kB
Hugetlb:               0 kB
DirectMap4k:    31524404 kB
DirectMap2M:     1867776 kB
DirectMap1G:     1048576 kB
",cpu  66735675 213926 12913815 4257516034 480669 0 473742 0 0 0,"3017586 (ros2_control_no) S 3017571 3017571 2912103 34817 3017571 4194304 13750 0 10 0 1208348 9448 0 0 20 0 39 0 216637404 2744172544 29203 18446744073709551615 106820472733696 106820472749549 140723865944256 0 0 0 4096 0 1098925310 0 0 0 17 10 0 0 0 0 0 106820472760512 106820472762592 106821535870976 140723865947817 140723865948053 140723865948053 140723865956287 0
"
2172357.400334053,1791283794.889859,"(2.6728515625, 3.52197265625, 4.267578125)","Inter-|   Receive                                                |  Transmit
 face |bytes    packets errs drop fifo frame compressed multicast|bytes    packets errs drop fifo colls carrier compressed
    lo: 16338678951 21844260    0    0    0     0          0         0 16338678951 21844260    0    0    0     0       0          0
enp3s0: 101794544560 80178380    0    0    0     0          0         0 594800428 8096789    0    0    0     0       0          0
enp6s0: 62491088  544835    0  260    0     0          0     18851        0       0    0    0    0     0       0          0
wlp4s0: 9003860656 14866443    0    0    0     0          0         0 17083880994 19584713    0    0    0     0       0          0
","MemTotal:       32698160 kB
MemFree:         3188964 kB
MemAvailable:   24108528 kB
Buffers:          429732 kB
Cached:         20102536 kB
SwapCached:        26004 kB
Active:         16683608 kB
Inactive:       10941372 kB
Active(anon):    1616112 kB
Inactive(anon):  5266392 kB
Active(file):   15067496 kB
Inactive(file):  5674980 kB
Unevictable:          24 kB
Mlocked:              16 kB
SwapTotal:       2097148 kB
SwapFree:            324 kB
Zswap:                 0 kB
Zswapped:              0 kB
Dirty:               108 kB
Writeback:             0 kB
AnonPages:       7068596 kB
Mapped:          1159644 kB
Shmem:             71636 kB
KReclaimable:     646908 kB
Slab:            1008096 kB
SReclaimable:     646908 kB
SUnreclaim:       361188 kB
KernelStack:       28160 kB
PageTables:        83412 kB
SecPageTables:         0 kB
NFS_Unstable:          0 kB
Bounce:                0 kB
WritebackTmp:          0 kB
CommitLimit:    18446228 kB
Committed_AS:   23676416 kB
VmallocTotal:   34359738367 kB
VmallocUsed:      236540 kB
VmallocChunk:          0 kB
Percpu:            20160 kB
HardwareCorrupted:     0 kB
AnonHugePages:         0 kB
ShmemHugePages:        0 kB
ShmemPmdMapped:        0 kB
FileHugePages:         0 kB
FilePmdMapped:         0 kB
Unaccepted:            0 kB
HugePages_Total:       0
HugePages_Free:        0
HugePages_Rsvd:        0
HugePages_Surp:        0
Hugepagesize:       2048 kB
Hugetlb:               0 kB
DirectMap4k:    31524404 kB
DirectMap2M:     1867776 kB
DirectMap1G:     1048576 kB
",cpu  66735738 213926 12913822 4257516371 480669 0 473742 0 0 0,"3017586 (ros2_control_no) S 3017571 3017571 2912103 34817 3017571 4194304 13750 0 10 0 1208388 9448 0 0 20 0 39 0 216637404 2744172544 29203 18446744073709551615 106820472733696 106820472749549 140723865944256 0 0 0 4096 0 1098925310 0 0 0 17 10 0 0 0 0 0 106820472760512 106820472762592 106821535870976 140723865947817 140723865948053 140723865948053 140723865956287 0
"
2172357.602634383,1791283795.0921595,"(2.6728515625, 3.52197265625, 4.267578125)","Inter-|   Receive                                                |  Transmit
 face |bytes    packets errs drop fifo frame compressed multicast|bytes    packets errs drop fifo colls carrier compressed
    lo: 16338688850 21844314    0    0    0     0          0         0 16338688850 21844314    0    0    0     0       0          0
enp3s0: 101794818756 80178592    0    0    0     0          0         0 594801994 8096808    0    0    0     0       0          0
enp6s0: 62491088  544835    0  260    0     0          0     18851        0       0    0    0    0     0       0          0
wlp4s0: 9003862894 14866460    0    0    0     0          0         0 17083889348 19584742    0    0    0     0       0          0
","MemTotal:       32698160 kB
MemFree:         3188964 kB
MemAvailable:   24108528 kB
Buffers:          429732 kB
Cached:         20102544 kB
SwapCached:        26004 kB
Active:         16683668 kB
Inactive:       10941372 kB
Active(anon):    1616172 kB
Inactive(anon):  5266392 kB
Active(file):   15067496 kB
Inactive(file):  5674980 kB
Unevictable:          24 kB
Mlocked:              16 kB
SwapTotal:       2097148 kB
SwapFree:            324 kB
Zswap:                 0 kB
Zswapped:              0 kB
Dirty:               116 kB
Writeback:             0 kB
AnonPages:       7068652 kB
Mapped:          1159644 kB
Shmem:             71636 kB
KReclaimable:     646908 kB
Slab:            1008120 kB
SReclaimable:     646908 kB
SUnreclaim:       361212 kB
KernelStack:       28160 kB
PageTables:        83412 kB
SecPageTables:         0 kB
NFS_Unstable:          0 kB
Bounce:                0 kB
WritebackTmp:          0 kB
CommitLimit:    18446228 kB
Committed_AS:   23676416 kB
VmallocTotal:   34359738367 kB
VmallocUsed:      236540 kB
VmallocChunk:          0 kB
Percpu:            20160 kB
HardwareCorrupted:     0 kB
AnonHugePages:         0 kB
ShmemHugePages:        0 kB
ShmemPmdMapped:        0 kB
FileHugePages:         0 kB
FilePmdMapped:         0 kB
Unaccepted:            0 kB
HugePages_Total:       0
HugePages_Free:        0
HugePages_Rsvd:        0
HugePages_Surp:        0
Hugepagesize:       2048 kB
Hugetlb:               0 kB
DirectMap4k:    31524404 kB
DirectMap2M:     1867776 kB
DirectMap1G:     1048576 kB
",cpu  66735805 213926 12913828 4257516705 480669 0 473743 0 0 0,"3017586 (ros2_control_no) S 3017571 3017571 2912103 34817 3017571 4194304 13750 0 10 0 1208429 9449 0 0 20 0 39 0 216637404 2744172544 29203 18446744073709551615 106820472733696 106820472749549 140723865944256 0 0 0 4096 0 1098925310 0 0 0 17 10 0 0 0 0 0 106820472760512 106820472762592 106821535870976 140723865947817 140723865948053 140723865948053 140723865956287 0
"
2172357.804183465,1791283795.2937086,"(2.6728515625, 3.52197265625, 4.267578125)","Inter-|   Receive                                                |  Transmit
 face |bytes    packets errs drop fifo frame compressed multicast|bytes    packets errs drop fifo colls carrier compressed
    lo: 16338696819 21844358    0    0    0     0          0         0 16338696819 21844358    0    0    0     0       0          0
enp3s0: 101795093453 80178807    0    0    0     0          0         0 594803431 8096830    0    0    0     0       0          0
enp6s0: 62491088  544835    0  260    0     0          0     18851        0       0    0    0    0     0       0          0
wlp4s0: 9003863545 14866467    0    0    0     0          0         0 17083895529 19584759    0    0    0     0       0          0
","MemTotal:       32698160 kB
MemFree:         3188712 kB
MemAvailable:   24108292 kB
Buffers:          429732 kB
Cached:         20102548 kB
SwapCached:        26004 kB
Active:         16683464 kB
Inactive:       10941388 kB
Active(anon):    1615968 kB
Inactive(anon):  5266392 kB
Active(file):   15067496 kB
Inactive(file):  5674996 kB
Unevictable:          24 kB
Mlocked:              16 kB
SwapTotal:       2097148 kB
SwapFree:            324 kB
Zswap:                 0 kB
Zswapped:              0 kB
Dirty:               120 kB
Writeback:             0 kB
AnonPages:       7068420 kB
Mapped:          1159644 kB
Shmem:             71636 kB
KReclaimable:     646908 kB
Slab:            1008120 kB
SReclaimable:     646908 kB
SUnreclaim:       361212 kB
KernelStack:       28160 kB
PageTables:        83416 kB
SecPageTables:         0 kB
NFS_Unstable:          0 kB
Bounce:                0 kB
WritebackTmp:          0 kB
CommitLimit:    18446228 kB
Committed_AS:   23677412 kB
VmallocTotal:   34359738367 kB
VmallocUsed:      236540 kB
VmallocChunk:          0 kB
Percpu:            20160 kB
HardwareCorrupted:     0 kB
AnonHugePages:         0 kB
ShmemHugePages:        0 kB
ShmemPmdMapped:        0 kB
FileHugePages:         0 kB
FilePmdMapped:         0 kB
Unaccepted:            0 kB
HugePages_Total:       0
HugePages_Free:        0
HugePages_Rsvd:        0
HugePages_Surp:        0
Hugepagesize:       2048 kB
Hugetlb:               0 kB
DirectMap4k:    31524404 kB
DirectMap2M:     1867776 kB
DirectMap1G:     1048576 kB
",cpu  66735865 213926 12913832 4257517047 480669 0 473743 0 0 0,"3017586 (ros2_control_no) S 3017571 3017571 2912103 34817 3017571 4194304 13750 0 10 0 1208470 9449 0 0 20 0 39 0 216637404 2744172544 29203 18446744073709551615 106820472733696 106820472749549 140723865944256 0 0 0 4096 0 1098925310 0 0 0 17 10 0 0 0 0 0 106820472760512 106820472762592 106821535870976 140723865947817 140723865948053 140723865948053 140723865956287 0
"
2172358.005607311,1791283795.4951324,"(2.6728515625, 3.52197265625, 4.267578125)","Inter-|   Receive                                                |  Transmit
 face |bytes    packets errs drop fifo frame compressed multicast|bytes    packets errs drop fifo colls carrier compressed
    lo: 16338702756 21844403    0    0    0     0          0         0 16338702756 21844403    0    0    0     0       0          0
enp3s0: 101795368317 80179023    0    0    0     0          0         0 594804883 8096852    0    0    0     0       0          0
enp6s0: 62491088  544835    0  260    0     0          0     18851        0       0    0    0    0     0       0          0
wlp4s0: 9003866737 14866486    0    0    0     0          0         0 17083902498 19584782    0    0    0     0       0          0
","MemTotal:       32698160 kB
MemFree:         3188712 kB
MemAvailable:   24108292 kB
Buffers:          429732 kB
Cached:         20102556 kB
SwapCached:        26004 kB
Active:         16683584 kB
Inactive:       10941388 kB
Active(anon):    1616088 kB
Inactive(anon):  5266392 kB
Active(file):   15067496 kB
Inactive(file):  5674996 kB
Unevictable:          24 kB
Mlocked:              16 kB
SwapTotal:       2097148 kB
SwapFree:            324 kB
Zswap:                 0 kB
Zswapped:              0 kB
Dirty:               128 kB
Writeback:             0 kB
AnonPages:       7068556 kB
Mapped:          1159644 kB
Shmem:             71636 kB
KReclaimable:     646908 kB
Slab:            1008120 kB
SReclaimable:     646908 kB
SUnreclaim:       361212 kB
KernelStack:       28160 kB
PageTables:        83416 kB
SecPageTables:         0 kB
NFS_Unstable:          0 kB
Bounce:                0 kB
WritebackTmp:          0 kB
CommitLimit:    18446228 kB
Committed_AS:   23677412 kB
VmallocTotal:   34359738367 kB
VmallocUsed:      236540 kB
VmallocChunk:          0 kB
Percpu:            20160 kB
HardwareCorrupted:     0 kB
AnonHugePages:         0 kB
ShmemHugePages:        0 kB
ShmemPmdMapped:        0 kB
FileHugePages:         0 kB
FilePmdMapped:         0 kB
Unaccepted:            0 kB
HugePages_Total:       0
HugePages_Free:        0
HugePages_Rsvd:        0
HugePages_Surp:        0
Hugepagesize:       2048 kB
Hugetlb:               0 kB
DirectMap4k:    31524404 kB
DirectMap2M:     1867776 kB
DirectMap1G:     1048576 kB
",cpu  66735929 213926 12913838 4257517383 480669 0 473743 0 0 0,"3017586 (ros2_control_no) S 3017571 3017571 2912103 34817 3017571 4194304 13750 0 10 0 1208510 9449 0 0 20 0 39 0 216637404 2744172544 29203 18446744073709551615 106820472733696 106820472749549 140723865944256 0 0 0 4096 0 1098925310 0 0 0 17 10 0 0 0 0 0 106820472760512 106820472762592 106821535870976 140723865947817 140723865948053 140723865948053 140723865956287 0
"
2172358.207179075,1791283795.6967041,"(2.6728515625, 3.52197265625, 4.267578125)","Inter-|   Receive                                                |  Transmit
 face |bytes    packets errs drop fifo frame compressed multicast|bytes    packets errs drop fifo colls carrier compressed
    lo: 16338707584 21844437    0    0    0     0          0         0 16338707584 21844437    0    0    0     0       0          0
enp3s0: 101795642740 80179237    0    0    0     0          0         0 594806179 8096872    0    0    0     0       0          0
enp6s0: 62491088  544835    0  260    0     0          0     18851        0       0    0    0    0     0       0          0
wlp4s0: 9003867704 14866496    0    0    0     0          0         0 17083908312 19584803    0    0    0     0       0          0
","MemTotal:       32698160 kB
MemFree:         3188460 kB
MemAvailable:   24108048 kB
Buffers:          429732 kB
Cached:         20102564 kB
SwapCached:        26004 kB
Active:         16683692 kB
Inactive:       10941396 kB
Active(anon):    1616196 kB
Inactive(anon):  5266392 kB
Active(file):   15067496 kB
Inactive(file):  5675004 kB
Unevictable:          24 kB
Mlocked:              16 kB
SwapTotal:       2097148 kB
SwapFree:            324 kB
Zswap:                 0 kB
Zswapped:              0 kB
Dirty:               136 kB
Writeback:             0 kB
AnonPages:       7068744 kB
Mapped:          1159644 kB
Shmem:             71636 kB
KReclaimable:     646908 kB
Slab:            1008096 kB
SReclaimable:     646908 kB
SUnreclaim:       361188 kB
KernelStack:       28144 kB
PageTables:        83416 kB
SecPageTables:         0 kB
NFS_Unstable:          0 kB
Bounce:                0 kB
WritebackTmp:          0 kB
CommitLimit:    18446228 kB
Committed_AS:   23677412 kB
VmallocTotal:   34359738367 kB
VmallocUsed:      236540 kB
VmallocChunk:          0 kB
Percpu:            20160 kB
HardwareCorrupted:     0 kB
AnonHugePages:         0 kB
ShmemHugePages:        0 kB
ShmemPmdMapped:        0 kB
FileHugePages:         0 kB
FilePmdMapped:         0 kB
Unaccepted:            0 kB
HugePages_Total:       0
HugePages_Free:        0
HugePages_Rsvd:        0
HugePages_Surp:        0
Hugepagesize:       2048 kB
Hugetlb:               0 kB
DirectMap4k:    31524404 kB
DirectMap2M:     1867776 kB
DirectMap1G:     1048576 kB
",cpu  66735988 213926 12913842 4257517724 480669 0 473743 0 0 0,"3017586 (ros2_control_no) S 3017571 3017571 2912103 34817 3017571 4194304 13750 0 10 0 1208551 9449 0 0 20 0 39 0 216637404 2744172544 29203 18446744073709551615 106820472733696 106820472749549 140723865944256 0 0 0 4096 0 1098925310 0 0 0 17 10 0 0 0 0 0 106820472760512 106820472762592 106821535870976 140723865947817 140723865948053 140723865948053 140723865956287 0
"
2172358.408800435,1791283795.8983254,"(2.6728515625, 3.52197265625, 4.267578125)","Inter-|   Receive                                                |  Transmit
 face |bytes    packets errs drop fifo frame compressed multicast|bytes    packets errs drop fifo colls carrier compressed
    lo: 16338712093 21844471    0    0    0     0          0         0 16338712093 21844471    0    0    0     0       0          0
enp3s0: 101795916936 80179449    0    0    0     0          0         0 594807367 8096890    0    0    0     0       0          0
enp6s0: 62491088  544835    0  260    0     0          0     18851        0       0    0    0    0     0       0          0
wlp4s0: 9003868576 14866505    0    0    0     0          0         0 17083914519 19584825    0    0    0     0       0          0
","MemTotal:       32698160 kB
MemFree:         3188460 kB
MemAvailable:   24108048 kB
Buffers:          429732 kB
Cached:         20102564 kB
SwapCached:        26004 kB
Active:         16683812 kB
Inactive:       10941396 kB
Active(anon):    1616316 kB
Inactive(anon):  5266392 kB
Active(file):   15067496 kB
Inactive(file):  5675004 kB
Unevictable:          24 kB
Mlocked:              16 kB
SwapTotal:       2097148 kB
SwapFree:            324 kB
Zswap:                 0 kB
Zswapped:              0 kB
Dirty:               136 kB
Writeback:             0 kB
AnonPages:       7068808 kB
Mapped:          1159644 kB
Shmem:             71636 kB
KReclaimable:     646908 kB
Slab:            1008096 kB
SReclaimable:     646908 kB
SUnreclaim:       361188 kB
KernelStack:       28144 kB
PageTables:        83416 kB
SecPageTables:         0 kB
NFS_Unstable:          0 kB
Bounce:                0 kB
WritebackTmp:          0 kB
CommitLimit:    18446228 kB
Committed_AS:   23677412 kB
VmallocTotal:   34359738367 kB
VmallocUsed:      236540 kB
VmallocChunk:          0 kB
Percpu:            20160 kB
HardwareCorrupted:     0 kB
AnonHugePages:         0 kB
ShmemHugePages:        0 kB
ShmemPmdMapped:        0 kB
FileHugePages:         0 kB
FilePmdMapped:         0 kB
Unaccepted:            0 kB
HugePages_Total:       0
HugePages_Free:        0
HugePages_Rsvd:        0
HugePages_Surp:        0
Hugepagesize:       2048 kB
Hugetlb:               0 kB
DirectMap4k:    31524404 kB
DirectMap2M:     1867776 kB
DirectMap1G:     1048576 kB
",cpu  66736047 213926 12913845 4257518069 480669 0 473743 0 0 0,"3017586 (ros2_control_no) S 3017571 3017571 2912103 34817 3017571 4194304 13750 0 10 0 1208592 9450 0 0 20 0 39 0 216637404 2744172544 29203 18446744073709551615 106820472733696 106820472749549 140723865944256 0 0 0 4096 0 1098925310 0 0 0 17 10 0 0 0 0 0 106820472760512 106820472762592 106821535870976 140723865947817 140723865948053 140723865948053 140723865956287 0
"
2172358.610513922,1791283796.100039,"(2.6728515625, 3.52197265625, 4.267578125)","Inter-|   Receive                                                |  Transmit
 face |bytes    packets errs drop fifo frame compressed multicast|bytes    packets errs drop fifo colls carrier compressed
    lo: 16338725169 21844533    0    0    0     0          0         0 16338725169 21844533    0    0    0     0       0          0
enp3s0: 101796193073 80179658    0    0    0     0          0         0 594808225 8096903    0    0    0     0       0          0
enp6s0: 62491088  544835    0  260    0     0          0     18851        0       0    0    0    0     0       0          0
wlp4s0: 9003870276 14866521    0    0    0     0          0         0 17083925184 19584855    0    0    0     0       0          0
","MemTotal:       32698160 kB
MemFree:         3188460 kB
MemAvailable:   24108048 kB
Buffers:          429732 kB
Cached:         20102568 kB
SwapCached:        26004 kB
Active:         16683872 kB
Inactive:       10941396 kB
Active(anon):    1616376 kB
Inactive(anon):  5266392 kB
Active(file):   15067496 kB
Inactive(file):  5675004 kB
Unevictable:          24 kB
Mlocked:              16 kB
SwapTotal:       2097148 kB
SwapFree:            324 kB
Zswap:                 0 kB
Zswapped:              0 kB
Dirty:               140 kB
Writeback:             0 kB
AnonPages:       7068880 kB
Mapped:          1159644 kB
Shmem:             71636 kB
KReclaimable:     646908 kB
Slab:            1008112 kB
SReclaimable:     646908 kB
SUnreclaim:       361204 kB
KernelStack:       28144 kB
PageTables:        83416 kB
SecPageTables:         0 kB
NFS_Unstable:          0 kB
Bounce:                0 kB
WritebackTmp:          0 kB
CommitLimit:    18446228 kB
Committed_AS:   23677412 kB
VmallocTotal:   34359738367 kB
VmallocUsed:      236540 kB
VmallocChunk:          0 kB
Percpu:            20160 kB
HardwareCorrupted:     0 kB
AnonHugePages:         0 kB
ShmemHugePages:        0 kB
ShmemPmdMapped:        0 kB
FileHugePages:         0 kB
FilePmdMapped:         0 kB
Unaccepted:            0 kB
HugePages_Total:       0
HugePages_Free:        0
HugePages_Rsvd:        0
HugePages_Surp:        0
Hugepagesize:       2048 kB
Hugetlb:               0 kB
DirectMap4k:    31524404 kB
DirectMap2M:     1867776 kB
DirectMap1G:     1048576 kB
",cpu  66736118 213926 12913853 4257518394 480669 0 473744 0 0 0,"3017586 (ros2_control_no) S 3017571 3017571 2912103 34817 3017571 4194304 13750 0 10 0 1208632 9450 0 0 20 0 39 0 216637404 2744172544 29203 18446744073709551615 106820472733696 106820472749549 140723865944256 0 0 0 4096 0 1098925310 0 0 0 17 10 0 0 0 0 0 106820472760512 106820472762592 106821535870976 140723865947817 140723865948053 140723865948053 140723865956287 0
"
2172358.812647819,1791283796.302173,"(2.6728515625, 3.52197265625, 4.267578125)","Inter-|   Receive                                                |  Transmit
 face |bytes    packets errs drop fifo frame compressed multicast|bytes    packets errs drop fifo colls carrier compressed
    lo: 16338739376 21844594    0    0    0     0          0         0 16338739376 21844594    0    0    0     0       0          0
enp3s0: 101796466048 80179870    0    0    0     0          0         0 594809530 8096923    0    0    0     0       0          0
enp6s0: 62491088  544835    0  260    0     0          0     18851        0       0    0    0    0     0       0          0
wlp4s0: 9003872250 14866541    0    0    0     0          0         0 17083938927 19584885    0    0    0     0       0          0
","MemTotal:       32698160 kB
MemFree:         3188460 kB
MemAvailable:   24108052 kB
Buffers:          429732 kB
Cached:         20102572 kB
SwapCached:        26004 kB
Active:         16683928 kB
Inactive:       10941400 kB
Active(anon):    1616432 kB
Inactive(anon):  5266392 kB
Active(file):   15067496 kB
Inactive(file):  5675008 kB
Unevictable:          24 kB
Mlocked:              16 kB
SwapTotal:       2097148 kB
SwapFree:            324 kB
Zswap:                 0 kB
Zswapped:              0 kB
Dirty:               144 kB
Writeback:             0 kB
AnonPages:       7068936 kB
Mapped:          1159644 kB
Shmem:             71636 kB
KReclaimable:     646908 kB
Slab:            1008128 kB
SReclaimable:     646908 kB
SUnreclaim:       361220 kB
KernelStack:       28144 kB
PageTables:        83416 kB
SecPageTables:         0 kB
NFS_Unstable:          0 kB
Bounce:                0 kB
WritebackTmp:          0 kB
CommitLimit:    18446228 kB
Committed_AS:   23677412 kB
VmallocTotal:   34359738367 kB
VmallocUsed:      236540 kB
VmallocChunk:          0 kB
Percpu:            20160 kB
HardwareCorrupted:     0 kB
AnonHugePages:         0 kB
ShmemHugePages:        0 kB
ShmemPmdMapped:        0 kB
FileHugePages:         0 kB
FilePmdMapped:         0 kB
Unaccepted:            0 kB
HugePages_Total:       0
HugePages_Free:        0
HugePages_Rsvd:        0
HugePages_Surp:        0
Hugepagesize:       2048 kB
Hugetlb:               0 kB
DirectMap4k:    31524404 kB
DirectMap2M:     1867776 kB
DirectMap1G:     1048576 kB
",cpu  66736192 213926 12913859 4257518721 480669 0 473744 0 0 0,"3017586 (ros2_control_no) S 3017571 3017571 2912103 34817 3017571 4194304 13750 0 10 0 1208673 9451 0 0 20 0 39 0 216637404 2744172544 29203 18446744073709551615 106820472733696 106820472749549 140723865944256 0 0 0 4096 0 1098925310 0 0 0 17 10 0 0 0 0 0 106820472760512 106820472762592 106821535870976 140723865947817 140723865948053 140723865948053 140723865956287 0
"
2172359.014041514,1791283796.5035665,"(2.6728515625, 3.52197265625, 4.267578125)","Inter-|   Receive                                                |  Transmit
 face |bytes    packets errs drop fifo frame compressed multicast|bytes    packets errs drop fifo colls carrier compressed
    lo: 16338760877 21844647    0    0    0     0          0         0 16338760877 21844647    0    0    0     0       0          0
enp3s0: 101796740411 80180083    0    0    0     0          0         0 594810784 8096942    0    0    0     0       0          0
enp6s0: 62491088  544835    0  260    0     0          0     18851        0       0    0    0    0     0       0          0
wlp4s0: 9003873540 14866556    0    0    0     0          0         0 17083960707 19584916    0    0    0     0       0          0
","MemTotal:       32698160 kB
MemFree:         3187956 kB
MemAvailable:   24107552 kB
Buffers:          429732 kB
Cached:         20102576 kB
SwapCached:        26004 kB
Active:         16683984 kB
Inactive:       10941404 kB
Active(anon):    1616488 kB
Inactive(anon):  5266392 kB
Active(file):   15067496 kB
Inactive(file):  5675012 kB
Unevictable:          24 kB
Mlocked:              16 kB
SwapTotal:       2097148 kB
SwapFree:            324 kB
Zswap:                 0 kB
Zswapped:              0 kB
Dirty:               148 kB
Writeback:             0 kB
AnonPages:       7069004 kB
Mapped:          1159644 kB
Shmem:             71636 kB
KReclaimable:     646908 kB
Slab:            1008128 kB
SReclaimable:     646908 kB
SUnreclaim:       361220 kB
KernelStack:       28144 kB
PageTables:        83416 kB
SecPageTables:         0 kB
NFS_Unstable:          0 kB
Bounce:                0 kB
WritebackTmp:          0 kB
CommitLimit:    18446228 kB
Committed_AS:   23677412 kB
VmallocTotal:   34359738367 kB
VmallocUsed:      236540 kB
VmallocChunk:          0 kB
Percpu:            20160 kB
HardwareCorrupted:     0 kB
AnonHugePages:         0 kB
ShmemHugePages:        0 kB
ShmemPmdMapped:        0 kB
FileHugePages:         0 kB
FilePmdMapped:         0 kB
Unaccepted:            0 kB
HugePages_Total:       0
HugePages_Free:        0
HugePages_Rsvd:        0
HugePages_Surp:        0
Hugepagesize:       2048 kB
Hugetlb:               0 kB
DirectMap4k:    31524404 kB
DirectMap2M:     1867776 kB
DirectMap1G:     1048576 kB
",cpu  66736264 213926 12913864 4257519046 480669 0 473744 0 0 0,"3017586 (ros2_control_no) S 3017571 3017571 2912103 34817 3017571 4194304 13750 0 10 0 1208714 9451 0 0 20 0 39 0 216637404 2744172544 29203 18446744073709551615 106820472733696 106820472749549 140723865944256 0 0 0 4096 0 1098925310 0 0 0 17 10 0 0 0 0 0 106820472760512 106820472762592 106821535870976 140723865947817 140723865948053 140723865948053 140723865956287 0
"
2172359.215729157,1791283796.705254,"(2.6728515625, 3.52197265625, 4.267578125)","Inter-|   Receive                                                |  Transmit
 face |bytes    packets errs drop fifo frame compressed multicast|bytes    packets errs drop fifo colls carrier compressed
    lo: 16338772941 21844695    0    0    0     0          0         0 16338772941 21844695    0    0    0     0       0          0
enp3s0: 101797015494 80180293    0    0    0     0          0         0 594811774 8096957    0    0    0     0       0          0
enp6s0: 62491088  544835    0  260    0     0          0     18851        0       0    0    0    0     0       0          0
wlp4s0: 9003875311 14866574    0    0    0     0          0         0 17083973588 19584944    0    0    0     0       0          0
","MemTotal:       32698160 kB
MemFree:         3187956 kB
MemAvailable:   24107552 kB
Buffers:          429732 kB
Cached:         20102576 kB
SwapCached:        26004 kB
Active:         16684104 kB
Inactive:       10941404 kB
Active(anon):    1616608 kB
Inactive(anon):  5266392 kB
Active(file):   15067496 kB
Inactive(file):  5675012 kB
Unevictable:          24 kB
Mlocked:              16 kB
SwapTotal:       2097148 kB
SwapFree:            324 kB
Zswap:                 0 kB
Zswapped:              0 kB
Dirty:               148 kB
Writeback:             0 kB
AnonPages:       7069112 kB
Mapped:          1159644 kB
Shmem:             71636 kB
KReclaimable:     646908 kB
Slab:            1008080 kB
SReclaimable:     646908 kB
SUnreclaim:       361172 kB
KernelStack:       28144 kB
PageTables:        83416 kB
SecPageTables:         0 kB
NFS_Unstable:          0 kB
Bounce:                0 kB
WritebackTmp:          0 kB
CommitLimit:    18446228 kB
Committed_AS:   23677412 kB
VmallocTotal:   34359738367 kB
VmallocUsed:      236540 kB
VmallocChunk:          0 kB
Percpu:            20160 kB
HardwareCorrupted:     0 kB
AnonHugePages:         0 kB
ShmemHugePages:        0 kB
ShmemPmdMapped:        0 kB
FileHugePages:         0 kB
FilePmdMapped:         0 kB
Unaccepted:            0 kB
HugePages_Total:       0
HugePages_Free:        0
HugePages_Rsvd:        0
HugePages_Surp:        0
Hugepagesize:       2048 kB
Hugetlb:               0 kB
DirectMap4k:    31524404 kB
DirectMap2M:     1867776 kB
DirectMap1G:     1048576 kB
",cpu  66736333 213926 12913868 4257519378 480669 0 473744 0 0 0,"3017586 (ros2_control_no) S 3017571 3017571 2912103 34817 3017571 4194304 13750 0 10 0 1208755 9451 0 0 20 0 39 0 216637404 2744172544 29203 18446744073709551615 106820472733696 106820472749549 140723865944256 0 0 0 4096 0 1098925310 0 0 0 17 10 0 0 0 0 0 106820472760512 106820472762592 106821535870976 140723865947817 140723865948053 140723865948053 140723865956287 0
"
2172359.417297883,1791283796.906823,"(2.6728515625, 3.52197265625, 4.267578125)","Inter-|   Receive                                                |  Transmit
 face |bytes    packets errs drop fifo frame compressed multicast|bytes    packets errs drop fifo colls carrier compressed
    lo: 16338780708 21844743    0    0    0     0          0         0 16338780708 21844743    0    0    0     0       0          0
enp3s0: 101797289022 80180501    0    0    0     0          0         0 594812698 8096971    0    0    0     0       0          0
enp6s0: 62491088  544835    0  260    0     0          0     18851        0       0    0    0    0     0       0          0
wlp4s0: 9003878800 14866594    0    0    0     0          0         0 17083981540 19584968    0    0    0     0       0          0
","MemTotal:       32698160 kB
MemFree:         3187456 kB
MemAvailable:   24107052 kB
Buffers:          429732 kB
Cached:         20102600 kB
SwapCached:        26004 kB
Active:         16684480 kB
Inactive:       10941404 kB
Active(anon):    1616984 kB
Inactive(anon):  5266392 kB
Active(file):   15067496 kB
Inactive(file):  5675012 kB
Unevictable:          24 kB
Mlocked:              16 kB
SwapTotal:       2097148 kB
SwapFree:            324 kB
Zswap:                 0 kB
Zswapped:              0 kB
Dirty:               284 kB
Writeback:             0 kB
AnonPages:       7069572 kB
Mapped:          1159644 kB
Shmem:             71636 kB
KReclaimable:     646908 kB
Slab:            1008112 kB
SReclaimable:     646908 kB
SUnreclaim:       361204 kB
KernelStack:       28144 kB
PageTables:        83416 kB
SecPageTables:         0 kB
NFS_Unstable:          0 kB
Bounce:                0 kB
WritebackTmp:          0 kB
CommitLimit:    18446228 kB
Committed_AS:   23678436 kB
VmallocTotal:   34359738367 kB
VmallocUsed:      236540 kB
VmallocChunk:          0 kB
Percpu:            20160 kB
HardwareCorrupted:     0 kB
AnonHugePages:         0 kB
ShmemHugePages:        0 kB
ShmemPmdMapped:        0 kB
FileHugePages:         0 kB
FilePmdMapped:         0 kB
Unaccepted:            0 kB
HugePages_Total:       0
HugePages_Free:        0
HugePages_Rsvd:        0
HugePages_Surp:        0
Hugepagesize:       2048 kB
Hugetlb:               0 kB
DirectMap4k:    31524404 kB
DirectMap2M:     1867776 kB
DirectMap1G:     1048576 kB
",cpu  66736398 213926 12913871 4257519713 480669 0 473745 0 0 0,"3017586 (ros2_control_no) S 3017571 3017571 2912103 34817 3017571 4194304 13750 0 10 0 1208795 9451 0 0 20 0 39 0 216637404 2744172544 29203 18446744073709551615 106820472733696 106820472749549 140723865944256 0 0 0 4096 0 1098925310 0 0 0 17 10 0 0 0 0 0 106820472760512 106820472762592 106821535870976 140723865947817 140723865948053 140723865948053 140723865956287 0
"
2172359.618506322,1791283797.1080313,"(2.6728515625, 3.52197265625, 4.267578125)","Inter-|   Receive                                                |  Transmit
 face |bytes    packets errs drop fifo frame compressed multicast|bytes    packets errs drop fifo colls carrier compressed
    lo: 16338788319 21844788    0    0    0     0          0         0 16338788319 21844788    0    0    0     0       0          0
enp3s0: 101797563719 80180716    0    0    0     0          0         0 594814018 8096991    0    0    0     0       0          0
enp6s0: 62491088  544835    0  260    0     0          0     18851        0       0    0    0    0     0       0          0
wlp4s0: 9003880034 14866604    0    0    0     0          0         0 17083988177 19584990    0    0    0     0       0          0
","MemTotal:       32698160 kB
MemFree:         3187204 kB
MemAvailable:   24106800 kB
Buffers:          429732 kB
Cached:         20102604 kB
SwapCached:        26004 kB
Active:         16684600 kB
Inactive:       10941404 kB
Active(anon):    1617104 kB
Inactive(anon):  5266392 kB
Active(file):   15067496 kB
Inactive(file):  5675012 kB
Unevictable:          24 kB
Mlocked:              16 kB
SwapTotal:       2097148 kB
SwapFree:            324 kB
Zswap:                 0 kB
Zswapped:              0 kB
Dirty:               288 kB
Writeback:             0 kB
AnonPages:       7069720 kB
Mapped:          1159644 kB
Shmem:             71636 kB
KReclaimable:     646908 kB
Slab:            1008096 kB
SReclaimable:     646908 kB
SUnreclaim:       361188 kB
KernelStack:       28144 kB
PageTables:        83416 kB
SecPageTables:         0 kB
NFS_Unstable:          0 kB
Bounce:                0 kB
WritebackTmp:          0 kB
CommitLimit:    18446228 kB
Committed_AS:   23678436 kB
VmallocTotal:   34359738367 kB
VmallocUsed:      236540 kB
VmallocChunk:          0 kB
Percpu:            20160 kB
HardwareCorrupted:     0 kB
AnonHugePages:         0 kB
ShmemHugePages:        0 kB
ShmemPmdMapped:        0 kB
FileHugePages:         0 kB
FilePmdMapped:         0 kB
Unaccepted:            0 kB
HugePages_Total:       0
HugePages_Free:        0
HugePages_Rsvd:        0
HugePages_Surp:        0
Hugepagesize:       2048 kB
Hugetlb:               0 kB
DirectMap4k:    31524404 kB
DirectMap2M:     1867776 kB
DirectMap1G:     1048576 kB
",cpu  66736458 213926 12913874 4257520056 480669 0 473745 0 0 0,"3017586 (ros2_control_no) S 3017571 3017571 2912103 34817 3017571 4194304 13750 0 10 0 1208836 9452 0 0 20 0 39 0 216637404 2744172544 29203 18446744073709551615 106820472733696 106820472749549 140723865944256 0 0 0 4096 0 1098925310 0 0 0 17 10 0 0 0 0 0 106820472760512 106820472762592 106821535870976 140723865947817 140723865948053 140723865948053 140723865956287 0
"
2172359.820140397,1791283797.3096654,"(2.6728515625, 3.52197265625, 4.267578125)","Inter-|   Receive                                                |  Transmit
 face |bytes    packets errs drop fifo frame compressed multicast|bytes    packets errs drop fifo colls carrier compressed
    lo: 16338796040 21844834    0    0    0     0          0         0 16338796040 21844834    0    0    0     0       0          0
enp3s0: 101797839804 80180932    0    0    0     0          0         0 594815875 8097015    0    0    0     0       0          0
enp6s0: 62491088  544835    0  260    0     0          0     18851        0       0    0    0    0     0       0          0
wlp4s0: 9003911124 14866635    0    0    0     0          0         0 17083997948 19585022    0    0    0     0       0          0
","MemTotal:       32698160 kB
MemFree:         3187204 kB
MemAvailable:   24106816 kB
Buffers:          429740 kB
Cached:         20102600 kB
SwapCached:        26004 kB
Active:         16684800 kB
Inactive:       10941420 kB
Active(anon):    1617304 kB
Inactive(anon):  5266392 kB
Active(file):   15067496 kB
Inactive(file):  5675028 kB
Unevictable:          24 kB
Mlocked:              16 kB
SwapTotal:       2097148 kB
SwapFree:            324 kB
Zswap:                 0 kB
Zswapped:              0 kB
Dirty:               292 kB
Writeback:             0 kB
AnonPages:       7069904 kB
Mapped:          1159644 kB
Shmem:             71636 kB
KReclaimable:     646908 kB
Slab:            1008088 kB
SReclaimable:     646908 kB
SUnreclaim:       361180 kB
KernelStack:       28128 kB
PageTables:        83416 kB
SecPageTables:         0 kB
NFS_Unstable:          0 kB
Bounce:                0 kB
WritebackTmp:          0 kB
CommitLimit:    18446228 kB
Committed_AS:   23676376 kB
VmallocTotal:   34359738367 kB
VmallocUsed:      236524 kB
VmallocChunk:          0 kB
Percpu:            20160 kB
HardwareCorrupted:     0 kB
AnonHugePages:         0 kB
ShmemHugePages:        0 kB
ShmemPmdMapped:        0 kB
FileHugePages:         0 kB
FilePmdMapped:         0 kB
Unaccepted:            0 kB
HugePages_Total:       0
HugePages_Free:        0
HugePages_Rsvd:        0
HugePages_Surp:        0
Hugepagesize:       2048 kB
Hugetlb:               0 kB
DirectMap4k:    31524404 kB
DirectMap2M:     1867776 kB
DirectMap1G:     1048576 kB
",cpu  66736526 213926 12913877 4257520392 480669 0 473745 0 0 0,"3017586 (ros2_control_no) S 3017571 3017571 2912103 34817 3017571 4194304 13750 0 10 0 1208877 9452 0 0 20 0 39 0 216637404 2744172544 29203 18446744073709551615 106820472733696 106820472749549 140723865944256 0 0 0 4096 0 1098925310 0 0 0 17 10 0 0 0 0 0 106820472760512 106820472762592 106821535870976 140723865947817 140723865948053 140723865948053 140723865956287 0
"
2172360.025098963,1791283797.5146255,"(2.61865234375, 3.49658203125, 4.25537109375)","Inter-|   Receive                                                |  Transmit
 face |bytes    packets errs drop fifo frame compressed multicast|bytes    packets errs drop fifo colls carrier compressed
    lo: 16338803516 21844879    0    0    0     0          0         0 16338803516 21844879    0    0    0     0       0          0
enp3s0: 101798116442 80181144    0    0    0     0          0         0 594817243 8097031    0    0    0     0       0          0
enp6s0: 62491088  544835    0  260    0     0          0     18851        0       0    0    0    0     0       0          0
wlp4s0: 9003912672 14866648    0    0    0     0          0         0 17084006760 19585049    0    0    0     0       0          0
","MemTotal:       32698160 kB
MemFree:         3187456 kB
MemAvailable:   24107068 kB
Buffers:          429740 kB
Cached:         20102604 kB
SwapCached:        26004 kB
Active:         16684860 kB
Inactive:       10941420 kB
Active(anon):    1617364 kB
Inactive(anon):  5266392 kB
Active(file):   15067496 kB
Inactive(file):  5675028 kB
Unevictable:          24 kB
Mlocked:              16 kB
SwapTotal:       2097148 kB
SwapFree:            324 kB
Zswap:                 0 kB
Zswapped:              0 kB
Dirty:               296 kB
Writeback:             0 kB
AnonPages:       7069976 kB
Mapped:          1159644 kB
Shmem:             71636 kB
KReclaimable:     646908 kB
Slab:            1008088 kB
SReclaimable:     646908 kB
SUnreclaim:       361180 kB
KernelStack:       28128 kB
PageTables:        83416 kB
SecPageTables:         0 kB
NFS_Unstable:          0 kB
Bounce:                0 kB
WritebackTmp:          0 kB
CommitLimit:    18446228 kB
Committed_AS:   23676376 kB
VmallocTotal:   34359738367 kB
VmallocUsed:      236524 kB
VmallocChunk:          0 kB
Percpu:            20160 kB
HardwareCorrupted:     0 kB
AnonHugePages:         0 kB
ShmemHugePages:        0 kB
ShmemPmdMapped:        0 kB
FileHugePages:         0 kB
FilePmdMapped:         0 kB
Unaccepted:            0 kB
HugePages_Total:       0
HugePages_Free:        0
HugePages_Rsvd:        0
HugePages_Surp:        0
Hugepagesize:       2048 kB
Hugetlb:               0 kB
DirectMap4k:    31524404 kB
DirectMap2M:     1867776 kB
DirectMap1G:     1048576 kB
",cpu  66736590 213926 12913881 4257520731 480669 0 473745 0 0 0,"3017586 (ros2_control_no) S 3017571 3017571 2912103 34817 3017571 4194304 13750 0 10 0 1208918 9452 0 0 20 0 39 0 216637404 2744172544 29203 18446744073709551615 106820472733696 106820472749549 140723865944256 0 0 0 4096 0 1098925310 0 0 0 17 10 0 0 0 0 0 106820472760512 106820472762592 106821535870976 140723865947817 140723865948053 140723865948053 140723865956287 0
"
2172360.226516151,1791283797.7160413,"(2.61865234375, 3.49658203125, 4.25537109375)","Inter-|   Receive                                                |  Transmit
 face |bytes    packets errs drop fifo frame compressed multicast|bytes    packets errs drop fifo colls carrier compressed
    lo: 16338811900 21844923    0    0    0     0          0         0 16338811900 21844923    0    0    0     0       0          0
enp3s0: 101798390805 80181357    0    0    0     0          0         0 594819187 8097051    0    0    0     0       0          0
enp6s0: 62491088  544835    0  260    0     0          0     18851        0       0    0    0    0     0       0          0
wlp4s0: 9003917679 14866671    0    0    0     0          0         0 17084018137 19585092    0    0    0     0       0          0
","MemTotal:       32698160 kB
MemFree:         3187456 kB
MemAvailable:   24107108 kB
Buffers:          429740 kB
Cached:         20102624 kB
SwapCached:        26004 kB
Active:         16684580 kB
Inactive:       10941460 kB
Active(anon):    1617084 kB
Inactive(anon):  5266392 kB
Active(file):   15067496 kB
Inactive(file):  5675068 kB
Unevictable:          24 kB
Mlocked:              16 kB
SwapTotal:       2097148 kB
SwapFree:            324 kB
Zswap:                 0 kB
Zswapped:              0 kB
Dirty:                20 kB
Writeback:             0 kB
AnonPages:       7069592 kB
Mapped:          1159644 kB
Shmem:             71636 kB
KReclaimable:     646908 kB
Slab:            1008080 kB
SReclaimable:     646908 kB
SUnreclaim:       361172 kB
KernelStack:       28112 kB
PageTables:        83412 kB
SecPageTables:         0 kB
NFS_Unstable:          0 kB
Bounce:                0 kB
WritebackTmp:          0 kB
CommitLimit:    18446228 kB
Committed_AS:   23659976 kB
VmallocTotal:   34359738367 kB
VmallocUsed:      236508 kB
VmallocChunk:          0 kB
Percpu:            20160 kB
HardwareCorrupted:     0 kB
AnonHugePages:         0 kB
ShmemHugePages:        0 kB
ShmemPmdMapped:        0 kB
FileHugePages:         0 kB
FilePmdMapped:         0 kB
Unaccepted:            0 kB
HugePages_Total:       0
HugePages_Free:        0
HugePages_Rsvd:        0
HugePages_Surp:        0
Hugepagesize:       2048 kB
Hugetlb:               0 kB
DirectMap4k:    31524404 kB
DirectMap2M:     1867776 kB
DirectMap1G:     1048576 kB
",cpu  66736654 213926 12913884 4257521067 480670 0 473745 0 0 0,"3017586 (ros2_control_no) S 3017571 3017571 2912103 34817 3017571 4194304 13750 0 10 0 1208959 9452 0 0 20 0 39 0 216637404 2744172544 29203 18446744073709551615 106820472733696 106820472749549 140723865944256 0 0 0 4096 0 1098925310 0 0 0 17 10 0 0 0 0 0 106820472760512 106820472762592 106821535870976 140723865947817 140723865948053 140723865948053 140723865956287 0
"
2172360.428098356,1791283797.9176233,"(2.61865234375, 3.49658203125, 4.25537109375)","Inter-|   Receive                                                |  Transmit
 face |bytes    packets errs drop fifo frame compressed multicast|bytes    packets errs drop fifo colls carrier compressed
    lo: 16338816259 21844957    0    0    0     0          0         0 16338816259 21844957    0    0    0     0       0          0
enp3s0: 101798665001 80181569    0    0    0     0          0         0 594820375 8097069    0    0    0     0       0          0
enp6s0: 62491088  544835    0  260    0     0          0     18851        0       0    0    0    0     0       0          0
wlp4s0: 9003918849 14866683    0    0    0     0          0         0 17084023868 19585112    0    0    0     0       0          0
","MemTotal:       32698160 kB
MemFree:         3187204 kB
MemAvailable:   24106856 kB
Buffers:          429740 kB
Cached:         20102624 kB
SwapCached:        26004 kB
Active:         16684684 kB
Inactive:       10941460 kB
Active(anon):    1617188 kB
Inactive(anon):  5266392 kB
Active(file):   15067496 kB
Inactive(file):  5675068 kB
Unevictable:          24 kB
Mlocked:              16 kB
SwapTotal:       2097148 kB
SwapFree:            324 kB
Zswap:                 0 kB
Zswapped:              0 kB
Dirty:                20 kB
Writeback:             0 kB
AnonPages:       7069688 kB
Mapped:          1159644 kB
Shmem:             71636 kB
KReclaimable:     646908 kB
Slab:            1008080 kB
SReclaimable:     646908 kB
SUnreclaim:       361172 kB
KernelStack:       28112 kB
PageTables:        83412 kB
SecPageTables:         0 kB
NFS_Unstable:          0 kB
Bounce:                0 kB
WritebackTmp:          0 kB
CommitLimit:    18446228 kB
Committed_AS:   23659976 kB
VmallocTotal:   34359738367 kB
VmallocUsed:      236508 kB
VmallocChunk:          0 kB
Percpu:            20160 kB
HardwareCorrupted:     0 kB
AnonHugePages:         0 kB
ShmemHugePages:        0 kB
ShmemPmdMapped:        0 kB
FileHugePages:         0 kB
FilePmdMapped:         0 kB
Unaccepted:            0 kB
HugePages_Total:       0
HugePages_Free:        0
HugePages_Rsvd:        0
HugePages_Surp:        0
Hugepagesize:       2048 kB
Hugetlb:               0 kB
DirectMap4k:    31524404 kB
DirectMap2M:     1867776 kB
DirectMap1G:     1048576 kB
",cpu  66736711 213926 12913885 4257521415 480670 0 473746 0 0 0,"3017586 (ros2_control_no) S 3017571 3017571 2912103 34817 3017571 4194304 13750 0 10 0 1209000 9452 0 0 20 0 39 0 216637404 2744172544 29203 18446744073709551615 106820472733696 106820472749549 140723865944256 0 0 0 4096 0 1098925310 0 0 0 17 10 0 0 0 0 0 106820472760512 106820472762592 106821535870976 140723865947817 140723865948053 140723865948053 140723865956287 0
"
2172360.629444035,1791283798.1189692,"(2.61865234375, 3.49658203125, 4.25537109375)","Inter-|   Receive                                                |  Transmit
 face |bytes    packets errs drop fifo frame compressed multicast|bytes    packets errs drop fifo colls carrier compressed
    lo: 16338824973 21845003    0    0    0     0          0         0 16338824973 21845003    0    0    0     0       0          0
enp3s0: 101798939531 80181783    0    0    0     0          0         0 594822073 8097090    0    0    0     0       0          0
enp6s0: 62491088  544835    0  260    0     0          0     18851        0       0    0    0    0     0       0          0
wlp4s0: 9003920697 14866696    0    0    0     0          0         0 17084031453 19585139    0    0    0     0       0          0
","MemTotal:       32698160 kB
MemFree:         3187204 kB
MemAvailable:   24106856 kB
Buffers:          429740 kB
Cached:         20102624 kB
SwapCached:        26004 kB
Active:         16684736 kB
Inactive:       10941460 kB
Active(anon):    1617240 kB
Inactive(anon):  5266392 kB
Active(file):   15067496 kB
Inactive(file):  5675068 kB
Unevictable:          24 kB
Mlocked:              16 kB
SwapTotal:       2097148 kB
SwapFree:            324 kB
Zswap:                 0 kB
Zswapped:              0 kB
Dirty:                20 kB
Writeback:             0 kB
AnonPages:       7069804 kB
Mapped:          1159644 kB
Shmem:             71636 kB
KReclaimable:     646908 kB
Slab:            1008080 kB
SReclaimable:     646908 kB
SUnreclaim:       361172 kB
KernelStack:       28112 kB
PageTables:        83412 kB
SecPageTables:         0 kB
NFS_Unstable:          0 kB
Bounce:                0 kB
WritebackTmp:          0 kB
CommitLimit:    18446228 kB
Committed_AS:   23659976 kB
VmallocTotal:   34359738367 kB
VmallocUsed:      236508 kB
VmallocChunk:          0 kB
Percpu:            20160 kB
HardwareCorrupted:     0 kB
AnonHugePages:         0 kB
ShmemHugePages:        0 kB
ShmemPmdMapped:        0 kB
FileHugePages:         0 kB
FilePmdMapped:         0 kB
Unaccepted:            0 kB
HugePages_Total:       0
HugePages_Free:        0
HugePages_Rsvd:        0
HugePages_Surp:        0
Hugepagesize:       2048 kB
Hugetlb:               0 kB
DirectMap4k:    31524404 kB
DirectMap2M:     1867776 kB
DirectMap1G:     1048576 kB
",cpu  66736769 213926 12913888 4257521759 480670 0 473746 0 0 0,"3017586 (ros2_control_no) S 3017571 3017571 2912103 34817 3017571 4194304 13750 0 10 0 1209041 9453 0 0 20 0 39 0 216637404 2744172544 29203 18446744073709551615 106820472733696 106820472749549 140723865944256 0 0 0 4096 0 1098925310 0 0 0 17 10 0 0 0 0 0 106820472760512 106820472762592 106821535870976 140723865947817 140723865948053 140723865948053 140723865956287 0
"
2172360.831190318,1791283798.3207152,"(2.61865234375, 3.49658203125, 4.25537109375)","Inter-|   Receive                                                |  Transmit
 face |bytes    packets errs drop fifo frame compressed multicast|bytes    packets errs drop fifo colls carrier compressed
    lo: 16338830091 21845029    0    0    0     0          0         0 16338830091 21845029    0    0    0     0       0          0
enp3s0: 101799215115 80181996    0    0    0     0          0         0 594823354 8097110    0    0    0     0       0          0
enp6s0: 62491088  544835    0  260    0     0          0     18851        0       0    0    0    0     0       0          0
wlp4s0: 9003923280 14866709    0    0    0     0          0         0 17084038332 19585155    0    0    0     0       0          0
","MemTotal:       32698160 kB
MemFree:         3187204 kB
MemAvailable:   24106864 kB
Buffers:          429740 kB
Cached:         20102624 kB
SwapCached:        26004 kB
Active:         16685032 kB
Inactive:       10941468 kB
Active(anon):    1617536 kB
Inactive(anon):  5266392 kB
Active(file):   15067496 kB
Inactive(file):  5675076 kB
Unevictable:          24 kB
Mlocked:              16 kB
SwapTotal:       2097148 kB
SwapFree:            324 kB
Zswap:                 0 kB
Zswapped:              0 kB
Dirty:                20 kB
Writeback:             0 kB
AnonPages:       7069988 kB
Mapped:          1159644 kB
Shmem:             71636 kB
KReclaimable:     646908 kB
Slab:            1008024 kB
SReclaimable:     646908 kB
SUnreclaim:       361116 kB
KernelStack:       28112 kB
PageTables:        83412 kB
SecPageTables:         0 kB
NFS_Unstable:          0 kB
Bounce:                0 kB
WritebackTmp:          0 kB
CommitLimit:    18446228 kB
Committed_AS:   23659976 kB
VmallocTotal:   34359738367 kB
VmallocUsed:      236508 kB
VmallocChunk:          0 kB
Percpu:            20160 kB
HardwareCorrupted:     0 kB
AnonHugePages:         0 kB
ShmemHugePages:        0 kB
ShmemPmdMapped:        0 kB
FileHugePages:         0 kB
FilePmdMapped:         0 kB
Unaccepted:            0 kB
HugePages_Total:       0
HugePages_Free:        0
HugePages_Rsvd:        0
HugePages_Surp:        0
Hugepagesize:       2048 kB
Hugetlb:               0 kB
DirectMap4k:    31524404 kB
DirectMap2M:     1867776 kB
DirectMap1G:     1048576 kB
",cpu  66736823 213926 12913892 4257522107 480670 0 473746 0 0 0,"3017586 (ros2_control_no) S 3017571 3017571 2912103 34817 3017571 4194304 13750 0 10 0 1209082 9453 0 0 20 0 39 0 216637404 2744172544 29203 18446744073709551615 106820472733696 106820472749549 140723865944256 0 0 0 4096 0 1098925310 0 0 0 17 10 0 0 0 0 0 106820472760512 106820472762592 106821535870976 140723865947817 140723865948053 140723865948053 140723865956287 0
"
2172361.033457,1791283798.5229821,"(2.61865234375, 3.49658203125, 4.25537109375)","Inter-|   Receive                                                |  Transmit
 face |bytes    packets errs drop fifo frame compressed multicast|bytes    packets errs drop fifo colls carrier compressed
    lo: 16338834611 21845062    0    0    0     0          0         0 16338834611 21845062    0    0    0     0       0          0
enp3s0: 101799488257 80182209    0    0    0     0          0         0 594824674 8097130    0    0    0     0       0          0
enp6s0: 62491088  544835    0  260    0     0          0     18851        0       0    0    0    0     0       0          0
wlp4s0: 9003926712 14866722    0    0    0     0          0         0 17084044060 19585178    0    0    0     0       0          0
","MemTotal:       32698160 kB
MemFree:         3186952 kB
MemAvailable:   24106612 kB
Buffers:          429740 kB
Cached:         20102628 kB
SwapCached:        26004 kB
Active:         16685148 kB
Inactive:       10941468 kB
Active(anon):    1617652 kB
Inactive(anon):  5266392 kB
Active(file):   15067496 kB
Inactive(file):  5675076 kB
Unevictable:          24 kB
Mlocked:              16 kB
SwapTotal:       2097148 kB
SwapFree:            324 kB
Zswap:                 0 kB
Zswapped:              0 kB
Dirty:                76 kB
Writeback:             0 kB
AnonPages:       7070120 kB
Mapped:          1159644 kB
Shmem:             71636 kB
KReclaimable:     646908 kB
Slab:            1008024 kB
SReclaimable:     646908 kB
SUnreclaim:       361116 kB
KernelStack:       28112 kB
PageTables:        83412 kB
SecPageTables:         0 kB
NFS_Unstable:          0 kB
Bounce:                0 kB
WritebackTmp:          0 kB
CommitLimit:    18446228 kB
Committed_AS:   23661128 kB
VmallocTotal:   34359738367 kB
VmallocUsed:      236508 kB
VmallocChunk:          0 kB
Percpu:            20160 kB
HardwareCorrupted:     0 kB
AnonHugePages:         0 kB
ShmemHugePages:        0 kB
ShmemPmdMapped:        0 kB
FileHugePages:         0 kB
FilePmdMapped:         0 kB
Unaccepted:            0 kB
HugePages_Total:       0
HugePages_Free:        0
HugePages_Rsvd:        0
HugePages_Surp:        0
Hugepagesize:       2048 kB
Hugetlb:               0 kB
DirectMap4k:    31524404 kB
DirectMap2M:     1867776 kB
DirectMap1G:     1048576 kB
",cpu  66736878 213926 12913896 4257522452 480670 0 473746 0 0 0,"3017586 (ros2_control_no) S 3017571 3017571 2912103 34817 3017571 4194304 13750 0 10 0 1209122 9453 0 0 20 0 39 0 216637404 2744172544 29203 18446744073709551615 106820472733696 106820472749549 140723865944256 0 0 0 4096 0 1098925310 0 0 0 17 10 0 0 0 0 0 106820472760512 106820472762592 106821535870976 140723865947817 140723865948053 140723865948053 140723865956287 0
"
2172361.23527614,1791283798.7248013,"(2.61865234375, 3.49658203125, 4.25537109375)","Inter-|   Receive                                                |  Transmit
 face |bytes    packets errs drop fifo frame compressed multicast|bytes    packets errs drop fifo colls carrier compressed
    lo: 16338837729 21845084    0    0    0     0          0         0 16338837729 21845084    0    0    0     0       0          0
enp3s0: 101799763841 80182422    0    0    0     0          0         0 594825862 8097148    0    0    0     0       0          0
enp6s0: 62491088  544835    0  260    0     0          0     18851        0       0    0    0    0     0       0          0
wlp4s0: 9003928204 14866737    0    0    0     0          0         0 17084049139 19585200    0    0    0     0       0          0
","MemTotal:       32698160 kB
MemFree:         3186700 kB
MemAvailable:   24106392 kB
Buffers:          429740 kB
Cached:         20102660 kB
SwapCached:        26004 kB
Active:         16685324 kB
Inactive:       10941500 kB
Active(anon):    1617828 kB
Inactive(anon):  5266392 kB
Active(file):   15067496 kB
Inactive(file):  5675108 kB
Unevictable:          24 kB
Mlocked:              16 kB
SwapTotal:       2097148 kB
SwapFree:            324 kB
Zswap:                 0 kB
Zswapped:              0 kB
Dirty:               168 kB
Writeback:             0 kB
AnonPages:       7070336 kB
Mapped:          1159644 kB
Shmem:             71636 kB
KReclaimable:     646908 kB
Slab:            1008016 kB
SReclaimable:     646908 kB
SUnreclaim:       361108 kB
KernelStack:       28112 kB
PageTables:        83416 kB
SecPageTables:         0 kB
NFS_Unstable:          0 kB
Bounce:                0 kB
WritebackTmp:          0 kB
CommitLimit:    18446228 kB
Committed_AS:   23661128 kB
VmallocTotal:   34359738367 kB
VmallocUsed:      236508 kB
VmallocChunk:          0 kB
Percpu:            20160 kB
HardwareCorrupted:     0 kB
AnonHugePages:         0 kB
ShmemHugePages:        0 kB
ShmemPmdMapped:        0 kB
FileHugePages:         0 kB
FilePmdMapped:         0 kB
Unaccepted:            0 kB
HugePages_Total:       0
HugePages_Free:        0
HugePages_Rsvd:        0
HugePages_Surp:        0
Hugepagesize:       2048 kB
Hugetlb:               0 kB
DirectMap4k:    31524404 kB
DirectMap2M:     1867776 kB
DirectMap1G:     1048576 kB
",cpu  66736932 213926 12913899 4257522801 480670 0 473747 0 0 0,"3017586 (ros2_control_no) S 3017571 3017571 2912103 34817 3017571 4194304 13750 0 10 0 1209163 9454 0 0 20 0 39 0 216637404 2744172544 29203 18446744073709551615 106820472733696 106820472749549 140723865944256 0 0 0 4096 0 1098925310 0 0 0 17 10 0 0 0 0 0 106820472760512 106820472762592 106821535870976 140723865947817 140723865948053 140723865948053 140723865956287 0
"
2172361.436864384,1791283798.9263895,"(2.61865234375, 3.49658203125, 4.25537109375)","Inter-|   Receive                                                |  Transmit
 face |bytes    packets errs drop fifo frame compressed multicast|bytes    packets errs drop fifo colls carrier compressed
    lo: 16338843152 21845123    0    0    0     0          0         0 16338843152 21845123    0    0    0     0       0          0
enp3s0: 101800036649 80182633    0    0    0     0          0         0 594827050 8097166    0    0    0     0       0          0
enp6s0: 62491088  544835    0  260    0     0          0     18851        0       0    0    0    0     0       0          0
wlp4s0: 9003930195 14866756    0    0    0     0          0         0 17084056420 19585229    0    0    0     0       0          0
","MemTotal:       32698160 kB
MemFree:         3186448 kB
MemAvailable:   24106140 kB
Buffers:          429740 kB
Cached:         20102664 kB
SwapCached:        26004 kB
Active:         16684880 kB
Inactive:       10941500 kB
Active(anon):    1617384 kB
Inactive(anon):  5266392 kB
Active(file):   15067496 kB
Inactive(file):  5675108 kB
Unevictable:          24 kB
Mlocked:              16 kB
SwapTotal:       2097148 kB
SwapFree:            324 kB
Zswap:                 0 kB
Zswapped:              0 kB
Dirty:               184 kB
Writeback:             0 kB
AnonPages:       7069900 kB
Mapped:          1159644 kB
Shmem:             71636 kB
KReclaimable:     646908 kB
Slab:            1008024 kB
SReclaimable:     646908 kB
SUnreclaim:       361116 kB
KernelStack:       28128 kB
PageTables:        83416 kB
SecPageTables:         0 kB
NFS_Unstable:          0 kB
Bounce:                0 kB
WritebackTmp:          0 kB
CommitLimit:    18446228 kB
Committed_AS:   23661144 kB
VmallocTotal:   34359738367 kB
VmallocUsed:      236508 kB
VmallocChunk:          0 kB
Percpu:            20160 kB
HardwareCorrupted:     0 kB
AnonHugePages:         0 kB
ShmemHugePages:        0 kB
ShmemPmdMapped:        0 kB
FileHugePages:         0 kB
FilePmdMapped:         0 kB
Unaccepted:            0 kB
HugePages_Total:       0
HugePages_Free:        0
HugePages_Rsvd:        0
HugePages_Surp:        0
Hugepagesize:       2048 kB
Hugetlb:               0 kB
DirectMap4k:    31524404 kB
DirectMap2M:     1867776 kB
DirectMap1G:     1048576 kB
",cpu  66736996 213926 12913908 4257523133 480670 0 473748 0 0 0,"3017586 (ros2_control_no) S 3017571 3017571 2912103 34817 3017571 4194304 13750 0 10 0 1209204 9454 0 0 20 0 39 0 216637404 2744172544 29203 18446744073709551615 106820472733696 106820472749549 140723865944256 0 0 0 4096 0 1098925310 0 0 0 17 10 0 0 0 0 0 106820472760512 106820472762592 106821535870976 140723865947817 140723865948053 140723865948053 140723865956287 0
"
2172361.638343868,1791283799.127869,"(2.61865234375, 3.49658203125, 4.25537109375)","Inter-|   Receive                                                |  Transmit
 face |bytes    packets errs drop fifo frame compressed multicast|bytes    packets errs drop fifo colls carrier compressed
    lo: 16338850560 21845168    0    0    0     0          0         0 16338850560 21845168    0    0    0     0       0          0
enp3s0: 101800305460 80182842    0    0    0     0          0         0 594828238 8097184    0    0    0     0       0          0
enp6s0: 62491088  544835    0  260    0     0          0     18851        0       0    0    0    0     0       0          0
wlp4s0: 9003932150 14866773    0    0    0     0          0         0 17084063068 19585254    0    0    0     0       0          0
","MemTotal:       32698160 kB
MemFree:         3186448 kB
MemAvailable:   24106140 kB
Buffers:          429740 kB
Cached:         20102668 kB
SwapCached:        26004 kB
Active:         16685000 kB
Inactive:       10941500 kB
Active(anon):    1617504 kB
Inactive(anon):  5266392 kB
Active(file):   15067496 kB
Inactive(file):  5675108 kB
Unevictable:          24 kB
Mlocked:              16 kB
SwapTotal:       2097148 kB
SwapFree:            324 kB
Zswap:                 0 kB
Zswapped:              0 kB
Dirty:               188 kB
Writeback:             0 kB
AnonPages:       7070028 kB
Mapped:          1159644 kB
Shmem:             71636 kB
KReclaimable:     646908 kB
Slab:            1008056 kB
SReclaimable:     646908 kB
SUnreclaim:       361148 kB
KernelStack:       28128 kB
PageTables:        83416 kB
SecPageTables:         0 kB
NFS_Unstable:          0 kB
Bounce:                0 kB
WritebackTmp:          0 kB
CommitLimit:    18446228 kB
Committed_AS:   23661144 kB
VmallocTotal:   34359738367 kB
VmallocUsed:      236508 kB
VmallocChunk:          0 kB
Percpu:            20160 kB
HardwareCorrupted:     0 kB
AnonHugePages:         0 kB
ShmemHugePages:        0 kB
ShmemPmdMapped:        0 kB
FileHugePages:         0 kB
FilePmdMapped:         0 kB
Unaccepted:            0 kB
HugePages_Total:       0
HugePages_Free:        0
HugePages_Rsvd:        0
HugePages_Surp:        0
Hugepagesize:       2048 kB
Hugetlb:               0 kB
DirectMap4k:    31524404 kB
DirectMap2M:     1867776 kB
DirectMap1G:     1048576 kB
",cpu  66737058 213926 12913913 4257523470 480670 0 473748 0 0 0,"3017586 (ros2_control_no) S 3017571 3017571 2912103 34817 3017571 4194304 13750 0 10 0 1209244 9454 0 0 20 0 39 0 216637404 2744172544 29203 18446744073709551615 106820472733696 106820472749549 140723865944256 0 0 0 4096 0 1098925310 0 0 0 17 10 0 0 0 0 0 106820472760512 106820472762592 106821535870976 140723865947817 140723865948053 140723865948053 140723865956287 0
"
2172361.84014026,1791283799.3296652,"(2.61865234375, 3.49658203125, 4.25537109375)","Inter-|   Receive                                                |  Transmit
 face |bytes    packets errs drop fifo frame compressed multicast|bytes    packets errs drop fifo colls carrier compressed
    lo: 16338856233 21845207    0    0    0     0          0         0 16338856233 21845207    0    0    0     0       0          0
enp3s0: 101800576713 80183051    0    0    0     0          0         0 594829453 8097203    0    0    0     0       0          0
enp6s0: 62491088  544835    0  260    0     0          0     18851        0       0    0    0    0     0       0          0
wlp4s0: 9003933859 14866789    0    0    0     0          0         0 17084070575 19585282    0    0    0     0       0          0
","MemTotal:       32698160 kB
MemFree:         3186448 kB
MemAvailable:   24106140 kB
Buffers:          429740 kB
Cached:         20102676 kB
SwapCached:        26004 kB
Active:         16685120 kB
Inactive:       10941500 kB
Active(anon):    1617624 kB
Inactive(anon):  5266392 kB
Active(file):   15067496 kB
Inactive(file):  5675108 kB
Unevictable:          24 kB
Mlocked:              16 kB
SwapTotal:       2097148 kB
SwapFree:            324 kB
Zswap:                 0 kB
Zswapped:              0 kB
Dirty:               196 kB
Writeback:             0 kB
AnonPages:       7070152 kB
Mapped:          1159644 kB
Shmem:             71636 kB
KReclaimable:     646908 kB
Slab:            1008088 kB
SReclaimable:     646908 kB
SUnreclaim:       361180 kB
KernelStack:       28128 kB
PageTables:        83416 kB
SecPageTables:         0 kB
NFS_Unstable:          0 kB
Bounce:                0 kB
WritebackTmp:          0 kB
CommitLimit:    18446228 kB
Committed_AS:   23661144 kB
VmallocTotal:   34359738367 kB
VmallocUsed:      236508 kB
VmallocChunk:          0 kB
Percpu:            20160 kB
HardwareCorrupted:     0 kB
AnonHugePages:         0 kB
ShmemHugePages:        0 kB
ShmemPmdMapped:        0 kB
FileHugePages:         0 kB
FilePmdMapped:         0 kB
Unaccepted:            0 kB
HugePages_Total:       0
HugePages_Free:        0
HugePages_Rsvd:        0
HugePages_Surp:        0
Hugepagesize:       2048 kB
Hugetlb:               0 kB
DirectMap4k:    31524404 kB
DirectMap2M:     1867776 kB
DirectMap1G:     1048576 kB
",cpu  66737120 213926 12913918 4257523807 480670 0 473749 0 0 0,"3017586 (ros2_control_no) S 3017571 3017571 2912103 34817 3017571 4194304 13750 0 10 0 1209286 9454 0 0 20 0 39 0 216637404 2744172544 29203 18446744073709551615 106820472733696 106820472749549 140723865944256 0 0 0 4096 0 1098925310 0 0 0 17 10 0 0 0 0 0 106820472760512 106820472762592 106821535870976 140723865947817 140723865948053 140723865948053 140723865956287 0
"
2172362.042803059,1791283799.5323281,"(2.61865234375, 3.49658203125, 4.25537109375)","Inter-|   Receive                                                |  Transmit
 face |bytes    packets errs drop fifo frame compressed multicast|bytes    packets errs drop fifo colls carrier compressed
    lo: 16338861465 21845246    0    0    0     0          0         0 16338861465 21845246    0    0    0     0       0          0
enp3s0: 101800845023 80183257    0    0    0     0          0         0 594830509 8097219    0    0    0     0       0          0
enp6s0: 62491088  544835    0  260    0     0          0     18851        0       0    0    0    0     0       0          0
wlp4s0: 9003935730 14866807    0    0    0     0          0         0 17084077050 19585309    0    0    0     0       0          0
","MemTotal:       32698160 kB
MemFree:         3186196 kB
MemAvailable:   24105888 kB
Buffers:          429740 kB
Cached:         20102680 kB
SwapCached:        26004 kB
Active:         16685240 kB
Inactive:       10941500 kB
Active(anon):    1617744 kB
Inactive(anon):  5266392 kB
Active(file):   15067496 kB
Inactive(file):  5675108 kB
Unevictable:          24 kB
Mlocked:              16 kB
SwapTotal:       2097148 kB
SwapFree:            324 kB
Zswap:                 0 kB
Zswapped:              0 kB
Dirty:               200 kB
Writeback:             0 kB
AnonPages:       7070284 kB
Mapped:          1159644 kB
Shmem:             71636 kB
KReclaimable:     646908 kB
Slab:            1008104 kB
SReclaimable:     646908 kB
SUnreclaim:       361196 kB
KernelStack:       28128 kB
PageTables:        83416 kB
SecPageTables:         0 kB
NFS_Unstable:          0 kB
Bounce:                0 kB
WritebackTmp:          0 kB
CommitLimit:    18446228 kB
Committed_AS:   23661144 kB
VmallocTotal:   34359738367 kB
VmallocUsed:      236508 kB
VmallocChunk:          0 kB
Percpu:            20160 kB
HardwareCorrupted:     0 kB
AnonHugePages:         0 kB
ShmemHugePages:        0 kB
ShmemPmdMapped:        0 kB
FileHugePages:         0 kB
FilePmdMapped:         0 kB
Unaccepted:            0 kB
HugePages_Total:       0
HugePages_Free:        0
HugePages_Rsvd:        0
HugePages_Surp:        0
Hugepagesize:       2048 kB
Hugetlb:               0 kB
DirectMap4k:    31524404 kB
DirectMap2M:     1867776 kB
DirectMap1G:     1048576 kB
",cpu  66737182 213926 12913924 4257524147 480670 0 473749 0 0 0,"3017586 (ros2_control_no) S 3017571 3017571 2912103 34817 3017571 4194304 13750 0 10 0 1209327 9454 0 0 20 0 39 0 216637404 2744172544 29203 18446744073709551615 106820472733696 106820472749549 140723865944256 0 0 0 4096 0 1098925310 0 0 0 17 16 0 0 0 0 0 106820472760512 106820472762592 106821535870976 140723865947817 140723865948053 140723865948053 140723865956287 0
"
2172362.244423262,1791283799.7339485,"(2.61865234375, 3.49658203125, 4.25537109375)","Inter-|   Receive                                                |  Transmit
 face |bytes    packets errs drop fifo frame compressed multicast|bytes    packets errs drop fifo colls carrier compressed
    lo: 16338866675 21845284    0    0    0     0          0         0 16338866675 21845284    0    0    0     0       0          0
enp3s0: 101801116777 80183469    0    0    0     0          0         0 594831829 8097239    0    0    0     0       0          0
enp6s0: 62491088  544835    0  260    0     0          0     18851        0       0    0    0    0     0       0          0
wlp4s0: 9003937715 14866826    0    0    0     0          0         0 17084084642 19585342    0    0    0     0       0          0
","MemTotal:       32698160 kB
MemFree:         3186204 kB
MemAvailable:   24105896 kB
Buffers:          429740 kB
Cached:         20102688 kB
SwapCached:        26004 kB
Active:         16685096 kB
Inactive:       10941500 kB
Active(anon):    1617600 kB
Inactive(anon):  5266392 kB
Active(file):   15067496 kB
Inactive(file):  5675108 kB
Unevictable:          24 kB
Mlocked:              16 kB
SwapTotal:       2097148 kB
SwapFree:            324 kB
Zswap:                 0 kB
Zswapped:              0 kB
Dirty:               208 kB
Writeback:             0 kB
AnonPages:       7070080 kB
Mapped:          1159644 kB
Shmem:             71636 kB
KReclaimable:     646908 kB
Slab:            1008192 kB
SReclaimable:     646908 kB
SUnreclaim:       361284 kB
KernelStack:       28128 kB
PageTables:        83416 kB
SecPageTables:         0 kB
NFS_Unstable:          0 kB
Bounce:                0 kB
WritebackTmp:          0 kB
CommitLimit:    18446228 kB
Committed_AS:   23661144 kB
VmallocTotal:   34359738367 kB
VmallocUsed:      236508 kB
VmallocChunk:          0 kB
Percpu:            20160 kB
HardwareCorrupted:     0 kB
AnonHugePages:         0 kB
ShmemHugePages:        0 kB
ShmemPmdMapped:        0 kB
FileHugePages:         0 kB
FilePmdMapped:         0 kB
Unaccepted:            0 kB
HugePages_Total:       0
HugePages_Free:        0
HugePages_Rsvd:        0
HugePages_Surp:        0
Hugepagesize:       2048 kB
Hugetlb:               0 kB
DirectMap4k:    31524404 kB
DirectMap2M:     1867776 kB
DirectMap1G:     1048576 kB
",cpu  66737243 213926 12913928 4257524487 480670 0 473749 0 0 0,"3017586 (ros2_control_no) S 3017571 3017571 2912103 34817 3017571 4194304 13750 0 10 0 1209367 9454 0 0 20 0 39 0 216637404 2744172544 29203 18446744073709551615 106820472733696 106820472749549 140723865944256 0 0 0 4096 0 1098925310 0 0 0 17 16 0 0 0 0 0 106820472760512 106820472762592 106821535870976 140723865947817 140723865948053 140723865948053 140723865956287 0
"
2172362.445972016,1791283799.935497,"(2.61865234375, 3.49658203125, 4.25537109375)","Inter-|   Receive                                                |  Transmit
 face |bytes    packets errs drop fifo frame compressed multicast|bytes    packets errs drop fifo colls carrier compressed
    lo: 16338870640 21845310    0    0    0     0          0         0 16338870640 21845310    0    0    0     0       0          0
enp3s0: 101801386809 80183678    0    0    0     0          0         0 594833017 8097257    0    0    0     0       0          0
enp6s0: 62491088  544835    0  260    0     0          0     18851        0       0    0    0    0     0       0          0
wlp4s0: 9003941717 14866849    0    0    0     0          0         0 17084091352 19585371    0    0    0     0       0          0
","MemTotal:       32698160 kB
MemFree:         3186204 kB
MemAvailable:   24105896 kB
Buffers:          429740 kB
Cached:         20102692 kB
SwapCached:        26004 kB
Active:         16685216 kB
Inactive:       10941500 kB
Active(anon):    1617720 kB
Inactive(anon):  5266392 kB
Active(file):   15067496 kB
Inactive(file):  5675108 kB
Unevictable:          24 kB
Mlocked:              16 kB
SwapTotal:       2097148 kB
SwapFree:            324 kB
Zswap:                 0 kB
Zswapped:              0 kB
Dirty:               212 kB
Writeback:             0 kB
AnonPages:       7070200 kB
Mapped:          1159644 kB
Shmem:             71636 kB
KReclaimable:     646908 kB
Slab:            1008192 kB
SReclaimable:     646908 kB
SUnreclaim:       361284 kB
KernelStack:       28128 kB
PageTables:        83416 kB
SecPageTables:         0 kB
NFS_Unstable:          0 kB
Bounce:                0 kB
WritebackTmp:          0 kB
CommitLimit:    18446228 kB
Committed_AS:   23661144 kB
VmallocTotal:   34359738367 kB
VmallocUsed:      236508 kB
VmallocChunk:          0 kB
Percpu:            20160 kB
HardwareCorrupted:     0 kB
AnonHugePages:         0 kB
ShmemHugePages:        0 kB
ShmemPmdMapped:        0 kB
FileHugePages:         0 kB
FilePmdMapped:         0 kB
Unaccepted:            0 kB
HugePages_Total:       0
HugePages_Free:        0
HugePages_Rsvd:        0
HugePages_Surp:        0
Hugepagesize:       2048 kB
Hugetlb:               0 kB
DirectMap4k:    31524404 kB
DirectMap2M:     1867776 kB
DirectMap1G:     1048576 kB
",cpu  66737304 213926 12913931 4257524829 480670 0 473749 0 0 0,"3017586 (ros2_control_no) S 3017571 3017571 2912103 34817 3017571 4194304 13750 0 10 0 1209408 9455 0 0 20 0 39 0 216637404 2744172544 29203 18446744073709551615 106820472733696 106820472749549 140723865944256 0 0 0 4096 0 1098925310 0 0 0 17 16 0 0 0 0 0 106820472760512 106820472762592 106821535870976 140723865947817 140723865948053 140723865948053 140723865956287 0
"
2172362.647432644,1791283800.1369576,"(2.61865234375, 3.49658203125, 4.25537109375)","Inter-|   Receive                                                |  Transmit
 face |bytes    packets errs drop fifo frame compressed multicast|bytes    packets errs drop fifo colls carrier compressed
    lo: 16338882722 21845375    0    0    0     0          0         0 16338882722 21845375    0    0    0     0       0          0
enp3s0: 101801656674 80183886    0    0    0     0          0         0 594834139 8097274    0    0    0     0       0          0
enp6s0: 62491088  544835    0  260    0     0          0     18851        0       0    0    0    0     0       0          0
wlp4s0: 9003943892 14866869    0    0    0     0          0         0 17084102621 19585407    0    0    0     0       0          0
","MemTotal:       32698160 kB
MemFree:         3185952 kB
MemAvailable:   24105644 kB
Buffers:          429740 kB
Cached:         20102696 kB
SwapCached:        26004 kB
Active:         16685336 kB
Inactive:       10941500 kB
Active(anon):    1617840 kB
Inactive(anon):  5266392 kB
Active(file):   15067496 kB
Inactive(file):  5675108 kB
Unevictable:          24 kB
Mlocked:              16 kB
SwapTotal:       2097148 kB
SwapFree:            324 kB
Zswap:                 0 kB
Zswapped:              0 kB
Dirty:               216 kB
Writeback:             0 kB
AnonPages:       7070324 kB
Mapped:          1159644 kB
Shmem:             71636 kB
KReclaimable:     646908 kB
Slab:            1008192 kB
SReclaimable:     646908 kB
SUnreclaim:       361284 kB
KernelStack:       28128 kB
PageTables:        83416 kB
SecPageTables:         0 kB
NFS_Unstable:          0 kB
Bounce:                0 kB
WritebackTmp:          0 kB
CommitLimit:    18446228 kB
Committed_AS:   23662168 kB
VmallocTotal:   34359738367 kB
VmallocUsed:      236508 kB
VmallocChunk:          0 kB
Percpu:            20160 kB
HardwareCorrupted:     0 kB
AnonHugePages:         0 kB
ShmemHugePages:        0 kB
ShmemPmdMapped:        0 kB
FileHugePages:         0 kB
FilePmdMapped:         0 kB
Unaccepted:            0 kB
HugePages_Total:       0
HugePages_Free:        0
HugePages_Rsvd:        0
HugePages_Surp:        0
Hugepagesize:       2048 kB
Hugetlb:               0 kB
DirectMap4k:    31524404 kB
DirectMap2M:     1867776 kB
DirectMap1G:     1048576 kB
",cpu  66737382 213926 12913937 4257525149 480670 0 473750 0 0 0,"3017586 (ros2_control_no) S 3017571 3017571 2912103 34817 3017571 4194304 13750 0 10 0 1209449 9455 0 0 20 0 39 0 216637404 2744172544 29203 18446744073709551615 106820472733696 106820472749549 140723865944256 0 0 0 4096 0 1098925310 0 0 0 17 16 0 0 0 0 0 106820472760512 106820472762592 106821535870976 140723865947817 140723865948053 140723865948053 140723865956287 0
"
2172362.848771715,1791283800.338297,"(2.61865234375, 3.49658203125, 4.25537109375)","Inter-|   Receive                                                |  Transmit
 face |bytes    packets errs drop fifo frame compressed multicast|bytes    packets errs drop fifo colls carrier compressed
    lo: 16338897091 21845434    0    0    0     0          0         0 16338897091 21845434    0    0    0     0       0          0
enp3s0: 101801929482 80184097    0    0    0     0          0         0 594836176 8097296    0    0    0     0       0          0
enp6s0: 62491088  544835    0  260    0     0          0     18851        0       0    0    0    0     0       0          0
wlp4s0: 9003945326 14866879    0    0    0     0          0         0 17084115235 19585436    0    0    0     0       0          0
","MemTotal:       32698160 kB
MemFree:         3181920 kB
MemAvailable:   24101612 kB
Buffers:          429740 kB
Cached:         20102700 kB
SwapCached:        26004 kB
Active:         16688244 kB
Inactive:       10941500 kB
Active(anon):    1620748 kB
Inactive(anon):  5266392 kB
Active(file):   15067496 kB
Inactive(file):  5675108 kB
Unevictable:          24 kB
Mlocked:              16 kB
SwapTotal:       2097148 kB
SwapFree:            324 kB
Zswap:                 0 kB
Zswapped:              0 kB
Dirty:               220 kB
Writeback:             0 kB
AnonPages:       7073248 kB
Mapped:          1159644 kB
Shmem:             71636 kB
KReclaimable:     646908 kB
Slab:            1008192 kB
SReclaimable:     646908 kB
SUnreclaim:       361284 kB
KernelStack:       28144 kB
PageTables:        83416 kB
SecPageTables:         0 kB
NFS_Unstable:          0 kB
Bounce:                0 kB
WritebackTmp:          0 kB
CommitLimit:    18446228 kB
Committed_AS:   23666280 kB
VmallocTotal:   34359738367 kB
VmallocUsed:      236508 kB
VmallocChunk:          0 kB
Percpu:            20160 kB
HardwareCorrupted:     0 kB
AnonHugePages:         0 kB
ShmemHugePages:        0 kB
ShmemPmdMapped:        0 kB
FileHugePages:         0 kB
FilePmdMapped:         0 kB
Unaccepted:            0 kB
HugePages_Total:       0
HugePages_Free:        0
HugePages_Rsvd:        0
HugePages_Surp:        0
Hugepagesize:       2048 kB
Hugetlb:               0 kB
DirectMap4k:    31524404 kB
DirectMap2M:     1867776 kB
DirectMap1G:     1048576 kB
",cpu  66737451 213926 12913943 4257525479 480670 0 473750 0 0 0,"3017586 (ros2_control_no) S 3017571 3017571 2912103 34817 3017571 4194304 13750 0 10 0 1209490 9455 0 0 20 0 39 0 216637404 2744172544 29203 18446744073709551615 106820472733696 106820472749549 140723865944256 0 0 0 4096 0 1098925310 0 0 0 17 16 0 0 0 0 0 106820472760512 106820472762592 106821535870976 140723865947817 140723865948053 140723865948053 140723865956287 0
"
2172363.050378736,1791283800.5399036,"(2.61865234375, 3.49658203125, 4.25537109375)","Inter-|   Receive                                                |  Transmit
 face |bytes    packets errs drop fifo frame compressed multicast|bytes    packets errs drop fifo colls carrier compressed
    lo: 16338916764 21845489    0    0    0     0          0         0 16338916764 21845489    0    0    0     0       0          0
enp3s0: 101802205233 80184311    0    0    0     0          0         0 594837364 8097314    0    0    0     0       0          0
enp6s0: 62491496  544837    0  260    0     0          0     18851        0       0    0    0    0     0       0          0
wlp4s0: 9003951980 14866919    0    0    0     0          0         0 17084137732 19585491    0    0    0     0       0          0
","MemTotal:       32698160 kB
MemFree:         3171084 kB
MemAvailable:   24090776 kB
Buffers:          429740 kB
Cached:         20102704 kB
SwapCached:        26004 kB
Active:         16699588 kB
Inactive:       10941500 kB
Active(anon):    1632092 kB
Inactive(anon):  5266392 kB
Active(file):   15067496 kB
Inactive(file):  5675108 kB
Unevictable:          24 kB
Mlocked:              16 kB
SwapTotal:       2097148 kB
SwapFree:            324 kB
Zswap:                 0 kB
Zswapped:              0 kB
Dirty:               224 kB
Writeback:             0 kB
AnonPages:       7084616 kB
Mapped:          1159644 kB
Shmem:             71636 kB
KReclaimable:     646908 kB
Slab:            1008200 kB
SReclaimable:     646908 kB
SUnreclaim:       361292 kB
KernelStack:       28144 kB
PageTables:        83416 kB
SecPageTables:         0 kB
NFS_Unstable:          0 kB
Bounce:                0 kB
WritebackTmp:          0 kB
CommitLimit:    18446228 kB
Committed_AS:   23678052 kB
VmallocTotal:   34359738367 kB
VmallocUsed:      236508 kB
VmallocChunk:          0 kB
Percpu:            20160 kB
HardwareCorrupted:     0 kB
AnonHugePages:         0 kB
ShmemHugePages:        0 kB
ShmemPmdMapped:        0 kB
FileHugePages:         0 kB
FilePmdMapped:         0 kB
Unaccepted:            0 kB
HugePages_Total:       0
HugePages_Free:        0
HugePages_Rsvd:        0
HugePages_Surp:        0
Hugepagesize:       2048 kB
Hugetlb:               0 kB
DirectMap4k:    31524404 kB
DirectMap2M:     1867776 kB
DirectMap1G:     1048576 kB
",cpu  66737536 213926 12913949 4257525792 480670 0 473751 0 0 0,"3017586 (ros2_control_no) S 3017571 3017571 2912103 34817 3017571 4194304 13750 0 10 0 1209530 9456 0 0 20 0 39 0 216637404 2744172544 29203 18446744073709551615 106820472733696 106820472749549 140723865944256 0 0 0 4096 0 1098925310 0 0 0 17 10 0 0 0 0 0 106820472760512 106820472762592 106821535870976 140723865947817 140723865948053 140723865948053 140723865956287 0
"
2172363.252792662,1791283800.742318,"(2.61865234375, 3.49658203125, 4.25537109375)","Inter-|   Receive                                                |  Transmit
 face |bytes    packets errs drop fifo frame compressed multicast|bytes    packets errs drop fifo colls carrier compressed
    lo: 16338948916 21845630    0    0    0     0          0         0 16338948916 21845630    0    0    0     0       0          0
enp3s0: 101802479262 80184522    0    0    0     0          0         0 594839242 8097333    0    0    0     0       0          0
enp6s0: 62491496  544837    0  260    0     0          0     18851        0       0    0    0    0     0       0          0
wlp4s0: 9003955323 14866945    0    0    0     0          0         0 17084158469 19585540    0    0    0     0       0          0
","MemTotal:       32698160 kB
MemFree:         3163616 kB
MemAvailable:   24083336 kB
Buffers:          429740 kB
Cached:         20102724 kB
SwapCached:        26004 kB
Active:         16712040 kB
Inactive:       10941528 kB
Active(anon):    1644544 kB
Inactive(anon):  5266392 kB
Active(file):   15067496 kB
Inactive(file):  5675136 kB
Unevictable:          24 kB
Mlocked:              16 kB
SwapTotal:       2097148 kB
SwapFree:            324 kB
Zswap:                 0 kB
Zswapped:              0 kB
Dirty:               244 kB
Writeback:             0 kB
AnonPages:       7097144 kB
Mapped:          1159688 kB
Shmem:             71636 kB
KReclaimable:     646908 kB
Slab:            1008184 kB
SReclaimable:     646908 kB
SUnreclaim:       361276 kB
KernelStack:       28448 kB
PageTables:        83700 kB
SecPageTables:         0 kB
NFS_Unstable:          0 kB
Bounce:                0 kB
WritebackTmp:          0 kB
CommitLimit:    18446228 kB
Committed_AS:   24469396 kB
VmallocTotal:   34359738367 kB
VmallocUsed:      236780 kB
VmallocChunk:          0 kB
Percpu:            20160 kB
HardwareCorrupted:     0 kB
AnonHugePages:         0 kB
ShmemHugePages:        0 kB
ShmemPmdMapped:        0 kB
FileHugePages:         0 kB
FilePmdMapped:         0 kB
Unaccepted:            0 kB
HugePages_Total:       0
HugePages_Free:        0
HugePages_Rsvd:        0
HugePages_Surp:        0
Hugepagesize:       2048 kB
Hugetlb:               0 kB
DirectMap4k:    31524404 kB
DirectMap2M:     1867776 kB
DirectMap1G:     1048576 kB
",cpu  66737642 213926 12914085 4257525954 480670 0 473752 0 0 0,"3017586 (ros2_control_no) S 3017571 3017571 2912103 34817 3017571 4194304 13750 0 10 0 1209571 9456 0 0 20 0 39 0 216637404 2744172544 29203 18446744073709551615 106820472733696 106820472749549 140723865944256 0 0 0 4096 0 1098925310 0 0 0 17 10 0 0 0 0 0 106820472760512 106820472762592 106821535870976 140723865947817 140723865948053 140723865948053 140723865956287 0
"
