condition,pair_id,episode_id,total_energy,sensitive_energy,null_energy,sensitive_ratio
C0_original,episode_000001_000000,episode_000001,239.65016992588016,43.4523214163458,235.6779576223322,0.1813156294851987
C0_original,episode_000001_000001,episode_000001,237.92230012831894,44.392557938723,233.74413724841742,0.18658426685846896
C0_original,episode_000001_000002,episode_000001,240.89690769403163,45.35758352799636,236.5882705314184,0.1882862837974077
C0_original,episode_000001_000003,episode_000001,237.02647453021368,43.96107982198479,232.91408950320528,0.18546907010752964
C0_original,episode_000001_000004,episode_000001,237.67950650630036,47.00243767669666,232.98566193121567,0.19775553377569272
C0_original,episode_000001_000005,episode_000001,226.78998868675822,50.533373181466956,221.0883921951637,0.2228201230313721
C0_original,episode_000001_000006,episode_000001,252.74786498128694,62.502415759812166,244.89779761522243,0.24729156768323146
C0_original,episode_000001_000007,episode_000001,279.3962471061215,81.21623864003804,267.33160209400853,0.29068478721974433
C0_original,episode_000001_000008,episode_000001,289.0305565014279,75.1921881031559,279.07847899790613,0.2601530752087952
C0_original,episode_000001_000009,episode_000001,267.99328257107715,66.90048735624688,259.50862084855265,0.24963494127321473
C0_original,episode_000001_000010,episode_000001,244.80412315616675,53.76702574127851,238.82664352453716,0.2196328437939714
C0_original,episode_000001_000011,episode_000001,252.71240616328157,62.62960595959749,244.82870069945014,0.24782956606859852
C0_original,episode_000001_000012,episode_000001,258.78990418166904,67.88436906423388,249.72770559773366,0.26231459561335685
C0_original,episode_000001_000013,episode_000001,253.80532758943792,66.60179598181695,244.91089213176767,0.2624129154985814
C0_original,episode_000001_000014,episode_000001,267.18372019438084,70.41834864573165,257.7370685619695,0.26355778186822565
C0_original,episode_000001_000015,episode_000001,260.5781736273209,46.3286159219274,256.4266833184658,0.1777916211362607
C0_original,episode_000001_000016,episode_000001,261.8282599650621,55.36124747148819,255.90851880063076,0.21144107010784663
C0_original,episode_000001_000017,episode_000001,261.7050584156257,50.59854896097153,256.76706261389955,0.19334188367354244
C0_original,episode_000001_000018,episode_000001,265.9244827965718,47.908060626364666,261.57340896514074,0.18015663741278612
C0_original,episode_000001_000019,episode_000001,267.93160985326267,49.562403919902096,263.30764454576973,0.1849815478921871
C0_original,episode_000001_000020,episode_000001,263.04234076923734,46.98997900036461,258.8111568516799,0.17864036209131876
C0_original,episode_000001_000021,episode_000001,254.04715238164778,44.179497061256356,250.1761932571495,0.1739027446168212
C0_original,episode_000001_000022,episode_000001,252.22063564885775,51.69294482668406,246.86653985961576,0.20495129073677826
C0_original,episode_000001_000023,episode_000001,260.45401143324085,57.11179939920356,254.1151991539504,0.21927786439120506
C0_original,episode_000001_000024,episode_000001,292.4976202613105,97.62897424977504,275.72348693114003,0.3337769865018239
C0_original,episode_000001_000025,episode_000001,317.6633624787187,123.40843372313874,292.7120946378668,0.3884880924264796
C0_original,episode_000001_000026,episode_000001,315.47152298586536,115.71985762824774,293.4811686727437,0.3668155418054407
C0_original,episode_000001_000027,episode_000001,312.4552898266412,111.80673719659686,291.766279165536,0.3578327550755512
C0_original,episode_000001_000028,episode_000001,295.70349747938087,65.40048700106895,288.38053804229094,0.22116913583556538
C0_original,episode_000001_000029,episode_000001,296.8332991387985,65.47038404105164,289.52311875071507,0.2205628015151961
C0_original,episode_000001_000030,episode_000001,309.25379916522814,69.53627520140151,301.33472871416967,0.2248518058277747
C0_original,episode_000001_000031,episode_000001,290.1816286223118,67.91310737940046,282.1226460884899,0.2340365504936679
C0_original,episode_000001_000032,episode_000001,282.9413916247015,65.14610303036702,275.33945658855276,0.23024592710273356
C0_original,episode_000001_000033,episode_000001,282.0736873496763,64.9922734066998,274.484188055472,0.2304088481891304
C0_original,episode_000001_000034,episode_000001,281.60676353858054,65.72707391277486,273.8289996065768,0.23340019638331644
C0_original,episode_000001_000035,episode_000001,281.4657452532271,65.87572467649693,273.64823158445756,0.23404526407726925
C0_original,episode_000001_000036,episode_000001,281.69790812376397,66.56557324797959,273.72017810068814,0.23630126929708686
C0_original,episode_000001_000037,episode_000001,281.8898415463718,67.0343797891258,273.8033504055892,0.2378034604631129
C0_original,episode_000001_000038,episode_000001,283.92280040047194,66.47581135625542,276.0310183507893,0.23413340268020588
C0_original,episode_000001_000039,episode_000001,272.8963032332748,57.08612416070241,266.8587018380632,0.2091861395128704
C0_original,episode_000001_000040,episode_000001,261.8726758414069,45.96788513196118,257.8066172324391,0.17553524812875043
C0_original,episode_000001_000041,episode_000001,264.94220119813923,38.354599791927946,262.15128199289114,0.14476591354068255
C0_original,episode_000001_000042,episode_000001,262.3541383687168,40.98118131380565,259.1336271063962,0.1562055836764047
C0_original,episode_000001_000043,episode_000001,272.07894148604777,47.46251103775642,267.90718625329754,0.17444389771043822
C0_original,episode_000001_000044,episode_000001,277.66521631351446,52.528033683596604,272.65138552328267,0.1891775800404423
C0_original,episode_000001_000045,episode_000001,280.0322129887942,53.230395673076984,274.92647251199554,0.19008668718840235
C0_original,episode_000002_000000,episode_000002,335.4866264773581,101.92454450747803,319.62894701841617,0.30381105076436454
C0_original,episode_000002_000001,episode_000002,338.1605175101137,103.83265091361169,321.8249775995642,0.3070513721653098
C0_original,episode_000002_000002,episode_000002,338.10476814370156,104.57391092381785,321.52625304258373,0.3092943985911839
C0_original,episode_000002_000003,episode_000002,337.4926671516529,103.55991576942097,321.2112143543042,0.3068508618081653
C0_original,episode_000002_000004,episode_000002,339.37872840464456,100.01547654013427,324.3066847075517,0.294701665629688
C0_original,episode_000002_000005,episode_000002,287.64090376255365,82.23378583802038,275.6354367349838,0.2858904445172514
C0_original,episode_000002_000006,episode_000002,255.4138945142404,69.00256254496927,245.91645710110402,0.270159783891953
C0_original,episode_000002_000007,episode_000002,253.03550390137912,77.8612215749773,240.75837765169695,0.3077086826729414
C0_original,episode_000002_000008,episode_000002,240.84126382900075,68.65388508692757,230.8487782623536,0.28505864815454707
C0_original,episode_000002_000009,episode_000002,221.4001693646104,56.04671087453362,214.18870463874748,0.2531466486018523
C0_original,episode_000002_000010,episode_000002,225.1786259633096,56.45676490653527,217.98634656099975,0.2507199103157077
C0_original,episode_000002_000011,episode_000002,218.85345915799596,60.96726904693967,210.18998237399109,0.2785757615232658
C0_original,episode_000002_000012,episode_000002,247.58710707085845,84.7353374466969,232.63554796185198,0.3422445475823827
C0_original,episode_000002_000013,episode_000002,236.71103220851887,76.65630338973139,223.95518283764704,0.32383916657591527
C0_original,episode_000002_000014,episode_000002,270.6993990364666,83.20430855441913,257.59504590866106,0.30736791012679887
C0_original,episode_000002_000015,episode_000002,295.0094304564185,87.81327497202285,281.63698762220196,0.2976626029756545
C0_original,episode_000002_000016,episode_000002,294.88712651341945,66.23623324805031,287.3520119791252,0.22461554707792947
C0_original,episode_000002_000017,episode_000002,280.5148636198154,45.37643586652682,276.82046127353846,0.16176125315065643
C0_original,episode_000002_000018,episode_000002,259.27090553431685,27.940854924900055,257.7609572504151,0.10776702795602273
C0_original,episode_000002_000019,episode_000002,251.25245586298377,27.9902590116089,249.6884898781753,0.11140292704988686
C0_original,episode_000002_000020,episode_000002,250.0302533647864,28.473155665513616,248.4037177743254,0.11387884178948603
C0_original,episode_000002_000021,episode_000002,246.02740497268525,25.322584161674552,244.7207607232549,0.10292586780926274
C0_original,episode_000002_000022,episode_000002,254.82449918262336,20.874014161985443,253.96811003832752,0.08191525629969276
C0_original,episode_000002_000023,episode_000002,255.22821892170106,29.598003721466004,253.50621670808755,0.11596681529382957
C0_original,episode_000002_000024,episode_000002,283.26037569689277,46.73442043040383,279.3784787469842,0.16498749715848973
C0_original,episode_000002_000025,episode_000002,328.3167416103466,131.70347599909104,300.7425431018896,0.4011476093272136
C0_original,episode_000002_000026,episode_000002,330.20148185098907,121.92051781743567,306.8687112621901,0.36923068041364837
C0_original,episode_000002_000027,episode_000002,321.8094650004371,115.87480324933848,300.2238527095985,0.360072700935571
C0_original,episode_000002_000028,episode_000002,325.98386797628825,115.73629560220454,304.746767105184,0.3550368805692651
C0_original,episode_000002_000029,episode_000002,286.95942947488066,57.02821716714691,281.23566027672547,0.19873268242659
C0_original,episode_000002_000030,episode_000002,302.0862241624844,56.29145086038819,296.795147178621,0.18634232996374725
C0_original,episode_000002_000031,episode_000002,287.71845469205334,53.82910993408243,282.6381716861465,0.18708952816980762
C0_original,episode_000002_000032,episode_000002,282.96165134853374,49.74735541576291,278.5542976926167,0.175809531711021
C0_original,episode_000002_000033,episode_000002,274.89884877732675,47.63903124457503,270.7395422932859,0.17329658329403752
C0_original,episode_000002_000034,episode_000002,275.4125531202602,46.47408027333788,271.4631361326386,0.16874350768261734
C0_original,episode_000002_000035,episode_000002,278.3386525056113,48.33131332058839,274.1103603137732,0.17364211864039986
C0_original,episode_000002_000036,episode_000002,279.6563100151039,49.94442633119004,275.1603278267276,0.1785921666794953
C0_original,episode_000002_000037,episode_000002,275.7327805894989,48.7438536051506,271.39013067415766,0.17677932054701434
C0_original,episode_000002_000038,episode_000002,280.2978979087926,50.97195932495597,275.6243293591169,0.1818492386323281
C0_original,episode_000002_000039,episode_000002,280.89704423962775,49.07255522320367,276.5773558815418,0.17469943607288668
C0_original,episode_000002_000040,episode_000002,281.0534628832869,55.412437861722665,275.5367683792997,0.19715977626909295
C0_original,episode_000002_000041,episode_000002,262.5033372561716,47.54998737517649,258.16080409552484,0.18114050614439783
C0_original,episode_000002_000042,episode_000002,250.22341788735557,36.28231094806035,247.5789828953549,0.14499966171988649
C0_original,episode_000002_000043,episode_000002,255.97436643071495,45.250432588062495,251.94299875209697,0.1767772031982371
C0_original,episode_000002_000044,episode_000002,260.3360673750929,45.11083003317144,256.39789583779196,0.1732792174669199
C0_original,episode_000002_000045,episode_000002,261.14777351844174,41.46344106411899,257.8351075178895,0.15877386395251394
C0_original,episode_000002_000046,episode_000002,264.541730674806,42.014291629528664,261.18408559345744,0.1588191455554349
C0_original,episode_000003_000000,episode_000003,268.80047775116583,71.60024892789609,259.0889831558229,0.2663695002587679
C0_original,episode_000003_000001,episode_000003,278.9320501052853,76.16881878087817,268.33076532791233,0.2730730253197063
C0_original,episode_000003_000002,episode_000003,285.34173004090513,79.38915478317044,274.07529076067874,0.2782248315792773
C0_original,episode_000003_000003,episode_000003,292.66600628732033,81.77073706592917,281.01056527444746,0.2793995042446167
C0_original,episode_000003_000004,episode_000003,318.3710389619088,90.34746664070262,305.28258011437924,0.2837804183926169
C0_original,episode_000003_000005,episode_000003,321.191669715344,98.8323636900122,305.60800477405,0.30770525206211713
C0_original,episode_000003_000006,episode_000003,313.0748507048463,102.00571257641705,295.9910416645058,0.3258189290732385
C0_original,episode_000003_000007,episode_000003,262.30250333164344,84.30749362786375,248.3844797330029,0.3214132254058939
C0_original,episode_000003_000008,episode_000003,265.00673623434295,94.76283948415401,247.4844934586389,0.35758653093390097
C0_original,episode_000003_000009,episode_000003,263.8964935707394,86.68872923047394,249.25172726249434,0.3284951916469341
C0_original,episode_000003_000010,episode_000003,273.41430608583016,89.73816875640155,258.26816265394314,0.32821314305415666
C0_original,episode_000003_000011,episode_000003,291.39048657587284,95.35044038636714,275.3483415331383,0.327225646611972
C0_original,episode_000003_000012,episode_000003,291.03842423394286,89.41313221850548,276.9632758461897,0.3072210566486345
C0_original,episode_000003_000013,episode_000003,285.2560214093225,81.88124986546033,273.25163983176003,0.2870447728357203
C0_original,episode_000003_000014,episode_000003,286.62251628756064,79.67771017886709,275.3251338756878,0.2779883144244278
C0_original,episode_000003_000015,episode_000003,308.6895364578433,95.3272705535126,293.6016713293294,0.3088127691251729
C0_original,episode_000003_000016,episode_000003,303.3419669558256,91.65860346985966,289.1626693170891,0.3021626199292349
C0_original,episode_000003_000017,episode_000003,306.25321036348794,94.50603439133376,291.3067769921717,0.30858789783514684
C0_original,episode_000003_000018,episode_000003,301.65473430778843,92.81195858961243,287.02180940315753,0.3076761211873217
C0_original,episode_000003_000019,episode_000003,295.85542325649556,88.89479697209214,282.1845965703491,0.30046701863235303
C0_original,episode_000003_000020,episode_000003,294.55922171224074,85.40604849389025,281.9059097932859,0.2899452544633781
C0_original,episode_000003_000021,episode_000003,302.9566451853535,92.38580883709487,288.52658662154505,0.3049472929718106
C0_original,episode_000003_000022,episode_000003,295.7398923614136,98.1937701495678,278.9624839252661,0.33202747646086433
C0_original,episode_000003_000023,episode_000003,344.25158865326483,139.70218651000005,314.63066502587094,0.40581421005644247
C0_original,episode_000003_000024,episode_000003,331.9800274206728,123.59376555141178,308.1157570184513,0.3722927746939376
C0_original,episode_000003_000025,episode_000003,335.744946588325,123.82898076928804,312.07539582805384,0.3688185988428932
C0_original,episode_000003_000026,episode_000003,317.78042570513793,78.00512804235166,308.05778509954104,0.2454686372493284
C0_original,episode_000003_000027,episode_000003,309.7370510433413,77.08642098413947,299.99120735261795,0.24887697717943602
C0_original,episode_000003_000028,episode_000003,289.9763201869288,67.22854422658807,282.0755024994654,0.23184149720656577
C0_original,episode_000003_000029,episode_000003,287.3712513680839,65.92364181058689,279.7075429145376,0.22940235495633338
C0_original,episode_000003_000030,episode_000003,285.2321122126447,65.40152316242585,277.6328485704122,0.22929228639469615
C0_original,episode_000003_000031,episode_000003,288.5437975766131,66.28398909683105,280.82727059412275,0.22971898773610466
C0_original,episode_000003_000032,episode_000003,287.847999150707,65.14636560163405,280.3790678063604,0.22632210678499703
C0_original,episode_000003_000033,episode_000003,287.699433694419,64.6732276511796,280.33611571338446,0.22479442111058345
C0_original,episode_000003_000034,episode_000003,287.60219938207547,65.12324505615682,280.1320903480407,0.22643514269388984
C0_original,episode_000003_000035,episode_000003,286.61287590912076,64.62777064905853,279.2314307126434,0.2254880226300465
C0_original,episode_000003_000036,episode_000003,287.7928471985292,67.1953030085292,279.8383714793737,0.23348496553208498
C0_original,episode_000003_000037,episode_000003,283.3860154309687,61.35577950642766,276.6642406654678,0.21650955292595797
C0_original,episode_000003_000038,episode_000003,272.67913112429864,56.31703590854811,266.8001124759466,0.2065322552420648
C0_original,episode_000003_000039,episode_000003,243.64112539816844,38.000551066983384,240.65941931262867,0.155969362745642
C0_original,episode_000003_000040,episode_000003,255.65889099773102,41.3368161146158,252.29493887055315,0.16168737943474323
C0_original,episode_000003_000041,episode_000003,262.4600155955496,35.03276409725296,260.1114477029459,0.13347848058973824
C0_original,episode_000003_000042,episode_000003,257.0078018378541,33.99579059396655,254.74947777653415,0.13227532530477207
C0_original,episode_000003_000043,episode_000003,255.18018261980419,33.95327958000367,252.91125006143702,0.13305609875901311
C0_original,episode_000004_000000,episode_000004,218.32766732126845,58.88718626372111,210.23622335812706,0.26971930303761643
C0_original,episode_000004_000001,episode_000004,221.6458278438825,61.45547520694497,212.95562347045117,0.277268811259698
C0_original,episode_000004_000002,episode_000004,220.7739958121521,60.691172100978235,212.2680825180121,0.27490181476181624
C0_original,episode_000004_000003,episode_000004,220.26423717574818,60.249857800820195,211.86384498917033,0.2735344537694833
C0_original,episode_000004_000004,episode_000004,221.21373916442008,60.340699165869,212.82508879189544,0.27277102857078855
C0_original,episode_000004_000005,episode_000004,214.11666714483667,59.078321245812134,205.80500263110565,0.27591649932533885
C0_original,episode_000004_000006,episode_000004,208.68843871309772,57.017518116481185,200.74826793859788,0.27321838463159026
C0_original,episode_000004_000007,episode_000004,237.92475270758752,63.866704783328814,229.1925652613666,0.2684323680345348
C0_original,episode_000004_000008,episode_000004,237.3362086790997,54.75491167613339,230.9337039011586,0.2307061024563978
C0_original,episode_000004_000009,episode_000004,244.4974372596839,51.171531201233435,239.0825615160467,0.20929270987361512
C0_original,episode_000004_000010,episode_000004,250.02788928378186,63.75429496135767,241.7629733720267,0.2549887340327722
C0_original,episode_000004_000011,episode_000004,250.0164235108577,79.01536264389213,237.20199090946682,0.31604068858484674
C0_original,episode_000004_000012,episode_000004,253.61676810909782,81.92490123416854,240.02036501904504,0.3230263591992745
C0_original,episode_000004_000013,episode_000004,304.4279574034216,98.38638069385708,288.09113374552663,0.3231844457816254
C0_original,episode_000004_000014,episode_000004,306.93822678650565,85.09610224082803,294.9063045210511,0.2772417861787466
C0_original,episode_000004_000015,episode_000004,316.2830969237177,67.92762425365682,308.9026307154276,0.21476843029028467
C0_original,episode_000004_000016,episode_000004,287.8842796490466,52.12001069561723,283.1269378814726,0.18104500446900257
C0_original,episode_000004_000017,episode_000004,278.9977998486433,42.88789263643754,275.68170230464887,0.15372125751423232
C0_original,episode_000004_000018,episode_000004,278.36693772692576,44.477800061355396,274.7906063190084,0.15978118818473883
C0_original,episode_000004_000019,episode_000004,281.5014974613313,45.24598063842745,277.84149133820705,0.16073087016044274
C0_original,episode_000004_000020,episode_000004,278.4323775627845,37.19125982758721,275.9373100320105,0.13357376090070863
C0_original,episode_000004_000021,episode_000004,292.01548731088934,40.854737232874804,289.14345103261275,0.139906063233487
C0_original,episode_000004_000022,episode_000004,303.5911004438409,75.1775928269358,294.13582883669534,0.24762778855186615
C0_original,episode_000004_000023,episode_000004,313.5887601665843,105.06427563068843,295.46473307150256,0.3350383973420358
C0_original,episode_000004_000024,episode_000004,329.36897860905515,111.78471612798101,309.81946567341265,0.339390541878153
C0_original,episode_000004_000025,episode_000004,309.5639539995223,95.39062330101935,294.5003745363686,0.30814512500110575
C0_original,episode_000004_000026,episode_000004,309.3787924311533,95.91882469109797,294.1340107434654,0.31003684492188643
C0_original,episode_000004_000027,episode_000004,299.0982652108545,66.0009606148147,291.7252910703224,0.22066647751462612
C0_original,episode_000004_000028,episode_000004,308.8509045667942,62.03812892136716,302.55603086314915,0.20086756426497812
C0_original,episode_000004_000029,episode_000004,294.86084012038,53.4771580042438,289.97087544835506,0.18136405628638647
C0_original,episode_000004_000030,episode_000004,290.658383322697,48.46257903427398,286.58973154862093,0.16673380784778358
C0_original,episode_000004_000031,episode_000004,289.7601357939438,48.10292560952676,285.7394702226647,0.16600946668431313
C0_original,episode_000004_000032,episode_000004,290.66343650516626,47.95143078081734,286.68082183338544,0.16497235206934963
C0_original,episode_000004_000033,episode_000004,289.5661047390419,47.12052672471059,285.7064664562698,0.16272804707987418
C0_original,episode_000004_000034,episode_000004,291.0966318776617,48.59288996539308,287.01216025689587,0.16693044385967015
C0_original,episode_000004_000035,episode_000004,292.0677220995766,49.76770174767989,287.7963345061738,0.17039781523927608
C0_original,episode_000004_000036,episode_000004,289.4889267597272,48.54042071260942,285.39037522933666,0.1676762605600368
C0_original,episode_000004_000037,episode_000004,288.38214862227676,48.86243464876574,284.21246651791336,0.16943640541622362
C0_original,episode_000004_000038,episode_000004,292.3862854065838,50.82388780553453,287.93518771103805,0.17382445874593716
C0_original,episode_000004_000039,episode_000004,252.53660270151448,28.95547635827261,250.87111450481515,0.11465853285631042
C0_original,episode_000004_000040,episode_000004,244.97563242118636,22.417507724847535,243.9477727456568,0.09150913298309253
C0_original,episode_000004_000041,episode_000004,260.42677708140513,42.26631400096735,256.9740549584326,0.16229634477162688
C0_original,episode_000004_000042,episode_000004,243.24987322429106,41.57821120907405,239.67009236925517,0.1709279871678964
C0_original,episode_000004_000043,episode_000004,241.91980490972114,35.5955538880129,239.286749635167,0.1471378248725702
C0_original,episode_000004_000044,episode_000004,242.26268825156802,35.027568530667445,239.7170823318727,0.14458507326681055
C0_original,episode_000005_000000,episode_000005,256.5738951126469,60.511669243839066,249.33612160816116,0.23584499591149702
C0_original,episode_000005_000001,episode_000005,261.29716759354625,62.20183146469747,253.78562204121644,0.2380501558342716
C0_original,episode_000005_000002,episode_000005,262.0877563386204,62.83532148349247,254.4439317348288,0.23974916784097502
C0_original,episode_000005_000003,episode_000005,261.9376855422143,62.541101636564164,254.36187157924613,0.23876328259945986
C0_original,episode_000005_000004,episode_000005,265.5834121664462,61.56153826997247,258.35000643276004,0.2317973768308643
C0_original,episode_000005_000005,episode_000005,277.0916752773172,80.07026616205029,265.27070887063394,0.288966696967402
C0_original,episode_000005_000006,episode_000005,270.6701607151605,79.59602323855272,258.7021627010075,0.2940701813167929
C0_original,episode_000005_000007,episode_000005,283.0566733104898,92.63717348135164,267.4685671158152,0.3272742959843109
C0_original,episode_000005_000008,episode_000005,274.21456017898373,77.01636221801087,263.17694611203626,0.28086168060419986
C0_original,episode_000005_000009,episode_000005,269.44978218537705,82.9726681504205,256.356629443725,0.3079336991014402
C0_original,episode_000005_000010,episode_000005,288.4843477237874,93.13827764394985,273.03567554284473,0.32285383376544974
C0_original,episode_000005_000011,episode_000005,289.5344817012424,98.11760609554,272.402554077761,0.3388805558461363
C0_original,episode_000005_000012,episode_000005,310.79761785232927,108.02180469675706,291.4214284721324,0.34756316809378496
C0_original,episode_000005_000013,episode_000005,317.78041475440835,107.96375602233093,298.87826850916144,0.33974326613479006
C0_original,episode_000005_000014,episode_000005,313.1034771509963,107.68963676012763,294.0012407091443,0.34394264075257636
C0_original,episode_000005_000015,episode_000005,312.06034369422224,106.16154424476362,293.44741373902616,0.34019556278124163
C0_original,episode_000005_000016,episode_000005,316.1959658413251,108.57407496002767,296.97063669814685,0.34337590193833406
C0_original,episode_000005_000017,episode_000005,312.86777775107845,107.04317148793356,293.9864040949905,0.3421354933300241
C0_original,episode_000005_000018,episode_000005,312.3453891771075,113.35012565683688,291.05221379295165,0.362899948532823
C0_original,episode_000005_000019,episode_000005,341.5183578881782,122.4693213911236,318.80409986798384,0.3586024544871558
C0_original,episode_000005_000020,episode_000005,321.5484780637618,116.48752503281914,299.70665701123465,0.36227049101355135
C0_original,episode_000005_000021,episode_000005,307.3605861477684,80.48969218934934,296.63435298084335,0.2618738244813623
C0_original,episode_000005_000022,episode_000005,313.4483810653773,118.85924870209693,290.03856052338807,0.3791987959807198
C0_original,episode_000005_000023,episode_000005,335.36319334611323,136.0144169551086,306.54290047506305,0.4055734787053219
C0_original,episode_000005_000024,episode_000005,335.5821343159063,131.6793195269263,308.6679861614168,0.3923907325858045
C0_original,episode_000005_000025,episode_000005,275.49866824069915,55.47263256699275,269.8560787502965,0.20135354163863733
C0_original,episode_000005_000026,episode_000005,267.28350299255186,50.621589680564924,262.4460432740071,0.18939286979479444
C0_original,episode_000005_000027,episode_000005,265.68834588168886,49.58295658240704,261.020741616246,0.1866207432541522
C0_original,episode_000005_000028,episode_000005,250.44653149985805,50.661272578716094,245.26903718369024,0.20228378598545219
C0_original,episode_000005_000029,episode_000005,248.82648553884377,49.18800915199421,243.91629642415398,0.19767995776444616
C0_original,episode_000005_000030,episode_000005,247.8409308253455,48.92283585151029,242.96436595645025,0.19739611083847328
C0_original,episode_000005_000031,episode_000005,249.6624300429015,49.69387861508723,244.66680895273814,0.1990442799365044
C0_original,episode_000005_000032,episode_000005,247.84809854351002,51.2297567550429,242.49575661122935,0.20669820368240371
C0_original,episode_000005_000033,episode_000005,249.68740017785285,49.59661876471821,244.71202098524387,0.19863484793141517
C0_original,episode_000005_000034,episode_000005,249.57310295257065,51.7719671057169,244.14421381507077,0.20744209409279069
C0_original,episode_000005_000035,episode_000005,250.7073433370233,50.91598486736601,245.48265618591924,0.20308932394900045
C0_original,episode_000005_000036,episode_000005,238.51105027066137,44.51110037285624,234.32089758451224,0.18662070508827672
C0_original,episode_000005_000037,episode_000005,231.7437426868566,29.443872037714005,229.86565788290062,0.1270535795113139
C0_original,episode_000005_000038,episode_000005,251.58426710001783,50.99586537962272,246.36165522750593,0.20269894444293377
C0_original,episode_000005_000039,episode_000005,247.9212720177708,45.50383463847207,243.70957747307367,0.18354146970982946
C0_original,episode_000005_000040,episode_000005,262.2630007709332,46.884973679831475,258.0381382982291,0.17877082753576032
C0_original,episode_000005_000041,episode_000005,274.34239353302183,49.28774280271868,269.87861586061325,0.17965777059820706
C0_original,episode_000005_000042,episode_000005,274.3035065079733,55.8404943667615,268.5595890513787,0.20357193051463365
C1_sim_shift_left_24px,episode_000001_000000,episode_000001,225.96427040646182,41.212023472128706,222.17430234313173,0.18238292008730855
C1_sim_shift_left_24px,episode_000001_000001,episode_000001,224.42056462321088,40.38619416393863,220.7567556084149,0.1799576354856103
C1_sim_shift_left_24px,episode_000001_000002,episode_000001,228.39330615506557,41.449018798159166,224.60071490783676,0.18148088267533433
C1_sim_shift_left_24px,episode_000001_000003,episode_000001,225.37420004503667,39.7733791637617,221.83689583979455,0.17647707304480176
C1_sim_shift_left_24px,episode_000001_000004,episode_000001,228.83081570529743,40.804947393644014,225.16327072716308,0.17831928478634262
C1_sim_shift_left_24px,episode_000001_000005,episode_000001,236.6697800607362,46.96377796889996,231.96333407003166,0.19843588799908346
C1_sim_shift_left_24px,episode_000001_000006,episode_000001,278.71090947746194,63.46375441624855,271.3892461707871,0.2277045937499643
C1_sim_shift_left_24px,episode_000001_000007,episode_000001,328.19786190566253,91.99483401205565,315.04092920530604,0.28030296564972357
C1_sim_shift_left_24px,episode_000001_000008,episode_000001,340.8787196134562,90.59816000252586,328.61873788551077,0.26577828063089654
C1_sim_shift_left_24px,episode_000001_000009,episode_000001,280.15653078226836,68.028708629062,271.771552120928,0.2428239257500388
C1_sim_shift_left_24px,episode_000001_000010,episode_000001,241.4283066066163,54.03778351671147,235.30309216739875,0.22382538433971094
C1_sim_shift_left_24px,episode_000001_000011,episode_000001,250.98564315924955,58.30383998662992,244.11975609293813,0.23229950228522164
C1_sim_shift_left_24px,episode_000001_000012,episode_000001,267.7602745232775,70.78606426800623,258.2341916134008,0.26436357818214185
C1_sim_shift_left_24px,episode_000001_000013,episode_000001,262.7719149470981,69.7017197190697,253.35893422804176,0.26525559146266536
C1_sim_shift_left_24px,episode_000001_000014,episode_000001,265.4467977507091,68.29042602341248,256.5120273001769,0.2572659629051037
C1_sim_shift_left_24px,episode_000001_000015,episode_000001,262.44488285329567,52.75439594760829,257.08809821553984,0.2010113337858354
C1_sim_shift_left_24px,episode_000001_000016,episode_000001,269.09341203940664,68.07016325708103,260.34153966888226,0.2529610916194139
C1_sim_shift_left_24px,episode_000001_000017,episode_000001,276.18184241755245,73.62789186194793,266.1866706300657,0.2665920801217328
C1_sim_shift_left_24px,episode_000001_000018,episode_000001,279.8896141221049,70.88907816780524,270.76361404357783,0.2532751291617384
C1_sim_shift_left_24px,episode_000001_000019,episode_000001,285.58925572775627,73.63862892216557,275.9321933330676,0.25784803680556906
C1_sim_shift_left_24px,episode_000001_000020,episode_000001,283.595526085396,71.6594987815873,274.39267236940606,0.2526820495751025
C1_sim_shift_left_24px,episode_000001_000021,episode_000001,284.78390677470026,64.87247527580352,277.2966561454563,0.22779543974416286
C1_sim_shift_left_24px,episode_000001_000022,episode_000001,281.3806625413667,74.53223327902603,271.33010053191543,0.2648804384987501
C1_sim_shift_left_24px,episode_000001_000023,episode_000001,271.2715197582862,70.30882269275267,262.0017306880421,0.2591824705940404
C1_sim_shift_left_24px,episode_000001_000024,episode_000001,294.0208099064779,99.36495080125812,276.7215987419933,0.33795210220958205
C1_sim_shift_left_24px,episode_000001_000025,episode_000001,315.1159899683327,125.27254187625462,289.14508016838954,0.39754422455313604
C1_sim_shift_left_24px,episode_000001_000026,episode_000001,321.01657135922443,120.37325997368397,297.5935438992922,0.37497522157192226
C1_sim_shift_left_24px,episode_000001_000027,episode_000001,323.21799103688636,118.38523711670773,300.7570537206761,0.3662705678509008
C1_sim_shift_left_24px,episode_000001_000028,episode_000001,306.9535997498018,72.38844586362087,298.2958687357422,0.23582862661530854
C1_sim_shift_left_24px,episode_000001_000029,episode_000001,307.35422319413414,71.86347620805644,298.8348361596481,0.23381320569220002
C1_sim_shift_left_24px,episode_000001_000030,episode_000001,316.7546306821218,74.5810759130283,307.84924748035763,0.23545378248273796
C1_sim_shift_left_24px,episode_000001_000031,episode_000001,298.3961934745658,69.6452679941994,290.1548292310963,0.23339864756061546
C1_sim_shift_left_24px,episode_000001_000032,episode_000001,290.26983329492066,66.62692267558187,282.5197856714518,0.22953443669734505
C1_sim_shift_left_24px,episode_000001_000033,episode_000001,289.3249381566181,66.95942032570217,281.4699910629494,0.23143328311870418
C1_sim_shift_left_24px,episode_000001_000034,episode_000001,288.00029856617857,67.25252400933829,280.0379795466704,0.2335154662830482
C1_sim_shift_left_24px,episode_000001_000035,episode_000001,288.1953190747497,66.9835906047615,280.3029441983985,0.2324242837108255
C1_sim_shift_left_24px,episode_000001_000036,episode_000001,289.50464347955636,67.66337742345223,281.4864223224213,0.233721216386052
C1_sim_shift_left_24px,episode_000001_000037,episode_000001,288.952712876447,67.35690418803561,280.99238021138973,0.23310701435371775
C1_sim_shift_left_24px,episode_000001_000038,episode_000001,289.49125827727863,67.59371542033293,281.4893927924054,0.23349138700274932
C1_sim_shift_left_24px,episode_000001_000039,episode_000001,278.1802583432303,61.24814964196248,271.3538654549482,0.2201743215235352
C1_sim_shift_left_24px,episode_000001_000040,episode_000001,258.6351166108358,47.17868925289622,254.29568384988227,0.18241408928194874
C1_sim_shift_left_24px,episode_000001_000041,episode_000001,256.6059003947349,33.76298822642004,254.37501595757243,0.13157526064086095
C1_sim_shift_left_24px,episode_000001_000042,episode_000001,263.9031258215874,48.55297184789615,259.3982820743846,0.18398028328289126
C1_sim_shift_left_24px,episode_000001_000043,episode_000001,269.79004301992535,46.76703823649198,265.7056857639288,0.1733460498134025
C1_sim_shift_left_24px,episode_000001_000044,episode_000001,279.1419466445511,56.88323868116261,273.28469319310824,0.20377889946291586
C1_sim_shift_left_24px,episode_000001_000045,episode_000001,281.49984392151623,57.83402909828216,275.4948043177894,0.20544959561116707
C1_sim_shift_left_24px,episode_000002_000000,episode_000002,271.95549309147617,76.46734187081397,260.9837846492383,0.28117594170121457
C1_sim_shift_left_24px,episode_000002_000001,episode_000002,271.4037482552363,75.06926081136272,260.81526153242504,0.27659625666173676
C1_sim_shift_left_24px,episode_000002_000002,episode_000002,264.93895102575357,73.15788516768305,254.6381189225579,0.27613110448441264
C1_sim_shift_left_24px,episode_000002_000003,episode_000002,264.0090000279228,72.28754737637168,253.91979558524494,0.2738071329717025
C1_sim_shift_left_24px,episode_000002_000004,episode_000002,273.113869608315,70.64976582103925,263.81773322098724,0.25868245330184547
C1_sim_shift_left_24px,episode_000002_000005,episode_000002,286.59443287623367,77.5863045400629,275.8926137167623,0.27071811465915213
C1_sim_shift_left_24px,episode_000002_000006,episode_000002,263.30950740262676,66.52611730086402,254.76689817455807,0.25265368484829864
C1_sim_shift_left_24px,episode_000002_000007,episode_000002,338.71551619089627,108.05756814512952,321.01676416509156,0.31902160656918205
C1_sim_shift_left_24px,episode_000002_000008,episode_000002,251.56603767611173,70.4819620164563,241.490712745583,0.2801728034020275
C1_sim_shift_left_24px,episode_000002_000009,episode_000002,218.0927632839095,53.78380989203303,211.356937880707,0.24660978696490798
C1_sim_shift_left_24px,episode_000002_000010,episode_000002,217.78427199707906,53.73805023582256,211.05025725203447,0.24674899497124064
C1_sim_shift_left_24px,episode_000002_000011,episode_000002,209.33155232373412,54.87165994160699,202.01188017915402,0.2621279942392402
C1_sim_shift_left_24px,episode_000002_000012,episode_000002,253.2311738394205,86.66190471741042,237.94062636473262,0.3422244718273298
C1_sim_shift_left_24px,episode_000002_000013,episode_000002,250.5763267345666,75.73288851710166,238.8577507987642,0.30223481006378095
C1_sim_shift_left_24px,episode_000002_000014,episode_000002,286.73890788842454,88.67505609479991,272.6828482388111,0.30925365778858666
C1_sim_shift_left_24px,episode_000002_000015,episode_000002,307.95201916323896,94.08209601157735,293.228588846286,0.3055089434620865
C1_sim_shift_left_24px,episode_000002_000016,episode_000002,299.6370925926747,68.72063554078572,291.6502383133976,0.22934622328018728
C1_sim_shift_left_24px,episode_000002_000017,episode_000002,290.0311005461982,48.180831218760865,286.0011307444574,0.16612298173549248
C1_sim_shift_left_24px,episode_000002_000018,episode_000002,269.64000371202405,33.181978244579504,267.590522854597,0.12306029442136453
C1_sim_shift_left_24px,episode_000002_000019,episode_000002,265.55009968499496,34.125069077968796,263.34831517048787,0.12850708442003664
C1_sim_shift_left_24px,episode_000002_000020,episode_000002,265.9406446220433,35.33189297850868,263.583162968622,0.13285631095887057
C1_sim_shift_left_24px,episode_000002_000021,episode_000002,267.26698830696023,33.60340835985217,265.1460993212494,0.12572973779035568
C1_sim_shift_left_24px,episode_000002_000022,episode_000002,266.9108304581298,29.798381763450912,265.24224373226855,0.11164171087514328
C1_sim_shift_left_24px,episode_000002_000023,episode_000002,259.3981797332922,37.08539386652623,256.7334984194894,0.14296705514532393
C1_sim_shift_left_24px,episode_000002_000024,episode_000002,283.7109551444718,48.5059771975576,279.5336764060791,0.17096970109193455
C1_sim_shift_left_24px,episode_000002_000025,episode_000002,324.3236628903965,117.29955986965642,302.36840371478706,0.36167438053786777
C1_sim_shift_left_24px,episode_000002_000026,episode_000002,331.32658791104643,118.43728301503594,309.43483619139045,0.3574638659751436
C1_sim_shift_left_24px,episode_000002_000027,episode_000002,333.8750609708917,124.10448655599397,309.9526298565472,0.37170936396119086
C1_sim_shift_left_24px,episode_000002_000028,episode_000002,339.44769964214646,121.76243813912203,316.8574592001289,0.3587075071284524
C1_sim_shift_left_24px,episode_000002_000029,episode_000002,296.5165470083094,54.297350878198294,291.5027621435872,0.18311743956965984
C1_sim_shift_left_24px,episode_000002_000030,episode_000002,309.68068608413347,53.52201518083116,305.020525906901,0.17282968420668765
C1_sim_shift_left_24px,episode_000002_000031,episode_000002,293.4735923955387,47.74175582132326,289.5642833372927,0.16267820021427257
C1_sim_shift_left_24px,episode_000002_000032,episode_000002,287.4519829076703,43.643639579929406,284.11947346454235,0.1518293216782149
C1_sim_shift_left_24px,episode_000002_000033,episode_000002,283.8794986135801,42.39526500859717,280.69594090037793,0.149342468250256
C1_sim_shift_left_24px,episode_000002_000034,episode_000002,283.4508672006132,41.545807778617615,280.38962172805503,0.1465714611810076
C1_sim_shift_left_24px,episode_000002_000035,episode_000002,284.1668897994117,44.170195887583525,280.71304752989926,0.15543751743478093
C1_sim_shift_left_24px,episode_000002_000036,episode_000002,284.7538637736896,44.51665910919873,281.25260886932296,0.15633381938788615
C1_sim_shift_left_24px,episode_000002_000037,episode_000002,282.8338342350835,43.322127512021574,279.49628093402396,0.15317165864962765
C1_sim_shift_left_24px,episode_000002_000038,episode_000002,286.3497785780228,44.56643058489614,282.86044077708056,0.1556363368122981
C1_sim_shift_left_24px,episode_000002_000039,episode_000002,287.38407011806424,44.703424444440735,283.8859059561863,0.15555289625508992
C1_sim_shift_left_24px,episode_000002_000040,episode_000002,289.33638323317626,49.90864402191464,284.99942090177876,0.17249349516370105
C1_sim_shift_left_24px,episode_000002_000041,episode_000002,266.83507354143126,40.1539378243992,263.79654612798726,0.15048223343159772
C1_sim_shift_left_24px,episode_000002_000042,episode_000002,248.51490947511303,36.59721482934413,245.80541917980258,0.14726365877460193
C1_sim_shift_left_24px,episode_000002_000043,episode_000002,253.83388281211015,42.84040197068453,250.19260585089688,0.16877337846340765
C1_sim_shift_left_24px,episode_000002_000044,episode_000002,260.12486927253684,46.47370082356826,255.93972482953063,0.17865919915130085
C1_sim_shift_left_24px,episode_000002_000045,episode_000002,257.50551985727697,44.828362949870964,253.573481721179,0.17408699811451495
C1_sim_shift_left_24px,episode_000002_000046,episode_000002,260.061393899588,44.67015224678358,256.1962257630776,0.1717677182951312
C1_sim_shift_left_24px,episode_000003_000000,episode_000003,260.32552762363764,69.02694751880381,251.00729242147852,0.2651562762550074
C1_sim_shift_left_24px,episode_000003_000001,episode_000003,266.78402476988913,71.50785910743583,257.02206511949885,0.2680365106910504
C1_sim_shift_left_24px,episode_000003_000002,episode_000003,269.76249288003146,73.0878307430333,259.6728163711534,0.2709339981356743
C1_sim_shift_left_24px,episode_000003_000003,episode_000003,274.58278252738234,74.51094849086317,264.2798195388208,0.27136059954317304
C1_sim_shift_left_24px,episode_000003_000004,episode_000003,287.6089152626305,81.10639085516128,275.9359373133496,0.28200235302545773
C1_sim_shift_left_24px,episode_000003_000005,episode_000003,288.63482612296934,87.85255556255616,274.93997768997644,0.3043726799798152
C1_sim_shift_left_24px,episode_000003_000006,episode_000003,291.37096388228247,91.23075292748516,276.72005405097497,0.31310859432219723
C1_sim_shift_left_24px,episode_000003_000007,episode_000003,269.87824971019677,87.91071238806278,255.15872768545978,0.32574211698224625
C1_sim_shift_left_24px,episode_000003_000008,episode_000003,264.17196207126585,92.4818670405825,247.45490460540555,0.3500820689503514
C1_sim_shift_left_24px,episode_000003_000009,episode_000003,266.16181918935393,87.34403788323857,251.4222206576772,0.3281614100371771
C1_sim_shift_left_24px,episode_000003_000010,episode_000003,266.37775054791757,90.42859531939907,250.55892547568317,0.3394750317299201
C1_sim_shift_left_24px,episode_000003_000011,episode_000003,270.76912179810955,95.19448460906787,253.4835841219968,0.3515706812390766
C1_sim_shift_left_24px,episode_000003_000012,episode_000003,276.6907223629143,86.81385253525251,262.71869147378675,0.3137577284625588
C1_sim_shift_left_24px,episode_000003_000013,episode_000003,298.0697738017327,83.26041971884862,286.2049834689418,0.2793319787407596
C1_sim_shift_left_24px,episode_000003_000014,episode_000003,295.2858369791991,81.62356205911124,283.7804074232197,0.27642220464796985
C1_sim_shift_left_24px,episode_000003_000015,episode_000003,322.94939632773793,100.65262211093999,306.86375193339904,0.31166685324531446
C1_sim_shift_left_24px,episode_000003_000016,episode_000003,327.45447151783054,104.07424328514783,310.4754141661551,0.31782813287825507
C1_sim_shift_left_24px,episode_000003_000017,episode_000003,327.11326553562077,106.14097980258319,309.41425451314484,0.3244777604136175
C1_sim_shift_left_24px,episode_000003_000018,episode_000003,325.67155658984643,104.96368025556316,308.29302392182257,0.32229919417787944
C1_sim_shift_left_24px,episode_000003_000019,episode_000003,326.79309984385395,100.71367846974134,310.88661128239124,0.30818789784075507
C1_sim_shift_left_24px,episode_000003_000020,episode_000003,312.9489853319428,97.05057322284694,297.520173530148,0.31011627380707457
C1_sim_shift_left_24px,episode_000003_000021,episode_000003,321.60732491169676,102.60764366837886,304.7998407113768,0.3190463516232153
C1_sim_shift_left_24px,episode_000003_000022,episode_000003,289.8871937498238,90.51830139166115,275.3924875760344,0.31225353635241837
C1_sim_shift_left_24px,episode_000003_000023,episode_000003,344.927461794318,142.60014517842757,314.0702986513721,0.41342067818149186
C1_sim_shift_left_24px,episode_000003_000024,episode_000003,341.9448274178741,137.2916076351153,313.1729226334953,0.4015022209045962
C1_sim_shift_left_24px,episode_000003_000025,episode_000003,342.8940786480834,135.19614092263797,315.11641126977855,0.39427960218989816
C1_sim_shift_left_24px,episode_000003_000026,episode_000003,321.86317365763,83.3509560168222,310.8834519366437,0.25896394132210876
C1_sim_shift_left_24px,episode_000003_000027,episode_000003,314.0887051957563,83.35967722422616,302.82483211358266,0.2654017029115138
C1_sim_shift_left_24px,episode_000003_000028,episode_000003,296.2453274494087,75.59607008979806,286.4376515449492,0.2551806326893307
C1_sim_shift_left_24px,episode_000003_000029,episode_000003,293.65541122855996,73.96443324953428,284.1879011462132,0.2518749201320379
C1_sim_shift_left_24px,episode_000003_000030,episode_000003,291.6790576759373,73.1543857047625,282.3563502719243,0.25080438166403723
C1_sim_shift_left_24px,episode_000003_000031,episode_000003,293.9659806801374,73.91207268565323,284.5224126647067,0.25143070131668227
C1_sim_shift_left_24px,episode_000003_000032,episode_000003,294.1177753207719,74.9960757669855,284.3955948660116,0.25498654641050844
C1_sim_shift_left_24px,episode_000003_000033,episode_000003,294.350527212735,73.96031366997572,284.90718641735566,0.25126611584603215
C1_sim_shift_left_24px,episode_000003_000034,episode_000003,294.94317072523285,74.731534216636,285.31854435189035,0.253376045401829
C1_sim_shift_left_24px,episode_000003_000035,episode_000003,292.3316576669018,71.88489431586898,283.35553646165977,0.24590184617561484
C1_sim_shift_left_24px,episode_000003_000036,episode_000003,293.7846995947058,74.6523517357019,284.1416479439094,0.2541056489282439
C1_sim_shift_left_24px,episode_000003_000037,episode_000003,287.82848844616365,68.77183056844387,279.49181397935183,0.23893336945104784
C1_sim_shift_left_24px,episode_000003_000038,episode_000003,273.3404621391872,57.18529781498618,267.2916945142063,0.20920904782061486
C1_sim_shift_left_24px,episode_000003_000039,episode_000003,246.39335840635852,37.60907098199456,243.50614950476208,0.15263833094059573
C1_sim_shift_left_24px,episode_000003_000040,episode_000003,249.02331867682875,36.99559822749425,246.25990123568886,0.1485627869071389
C1_sim_shift_left_24px,episode_000003_000041,episode_000003,249.30964758353448,27.665211127684056,247.76992648722896,0.11096727060437749
C1_sim_shift_left_24px,episode_000003_000042,episode_000003,246.65626573968223,29.55431260203604,244.87926828391554,0.11981983313258812
C1_sim_shift_left_24px,episode_000003_000043,episode_000003,246.41246617506044,28.877525452039098,244.7145112375687,0.11719182028527504
C1_sim_shift_left_24px,episode_000004_000000,episode_000004,209.05713989029434,57.52097200832784,200.98812282900516,0.2751447381252454
C1_sim_shift_left_24px,episode_000004_000001,episode_000004,212.13928463890238,58.995359550888004,203.7710078459806,0.2780972871258064
C1_sim_shift_left_24px,episode_000004_000002,episode_000004,211.69868464071436,58.545229024857,203.442348681477,0.27654980060087464
C1_sim_shift_left_24px,episode_000004_000003,episode_000004,213.85561934194726,58.627582315902686,205.66242368483333,0.27414562449331453
C1_sim_shift_left_24px,episode_000004_000004,episode_000004,221.06271436185858,59.599499839194564,212.87701449416875,0.2696044876280487
C1_sim_shift_left_24px,episode_000004_000005,episode_000004,213.64820565266032,55.570676241752466,206.29458480686247,0.26010364127324703
C1_sim_shift_left_24px,episode_000004_000006,episode_000004,210.94435425538572,55.58963216540357,203.4878703705378,0.263527470842393
C1_sim_shift_left_24px,episode_000004_000007,episode_000004,266.37556000805677,70.01581274064722,257.0091923178478,0.26284623386067973
C1_sim_shift_left_24px,episode_000004_000008,episode_000004,280.482380958605,69.66374275124409,271.6934466896405,0.2483711900660363
C1_sim_shift_left_24px,episode_000004_000009,episode_000004,258.95474700764544,56.47331603917683,252.72183438186124,0.21808179495357735
C1_sim_shift_left_24px,episode_000004_000010,episode_000004,259.3873447994492,63.900421821527814,251.39317956766277,0.24635134713659135
C1_sim_shift_left_24px,episode_000004_000011,episode_000004,247.49804984872313,75.74711820885362,235.6218554420939,0.3060513739609347
C1_sim_shift_left_24px,episode_000004_000012,episode_000004,252.8838762928256,81.03360016326049,239.54918186766147,0.3204379866015184
C1_sim_shift_left_24px,episode_000004_000013,episode_000004,293.83170383215906,95.91947533756367,277.7346295078742,0.32644358687840663
C1_sim_shift_left_24px,episode_000004_000014,episode_000004,306.9264479333228,85.44940578137874,294.7918646987667,0.27840352747946284
C1_sim_shift_left_24px,episode_000004_000015,episode_000004,321.2722906248048,65.06229606449747,314.6152926259699,0.20251449615516312
C1_sim_shift_left_24px,episode_000004_000016,episode_000004,292.1880823090283,48.6048328384193,288.11706938009905,0.1663477594784757
C1_sim_shift_left_24px,episode_000004_000017,episode_000004,275.7294604158772,37.875955365307014,273.11562999285866,0.13736637103695584
C1_sim_shift_left_24px,episode_000004_000018,episode_000004,274.6589161072226,38.09278862818372,272.00452138102935,0.13869125083604744
C1_sim_shift_left_24px,episode_000004_000019,episode_000004,280.3067472661032,38.95238111187897,277.58707565125934,0.13896340880763874
C1_sim_shift_left_24px,episode_000004_000020,episode_000004,282.56851420808704,35.48399402604183,280.3316810311059,0.1255766026356035
C1_sim_shift_left_24px,episode_000004_000021,episode_000004,296.75808051605196,39.99125723592511,294.051114087775,0.13476046605498226
C1_sim_shift_left_24px,episode_000004_000022,episode_000004,303.5579812608674,75.91837120167993,293.911294273046,0.2500951247809171
C1_sim_shift_left_24px,episode_000004_000023,episode_000004,318.0666954003516,92.49080036898579,304.3219915977228,0.2907905848255106
C1_sim_shift_left_24px,episode_000004_000024,episode_000004,320.7155631978213,104.0590339707504,303.3647802998396,0.32445894715301205
C1_sim_shift_left_24px,episode_000004_000025,episode_000004,312.4103480921856,95.1900547536501,297.5551697939017,0.304695588142175
C1_sim_shift_left_24px,episode_000004_000026,episode_000004,312.702784841139,95.57625830075266,297.73849347477983,0.30564568956207994
C1_sim_shift_left_24px,episode_000004_000027,episode_000004,310.99565575816445,66.76774843346622,303.743914621472,0.2146902929261043
C1_sim_shift_left_24px,episode_000004_000028,episode_000004,317.1844967219254,60.410804057033666,311.3784509466315,0.1904595107307392
C1_sim_shift_left_24px,episode_000004_000029,episode_000004,301.6532499072144,51.54976009469579,297.2159238899619,0.1708907830780938
C1_sim_shift_left_24px,episode_000004_000030,episode_000004,298.8004772906668,46.68856963566814,295.13031476706294,0.15625333017875498
C1_sim_shift_left_24px,episode_000004_000031,episode_000004,296.07761051914997,46.463554713443216,292.4091132884205,0.1569303218570727
C1_sim_shift_left_24px,episode_000004_000032,episode_000004,299.6521772409168,47.77086871851899,295.81982933383597,0.1594210633087167
C1_sim_shift_left_24px,episode_000004_000033,episode_000004,296.83592976060356,46.11755619096421,293.23154708832953,0.15536379382427776
C1_sim_shift_left_24px,episode_000004_000034,episode_000004,299.28387624919003,47.97463260508156,295.41373226231025,0.16029808623949016
C1_sim_shift_left_24px,episode_000004_000035,episode_000004,299.20063513311317,49.52585578393483,295.0732276451512,0.16552724148430023
C1_sim_shift_left_24px,episode_000004_000036,episode_000004,298.0711896053197,47.614638665766414,294.24357300960537,0.15974250556993996
C1_sim_shift_left_24px,episode_000004_000037,episode_000004,298.58720890155763,48.28943626024043,294.6564977482943,0.16172640629144017
C1_sim_shift_left_24px,episode_000004_000038,episode_000004,304.1138498852297,51.55539192951013,299.71198717270323,0.16952661626218848
C1_sim_shift_left_24px,episode_000004_000039,episode_000004,270.1487196225725,44.34452438135738,266.4843219986994,0.16414856395881336
C1_sim_shift_left_24px,episode_000004_000040,episode_000004,246.9598158172339,23.72952642546657,245.8171275645885,0.09608658941917879
C1_sim_shift_left_24px,episode_000004_000041,episode_000004,266.1829608914011,46.685011297605136,262.0570136230962,0.17538692612504211
C1_sim_shift_left_24px,episode_000004_000042,episode_000004,246.4797681563289,40.69957711282741,243.0963194563724,0.16512339904106796
C1_sim_shift_left_24px,episode_000004_000043,episode_000004,240.41004102551244,38.11998809119475,237.36860435579038,0.15856237921089758
C1_sim_shift_left_24px,episode_000004_000044,episode_000004,239.05122773733288,39.195176547584076,235.81608854810966,0.16396141077615106
C1_sim_shift_left_24px,episode_000005_000000,episode_000005,260.362424798814,61.5041607707051,252.9937359995487,0.23622518041238208
C1_sim_shift_left_24px,episode_000005_000001,episode_000005,264.25410127579465,62.28128878344091,256.8097955852767,0.2356871226700079
C1_sim_shift_left_24px,episode_000005_000002,episode_000005,266.9632143961551,63.2348141803621,259.365988742361,0.2368671441246807
C1_sim_shift_left_24px,episode_000005_000003,episode_000005,262.4462172935627,62.30054215832078,254.9444241760922,0.2373840354827202
C1_sim_shift_left_24px,episode_000005_000004,episode_000005,264.75888577225055,61.359682931015996,257.5504938957967,0.2317568407649158
C1_sim_shift_left_24px,episode_000005_000005,episode_000005,281.5293862236321,80.37091085302819,269.8134763055945,0.28547965074305165
C1_sim_shift_left_24px,episode_000005_000006,episode_000005,271.7506162464315,76.41731811071082,260.7849514889264,0.2812038447832381
C1_sim_shift_left_24px,episode_000005_000007,episode_000005,293.13119818271554,95.69793750983243,277.0700346562195,0.3264679368935055
C1_sim_shift_left_24px,episode_000005_000008,episode_000005,276.91391467096065,76.79291771519831,266.05293444572806,0.2773169336992202
C1_sim_shift_left_24px,episode_000005_000009,episode_000005,276.21101938642767,84.56351468611393,262.94778800062363,0.30615547082068795
C1_sim_shift_left_24px,episode_000005_000010,episode_000005,298.2507304493819,97.01903406973501,282.0297949539471,0.32529353381148135
C1_sim_shift_left_24px,episode_000005_000011,episode_000005,303.33774405576014,100.16767432927793,286.3218887690942,0.33021830053191437
C1_sim_shift_left_24px,episode_000005_000012,episode_000005,327.2949458680736,108.48848300223901,308.79156505101975,0.33147008339679235
C1_sim_shift_left_24px,episode_000005_000013,episode_000005,329.0956377289314,109.94684168195921,310.186445184786,0.3340878124082578
C1_sim_shift_left_24px,episode_000005_000014,episode_000005,335.18321893969625,113.9326573538532,315.2255380629333,0.33991157944679545
C1_sim_shift_left_24px,episode_000005_000015,episode_000005,331.04006147524115,113.80847144928782,310.8619534904651,0.34379063048174213
C1_sim_shift_left_24px,episode_000005_000016,episode_000005,335.22384761592735,115.73053589192828,314.61320867470516,0.3452336005179532
C1_sim_shift_left_24px,episode_000005_000017,episode_000005,333.0503681515908,115.0351948409808,312.5531181636295,0.3453987920188141
C1_sim_shift_left_24px,episode_000005_000018,episode_000005,336.3987872528518,120.79828938788627,313.96164948310155,0.35909252341355524
C1_sim_shift_left_24px,episode_000005_000019,episode_000005,357.1071072022099,135.55313210894082,330.3798335095329,0.379586766477276
C1_sim_shift_left_24px,episode_000005_000020,episode_000005,336.73992388344567,121.71024284701743,313.9751473017392,0.3614369256944551
C1_sim_shift_left_24px,episode_000005_000021,episode_000005,290.4356804245119,79.71544129893721,279.2818162397346,0.2744684853542171
C1_sim_shift_left_24px,episode_000005_000022,episode_000005,314.4395284558388,118.67622841528956,291.1840824369565,0.3774214679626609
C1_sim_shift_left_24px,episode_000005_000023,episode_000005,346.2228798111366,148.3320564134517,312.8384304155634,0.42842938772378747
C1_sim_shift_left_24px,episode_000005_000024,episode_000005,347.3816423624355,142.00096936072632,317.0326957129771,0.40877511084069235
C1_sim_shift_left_24px,episode_000005_000025,episode_000005,287.68908573990933,57.353145334615355,281.91421882212927,0.19935808543834205
C1_sim_shift_left_24px,episode_000005_000026,episode_000005,278.6327096773927,51.617436888848296,273.8098374989328,0.18525261068096469
C1_sim_shift_left_24px,episode_000005_000027,episode_000005,274.1268104070185,49.328678373050266,269.6519788058186,0.17994839067294416
C1_sim_shift_left_24px,episode_000005_000028,episode_000005,263.5092989794761,53.664691631379796,257.986921220367,0.20365388181446897
C1_sim_shift_left_24px,episode_000005_000029,episode_000005,259.4149797743975,54.24600004758172,253.67992275737717,0.20910897317786822
C1_sim_shift_left_24px,episode_000005_000030,episode_000005,260.4885249243083,58.295095972161874,253.88177052092263,0.2237914164898474
C1_sim_shift_left_24px,episode_000005_000031,episode_000005,262.013783315885,57.9464028464708,255.52580504649245,0.2211578418247194
C1_sim_shift_left_24px,episode_000005_000032,episode_000005,261.3686823267267,59.64258129207129,254.47269126180916,0.22819329676810496
C1_sim_shift_left_24px,episode_000005_000033,episode_000005,263.06528565323566,57.97557967793521,256.5973045003121,0.22038475937245777
C1_sim_shift_left_24px,episode_000005_000034,episode_000005,262.52114895662845,58.92391609361911,255.82284057859346,0.22445397762354768
C1_sim_shift_left_24px,episode_000005_000035,episode_000005,261.723402234362,56.66429446875466,255.51574708711772,0.21650450049558131
C1_sim_shift_left_24px,episode_000005_000036,episode_000005,261.08687289458584,51.02806502696097,256.05173652501924,0.1954447746117194
C1_sim_shift_left_24px,episode_000005_000037,episode_000005,235.46797339174435,30.108014111422463,233.53516647280685,0.12786458250665042
C1_sim_shift_left_24px,episode_000005_000038,episode_000005,238.07931602266652,28.663423163211604,236.34755951857716,0.12039442838655787
C1_sim_shift_left_24px,episode_000005_000039,episode_000005,238.31718253619715,35.60509526542001,235.64243396114267,0.1494021324291717
C1_sim_shift_left_24px,episode_000005_000040,episode_000005,279.46935736119616,28.6378128472053,277.99819671934637,0.102472103266022
C1_sim_shift_left_24px,episode_000005_000041,episode_000005,272.0519954198101,35.35593241475413,269.7447798475139,0.1299602024980391
C1_sim_shift_left_24px,episode_000005_000042,episode_000005,273.13669626994584,39.16228597742425,270.31457638515,0.1433798040037779
C2_sim_shift_right_24px,episode_000001_000000,episode_000001,219.38655500753674,38.97075762817452,215.89752330205417,0.17763512274868315
C2_sim_shift_right_24px,episode_000001_000001,episode_000001,216.72881172212786,38.65191300723698,213.2543257506551,0.17834229191822143
C2_sim_shift_right_24px,episode_000001_000002,episode_000001,218.67219964294023,39.047417565760135,215.15768654205007,0.1785659888614962
C2_sim_shift_right_24px,episode_000001_000003,episode_000001,216.4815246512267,37.301187750273904,213.24369136679869,0.17230656431476005
C2_sim_shift_right_24px,episode_000001_000004,episode_000001,224.15499153304916,41.879094529221554,220.20808720524744,0.18683097013722733
C2_sim_shift_right_24px,episode_000001_000005,episode_000001,219.8587034639791,44.39773670401228,215.3292605857901,0.20193758993619396
C2_sim_shift_right_24px,episode_000001_000006,episode_000001,251.6236198078693,58.95867747128189,244.61872454097318,0.23431296917316669
C2_sim_shift_right_24px,episode_000001_000007,episode_000001,311.8792581965442,86.4348210199561,299.66263265291326,0.27714193473387533
C2_sim_shift_right_24px,episode_000001_000008,episode_000001,278.0425698824682,71.20694838214416,268.769866556781,0.25610088560267646
C2_sim_shift_right_24px,episode_000001_000009,episode_000001,266.4906898622364,65.20736612438711,258.3897969858152,0.24468909648624632
C2_sim_shift_right_24px,episode_000001_000010,episode_000001,239.08778905028498,52.069062631138216,233.3490595431406,0.21778219137819307
C2_sim_shift_right_24px,episode_000001_000011,episode_000001,244.2097329383222,59.82488331242981,236.76861489323454,0.24497337838512454
C2_sim_shift_right_24px,episode_000001_000012,episode_000001,250.54029443589934,64.51557600128336,242.09126293455896,0.2575057882267703
C2_sim_shift_right_24px,episode_000001_000013,episode_000001,237.94711655305312,46.99464498712018,233.26022725369788,0.19750037599906015
C2_sim_shift_right_24px,episode_000001_000014,episode_000001,248.34863474136685,62.122861767398106,240.45331027816937,0.25014376194213256
C2_sim_shift_right_24px,episode_000001_000015,episode_000001,235.54238312547685,30.977592991165167,233.49647316587598,0.13151600395697344
C2_sim_shift_right_24px,episode_000001_000016,episode_000001,244.44585847597517,33.33283245692158,242.16254872802952,0.13636079852094374
C2_sim_shift_right_24px,episode_000001_000017,episode_000001,255.81400264240034,39.07715888018439,252.81174735715672,0.1527561371799101
C2_sim_shift_right_24px,episode_000001_000018,episode_000001,250.1223879628767,39.559228071955445,246.97424245172374,0.15815948501909732
C2_sim_shift_right_24px,episode_000001_000019,episode_000001,251.22980214816204,41.65682012586172,247.75213989874285,0.1658116185646428
C2_sim_shift_right_24px,episode_000001_000020,episode_000001,251.18343358053585,43.015823789430584,247.47273831479725,0.17125263070201088
C2_sim_shift_right_24px,episode_000001_000021,episode_000001,249.6259720977866,38.30815163474578,246.66903223569483,0.15346220312259506
C2_sim_shift_right_24px,episode_000001_000022,episode_000001,253.0311916753794,51.605528381746566,247.71284464295215,0.20394927613490713
C2_sim_shift_right_24px,episode_000001_000023,episode_000001,229.28384208441614,30.678477911246496,227.22216272635166,0.13380130772560722
C2_sim_shift_right_24px,episode_000001_000024,episode_000001,263.573126798827,70.4859951092172,253.97345858174617,0.267424816654453
C2_sim_shift_right_24px,episode_000001_000025,episode_000001,293.3307392719879,99.17547918417138,276.05641983196284,0.3381012144527135
C2_sim_shift_right_24px,episode_000001_000026,episode_000001,303.41544246736964,95.90120104152868,287.8608871772301,0.31607224820747953
C2_sim_shift_right_24px,episode_000001_000027,episode_000001,292.8903312932337,87.81796069470154,279.41501739255904,0.29983222835300977
C2_sim_shift_right_24px,episode_000001_000028,episode_000001,291.3970139142301,64.37994358709408,284.19613400229883,0.22093549526229422
C2_sim_shift_right_24px,episode_000001_000029,episode_000001,292.9329162026432,63.482452368970556,285.97145248469496,0.21671327753776598
C2_sim_shift_right_24px,episode_000001_000030,episode_000001,305.3182906188642,70.06322398136476,297.17066347767627,0.22947601284990254
C2_sim_shift_right_24px,episode_000001_000031,episode_000001,290.0548191727264,72.90588021167909,280.74281959808576,0.25135207344465443
C2_sim_shift_right_24px,episode_000001_000032,episode_000001,283.0531968815287,71.0279545462443,273.99660935462344,0.25093500207303043
C2_sim_shift_right_24px,episode_000001_000033,episode_000001,281.9911315463809,70.54784414310885,273.0238084079261,0.25017752776918584
C2_sim_shift_right_24px,episode_000001_000034,episode_000001,280.178344174173,69.01327608185042,271.5457093541189,0.24631909466546167
C2_sim_shift_right_24px,episode_000001_000035,episode_000001,281.77845551821014,68.90882074627804,273.22275237905285,0.2445496431568905
C2_sim_shift_right_24px,episode_000001_000036,episode_000001,282.1882426306889,69.38706905822824,273.5244759185276,0.2458892986163066
C2_sim_shift_right_24px,episode_000001_000037,episode_000001,282.20387727418967,71.380327398672,273.0272462759794,0.2529388613938808
C2_sim_shift_right_24px,episode_000001_000038,episode_000001,284.0712943865708,71.79373743031782,274.84933974861275,0.2527314052810251
C2_sim_shift_right_24px,episode_000001_000039,episode_000001,273.1200414357172,65.66908542491726,265.1077672443846,0.24044037588641562
C2_sim_shift_right_24px,episode_000001_000040,episode_000001,274.58149631540874,48.09318803958119,270.33690717879847,0.17515087026963055
C2_sim_shift_right_24px,episode_000001_000041,episode_000001,261.7883342660126,38.477925988898185,258.94513158073937,0.1469810566493745
C2_sim_shift_right_24px,episode_000001_000042,episode_000001,257.5433298428309,38.4002949453786,254.66445392838222,0.14910226938827292
C2_sim_shift_right_24px,episode_000001_000043,episode_000001,268.51732289808,50.27585594865011,263.7686315788561,0.1872350558467809
C2_sim_shift_right_24px,episode_000001_000044,episode_000001,287.8986295482904,62.97313453044375,280.927046087048,0.21873370717063803
C2_sim_shift_right_24px,episode_000001_000045,episode_000001,288.4907570841085,62.1422697957329,281.71839703433716,0.21540471668426983
C2_sim_shift_right_24px,episode_000002_000000,episode_000002,253.69933694322705,67.64349955423745,244.51525623872413,0.2666286020659752
C2_sim_shift_right_24px,episode_000002_000001,episode_000002,251.41680452455932,66.02249849901459,242.5931558995185,0.26260177247843935
C2_sim_shift_right_24px,episode_000002_000002,episode_000002,254.58789375105428,67.09278273206058,245.5881799880984,0.26353485133769344
C2_sim_shift_right_24px,episode_000002_000003,episode_000002,250.47088075710178,65.38443668591938,241.78614010423198,0.26104606047729356
C2_sim_shift_right_24px,episode_000002_000004,episode_000002,264.69196563237546,66.80230530807727,256.123580866458,0.2523775330636875
C2_sim_shift_right_24px,episode_000002_000005,episode_000002,248.05650572516384,64.87255856051297,239.42343489807146,0.2615233104685794
C2_sim_shift_right_24px,episode_000002_000006,episode_000002,257.71208347452546,66.548753444756,248.9714469246019,0.2582290769898427
C2_sim_shift_right_24px,episode_000002_000007,episode_000002,318.05380663982095,99.68531792899739,302.02824587689696,0.31342281037964664
C2_sim_shift_right_24px,episode_000002_000008,episode_000002,232.24354284287114,63.71496937295474,223.33263503127338,0.27434549349801446
C2_sim_shift_right_24px,episode_000002_000009,episode_000002,214.06289664803754,50.96590992924239,207.90719022302417,0.2380884811301073
C2_sim_shift_right_24px,episode_000002_000010,episode_000002,218.12827060215108,49.63520379496246,212.40595325959626,0.22755053096942757
C2_sim_shift_right_24px,episode_000002_000011,episode_000002,210.72841061955913,54.740698144841936,203.4942726684484,0.2597689508685597
C2_sim_shift_right_24px,episode_000002_000012,episode_000002,239.5150523702658,80.53400604628804,225.5697989139229,0.33623776564067753
C2_sim_shift_right_24px,episode_000002_000013,episode_000002,216.2724336761685,61.99187635841542,207.19742477592632,0.2866379006546798
C2_sim_shift_right_24px,episode_000002_000014,episode_000002,252.1819350501838,64.48069085222443,243.79903378166816,0.25569115741535126
C2_sim_shift_right_24px,episode_000002_000015,episode_000002,287.27624091448155,80.3347354396646,275.815099071451,0.27964281064085356
C2_sim_shift_right_24px,episode_000002_000016,episode_000002,271.0475276336658,44.27167940373005,267.4075179180574,0.16333548507243872
C2_sim_shift_right_24px,episode_000002_000017,episode_000002,264.7223279113555,32.80378569152091,262.68197985227687,0.12391771389418098
C2_sim_shift_right_24px,episode_000002_000018,episode_000002,252.91348420068297,23.08792518325312,251.85745611607695,0.09128783803766352
C2_sim_shift_right_24px,episode_000002_000019,episode_000002,245.48444896893318,24.593232028387593,244.24943730534702,0.10018244386429521
C2_sim_shift_right_24px,episode_000002_000020,episode_000002,242.3479288926279,24.853324808954344,241.0701783391858,0.10255224759921755
C2_sim_shift_right_24px,episode_000002_000021,episode_000002,239.90939914536955,23.77336192323494,238.72860545221457,0.09909308267172068
C2_sim_shift_right_24px,episode_000002_000022,episode_000002,242.99523466951817,19.262638329781154,242.2305406769969,0.07927167113371174
C2_sim_shift_right_24px,episode_000002_000023,episode_000002,242.82344136964724,22.451220284599277,241.7833046062753,0.09245903178854158
C2_sim_shift_right_24px,episode_000002_000024,episode_000002,259.80504429019527,29.98482850615847,258.0689270293628,0.11541280342758171
C2_sim_shift_right_24px,episode_000002_000025,episode_000002,296.94762711241395,101.88323562290098,278.9223898268149,0.3431016998304942
C2_sim_shift_right_24px,episode_000002_000026,episode_000002,310.8862869731496,103.2373337639881,293.24449925830567,0.3320742602355582
C2_sim_shift_right_24px,episode_000002_000027,episode_000002,297.9648800084047,101.44132499841255,280.16553553388655,0.34044725336607184
C2_sim_shift_right_24px,episode_000002_000028,episode_000002,299.9118899766077,99.97474102773253,282.7581880437393,0.33334704081098715
C2_sim_shift_right_24px,episode_000002_000029,episode_000002,294.18473500308784,56.47193527857745,288.71366236243335,0.19196079388002477
C2_sim_shift_right_24px,episode_000002_000030,episode_000002,310.3034264388149,55.29062148248767,305.3377861250541,0.17818243941753503
C2_sim_shift_right_24px,episode_000002_000031,episode_000002,292.8547872550019,49.50421903413012,288.64036224338633,0.1690401563797028
C2_sim_shift_right_24px,episode_000002_000032,episode_000002,285.69447652540686,44.37899861422751,282.2265728083106,0.15533726501807563
C2_sim_shift_right_24px,episode_000002_000033,episode_000002,282.0763096472021,43.310723166165026,278.7314580792919,0.1535425758381997
C2_sim_shift_right_24px,episode_000002_000034,episode_000002,283.64409845248673,42.8741689292007,280.3850570653764,0.15115480689749855
C2_sim_shift_right_24px,episode_000002_000035,episode_000002,285.05661613020686,44.030908120656484,281.63549763777013,0.15446372976147393
C2_sim_shift_right_24px,episode_000002_000036,episode_000002,286.419355614944,45.377776134727334,282.8018824264547,0.15843124860504273
C2_sim_shift_right_24px,episode_000002_000037,episode_000002,283.73948178468316,43.96015876938555,280.31339241001484,0.15493141276244696
C2_sim_shift_right_24px,episode_000002_000038,episode_000002,287.6317255469917,45.48178425059048,284.0130575211687,0.15812506135787832
C2_sim_shift_right_24px,episode_000002_000039,episode_000002,287.45522180136703,44.4600097075918,283.99614799795074,0.15466760154495954
C2_sim_shift_right_24px,episode_000002_000040,episode_000002,280.09516755707244,52.38985696359999,275.1519685122351,0.18704305904501184
C2_sim_shift_right_24px,episode_000002_000041,episode_000002,253.82684572414337,45.16548163124359,249.77619357994445,0.17793815899335175
C2_sim_shift_right_24px,episode_000002_000042,episode_000002,245.32353046535027,37.711390115183264,242.40768481127841,0.15372104764532424
C2_sim_shift_right_24px,episode_000002_000043,episode_000002,261.0339726418503,46.86972952318288,256.79167301065263,0.17955413637860135
C2_sim_shift_right_24px,episode_000002_000044,episode_000002,271.3814872963307,46.223444042802946,267.4159772115166,0.1703264452682802
C2_sim_shift_right_24px,episode_000002_000045,episode_000002,268.33128097594675,42.355255189774816,264.9673729122164,0.15784687881235712
C2_sim_shift_right_24px,episode_000002_000046,episode_000002,272.3121898587042,44.32584958311434,268.68038224697034,0.16277585519074225
C2_sim_shift_right_24px,episode_000003_000000,episode_000003,257.183310937195,67.88261533091608,248.0629072643728,0.2639464243754651
C2_sim_shift_right_24px,episode_000003_000001,episode_000003,258.08897080893246,69.13587658177931,248.6566858592042,0.2678761373067807
C2_sim_shift_right_24px,episode_000003_000002,episode_000003,259.0771643447573,70.06723321907722,249.42245270613438,0.27044928253822426
C2_sim_shift_right_24px,episode_000003_000003,episode_000003,262.76126126814444,71.77884169547733,252.7672413666013,0.27317132422434204
C2_sim_shift_right_24px,episode_000003_000004,episode_000003,288.212161599185,82.11616579291366,276.2665115593011,0.28491568619894725
C2_sim_shift_right_24px,episode_000003_000005,episode_000003,289.7042447147874,88.06254507176442,275.9955390241822,0.30397395508809893
C2_sim_shift_right_24px,episode_000003_000006,episode_000003,301.68901561632725,97.18837530872212,285.60581550171474,0.3221475435894602
C2_sim_shift_right_24px,episode_000003_000007,episode_000003,270.1806314894372,84.95065048670328,256.4779924553314,0.3144216889952175
C2_sim_shift_right_24px,episode_000003_000008,episode_000003,266.1873416331327,90.96655395276464,250.16152163686735,0.34173884225545725
C2_sim_shift_right_24px,episode_000003_000009,episode_000003,260.7881539595224,80.16294356244431,248.16197074696987,0.3073872119777596
C2_sim_shift_right_24px,episode_000003_000010,episode_000003,260.71057605694426,82.01275817398016,247.47507342081943,0.31457395942413546
C2_sim_shift_right_24px,episode_000003_000011,episode_000003,272.0779283497165,88.8337665611713,257.167184947125,0.32650118699444247
C2_sim_shift_right_24px,episode_000003_000012,episode_000003,289.5975283153512,84.99320954447083,276.84451003711507,0.29348734444970553
C2_sim_shift_right_24px,episode_000003_000013,episode_000003,274.3196144504558,77.01258605741491,263.28750912452335,0.28074035541240516
C2_sim_shift_right_24px,episode_000003_000014,episode_000003,257.5046118206483,68.95917134576031,248.09929019690648,0.2677978109137335
C2_sim_shift_right_24px,episode_000003_000015,episode_000003,289.51934488327083,90.86650039706657,274.89039664424115,0.3138529497353704
C2_sim_shift_right_24px,episode_000003_000016,episode_000003,294.0308103949195,93.77775259339552,278.67517036870186,0.3189385237126697
C2_sim_shift_right_24px,episode_000003_000017,episode_000003,298.58970506662155,98.63747794759168,281.8270035250533,0.33034453724914464
C2_sim_shift_right_24px,episode_000003_000018,episode_000003,291.2019583041856,94.6243530061125,275.39936880531747,0.3249440819600162
C2_sim_shift_right_24px,episode_000003_000019,episode_000003,285.73536883953,91.94106545310729,270.53935294002923,0.3217699853767201
C2_sim_shift_right_24px,episode_000003_000020,episode_000003,277.7445037889838,85.83325755142528,264.1489376906512,0.3090367455718837
C2_sim_shift_right_24px,episode_000003_000021,episode_000003,266.1016853561755,73.42503707269132,255.77112988035012,0.2759284931788852
C2_sim_shift_right_24px,episode_000003_000022,episode_000003,260.7529016988472,69.66403870106707,251.27474496300837,0.26716496057069594
C2_sim_shift_right_24px,episode_000003_000023,episode_000003,320.8626996956244,118.7749319298427,298.06943419449385,0.3701736974803071
C2_sim_shift_right_24px,episode_000003_000024,episode_000003,315.13350895493625,110.61788906315392,295.0810246109747,0.35101912656001355
C2_sim_shift_right_24px,episode_000003_000025,episode_000003,319.62753473098275,112.80399893426174,299.0602260124951,0.3529232831245412
C2_sim_shift_right_24px,episode_000003_000026,episode_000003,306.64085300800355,72.14551694325667,298.03294636409964,0.23527692489615407
C2_sim_shift_right_24px,episode_000003_000027,episode_000003,299.2275977179052,71.22996087494548,290.62595876793637,0.2380460940708318
C2_sim_shift_right_24px,episode_000003_000028,episode_000003,281.6101007804958,61.80500838403523,274.7442261454285,0.21947014049829783
C2_sim_shift_right_24px,episode_000003_000029,episode_000003,281.2113496725457,60.157649624796015,274.7014386134063,0.21392326339191542
C2_sim_shift_right_24px,episode_000003_000030,episode_000003,282.228927820111,64.47085767304897,274.7665849578345,0.22843461926816322
C2_sim_shift_right_24px,episode_000003_000031,episode_000003,285.5647066008094,63.59037163491508,278.39444371492,0.22268288120004967
C2_sim_shift_right_24px,episode_000003_000032,episode_000003,283.85019362140804,63.03846531783828,276.7617826024441,0.22208357342858584
C2_sim_shift_right_24px,episode_000003_000033,episode_000003,283.5804363548928,62.201047274881034,276.6747071944586,0.21934181382328574
C2_sim_shift_right_24px,episode_000003_000034,episode_000003,283.0607443333751,62.17118729116603,276.14874334925213,0.2196390299106394
C2_sim_shift_right_24px,episode_000003_000035,episode_000003,282.6128627820761,60.65948163214883,276.02618987697446,0.2146380778107881
C2_sim_shift_right_24px,episode_000003_000036,episode_000003,283.77296756754237,63.30023183863013,276.6228077568174,0.22306646183119502
C2_sim_shift_right_24px,episode_000003_000037,episode_000003,287.5175464967912,69.9816055482827,278.8707844655282,0.24339942518625976
C2_sim_shift_right_24px,episode_000003_000038,episode_000003,271.145912239462,64.63425357976348,263.32967737867466,0.23837443480498374
C2_sim_shift_right_24px,episode_000003_000039,episode_000003,250.7315347863984,44.884342141308075,246.68137012527905,0.17901355000895938
C2_sim_shift_right_24px,episode_000003_000040,episode_000003,277.44488893920976,40.361745743193,274.4933439612922,0.14547662383514498
C2_sim_shift_right_24px,episode_000003_000041,episode_000003,266.1544716784881,44.66114394893335,262.3806109750257,0.1678015915617738
C2_sim_shift_right_24px,episode_000003_000042,episode_000003,258.86048029696883,42.76368541121372,255.30377096632972,0.16519974529196016
C2_sim_shift_right_24px,episode_000003_000043,episode_000003,260.4740294465642,43.58377923781359,256.8018189255659,0.1673248551128769
C2_sim_shift_right_24px,episode_000004_000000,episode_000004,210.6523303518733,54.15725678863382,203.57159875533898,0.2570930817530935
C2_sim_shift_right_24px,episode_000004_000001,episode_000004,210.6659475178446,54.32056254704815,203.54217727086314,0.2578516518074042
C2_sim_shift_right_24px,episode_000004_000002,episode_000004,209.45872299315727,53.40996566729643,202.5347678926816,0.2549904100629949
C2_sim_shift_right_24px,episode_000004_000003,episode_000004,210.68596493782647,52.69856834120562,203.9888151751716,0.25012851879695447
C2_sim_shift_right_24px,episode_000004_000004,episode_000004,219.87361100842196,55.36924289389085,212.7878092354921,0.2518230479771854
C2_sim_shift_right_24px,episode_000004_000005,episode_000004,215.3754758351996,54.26226308340319,208.42793094090385,0.2519426265826265
C2_sim_shift_right_24px,episode_000004_000006,episode_000004,206.0841988169206,55.21500550849958,198.549742303304,0.2679244979744955
C2_sim_shift_right_24px,episode_000004_000007,episode_000004,237.91009869758838,64.3599469874194,229.03932475903088,0.2705221314259066
C2_sim_shift_right_24px,episode_000004_000008,episode_000004,247.38456267582924,56.24148102268342,240.90665757236025,0.22734434361768083
C2_sim_shift_right_24px,episode_000004_000009,episode_000004,240.7256694341649,49.10479748887937,235.66409736763677,0.20398654453553755
C2_sim_shift_right_24px,episode_000004_000010,episode_000004,241.1098129073829,59.237604828543994,233.7195927910419,0.24568724148651236
C2_sim_shift_right_24px,episode_000004_000011,episode_000004,246.2633736846414,72.50277555635827,235.34867060420305,0.29441152564247525
C2_sim_shift_right_24px,episode_000004_000012,episode_000004,251.11144320101042,76.19816624839316,239.27138643573016,0.3034436235842818
C2_sim_shift_right_24px,episode_000004_000013,episode_000004,293.9747953348071,95.30447460606045,278.0975321936613,0.32419267270011515
C2_sim_shift_right_24px,episode_000004_000014,episode_000004,313.70208550402737,88.8070545142958,300.86924987122063,0.2830936057425595
C2_sim_shift_right_24px,episode_000004_000015,episode_000004,315.602441843181,68.87211831383344,307.9959944810058,0.21822428848017328
C2_sim_shift_right_24px,episode_000004_000016,episode_000004,284.55677143426755,49.70387012872056,280.1822290283973,0.17467119084249985
C2_sim_shift_right_24px,episode_000004_000017,episode_000004,263.67702049024604,32.952072738964304,261.6098852047063,0.12497134819597702
C2_sim_shift_right_24px,episode_000004_000018,episode_000004,268.14484000449664,36.04187977358062,265.7115694195943,0.13441198336308174
C2_sim_shift_right_24px,episode_000004_000019,episode_000004,270.6574798912843,36.325072869993,268.2088001950918,0.13421048952566833
C2_sim_shift_right_24px,episode_000004_000020,episode_000004,274.0577069713259,34.60272802331611,271.8644477744848,0.12626073685618527
C2_sim_shift_right_24px,episode_000004_000021,episode_000004,276.07115460777936,34.861181562629106,273.8612430164769,0.12627607405111624
C2_sim_shift_right_24px,episode_000004_000022,episode_000004,269.4122012981099,51.626440657535866,264.4194486669375,0.1916262159203777
C2_sim_shift_right_24px,episode_000004_000023,episode_000004,285.46570995976884,80.57092560211288,273.8594484593396,0.28224379598329996
C2_sim_shift_right_24px,episode_000004_000024,episode_000004,307.71476652968664,94.27782211925533,292.916489458804,0.30638055879635506
C2_sim_shift_right_24px,episode_000004_000025,episode_000004,293.1497891926326,83.85220246885652,280.90141873049845,0.28603876093445224
C2_sim_shift_right_24px,episode_000004_000026,episode_000004,292.91951686833147,81.37338075403161,281.3897941771096,0.2778011572052718
C2_sim_shift_right_24px,episode_000004_000027,episode_000004,312.316573521937,69.03678873267258,304.59081387652486,0.22104747101364908
C2_sim_shift_right_24px,episode_000004_000028,episode_000004,315.5263672906363,60.824996614498325,309.60815273902557,0.19277310209219842
C2_sim_shift_right_24px,episode_000004_000029,episode_000004,303.3927332459227,51.208617004100255,299.0398437181223,0.16878656405587605
C2_sim_shift_right_24px,episode_000004_000030,episode_000004,296.25986615431196,44.82770791398364,292.84874064429476,0.1513121182962878
C2_sim_shift_right_24px,episode_000004_000031,episode_000004,294.81633321438574,44.235296776705205,291.4788308763649,0.150043575586221
C2_sim_shift_right_24px,episode_000004_000032,episode_000004,298.04293454661865,44.81366109084561,294.65458865049914,0.15035974987635897
C2_sim_shift_right_24px,episode_000004_000033,episode_000004,295.4431219071849,44.30767718717201,292.1018110600156,0.14997024436091463
C2_sim_shift_right_24px,episode_000004_000034,episode_000004,298.31227559094054,45.303084554886624,294.852241466905,0.15186463401529038
C2_sim_shift_right_24px,episode_000004_000035,episode_000004,297.05557097743736,46.36046940739389,293.4156081824166,0.1560666553226001
C2_sim_shift_right_24px,episode_000004_000036,episode_000004,295.37442006762274,44.404744659297656,292.0175794058074,0.1503337514776387
C2_sim_shift_right_24px,episode_000004_000037,episode_000004,297.03254815186335,45.251166162093554,293.56543839927684,0.15234413347508996
C2_sim_shift_right_24px,episode_000004_000038,episode_000004,292.57500119905956,51.36301053827457,288.0312005236148,0.1755550212006277
C2_sim_shift_right_24px,episode_000004_000039,episode_000004,255.4768798489443,30.324882494378663,253.67072680751724,0.11869912656013665
C2_sim_shift_right_24px,episode_000004_000040,episode_000004,250.58855641460855,24.41898952489097,249.39594534903873,0.09744654693843562
C2_sim_shift_right_24px,episode_000004_000041,episode_000004,251.76560727296646,36.563279219592445,249.09646247635814,0.1452274582522712
C2_sim_shift_right_24px,episode_000004_000042,episode_000004,248.90902472407564,35.71282961405353,246.33370940666663,0.1434774398141749
C2_sim_shift_right_24px,episode_000004_000043,episode_000004,252.76292794491124,33.100809867883456,250.5861810423205,0.13095595203382696
C2_sim_shift_right_24px,episode_000004_000044,episode_000004,254.2075758321364,33.735636128762636,251.95912062364224,0.13270901159546736
C2_sim_shift_right_24px,episode_000005_000000,episode_000005,240.88949796560198,54.611530415069595,234.61741405071297,0.22670780949889272
C2_sim_shift_right_24px,episode_000005_000001,episode_000005,241.3063482125225,54.76815406513485,235.00894235743627,0.2269652434377716
C2_sim_shift_right_24px,episode_000005_000002,episode_000005,241.2349094034876,54.37078258338886,235.02786965842736,0.2253852177441231
C2_sim_shift_right_24px,episode_000005_000003,episode_000005,240.67529047360776,54.23098895323527,234.48581040589542,0.2253284450037142
C2_sim_shift_right_24px,episode_000005_000004,episode_000005,244.6303684820477,54.29468414737348,238.52904321486594,0.2219458053563694
C2_sim_shift_right_24px,episode_000005_000005,episode_000005,254.9971741700446,71.68309082640701,244.71430960260813,0.28111327531263236
C2_sim_shift_right_24px,episode_000005_000006,episode_000005,255.06310713533048,74.43616178779232,243.95992793864875,0.2918342939667015
C2_sim_shift_right_24px,episode_000005_000007,episode_000005,272.36041916201054,90.73705402139379,256.80145045078064,0.3331506622752694
C2_sim_shift_right_24px,episode_000005_000008,episode_000005,252.66493888924458,71.76574006207974,242.25864256461048,0.28403521429436707
C2_sim_shift_right_24px,episode_000005_000009,episode_000005,263.5336130297807,81.26451673678694,250.69113170606315,0.3083649019284823
C2_sim_shift_right_24px,episode_000005_000010,episode_000005,282.8183408014163,93.39701136927714,266.95170379855824,0.3302367558787737
C2_sim_shift_right_24px,episode_000005_000011,episode_000005,288.95052939623366,97.66927829931105,271.9432303162839,0.33801384099690845
C2_sim_shift_right_24px,episode_000005_000012,episode_000005,310.35710462678605,106.78954860341914,291.40611644473046,0.3440860447897168
C2_sim_shift_right_24px,episode_000005_000013,episode_000005,301.31914523670787,102.76138398275239,283.2548768302667,0.3410383495613129
C2_sim_shift_right_24px,episode_000005_000014,episode_000005,294.2014908083939,103.5275379808078,275.3843969318412,0.351893315347721
C2_sim_shift_right_24px,episode_000005_000015,episode_000005,299.2391579522683,107.7020290848691,279.18514749711267,0.3599195700919887
C2_sim_shift_right_24px,episode_000005_000016,episode_000005,306.2913357119238,112.24084141920244,284.98486951012654,0.36645124537498613
C2_sim_shift_right_24px,episode_000005_000017,episode_000005,304.7328240097784,111.82059363618562,283.4753055696838,0.36694633733515186
C2_sim_shift_right_24px,episode_000005_000018,episode_000005,306.77782465873827,113.2791218941467,285.0973066257179,0.36925459661290433
C2_sim_shift_right_24px,episode_000005_000019,episode_000005,336.9996391413001,125.92549848813724,312.58842846765884,0.37366656774174795
C2_sim_shift_right_24px,episode_000005_000020,episode_000005,306.28600713576236,111.62780424996656,285.21983010565623,0.3644561019742803
C2_sim_shift_right_24px,episode_000005_000021,episode_000005,273.1527248898376,61.43196741154747,266.1550760265336,0.22489970559994582
C2_sim_shift_right_24px,episode_000005_000022,episode_000005,292.63635310042827,91.02473049983237,278.11963899255915,0.31105065907035173
C2_sim_shift_right_24px,episode_000005_000023,episode_000005,325.9523939985382,120.71280004714647,302.7761269620772,0.37033874353960977
C2_sim_shift_right_24px,episode_000005_000024,episode_000005,331.76607612754685,117.78168517898605,310.1551287750493,0.35501425146826976
C2_sim_shift_right_24px,episode_000005_000025,episode_000005,274.4307483837771,50.10537848063285,269.81787692032657,0.18257931655152249
C2_sim_shift_right_24px,episode_000005_000026,episode_000005,266.22303660825014,44.40308026788502,262.49394599426756,0.16678902334520582
C2_sim_shift_right_24px,episode_000005_000027,episode_000005,264.18691964981343,40.3302317764152,261.09040755822036,0.15265794320882334
C2_sim_shift_right_24px,episode_000005_000028,episode_000005,254.7832000645645,48.32942682688451,250.15744149979773,0.18968843634367324
C2_sim_shift_right_24px,episode_000005_000029,episode_000005,253.11211324794934,45.32547193882247,249.02076914660302,0.1790727095483633
C2_sim_shift_right_24px,episode_000005_000030,episode_000005,252.97102070911347,47.92657851356471,248.3895738363304,0.189454817311563
C2_sim_shift_right_24px,episode_000005_000031,episode_000005,251.92005383350792,48.104236622225656,247.28464558575095,0.19095040625077583
C2_sim_shift_right_24px,episode_000005_000032,episode_000005,254.3923422231849,48.498138853483205,249.7266391668023,0.19064307686956453
C2_sim_shift_right_24px,episode_000005_000033,episode_000005,255.1928630083564,49.46213930525853,250.35353823293363,0.19382258078133976
C2_sim_shift_right_24px,episode_000005_000034,episode_000005,254.67601784915894,49.39452128240458,249.84005950765223,0.19395042257830603
C2_sim_shift_right_24px,episode_000005_000035,episode_000005,253.44038179539092,48.8898936996653,248.6801267062347,0.19290490865475177
C2_sim_shift_right_24px,episode_000005_000036,episode_000005,248.39233576021894,38.45899728804213,245.3969396549511,0.15483165843396965
C2_sim_shift_right_24px,episode_000005_000037,episode_000005,227.80554744065032,28.415606410704747,226.02637181764055,0.12473623548657349
C2_sim_shift_right_24px,episode_000005_000038,episode_000005,251.42901600035972,44.78193270236873,247.40882884478813,0.1781096446812036
C2_sim_shift_right_24px,episode_000005_000039,episode_000005,261.3288113953681,48.120515856196846,256.86020248191306,0.18413781319884637
C2_sim_shift_right_24px,episode_000005_000040,episode_000005,283.1162441477101,61.30849686856422,276.39840070453204,0.2165488492302044
C2_sim_shift_right_24px,episode_000005_000041,episode_000005,289.6240575824157,65.83218825881961,282.0429359504644,0.22730220965876202
C2_sim_shift_right_24px,episode_000005_000042,episode_000005,293.76013982263174,73.27604578800252,284.4743237311352,0.24944175827341847
C3_sim_shift_up_24px,episode_000001_000000,episode_000001,236.7117781781147,43.08549838417189,232.75761159891744,0.18201670705101983
C3_sim_shift_up_24px,episode_000001_000001,episode_000001,237.6412720977232,44.31170196916319,233.47344018714458,0.18646467247886664
C3_sim_shift_up_24px,episode_000001_000002,episode_000001,237.63985795947235,44.5518648800967,233.42629120710419,0.18747639921454035
C3_sim_shift_up_24px,episode_000001_000003,episode_000001,235.82499088223682,43.65522927109187,231.74910416632787,0.1851170612061715
C3_sim_shift_up_24px,episode_000001_000004,episode_000001,243.54244033647697,51.909374599624115,237.94608018146116,0.2131430338297768
C3_sim_shift_up_24px,episode_000001_000005,episode_000001,238.66887795925766,53.61135603182763,232.56967947425917,0.22462650551773844
C3_sim_shift_up_24px,episode_000001_000006,episode_000001,264.92672879154117,63.009929194550644,257.3245430406601,0.23783907906148005
C3_sim_shift_up_24px,episode_000001_000007,episode_000001,289.4500092144617,81.76202698977615,277.6621666283959,0.28247374118822827
C3_sim_shift_up_24px,episode_000001_000008,episode_000001,277.87818672322067,68.69689929712465,269.2527115621044,0.24721947450142925
C3_sim_shift_up_24px,episode_000001_000009,episode_000001,255.46523680083635,61.81425893077272,247.87392885607548,0.24196739918458587
C3_sim_shift_up_24px,episode_000001_000010,episode_000001,236.72388250871197,51.52841062800524,231.0476562273466,0.217673054707984
C3_sim_shift_up_24px,episode_000001_000011,episode_000001,246.96682849807542,56.75101497755997,240.35793450064128,0.2297920547576786
C3_sim_shift_up_24px,episode_000001_000012,episode_000001,255.34314020358568,65.1546696125007,246.89064031816574,0.25516514585256816
C3_sim_shift_up_24px,episode_000001_000013,episode_000001,254.91091922992214,64.1078616204285,246.71797425623427,0.25149123393417716
C3_sim_shift_up_24px,episode_000001_000014,episode_000001,256.919206728058,66.3383052708569,248.20698628274988,0.25820687412083676
C3_sim_shift_up_24px,episode_000001_000015,episode_000001,262.8068976679578,50.61137110669849,257.887484334848,0.19258007135963076
C3_sim_shift_up_24px,episode_000001_000016,episode_000001,250.73152281143354,55.521158352126214,244.507050014061,0.2214366894500208
C3_sim_shift_up_24px,episode_000001_000017,episode_000001,258.05501280992706,63.800222507026135,250.04383864511755,0.24723496673175968
C3_sim_shift_up_24px,episode_000001_000018,episode_000001,257.15892611983446,62.63415450091272,249.41466671601788,0.2435620471977146
C3_sim_shift_up_24px,episode_000001_000019,episode_000001,259.8033517359548,63.75344600778141,251.8596428476963,0.24539116059047528
C3_sim_shift_up_24px,episode_000001_000020,episode_000001,260.79495216142584,62.257983119152144,253.2547148836834,0.23872388097686775
C3_sim_shift_up_24px,episode_000001_000021,episode_000001,252.1501211671433,55.23514484146013,246.02593842712594,0.21905658655165303
C3_sim_shift_up_24px,episode_000001_000022,episode_000001,255.37623429680718,53.24647123848551,249.76355687783374,0.20850206122391404
C3_sim_shift_up_24px,episode_000001_000023,episode_000001,268.8801251363986,61.431794068822065,261.7683257593462,0.2284727963350162
C3_sim_shift_up_24px,episode_000001_000024,episode_000001,281.79731916583626,85.51879513145167,268.5074761870086,0.3034762551489154
C3_sim_shift_up_24px,episode_000001_000025,episode_000001,314.8861913095497,116.7149218079758,292.45673270552766,0.37065747888969475
C3_sim_shift_up_24px,episode_000001_000026,episode_000001,317.57960250260004,123.92225793693514,292.40396357354865,0.39020849248629114
C3_sim_shift_up_24px,episode_000001_000027,episode_000001,314.16583080436163,120.17816020102337,290.27121637477586,0.3825309706448029
C3_sim_shift_up_24px,episode_000001_000028,episode_000001,293.7163217152593,60.89734861161024,287.3339356463446,0.20733389365622873
C3_sim_shift_up_24px,episode_000001_000029,episode_000001,294.8542310299353,61.43532409870004,288.3829372711606,0.20835829244879575
C3_sim_shift_up_24px,episode_000001_000030,episode_000001,307.57677817659845,68.41439916813165,299.87154659947316,0.22243031341218744
C3_sim_shift_up_24px,episode_000001_000031,episode_000001,295.5815727791454,72.64824118208082,286.51474520475114,0.24578068415774557
C3_sim_shift_up_24px,episode_000001_000032,episode_000001,290.18939803096623,70.94292369997208,281.38405837302594,0.2444711081154031
C3_sim_shift_up_24px,episode_000001_000033,episode_000001,290.4970955415923,72.1959832893436,281.38283976636853,0.24852566306986312
C3_sim_shift_up_24px,episode_000001_000034,episode_000001,289.3517199550188,69.8225392371054,280.8010520909964,0.24130680559963383
C3_sim_shift_up_24px,episode_000001_000035,episode_000001,290.17512779890956,71.224297544682,281.29824783027016,0.24545279977972548
C3_sim_shift_up_24px,episode_000001_000036,episode_000001,289.51155904105804,73.20835737843137,280.10262267307655,0.25286851281834
C3_sim_shift_up_24px,episode_000001_000037,episode_000001,288.8235742623586,71.46535296191578,279.8423848806913,0.24743601052800082
C3_sim_shift_up_24px,episode_000001_000038,episode_000001,289.92632185996825,71.90617693854519,280.8678939026897,0.24801534568246345
C3_sim_shift_up_24px,episode_000001_000039,episode_000001,280.41691633062976,66.09161204931245,272.51705594531614,0.2356905314919951
C3_sim_shift_up_24px,episode_000001_000040,episode_000001,264.17071234095135,50.594239781826346,259.28052020856626,0.19152100296616908
C3_sim_shift_up_24px,episode_000001_000041,episode_000001,255.82113157408853,42.190244912535654,252.31812181067647,0.16492087519485038
C3_sim_shift_up_24px,episode_000001_000042,episode_000001,261.56339698114994,41.94468361255965,258.1783378925523,0.160361442375603
C3_sim_shift_up_24px,episode_000001_000043,episode_000001,269.4338380059304,45.78258584652372,265.51562646257116,0.16992144040020699
C3_sim_shift_up_24px,episode_000001_000044,episode_000001,272.3930574707047,47.76526360088959,268.1724395820275,0.1753541887022089
C3_sim_shift_up_24px,episode_000001_000045,episode_000001,275.7280181659662,48.55490425529232,271.41916158313285,0.17609709951952054
C3_sim_shift_up_24px,episode_000002_000000,episode_000002,267.2494265849303,71.6462180043067,257.46664921044317,0.2680874526835999
C3_sim_shift_up_24px,episode_000002_000001,episode_000002,265.83152830424865,70.1497144943852,256.4086952443867,0.2638878651523143
C3_sim_shift_up_24px,episode_000002_000002,episode_000002,266.3606568758527,70.09137318073705,256.97314828007694,0.26314461753788865
C3_sim_shift_up_24px,episode_000002_000003,episode_000002,267.12754715601193,70.14750853593526,257.7526983288211,0.2625993061470618
C3_sim_shift_up_24px,episode_000002_000004,episode_000002,265.8942560906051,66.57441418936907,257.4249459499188,0.25037928674428916
C3_sim_shift_up_24px,episode_000002_000005,episode_000002,259.08926949693915,70.31051066276945,249.3665608272251,0.27137561813844274
C3_sim_shift_up_24px,episode_000002_000006,episode_000002,292.3492318843154,79.22698938017592,281.40923498901503,0.27100118878207485
C3_sim_shift_up_24px,episode_000002_000007,episode_000002,231.3807703889349,68.14706569174747,221.11770246495794,0.29452346267668233
C3_sim_shift_up_24px,episode_000002_000008,episode_000002,233.2168502978712,63.68338961480919,224.3535717345014,0.2730651303002804
C3_sim_shift_up_24px,episode_000002_000009,episode_000002,221.1932762677718,51.731322845403845,215.05891216765565,0.2338738487818184
C3_sim_shift_up_24px,episode_000002_000010,episode_000002,225.31177640276306,48.002650348237786,220.13891556313598,0.21304989519246947
C3_sim_shift_up_24px,episode_000002_000011,episode_000002,221.28551593206757,54.32089320992787,214.5146151715471,0.2454787561722017
C3_sim_shift_up_24px,episode_000002_000012,episode_000002,239.96851753578306,77.11806911502036,227.2392853894158,0.32136744397531586
C3_sim_shift_up_24px,episode_000002_000013,episode_000002,232.59044939531057,66.89378463275345,222.7634142479849,0.2876033165018776
C3_sim_shift_up_24px,episode_000002_000014,episode_000002,277.94184431568397,81.68074035058974,265.6688266947845,0.2938770898340066
C3_sim_shift_up_24px,episode_000002_000015,episode_000002,306.3691626708155,90.31180816708591,292.7555996752378,0.2947810000842782
C3_sim_shift_up_24px,episode_000002_000016,episode_000002,292.1797186939014,60.76445985486994,285.79130223747757,0.2079694652541202
C3_sim_shift_up_24px,episode_000002_000017,episode_000002,267.9217988608813,39.759730021014406,264.95519276569496,0.1484005041398654
C3_sim_shift_up_24px,episode_000002_000018,episode_000002,254.17515227743877,27.859195317554914,252.64376752953459,0.10960628947374793
C3_sim_shift_up_24px,episode_000002_000019,episode_000002,251.83434017915954,29.157552181812953,250.14070449296634,0.11578068408410759
C3_sim_shift_up_24px,episode_000002_000020,episode_000002,253.1197740621185,29.400141297088688,251.40654667881887,0.11615110437746186
C3_sim_shift_up_24px,episode_000002_000021,episode_000002,253.41686438978067,28.607343706903983,251.79699569928064,0.11288650333429667
C3_sim_shift_up_24px,episode_000002_000022,episode_000002,259.41383027324986,25.066157026291954,258.19996729080304,0.09662613978556531
C3_sim_shift_up_24px,episode_000002_000023,episode_000002,261.6476335099015,34.53446338400973,259.3585451842877,0.13198844155684997
C3_sim_shift_up_24px,episode_000002_000024,episode_000002,268.80507997354886,42.516145631555354,265.4214542576059,0.15816719548506694
C3_sim_shift_up_24px,episode_000002_000025,episode_000002,306.2724510331729,113.09156613576513,284.6280237974243,0.36925151365806647
C3_sim_shift_up_24px,episode_000002_000026,episode_000002,315.632410806019,120.30397903309586,291.806050965404,0.38115217231931275
C3_sim_shift_up_24px,episode_000002_000027,episode_000002,315.6559090542079,117.63546035460024,292.9173115198206,0.37266991360012397
C3_sim_shift_up_24px,episode_000002_000028,episode_000002,314.94318670048216,114.05406197157879,293.5658048833992,0.3621417029733896
C3_sim_shift_up_24px,episode_000002_000029,episode_000002,294.09015241963306,55.32412816067498,288.8395031734133,0.18811962150209563
C3_sim_shift_up_24px,episode_000002_000030,episode_000002,308.25690289258273,57.0632601320616,302.92920381506275,0.18511591985969653
C3_sim_shift_up_24px,episode_000002_000031,episode_000002,294.21634147983673,54.46130198106949,289.1318422109655,0.1851063122705638
C3_sim_shift_up_24px,episode_000002_000032,episode_000002,287.5591034221629,52.757202745876945,282.67811291182164,0.18346559756943107
C3_sim_shift_up_24px,episode_000002_000033,episode_000002,284.6601014675751,50.89233911155449,280.07381738978154,0.17878283204838774
C3_sim_shift_up_24px,episode_000002_000034,episode_000002,284.35937590471923,50.161959208729165,279.90004021661593,0.1764033946450108
C3_sim_shift_up_24px,episode_000002_000035,episode_000002,287.62893099397746,53.04568967209268,282.6951657739309,0.1844240406859607
C3_sim_shift_up_24px,episode_000002_000036,episode_000002,288.5064161765193,55.957345682631434,283.02778598429774,0.1939552902296446
C3_sim_shift_up_24px,episode_000002_000037,episode_000002,286.1026017686038,54.39661491460487,280.88379630123995,0.19012974568682942
C3_sim_shift_up_24px,episode_000002_000038,episode_000002,288.7736476916542,54.98130033686976,283.4912277556583,0.19039583693446124
C3_sim_shift_up_24px,episode_000002_000039,episode_000002,287.061848314223,53.884630423036405,281.95913065859526,0.18771087394397784
C3_sim_shift_up_24px,episode_000002_000040,episode_000002,292.78341816341293,62.4729434206414,286.0406637032806,0.21337596170071696
C3_sim_shift_up_24px,episode_000002_000041,episode_000002,266.35820336822917,53.06388820993379,261.0189959937678,0.1992200260360488
C3_sim_shift_up_24px,episode_000002_000042,episode_000002,250.63732500808695,37.11763414679104,247.87365717751126,0.14809300308959736
C3_sim_shift_up_24px,episode_000002_000043,episode_000002,265.2860412099155,39.44066645939749,262.33779272165026,0.14867222670109842
C3_sim_shift_up_24px,episode_000002_000044,episode_000002,259.905290313302,45.29624357497269,255.9277441990972,0.17427980600306553
C3_sim_shift_up_24px,episode_000002_000045,episode_000002,256.0148038835821,38.33361914033062,253.12865000065298,0.14973204111181831
C3_sim_shift_up_24px,episode_000002_000046,episode_000002,259.4352282295621,39.14969378678716,256.46430379864904,0.1509035378655108
C3_sim_shift_up_24px,episode_000003_000000,episode_000003,282.5022806206702,77.0392199565702,271.7949542290348,0.2727030018565215
C3_sim_shift_up_24px,episode_000003_000001,episode_000003,283.35826963626835,77.62306018694771,272.5189342017792,0.27393963227749885
C3_sim_shift_up_24px,episode_000003_000002,episode_000003,285.98078830534354,79.06667824999563,274.83353447179144,0.27647548885548084
C3_sim_shift_up_24px,episode_000003_000003,episode_000003,281.70771284034595,78.18182014592503,270.64153131478,0.27752814915022767
C3_sim_shift_up_24px,episode_000003_000004,episode_000003,283.1746359777157,82.58449318230957,270.8646819851803,0.29163803070557676
C3_sim_shift_up_24px,episode_000003_000005,episode_000003,280.78033352873064,89.16844357749741,266.24534618744394,0.3175736792419378
C3_sim_shift_up_24px,episode_000003_000006,episode_000003,267.14332060440154,81.62928907320112,254.3662967237402,0.305563653579352
C3_sim_shift_up_24px,episode_000003_000007,episode_000003,248.70392179969778,75.3296683787297,237.02126862478144,0.302888944547481
C3_sim_shift_up_24px,episode_000003_000008,episode_000003,252.95576659208479,84.85137771621451,238.29994450660195,0.3354395863726065
C3_sim_shift_up_24px,episode_000003_000009,episode_000003,258.1123680071564,82.15982668044731,244.6870601362087,0.31831030537122246
C3_sim_shift_up_24px,episode_000003_000010,episode_000003,269.85387325679784,85.16520748583122,256.06249304728567,0.3155974989648804
C3_sim_shift_up_24px,episode_000003_000011,episode_000003,285.42238083979606,93.52411790080812,269.6649307105641,0.32766918146233953
C3_sim_shift_up_24px,episode_000003_000012,episode_000003,295.6845117997002,88.2678342134066,282.2022678177864,0.2985203170641557
C3_sim_shift_up_24px,episode_000003_000013,episode_000003,269.3384472569349,76.11231027996429,258.36043697637444,0.2825898458059985
C3_sim_shift_up_24px,episode_000003_000014,episode_000003,276.5074642700258,75.84784191289327,265.9012648976991,0.27430667057444563
C3_sim_shift_up_24px,episode_000003_000015,episode_000003,290.66741694126233,93.22891805287183,275.31058118059417,0.32074086264616103
C3_sim_shift_up_24px,episode_000003_000016,episode_000003,282.8997752877957,91.53143186908414,267.6831706287874,0.3235472059882997
C3_sim_shift_up_24px,episode_000003_000017,episode_000003,286.4954982862358,94.495689272143,270.46300162362525,0.3298330683637234
C3_sim_shift_up_24px,episode_000003_000018,episode_000003,282.34638208131565,92.07021154922926,266.9130113345703,0.3260895743396247
C3_sim_shift_up_24px,episode_000003_000019,episode_000003,285.94958531826774,88.61967620956902,271.87077506087417,0.3099136377866522
C3_sim_shift_up_24px,episode_000003_000020,episode_000003,279.91789303307047,80.65034039215826,268.0476626174951,0.28812141845691136
C3_sim_shift_up_24px,episode_000003_000021,episode_000003,307.4117787154794,95.32794854644364,292.2577354304612,0.3100985555751039
C3_sim_shift_up_24px,episode_000003_000022,episode_000003,268.1805469346835,74.76361719975345,257.54845621240815,0.27878091104781905
C3_sim_shift_up_24px,episode_000003_000023,episode_000003,324.954666447268,122.23931869328725,301.0865061925827,0.37617345222252296
C3_sim_shift_up_24px,episode_000003_000024,episode_000003,317.4283411009511,112.60797809412831,296.7830773539052,0.3547508634659557
C3_sim_shift_up_24px,episode_000003_000025,episode_000003,327.56154243200655,119.473373172996,304.9961920796738,0.364735653294207
C3_sim_shift_up_24px,episode_000003_000026,episode_000003,320.1652861321319,76.3713706280414,310.92318053252995,0.2385373241136549
C3_sim_shift_up_24px,episode_000003_000027,episode_000003,312.84966007670823,75.08028397577984,303.70686651478286,0.23998838278223078
C3_sim_shift_up_24px,episode_000003_000028,episode_000003,297.73125329487016,69.48822036582459,289.50869834760533,0.233392428899643
C3_sim_shift_up_24px,episode_000003_000029,episode_000003,293.66965550045944,66.83202165430714,285.96389185237484,0.227575510109871
C3_sim_shift_up_24px,episode_000003_000030,episode_000003,290.9500158171998,65.06960024438514,283.5804274417837,0.22364528856141236
C3_sim_shift_up_24px,episode_000003_000031,episode_000003,294.15922877548047,65.57277077289568,286.75749965249514,0.22291590525940852
C3_sim_shift_up_24px,episode_000003_000032,episode_000003,293.15841452885144,66.226079199554,285.58004559654427,0.2259054351415736
C3_sim_shift_up_24px,episode_000003_000033,episode_000003,293.8615566328702,64.60735117210741,286.67142278437444,0.21985642461161825
C3_sim_shift_up_24px,episode_000003_000034,episode_000003,293.00485442715825,66.1801285017295,285.4330662508722,0.2258670035727413
C3_sim_shift_up_24px,episode_000003_000035,episode_000003,292.3682746745465,65.94323280215553,284.83450999443835,0.22554852394830147
C3_sim_shift_up_24px,episode_000003_000036,episode_000003,292.40678769607774,66.10716774898454,284.8360438268772,0.2260794568753141
C3_sim_shift_up_24px,episode_000003_000037,episode_000003,286.0624887372727,63.78436393985646,278.86072218824614,0.2229735335849563
C3_sim_shift_up_24px,episode_000003_000038,episode_000003,280.56147606161034,62.99834171251223,273.3970570275823,0.22454380621621056
C3_sim_shift_up_24px,episode_000003_000039,episode_000003,254.69769024335196,47.93194726754728,250.1468405685739,0.1881915270678368
C3_sim_shift_up_24px,episode_000003_000040,episode_000003,260.4951480028228,54.560559311865156,254.7172304744793,0.20944942633355274
C3_sim_shift_up_24px,episode_000003_000041,episode_000003,262.86853486705695,46.67245629685714,258.69199532720586,0.17755056275739223
C3_sim_shift_up_24px,episode_000003_000042,episode_000003,256.9855768570734,42.71583482232428,253.41062362891319,0.16621880241193993
C3_sim_shift_up_24px,episode_000003_000043,episode_000003,256.5072902781038,46.62276903753357,252.23462762493222,0.18176001542484588
C3_sim_shift_up_24px,episode_000004_000000,episode_000004,225.16627880111045,60.338992516301005,216.93100076120328,0.2679752618268319
C3_sim_shift_up_24px,episode_000004_000001,episode_000004,223.6760348432388,60.312310805066346,215.39125731688102,0.2696413625506892
C3_sim_shift_up_24px,episode_000004_000002,episode_000004,220.6313311296568,58.929967876517146,212.6157171098057,0.2670970055557803
C3_sim_shift_up_24px,episode_000004_000003,episode_000004,220.52560371598324,58.51141720178063,212.6216262550403,0.2653270922551831
C3_sim_shift_up_24px,episode_000004_000004,episode_000004,219.66838481238102,57.94391365265249,211.88841911887081,0.26377903084297927
C3_sim_shift_up_24px,episode_000004_000005,episode_000004,217.78727757839036,58.22257138945059,209.86050237194988,0.2673368804497497
C3_sim_shift_up_24px,episode_000004_000006,episode_000004,226.4993984590294,60.698223285457445,218.21480974555993,0.26798403747830224
C3_sim_shift_up_24px,episode_000004_000007,episode_000004,237.25515087601158,62.26317268409109,228.93952027666623,0.2624312789593745
C3_sim_shift_up_24px,episode_000004_000008,episode_000004,238.6336269827026,52.576123972157944,232.76975558474928,0.2203215223140741
C3_sim_shift_up_24px,episode_000004_000009,episode_000004,244.21005958001294,50.08589246760198,239.01873687181364,0.20509348613131903
C3_sim_shift_up_24px,episode_000004_000010,episode_000004,242.92021123716623,57.18316901897107,236.0938673673191,0.23539897618128772
C3_sim_shift_up_24px,episode_000004_000011,episode_000004,233.59799472603964,68.25843756494179,223.40279506134158,0.29220472395319275
C3_sim_shift_up_24px,episode_000004_000012,episode_000004,245.12468713047107,74.76206758810699,233.44538010156177,0.3049960755210014
C3_sim_shift_up_24px,episode_000004_000013,episode_000004,289.74069451821026,92.06384477761864,274.7251691138935,0.31774564815862416
C3_sim_shift_up_24px,episode_000004_000014,episode_000004,309.6673589105619,90.4448013827916,296.16483767907044,0.2920708262601027
C3_sim_shift_up_24px,episode_000004_000015,episode_000004,304.03455550285906,58.93507833954671,298.2677781473094,0.1938433552135902
C3_sim_shift_up_24px,episode_000004_000016,episode_000004,278.7847704137447,43.09979970479135,275.43303265957627,0.1545988313523257
C3_sim_shift_up_24px,episode_000004_000017,episode_000004,266.893560058486,32.52721401365535,264.9040444183564,0.12187335657903274
C3_sim_shift_up_24px,episode_000004_000018,episode_000004,265.2295291442567,32.5166334251186,263.2287440246231,0.12259808902135104
C3_sim_shift_up_24px,episode_000004_000019,episode_000004,268.8220298328665,33.61406458597066,266.7121639248438,0.12504207563222916
C3_sim_shift_up_24px,episode_000004_000020,episode_000004,277.2057244884906,28.45080519592865,275.74184552383826,0.10263426286894702
C3_sim_shift_up_24px,episode_000004_000021,episode_000004,294.76196298360384,31.906933788796767,293.02996843009896,0.10824644219977458
C3_sim_shift_up_24px,episode_000004_000022,episode_000004,296.26947246840655,75.60204244275499,286.4610470817835,0.25517999479618003
C3_sim_shift_up_24px,episode_000004_000023,episode_000004,294.279909179474,98.00124283051198,277.48229015624486,0.33302050114044135
C3_sim_shift_up_24px,episode_000004_000024,episode_000004,309.33504035801485,110.15103326781812,289.0586740842189,0.3560897373292489
C3_sim_shift_up_24px,episode_000004_000025,episode_000004,300.7717579323128,98.56924088535075,284.1614947894586,0.3277210651790427
C3_sim_shift_up_24px,episode_000004_000026,episode_000004,298.32901103907125,97.13942489457759,282.071145207554,0.32561172832720425
C3_sim_shift_up_24px,episode_000004_000027,episode_000004,302.94647630532694,61.10415429603418,296.72015407380144,0.20169950494637834
C3_sim_shift_up_24px,episode_000004_000028,episode_000004,311.54428350662295,61.427360485904465,305.4284203694702,0.19717055885122223
C3_sim_shift_up_24px,episode_000004_000029,episode_000004,301.00732918695763,53.68544429683782,296.1811697169768,0.17835261500723604
C3_sim_shift_up_24px,episode_000004_000030,episode_000004,297.37423148921226,50.51773726058008,293.0518585094976,0.1698793369136044
C3_sim_shift_up_24px,episode_000004_000031,episode_000004,293.3797912859431,49.715290981979805,289.136804605641,0.1694571080171119
C3_sim_shift_up_24px,episode_000004_000032,episode_000004,297.566204939461,51.19121882340406,293.1298439897372,0.1720330399543146
C3_sim_shift_up_24px,episode_000004_000033,episode_000004,295.8566346051869,51.551189744768635,291.33077948580365,0.17424381850879353
C3_sim_shift_up_24px,episode_000004_000034,episode_000004,297.64073808963394,51.393007315024676,293.170202731553,0.17266792054368502
C3_sim_shift_up_24px,episode_000004_000035,episode_000004,298.70747193537755,52.625328090339764,294.03525066462436,0.1761768051845879
C3_sim_shift_up_24px,episode_000004_000036,episode_000004,297.3143669794411,52.2445275336336,292.6881312167837,0.17572150335152234
C3_sim_shift_up_24px,episode_000004_000037,episode_000004,297.3040893588565,50.7548405184672,292.9396997906632,0.17071692699525676
C3_sim_shift_up_24px,episode_000004_000038,episode_000004,303.7270526857805,59.91943653864144,297.757927951688,0.19728053859143996
C3_sim_shift_up_24px,episode_000004_000039,episode_000004,257.32646579431565,31.674612239113543,255.3695928212576,0.1230911563695569
C3_sim_shift_up_24px,episode_000004_000040,episode_000004,263.2546581631136,37.61842909480672,260.55300581075016,0.14289748700856109
C3_sim_shift_up_24px,episode_000004_000041,episode_000004,262.12746918935505,32.2783261515106,260.13250424441964,0.12313980771009334
C3_sim_shift_up_24px,episode_000004_000042,episode_000004,247.79720162968792,31.60051913138375,245.77400254325366,0.12752573041001516
C3_sim_shift_up_24px,episode_000004_000043,episode_000004,242.1440847911957,31.90688780023354,240.0327234155149,0.1317681901160101
C3_sim_shift_up_24px,episode_000004_000044,episode_000004,244.25898918526303,30.895350187763373,242.2971958867496,0.12648603144889864
C3_sim_shift_up_24px,episode_000005_000000,episode_000005,249.4683060848973,59.3046630528448,242.3167197719888,0.23772423833536055
C3_sim_shift_up_24px,episode_000005_000001,episode_000005,248.76693870201498,59.49728958463322,241.5472258653665,0.2391687974900151
C3_sim_shift_up_24px,episode_000005_000002,episode_000005,248.9659691240945,59.29987402325505,241.80070041818666,0.23818465725208268
C3_sim_shift_up_24px,episode_000005_000003,episode_000005,247.092678966617,58.98001411728691,239.95030721719087,0.2386959191342747
C3_sim_shift_up_24px,episode_000005_000004,episode_000005,248.04742394350643,57.565793430917715,241.27516231820985,0.23207575598135824
C3_sim_shift_up_24px,episode_000005_000005,episode_000005,259.7710768372062,74.67269357690667,248.80715663969772,0.28745576484522445
C3_sim_shift_up_24px,episode_000005_000006,episode_000005,260.06651028551585,71.61411506330104,250.01201630279013,0.27536846241632185
C3_sim_shift_up_24px,episode_000005_000007,episode_000005,287.1676499177404,90.73597085241502,272.45594644409505,0.31596863671240993
C3_sim_shift_up_24px,episode_000005_000008,episode_000005,267.3111295199002,74.97449125741154,256.581498993784,0.28047650463363893
C3_sim_shift_up_24px,episode_000005_000009,episode_000005,278.79527629148293,82.11171303279585,266.4291137718701,0.2945233295378625
C3_sim_shift_up_24px,episode_000005_000010,episode_000005,293.29983091884066,93.25456205503798,278.0798041443204,0.3179495936390177
C3_sim_shift_up_24px,episode_000005_000011,episode_000005,302.9610259508779,99.00905057020573,286.3260224820562,0.3268045791020626
C3_sim_shift_up_24px,episode_000005_000012,episode_000005,302.95770607182413,103.70373809899327,284.6557682053838,0.3423043415651146
C3_sim_shift_up_24px,episode_000005_000013,episode_000005,301.2791508023094,101.54878597644375,283.64938000085795,0.3370587898499392
C3_sim_shift_up_24px,episode_000005_000014,episode_000005,289.27209922457234,105.89572032288066,269.19220606676015,0.3660765093029937
C3_sim_shift_up_24px,episode_000005_000015,episode_000005,294.3498684173055,108.81493092534356,273.4979997093174,0.3696788842150068
C3_sim_shift_up_24px,episode_000005_000016,episode_000005,295.5940504835126,110.79642493334283,274.0437828217227,0.3748263023295279
C3_sim_shift_up_24px,episode_000005_000017,episode_000005,294.6406520582798,110.29372878446969,273.2186070459809,0.37433303250582556
C3_sim_shift_up_24px,episode_000005_000018,episode_000005,297.9723358594895,114.55335700139418,275.07279279723673,0.38444292712935757
C3_sim_shift_up_24px,episode_000005_000019,episode_000005,318.114881186426,119.88905701065016,294.65860184517095,0.37687346333349037
C3_sim_shift_up_24px,episode_000005_000020,episode_000005,329.1912036434993,115.9963719990221,308.0774094920306,0.3523677750655861
C3_sim_shift_up_24px,episode_000005_000021,episode_000005,277.9226068128431,57.14988245621198,271.98320961575433,0.20563236331004006
C3_sim_shift_up_24px,episode_000005_000022,episode_000005,287.5607509843256,89.71310962786353,273.20824194662987,0.3119796749757189
C3_sim_shift_up_24px,episode_000005_000023,episode_000005,321.2221298378739,114.17648515591826,300.2455444049425,0.3554440200416609
C3_sim_shift_up_24px,episode_000005_000024,episode_000005,325.5177277447242,114.03012696179873,304.8916548893466,0.3503038920547603
C3_sim_shift_up_24px,episode_000005_000025,episode_000005,275.7285323909121,50.033547757928936,271.15100529631326,0.18145944971336606
C3_sim_shift_up_24px,episode_000005_000026,episode_000005,271.70051247032563,51.42534600111921,266.78943432096924,0.18927217153017237
C3_sim_shift_up_24px,episode_000005_000027,episode_000005,275.3244219052544,51.91364883401008,270.38585458969857,0.1885544641291385
C3_sim_shift_up_24px,episode_000005_000028,episode_000005,266.4563805730853,63.15209473870396,258.86447357299267,0.23700725275513607
C3_sim_shift_up_24px,episode_000005_000029,episode_000005,263.3927589264964,63.159281741084236,255.7081355468805,0.23979126077156038
C3_sim_shift_up_24px,episode_000005_000030,episode_000005,262.43792076459073,64.54477128227266,254.37695405708575,0.24594300661362856
C3_sim_shift_up_24px,episode_000005_000031,episode_000005,262.52231476600207,63.59403556572714,254.70328696458728,0.24224239993621632
C3_sim_shift_up_24px,episode_000005_000032,episode_000005,260.64953120094503,63.66566465585147,252.75454745503805,0.24425773705600526
C3_sim_shift_up_24px,episode_000005_000033,episode_000005,264.4148599569758,64.07369257338993,256.53416943182805,0.24232258574202548
C3_sim_shift_up_24px,episode_000005_000034,episode_000005,264.625623154139,66.20672756469558,256.20965956593164,0.25019016214515066
C3_sim_shift_up_24px,episode_000005_000035,episode_000005,263.0842633871347,64.34683585329952,255.09373641393034,0.2445864113073599
C3_sim_shift_up_24px,episode_000005_000036,episode_000005,249.2690339682861,52.25181095426787,243.73099833111507,0.20962014463824552
C3_sim_shift_up_24px,episode_000005_000037,episode_000005,257.1138881501839,57.378756722198176,250.62966655350297,0.22316475058975585
C3_sim_shift_up_24px,episode_000005_000038,episode_000005,257.93692716083694,46.038679096074276,253.79499289833043,0.1784881273217882
C3_sim_shift_up_24px,episode_000005_000039,episode_000005,245.56624234554448,44.44614746129318,241.51049533210698,0.1809945334373424
C3_sim_shift_up_24px,episode_000005_000040,episode_000005,267.49802533148284,46.590540909147045,263.40940578125856,0.1741715321128527
C3_sim_shift_up_24px,episode_000005_000041,episode_000005,275.12598161916026,63.322811712428425,267.73966325283004,0.23015933042660525
C3_sim_shift_up_24px,episode_000005_000042,episode_000005,282.4068170263524,71.8489198853631,273.11415747680013,0.2544163793279063
C4_sim_shift_down_24px,episode_000001_000000,episode_000001,250.77188142691216,47.77304507310884,246.17935063452418,0.1905039943125855
C4_sim_shift_down_24px,episode_000001_000001,episode_000001,250.28568833035416,48.49770271172089,245.54205060373005,0.19376938024402085
C4_sim_shift_down_24px,episode_000001_000002,episode_000001,256.5205573377132,49.72414926827144,251.65513171083495,0.19384079694949688
C4_sim_shift_down_24px,episode_000001_000003,episode_000001,253.22392562317077,48.5966817198949,248.517039725296,0.19191188826372163
C4_sim_shift_down_24px,episode_000001_000004,episode_000001,253.43571846073573,52.79646614771275,247.87536495993854,0.2083229091320543
C4_sim_shift_down_24px,episode_000001_000005,episode_000001,263.59583265005887,62.7835325540846,256.00974792087123,0.238181051357644
C4_sim_shift_down_24px,episode_000001_000006,episode_000001,309.2283462249672,78.24456732564533,299.16543549188754,0.25303167798440285
C4_sim_shift_down_24px,episode_000001_000007,episode_000001,376.8927209867477,114.31890260076044,359.13689818918954,0.30331947590142005
C4_sim_shift_down_24px,episode_000001_000008,episode_000001,377.7386544784215,108.13202285681852,361.9308728473723,0.28626147092657583
C4_sim_shift_down_24px,episode_000001_000009,episode_000001,345.5003884494848,94.64997148755562,332.2828634103026,0.2739504054172555
C4_sim_shift_down_24px,episode_000001_000010,episode_000001,253.86672851437294,56.79905749581332,247.43116803300595,0.22373572869592315
C4_sim_shift_down_24px,episode_000001_000011,episode_000001,255.44170006047227,60.39647857471516,248.1989675755285,0.23643938542695705
C4_sim_shift_down_24px,episode_000001_000012,episode_000001,265.20501201622363,67.31823277271945,256.5189153549564,0.25383469286998744
C4_sim_shift_down_24px,episode_000001_000013,episode_000001,258.7083818408553,66.16005245765149,250.10572623095734,0.25573215675072297
C4_sim_shift_down_24px,episode_000001_000014,episode_000001,271.3852882381536,76.06185140015,260.50829052774344,0.2802725670722508
C4_sim_shift_down_24px,episode_000001_000015,episode_000001,255.64931798468817,53.45888520284501,249.9974427447314,0.2091102202981307
C4_sim_shift_down_24px,episode_000001_000016,episode_000001,247.12269269492893,58.34110185880648,240.13733795204078,0.23608152380739927
C4_sim_shift_down_24px,episode_000001_000017,episode_000001,255.36041703839803,65.29427648176834,246.87162665795952,0.25569458743463036
C4_sim_shift_down_24px,episode_000001_000018,episode_000001,254.91460742421677,67.3294722796824,245.86215495838726,0.26412559468448155
C4_sim_shift_down_24px,episode_000001_000019,episode_000001,257.2903052304914,68.600738179552,247.97628896090043,0.26662776165661034
C4_sim_shift_down_24px,episode_000001_000020,episode_000001,255.10974924806322,66.130139709841,246.38950623629773,0.2592223147283073
C4_sim_shift_down_24px,episode_000001_000021,episode_000001,247.55882090824494,58.19376245735396,240.62181077478732,0.2350704460614751
C4_sim_shift_down_24px,episode_000001_000022,episode_000001,246.56826337593327,60.67453910694167,238.9864197153968,0.24607602891063685
C4_sim_shift_down_24px,episode_000001_000023,episode_000001,257.09798519096654,69.31265933640657,247.57853147025835,0.2695962758514918
C4_sim_shift_down_24px,episode_000001_000024,episode_000001,285.385351371076,105.0137531721172,265.36184809029754,0.3679717710373007
C4_sim_shift_down_24px,episode_000001_000025,episode_000001,314.7286091161725,124.96375567011783,288.8566377375109,0.39705241929243
C4_sim_shift_down_24px,episode_000001_000026,episode_000001,330.6448827774383,132.93349448193038,302.7453130136427,0.40204310245263886
C4_sim_shift_down_24px,episode_000001_000027,episode_000001,330.6339565403135,134.83279408251158,301.89225040965346,0.40780080634601035
C4_sim_shift_down_24px,episode_000001_000028,episode_000001,302.1789797103181,61.51764855361353,295.85083183118303,0.20358017163399988
C4_sim_shift_down_24px,episode_000001_000029,episode_000001,302.94001162876265,62.02330076453732,296.5227829491464,0.2047378965593481
C4_sim_shift_down_24px,episode_000001_000030,episode_000001,312.97619604679636,63.443943986992835,306.4783275588961,0.20271172309061697
C4_sim_shift_down_24px,episode_000001_000031,episode_000001,301.9457916657543,62.28285948914146,295.4523760583336,0.20627165937814054
C4_sim_shift_down_24px,episode_000001_000032,episode_000001,295.8766797575643,59.867645740340905,289.75657821328116,0.2023398592595919
C4_sim_shift_down_24px,episode_000001_000033,episode_000001,295.52442417860215,61.9263198597061,288.9633474936358,0.2095472143523424
C4_sim_shift_down_24px,episode_000001_000034,episode_000001,293.96352922365287,60.53008095253403,287.66415455093653,0.2059101723005973
C4_sim_shift_down_24px,episode_000001_000035,episode_000001,292.978106268288,61.83462129223925,286.3785089042081,0.21105543373133692
C4_sim_shift_down_24px,episode_000001_000036,episode_000001,293.67844783138145,62.49506014915225,286.9519091722571,0.2128009753886824
C4_sim_shift_down_24px,episode_000001_000037,episode_000001,295.18411381646507,59.46629585948062,289.1321855248297,0.20145493295907732
C4_sim_shift_down_24px,episode_000001_000038,episode_000001,296.80969991221116,60.444092469501356,290.58993383721196,0.20364594717551077
C4_sim_shift_down_24px,episode_000001_000039,episode_000001,286.24201930813604,53.065313356355794,281.2802270618948,0.1853861759521464
C4_sim_shift_down_24px,episode_000001_000040,episode_000001,278.18910705177836,46.793833972317586,274.2253022323742,0.16820872128400058
C4_sim_shift_down_24px,episode_000001_000041,episode_000001,265.40909828082306,41.240114283498734,262.1855114687376,0.15538319730043146
C4_sim_shift_down_24px,episode_000001_000042,episode_000001,262.57824137698765,36.84988480719999,259.97965080815015,0.14033868386792203
C4_sim_shift_down_24px,episode_000001_000043,episode_000001,265.1751086543424,43.459758659864434,261.58954036250884,0.16389079231608625
C4_sim_shift_down_24px,episode_000001_000044,episode_000001,272.2891059180608,44.24320199569246,268.670609257554,0.16248612608470073
C4_sim_shift_down_24px,episode_000001_000045,episode_000001,275.7075342172592,43.82049707382532,272.2028810655097,0.15893833731541956
C4_sim_shift_down_24px,episode_000002_000000,episode_000002,309.9711934651544,86.37381676708966,297.6939780299517,0.2786511088386006
C4_sim_shift_down_24px,episode_000002_000001,episode_000002,317.9647765397237,88.97895119170396,305.26111014143413,0.2798390191518202
C4_sim_shift_down_24px,episode_000002_000002,episode_000002,318.51214872615265,89.30312020596281,305.7367194296919,0.2803758681203178
C4_sim_shift_down_24px,episode_000002_000003,episode_000002,315.53369432916594,87.92495643746089,303.035830047343,0.27865473012126957
C4_sim_shift_down_24px,episode_000002_000004,episode_000002,316.86132308473117,86.26973218757671,304.8911795629552,0.27226337171011405
C4_sim_shift_down_24px,episode_000002_000005,episode_000002,334.24469695377644,98.16382294833723,319.50490028462684,0.2936884978070798
C4_sim_shift_down_24px,episode_000002_000006,episode_000002,445.3882552318659,158.71906118607185,416.14775923306104,0.3563611283450747
C4_sim_shift_down_24px,episode_000002_000007,episode_000002,334.6838029882553,105.47131385862666,317.6303668348106,0.3151371919313581
C4_sim_shift_down_24px,episode_000002_000008,episode_000002,347.94814355914576,108.2586854309445,330.67804226319555,0.31113453954250575
C4_sim_shift_down_24px,episode_000002_000009,episode_000002,228.53070670418407,57.15289199831734,221.26868473180403,0.25008845779441574
C4_sim_shift_down_24px,episode_000002_000010,episode_000002,224.233628118313,55.15133153524767,217.3454637414618,0.24595477492853135
C4_sim_shift_down_24px,episode_000002_000011,episode_000002,226.2126002800817,60.618834923278925,217.9392056928268,0.2679728487636172
C4_sim_shift_down_24px,episode_000002_000012,episode_000002,243.4403491628787,85.66715074787956,227.8691354336615,0.3519020205256205
C4_sim_shift_down_24px,episode_000002_000013,episode_000002,236.01092493950313,76.90937664387846,223.12800020403046,0.32587210385956794
C4_sim_shift_down_24px,episode_000002_000014,episode_000002,289.7706474404621,94.48893022258763,273.9322364809508,0.3260817859131224
C4_sim_shift_down_24px,episode_000002_000015,episode_000002,322.2903751283744,99.29420419294021,306.61335084121663,0.308089263147835
C4_sim_shift_down_24px,episode_000002_000016,episode_000002,301.2918616569296,70.00661693489282,293.045831715842,0.23235482216445288
C4_sim_shift_down_24px,episode_000002_000017,episode_000002,290.38534127364716,50.441472046068974,285.9708102664294,0.17370529732950607
C4_sim_shift_down_24px,episode_000002_000018,episode_000002,259.3316344584444,28.87741686848654,257.71882241289995,0.11135323667238095
C4_sim_shift_down_24px,episode_000002_000019,episode_000002,256.970154265649,28.125405984825033,255.42635283286688,0.1094500879497069
C4_sim_shift_down_24px,episode_000002_000020,episode_000002,259.62986843450096,28.267805011671612,258.0864192148405,0.10887732286781547
C4_sim_shift_down_24px,episode_000002_000021,episode_000002,255.9470945085974,25.199637399177746,254.70354034120305,0.0984564308009024
C4_sim_shift_down_24px,episode_000002_000022,episode_000002,258.0281104628172,23.574645246171222,256.94890910554375,0.09136463931734451
C4_sim_shift_down_24px,episode_000002_000023,episode_000002,250.35412158953903,35.44270474826621,247.8326065653931,0.14157028661335677
C4_sim_shift_down_24px,episode_000002_000024,episode_000002,275.8041356869406,51.42651252186807,270.967221397457,0.1864602660644698
C4_sim_shift_down_24px,episode_000002_000025,episode_000002,320.39341713574913,128.06957350368174,293.6837177756152,0.3997259826640548
C4_sim_shift_down_24px,episode_000002_000026,episode_000002,326.9904663267434,128.70453025218762,300.59592306141616,0.3936033111240018
C4_sim_shift_down_24px,episode_000002_000027,episode_000002,322.86064851408236,120.99573093397098,299.33097309614976,0.3747614690450374
C4_sim_shift_down_24px,episode_000002_000028,episode_000002,320.7628623655774,118.33276165837408,298.1378395830707,0.36891041807548397
C4_sim_shift_down_24px,episode_000002_000029,episode_000002,297.7649449445295,49.44191481176734,293.6315029038346,0.16604343678191485
C4_sim_shift_down_24px,episode_000002_000030,episode_000002,308.30716373592435,50.0157511424335,304.2231612624986,0.16222701586419738
C4_sim_shift_down_24px,episode_000002_000031,episode_000002,298.54195263232884,49.044891077340296,294.4858165357638,0.1642814038191203
C4_sim_shift_down_24px,episode_000002_000032,episode_000002,292.23740728958495,47.74824865827023,288.3102616443035,0.1633885582996408
C4_sim_shift_down_24px,episode_000002_000033,episode_000002,287.94718146450407,45.684767241915054,284.2999847967004,0.1586567613183834
C4_sim_shift_down_24px,episode_000002_000034,episode_000002,291.33424626966956,43.623204582679485,288.0497510352233,0.14973593094956733
C4_sim_shift_down_24px,episode_000002_000035,episode_000002,295.206817263045,47.70269425512192,291.3271664630321,0.16159076100406
C4_sim_shift_down_24px,episode_000002_000036,episode_000002,295.432288003951,50.00749247237701,291.16917332003845,0.1692688798852894
C4_sim_shift_down_24px,episode_000002_000037,episode_000002,294.64816408343734,47.95908407290536,290.7188794224211,0.16276729305981522
C4_sim_shift_down_24px,episode_000002_000038,episode_000002,295.69601472748263,47.977187755859745,291.7778651316008,0.1622517226012537
C4_sim_shift_down_24px,episode_000002_000039,episode_000002,295.3078043035948,48.491854849045595,291.2992263908528,0.1642078338003995
C4_sim_shift_down_24px,episode_000002_000040,episode_000002,299.12837758033413,52.58965101735165,294.4692087124155,0.17580963545736525
C4_sim_shift_down_24px,episode_000002_000041,episode_000002,266.8575266038716,40.26199181600852,263.80278906816676,0.15087448470499462
C4_sim_shift_down_24px,episode_000002_000042,episode_000002,251.70397469133425,35.43471533446261,249.19725484960992,0.14077932371912824
C4_sim_shift_down_24px,episode_000002_000043,episode_000002,258.98109197683027,36.62204369371605,256.3786885004426,0.14140817545472564
C4_sim_shift_down_24px,episode_000002_000044,episode_000002,251.79558839195136,40.618018523491735,248.4978770631135,0.16131346376198102
C4_sim_shift_down_24px,episode_000002_000045,episode_000002,247.2369042798305,38.05316142712903,244.29089983721238,0.15391375950921657
C4_sim_shift_down_24px,episode_000002_000046,episode_000002,250.38983745590514,40.26674134364798,247.13085651686302,0.1608161966666844
C4_sim_shift_down_24px,episode_000003_000000,episode_000003,334.63510859045164,93.45294776146683,321.3210270991239,0.27926820994697443
C4_sim_shift_down_24px,episode_000003_000001,episode_000003,347.96080616145656,99.99369796764223,333.28363744907534,0.2873705779415983
C4_sim_shift_down_24px,episode_000003_000002,episode_000003,346.8392213324734,99.91419723345987,332.1364157175629,0.2880706422117239
C4_sim_shift_down_24px,episode_000003_000003,episode_000003,341.4487053891194,98.19156992366793,327.02543327366925,0.28757341402647146
C4_sim_shift_down_24px,episode_000003_000004,episode_000003,333.2142215697054,97.10772768441342,318.7503830276515,0.2914273203195181
C4_sim_shift_down_24px,episode_000003_000005,episode_000003,314.0534514271359,99.06703158368997,298.0189484017628,0.3154464029403437
C4_sim_shift_down_24px,episode_000003_000006,episode_000003,289.07164558321006,90.84378377856886,274.42635301475264,0.3142604443105757
C4_sim_shift_down_24px,episode_000003_000007,episode_000003,275.3956233722808,85.86442238655474,261.6678244279003,0.31178571879656525
C4_sim_shift_down_24px,episode_000003_000008,episode_000003,267.900197177898,89.98571083775796,252.33526803239386,0.33589266370716153
C4_sim_shift_down_24px,episode_000003_000009,episode_000003,265.43419777709636,86.40552715842965,250.97688783241492,0.32552522576985504
C4_sim_shift_down_24px,episode_000003_000010,episode_000003,272.28297997514204,89.14174498307317,257.27761365015095,0.3273864014240307
C4_sim_shift_down_24px,episode_000003_000011,episode_000003,280.9139639370701,95.64848052252661,264.1288006041169,0.34049030237583217
C4_sim_shift_down_24px,episode_000003_000012,episode_000003,300.62318938858374,93.17489487174437,285.8194202005939,0.3099391469475332
C4_sim_shift_down_24px,episode_000003_000013,episode_000003,285.28687437245094,92.51307684879269,269.87021195599186,0.32428087360238655
C4_sim_shift_down_24px,episode_000003_000014,episode_000003,283.97776238678523,89.95559345078934,269.3535979657999,0.3167698509021542
C4_sim_shift_down_24px,episode_000003_000015,episode_000003,310.1971611312634,105.34546884804826,291.7612225212252,0.3396081010666315
C4_sim_shift_down_24px,episode_000003_000016,episode_000003,312.2175888162747,108.69998803690308,292.68436132978735,0.3481545945217964
C4_sim_shift_down_24px,episode_000003_000017,episode_000003,311.52872913231005,110.65480454573452,291.2141193447486,0.3551993578696175
C4_sim_shift_down_24px,episode_000003_000018,episode_000003,309.1451056160817,108.66370296526713,289.4182025793376,0.3514974068527335
C4_sim_shift_down_24px,episode_000003_000019,episode_000003,296.91335933566324,100.13125254699405,279.5197224085606,0.33724064410922905
C4_sim_shift_down_24px,episode_000003_000020,episode_000003,291.3768574509535,92.94540698072635,276.1550730643571,0.31898692227597913
C4_sim_shift_down_24px,episode_000003_000021,episode_000003,293.6095845291234,101.71891565751227,275.42666959614564,0.346442762829572
C4_sim_shift_down_24px,episode_000003_000022,episode_000003,273.3014074091585,82.50457910293593,260.5506739942813,0.3018812814945319
C4_sim_shift_down_24px,episode_000003_000023,episode_000003,333.78731564992387,132.16431429985212,306.507040888838,0.39595367499963974
C4_sim_shift_down_24px,episode_000003_000024,episode_000003,334.3547001168196,116.73251061914154,313.3154743302034,0.3491277693370441
C4_sim_shift_down_24px,episode_000003_000025,episode_000003,345.8713234345746,127.71146648689555,321.4292359169444,0.36924560619450597
C4_sim_shift_down_24px,episode_000003_000026,episode_000003,325.28186558808835,74.64473055444155,316.6014154752344,0.22947707342826737
C4_sim_shift_down_24px,episode_000003_000027,episode_000003,316.49039820699323,72.93032231731608,307.972953753919,0.23043454945390693
C4_sim_shift_down_24px,episode_000003_000028,episode_000003,300.03670300585605,64.19960526395545,293.0877579063591,0.21397250609937016
C4_sim_shift_down_24px,episode_000003_000029,episode_000003,298.0483098667521,61.02488909612077,291.73405342063455,0.20474831453801248
C4_sim_shift_down_24px,episode_000003_000030,episode_000003,296.4403754489126,60.690618498777845,290.1612396970486,0.20473128333774165
C4_sim_shift_down_24px,episode_000003_000031,episode_000003,299.48694516599585,61.16118631874875,293.17527114840965,0.2042198743749885
C4_sim_shift_down_24px,episode_000003_000032,episode_000003,298.45237736699397,60.86107443679021,292.18102466520656,0.2039222303193517
C4_sim_shift_down_24px,episode_000003_000033,episode_000003,299.6441431559867,61.455216689998316,293.2743917720584,0.20509400264835606
C4_sim_shift_down_24px,episode_000003_000034,episode_000003,299.2893080467768,61.330713927737996,292.9379344506826,0.2049211658378135
C4_sim_shift_down_24px,episode_000003_000035,episode_000003,298.33093515087717,60.96031109174743,292.0362774375715,0.20433788088693353
C4_sim_shift_down_24px,episode_000003_000036,episode_000003,298.72579100478555,61.02586800110316,292.4259592548971,0.20428724214216085
C4_sim_shift_down_24px,episode_000003_000037,episode_000003,296.90506977859775,61.85313144331394,290.3907894388011,0.2083262892393109
C4_sim_shift_down_24px,episode_000003_000038,episode_000003,289.48801028632533,55.677359136693205,284.0833324556358,0.19233044947742092
C4_sim_shift_down_24px,episode_000003_000039,episode_000003,266.91693823144493,45.69274291475454,262.9768528973133,0.1711871236704137
C4_sim_shift_down_24px,episode_000003_000040,episode_000003,266.4829608657305,40.59925735364852,263.3721107750376,0.15235216999147938
C4_sim_shift_down_24px,episode_000003_000041,episode_000003,258.4806929414946,44.47918974912842,254.6249600938138,0.17207935046505
C4_sim_shift_down_24px,episode_000003_000042,episode_000003,256.32153196583596,32.9749766186244,254.19161800955246,0.1286469239073505
C4_sim_shift_down_24px,episode_000003_000043,episode_000003,255.59486830278965,33.69068702094288,253.36470612691355,0.13181284602721882
C4_sim_shift_down_24px,episode_000004_000000,episode_000004,224.75015246304326,62.19461658643075,215.97328700519438,0.27672780598739616
C4_sim_shift_down_24px,episode_000004_000001,episode_000004,225.53285700218447,63.20376310371783,216.49562101136576,0.2802419299069388
C4_sim_shift_down_24px,episode_000004_000002,episode_000004,224.3425462774929,62.64777703644326,215.41781287224399,0.2792505393023097
C4_sim_shift_down_24px,episode_000004_000003,episode_000004,225.43611082773796,62.97362466838407,216.4619196562334,0.2793413372736189
C4_sim_shift_down_24px,episode_000004_000004,episode_000004,227.51732229421444,62.80362856931993,218.67747067875177,0.27603888765931106
C4_sim_shift_down_24px,episode_000004_000005,episode_000004,218.82566951631986,60.12634118893528,210.40317662644114,0.27476822678909296
C4_sim_shift_down_24px,episode_000004_000006,episode_000004,230.6978161584064,65.5836794326233,221.17925619808196,0.28428391965180505
C4_sim_shift_down_24px,episode_000004_000007,episode_000004,261.0295960939795,71.7007714494766,250.98894280532755,0.274684451580969
C4_sim_shift_down_24px,episode_000004_000008,episode_000004,322.1172246057018,92.60430514378388,308.51896061104105,0.28748634990612265
C4_sim_shift_down_24px,episode_000004_000009,episode_000004,270.1342603373682,63.691614429845835,262.51837432708754,0.23577762535674657
C4_sim_shift_down_24px,episode_000004_000010,episode_000004,270.3272191498992,70.17294117683078,261.06045993200627,0.25958518493810706
C4_sim_shift_down_24px,episode_000004_000011,episode_000004,246.77325988525817,74.93985823086295,235.11924515601723,0.3036790058441001
C4_sim_shift_down_24px,episode_000004_000012,episode_000004,270.4929071689976,85.62931491997587,256.5814359127947,0.3165676905031624
C4_sim_shift_down_24px,episode_000004_000013,episode_000004,337.960190358509,105.10246062828244,321.2017481849063,0.31099065400806375
C4_sim_shift_down_24px,episode_000004_000014,episode_000004,348.342850640787,99.08684631317281,333.95289859538474,0.28445207395788263
C4_sim_shift_down_24px,episode_000004_000015,episode_000004,319.8760475816638,67.27011078178819,312.72258954522744,0.21030055638853126
C4_sim_shift_down_24px,episode_000004_000016,episode_000004,280.9688883483231,48.32654953039495,276.781612160524,0.1719996467028175
C4_sim_shift_down_24px,episode_000004_000017,episode_000004,267.175934288046,37.306945075961025,264.55844668388403,0.1396343767838757
C4_sim_shift_down_24px,episode_000004_000018,episode_000004,265.6622535343547,37.96295362593954,262.9358231678341,0.14289931339843234
C4_sim_shift_down_24px,episode_000004_000019,episode_000004,269.39127299688033,39.03026988754611,266.54886231118115,0.14488320075609168
C4_sim_shift_down_24px,episode_000004_000020,episode_000004,276.7724654990796,35.7940561896608,274.4481430068905,0.1293266514973464
C4_sim_shift_down_24px,episode_000004_000021,episode_000004,297.9682021597923,46.69206275768997,294.28710602704086,0.15670149505634254
C4_sim_shift_down_24px,episode_000004_000022,episode_000004,299.9141935149795,84.74952945451955,287.69087703467085,0.28257925529051914
C4_sim_shift_down_24px,episode_000004_000023,episode_000004,312.22886433078327,108.72028190984162,292.6888518935001,0.34820701840897245
C4_sim_shift_down_24px,episode_000004_000024,episode_000004,323.69859512096474,116.555265427569,301.9861761478416,0.36007343616679216
C4_sim_shift_down_24px,episode_000004_000025,episode_000004,313.2315799008021,104.22278623189031,295.38387477520547,0.33273396719735865
C4_sim_shift_down_24px,episode_000004_000026,episode_000004,309.85315521841994,102.31887947485976,292.4719212194897,0.33021732311466606
C4_sim_shift_down_24px,episode_000004_000027,episode_000004,309.19404309810443,56.613005654240325,303.966978269261,0.18309862986680353
C4_sim_shift_down_24px,episode_000004_000028,episode_000004,315.9132087018857,55.7432068929555,310.95634792943264,0.1764510167903681
C4_sim_shift_down_24px,episode_000004_000029,episode_000004,303.975125362244,49.20661799291236,299.96597404487653,0.16187712048567576
C4_sim_shift_down_24px,episode_000004_000030,episode_000004,300.28825907653885,46.73247234753025,296.629591523681,0.15562537307067628
C4_sim_shift_down_24px,episode_000004_000031,episode_000004,300.0079231096748,45.61918198281796,296.51921381893465,0.15205992398454365
C4_sim_shift_down_24px,episode_000004_000032,episode_000004,303.5760460392993,47.94999222246217,299.76526479016974,0.1579505130528475
C4_sim_shift_down_24px,episode_000004_000033,episode_000004,301.21282209496627,46.77221177918217,297.55927879953117,0.15527961742756038
C4_sim_shift_down_24px,episode_000004_000034,episode_000004,303.3709388111553,47.82273412192371,299.5778907333876,0.1576378222295471
C4_sim_shift_down_24px,episode_000004_000035,episode_000004,303.7625916801015,48.19247742819339,299.91531675382157,0.15865178513799968
C4_sim_shift_down_24px,episode_000004_000036,episode_000004,302.37116298020044,48.59065135223994,298.441399278257,0.16069869518417568
C4_sim_shift_down_24px,episode_000004_000037,episode_000004,301.39565958654407,47.1606191940401,297.6830858729509,0.1564741153165087
C4_sim_shift_down_24px,episode_000004_000038,episode_000004,308.0708673392262,48.87705491824563,304.1688557457221,0.15865523196137082
C4_sim_shift_down_24px,episode_000004_000039,episode_000004,267.23278322018325,31.733967966947827,265.34188456532485,0.11875028050282664
C4_sim_shift_down_24px,episode_000004_000040,episode_000004,269.942723799584,35.678495402183934,267.57451130138463,0.13217061345455283
C4_sim_shift_down_24px,episode_000004_000041,episode_000004,274.08817054912663,33.35070890477886,272.0515676310574,0.12167876066289841
C4_sim_shift_down_24px,episode_000004_000042,episode_000004,261.8430445676478,39.01997712569879,258.91933371914337,0.14902048358828138
C4_sim_shift_down_24px,episode_000004_000043,episode_000004,263.5644796586308,34.14960549929061,261.3427622528843,0.12956831490920645
C4_sim_shift_down_24px,episode_000004_000044,episode_000004,264.6425327438322,34.944178153212164,262.32532197686686,0.13204294030482738
C4_sim_shift_down_24px,episode_000005_000000,episode_000005,254.42810208903606,64.86826312317638,246.01985198762173,0.2549571473849064
C4_sim_shift_down_24px,episode_000005_000001,episode_000005,255.86688027887456,65.37834609050593,247.3732650997556,0.2555170329948477
C4_sim_shift_down_24px,episode_000005_000002,episode_000005,260.1126914155391,66.81696217200131,251.3843785948936,0.2568769782373244
C4_sim_shift_down_24px,episode_000005_000003,episode_000005,260.273230789084,67.08967792290552,251.47789123815355,0.25776633931774784
C4_sim_shift_down_24px,episode_000005_000004,episode_000005,259.01511057260035,67.18014922178736,250.1512643491429,0.25936768350415285
C4_sim_shift_down_24px,episode_000005_000005,episode_000005,271.5117705571238,82.23744148373179,258.7578883227988,0.30288720564484595
C4_sim_shift_down_24px,episode_000005_000006,episode_000005,261.0125059287026,78.4728303686958,248.93682561064944,0.3006477796513367
C4_sim_shift_down_24px,episode_000005_000007,episode_000005,284.38593311972596,91.8123407583274,269.15767319705753,0.3228441707757555
C4_sim_shift_down_24px,episode_000005_000008,episode_000005,273.9220148915276,78.95969393625221,262.29494271855043,0.2882561081025927
C4_sim_shift_down_24px,episode_000005_000009,episode_000005,287.53194055764,85.47984362464665,274.5319893468668,0.2972881672167164
C4_sim_shift_down_24px,episode_000005_000010,episode_000005,300.24970689287903,96.8346121526924,284.20581341432376,0.3225135942838418
C4_sim_shift_down_24px,episode_000005_000011,episode_000005,306.10061178267404,104.86340617826151,287.57825122637536,0.3425782312800886
C4_sim_shift_down_24px,episode_000005_000012,episode_000005,308.75568924420855,111.23050045127107,288.0240465829651,0.36025409191178964
C4_sim_shift_down_24px,episode_000005_000013,episode_000005,315.0264335626695,110.71103387800657,294.9317223034476,0.35143410864276686
C4_sim_shift_down_24px,episode_000005_000014,episode_000005,303.0791211646533,110.3341078766506,282.282373387008,0.36404390857630065
C4_sim_shift_down_24px,episode_000005_000015,episode_000005,309.38323926260404,112.27313321258916,288.2927891835831,0.36289339228649
C4_sim_shift_down_24px,episode_000005_000016,episode_000005,313.37972274476886,115.01402585841986,291.510933728783,0.3670117034090705
C4_sim_shift_down_24px,episode_000005_000017,episode_000005,311.8398882296226,114.37647762743393,290.1071134195172,0.3667794978916009
C4_sim_shift_down_24px,episode_000005_000018,episode_000005,325.3866189920382,119.49131646464639,302.6520726983636,0.36722873495781394
C4_sim_shift_down_24px,episode_000005_000019,episode_000005,333.9138170509933,128.47224390515441,308.209863183414,0.38474671410657707
C4_sim_shift_down_24px,episode_000005_000020,episode_000005,322.14043832286296,127.41210812294214,295.87263595424633,0.3955172743486624
C4_sim_shift_down_24px,episode_000005_000021,episode_000005,268.32921362063246,59.6456231883571,261.6160670080099,0.2222852382845086
C4_sim_shift_down_24px,episode_000005_000022,episode_000005,297.27530411600645,99.89157753199399,279.989784055479,0.33602380066193815
C4_sim_shift_down_24px,episode_000005_000023,episode_000005,335.39154131643807,116.23438903541752,314.60618683074114,0.3465632692440258
C4_sim_shift_down_24px,episode_000005_000024,episode_000005,345.0410690615118,119.99803756194441,323.50241161449344,0.3477789988546317
C4_sim_shift_down_24px,episode_000005_000025,episode_000005,290.30071095853583,50.66459654167835,285.8454152864802,0.17452453483283017
C4_sim_shift_down_24px,episode_000005_000026,episode_000005,283.8871885221963,47.58972304464644,279.86988774709374,0.167636036315621
C4_sim_shift_down_24px,episode_000005_000027,episode_000005,281.31117347800483,45.81588754942484,277.55518509231746,0.16286550933252247
C4_sim_shift_down_24px,episode_000005_000028,episode_000005,275.7630052784292,55.802745681536464,270.05793573711685,0.20235762090420428
C4_sim_shift_down_24px,episode_000005_000029,episode_000005,271.9315407316971,54.33949477403288,266.44695936042785,0.199827848685075
C4_sim_shift_down_24px,episode_000005_000030,episode_000005,271.5634974987123,56.21088855624722,265.6822711086501,0.20698985347437485
C4_sim_shift_down_24px,episode_000005_000031,episode_000005,274.62899316565097,58.21014924606569,268.3890132101721,0.21195922752028748
C4_sim_shift_down_24px,episode_000005_000032,episode_000005,270.62153851198434,58.448397397714096,264.2343693546173,0.21597836491172612
C4_sim_shift_down_24px,episode_000005_000033,episode_000005,273.4404386246828,57.94682925402737,267.2299355511346,0.2119175552287775
C4_sim_shift_down_24px,episode_000005_000034,episode_000005,271.70947177686674,57.56712380135435,265.5410765032474,0.21187013991411247
C4_sim_shift_down_24px,episode_000005_000035,episode_000005,273.56540638491845,56.98462685877575,267.5645415078606,0.2083034825631275
C4_sim_shift_down_24px,episode_000005_000036,episode_000005,266.3305435292603,45.46113213799173,262.42188148346787,0.17069439928130947
C4_sim_shift_down_24px,episode_000005_000037,episode_000005,260.2059459437561,42.80498380713282,256.6609975546655,0.16450424932405344
C4_sim_shift_down_24px,episode_000005_000038,episode_000005,272.2092031897288,49.233263398205075,267.7198836028994,0.1808655358499752
C4_sim_shift_down_24px,episode_000005_000039,episode_000005,264.71381832374146,44.530112643517505,260.94151582201414,0.16821982670000918
C4_sim_shift_down_24px,episode_000005_000040,episode_000005,274.3506364598466,52.83757795154529,269.2145279923379,0.1925914174406462
C4_sim_shift_down_24px,episode_000005_000041,episode_000005,282.73554843180506,69.3423380078869,274.1004022372706,0.24525510991629712
C4_sim_shift_down_24px,episode_000005_000042,episode_000005,283.4361736405023,72.76624197839183,273.9363768401545,0.2567288467233024
C5_sim_zoom_in_1p05,episode_000001_000000,episode_000001,236.02404522276805,40.53969265027745,232.51641499717886,0.1717608585685184
C5_sim_zoom_in_1p05,episode_000001_000001,episode_000001,230.65512004715055,39.13436925089633,227.310988619776,0.16966616324361877
C5_sim_zoom_in_1p05,episode_000001_000002,episode_000001,234.82693197964602,40.03537389749976,231.3889729867452,0.1704888513425278
C5_sim_zoom_in_1p05,episode_000001_000003,episode_000001,229.4348738055175,37.662646394572484,226.32252734695047,0.16415397437138332
C5_sim_zoom_in_1p05,episode_000001_000004,episode_000001,235.38186050041645,41.05412833472925,231.7739821449187,0.17441500482428474
C5_sim_zoom_in_1p05,episode_000001_000005,episode_000001,257.6348301671144,51.329878683605514,252.46969970585423,0.19923501279043085
C5_sim_zoom_in_1p05,episode_000001_000006,episode_000001,260.2467891045146,59.564032756682465,253.33874011088508,0.22887518790005767
C5_sim_zoom_in_1p05,episode_000001_000007,episode_000001,287.4837420919257,84.29818265043016,274.8467179520461,0.2932276518909198
C5_sim_zoom_in_1p05,episode_000001_000008,episode_000001,288.97594643644874,74.01569268040797,279.3363113808885,0.25613098111847665
C5_sim_zoom_in_1p05,episode_000001_000009,episode_000001,269.7936333869343,66.71356014452157,261.415197547822,0.2472762581793096
C5_sim_zoom_in_1p05,episode_000001_000010,episode_000001,241.82901335994353,54.01378243206007,235.71971281593278,0.2233552611475315
C5_sim_zoom_in_1p05,episode_000001_000011,episode_000001,257.30003009613864,60.00840961779454,250.20450887747174,0.2332234846430945
C5_sim_zoom_in_1p05,episode_000001_000012,episode_000001,261.8186220629418,66.85440030762716,253.13925025259337,0.25534623847938215
C5_sim_zoom_in_1p05,episode_000001_000013,episode_000001,260.0915162551083,66.50907062856066,251.44410979779656,0.2557141101185549
C5_sim_zoom_in_1p05,episode_000001_000014,episode_000001,279.8118866512931,77.71757161674957,268.8022897472257,0.2777493570657443
C5_sim_zoom_in_1p05,episode_000001_000015,episode_000001,294.2179231012248,68.03568143155505,286.24348433832023,0.2312424773936956
C5_sim_zoom_in_1p05,episode_000001_000016,episode_000001,292.4023302024956,77.29520169186834,282.0010186209664,0.26434536837767186
C5_sim_zoom_in_1p05,episode_000001_000017,episode_000001,265.09544923088606,64.67013565142244,257.0863099384172,0.24395038028396218
C5_sim_zoom_in_1p05,episode_000001_000018,episode_000001,272.3480554258701,69.09782508887997,263.43681189659003,0.25371146851345
C5_sim_zoom_in_1p05,episode_000001_000019,episode_000001,273.3577738364055,69.1591170896552,264.464532669647,0.25299853784675747
C5_sim_zoom_in_1p05,episode_000001_000020,episode_000001,273.60384467852634,68.30696973214773,264.94003417543865,0.24965646887164802
C5_sim_zoom_in_1p05,episode_000001_000021,episode_000001,266.5973797695403,61.81974235072052,259.33083572085104,0.23188428334952318
C5_sim_zoom_in_1p05,episode_000001_000022,episode_000001,265.285879559103,73.24217885825605,254.97486372099928,0.2760877396866441
C5_sim_zoom_in_1p05,episode_000001_000023,episode_000001,265.083976979364,76.0005474972649,253.9555701915435,0.28670366411162346
C5_sim_zoom_in_1p05,episode_000001_000024,episode_000001,308.11871498930225,117.90046856402046,284.6693205089781,0.38264624259553304
C5_sim_zoom_in_1p05,episode_000001_000025,episode_000001,327.976229637009,131.16803425988815,300.60497999085925,0.3999315267605207
C5_sim_zoom_in_1p05,episode_000001_000026,episode_000001,330.11994583293483,135.0383852845512,301.2371377112738,0.40905854671650355
C5_sim_zoom_in_1p05,episode_000001_000027,episode_000001,326.4313396836254,134.8999309454607,297.2531381811744,0.41325667773261177
C5_sim_zoom_in_1p05,episode_000001_000028,episode_000001,298.0393095622749,66.24781024670096,290.58330592426444,0.22227876699888333
C5_sim_zoom_in_1p05,episode_000001_000029,episode_000001,298.0738713147556,64.63895869993158,290.98082029363036,0.21685550100322312
C5_sim_zoom_in_1p05,episode_000001_000030,episode_000001,308.50934551579655,70.41339925640584,300.3663920543427,0.22823749192648193
C5_sim_zoom_in_1p05,episode_000001_000031,episode_000001,293.29053854098623,73.83906754415568,283.8434993123347,0.2517608236238311
C5_sim_zoom_in_1p05,episode_000001_000032,episode_000001,288.02718118776977,74.03928891261756,278.348416198631,0.2570566035028135
C5_sim_zoom_in_1p05,episode_000001_000033,episode_000001,287.3421026852451,73.39247821159151,277.8111374972915,0.2554184629601104
C5_sim_zoom_in_1p05,episode_000001_000034,episode_000001,287.4515799312923,73.30156681559471,277.9483605049237,0.2550049188566489
C5_sim_zoom_in_1p05,episode_000001_000035,episode_000001,288.2243215830221,74.16921661613225,278.51783939012347,0.25733156802580254
C5_sim_zoom_in_1p05,episode_000001_000036,episode_000001,287.37094643003377,72.79082328261858,277.99920305269205,0.25329917372263294
C5_sim_zoom_in_1p05,episode_000001_000037,episode_000001,285.81264946313473,73.6299090870401,276.1657239430175,0.2576159915432196
C5_sim_zoom_in_1p05,episode_000001_000038,episode_000001,287.43053842410933,75.7641983904445,277.26539751838266,0.26359133168603316
C5_sim_zoom_in_1p05,episode_000001_000039,episode_000001,275.0469470213862,65.15931688701151,267.21730200083084,0.2369025273417962
C5_sim_zoom_in_1p05,episode_000001_000040,episode_000001,271.9914524271792,54.569866533758315,266.46102878269886,0.20063081411857386
C5_sim_zoom_in_1p05,episode_000001_000041,episode_000001,269.65601661279135,51.422654151277676,264.7075328273,0.19069722529172153
C5_sim_zoom_in_1p05,episode_000001_000042,episode_000001,259.5744128396043,46.70914801578486,255.33728927178817,0.17994511671937127
C5_sim_zoom_in_1p05,episode_000001_000043,episode_000001,265.7269326431747,49.7248078534341,261.03303663691565,0.18712746712884357
C5_sim_zoom_in_1p05,episode_000001_000044,episode_000001,277.9039751523572,55.01661953637445,272.4037279118474,0.19796989052140154
C5_sim_zoom_in_1p05,episode_000001_000045,episode_000001,281.2994201605221,56.8224367601786,275.50058886195046,0.20199983607414887
C5_sim_zoom_in_1p05,episode_000002_000000,episode_000002,324.4310037439982,91.96154776166239,311.1246533523463,0.2834548692954985
C5_sim_zoom_in_1p05,episode_000002_000001,episode_000002,321.5447363105855,89.7961105258663,308.7518032068321,0.27926475039271276
C5_sim_zoom_in_1p05,episode_000002_000002,episode_000002,313.04577654471285,85.9620223648711,301.011941496386,0.274598888743011
C5_sim_zoom_in_1p05,episode_000002_000003,episode_000002,302.3783002979398,81.80982911903195,291.1009933864635,0.2705545637316665
C5_sim_zoom_in_1p05,episode_000002_000004,episode_000002,307.50159158227825,82.88700216376482,296.11986373416136,0.2695498313919677
C5_sim_zoom_in_1p05,episode_000002_000005,episode_000002,284.8914350627203,74.84601616173201,274.8839821393999,0.26271767750846664
C5_sim_zoom_in_1p05,episode_000002_000006,episode_000002,264.089487567586,69.11644444120273,254.88462988480944,0.26171600042775045
C5_sim_zoom_in_1p05,episode_000002_000007,episode_000002,242.76655870731645,74.26574893059602,231.12810422441189,0.30591424669874767
C5_sim_zoom_in_1p05,episode_000002_000008,episode_000002,231.27958790920803,65.39618683581128,221.84135441974914,0.28275814319369785
C5_sim_zoom_in_1p05,episode_000002_000009,episode_000002,220.76707280592365,53.97691939546836,214.06679473442654,0.24449714674126005
C5_sim_zoom_in_1p05,episode_000002_000010,episode_000002,223.2542426184671,53.97088908678249,216.63240749788014,0.24174630884402348
C5_sim_zoom_in_1p05,episode_000002_000011,episode_000002,226.03228619483482,59.62028443078589,218.02755809038433,0.26376888644746316
C5_sim_zoom_in_1p05,episode_000002_000012,episode_000002,247.9946663973239,82.25047181509156,233.95771935910727,0.33166226116861003
C5_sim_zoom_in_1p05,episode_000002_000013,episode_000002,226.9273632876134,68.97067623009947,216.19221546815987,0.30393283221065026
C5_sim_zoom_in_1p05,episode_000002_000014,episode_000002,279.20433075603984,86.18836907790534,265.56849088063683,0.3086928087559433
C5_sim_zoom_in_1p05,episode_000002_000015,episode_000002,304.58478045469195,93.24875244201883,289.95958106715494,0.30615040023606793
C5_sim_zoom_in_1p05,episode_000002_000016,episode_000002,301.9702518591117,64.83408590603933,294.92808328910235,0.21470355277343195
C5_sim_zoom_in_1p05,episode_000002_000017,episode_000002,285.41847478598913,41.81136818805731,282.3393618314723,0.14649145686665194
C5_sim_zoom_in_1p05,episode_000002_000018,episode_000002,258.8256254646015,27.150623105208542,257.397645797589,0.10489928520977078
C5_sim_zoom_in_1p05,episode_000002_000019,episode_000002,247.30063568822285,28.584463907793033,245.64310052371349,0.11558588932957727
C5_sim_zoom_in_1p05,episode_000002_000020,episode_000002,246.18100267594957,29.945433174104448,244.3529355472349,0.12163990254569687
C5_sim_zoom_in_1p05,episode_000002_000021,episode_000002,241.90298943167863,28.290486768379523,240.24301166608566,0.11694971953362192
C5_sim_zoom_in_1p05,episode_000002_000022,episode_000002,248.75058042822295,26.176987823147616,247.36939295693918,0.1052338763515006
C5_sim_zoom_in_1p05,episode_000002_000023,episode_000002,246.86943600628513,41.83625140694488,243.2986775596534,0.1694671162366157
C5_sim_zoom_in_1p05,episode_000002_000024,episode_000002,284.6638207567571,48.95239359035006,280.42316953064096,0.17196563110905294
C5_sim_zoom_in_1p05,episode_000002_000025,episode_000002,329.2283151359086,134.9650479966511,300.292722699853,0.40994362207556856
C5_sim_zoom_in_1p05,episode_000002_000026,episode_000002,344.65272896556365,138.78921254862394,315.47275328234474,0.4026929163311259
C5_sim_zoom_in_1p05,episode_000002_000027,episode_000002,331.77579524078493,133.35775530757718,303.7941530164457,0.4019514299130632
C5_sim_zoom_in_1p05,episode_000002_000028,episode_000002,331.251972256615,130.4889210425211,304.4675854816994,0.39392647281035253
C5_sim_zoom_in_1p05,episode_000002_000029,episode_000002,298.8109572769498,55.40732277385221,293.62904619911376,0.1854260073953664
C5_sim_zoom_in_1p05,episode_000002_000030,episode_000002,308.73212472271905,56.024171355958984,303.6063521398765,0.18146531206066055
C5_sim_zoom_in_1p05,episode_000002_000031,episode_000002,294.72628801674523,50.884166745585105,290.30051054508493,0.17264889090142532
C5_sim_zoom_in_1p05,episode_000002_000032,episode_000002,287.62666528875036,46.40245326238724,283.85896307208407,0.16132876002926747
C5_sim_zoom_in_1p05,episode_000002_000033,episode_000002,285.1508897859914,45.53745352221734,281.49133249969617,0.15969598957377848
C5_sim_zoom_in_1p05,episode_000002_000034,episode_000002,287.0198466629504,44.22883048270398,283.5916129446634,0.15409676716412657
C5_sim_zoom_in_1p05,episode_000002_000035,episode_000002,288.3567459646187,46.27684994239142,284.6191597603946,0.16048471412584736
C5_sim_zoom_in_1p05,episode_000002_000036,episode_000002,287.707503005333,45.86000207391623,284.02899058959474,0.15939800524794154
C5_sim_zoom_in_1p05,episode_000002_000037,episode_000002,284.64574482560687,45.23463990142329,281.02851705887974,0.15891556688872013
C5_sim_zoom_in_1p05,episode_000002_000038,episode_000002,286.1221796448874,47.04484529586776,282.22807127539437,0.1644222246393347
C5_sim_zoom_in_1p05,episode_000002_000039,episode_000002,287.00145686714217,46.164695228691215,283.2642885333485,0.16085178010110812
C5_sim_zoom_in_1p05,episode_000002_000040,episode_000002,284.27131952044897,50.99946120031195,279.65914621048074,0.17940417375324885
C5_sim_zoom_in_1p05,episode_000002_000041,episode_000002,270.87369764556297,53.30860679611944,265.5762649741814,0.19680244800243957
C5_sim_zoom_in_1p05,episode_000002_000042,episode_000002,260.6582654858385,49.55409418151984,255.90451953010705,0.19011134785676725
C5_sim_zoom_in_1p05,episode_000002_000043,episode_000002,266.811168264412,47.74045968440814,262.5053295073107,0.17892976517795897
C5_sim_zoom_in_1p05,episode_000002_000044,episode_000002,254.68550948058754,49.483143479538,249.83219818664267,0.19429116159947712
C5_sim_zoom_in_1p05,episode_000002_000045,episode_000002,252.25009496511888,47.17752635597614,247.7990948668753,0.18702679324065208
C5_sim_zoom_in_1p05,episode_000002_000046,episode_000002,254.74733945458243,49.38860828603319,249.913929845371,0.193872911064645
C5_sim_zoom_in_1p05,episode_000003_000000,episode_000003,296.05851442252305,78.1135121512149,285.56772083250814,0.26384484264395913
C5_sim_zoom_in_1p05,episode_000003_000001,episode_000003,296.5567622520681,78.60483440437284,285.94963410658664,0.2650583106162998
C5_sim_zoom_in_1p05,episode_000003_000002,episode_000003,299.3893637476044,80.04498650901564,288.4905392902285,0.2673608223988088
C5_sim_zoom_in_1p05,episode_000003_000003,episode_000003,293.0917004838505,78.03705724589717,282.5118804385325,0.26625474933977894
C5_sim_zoom_in_1p05,episode_000003_000004,episode_000003,309.8100378725678,86.42841086606106,297.51031807614544,0.27897227429929533
C5_sim_zoom_in_1p05,episode_000003_000005,episode_000003,290.277260302265,87.26313333521291,276.8502003053452,0.3006199426174342
C5_sim_zoom_in_1p05,episode_000003_000006,episode_000003,294.9007386522829,91.9366416045406,280.20367518671185,0.3117545314558977
C5_sim_zoom_in_1p05,episode_000003_000007,episode_000003,265.1289079221343,86.06894706195189,250.76976326429488,0.32463056456759315
C5_sim_zoom_in_1p05,episode_000003_000008,episode_000003,267.25233115894434,95.51540243941899,249.60091427461936,0.35739782708429446
C5_sim_zoom_in_1p05,episode_000003_000009,episode_000003,267.13602977771916,86.3372143442042,252.79941420953767,0.3231956932804774
C5_sim_zoom_in_1p05,episode_000003_000010,episode_000003,270.31976357545983,88.92682487011119,255.2739594984437,0.32896900949414765
C5_sim_zoom_in_1p05,episode_000003_000011,episode_000003,283.9852510194459,98.75017702065625,266.26307542535216,0.3477299495877493
C5_sim_zoom_in_1p05,episode_000003_000012,episode_000003,294.0681077771091,92.36400724164915,279.1862141615772,0.31409052800671966
C5_sim_zoom_in_1p05,episode_000003_000013,episode_000003,302.65709002484317,87.74327668864645,289.65916442993074,0.2899098669105824
C5_sim_zoom_in_1p05,episode_000003_000014,episode_000003,292.47016085849623,87.05861411003579,279.21245083598,0.29766665376902074
C5_sim_zoom_in_1p05,episode_000003_000015,episode_000003,307.9514331580287,105.07786359222098,289.4697354940209,0.3412156992245563
C5_sim_zoom_in_1p05,episode_000003_000016,episode_000003,312.9486073147602,107.19360720550263,294.01762089119825,0.34252782949019006
C5_sim_zoom_in_1p05,episode_000003_000017,episode_000003,314.32918776185124,108.93946123864438,294.84747254141257,0.3465776182426349
C5_sim_zoom_in_1p05,episode_000003_000018,episode_000003,312.1174847322913,106.93402660615806,293.2276218731884,0.34260825438176673
C5_sim_zoom_in_1p05,episode_000003_000019,episode_000003,310.00792740524344,103.32545394018128,292.28199674654985,0.33329939271234793
C5_sim_zoom_in_1p05,episode_000003_000020,episode_000003,310.3650352116654,97.44227396022956,294.6717806770744,0.31396021750251296
C5_sim_zoom_in_1p05,episode_000003_000021,episode_000003,313.7485408163954,107.39133126051672,294.7969620510213,0.3422847194159917
C5_sim_zoom_in_1p05,episode_000003_000022,episode_000003,295.658502550715,108.78105659797153,274.919318811829,0.3679280509760143
C5_sim_zoom_in_1p05,episode_000003_000023,episode_000003,354.7706825669914,150.5422136217535,321.24644609226624,0.4243366800562123
C5_sim_zoom_in_1p05,episode_000003_000024,episode_000003,333.2592840456142,128.33590360981717,307.5575494882984,0.38509325847393777
C5_sim_zoom_in_1p05,episode_000003_000025,episode_000003,335.71411216413793,130.46723064276608,309.3255030458411,0.3886259943072569
C5_sim_zoom_in_1p05,episode_000003_000026,episode_000003,312.29755029448665,78.40927520243054,302.2941373599014,0.25107233511275734
C5_sim_zoom_in_1p05,episode_000003_000027,episode_000003,306.8078457720325,78.42936780378415,296.6140396090078,0.2556302548470665
C5_sim_zoom_in_1p05,episode_000003_000028,episode_000003,289.91952406046033,71.7237660530462,280.9075146994322,0.24739198329426343
C5_sim_zoom_in_1p05,episode_000003_000029,episode_000003,286.181324139267,69.98548536336729,277.4919496572074,0.24454944980724744
C5_sim_zoom_in_1p05,episode_000003_000030,episode_000003,287.3301286970773,72.69351729174788,277.98247319000774,0.2529965013463181
C5_sim_zoom_in_1p05,episode_000003_000031,episode_000003,289.3829769064065,72.77725840339778,280.0820915062205,0.2514911525944241
C5_sim_zoom_in_1p05,episode_000003_000032,episode_000003,289.0549897895935,71.59372113034131,280.04843548388715,0.247682010895073
C5_sim_zoom_in_1p05,episode_000003_000033,episode_000003,288.78558250221454,73.49468349151334,279.27700256130225,0.2544956810333485
C5_sim_zoom_in_1p05,episode_000003_000034,episode_000003,288.18181587986675,72.24564676098089,278.9790772224774,0.25069467530559825
C5_sim_zoom_in_1p05,episode_000003_000035,episode_000003,286.5463102775191,70.493981191776,277.7397820791861,0.24601252454970654
C5_sim_zoom_in_1p05,episode_000003_000036,episode_000003,287.2040377250369,72.16010498121628,277.9911483027189,0.25125031511674234
C5_sim_zoom_in_1p05,episode_000003_000037,episode_000003,285.9838840889141,68.0665544349467,277.7655956484458,0.2380083571904506
C5_sim_zoom_in_1p05,episode_000003_000038,episode_000003,281.17957656335483,67.69373216773006,272.9093492380779,0.24074910772360966
C5_sim_zoom_in_1p05,episode_000003_000039,episode_000003,254.62555457384593,49.91520285193402,249.68509279948788,0.1960337521325171
C5_sim_zoom_in_1p05,episode_000003_000040,episode_000003,275.95944201781276,66.50202947559973,267.8266112887385,0.24098479468336917
C5_sim_zoom_in_1p05,episode_000003_000041,episode_000003,265.36066521669864,55.17850931269921,259.5604260172902,0.20793778636196655
C5_sim_zoom_in_1p05,episode_000003_000042,episode_000003,258.8666179185203,57.38411503943451,252.42620548135275,0.22167444957115512
C5_sim_zoom_in_1p05,episode_000003_000043,episode_000003,261.70782751890704,56.580509861811784,255.51836115716503,0.21619723948732153
C5_sim_zoom_in_1p05,episode_000004_000000,episode_000004,221.08870133881308,58.11686798619958,213.31348648211986,0.26286674820680633
C5_sim_zoom_in_1p05,episode_000004_000001,episode_000004,220.20739242873097,57.833185096542515,212.47733616047188,0.26263053414639537
C5_sim_zoom_in_1p05,episode_000004_000002,episode_000004,218.96640472357413,57.032250714062364,211.40862985237,0.26046119168856324
C5_sim_zoom_in_1p05,episode_000004_000003,episode_000004,219.1393683787423,56.1778717951499,211.81621631499752,0.25635682082489497
C5_sim_zoom_in_1p05,episode_000004_000004,episode_000004,225.06370301786984,57.69433073896337,217.54317874090887,0.2563466696999227
C5_sim_zoom_in_1p05,episode_000004_000005,episode_000004,213.98551990459876,53.63121468332059,207.15572775193306,0.25063011136095104
C5_sim_zoom_in_1p05,episode_000004_000006,episode_000004,231.9368332880625,61.76648540700512,223.56116817587244,0.266307358479332
C5_sim_zoom_in_1p05,episode_000004_000007,episode_000004,263.8366671785586,73.02682810555694,253.5288333202576,0.27678801770238426
C5_sim_zoom_in_1p05,episode_000004_000008,episode_000004,240.31262980751626,56.03011722437795,233.68950769948322,0.23315510828230926
C5_sim_zoom_in_1p05,episode_000004_000009,episode_000004,240.25268335721134,50.42820015613418,234.90072049560283,0.20989651167040982
C5_sim_zoom_in_1p05,episode_000004_000010,episode_000004,247.6318062001568,63.75527384624533,239.28388265560696,0.2574599556678635
C5_sim_zoom_in_1p05,episode_000004_000011,episode_000004,242.61387539294088,76.69655299801997,230.17196026319834,0.31612599598354024
C5_sim_zoom_in_1p05,episode_000004_000012,episode_000004,255.28896862260567,81.07746589460503,242.07210088009504,0.3175909493154091
C5_sim_zoom_in_1p05,episode_000004_000013,episode_000004,310.60786948437135,102.29488833685842,293.2797374619835,0.32933772253315535
C5_sim_zoom_in_1p05,episode_000004_000014,episode_000004,313.739140349093,93.33203216571418,299.5352733131876,0.29748290908767383
C5_sim_zoom_in_1p05,episode_000004_000015,episode_000004,340.65193021470014,74.79011743659223,332.3404517852464,0.21954995936601568
C5_sim_zoom_in_1p05,episode_000004_000016,episode_000004,294.7065375952551,53.75898798129287,289.7618237667114,0.18241532210298145
C5_sim_zoom_in_1p05,episode_000004_000017,episode_000004,285.23563161209506,44.71766997772338,281.70852939326176,0.15677448755258241
C5_sim_zoom_in_1p05,episode_000004_000018,episode_000004,285.9311530026215,45.461762488638655,282.29391139171804,0.1589954854909491
C5_sim_zoom_in_1p05,episode_000004_000019,episode_000004,290.8090535872711,46.43704605796411,287.07752681416014,0.15968225708636155
C5_sim_zoom_in_1p05,episode_000004_000020,episode_000004,293.42183770743577,41.63179050247204,290.45338500896673,0.1418837494432918
C5_sim_zoom_in_1p05,episode_000004_000021,episode_000004,288.2883334865095,43.06857334879448,285.0530849054758,0.1493940903814267
C5_sim_zoom_in_1p05,episode_000004_000022,episode_000004,306.7200321688412,85.7155689664834,294.4996084384613,0.2794586592873701
C5_sim_zoom_in_1p05,episode_000004_000023,episode_000004,320.1619559876154,115.70146838247803,298.5244517220561,0.36138418765455577
C5_sim_zoom_in_1p05,episode_000004_000024,episode_000004,340.09257341456475,127.79322539881777,315.1695575938578,0.37576011765196904
C5_sim_zoom_in_1p05,episode_000004_000025,episode_000004,323.18973575961996,116.80779113605752,301.3429030693906,0.3614217229439987
C5_sim_zoom_in_1p05,episode_000004_000026,episode_000004,318.20914357824387,112.86381689760941,297.52112175793894,0.35468439287589965
C5_sim_zoom_in_1p05,episode_000004_000027,episode_000004,310.60085197684054,68.41863794141241,302.9715815567215,0.22027833312741182
C5_sim_zoom_in_1p05,episode_000004_000028,episode_000004,317.2516922459339,61.32602927429748,311.26797838254544,0.19330402570952238
C5_sim_zoom_in_1p05,episode_000004_000029,episode_000004,303.3744037399154,51.81906289120245,298.91606441545895,0.17080894845574127
C5_sim_zoom_in_1p05,episode_000004_000030,episode_000004,295.97090963110566,46.43042544688117,292.30633749661627,0.15687496282912217
C5_sim_zoom_in_1p05,episode_000004_000031,episode_000004,296.5466634177485,46.06844361057197,292.94644918056093,0.155349728368634
C5_sim_zoom_in_1p05,episode_000004_000032,episode_000004,301.22568228278226,45.683368521569875,297.7414003917664,0.15165827885380506
C5_sim_zoom_in_1p05,episode_000004_000033,episode_000004,298.2790373543747,45.374189394414714,294.80767809175563,0.1521199404318422
C5_sim_zoom_in_1p05,episode_000004_000034,episode_000004,300.8886682460382,46.36973516892044,297.2941949302721,0.15410927715962927
C5_sim_zoom_in_1p05,episode_000004_000035,episode_000004,298.5278894542559,47.630190048070375,294.7036914902783,0.15955021869194186
C5_sim_zoom_in_1p05,episode_000004_000036,episode_000004,297.78686626144065,46.66000232052584,294.10858862205583,0.15668925532652908
C5_sim_zoom_in_1p05,episode_000004_000037,episode_000004,296.3099129892578,46.401068120355504,292.65424208952044,0.15659640830861335
C5_sim_zoom_in_1p05,episode_000004_000038,episode_000004,290.69956356921494,50.301150692594895,286.3145656412417,0.17303483388484103
C5_sim_zoom_in_1p05,episode_000004_000039,episode_000004,253.4519189139858,27.31647908100742,251.97556463236376,0.10777775602589869
C5_sim_zoom_in_1p05,episode_000004_000040,episode_000004,262.52636666400207,36.78579701023522,259.9363351517518,0.1401222950581418
C5_sim_zoom_in_1p05,episode_000004_000041,episode_000004,258.91022246645844,34.94638113480733,256.5409397020518,0.13497489902830934
C5_sim_zoom_in_1p05,episode_000004_000042,episode_000004,249.17343002129897,39.64279013976501,245.9996898748324,0.15909718037102272
C5_sim_zoom_in_1p05,episode_000004_000043,episode_000004,255.14499100254156,52.25880169492273,249.73582858512262,0.20482001817704573
C5_sim_zoom_in_1p05,episode_000004_000044,episode_000004,254.76150446721635,53.88205374195761,248.9982900402095,0.21149998252146196
C5_sim_zoom_in_1p05,episode_000005_000000,episode_000005,250.5630495337617,58.999324785839384,243.51780523500403,0.23546698084822607
C5_sim_zoom_in_1p05,episode_000005_000001,episode_000005,247.64872502817434,57.394444520012115,240.9061409477134,0.2317574803322024
C5_sim_zoom_in_1p05,episode_000005_000002,episode_000005,251.16101376705402,58.06859843227268,244.3560777075245,0.23120068501606683
C5_sim_zoom_in_1p05,episode_000005_000003,episode_000005,248.51472914705568,56.77861014865658,241.94164592442806,0.2284718106791107
C5_sim_zoom_in_1p05,episode_000005_000004,episode_000005,246.47441819160701,55.53966279914174,240.13534658406456,0.22533641911659041
C5_sim_zoom_in_1p05,episode_000005_000005,episode_000005,271.23069073297245,76.9748488654862,260.07875775930046,0.28379844720916264
C5_sim_zoom_in_1p05,episode_000005_000006,episode_000005,266.5329962505335,76.80918867428922,255.22575619534234,0.28817891125979295
C5_sim_zoom_in_1p05,episode_000005_000007,episode_000005,278.51957729857486,90.85698055266879,263.28342907108447,0.3262139826360195
C5_sim_zoom_in_1p05,episode_000005_000008,episode_000005,272.18873365234094,76.12169857657535,261.32775155555527,0.2796651336561324
C5_sim_zoom_in_1p05,episode_000005_000009,episode_000005,279.1002933436403,86.36076608182165,265.4030742592613,0.3094255654381938
C5_sim_zoom_in_1p05,episode_000005_000010,episode_000005,287.608158304661,94.46754840819668,271.65112740635544,0.32845920979796395
C5_sim_zoom_in_1p05,episode_000005_000011,episode_000005,290.9801645983303,97.97935780167631,273.9881414120737,0.3367217759909073
C5_sim_zoom_in_1p05,episode_000005_000012,episode_000005,305.6616100292481,107.56577324147017,286.10946204667323,0.35191129573379343
C5_sim_zoom_in_1p05,episode_000005_000013,episode_000005,298.7180210395289,103.85143031031916,280.0845167378471,0.34765706450825967
C5_sim_zoom_in_1p05,episode_000005_000014,episode_000005,305.5360535749156,111.40862764068187,284.50025961561727,0.3646333266963047
C5_sim_zoom_in_1p05,episode_000005_000015,episode_000005,305.8284694774656,112.68050253128813,284.31348383821944,0.3684434700399623
C5_sim_zoom_in_1p05,episode_000005_000016,episode_000005,313.0277759006185,114.49037139439413,291.33888058970354,0.3657514770534071
C5_sim_zoom_in_1p05,episode_000005_000017,episode_000005,312.01812904699955,113.62892136260459,290.59212151047916,0.36417410010649914
C5_sim_zoom_in_1p05,episode_000005_000018,episode_000005,321.477095868558,116.45759141965654,299.6417069915575,0.3622578184147602
C5_sim_zoom_in_1p05,episode_000005_000019,episode_000005,347.53390161505183,127.8803817598453,323.1507708991838,0.36796520041803815
C5_sim_zoom_in_1p05,episode_000005_000020,episode_000005,323.68023622914166,125.25072277334188,298.4646574891379,0.3869582036657735
C5_sim_zoom_in_1p05,episode_000005_000021,episode_000005,283.26207756525605,79.41018476787944,271.90334154202003,0.28034174376760845
C5_sim_zoom_in_1p05,episode_000005_000022,episode_000005,298.1875260847823,105.84200424429334,278.77100073378097,0.3549511464614377
C5_sim_zoom_in_1p05,episode_000005_000023,episode_000005,332.1090564210084,131.5723635166816,304.9346463022638,0.39617216385056897
C5_sim_zoom_in_1p05,episode_000005_000024,episode_000005,333.8743364578861,127.22801950207804,308.68285277736527,0.3810655854890069
C5_sim_zoom_in_1p05,episode_000005_000025,episode_000005,277.2848532011225,51.83640143837915,272.39654421575773,0.18694278046547588
C5_sim_zoom_in_1p05,episode_000005_000026,episode_000005,269.891420700273,49.3592170859037,265.33949320875394,0.1828854617083935
C5_sim_zoom_in_1p05,episode_000005_000027,episode_000005,263.9385563539156,46.34864720373428,259.8371883171707,0.1756039278383614
C5_sim_zoom_in_1p05,episode_000005_000028,episode_000005,252.02629028332052,51.78961937524231,246.6476967639067,0.20549292423826876
C5_sim_zoom_in_1p05,episode_000005_000029,episode_000005,250.1300488476049,49.92371892276573,245.09725340245225,0.19959104934722346
C5_sim_zoom_in_1p05,episode_000005_000030,episode_000005,249.07000237748255,49.754589924636484,244.0498860187204,0.19976147046897288
C5_sim_zoom_in_1p05,episode_000005_000031,episode_000005,249.11034763561798,45.78960457077996,244.86583553527848,0.18381253530968508
C5_sim_zoom_in_1p05,episode_000005_000032,episode_000005,248.93313884952656,48.29374722508566,244.20364779510808,0.19400288546667924
C5_sim_zoom_in_1p05,episode_000005_000033,episode_000005,249.8369303674731,50.605496250628285,244.65807880523636,0.20255410669749704
C5_sim_zoom_in_1p05,episode_000005_000034,episode_000005,249.1739130855783,50.872898099967664,243.92537219668156,0.2041662285991209
C5_sim_zoom_in_1p05,episode_000005_000035,episode_000005,249.26244415081968,50.339715775059474,244.12635883846448,0.20195467450604285
C5_sim_zoom_in_1p05,episode_000005_000036,episode_000005,230.9674123660489,45.81158064481996,226.37854283012697,0.1983465120707827
C5_sim_zoom_in_1p05,episode_000005_000037,episode_000005,227.29789188090595,48.77260949714421,222.00352298182813,0.21457572304585606
C5_sim_zoom_in_1p05,episode_000005_000038,episode_000005,246.15025019379547,52.59969304085602,240.46458775145214,0.21368937467844937
C5_sim_zoom_in_1p05,episode_000005_000039,episode_000005,249.2255271764225,46.46566309661338,244.85568310610586,0.18644022393308504
C5_sim_zoom_in_1p05,episode_000005_000040,episode_000005,273.2606649607265,61.56244019959337,266.23571693416704,0.22528833488874525
C5_sim_zoom_in_1p05,episode_000005_000041,episode_000005,288.0175417144429,80.78986374454391,276.4545211266564,0.2805032751256644
C5_sim_zoom_in_1p05,episode_000005_000042,episode_000005,296.21106591579814,86.27683833158424,283.367787051526,0.2912681133800368
C6_sim_zoom_out_0p95,episode_000001_000000,episode_000001,246.57989451370258,42.18468114674896,242.94463783943826,0.1710791596774113
C6_sim_zoom_out_0p95,episode_000001_000001,episode_000001,248.7849191331406,43.70869755990193,244.91526237803214,0.17568869412261534
C6_sim_zoom_out_0p95,episode_000001_000002,episode_000001,249.34364933134222,43.46526551991062,245.52601930376954,0.1743187189105084
C6_sim_zoom_out_0p95,episode_000001_000003,episode_000001,243.66828514552853,42.23339958033183,239.9803599164953,0.17332333403630407
C6_sim_zoom_out_0p95,episode_000001_000004,episode_000001,248.05837480411367,46.92666586485173,243.57923832146838,0.1891758982211695
C6_sim_zoom_out_0p95,episode_000001_000005,episode_000001,237.87268773274778,51.714363990211375,232.18320379883053,0.21740353835120807
C6_sim_zoom_out_0p95,episode_000001_000006,episode_000001,250.20524133588683,58.84755251898889,243.18640659887677,0.23519712139039198
C6_sim_zoom_out_0p95,episode_000001_000007,episode_000001,302.6419780156479,87.1527925643041,289.82159616817256,0.2879732452706806
C6_sim_zoom_out_0p95,episode_000001_000008,episode_000001,284.25045815746614,72.4659979457109,274.8581490595861,0.2549371368315154
C6_sim_zoom_out_0p95,episode_000001_000009,episode_000001,281.49142196131237,70.75797402464931,272.4531698287408,0.25136813595113444
C6_sim_zoom_out_0p95,episode_000001_000010,episode_000001,245.36890340879793,53.16541449484895,239.53984524839893,0.21667543749939855
C6_sim_zoom_out_0p95,episode_000001_000011,episode_000001,243.09750027017265,58.81511418788249,235.87534203615462,0.24194043181240782
C6_sim_zoom_out_0p95,episode_000001_000012,episode_000001,252.46599646230183,64.42055441087602,244.10872892852146,0.25516527102094433
C6_sim_zoom_out_0p95,episode_000001_000013,episode_000001,249.74003193015605,60.76289011113532,242.23532924372833,0.24330456611829324
C6_sim_zoom_out_0p95,episode_000001_000014,episode_000001,274.09114906253853,70.0959234393382,264.9764508623533,0.2557394636021049
C6_sim_zoom_out_0p95,episode_000001_000015,episode_000001,260.54438142627595,45.189852385846784,256.59550256024784,0.17344397195774408
C6_sim_zoom_out_0p95,episode_000001_000016,episode_000001,251.87162861608405,52.039655702829684,246.43699303483135,0.2066118204291729
C6_sim_zoom_out_0p95,episode_000001_000017,episode_000001,277.9264901999073,63.70249891188829,270.5274950669895,0.22920628712314645
C6_sim_zoom_out_0p95,episode_000001_000018,episode_000001,284.91764497106567,68.47938887418162,276.56579274248077,0.2403480096191864
C6_sim_zoom_out_0p95,episode_000001_000019,episode_000001,286.43850820528013,69.11471961310579,277.9751329088055,0.24128990213694929
C6_sim_zoom_out_0p95,episode_000001_000020,episode_000001,285.75492188339797,67.64223795132564,277.63357690582586,0.236714165780588
C6_sim_zoom_out_0p95,episode_000001_000021,episode_000001,281.084924108224,60.977526169888215,274.3911001893586,0.21693630977665132
C6_sim_zoom_out_0p95,episode_000001_000022,episode_000001,269.9544279967073,62.38488273664081,262.647138954463,0.23109412651457503
C6_sim_zoom_out_0p95,episode_000001_000023,episode_000001,254.78136911202662,61.614289694323375,247.21898258843868,0.24183200643384467
C6_sim_zoom_out_0p95,episode_000001_000024,episode_000001,289.3726754257176,87.33053696051512,275.8802685898827,0.301792616846206
C6_sim_zoom_out_0p95,episode_000001_000025,episode_000001,312.05803480942063,117.36080553071191,289.14815997045525,0.37608647251267296
C6_sim_zoom_out_0p95,episode_000001_000026,episode_000001,318.77696666565123,125.95617193412585,292.8374928663586,0.39512318989544437
C6_sim_zoom_out_0p95,episode_000001_000027,episode_000001,314.7150374393767,123.87430786274665,289.3107509962147,0.3936078455946308
C6_sim_zoom_out_0p95,episode_000001_000028,episode_000001,299.83462160858204,64.20530080681102,292.8796334050363,0.2141357140891741
C6_sim_zoom_out_0p95,episode_000001_000029,episode_000001,300.78509711933674,64.07665601097145,293.8806846384098,0.2130313523663341
C6_sim_zoom_out_0p95,episode_000001_000030,episode_000001,307.8823263920071,65.83088935755738,300.76206694154007,0.21381834458967636
C6_sim_zoom_out_0p95,episode_000001_000031,episode_000001,291.714534563154,60.31537278670037,285.4109764550042,0.20676163043100804
C6_sim_zoom_out_0p95,episode_000001_000032,episode_000001,284.9314650536297,58.36321153544312,278.8900774801372,0.20483245514656662
C6_sim_zoom_out_0p95,episode_000001_000033,episode_000001,283.9584750110841,57.95042221345834,277.9823089621035,0.20408062203882554
C6_sim_zoom_out_0p95,episode_000001_000034,episode_000001,282.0522621979157,57.073857436869794,276.2174024355411,0.20235206408953085
C6_sim_zoom_out_0p95,episode_000001_000035,episode_000001,282.87007566501114,58.535423988633916,276.74732852405276,0.20693395669733014
C6_sim_zoom_out_0p95,episode_000001_000036,episode_000001,282.37139031690435,59.34730376078013,276.06430338931403,0.21017463452715543
C6_sim_zoom_out_0p95,episode_000001_000037,episode_000001,282.4938819547023,58.16435387096745,276.44113529033655,0.205895977174805
C6_sim_zoom_out_0p95,episode_000001_000038,episode_000001,285.31408734014724,58.7681744612162,279.1960424240237,0.20597712159636075
C6_sim_zoom_out_0p95,episode_000001_000039,episode_000001,275.51335111638394,58.18596640240277,269.2990901529344,0.21119109533760314
C6_sim_zoom_out_0p95,episode_000001_000040,episode_000001,256.0579320831659,44.122582471724705,252.22779842581397,0.17231484341361464
C6_sim_zoom_out_0p95,episode_000001_000041,episode_000001,258.24214068242316,36.063338435658686,255.71163220533313,0.1396493164917188
C6_sim_zoom_out_0p95,episode_000001_000042,episode_000001,257.60433702389486,40.912279147294704,254.3347791170021,0.15881828551473404
C6_sim_zoom_out_0p95,episode_000001_000043,episode_000001,279.2283468812822,53.81283600886238,273.99388384184226,0.19271981734627266
C6_sim_zoom_out_0p95,episode_000001_000044,episode_000001,296.49107667292327,54.46769329105754,291.4450701834233,0.18370769839776344
C6_sim_zoom_out_0p95,episode_000001_000045,episode_000001,301.55859573484037,57.2416110663862,296.0759777896435,0.1898191989085882
C6_sim_zoom_out_0p95,episode_000002_000000,episode_000002,299.27856994330295,78.75425718941361,288.73072126438535,0.2631469978098775
C6_sim_zoom_out_0p95,episode_000002_000001,episode_000002,307.7066803270525,81.27622679917839,296.7786651280435,0.2641353990520851
C6_sim_zoom_out_0p95,episode_000002_000002,episode_000002,307.6161721476609,81.54612130742034,296.6107541315635,0.2650904883774343
C6_sim_zoom_out_0p95,episode_000002_000003,episode_000002,302.26503342925304,79.5037683056848,291.621846333884,0.2630266802735988
C6_sim_zoom_out_0p95,episode_000002_000004,episode_000002,292.5921612997807,75.24299787324517,282.7519480483268,0.2571599920482954
C6_sim_zoom_out_0p95,episode_000002_000005,episode_000002,305.2099326126652,84.76850288979887,293.2019847873643,0.2777383493524
C6_sim_zoom_out_0p95,episode_000002_000006,episode_000002,290.44854048494415,75.5755250131771,280.44374603263464,0.2602028052438937
C6_sim_zoom_out_0p95,episode_000002_000007,episode_000002,264.6135911099717,81.28566760642809,251.81936550212453,0.3071862910195202
C6_sim_zoom_out_0p95,episode_000002_000008,episode_000002,286.2809943088563,80.29514396678924,274.78991531317155,0.28047668396792785
C6_sim_zoom_out_0p95,episode_000002_000009,episode_000002,221.23229521782076,53.094578492356675,214.7666039729268,0.2399947007740477
C6_sim_zoom_out_0p95,episode_000002_000010,episode_000002,218.08318941051462,52.63177446923305,211.63689144306147,0.2413380628350966
C6_sim_zoom_out_0p95,episode_000002_000011,episode_000002,213.9195836510422,58.67933042770124,205.71418145084672,0.2743055564441557
C6_sim_zoom_out_0p95,episode_000002_000012,episode_000002,248.74225453723406,87.67720488260083,232.77761261822533,0.35248215083407347
C6_sim_zoom_out_0p95,episode_000002_000013,episode_000002,238.84996072576953,76.2157859802041,226.36355207082562,0.3190948231626867
C6_sim_zoom_out_0p95,episode_000002_000014,episode_000002,277.5508391905361,83.90436701237583,264.5647851313991,0.3023026961729928
C6_sim_zoom_out_0p95,episode_000002_000015,episode_000002,295.7291165498566,87.68395837471913,282.43093637046775,0.29650093097930247
C6_sim_zoom_out_0p95,episode_000002_000016,episode_000002,292.5071976603064,64.79822614871114,285.2396370967157,0.22152694589061844
C6_sim_zoom_out_0p95,episode_000002_000017,episode_000002,282.3584079601691,40.99745488302713,279.3662099089928,0.14519650815147833
C6_sim_zoom_out_0p95,episode_000002_000018,episode_000002,265.30680475667936,29.881014363649506,263.61871259604874,0.1126281491010163
C6_sim_zoom_out_0p95,episode_000002_000019,episode_000002,258.31736757806686,30.933422816456485,256.4585458613544,0.11974968275064975
C6_sim_zoom_out_0p95,episode_000002_000020,episode_000002,255.97312298992122,30.832710105309054,254.1093931376314,0.12045291999864795
C6_sim_zoom_out_0p95,episode_000002_000021,episode_000002,252.3319416774111,29.720990004073478,250.57548073159543,0.11778528634345352
C6_sim_zoom_out_0p95,episode_000002_000022,episode_000002,257.35852064247666,27.0825391366812,255.9295688684569,0.10523272774910124
C6_sim_zoom_out_0p95,episode_000002_000023,episode_000002,258.44989225290425,35.11306585220059,256.0535479387014,0.13586024565969235
C6_sim_zoom_out_0p95,episode_000002_000024,episode_000002,268.8765700553606,43.246211448473304,265.37591284833894,0.16084038649990617
C6_sim_zoom_out_0p95,episode_000002_000025,episode_000002,315.7712089471184,119.58063278309564,292.2531927338333,0.378693906837851
C6_sim_zoom_out_0p95,episode_000002_000026,episode_000002,327.12754238790615,115.09405682673379,306.21199694315686,0.35183236479139335
C6_sim_zoom_out_0p95,episode_000002_000027,episode_000002,312.2093356426213,106.21883071769402,293.5851312028128,0.34021670267823195
C6_sim_zoom_out_0p95,episode_000002_000028,episode_000002,316.82901769452917,111.29519237440955,296.6378374510296,0.3512784062024106
C6_sim_zoom_out_0p95,episode_000002_000029,episode_000002,289.3832772128875,55.91601219229429,283.92971086341436,0.19322475275984644
C6_sim_zoom_out_0p95,episode_000002_000030,episode_000002,301.1935418445345,54.25903657835044,296.26593897787944,0.1801467463281701
C6_sim_zoom_out_0p95,episode_000002_000031,episode_000002,282.3120829456784,47.24303535656968,278.3311117849126,0.1673432991731354
C6_sim_zoom_out_0p95,episode_000002_000032,episode_000002,277.0880103108955,42.40198414660489,273.8244642074225,0.15302713422724223
C6_sim_zoom_out_0p95,episode_000002_000033,episode_000002,272.7910476772546,40.36163545632505,269.788609982232,0.1479580646065696
C6_sim_zoom_out_0p95,episode_000002_000034,episode_000002,273.5029721269333,40.262191164847685,270.5232554233948,0.1472093368921853
C6_sim_zoom_out_0p95,episode_000002_000035,episode_000002,273.01899550967005,42.25760224359443,269.72887676652533,0.15477898219026195
C6_sim_zoom_out_0p95,episode_000002_000036,episode_000002,272.90594169114974,42.65765234573922,269.551437960704,0.1563089908610905
C6_sim_zoom_out_0p95,episode_000002_000037,episode_000002,270.53248029012843,42.16093361116698,267.22701691438965,0.15584425783533323
C6_sim_zoom_out_0p95,episode_000002_000038,episode_000002,273.8396633968095,42.394917991937426,270.5380420157853,0.1548165720993629
C6_sim_zoom_out_0p95,episode_000002_000039,episode_000002,274.53434732258376,42.176850077022614,271.2751761171991,0.15363050375428583
C6_sim_zoom_out_0p95,episode_000002_000040,episode_000002,273.6023238892279,48.74287743278383,269.2254882754576,0.17815227860607696
C6_sim_zoom_out_0p95,episode_000002_000041,episode_000002,253.4716040233409,37.920605890620415,250.61899707534855,0.14960494701855637
C6_sim_zoom_out_0p95,episode_000002_000042,episode_000002,241.4653747831165,29.143765093100438,239.70016306909156,0.12069542111069666
C6_sim_zoom_out_0p95,episode_000002_000043,episode_000002,262.03247288707274,39.65026543334171,259.0151989717593,0.15131813624653173
C6_sim_zoom_out_0p95,episode_000002_000044,episode_000002,259.0502427095796,45.56759141295784,255.01102497875232,0.1759025235272353
C6_sim_zoom_out_0p95,episode_000002_000045,episode_000002,252.21214907940865,39.48920559451101,249.101527062297,0.15657138539380153
C6_sim_zoom_out_0p95,episode_000002_000046,episode_000002,254.75412375567805,39.18510310764364,251.72244886971575,0.15381538296598532
C6_sim_zoom_out_0p95,episode_000003_000000,episode_000003,285.9771307353771,76.06155704249318,275.67654750433616,0.2659707678264495
C6_sim_zoom_out_0p95,episode_000003_000001,episode_000003,291.332880725558,78.69045149998249,280.50429628542435,0.2701049442273927
C6_sim_zoom_out_0p95,episode_000003_000002,episode_000003,293.1962543993901,79.47878508412974,282.21829550081014,0.2710770819597996
C6_sim_zoom_out_0p95,episode_000003_000003,episode_000003,289.09889160633696,78.10714546454582,278.3477015450152,0.2701744895338566
C6_sim_zoom_out_0p95,episode_000003_000004,episode_000003,307.71063484952015,86.3538666064135,295.34529710428177,0.2806333510333277
C6_sim_zoom_out_0p95,episode_000003_000005,episode_000003,304.8387472270194,95.14722589783973,289.6095081569044,0.3121231364560809
C6_sim_zoom_out_0p95,episode_000003_000006,episode_000003,290.7190666372171,92.6212952395567,275.5700843244084,0.3185938105502282
C6_sim_zoom_out_0p95,episode_000003_000007,episode_000003,304.8645403414116,100.03854797771007,287.9838135661301,0.3281409765323279
C6_sim_zoom_out_0p95,episode_000003_000008,episode_000003,267.5749073737738,94.64903641891456,250.2756299783393,0.3537291196244343
C6_sim_zoom_out_0p95,episode_000003_000009,episode_000003,274.0653857504465,89.77633663849234,258.94409637277533,0.32757269362078156
C6_sim_zoom_out_0p95,episode_000003_000010,episode_000003,286.3066370580041,94.34938347017865,270.31404747489705,0.3295396307947412
C6_sim_zoom_out_0p95,episode_000003_000011,episode_000003,286.0857129000723,97.18694517965453,269.07198444317726,0.339712683288037
C6_sim_zoom_out_0p95,episode_000003_000012,episode_000003,292.2983053736057,91.25972581994498,277.6868051736526,0.31221435137401815
C6_sim_zoom_out_0p95,episode_000003_000013,episode_000003,287.09841819143867,82.52381304814564,274.9824030879447,0.2874408489186393
C6_sim_zoom_out_0p95,episode_000003_000014,episode_000003,273.5607862044355,78.62936599479076,262.0170348508778,0.2874292294803906
C6_sim_zoom_out_0p95,episode_000003_000015,episode_000003,299.3855118465865,94.15560371304085,284.19431203505,0.31449619299309584
C6_sim_zoom_out_0p95,episode_000003_000016,episode_000003,305.07952239881416,98.48890159648268,288.7446125028256,0.32283026019600686
C6_sim_zoom_out_0p95,episode_000003_000017,episode_000003,308.38261849890665,101.25360222878446,291.2860233995742,0.3283375785627926
C6_sim_zoom_out_0p95,episode_000003_000018,episode_000003,305.6342256578373,99.2660921653687,289.0649111180434,0.3247872254873012
C6_sim_zoom_out_0p95,episode_000003_000019,episode_000003,297.4523651454914,92.03974923408529,282.85436905159065,0.30942685289816524
C6_sim_zoom_out_0p95,episode_000003_000020,episode_000003,281.6388744204224,83.30883608703991,269.035487277469,0.29580020250570555
C6_sim_zoom_out_0p95,episode_000003_000021,episode_000003,287.9557049843541,89.90141447488539,273.5621021056302,0.31220570705404194
C6_sim_zoom_out_0p95,episode_000003_000022,episode_000003,268.9779661944291,81.0699271329478,256.46990703150726,0.3013998814845187
C6_sim_zoom_out_0p95,episode_000003_000023,episode_000003,334.181589308613,123.38645474140746,310.56902198895676,0.36921978555635343
C6_sim_zoom_out_0p95,episode_000003_000024,episode_000003,333.95632999204287,125.96580772949845,309.28861218093573,0.3771924542723889
C6_sim_zoom_out_0p95,episode_000003_000025,episode_000003,342.75989393905274,136.2031267092805,314.5362509596094,0.39737183117899794
C6_sim_zoom_out_0p95,episode_000003_000026,episode_000003,317.94472558132674,75.1681109132159,308.931389837167,0.23641880133655097
C6_sim_zoom_out_0p95,episode_000003_000027,episode_000003,308.3518263189885,72.14954758464852,299.7920805785006,0.2339844989599969
C6_sim_zoom_out_0p95,episode_000003_000028,episode_000003,289.6793829230568,61.817348449819164,283.0066435992565,0.21339919957727466
C6_sim_zoom_out_0p95,episode_000003_000029,episode_000003,286.9309784612828,57.753896784961576,281.0584882313664,0.20128149666751524
C6_sim_zoom_out_0p95,episode_000003_000030,episode_000003,284.8043648733896,55.26733789951604,279.39049306022486,0.19405368988668856
C6_sim_zoom_out_0p95,episode_000003_000031,episode_000003,288.3086232364033,56.736050295871124,282.67097981450934,0.19678929356667033
C6_sim_zoom_out_0p95,episode_000003_000032,episode_000003,286.9699509254639,56.816880704787685,281.28916580832094,0.19798895501621705
C6_sim_zoom_out_0p95,episode_000003_000033,episode_000003,287.3836970019969,56.09122618555314,281.85663669237357,0.19517887329970351
C6_sim_zoom_out_0p95,episode_000003_000034,episode_000003,286.9089984468256,56.79070943702783,281.23226826130684,0.197939798836784
C6_sim_zoom_out_0p95,episode_000003_000035,episode_000003,285.8156638834711,56.37617390671142,280.2005009574208,0.19724662091891632
C6_sim_zoom_out_0p95,episode_000003_000036,episode_000003,286.60611010426544,57.00455573280153,280.8799440593868,0.19889511675820046
C6_sim_zoom_out_0p95,episode_000003_000037,episode_000003,282.0715212383311,58.781600619252075,275.87871705215866,0.20839253945663536
C6_sim_zoom_out_0p95,episode_000003_000038,episode_000003,275.3391102652248,55.71169931401799,269.64389887625873,0.20233848820224923
C6_sim_zoom_out_0p95,episode_000003_000039,episode_000003,251.78806498748241,35.30402339863235,249.3007332560606,0.14021325196802908
C6_sim_zoom_out_0p95,episode_000003_000040,episode_000003,253.78823198723322,53.24573345297535,248.13979641375627,0.20980379206729283
C6_sim_zoom_out_0p95,episode_000003_000041,episode_000003,244.94203010284374,32.74065468492132,242.74399609816336,0.1336669524261496
C6_sim_zoom_out_0p95,episode_000003_000042,episode_000003,243.62151131124386,30.20654574240926,241.74160868143127,0.1239896492712347
C6_sim_zoom_out_0p95,episode_000003_000043,episode_000003,244.17178647164113,31.353505375159656,242.150405759401,0.12840756841004294
C6_sim_zoom_out_0p95,episode_000004_000000,episode_000004,230.20825757622305,62.64587379694431,221.52051000414832,0.27212696215383136
C6_sim_zoom_out_0p95,episode_000004_000001,episode_000004,231.87015840076222,63.946445554348124,222.87804391137175,0.2757855775637315
C6_sim_zoom_out_0p95,episode_000004_000002,episode_000004,229.32852607714273,62.1971971833534,220.73305492211577,0.27121439381000156
C6_sim_zoom_out_0p95,episode_000004_000003,episode_000004,228.1012519584062,61.509831473814764,219.6513641593314,0.26966020986605965
C6_sim_zoom_out_0p95,episode_000004_000004,episode_000004,226.5079026602913,60.52282351830841,218.27234776978895,0.2671996111724121
C6_sim_zoom_out_0p95,episode_000004_000005,episode_000004,215.0248671100421,57.903275067696164,207.08187803891963,0.26928641252485147
C6_sim_zoom_out_0p95,episode_000004_000006,episode_000004,218.83292914880812,61.36806546438676,210.0519255351067,0.28043341421736395
C6_sim_zoom_out_0p95,episode_000004_000007,episode_000004,233.50927330336776,63.46831475105141,224.7183876351207,0.27180211669193716
C6_sim_zoom_out_0p95,episode_000004_000008,episode_000004,239.600355129406,58.102541392781795,232.4487574968676,0.24249772652215448
C6_sim_zoom_out_0p95,episode_000004_000009,episode_000004,241.821192331077,50.43012114708449,236.504316961687,0.20854301751204957
C6_sim_zoom_out_0p95,episode_000004_000010,episode_000004,277.7596762549422,71.65629994920545,268.3576204076191,0.25797949117508184
C6_sim_zoom_out_0p95,episode_000004_000011,episode_000004,274.49455844422994,84.27228371970462,261.2382912441405,0.30700894107824916
C6_sim_zoom_out_0p95,episode_000004_000012,episode_000004,264.1813858792151,82.37945339968311,251.00882514890225,0.3118291363546233
C6_sim_zoom_out_0p95,episode_000004_000013,episode_000004,300.62301687228353,98.60646273499054,283.99113327758346,0.32800702940481247
C6_sim_zoom_out_0p95,episode_000004_000014,episode_000004,308.2861039786151,89.25271230833403,295.08350555718835,0.28951260260023015
C6_sim_zoom_out_0p95,episode_000004_000015,episode_000004,315.786395938519,67.06955621883388,308.5817922179592,0.2123889980108319
C6_sim_zoom_out_0p95,episode_000004_000016,episode_000004,292.9068503955048,52.2995670257634,288.1998929519793,0.1785535809597645
C6_sim_zoom_out_0p95,episode_000004_000017,episode_000004,282.9223588857339,44.235521760783236,279.44280232637817,0.15635215942282238
C6_sim_zoom_out_0p95,episode_000004_000018,episode_000004,281.36366930528794,46.0510199371205,277.56948313473936,0.16367081098574165
C6_sim_zoom_out_0p95,episode_000004_000019,episode_000004,284.79618880218055,46.52064060681723,280.9709934384306,0.16334713186464186
C6_sim_zoom_out_0p95,episode_000004_000020,episode_000004,296.40933607462836,42.603325234316806,293.331640283112,0.14373138781158487
C6_sim_zoom_out_0p95,episode_000004_000021,episode_000004,298.19010575439137,40.295390950217715,295.4549384220616,0.13513322599445202
C6_sim_zoom_out_0p95,episode_000004_000022,episode_000004,297.2664752506952,72.15007827386069,288.3777444829055,0.24271178986131553
C6_sim_zoom_out_0p95,episode_000004_000023,episode_000004,305.17077611972405,98.77610935008445,288.7429355312003,0.3236748636485847
C6_sim_zoom_out_0p95,episode_000004_000024,episode_000004,324.7782399428529,104.50800541967789,307.5044421525938,0.3217826583396315
C6_sim_zoom_out_0p95,episode_000004_000025,episode_000004,306.61324924418324,91.55308043979119,292.62555950234554,0.2985946649907466
C6_sim_zoom_out_0p95,episode_000004_000026,episode_000004,306.10326360773877,91.86167824442464,291.9942466238447,0.3001002902149464
C6_sim_zoom_out_0p95,episode_000004_000027,episode_000004,304.89133695447464,67.05088564724609,297.427144161065,0.21991731978025308
C6_sim_zoom_out_0p95,episode_000004_000028,episode_000004,309.73416734888224,59.42255502273711,303.9806151350365,0.19185017762604145
C6_sim_zoom_out_0p95,episode_000004_000029,episode_000004,295.64679249753465,50.4346361380698,291.31318780944474,0.17059084494715215
C6_sim_zoom_out_0p95,episode_000004_000030,episode_000004,290.1252610573265,45.39809607229093,286.55135661272465,0.15647757078043825
C6_sim_zoom_out_0p95,episode_000004_000031,episode_000004,289.43102992910934,44.80779024739031,285.9415727364086,0.15481336005460483
C6_sim_zoom_out_0p95,episode_000004_000032,episode_000004,289.38006874038,45.68285803240389,285.7514666037224,0.1578645627919478
C6_sim_zoom_out_0p95,episode_000004_000033,episode_000004,289.10515145480093,44.533600760290234,285.6545938734864,0.154039457741218
C6_sim_zoom_out_0p95,episode_000004_000034,episode_000004,291.4673140852296,45.819914764595,287.84323961320183,0.15720429890535356
C6_sim_zoom_out_0p95,episode_000004_000035,episode_000004,291.0509259172301,46.99042576967705,287.2325562384275,0.16145087194479613
C6_sim_zoom_out_0p95,episode_000004_000036,episode_000004,288.81754828314934,45.93407956635165,285.1414325044352,0.15904185822296038
C6_sim_zoom_out_0p95,episode_000004_000037,episode_000004,290.0988385396776,47.22688134816838,286.2288556386235,0.16279583050350277
C6_sim_zoom_out_0p95,episode_000004_000038,episode_000004,294.018557060251,50.89653958993317,289.57978892450774,0.173106555242033
C6_sim_zoom_out_0p95,episode_000004_000039,episode_000004,261.30439745255507,40.914749030045,258.08132718166826,0.1565788767005878
C6_sim_zoom_out_0p95,episode_000004_000040,episode_000004,245.54577046320563,21.430599369117626,244.60877908008462,0.08727741198184859
C6_sim_zoom_out_0p95,episode_000004_000041,episode_000004,263.8013310870899,37.91494661822646,261.0624429255527,0.14372538023968282
C6_sim_zoom_out_0p95,episode_000004_000042,episode_000004,261.345938548325,46.91631349068421,257.1002900117943,0.17951805086884484
C6_sim_zoom_out_0p95,episode_000004_000043,episode_000004,266.6032982080072,40.943461435546716,263.4406035163591,0.15357447454983142
C6_sim_zoom_out_0p95,episode_000004_000044,episode_000004,265.9333900758907,40.41335473799209,262.84468553896437,0.15196795982053676
C6_sim_zoom_out_0p95,episode_000005_000000,episode_000005,268.0676072888609,58.458974118813224,261.6157304570023,0.21807548741172497
C6_sim_zoom_out_0p95,episode_000005_000001,episode_000005,270.6306183192291,60.01095477865222,263.89319217896247,0.22174488293805988
C6_sim_zoom_out_0p95,episode_000005_000002,episode_000005,271.9795636517181,60.15386607674673,265.2440299803179,0.22117053674582857
C6_sim_zoom_out_0p95,episode_000005_000003,episode_000005,273.07390290546556,61.10948857431084,266.14843011787576,0.22378370076420706
C6_sim_zoom_out_0p95,episode_000005_000004,episode_000005,269.73433866402996,60.89335886038443,262.77102637319445,0.22575308417157336
C6_sim_zoom_out_0p95,episode_000005_000005,episode_000005,289.77189940930566,80.9469474030027,278.2361324368427,0.27934712637081605
C6_sim_zoom_out_0p95,episode_000005_000006,episode_000005,266.8270817824679,78.70656560511159,254.9548354183464,0.29497217853350244
C6_sim_zoom_out_0p95,episode_000005_000007,episode_000005,289.9161148171047,96.79151916625746,273.2814582955321,0.33386043141244137
C6_sim_zoom_out_0p95,episode_000005_000008,episode_000005,276.4324499188869,78.16378098328109,265.1515089728052,0.2827590646692042
C6_sim_zoom_out_0p95,episode_000005_000009,episode_000005,286.19776708965503,84.33060301089041,273.49133676027844,0.29465849390946786
C6_sim_zoom_out_0p95,episode_000005_000010,episode_000005,306.239000886552,98.07886244337526,290.1083632124504,0.32026901263209495
C6_sim_zoom_out_0p95,episode_000005_000011,episode_000005,303.8253849480897,101.84222879656542,286.2481877193337,0.33519986756197395
C6_sim_zoom_out_0p95,episode_000005_000012,episode_000005,316.95696345529797,110.06703992801305,297.23217087705746,0.34726178194074087
C6_sim_zoom_out_0p95,episode_000005_000013,episode_000005,329.3031379497977,111.22652109070424,309.9503471036008,0.3377633197885309
C6_sim_zoom_out_0p95,episode_000005_000014,episode_000005,328.53898185512634,112.77355161581427,308.5773625111834,0.3432577497471617
C6_sim_zoom_out_0p95,episode_000005_000015,episode_000005,329.4585760879328,112.6917441750856,309.58605290397895,0.3420513301344691
C6_sim_zoom_out_0p95,episode_000005_000016,episode_000005,334.11942537451733,114.5504976057181,313.86935803114017,0.34284297441646044
C6_sim_zoom_out_0p95,episode_000005_000017,episode_000005,332.11842179638404,113.44211103172371,312.14345026155354,0.3415712697240055
C6_sim_zoom_out_0p95,episode_000005_000018,episode_000005,338.481616592752,120.3654926916952,316.35731845545826,0.3556042242510154
C6_sim_zoom_out_0p95,episode_000005_000019,episode_000005,343.8846835698541,130.89469137571976,317.9988291858851,0.38063542120255794
C6_sim_zoom_out_0p95,episode_000005_000020,episode_000005,312.59029577789863,113.57221909654903,291.2285083297987,0.3633261193023224
C6_sim_zoom_out_0p95,episode_000005_000021,episode_000005,277.73622639059727,67.4726337470982,269.4157663258018,0.24293782134206487
C6_sim_zoom_out_0p95,episode_000005_000022,episode_000005,302.0263947361568,95.61635750071866,286.4916321563609,0.3165827860318198
C6_sim_zoom_out_0p95,episode_000005_000023,episode_000005,339.3461367837483,131.85318837970402,312.6828061537134,0.3885507276711058
C6_sim_zoom_out_0p95,episode_000005_000024,episode_000005,349.5691021100072,134.0573703094625,322.8423432818382,0.3834931906175034
C6_sim_zoom_out_0p95,episode_000005_000025,episode_000005,291.3303130288633,52.16141030746118,286.62264140195236,0.17904559867168143
C6_sim_zoom_out_0p95,episode_000005_000026,episode_000005,286.5466809256909,48.21319407047277,282.4614810324633,0.16825598507970754
C6_sim_zoom_out_0p95,episode_000005_000027,episode_000005,284.8743746710796,48.75131847672181,280.67190506179963,0.17113269149958066
C6_sim_zoom_out_0p95,episode_000005_000028,episode_000005,275.2573709386383,53.82730962813226,269.9430328685078,0.1955526547557257
C6_sim_zoom_out_0p95,episode_000005_000029,episode_000005,272.62309784494715,50.547979331116935,267.89597843961116,0.1854134140896081
C6_sim_zoom_out_0p95,episode_000005_000030,episode_000005,269.6072709047133,52.30303189949092,264.48529898428814,0.19399711188789218
C6_sim_zoom_out_0p95,episode_000005_000031,episode_000005,270.54279116420696,51.74793877532562,265.5476467292167,0.1912745061609016
C6_sim_zoom_out_0p95,episode_000005_000032,episode_000005,269.02109010489545,53.58554253183785,263.6303027969184,0.19918714369547766
C6_sim_zoom_out_0p95,episode_000005_000033,episode_000005,274.4949712226716,53.300976866904705,269.2703011688608,0.1941783364171969
C6_sim_zoom_out_0p95,episode_000005_000034,episode_000005,274.19346111115095,55.079355136071804,268.60439079416915,0.20087771208279856
C6_sim_zoom_out_0p95,episode_000005_000035,episode_000005,275.44476861508105,53.71966027464997,270.15554530194584,0.19502879123371641
C6_sim_zoom_out_0p95,episode_000005_000036,episode_000005,252.3819960259914,48.76156224134861,247.6266988146606,0.1932053910704745
C6_sim_zoom_out_0p95,episode_000005_000037,episode_000005,233.478377793641,29.431638280908334,231.61591388601067,0.12605723304674227
C6_sim_zoom_out_0p95,episode_000005_000038,episode_000005,249.00519003693356,37.61067031875949,246.14837424509423,0.15104372046695455
C6_sim_zoom_out_0p95,episode_000005_000039,episode_000005,248.4387483649485,43.88026035174308,244.53289030436264,0.17662405981567897
C6_sim_zoom_out_0p95,episode_000005_000040,episode_000005,267.32404942214265,54.95439236293612,261.6145297178133,0.2055721977941286
C6_sim_zoom_out_0p95,episode_000005_000041,episode_000005,267.83694878689096,51.476947935395806,262.84359411392967,0.192195095443513
C6_sim_zoom_out_0p95,episode_000005_000042,episode_000005,268.3244258981535,54.45816535984585,262.7399964969425,0.20295642179261106
C7_sim_rotate_ccw_2deg,episode_000001_000000,episode_000001,246.0332135137272,43.02875672578443,242.24134297539828,0.1748900325743365
C7_sim_rotate_ccw_2deg,episode_000001_000001,episode_000001,243.69434768404722,44.02735601609515,239.6842235429468,0.18066629954494132
C7_sim_rotate_ccw_2deg,episode_000001_000002,episode_000001,248.1274124026143,45.077714534891186,243.99838613795768,0.1816716423969617
C7_sim_rotate_ccw_2deg,episode_000001_000003,episode_000001,239.94345613722933,42.634264045676964,236.12535160876308,0.17768462925404152
C7_sim_rotate_ccw_2deg,episode_000001_000004,episode_000001,239.72756077395542,47.476933842639866,234.9792419502882,0.19804537154327012
C7_sim_rotate_ccw_2deg,episode_000001_000005,episode_000001,237.95003851040994,51.45374778953236,232.3203234017996,0.21623761068347688
C7_sim_rotate_ccw_2deg,episode_000001_000006,episode_000001,278.9867543278511,66.84821026389552,270.85960546914845,0.23961069558642523
C7_sim_rotate_ccw_2deg,episode_000001_000007,episode_000001,289.0479332075239,81.35242008892882,277.36346449598517,0.2814495823795471
C7_sim_rotate_ccw_2deg,episode_000001_000008,episode_000001,339.61555871067753,88.74452489623434,327.815705876499,0.26130877287585297
C7_sim_rotate_ccw_2deg,episode_000001_000009,episode_000001,313.47749383382353,81.84102501864278,302.6056604960204,0.26107464372554684
C7_sim_rotate_ccw_2deg,episode_000001_000010,episode_000001,282.62097122520646,66.3927200026968,274.7118856309688,0.23491788211919978
C7_sim_rotate_ccw_2deg,episode_000001_000011,episode_000001,268.83808595810206,68.37398554282697,259.99791261201534,0.25433146981072813
C7_sim_rotate_ccw_2deg,episode_000001_000012,episode_000001,272.9635343867539,69.05882237368883,264.083263682627,0.25299651299151715
C7_sim_rotate_ccw_2deg,episode_000001_000013,episode_000001,260.51478578135874,68.70751731518325,251.29112733061433,0.2637374961621071
C7_sim_rotate_ccw_2deg,episode_000001_000014,episode_000001,254.52381354548126,68.09091141052077,245.24681332286363,0.26752275341950865
C7_sim_rotate_ccw_2deg,episode_000001_000015,episode_000001,259.4202246664521,52.15405070239232,254.12360764266822,0.20104080462288187
C7_sim_rotate_ccw_2deg,episode_000001_000016,episode_000001,243.6018468916402,47.23942968040271,238.97760583889112,0.19392065488491927
C7_sim_rotate_ccw_2deg,episode_000001_000017,episode_000001,254.7982123477125,53.41450331168223,249.13654860649467,0.2096345292987758
C7_sim_rotate_ccw_2deg,episode_000001_000018,episode_000001,261.5623298471548,54.52671688130267,255.81573356855526,0.20846548091678804
C7_sim_rotate_ccw_2deg,episode_000001_000019,episode_000001,259.5554007791384,52.58943046687444,254.17190615170065,0.2026135087500028
C7_sim_rotate_ccw_2deg,episode_000001_000020,episode_000001,261.20346735926637,53.356793601446405,255.6957253007488,0.2042729146778822
C7_sim_rotate_ccw_2deg,episode_000001_000021,episode_000001,254.58030650166145,49.33857077805397,249.75355431316456,0.19380356421140524
C7_sim_rotate_ccw_2deg,episode_000001_000022,episode_000001,254.00979619818546,62.949500606168414,246.08603564216665,0.24782312158171046
C7_sim_rotate_ccw_2deg,episode_000001_000023,episode_000001,258.36448573341175,57.729371829691615,251.83233929827108,0.22344159130778724
C7_sim_rotate_ccw_2deg,episode_000001_000024,episode_000001,284.2178125463518,99.1265307118948,266.3713495811007,0.3487695926719185
C7_sim_rotate_ccw_2deg,episode_000001_000025,episode_000001,327.05572171221405,134.3580041990747,298.183453283945,0.4108107434894543
C7_sim_rotate_ccw_2deg,episode_000001_000026,episode_000001,327.92777882521796,127.5284271434991,302.1144293070861,0.38889180904515686
C7_sim_rotate_ccw_2deg,episode_000001_000027,episode_000001,318.9988804289658,116.8144486067366,296.84115333227925,0.3661907792580754
C7_sim_rotate_ccw_2deg,episode_000001_000028,episode_000001,304.74390739699464,66.6209297058808,297.37266320344935,0.2186128355278082
C7_sim_rotate_ccw_2deg,episode_000001_000029,episode_000001,304.353326084045,64.7449459341105,297.3870190079085,0.21272954945868291
C7_sim_rotate_ccw_2deg,episode_000001_000030,episode_000001,312.4345404764806,65.14415271567741,305.56763809295336,0.20850496432413917
C7_sim_rotate_ccw_2deg,episode_000001_000031,episode_000001,293.54350141419064,59.03500262113132,287.54591926860303,0.20111159789510305
C7_sim_rotate_ccw_2deg,episode_000001_000032,episode_000001,287.92454613764556,56.51199650814239,282.3241727504623,0.1962736323325702
C7_sim_rotate_ccw_2deg,episode_000001_000033,episode_000001,285.45140634528735,56.801191513261,279.7429713633145,0.19898725404965503
C7_sim_rotate_ccw_2deg,episode_000001_000034,episode_000001,284.3117235041091,57.02311988364375,278.53459375921796,0.2005654891076611
C7_sim_rotate_ccw_2deg,episode_000001_000035,episode_000001,284.11819455154694,57.21342408490521,278.29799241049415,0.20137191204952948
C7_sim_rotate_ccw_2deg,episode_000001_000036,episode_000001,285.52252605942397,57.719034244310016,279.62765595208674,0.20215229614596966
C7_sim_rotate_ccw_2deg,episode_000001_000037,episode_000001,285.02417832647114,57.30697803122707,279.2036756556197,0.20106005872100705
C7_sim_rotate_ccw_2deg,episode_000001_000038,episode_000001,286.9320700990123,56.99637244820747,281.2142001731949,0.19864064838949372
C7_sim_rotate_ccw_2deg,episode_000001_000039,episode_000001,276.3674231778927,46.683406185885346,272.3960575721904,0.16891790518970135
C7_sim_rotate_ccw_2deg,episode_000001_000040,episode_000001,261.80533334863264,41.8281305154149,258.44233412383136,0.1597680611789315
C7_sim_rotate_ccw_2deg,episode_000001_000041,episode_000001,261.71296856257277,32.39871074845673,259.6998295256892,0.12379482349079902
C7_sim_rotate_ccw_2deg,episode_000001_000042,episode_000001,264.5855012375522,43.08676205253913,261.053669579561,0.1628462703020701
C7_sim_rotate_ccw_2deg,episode_000001_000043,episode_000001,273.0224711958123,47.58540165025725,268.8436336007454,0.17429115428425268
C7_sim_rotate_ccw_2deg,episode_000001_000044,episode_000001,288.9730973452581,58.237608812980426,283.04386923065175,0.2015329778031189
C7_sim_rotate_ccw_2deg,episode_000001_000045,episode_000001,289.66788003477257,57.48879442628293,283.9058281177968,0.19846451190716005
C7_sim_rotate_ccw_2deg,episode_000002_000000,episode_000002,323.8087483361935,95.03642714503913,309.5483532738593,0.2934955514122424
C7_sim_rotate_ccw_2deg,episode_000002_000001,episode_000002,336.07042795007845,100.06918165400525,320.82626361575603,0.2977625322894224
C7_sim_rotate_ccw_2deg,episode_000002_000002,episode_000002,335.28859941883985,98.90365252278238,320.36933751203463,0.2949806605241377
C7_sim_rotate_ccw_2deg,episode_000002_000003,episode_000002,308.48295895260196,87.45349352267037,295.82701437636314,0.2834953795165959
C7_sim_rotate_ccw_2deg,episode_000002_000004,episode_000002,339.78267013133257,99.26841226985333,324.9585285032544,0.29215266402928725
C7_sim_rotate_ccw_2deg,episode_000002_000005,episode_000002,371.02393069082734,115.086058709877,352.7236258544338,0.3101850020714101
C7_sim_rotate_ccw_2deg,episode_000002_000006,episode_000002,280.32283576020296,76.17815524274538,269.77357341380554,0.27175151477102844
C7_sim_rotate_ccw_2deg,episode_000002_000007,episode_000002,292.9907214184497,90.60919959493884,278.6279522698111,0.30925620837504497
C7_sim_rotate_ccw_2deg,episode_000002_000008,episode_000002,239.1113323620641,62.65767181480189,230.75581341909907,0.2620439240408948
C7_sim_rotate_ccw_2deg,episode_000002_000009,episode_000002,223.7614558714099,54.5775032119561,217.0034222698846,0.24390931404790475
C7_sim_rotate_ccw_2deg,episode_000002_000010,episode_000002,226.43436419117316,55.92626456624935,219.41917468244822,0.24698664783509686
C7_sim_rotate_ccw_2deg,episode_000002_000011,episode_000002,223.0632006913563,60.55938919306395,214.68523909024415,0.27148982443257225
C7_sim_rotate_ccw_2deg,episode_000002_000012,episode_000002,249.22841088877152,86.62121776257635,233.6911753307571,0.34755755755805323
C7_sim_rotate_ccw_2deg,episode_000002_000013,episode_000002,234.48652600388968,73.73069385574132,222.5931617568783,0.31443467184344004
C7_sim_rotate_ccw_2deg,episode_000002_000014,episode_000002,276.43577546354476,87.98100691745898,262.06121494399235,0.31826924995481115
C7_sim_rotate_ccw_2deg,episode_000002_000015,episode_000002,293.8345853188562,88.34865786255804,280.23789569469164,0.3006748091504817
C7_sim_rotate_ccw_2deg,episode_000002_000016,episode_000002,281.81054120526034,60.65181850661169,275.2063553885389,0.2152219652508852
C7_sim_rotate_ccw_2deg,episode_000002_000017,episode_000002,273.93098694173017,44.51918246162005,270.2891562749407,0.16251970234784005
C7_sim_rotate_ccw_2deg,episode_000002_000018,episode_000002,252.13748290781197,28.07933291634292,250.56907500739263,0.11136516710055941
C7_sim_rotate_ccw_2deg,episode_000002_000019,episode_000002,246.2124885764886,28.16050548884458,244.59676093857067,0.1143748054847194
C7_sim_rotate_ccw_2deg,episode_000002_000020,episode_000002,246.41992118000076,28.884053364238966,244.72124757693106,0.11721476585953544
C7_sim_rotate_ccw_2deg,episode_000002_000021,episode_000002,243.5511846002379,27.093744214858127,242.0394772441037,0.11124455936984863
C7_sim_rotate_ccw_2deg,episode_000002_000022,episode_000002,247.82385385194283,23.970646450221025,246.66185486772702,0.09672453267772112
C7_sim_rotate_ccw_2deg,episode_000002_000023,episode_000002,246.5394368284817,40.172738675580234,243.2444140756545,0.1629465013482956
C7_sim_rotate_ccw_2deg,episode_000002_000024,episode_000002,264.31834972696345,46.2897633679857,260.23344867584035,0.17512883012398597
C7_sim_rotate_ccw_2deg,episode_000002_000025,episode_000002,312.81410922158926,123.29281597666223,287.4918232865785,0.39414084065282634
C7_sim_rotate_ccw_2deg,episode_000002_000026,episode_000002,323.64117642559734,125.43094889604036,298.34659062436685,0.387561775301098
C7_sim_rotate_ccw_2deg,episode_000002_000027,episode_000002,308.4937531754088,113.42481773000065,286.8853542291174,0.3676729806114018
C7_sim_rotate_ccw_2deg,episode_000002_000028,episode_000002,312.0328028644027,115.42468766636442,289.89931276313405,0.3699120304236843
C7_sim_rotate_ccw_2deg,episode_000002_000029,episode_000002,291.1799443386271,58.80842734024749,285.1794678072263,0.20196592685606243
C7_sim_rotate_ccw_2deg,episode_000002_000030,episode_000002,301.6016832216116,60.101189703365065,295.5527403330064,0.19927338952947343
C7_sim_rotate_ccw_2deg,episode_000002_000031,episode_000002,286.4202781181997,58.80446934225056,280.31876516331045,0.20530833126969866
C7_sim_rotate_ccw_2deg,episode_000002_000032,episode_000002,280.66882571225534,54.62023910380893,275.3027773324111,0.19460743089368313
C7_sim_rotate_ccw_2deg,episode_000002_000033,episode_000002,274.63230099476067,51.37362009672903,269.7844545333066,0.18706328392780394
C7_sim_rotate_ccw_2deg,episode_000002_000034,episode_000002,277.97283498526417,50.73935202196162,273.30279022749903,0.18253349117604029
C7_sim_rotate_ccw_2deg,episode_000002_000035,episode_000002,279.4411120888266,52.635659754415734,274.43910517209014,0.188360471946892
C7_sim_rotate_ccw_2deg,episode_000002_000036,episode_000002,279.2969694389893,55.397295130125734,273.7479439741411,0.19834549311938354
C7_sim_rotate_ccw_2deg,episode_000002_000037,episode_000002,277.21506137762066,54.721235353500084,271.7605134230962,0.19739632861779885
C7_sim_rotate_ccw_2deg,episode_000002_000038,episode_000002,279.86091138817454,55.00561966066641,274.40209825867913,0.19654627503292932
C7_sim_rotate_ccw_2deg,episode_000002_000039,episode_000002,279.9316966619113,53.50241025483526,274.77126285865415,0.19112666015614882
C7_sim_rotate_ccw_2deg,episode_000002_000040,episode_000002,279.5004065218223,58.516231515981616,273.3062895270286,0.20936009447776205
C7_sim_rotate_ccw_2deg,episode_000002_000041,episode_000002,254.39056308877062,48.71402492572295,249.68280350107779,0.19149305042704748
C7_sim_rotate_ccw_2deg,episode_000002_000042,episode_000002,238.49526242208265,34.01622981835791,236.05695564147803,0.1426285347260143
C7_sim_rotate_ccw_2deg,episode_000002_000043,episode_000002,255.21851547306395,38.971999950632565,252.2254425313245,0.15270051970326468
C7_sim_rotate_ccw_2deg,episode_000002_000044,episode_000002,264.63608191211637,43.991903167551094,260.9539582100512,0.1662354689114558
C7_sim_rotate_ccw_2deg,episode_000002_000045,episode_000002,258.7761005127057,36.42662536959351,256.19947533268925,0.14076502929529613
C7_sim_rotate_ccw_2deg,episode_000002_000046,episode_000002,262.0811546439557,35.73632093566944,259.633293291696,0.1363559351843447
C7_sim_rotate_ccw_2deg,episode_000003_000000,episode_000003,291.8853493364707,76.45159362462294,281.69524488270844,0.2619233675085672
C7_sim_rotate_ccw_2deg,episode_000003_000001,episode_000003,297.8638115003523,79.67924718821787,287.00882873012165,0.2675022749049984
C7_sim_rotate_ccw_2deg,episode_000003_000002,episode_000003,299.4265436981422,81.4780067247936,288.1277312081743,0.27211350643292725
C7_sim_rotate_ccw_2deg,episode_000003_000003,episode_000003,294.4114136321482,80.88285592469407,283.0831045723941,0.2747273107616439
C7_sim_rotate_ccw_2deg,episode_000003_000004,episode_000003,315.3233180712713,91.28734425879918,301.82017112454827,0.2895039441331956
C7_sim_rotate_ccw_2deg,episode_000003_000005,episode_000003,295.6015827903186,92.00338645179463,280.91933473782706,0.31124118343120005
C7_sim_rotate_ccw_2deg,episode_000003_000006,episode_000003,274.2843658804981,90.23709062657095,259.0157926492495,0.3289910102491441
C7_sim_rotate_ccw_2deg,episode_000003_000007,episode_000003,262.122250244325,83.43293952366001,248.48947397342576,0.31829781503055116
C7_sim_rotate_ccw_2deg,episode_000003_000008,episode_000003,263.2225936677974,93.39861293762169,246.0951704494233,0.3548274927170435
C7_sim_rotate_ccw_2deg,episode_000003_000009,episode_000003,268.18858578274995,89.219364220823,252.91307319350568,0.3326739799921852
C7_sim_rotate_ccw_2deg,episode_000003_000010,episode_000003,272.9511708979201,92.66910266238506,256.7387370583059,0.3395079872987319
C7_sim_rotate_ccw_2deg,episode_000003_000011,episode_000003,277.4033688538417,94.257718860806,260.89866133542694,0.33978577567480267
C7_sim_rotate_ccw_2deg,episode_000003_000012,episode_000003,287.883419038671,91.4570749645195,272.96971699499795,0.3176878865407466
C7_sim_rotate_ccw_2deg,episode_000003_000013,episode_000003,279.1166752821555,83.61753414763531,266.29725196410357,0.2995791421745312
C7_sim_rotate_ccw_2deg,episode_000003_000014,episode_000003,273.07637811229466,84.11467760803158,259.7988246582841,0.3080261946840451
C7_sim_rotate_ccw_2deg,episode_000003_000015,episode_000003,294.0255856861495,99.39570105856163,276.7156295715157,0.33805119655355154
C7_sim_rotate_ccw_2deg,episode_000003_000016,episode_000003,294.7417882463156,101.03756301600953,276.88288606994445,0.3428002646559655
C7_sim_rotate_ccw_2deg,episode_000003_000017,episode_000003,299.5610432099898,104.7562513339802,280.6473702273181,0.34969918054580595
C7_sim_rotate_ccw_2deg,episode_000003_000018,episode_000003,294.52939836306837,102.24344064672007,276.2134054401264,0.347141715614697
C7_sim_rotate_ccw_2deg,episode_000003_000019,episode_000003,285.2482815754204,94.46528100150877,269.15217410795015,0.3311686243288793
C7_sim_rotate_ccw_2deg,episode_000003_000020,episode_000003,285.97455159855895,94.1853168289027,270.0195738383351,0.3293485951893955
C7_sim_rotate_ccw_2deg,episode_000003_000021,episode_000003,295.30900201301915,92.85648928667152,280.33030351226677,0.3144383972506798
C7_sim_rotate_ccw_2deg,episode_000003_000022,episode_000003,279.61822729724514,92.80483462986463,263.7681097217352,0.33189837274524114
C7_sim_rotate_ccw_2deg,episode_000003_000023,episode_000003,351.67745415323367,143.33900303886494,321.140097103311,0.4075865579270514
C7_sim_rotate_ccw_2deg,episode_000003_000024,episode_000003,345.92919643903673,137.51281341060374,317.4228017910152,0.3975172226748941
C7_sim_rotate_ccw_2deg,episode_000003_000025,episode_000003,348.1818706995191,139.87528307050673,318.8503101296316,0.40173051741461596
C7_sim_rotate_ccw_2deg,episode_000003_000026,episode_000003,321.2801638044648,74.64063919553828,312.4895496407923,0.2323225882098514
C7_sim_rotate_ccw_2deg,episode_000003_000027,episode_000003,312.5602642609713,73.4078883871176,303.8177096836731,0.23485995112234065
C7_sim_rotate_ccw_2deg,episode_000003_000028,episode_000003,294.48348550697955,65.16114822528284,287.1838226612045,0.22127267379052554
C7_sim_rotate_ccw_2deg,episode_000003_000029,episode_000003,293.2095734859234,63.53476921745066,286.2432306348613,0.21668722634836096
C7_sim_rotate_ccw_2deg,episode_000003_000030,episode_000003,290.3540501760348,63.44741187236932,283.3370790777749,0.2185173991335842
C7_sim_rotate_ccw_2deg,episode_000003_000031,episode_000003,294.22020968303207,64.26935879290536,287.1149270001059,0.21843964716816608
C7_sim_rotate_ccw_2deg,episode_000003_000032,episode_000003,292.01672964797046,63.144445093031486,285.10796103965424,0.21623571077298498
C7_sim_rotate_ccw_2deg,episode_000003_000033,episode_000003,293.96078989323223,61.84004260161534,287.38259363726854,0.21036833730129756
C7_sim_rotate_ccw_2deg,episode_000003_000034,episode_000003,292.3584999976172,61.588611443130155,285.7977177329515,0.21066126500044338
C7_sim_rotate_ccw_2deg,episode_000003_000035,episode_000003,291.4339392423127,61.03502026527894,284.97099368796995,0.2094300355818592
C7_sim_rotate_ccw_2deg,episode_000003_000036,episode_000003,292.04800483921264,62.404179935601505,285.3029187672812,0.21367781632323835
C7_sim_rotate_ccw_2deg,episode_000003_000037,episode_000003,289.93027638970153,61.58457091456581,283.31414682764705,0.21241165869751616
C7_sim_rotate_ccw_2deg,episode_000003_000038,episode_000003,267.9326180004181,52.43963526685209,262.75078009710546,0.19571948969188316
C7_sim_rotate_ccw_2deg,episode_000003_000039,episode_000003,246.0779836351068,36.61200161646767,243.33913653080066,0.1487821099459156
C7_sim_rotate_ccw_2deg,episode_000003_000040,episode_000003,251.8703301493087,48.804215702094766,247.09676594246469,0.19376722805406907
C7_sim_rotate_ccw_2deg,episode_000003_000041,episode_000003,255.33023984592998,36.71025772776173,252.67743935171862,0.14377559724188266
C7_sim_rotate_ccw_2deg,episode_000003_000042,episode_000003,252.0853318844696,30.911786387598937,250.1828851333173,0.12262429613225481
C7_sim_rotate_ccw_2deg,episode_000003_000043,episode_000003,250.932022441974,30.74553286270701,249.04134615723459,0.1225253459622383
C7_sim_rotate_ccw_2deg,episode_000004_000000,episode_000004,223.55770047677234,58.72099248347583,215.70788229505624,0.2626659352741775
C7_sim_rotate_ccw_2deg,episode_000004_000001,episode_000004,222.52493942049097,59.82763500579569,214.33152533798304,0.26885811164178447
C7_sim_rotate_ccw_2deg,episode_000004_000002,episode_000004,222.8980970400527,59.90189022276762,214.69821893023763,0.26874114682102385
C7_sim_rotate_ccw_2deg,episode_000004_000003,episode_000004,219.44296553172785,58.68887484185959,211.4493582188313,0.26744477636661423
C7_sim_rotate_ccw_2deg,episode_000004_000004,episode_000004,225.2533193512402,60.716863542145816,216.91592924530983,0.26954925111433886
C7_sim_rotate_ccw_2deg,episode_000004_000005,episode_000004,225.23053955881758,61.40545313595156,216.69833011614222,0.27263377895481133
C7_sim_rotate_ccw_2deg,episode_000004_000006,episode_000004,225.60604363726318,61.36900622077334,217.09889912464638,0.272018449645101
C7_sim_rotate_ccw_2deg,episode_000004_000007,episode_000004,280.11150537581744,77.72782525861697,269.1112049403973,0.27748887056364147
C7_sim_rotate_ccw_2deg,episode_000004_000008,episode_000004,288.4765836821982,76.23776794469936,278.22031211211464,0.26427714503402155
C7_sim_rotate_ccw_2deg,episode_000004_000009,episode_000004,268.1131486334323,59.24288769838697,261.48602396168184,0.22096226164343996
C7_sim_rotate_ccw_2deg,episode_000004_000010,episode_000004,259.1607596108324,67.4901103982444,250.2186730052264,0.26041793711204825
C7_sim_rotate_ccw_2deg,episode_000004_000011,episode_000004,236.36449420213384,73.52619275677952,224.6376484432729,0.3110712249949923
C7_sim_rotate_ccw_2deg,episode_000004_000012,episode_000004,257.14519501384416,78.85092653579711,244.7573956046155,0.3066397042011691
C7_sim_rotate_ccw_2deg,episode_000004_000013,episode_000004,288.47414058167516,92.67923041844534,273.18105723746805,0.32127396317593065
C7_sim_rotate_ccw_2deg,episode_000004_000014,episode_000004,295.0058572434226,84.29972275670484,282.70481522441276,0.2857560983514485
C7_sim_rotate_ccw_2deg,episode_000004_000015,episode_000004,312.2527380984573,67.70693552860875,304.82379062551627,0.21683376082120978
C7_sim_rotate_ccw_2deg,episode_000004_000016,episode_000004,278.9698299537991,47.69567735675,274.8623080488345,0.17097073674471897
C7_sim_rotate_ccw_2deg,episode_000004_000017,episode_000004,260.89721294518733,36.36128738782143,258.35094832817373,0.13937016412459982
C7_sim_rotate_ccw_2deg,episode_000004_000018,episode_000004,259.06516511391544,38.0660884034061,256.2532588849639,0.14693634470951655
C7_sim_rotate_ccw_2deg,episode_000004_000019,episode_000004,259.19505591230063,38.05754305734988,256.38584287323397,0.14682974149872194
C7_sim_rotate_ccw_2deg,episode_000004_000020,episode_000004,263.38793137179493,34.11309653025596,261.1694833578969,0.1295165513187556
C7_sim_rotate_ccw_2deg,episode_000004_000021,episode_000004,283.6670880515034,43.84102560597303,280.25877562965945,0.1545509770171615
C7_sim_rotate_ccw_2deg,episode_000004_000022,episode_000004,288.4585020494851,78.23300913562969,277.64708477889207,0.27121061982845907
C7_sim_rotate_ccw_2deg,episode_000004_000023,episode_000004,297.90539937911734,104.90886132072085,278.82208986309024,0.35215495099910155
C7_sim_rotate_ccw_2deg,episode_000004_000024,episode_000004,320.51107411227395,116.55312453397991,298.56777754803034,0.36364772997875183
C7_sim_rotate_ccw_2deg,episode_000004_000025,episode_000004,306.3543928739785,97.2928051085169,290.49461975620153,0.31758253634227834
C7_sim_rotate_ccw_2deg,episode_000004_000026,episode_000004,302.4726853749757,95.89481048757726,286.86915261055987,0.31703626517117195
C7_sim_rotate_ccw_2deg,episode_000004_000027,episode_000004,301.30540434328725,62.096917142930735,294.8371068366664,0.20609294173887985
C7_sim_rotate_ccw_2deg,episode_000004_000028,episode_000004,307.51540713491744,64.27418539453296,300.7233857172123,0.20901126871452558
C7_sim_rotate_ccw_2deg,episode_000004_000029,episode_000004,290.93337224574276,56.28681808035175,285.43654495643915,0.19346978879001875
C7_sim_rotate_ccw_2deg,episode_000004_000030,episode_000004,286.4421458854003,52.451893094611215,281.59883140777487,0.18311513807607124
C7_sim_rotate_ccw_2deg,episode_000004_000031,episode_000004,285.46713124923326,51.88076371364282,280.71314429530395,0.1817398853822761
C7_sim_rotate_ccw_2deg,episode_000004_000032,episode_000004,287.454018626295,52.92179178519346,282.5404338827471,0.1841052424248572
C7_sim_rotate_ccw_2deg,episode_000004_000033,episode_000004,285.0460624911916,52.23287545302373,280.219529054706,0.18324363085926793
C7_sim_rotate_ccw_2deg,episode_000004_000034,episode_000004,287.21987209529914,53.03113407487635,282.28169218915434,0.18463602009153704
C7_sim_rotate_ccw_2deg,episode_000004_000035,episode_000004,286.9690836081579,55.895876002288716,281.472744671385,0.19478013205984157
C7_sim_rotate_ccw_2deg,episode_000004_000036,episode_000004,284.6343109882373,54.63654589477542,279.34125875787964,0.19195347779780952
C7_sim_rotate_ccw_2deg,episode_000004_000037,episode_000004,286.3396027026228,56.19255878879584,280.7717300809745,0.19624445329399465
C7_sim_rotate_ccw_2deg,episode_000004_000038,episode_000004,292.73441535980305,57.8762439844251,286.9560564238033,0.19770905280572762
C7_sim_rotate_ccw_2deg,episode_000004_000039,episode_000004,250.96208213046933,35.74020337681642,248.40411536414655,0.142412762411797
C7_sim_rotate_ccw_2deg,episode_000004_000040,episode_000004,244.33661056528132,33.03161077409052,242.09356032781815,0.13518895386847973
C7_sim_rotate_ccw_2deg,episode_000004_000041,episode_000004,256.30638414425545,37.69140397331616,253.51986237694067,0.14705604817124854
C7_sim_rotate_ccw_2deg,episode_000004_000042,episode_000004,238.85773571588777,32.50704665401468,236.63539428655764,0.1360937570499311
C7_sim_rotate_ccw_2deg,episode_000004_000043,episode_000004,232.5108392908246,34.268490535344334,229.97165247950167,0.14738448598725884
C7_sim_rotate_ccw_2deg,episode_000004_000044,episode_000004,230.76182928874434,35.27320316080902,228.05004493633385,0.15285544957555727
C7_sim_rotate_ccw_2deg,episode_000005_000000,episode_000005,257.1733934880227,55.801326913258066,251.0465419655588,0.21697939338291963
C7_sim_rotate_ccw_2deg,episode_000005_000001,episode_000005,258.4294066985072,55.820865813024916,252.32873238382248,0.21600044099527535
C7_sim_rotate_ccw_2deg,episode_000005_000002,episode_000005,259.6204618463025,56.49946809488306,253.39809453561938,0.21762332480685298
C7_sim_rotate_ccw_2deg,episode_000005_000003,episode_000005,257.2058639024965,56.15286575329809,251.001418508983,0.21831876187156032
C7_sim_rotate_ccw_2deg,episode_000005_000004,episode_000005,251.09859985636103,56.975687300499764,244.54913188654052,0.22690563520900656
C7_sim_rotate_ccw_2deg,episode_000005_000005,episode_000005,278.2751177550402,80.69240838908564,266.31893734759177,0.2899734947201334
C7_sim_rotate_ccw_2deg,episode_000005_000006,episode_000005,258.97389265658563,72.51854380192506,248.61322950026818,0.2800226040471533
C7_sim_rotate_ccw_2deg,episode_000005_000007,episode_000005,300.02114833665337,97.43370153931221,283.7593403812329,0.3247561116257777
C7_sim_rotate_ccw_2deg,episode_000005_000008,episode_000005,279.37166629546977,80.69692703022467,267.4631449313829,0.28885150774337215
C7_sim_rotate_ccw_2deg,episode_000005_000009,episode_000005,293.5973195488268,90.27202942367728,279.37492147647515,0.3074688473396112
C7_sim_rotate_ccw_2deg,episode_000005_000010,episode_000005,297.2501851535191,97.95596128410719,280.64622253418605,0.3295404550665509
C7_sim_rotate_ccw_2deg,episode_000005_000011,episode_000005,309.1557939545501,101.96796748867541,291.85585233449865,0.32982712756037175
C7_sim_rotate_ccw_2deg,episode_000005_000012,episode_000005,312.70578400684565,110.31403357785865,292.6016427621675,0.35277260357756507
C7_sim_rotate_ccw_2deg,episode_000005_000013,episode_000005,313.429233549425,110.83756914151843,293.1772803444686,0.3536286895971378
C7_sim_rotate_ccw_2deg,episode_000005_000014,episode_000005,305.66466890266656,112.91961833384877,284.042337708157,0.36942319417952096
C7_sim_rotate_ccw_2deg,episode_000005_000015,episode_000005,313.88230781214656,114.31139875257043,292.3268842797562,0.3641855431398954
C7_sim_rotate_ccw_2deg,episode_000005_000016,episode_000005,316.59769920496836,116.11864480608489,294.5344860458244,0.36677033692183775
C7_sim_rotate_ccw_2deg,episode_000005_000017,episode_000005,316.02673539089676,116.39457305813903,293.81150563659247,0.3683060957300634
C7_sim_rotate_ccw_2deg,episode_000005_000018,episode_000005,310.9046960168935,119.60692570888988,286.97720001391235,0.3847060763031731
C7_sim_rotate_ccw_2deg,episode_000005_000019,episode_000005,330.69120800200375,132.57469128260047,302.9531750636519,0.4009017720295641
C7_sim_rotate_ccw_2deg,episode_000005_000020,episode_000005,314.9593068400653,116.92232181562487,292.4526211652374,0.37122993122091613
C7_sim_rotate_ccw_2deg,episode_000005_000021,episode_000005,278.10886605815466,72.06938045325354,268.60853631490716,0.25914089498384885
C7_sim_rotate_ccw_2deg,episode_000005_000022,episode_000005,312.23537726604263,109.32425856281749,292.4707460690012,0.35013411843356523
C7_sim_rotate_ccw_2deg,episode_000005_000023,episode_000005,339.4745124522412,135.04251286441888,311.45860772171653,0.39779867975631095
C7_sim_rotate_ccw_2deg,episode_000005_000024,episode_000005,344.1681863048853,134.32703241752284,316.8721963604507,0.39029473891734934
C7_sim_rotate_ccw_2deg,episode_000005_000025,episode_000005,282.4949776018883,54.794213442751165,277.12994523053914,0.19396526588862406
C7_sim_rotate_ccw_2deg,episode_000005_000026,episode_000005,275.9394162346232,55.571968528521985,270.28562252877896,0.20139191887421684
C7_sim_rotate_ccw_2deg,episode_000005_000027,episode_000005,276.06359027318695,59.17631517707676,269.64656422173323,0.21435755116608124
C7_sim_rotate_ccw_2deg,episode_000005_000028,episode_000005,264.49510724498515,69.14197008471425,255.29796264236163,0.2614111497369681
C7_sim_rotate_ccw_2deg,episode_000005_000029,episode_000005,262.7344144589546,67.32644848811873,253.9616543399149,0.25625287279842335
C7_sim_rotate_ccw_2deg,episode_000005_000030,episode_000005,262.5726492110545,69.21200324165343,253.28658614500065,0.26359182287116734
C7_sim_rotate_ccw_2deg,episode_000005_000031,episode_000005,262.4313955668791,66.7564596248069,253.79876374313034,0.2543768038142159
C7_sim_rotate_ccw_2deg,episode_000005_000032,episode_000005,261.10120393230056,67.98311895580409,252.09548633789103,0.26037076019546446
C7_sim_rotate_ccw_2deg,episode_000005_000033,episode_000005,264.20348197377245,68.1469289357236,255.26354217493525,0.25793350044678276
C7_sim_rotate_ccw_2deg,episode_000005_000034,episode_000005,263.35089256344247,70.10239438116879,253.84906325607918,0.266193874259533
C7_sim_rotate_ccw_2deg,episode_000005_000035,episode_000005,262.8548366680846,69.67197413782743,253.45311436149947,0.2650587488553787
C7_sim_rotate_ccw_2deg,episode_000005_000036,episode_000005,245.03062296889706,51.311921076789424,239.5977732532903,0.20941023801462846
C7_sim_rotate_ccw_2deg,episode_000005_000037,episode_000005,232.6046072404269,31.27331817539456,230.49269593584478,0.1344484038661777
C7_sim_rotate_ccw_2deg,episode_000005_000038,episode_000005,240.99073959585445,50.12077371395967,235.7211161802671,0.20797800694754104
C7_sim_rotate_ccw_2deg,episode_000005_000039,episode_000005,236.86083838626305,41.85867119934854,233.1328128052082,0.1767226337816432
C7_sim_rotate_ccw_2deg,episode_000005_000040,episode_000005,262.9052051423176,44.83087723538246,259.05470336828506,0.17052107131585437
C7_sim_rotate_ccw_2deg,episode_000005_000041,episode_000005,264.6393917825607,51.17262450655979,259.6446998961356,0.19336737498476966
C7_sim_rotate_ccw_2deg,episode_000005_000042,episode_000005,265.24390945348546,58.82683691126761,258.6382314376278,0.22178393099572297
C8_sim_rotate_cw_2deg,episode_000001_000000,episode_000001,246.32611669246424,47.22235089401383,241.75732737774908,0.19170663479817074
C8_sim_rotate_cw_2deg,episode_000001_000001,episode_000001,244.30832661861152,47.72789659770248,239.60093142879302,0.19535927104199874
C8_sim_rotate_cw_2deg,episode_000001_000002,episode_000001,250.27294427810506,48.841225767088545,245.46095677968782,0.195151840755171
C8_sim_rotate_cw_2deg,episode_000001_000003,episode_000001,245.69562555656103,47.14561957009984,241.1299047670804,0.19188627987699583
C8_sim_rotate_cw_2deg,episode_000001_000004,episode_000001,251.011563703031,51.97230968305304,245.57215668485222,0.20705145578289336
C8_sim_rotate_cw_2deg,episode_000001_000005,episode_000001,271.5949963055574,61.794193910469986,264.4717747079468,0.22752331505013645
C8_sim_rotate_cw_2deg,episode_000001_000006,episode_000001,292.85226138097016,70.65572906674758,284.2010115147278,0.24126748666226575
C8_sim_rotate_cw_2deg,episode_000001_000007,episode_000001,323.6443881660225,90.70224393010831,310.6747381706504,0.28025279364207617
C8_sim_rotate_cw_2deg,episode_000001_000008,episode_000001,319.0899144678456,84.98812311408729,307.5636396660726,0.26634537558425864
C8_sim_rotate_cw_2deg,episode_000001_000009,episode_000001,273.06783983879006,68.32633390441599,264.3814616220384,0.2502174329454304
C8_sim_rotate_cw_2deg,episode_000001_000010,episode_000001,240.9010640823578,49.18435039556768,235.8266786268642,0.2041682571346087
C8_sim_rotate_cw_2deg,episode_000001_000011,episode_000001,244.816481608368,55.108195920067395,238.53342828529475,0.2251000241406286
C8_sim_rotate_cw_2deg,episode_000001_000012,episode_000001,253.28905459220798,62.165380788480626,245.54187139393906,0.24543255881532688
C8_sim_rotate_cw_2deg,episode_000001_000013,episode_000001,258.09506890130467,66.27100253920216,249.44181448509846,0.25676973535881126
C8_sim_rotate_cw_2deg,episode_000001_000014,episode_000001,277.0567425542167,75.4335561399123,266.58997956194867,0.27226753424039424
C8_sim_rotate_cw_2deg,episode_000001_000015,episode_000001,282.323427952469,54.97753855591884,276.91873938967257,0.19473247032539812
C8_sim_rotate_cw_2deg,episode_000001_000016,episode_000001,269.530735058443,57.89705167195483,263.23895712610545,0.21480686297019475
C8_sim_rotate_cw_2deg,episode_000001_000017,episode_000001,278.06717427161783,65.92924059709064,270.1382768911011,0.23709825070071208
C8_sim_rotate_cw_2deg,episode_000001_000018,episode_000001,288.8963948927599,63.66257909371635,281.7946113841955,0.22036474050618837
C8_sim_rotate_cw_2deg,episode_000001_000019,episode_000001,289.59136284799,64.55390950755418,282.3047116210544,0.22291379436423076
C8_sim_rotate_cw_2deg,episode_000001_000020,episode_000001,286.9729043408526,63.83054486079442,279.78404058952015,0.22242707898645223
C8_sim_rotate_cw_2deg,episode_000001_000021,episode_000001,275.3128214216564,61.95156280015832,268.25203355384076,0.22502243985679174
C8_sim_rotate_cw_2deg,episode_000001_000022,episode_000001,275.62565989266943,71.23078712789393,266.2624257314767,0.2584330760627719
C8_sim_rotate_cw_2deg,episode_000001_000023,episode_000001,272.10806857753505,75.75010064607444,261.3517232334735,0.2783824127011877
C8_sim_rotate_cw_2deg,episode_000001_000024,episode_000001,311.4279110715682,120.87032635860463,287.01517033140425,0.38811654980669935
C8_sim_rotate_cw_2deg,episode_000001_000025,episode_000001,332.37400674222397,125.02097266041258,307.96466802690907,0.37614545699830815
C8_sim_rotate_cw_2deg,episode_000001_000026,episode_000001,321.5217088716552,117.71978972379341,299.19602334111204,0.3661332546934947
C8_sim_rotate_cw_2deg,episode_000001_000027,episode_000001,315.1142305965492,111.98603197490712,294.54389650266097,0.35538233789982787
C8_sim_rotate_cw_2deg,episode_000001_000028,episode_000001,304.1934287095985,62.87073069995451,297.62545806996314,0.20668010800448527
C8_sim_rotate_cw_2deg,episode_000001_000029,episode_000001,305.08924423932626,62.353418865499506,298.64945689940043,0.20437763717617843
C8_sim_rotate_cw_2deg,episode_000001_000030,episode_000001,314.8362060262279,64.1055677616137,308.24067351170675,0.2036156151502896
C8_sim_rotate_cw_2deg,episode_000001_000031,episode_000001,294.9487251039043,60.05193913395917,288.770696308801,0.203601283961489
C8_sim_rotate_cw_2deg,episode_000001_000032,episode_000001,287.58492192386467,58.436431397628056,281.5852815817362,0.2031971321956112
C8_sim_rotate_cw_2deg,episode_000001_000033,episode_000001,287.5462109463083,58.1523173915349,281.60456567955896,0.2022364238435168
C8_sim_rotate_cw_2deg,episode_000001_000034,episode_000001,287.1508905995188,57.89394842188649,281.25419944992956,0.20161507526936262
C8_sim_rotate_cw_2deg,episode_000001_000035,episode_000001,286.54644124738803,57.71475039270471,280.6739577849192,0.20141499626190454
C8_sim_rotate_cw_2deg,episode_000001_000036,episode_000001,286.8681596831247,58.55443553084554,280.8286294515692,0.2041161891076546
C8_sim_rotate_cw_2deg,episode_000001_000037,episode_000001,285.3748370897305,58.70847391260059,279.2706800486648,0.2057240733321588
C8_sim_rotate_cw_2deg,episode_000001_000038,episode_000001,287.6517480130998,57.973171960953096,281.7492492763337,0.20153943913566266
C8_sim_rotate_cw_2deg,episode_000001_000039,episode_000001,275.0381280880056,51.156423551816076,270.2387689276677,0.18599757025486754
C8_sim_rotate_cw_2deg,episode_000001_000040,episode_000001,257.8655087823802,37.02205106575117,255.19402100065102,0.14357116328029393
C8_sim_rotate_cw_2deg,episode_000001_000041,episode_000001,263.5698909603944,30.263853592193968,261.8266346012652,0.11482287859936778
C8_sim_rotate_cw_2deg,episode_000001_000042,episode_000001,259.99808677793266,41.89892650771065,256.59985402506925,0.16115090317374914
C8_sim_rotate_cw_2deg,episode_000001_000043,episode_000001,270.17190452033054,47.22269577319199,266.0129226110174,0.1747875888761722
C8_sim_rotate_cw_2deg,episode_000001_000044,episode_000001,276.701562600558,51.21359623726734,271.9208015324254,0.18508603910993618
C8_sim_rotate_cw_2deg,episode_000001_000045,episode_000001,278.8667366769269,52.14919415823706,273.94729123224596,0.18700399617274188
C8_sim_rotate_cw_2deg,episode_000002_000000,episode_000002,338.9356540670426,104.1710338452596,322.53026727031954,0.307347523328585
C8_sim_rotate_cw_2deg,episode_000002_000001,episode_000002,347.96847198264027,108.18691285204952,330.7229193471123,0.3109101012388468
C8_sim_rotate_cw_2deg,episode_000002_000002,episode_000002,355.05589835847,112.02062943212596,336.92145900902557,0.31550138992206844
C8_sim_rotate_cw_2deg,episode_000002_000003,episode_000002,360.1941516558674,113.91728448227299,341.7055445603347,0.31626633569306406
C8_sim_rotate_cw_2deg,episode_000002_000004,episode_000002,412.3986991998511,144.12635406314305,386.39394556099705,0.34948304721324663
C8_sim_rotate_cw_2deg,episode_000002_000005,episode_000002,436.1392108775036,160.59482914087164,405.495637606702,0.36821919500830474
C8_sim_rotate_cw_2deg,episode_000002_000006,episode_000002,372.2450823419712,114.96156581185943,354.04835787483387,0.3088330007977041
C8_sim_rotate_cw_2deg,episode_000002_000007,episode_000002,345.0110513827817,110.83348066668246,326.7239892318294,0.3212461752238635
C8_sim_rotate_cw_2deg,episode_000002_000008,episode_000002,253.90897594949925,73.3157984078728,243.09373042417104,0.28874835217505196
C8_sim_rotate_cw_2deg,episode_000002_000009,episode_000002,229.6158421613097,57.52240991987822,222.2939660190015,0.2505158589165097
C8_sim_rotate_cw_2deg,episode_000002_000010,episode_000002,230.19053802285146,57.49213898569822,222.89535156682604,0.24975891485162116
C8_sim_rotate_cw_2deg,episode_000002_000011,episode_000002,224.6098199842223,61.98997621195174,215.88611368632863,0.27598960818501267
C8_sim_rotate_cw_2deg,episode_000002_000012,episode_000002,240.32322747477747,82.22517958026118,225.81911678794475,0.3421441216658549
C8_sim_rotate_cw_2deg,episode_000002_000013,episode_000002,230.946901344589,75.30686026910756,218.32395204621145,0.3260786779587245
C8_sim_rotate_cw_2deg,episode_000002_000014,episode_000002,274.4180419990405,88.18879471364086,259.8614982284649,0.3213666057494471
C8_sim_rotate_cw_2deg,episode_000002_000015,episode_000002,307.91885012538813,97.12978962316467,292.19825843132776,0.315439569820465
C8_sim_rotate_cw_2deg,episode_000002_000016,episode_000002,302.721750529194,67.67435643422121,295.06040012965747,0.22355300309911097
C8_sim_rotate_cw_2deg,episode_000002_000017,episode_000002,282.121446425912,46.328154365357165,278.29159643537275,0.16421351496765213
C8_sim_rotate_cw_2deg,episode_000002_000018,episode_000002,259.7178927391174,27.398888588782246,258.2686289756214,0.10549480553619
C8_sim_rotate_cw_2deg,episode_000002_000019,episode_000002,251.08489588275816,26.143048848233917,249.72017527099078,0.10412035640901784
C8_sim_rotate_cw_2deg,episode_000002_000020,episode_000002,250.47750801613006,27.058349516388667,249.0117020210485,0.10802706291155764
C8_sim_rotate_cw_2deg,episode_000002_000021,episode_000002,248.81628892942078,25.1908306199702,247.53781062553853,0.10124269085580578
C8_sim_rotate_cw_2deg,episode_000002_000022,episode_000002,256.31794255953605,22.759400520331663,255.3054981113974,0.08879362986867469
C8_sim_rotate_cw_2deg,episode_000002_000023,episode_000002,252.21201672721705,35.61057274946096,249.68537900739273,0.1411930058351502
C8_sim_rotate_cw_2deg,episode_000002_000024,episode_000002,289.36734776347976,53.41615883018612,284.39440206779557,0.18459635906759908
C8_sim_rotate_cw_2deg,episode_000002_000025,episode_000002,335.97854148311734,131.2196938843625,309.29431335544626,0.3905597461823501
C8_sim_rotate_cw_2deg,episode_000002_000026,episode_000002,334.84004873617704,127.11412173162041,309.7738825240827,0.37962639836961254
C8_sim_rotate_cw_2deg,episode_000002_000027,episode_000002,318.70329951596045,116.0755034934413,296.81352834920466,0.36421180348535526
C8_sim_rotate_cw_2deg,episode_000002_000028,episode_000002,320.4421822635191,116.29226278865737,298.59554884374995,0.3629118425270964
C8_sim_rotate_cw_2deg,episode_000002_000029,episode_000002,309.75784983799144,56.466877797453556,304.56759060685215,0.18229361363073343
C8_sim_rotate_cw_2deg,episode_000002_000030,episode_000002,321.23699534563343,56.94453068841224,316.1495336124458,0.17726641549222263
C8_sim_rotate_cw_2deg,episode_000002_000031,episode_000002,306.6787320765523,52.39837389133433,302.1692491330408,0.170857540516552
C8_sim_rotate_cw_2deg,episode_000002_000032,episode_000002,300.17131410058226,50.98724797332864,295.80926008659145,0.16986049491805766
C8_sim_rotate_cw_2deg,episode_000002_000033,episode_000002,297.8968344580368,48.51490181241347,293.9197650418407,0.1628580642713997
C8_sim_rotate_cw_2deg,episode_000002_000034,episode_000002,300.56880340342315,48.72722540645772,296.5927562897548,0.16211670956767954
C8_sim_rotate_cw_2deg,episode_000002_000035,episode_000002,300.67409405820814,51.153660281338595,296.29075901476506,0.17012992237181448
C8_sim_rotate_cw_2deg,episode_000002_000036,episode_000002,300.35168890482475,52.98132387873011,295.64187177738836,0.1763976226400338
C8_sim_rotate_cw_2deg,episode_000002_000037,episode_000002,298.1288976876687,51.53301786663213,293.6412568186252,0.17285482308602
C8_sim_rotate_cw_2deg,episode_000002_000038,episode_000002,300.92582092430484,52.60936512532764,296.2914180331195,0.1748250281871327
C8_sim_rotate_cw_2deg,episode_000002_000039,episode_000002,302.20408628102587,50.82910389287387,297.8988284005111,0.16819462806868477
C8_sim_rotate_cw_2deg,episode_000002_000040,episode_000002,297.45552003596487,51.41309893185755,292.9786334497608,0.17284298145027288
C8_sim_rotate_cw_2deg,episode_000002_000041,episode_000002,253.25504926035674,37.50208736342012,250.46299810401558,0.14808031457989376
C8_sim_rotate_cw_2deg,episode_000002_000042,episode_000002,235.23448594381625,30.149640378117393,233.29436890401294,0.12816845394564458
C8_sim_rotate_cw_2deg,episode_000002_000043,episode_000002,257.59142862889337,36.866146979064546,254.9396620967249,0.14311868673307776
C8_sim_rotate_cw_2deg,episode_000002_000044,episode_000002,252.26430517506725,41.00838467981956,248.90880267963888,0.16256118617875967
C8_sim_rotate_cw_2deg,episode_000002_000045,episode_000002,252.6213535169297,41.61268531719392,249.1704891704027,0.16472354667518319
C8_sim_rotate_cw_2deg,episode_000002_000046,episode_000002,255.2102923749743,40.512484626264424,251.97426837581364,0.15874157836369865
C8_sim_rotate_cw_2deg,episode_000003_000000,episode_000003,306.64337887768886,85.48565336487947,294.48661239232166,0.2787787353431727
C8_sim_rotate_cw_2deg,episode_000003_000001,episode_000003,321.5870657082141,90.57958242486345,308.5669782698022,0.2816642585589842
C8_sim_rotate_cw_2deg,episode_000003_000002,episode_000003,327.63743134483764,93.44309765960102,314.0297341304187,0.2852027537758724
C8_sim_rotate_cw_2deg,episode_000003_000003,episode_000003,343.30786618919973,100.20428270106557,328.35863429449574,0.29187878452468136
C8_sim_rotate_cw_2deg,episode_000003_000004,episode_000003,380.3680924881219,118.72593934234543,361.364133680046,0.31213432905404126
C8_sim_rotate_cw_2deg,episode_000003_000005,episode_000003,370.79399199125396,119.88169052548479,350.8797012845884,0.3233107685528855
C8_sim_rotate_cw_2deg,episode_000003_000006,episode_000003,312.60148468538756,102.09674542838805,295.4588682040861,0.3266035205531464
C8_sim_rotate_cw_2deg,episode_000003_000007,episode_000003,261.73165993674496,84.95026733795073,247.5619395069739,0.3245700858600042
C8_sim_rotate_cw_2deg,episode_000003_000008,episode_000003,274.3524311553871,97.20264952125035,256.5558446165676,0.35429848065095854
C8_sim_rotate_cw_2deg,episode_000003_000009,episode_000003,280.8267859723157,90.69024771029875,265.7799140074085,0.32294016183783525
C8_sim_rotate_cw_2deg,episode_000003_000010,episode_000003,289.9833765263407,94.33515473185908,274.21020630774063,0.3253122846622559
C8_sim_rotate_cw_2deg,episode_000003_000011,episode_000003,294.59978921382316,102.92488671027485,276.0353301671837,0.34937189529206025
C8_sim_rotate_cw_2deg,episode_000003_000012,episode_000003,302.26583345338315,95.2170027201473,286.87690124208297,0.3150108023533269
C8_sim_rotate_cw_2deg,episode_000003_000013,episode_000003,314.5180654436795,92.85987188152698,300.49735054502736,0.295244954373393
C8_sim_rotate_cw_2deg,episode_000003_000014,episode_000003,283.48787901237205,83.49392506499026,270.9135323755074,0.2945237918314892
C8_sim_rotate_cw_2deg,episode_000003_000015,episode_000003,319.9257696931514,104.63381236188125,302.33138015160444,0.32705653083913216
C8_sim_rotate_cw_2deg,episode_000003_000016,episode_000003,321.18872108350166,107.3189193109043,302.72899449705017,0.33413041077181493
C8_sim_rotate_cw_2deg,episode_000003_000017,episode_000003,323.93695059025225,108.86931732715273,305.09444390619643,0.3360818119969941
C8_sim_rotate_cw_2deg,episode_000003_000018,episode_000003,320.4522839962116,107.40106839983214,301.91832807062775,0.3351546353812284
C8_sim_rotate_cw_2deg,episode_000003_000019,episode_000003,307.9256053914637,100.5806632563183,291.0355796713153,0.32663949179689294
C8_sim_rotate_cw_2deg,episode_000003_000020,episode_000003,299.63810256705204,93.42485739849315,284.70122678003065,0.31179231412195596
C8_sim_rotate_cw_2deg,episode_000003_000021,episode_000003,312.35607232680496,103.32596160456751,294.7712020837851,0.3307954311080654
C8_sim_rotate_cw_2deg,episode_000003_000022,episode_000003,306.2076211978593,107.55730439660155,286.6958903622242,0.3512561313002143
C8_sim_rotate_cw_2deg,episode_000003_000023,episode_000003,355.1676062144061,149.17524826493175,322.3209174241836,0.42001366581522714
C8_sim_rotate_cw_2deg,episode_000003_000024,episode_000003,331.9409241039676,120.37145333625304,309.3468770114129,0.3626291445117245
C8_sim_rotate_cw_2deg,episode_000003_000025,episode_000003,342.3066721628489,128.99377606274223,317.07170095150275,0.3768368733443056
C8_sim_rotate_cw_2deg,episode_000003_000026,episode_000003,320.2977183536455,73.28498465402282,311.8011215611818,0.22880270590347376
C8_sim_rotate_cw_2deg,episode_000003_000027,episode_000003,312.4207528891917,70.72007698202248,304.311349685657,0.22636164956399432
C8_sim_rotate_cw_2deg,episode_000003_000028,episode_000003,292.6228873317979,63.84999642549705,285.571938654452,0.21819891467716637
C8_sim_rotate_cw_2deg,episode_000003_000029,episode_000003,290.19690351447434,60.445643060381286,283.831934504217,0.20829182644040997
C8_sim_rotate_cw_2deg,episode_000003_000030,episode_000003,290.0558674750764,59.32510066088758,283.92417770999117,0.2045299106593153
C8_sim_rotate_cw_2deg,episode_000003_000031,episode_000003,293.11199101076085,60.31466534190942,286.83929371511465,0.20577344902854938
C8_sim_rotate_cw_2deg,episode_000003_000032,episode_000003,291.5753047143289,60.740651618387574,285.17842057250306,0.20831891671312242
C8_sim_rotate_cw_2deg,episode_000003_000033,episode_000003,291.7894339071614,60.065414821406414,285.54022428056277,0.20585191868365396
C8_sim_rotate_cw_2deg,episode_000003_000034,episode_000003,291.2904509224853,61.12246850638836,284.80549615888805,0.20983340961854438
C8_sim_rotate_cw_2deg,episode_000003_000035,episode_000003,290.540309354417,59.01476408569543,284.48361812179985,0.2031207449900041
C8_sim_rotate_cw_2deg,episode_000003_000036,episode_000003,291.27450344134934,60.788300640314894,284.86070080000036,0.20869763718455758
C8_sim_rotate_cw_2deg,episode_000003_000037,episode_000003,290.3140996061178,62.020227706899725,283.6120021883686,0.21363146947063666
C8_sim_rotate_cw_2deg,episode_000003_000038,episode_000003,276.85102932142485,58.16685899392479,270.67158874014336,0.21010165335666098
C8_sim_rotate_cw_2deg,episode_000003_000039,episode_000003,253.20874207183178,39.57294699864615,250.09727892850367,0.15628586388782684
C8_sim_rotate_cw_2deg,episode_000003_000040,episode_000003,250.14460443477057,52.34797635660298,244.60583087734514,0.2092708594490336
C8_sim_rotate_cw_2deg,episode_000003_000041,episode_000003,257.9272361850636,41.48218570546917,254.5696121597441,0.1608290241814772
C8_sim_rotate_cw_2deg,episode_000003_000042,episode_000003,243.89558706886626,38.37603404731583,240.85750435156922,0.1573461599224425
C8_sim_rotate_cw_2deg,episode_000003_000043,episode_000003,246.44292103718104,36.6093367599616,243.70857553917543,0.14855097726437969
C8_sim_rotate_cw_2deg,episode_000004_000000,episode_000004,237.08275515830073,67.93151061905353,227.14211995678872,0.2865307962770025
C8_sim_rotate_cw_2deg,episode_000004_000001,episode_000004,240.23473445553125,69.40260876432498,229.99131621786432,0.28889497982720636
C8_sim_rotate_cw_2deg,episode_000004_000002,episode_000004,241.18583129872377,69.3822391111295,230.99071434839647,0.28767128955098215
C8_sim_rotate_cw_2deg,episode_000004_000003,episode_000004,239.35637414380068,68.34431447523406,229.39164876293427,0.28553371398488064
C8_sim_rotate_cw_2deg,episode_000004_000004,episode_000004,252.99946067755903,71.92596786299278,242.56005905776712,0.2842929691247859
C8_sim_rotate_cw_2deg,episode_000004_000005,episode_000004,255.01878390374236,73.68576925740213,244.14132700689683,0.28894251681952593
C8_sim_rotate_cw_2deg,episode_000004_000006,episode_000004,248.76383151242553,71.1884477411378,238.36033390006344,0.2861688023871026
C8_sim_rotate_cw_2deg,episode_000004_000007,episode_000004,292.9789781259849,85.23922328228842,280.3051131142251,0.29093972484822583
C8_sim_rotate_cw_2deg,episode_000004_000008,episode_000004,280.37331910836366,75.69605490027185,269.961673836075,0.26998308947869426
C8_sim_rotate_cw_2deg,episode_000004_000009,episode_000004,268.3218008404747,63.62309313427542,260.6696967932841,0.2371148856894459
C8_sim_rotate_cw_2deg,episode_000004_000010,episode_000004,252.23644381158246,65.99089518224433,243.451073811063,0.26162315875155107
C8_sim_rotate_cw_2deg,episode_000004_000011,episode_000004,239.26661399228408,75.0191466128801,227.20176102488261,0.31353787877526174
C8_sim_rotate_cw_2deg,episode_000004_000012,episode_000004,256.28619870454514,84.7422338890204,241.87056340514889,0.3306546911904294
C8_sim_rotate_cw_2deg,episode_000004_000013,episode_000004,306.6018695397405,102.91589244813451,288.81313246954005,0.3356662260495283
C8_sim_rotate_cw_2deg,episode_000004_000014,episode_000004,320.4274940832931,92.74522625495347,306.71175714572195,0.28944216076178825
C8_sim_rotate_cw_2deg,episode_000004_000015,episode_000004,321.6477286611612,67.92680061112294,314.39340182583464,0.21118383423338338
C8_sim_rotate_cw_2deg,episode_000004_000016,episode_000004,301.8607280336172,53.74570084898922,297.0375376433699,0.17804800644025395
C8_sim_rotate_cw_2deg,episode_000004_000017,episode_000004,287.3595063423879,42.834875900192316,284.1490089582506,0.14906371619790684
C8_sim_rotate_cw_2deg,episode_000004_000018,episode_000004,288.2550244069891,45.91417046858575,284.574854908257,0.15928315755481592
C8_sim_rotate_cw_2deg,episode_000004_000019,episode_000004,293.0150045460301,45.340095288620276,289.48586951409027,0.1547364284599212
C8_sim_rotate_cw_2deg,episode_000004_000020,episode_000004,295.16059200952844,37.349918438069764,292.7879073119053,0.1265410066560106
C8_sim_rotate_cw_2deg,episode_000004_000021,episode_000004,299.36582664728843,38.961458528889736,296.81964711507214,0.13014664688095468
C8_sim_rotate_cw_2deg,episode_000004_000022,episode_000004,316.6142181514628,82.75856401142006,305.6069096379036,0.2613861262914914
C8_sim_rotate_cw_2deg,episode_000004_000023,episode_000004,324.7947798769729,111.73912657432018,304.96887812978446,0.344029933660403
C8_sim_rotate_cw_2deg,episode_000004_000024,episode_000004,331.2690839586426,117.25643211199235,309.8227478981554,0.35396128944719535
C8_sim_rotate_cw_2deg,episode_000004_000025,episode_000004,308.23970481799495,97.08744684585598,292.5504115383155,0.31497385096181174
C8_sim_rotate_cw_2deg,episode_000004_000026,episode_000004,307.1131358455675,96.01757587264325,291.7175060438423,0.3126456170892211
C8_sim_rotate_cw_2deg,episode_000004_000027,episode_000004,326.7679595383222,68.36859456749794,319.53565475186593,0.20922673894984464
C8_sim_rotate_cw_2deg,episode_000004_000028,episode_000004,330.72555685610695,62.42084113998558,324.7815150977018,0.18873909150947119
C8_sim_rotate_cw_2deg,episode_000004_000029,episode_000004,313.6714896706984,53.499790699212504,309.0753562278551,0.17055994076917275
C8_sim_rotate_cw_2deg,episode_000004_000030,episode_000004,308.9241376252105,49.246829307426246,304.97356051081744,0.15941398974518764
C8_sim_rotate_cw_2deg,episode_000004_000031,episode_000004,306.6530198579067,48.475985660696566,302.7972149842162,0.15808090095821917
C8_sim_rotate_cw_2deg,episode_000004_000032,episode_000004,308.806576343681,49.758529250279025,304.7713739181467,0.1611317020493149
C8_sim_rotate_cw_2deg,episode_000004_000033,episode_000004,308.21266909366824,49.52768405270787,304.2072614225673,0.1606932128985782
C8_sim_rotate_cw_2deg,episode_000004_000034,episode_000004,311.1146006425589,50.27252095773809,307.0260060150161,0.1615884335029857
C8_sim_rotate_cw_2deg,episode_000004_000035,episode_000004,309.3580329981074,50.39799901874561,305.2252189373686,0.1629115576224715
C8_sim_rotate_cw_2deg,episode_000004_000036,episode_000004,306.8778873132795,49.86098336870292,302.8001321983988,0.1624782541526096
C8_sim_rotate_cw_2deg,episode_000004_000037,episode_000004,307.3054341904585,49.99140360294636,303.2119546600918,0.1626766013254527
C8_sim_rotate_cw_2deg,episode_000004_000038,episode_000004,302.8283764445887,52.61338831632103,298.2228310340131,0.1737399544059841
C8_sim_rotate_cw_2deg,episode_000004_000039,episode_000004,259.2194716365777,30.967791486883062,257.3630322442822,0.11946552969716527
C8_sim_rotate_cw_2deg,episode_000004_000040,episode_000004,254.05281642163365,26.706135223809788,252.64523718679496,0.10512040606346787
C8_sim_rotate_cw_2deg,episode_000004_000041,episode_000004,280.2307142362085,50.12945821027489,275.71051960503763,0.1788863806271443
C8_sim_rotate_cw_2deg,episode_000004_000042,episode_000004,255.77658681081897,39.847096544493176,252.65365870607584,0.15578867886748932
C8_sim_rotate_cw_2deg,episode_000004_000043,episode_000004,259.547074854641,39.33336313051669,256.5493531670729,0.1515461623004046
C8_sim_rotate_cw_2deg,episode_000004_000044,episode_000004,258.27135424849445,38.57935364305011,255.37369852401753,0.14937527142840312
C8_sim_rotate_cw_2deg,episode_000005_000000,episode_000005,264.00983097047185,67.38058470654617,255.26662071971157,0.25521998350918357
C8_sim_rotate_cw_2deg,episode_000005_000001,episode_000005,266.66873020186864,68.47129838243103,257.7283317086057,0.2567653820175997
C8_sim_rotate_cw_2deg,episode_000005_000002,episode_000005,268.02997377453215,69.29267798897239,258.91811759452634,0.258525854452613
C8_sim_rotate_cw_2deg,episode_000005_000003,episode_000005,266.19289398984483,69.28552426560798,257.0178455631605,0.26028314740907843
C8_sim_rotate_cw_2deg,episode_000005_000004,episode_000005,272.06840913137415,71.62229571348261,262.4718384970229,0.2632510549172147
C8_sim_rotate_cw_2deg,episode_000005_000005,episode_000005,300.7336677110141,90.11700884375472,286.9140352300202,0.29965720010554797
C8_sim_rotate_cw_2deg,episode_000005_000006,episode_000005,272.2053574839653,80.42389186623764,260.05336809982117,0.29545300874901087
C8_sim_rotate_cw_2deg,episode_000005_000007,episode_000005,272.7706750999263,92.13137665222716,256.7404343507952,0.33776129570554436
C8_sim_rotate_cw_2deg,episode_000005_000008,episode_000005,275.37327143661406,78.15047367257233,264.0510217485547,0.2837983267761016
C8_sim_rotate_cw_2deg,episode_000005_000009,episode_000005,270.8000917551984,82.66942783554641,257.87294428839806,0.30527843362135587
C8_sim_rotate_cw_2deg,episode_000005_000010,episode_000005,285.16016636673334,93.8252499053337,269.28264511940745,0.3290264944812408
C8_sim_rotate_cw_2deg,episode_000005_000011,episode_000005,287.1145848093911,98.12220793412895,269.82738393350775,0.3417527813826319
C8_sim_rotate_cw_2deg,episode_000005_000012,episode_000005,314.2938108467727,106.05265682588116,295.8604967155278,0.33743157887886277
C8_sim_rotate_cw_2deg,episode_000005_000013,episode_000005,307.9208384942322,102.40741893386307,290.39277423223757,0.33257709817447545
C8_sim_rotate_cw_2deg,episode_000005_000014,episode_000005,320.0615207279697,110.14984520812583,300.5102138885241,0.34415210225082205
C8_sim_rotate_cw_2deg,episode_000005_000015,episode_000005,327.146501097479,112.73748901707245,307.1076224232285,0.34460857334213196
C8_sim_rotate_cw_2deg,episode_000005_000016,episode_000005,329.61698235501154,114.31901907344934,309.15775412385875,0.34682381428491715
C8_sim_rotate_cw_2deg,episode_000005_000017,episode_000005,328.99330701443097,113.82921674882195,308.67378488404444,0.3459924999137716
C8_sim_rotate_cw_2deg,episode_000005_000018,episode_000005,327.0244011599783,120.76832676317787,303.90783175967135,0.36929454296011005
C8_sim_rotate_cw_2deg,episode_000005_000019,episode_000005,335.39552421632715,127.77848903903413,310.10129861586574,0.3809785158510885
C8_sim_rotate_cw_2deg,episode_000005_000020,episode_000005,323.9694489974197,123.51872864937995,299.49846002364114,0.38126659483364966
C8_sim_rotate_cw_2deg,episode_000005_000021,episode_000005,290.5814927153987,79.70243876508772,279.4371578076308,0.2742860118870333
C8_sim_rotate_cw_2deg,episode_000005_000022,episode_000005,314.4584109585309,117.00391966012096,291.880412166922,0.37208074448850026
C8_sim_rotate_cw_2deg,episode_000005_000023,episode_000005,328.7554104962115,123.41789313615479,304.7099335177066,0.37540946611303616
C8_sim_rotate_cw_2deg,episode_000005_000024,episode_000005,333.77326787527187,120.76288313673244,311.16060226937776,0.3618111297692674
C8_sim_rotate_cw_2deg,episode_000005_000025,episode_000005,288.8067335652958,54.50503187621762,283.6168733570488,0.18872493450328323
C8_sim_rotate_cw_2deg,episode_000005_000026,episode_000005,280.470265676041,50.79569810483528,275.8321355143948,0.1811090312279562
C8_sim_rotate_cw_2deg,episode_000005_000027,episode_000005,280.91567816361163,51.03391731001083,276.2411220693197,0.18166987917380503
C8_sim_rotate_cw_2deg,episode_000005_000028,episode_000005,269.1031728526956,57.572866712172384,262.87236952165625,0.2139434704610012
C8_sim_rotate_cw_2deg,episode_000005_000029,episode_000005,267.61290038449755,55.86021071933914,261.7179804877648,0.20873511941719178
C8_sim_rotate_cw_2deg,episode_000005_000030,episode_000005,269.29672592525503,55.423687096666534,263.53167077729523,0.20580898971660622
C8_sim_rotate_cw_2deg,episode_000005_000031,episode_000005,267.67319500201177,54.0721124512784,262.15481299728475,0.20200794648441361
C8_sim_rotate_cw_2deg,episode_000005_000032,episode_000005,267.1099010062873,56.2401366104526,261.1220906963374,0.2105505501614813
C8_sim_rotate_cw_2deg,episode_000005_000033,episode_000005,269.1351648402446,55.73230430614371,263.30143791918994,0.20707923596392813
C8_sim_rotate_cw_2deg,episode_000005_000034,episode_000005,269.18194428381753,57.903591093903835,262.88037824616396,0.21510949126978587
C8_sim_rotate_cw_2deg,episode_000005_000035,episode_000005,268.40795822587154,56.10261879387923,262.4791957535871,0.20901995292802597
C8_sim_rotate_cw_2deg,episode_000005_000036,episode_000005,251.08217438900292,46.27863765737262,246.78035981918674,0.1843166993833377
C8_sim_rotate_cw_2deg,episode_000005_000037,episode_000005,251.8940411587069,40.53032155031806,248.61194863942512,0.1609022641578955
C8_sim_rotate_cw_2deg,episode_000005_000038,episode_000005,250.2100548686167,42.66938298773264,246.54491540650838,0.17053424575658235
C8_sim_rotate_cw_2deg,episode_000005_000039,episode_000005,253.04029310445193,48.55763414103803,248.33756482057248,0.19189684593431147
C8_sim_rotate_cw_2deg,episode_000005_000040,episode_000005,263.9329503501923,47.19471365025437,259.67915065331596,0.17881326900500805
C8_sim_rotate_cw_2deg,episode_000005_000041,episode_000005,278.4633793788565,63.52645826564631,271.1203473649959,0.22813218171577584
C8_sim_rotate_cw_2deg,episode_000005_000042,episode_000005,288.2247231787499,66.7534246278194,280.38807277044623,0.231602007945795
