Warning: running in conda env, please deactivate before executing this script
If conda is desired please source setup_conda_env.sh in your python 3.11 conda env and run python normally
A0509_CONTROL_ARGS={'scene': PosixPath('/home/ubuntu/a0509_vla_linux_field_bundle_20260903/validation/a0509_project/USD/version_1/a0509_version_1_scaled_85x60.usda'), 'urdf': PosixPath('/home/ubuntu/a0509_vla_linux_field_bundle_20260903/validation/a0509_project/urdf/a0509.urdf'), 'descriptor': PosixPath('/home/ubuntu/a0509_vla_linux_field_bundle_20260903/isaac_sim/config/a0509_robot_descriptor.yaml'), 'rrt_config': PosixPath('/home/ubuntu/a0509_vla_linux_field_bundle_20260903/isaac_sim/config/a0509_rrt_config.yaml'), 'home_config': PosixPath('/home/ubuntu/a0509_vla_linux_field_bundle_20260903/isaac_sim/config/a0509_home_pose_real_joint6_aligned.json'), 'output_root': PosixPath('/home/ubuntu/a0509_vla_linux_field_bundle_20260903/data/openvla_a0509'), 'robot_prim': '/World/a0509/base', 'base_yaw_deg': 0.0, 'cube_prim': '/World/Cube_7cm', 'yellow_cube_prim': '/World/Environment/Objects/YellowCube', 'blue_cube_prim': '/World/Environment/Objects/BlueCube', 'orange_cube_label': 'orange', 'orange_cube_display_color': None, 'end_effector_frame': 'tool0', 'enable_camera': True, 'primary_camera': '/World/a0509/link_6/tool0/left_Camera', 'secondary_camera': '', 'disable_secondary_camera': False, 'camera_width': 1280, 'camera_height': 720, 'camera_preview_hz': 2.0, 'camera_preview_width': 384, 'record_hz': 5.0, 'physics_hz': 60.0, 'render_hz': 5.0, 'uncapped_simulation': True, 'physics_only_between_renders': False, 'motion_speed_scale': 1.7126963727221802, 'scene_settle_seconds': 1.5, 'camera_warmup_seconds': 1.5, 'instruction': 'Pick up the red cube.', 'grasp_dz_m': 0.2644, 'headless': True, 'auto_start': False, 'move_home_on_start': False, 'auto_collect_episodes': 0, 'auto_collect_seed': 2026, 'auto_collect_corrective_fraction': 0.0, 'auto_collect_corrective_xy_min_m': 0.06, 'auto_collect_corrective_xy_max_m': 0.1, 'auto_collect_corrective_height_m': 0.04, 'auto_collect_corrective_height_max_m': None, 'auto_collect_corrective_rotation_max_deg': 0.0, 'auto_collect_corrective_joint_jitter_max_deg': 0.0, 'auto_collect_start_state_diversity': False, 'auto_collect_weak_grasp_closedness_min': 0.25, 'auto_collect_weak_grasp_closedness_max': 0.45, 'auto_collect_trajectory_profile': 'continuous_approach', 'auto_collect_gripper_action_mode': 'continuous', 'auto_collect_setup_speed_scale': 4.0, 'auto_collect_layout_manifest': None, 'manual_layout_json': None, 'vla_validate_episodes': 1, 'vla_validation_seed': 20260922, 'vla_server_url': 'http://127.0.0.1:8765', 'vla_expected_variant': 'oftplus_h5_vision', 'vla_statistics': PosixPath('/home/ubuntu/a0509_vla_linux_field_bundle_20260903/models/oft_mixed480_step28560/dataset_statistics.json'), 'vla_validation_output': PosixPath('/home/ubuntu/a0509_vla_linux_field_bundle_20260903/lhj/phase9_sim_policy_shadow_replay/01_sim_policy_rollout/phase9_fixed_layout_sim_policy_k5_rotlock_k5_seed20260922_1ep.json'), 'vla_max_policy_steps': 500, 'vla_stagnation_policy_steps': 25, 'vla_policy_hold_steps': 12, 'vla_actions_per_inference': 5, 'vla_apply_policy_motion_limits': False, 'vla_continuous_gripper': True, 'vla_lock_eef_orientation': True, 'vla_gripper_full_travel_duration_s': 0.6, 'vla_layout_manifest': PosixPath('/home/ubuntu/a0509_vla_linux_field_bundle_20260903/lhj/phase9_sim_policy_shadow_replay/00_inputs/vla_layout_manifest.json'), 'vla_video_frames_dir': PosixPath('/home/ubuntu/a0509_vla_linux_field_bundle_20260903/lhj/phase9_sim_policy_shadow_replay/01_sim_policy_rollout/phase9_fixed_layout_sim_policy_k5_rotlock_k5_seed20260922_1ep_20260922_224823_video_frames'), 'vla_video_fps': 5, 'smoke_test': False, 'smoke_plan': False, 'smoke_home_cycle': False, 'capture_camera_preview': False, 'capture_home_camera_preview': False, 'camera_preview_dir': PosixPath('/home/ubuntu/a0509_vla_linux_field_bundle_20260903/outputs/isaac_sim/zed2i_preview'), 'real_replay_manifest': None, 'real_replay_output': PosixPath('/home/ubuntu/a0509_vla_linux_field_bundle_20260903/outputs/isaac_sim/real_episode_replay.json'), 'real_replay_waypoint_stride': 1, 'joint_replay_steps_jsonl': None, 'joint_replay_output': PosixPath('/home/ubuntu/a0509_vla_linux_field_bundle_20260903/outputs/isaac_sim/joint_episode_replay.json'), 'joint_replay_rate_hz': 5.0, 'joint_replay_home_timeout_s': 20.0, 'joint_replay_home_tolerance_rad': 0.01, 'joint_replay_home_relative': False, 'joint_replay_snap_before_capture': False, 'joint_replay_place_cubes_from_real': False, 'joint_replay_orange_cube_offset_m': (0.0, 0.0, 0.0), 'joint_replay_prepare_only': False, 'joint_replay_attach_cube_on_close': False, 'joint_replay_attach_distance_m': 0.3, 'smoke_report': PosixPath('/home/ubuntu/a0509_vla_linux_field_bundle_20260903/outputs/isaac_sim/a0509_control_smoke.json'), 'steps': 0}
[Info] [carb] Logging to file: /home/ubuntu/Downloads/isaac-sim-standalone-5.1.0-linux-x86_64/kit/logs/Kit/Isaac-Sim Python/5.1/kit_20260922_224823.log
2026-09-22T13:48:23Z [0ms] [Warning] [carb.crashreporter-breakpad.plugin] [previous crash] preventing upload of minidump due to user opt-out: '/home/ubuntu/Downloads/isaac-sim-standalone-5.1.0-linux-x86_64/kit/data/Kit/Isaac-Sim Python/5.1/8d36a7e2-48b3-41c6-41305aaf-753d20a0.dmp'
[0.051s] [ext: omni.kit.async_engine-0.0.3] startup
[0.422s] [ext: omni.metrics.core-0.0.3] startup
[0.422s] [ext: omni.client.lib-1.1.0] startup
[0.435s] [ext: omni.blobkey-1.1.2] startup
[0.435s] [ext: omni.stats-1.0.1] startup
[0.435s] [ext: omni.datastore-0.0.0] startup
[0.441s] [ext: omni.client-1.3.0] startup
[0.444s] [ext: omni.ujitso.default-1.0.0] startup
[0.446s] [ext: omni.hsscclient-1.1.2] startup
[0.449s] [ext: omni.gpu_foundation.shadercache.vulkan-1.0.0] startup
[0.451s] [ext: omni.assets.plugins-0.0.0] startup
[0.452s] [ext: omni.gpu_foundation-0.0.0] startup
[0.459s] [ext: carb.windowing.plugins-1.0.0] startup
[0.466s] [ext: omni.kit.renderer.init-0.0.0] startup

|---------------------------------------------------------------------------------------------|
| Driver Version: 580.178.04    | Graphics API: Vulkan
|=============================================================================================|
| GPU | Name                             | Active | LDA | GPU Memory | Vendor-ID | LUID       |
|     |                                  |        |     |            | Device-ID | UUID       |
|     |                                  |        |     |            | Bus-ID    |            |
|---------------------------------------------------------------------------------------------|
| 0   | NVIDIA GeForce RTX 3090          | Yes: 0 |     | 24822   MB | 10de      | 0          |
|     |                                  |        |     |            | 2204      | a3ab2618.. |
|     |                                  |        |     |            | 1         |            |
|=============================================================================================|
| OS: 22.04.5 LTS (Jammy Jellyfish) ubuntu, Version: 22.04.5, Kernel: 6.8.0-138-generic
| XServer Vendor: The X.Org Foundation, XServer Version: 12101004 (1.21.1.4)
| Processor: Intel(R) Core(TM) i9-10900 CPU @ 2.80GHz
| Cores: 10 | Logical Cores: 20
|---------------------------------------------------------------------------------------------|
| Total Memory (MB): 31931 | Free Memory: 22297
| Total Page/Swap (MB): 2047 | Free Page/Swap: 11
|---------------------------------------------------------------------------------------------|
2026-09-22T13:48:24Z [1,028ms] [Warning] [gpu.foundation.plugin] CPU performance profile is set to powersave. This profile sets the CPU to the lowest frequency reducing performance.
[1.168s] [ext: omni.kit.pipapi-0.0.0] startup
[1.169s] [ext: omni.kit.pip_archive-0.0.0] startup
[1.169s] [ext: omni.pip.compute-1.6.3] startup
[1.169s] [ext: omni.materialx.libs-1.0.7] startup
[1.177s] [ext: omni.pip.cloud-1.4.3] startup
[1.181s] [ext: omni.isaac.core_archive-3.0.0] startup
[1.181s] [ext: omni.usd.config-1.0.6] startup
[1.185s] [ext: omni.gpucompute.plugins-0.0.0] startup
[1.185s] [ext: omni.usd.libs-1.0.1] startup
[1.274s] [ext: omni.kit.telemetry-0.5.2] startup
[1.295s] [ext: omni.mdl-56.0.3] startup
[1.326s] [ext: omni.iray.libs-0.0.0] startup
[1.331s] [ext: omni.mdl.neuraylib-0.2.12] startup
[1.333s] [ext: omni.kit.usd.mdl-1.1.5] startup
[1.451s] [ext: omni.isaac.ml_archive-3.0.4] startup
[1.451s] [ext: omni.kit.loop-isaac-1.3.7] startup
[1.452s] [ext: omni.kit.test-2.0.1] startup
[1.510s] [ext: omni.appwindow-1.1.10] startup
[1.512s] [ext: omni.kit.renderer.core-1.1.0] startup
[2.207s] [ext: omni.kit.renderer.capture-0.0.0] startup
[2.209s] [ext: omni.kit.renderer.imgui-2.0.5] startup
[2.456s] [ext: omni.ui-2.27.1] startup
[2.465s] [ext: omni.kit.mainwindow-1.0.3] startup
[2.467s] [ext: carb.audio-0.1.0] startup
[2.470s] [ext: omni.uiaudio-1.0.0] startup
[2.470s] [ext: omni.kit.uiapp-0.0.0] startup
[2.470s] [ext: omni.usd.schema.metrics.assembler-107.3.1] startup
[2.473s] [ext: omni.usd.schema.audio-0.0.0] startup
[2.476s] [ext: omni.anim.graph.schema-107.3.3] startup
[2.486s] [ext: omni.usd_resolver-1.0.0] startup
[2.489s] [ext: omni.usd.core-1.5.3] startup
[2.491s] [ext: omni.usd.schema.render_settings.rtx-0.0.0] startup
[2.510s] [ext: omni.usd.schema.semantics-0.0.0] startup
[2.512s] [ext: isaacsim.robot.schema-3.6.0] startup
[2.519s] [ext: omni.usd.schema.geospatial-0.0.0] startup
[2.521s] [ext: omni.usd.schema.anim-0.0.0] startup
[2.536s] [ext: omni.kit.window.popup_dialog-2.0.24] startup
[2.540s] [ext: usdrt.scenegraph-7.6.1] startup
[2.579s] [ext: omni.timeline-1.0.14] startup
[2.580s] [ext: omni.resourcemonitor-107.0.1] startup
[2.582s] [ext: omni.activity.core-1.0.3] startup
[2.583s] [ext: omni.kit.widget.nucleus_connector-2.0.1] startup
[2.585s] [ext: omni.hydra.usdrt_delegate-7.5.1] startup
[2.591s] [ext: omni.kit.actions.core-1.0.0] startup
[2.593s] [ext: omni.graph.exec-0.9.6] startup
[2.593s] [ext: omni.kit.commands-1.4.10] startup
[2.597s] [ext: omni.kit.usd_undo-0.1.8] startup
[2.597s] [ext: omni.kit.exec.core-0.13.4] startup
[2.599s] [ext: omni.kit.audiodeviceenum-1.0.2] startup
[2.600s] [ext: omni.hydra.scene_delegate-0.3.4] startup
[2.604s] [ext: omni.usd-1.13.10] startup
[2.625s] [ext: omni.kit.asset_converter-5.0.17] startup
[2.636s] [ext: omni.usd.schema.flow-107.1.1] startup
[2.636s] [ext: omni.usd.schema.omnigraph-1.0.0] startup
[2.642s] [ext: omni.usd.schema.omni_sensors-0.0.0] startup
[2.643s] [ext: omni.anim.navigation.schema-107.3.3] startup
[2.646s] [ext: omni.inspect-1.0.2] startup
[2.647s] [ext: omni.kit.notification_manager-1.0.10] startup
[2.648s] [ext: omni.graph.core-2.184.5] startup
[2.651s] [ext: isaacsim.core.deprecation_manager-0.2.7] startup
[2.651s] [ext: omni.usd.schema.physx-107.3.26] startup
[2.685s] [ext: omni.usd.schema.isaac-3.0.5] startup
[2.685s] [ext: omni.usd.schema.omniscripting-1.0.0] startup
[2.689s] [ext: omni.usd.schema.omni_lens_distortion-0.0.0] startup
[2.690s] [ext: omni.kvdb-107.3.26] startup
[2.691s] [ext: omni.usdphysics-107.3.26] startup
[2.693s] [ext: omni.physx.foundation-107.3.26] startup
[2.695s] [ext: omni.localcache-107.3.26] startup
[2.696s] [ext: omni.convexdecomposition-107.3.26] startup
[2.699s] [ext: omni.physx.cooking-107.3.26] startup
[2.701s] [ext: omni.physx-107.3.26] startup
[2.711s] [ext: omni.physics-107.3.26] startup
[2.713s] [ext: omni.kit.usd.layers-2.2.11] startup
[2.721s] [ext: omni.physics.physx-107.3.26] startup
2026-09-22T13:48:25Z [2,712ms] [Warning] [carb] Acquiring non optional plugin interface which is not listed as dependency: [omni::physx::IPhysxBenchmarks v1.0] (plugin: <default plugin>), by client: omni.physics.physx.plugin. Add it to CARB_PLUGIN_IMPL_DEPS() macro of a client.
[2.723s] [ext: omni.physics.stageupdate-107.3.26] startup
[2.725s] [ext: omni.kit.numpy.common-0.1.3] startup
[2.726s] [ext: isaacsim.core.version-2.0.6] startup
[2.727s] [ext: omni.isaac.dynamic_control-2.0.7] startup
2026-09-22T13:48:25Z [2,721ms] [Warning] [omni.isaac.dynamic_control] omni.isaac.dynamic_control is deprecated as of Isaac Sim 4.5. No action is needed from end-users.
[2.732s] [ext: isaacsim.storage.native-1.5.1] startup
[2.734s] [ext: omni.kit.menu.core-1.1.2] startup
[2.734s] [ext: omni.kit.helper.file_utils-0.1.9] startup
[2.736s] [ext: omni.usd.metrics.assembler-107.3.1] startup
[2.741s] [ext: omni.kit.widget.context_menu-1.2.5] startup
[2.742s] [ext: omni.warp.core-1.8.2] startup
[2.997s] [ext: omni.usd.metrics.assembler.physics-107.3.26] startup
[2.999s] [ext: omni.physics.tensors-107.3.26] startup
[3.004s] [ext: omni.kit.context_menu-1.8.6] startup
[3.005s] [ext: omni.kit.clipboard-1.0.5] startup
[3.006s] [ext: isaacsim.core.utils-3.5.1] startup
[3.009s] [ext: omni.kit.widget.filebrowser-2.12.3] startup
[3.014s] [ext: omni.kit.widget.options_menu-1.1.6] startup
[3.017s] [ext: omni.kit.widget.path_field-2.0.11] startup
[3.018s] [ext: omni.index.libs-380600.8087.0] startup
[3.018s] [ext: omni.ui.scene-1.11.5] startup
[3.022s] [ext: omni.kit.widget.options_button-1.0.3] startup
[3.022s] [ext: omni.kit.widget.browser_bar-2.0.10] startup
[3.023s] [ext: omni.index-1.0.1] startup
[3.024s] [ext: omni.hydra.rtx.shadercache.vulkan-1.0.0] startup
[3.025s] [ext: omni.kit.window.filepicker-2.13.4] startup
[3.039s] [ext: omni.volume-0.5.2] startup
[3.041s] [ext: omni.ujitso.client-0.0.0] startup
[3.041s] [ext: omni.graph.tools-1.79.2] startup
[3.066s] [ext: omni.graph.image.core-0.6.1] startup
[3.067s] [ext: omni.hydra.rtx-1.0.0] startup
2026-09-22T13:48:26Z [3,073ms] [Warning] [omni.log] Source: omni.hydra was already registered.
[3.100s] [ext: omni.kit.window.file_importer-1.1.18] startup
[3.102s] [ext: omni.kit.menu.utils-2.0.5] startup
[3.110s] [ext: omni.graph.image.nodes-1.3.1] startup
[3.111s] [ext: omni.kit.widget.searchable_combobox-1.0.6] startup
[3.112s] [ext: omni.kit.hydra_texture-1.4.6] startup
[3.115s] [ext: omni.kit.material.library-2.0.7] startup
[3.120s] [ext: omni.hydra.engine.stats-1.0.3] startup
[3.122s] [ext: omni.kit.viewport.scene_camera_model-1.0.6] startup
[3.127s] [ext: omni.kit.widget.settings-1.2.6] startup
[3.129s] [ext: omni.kit.viewport.legacy_gizmos-1.0.19] startup
[3.131s] [ext: omni.kit.widget.viewport-107.1.3] startup
[3.134s] [ext: omni.kit.viewport.registry-104.0.6] startup
[3.135s] [ext: omni.kit.raycast.query-1.1.0] startup
[3.140s] [ext: omni.physx.tensors-107.3.26] startup
[3.144s] [ext: omni.kit.window.drop_support-1.0.5] startup
[3.144s] [ext: omni.kit.primitive.mesh-1.0.17] startup
[3.148s] [ext: omni.kit.viewport.window-107.2.0] startup
[3.166s] [ext: omni.kit.window.preferences-1.8.0] startup
[3.171s] [ext: isaacsim.core.simulation_manager-1.4.4] startup
[4.692s] [ext: omni.graph.action_core-1.1.7] startup
[4.693s] [ext: omni.graph-1.141.2] startup
[4.741s] [ext: omni.kit.viewport.utility-1.1.2] startup
[4.742s] [ext: omni.kit.viewport.menubar.core-107.2.1] startup
[4.758s] [ext: isaacsim.core.prims-0.6.1] startup
[4.790s] [ext: omni.graph.action_nodes-1.50.4] startup
[4.794s] [ext: omni.kit.stage_template.core-1.1.22] startup
[4.797s] [ext: omni.syntheticdata-0.6.13] startup
[4.829s] [ext: omni.graph.nodes-1.170.10] startup
[4.842s] [ext: omni.graph.action-1.130.0] startup
[4.845s] [ext: omni.kit.stage_templates-2.0.0] startup
[4.855s] [ext: omni.kit.widget.filter-1.1.4] startup
[4.859s] [ext: omni.kit.widget.graph-2.0.0] startup
[4.879s] [ext: omni.kit.property.adapter.core-1.0.2] startup
[4.888s] [ext: omni.kit.window.file_exporter-1.0.33] startup
[4.890s] [ext: omni.kit.widget.searchfield-1.1.8] startup
[4.892s] [ext: omni.kit.hotkeys.core-1.3.10] startup
[4.893s] [ext: omni.kit.graph.delegate.default-1.2.3] startup
[4.894s] [ext: omni.kit.property.adapter.fabric-1.0.3] startup
[4.896s] [ext: omni.kit.widget.stage-3.1.4] startup
[4.908s] [ext: omni.kit.property.adapter.usd-1.0.2] startup
[4.910s] [ext: omni.kit.graph.editor.core-1.5.3] startup
[4.913s] [ext: omni.kit.widget.material_preview-1.0.16] startup
[4.916s] [ext: omni.kit.widget.highlight_label-1.0.3] startup
[4.917s] [ext: omni.kit.window.file-2.0.5] startup
[4.921s] [ext: omni.kit.window.content_browser_registry-0.0.6] startup
[4.922s] [ext: omni.kit.window.property-1.12.1] startup
[4.926s] [ext: omni.kit.window.content_browser-3.1.3] startup
[4.939s] [ext: omni.kit.graph.usd.commands-1.3.1] startup
[4.941s] [ext: omni.kit.property.usd-4.5.12] startup
[4.953s] [ext: omni.graph.ui_nodes-1.50.5] startup
[4.957s] [ext: omni.videoencoding-0.1.2] startup
[4.960s] [ext: omni.kit.window.material_graph-1.9.1] startup
[4.976s] [ext: omni.warp-1.8.2] startup
[4.984s] [ext: isaacsim.core.api-4.8.0] startup
[5.012s] [ext: omni.graph.scriptnode-1.50.0] startup
[5.019s] [ext: isaacsim.test.docstring-1.1.0] startup
[5.031s] [ext: isaacsim.core.experimental.utils-0.3.0] startup
[5.050s] [ext: omni.replicator.core-1.12.27] startup
2026-09-22T13:48:28Z [5,070ms] [Warning] [pxr.Semantics] pxr.Semantics is deprecated - please use Semantics instead
2026-09-22T13:48:28Z [5,201ms] [Warning] [omni.graph.core.plugin] Found duplicate of category 'Replicator' - was 'Annotators', adding 'Fabric Reader'
2026-09-22T13:48:28Z [5,201ms] [Warning] [omni.graph.core.plugin] Category 'Replicator' not accepted on node type 'omni.replicator.core.FabricReader' in extension 'omni.replicator.core'
2026-09-22T13:48:28Z [5,201ms] [Warning] [omni.replicator.core.scripts.extension] No material configuration file, adding configuration to material settings directly.
[5.217s] [ext: isaacsim.core.experimental.prims-0.8.1] startup
[5.276s] [ext: omni.kit.window.extensions-1.4.27] startup
[5.289s] [ext: isaacsim.core.experimental.objects-0.4.0] startup
[5.305s] [ext: omni.ui_query-1.1.8] startup
[5.313s] [ext: omni.kit.manipulator.viewport-107.0.1] startup
[5.316s] [ext: isaacsim.robot.surface_gripper-3.3.1] startup
[5.322s] [ext: omni.kit.ui_test-1.3.7] startup
[5.334s] [ext: omni.graph.visualization.nodes-2.1.3] startup
[5.373s] [ext: isaacsim.robot_motion.lula-4.0.8] startup
[5.383s] [ext: isaacsim.core.nodes-3.4.3] startup
[5.394s] [ext: isaacsim.gui.components-1.2.1] startup
[5.409s] [ext: isaacsim.robot_motion.motion_generation-8.0.26] startup
[5.434s] [ext: isaacsim.robot.manipulators-3.3.6] startup
[5.446s] [ext: isaacsim.core.experimental.materials-0.4.0] startup
[5.460s] [ext: isaacsim.robot.manipulators.examples-1.1.2] startup
[5.465s] [ext: isaacsim.cortex.framework-1.0.12] startup
[5.475s] [ext: isaacsim.cortex.behaviors-2.0.14] startup
[5.477s] [ext: omni.isaac.cortex.sample_behaviors-2.0.5] startup
2026-09-22T13:48:28Z [5,470ms] [Warning] [omni.isaac.cortex] omni.isaac.cortex has been deprecated in favor of isaacsim.cortex.framework. Please update your code accordingly.
2026-09-22T13:48:28Z [5,470ms] [Warning] [omni.isaac.cortex.sample_behaviors] omni.isaac.cortex.sample_behaviors has been deprecated in favor of isaacsim.cortex.behaviors. Please update your code accordingly.
[5.485s] [ext: omni.kit.widget.zoombar-1.0.6] startup
[5.492s] [ext: isaacsim.gui.content_browser-0.1.11] startup
[5.497s] [ext: omni.kit.browser.core-2.3.13] startup
[5.520s] [ext: omni.kit.widget.stage_icons-1.0.8] startup
[5.523s] [ext: omni.kit.widget.prompt-1.0.7] startup
[5.526s] [ext: omni.kit.usd.collect-2.4.5] startup
[5.542s] [ext: omni.kit.browser.folder.core-1.10.9] startup
[5.605s] [ext: omni.kit.window.stage-2.6.1] startup
[5.699s] [ext: omni.kit.usdz_export-1.0.9] startup
[5.711s] [ext: omni.kit.tool.collect-2.2.18] startup
[5.801s] [ext: omni.kit.menu.stage-1.2.7] startup
[5.804s] [ext: omni.kit.tool.asset_importer-4.3.2] startup
[5.844s] [ext: isaacsim.robot.wheeled_robots-4.0.24] startup
[5.938s] [ext: isaacsim.examples.browser-0.2.1] startup
[5.968s] [ext: isaacsim.asset.importer.urdf-2.4.30] startup
[6.163s] [ext: omni.isaac.wheeled_robots-3.0.7] startup
2026-09-22T13:48:29Z [6,154ms] [Warning] [omni.isaac.wheeled_robots] omni.isaac.wheeled_robots has been deprecated in favor of isaacsim.robot.wheeled_robots. Please update your code accordingly.
2026-09-22T13:48:29Z [6,155ms] [Warning] [omni.isaac.wheeled_robots.controllers] omni.isaac.wheeled_robots has been deprecated in favor of isaacsim.robot.wheeled_robots. Please update your code accordingly.
2026-09-22T13:48:29Z [6,155ms] [Warning] [omni.isaac.wheeled_robots.controllers.ackermann_controller] omni.isaac.wheeled_robots has been deprecated in favor of isaacsim.robot.wheeled_robots. Please update your code accordingly.
2026-09-22T13:48:29Z [6,155ms] [Warning] [omni.isaac.wheeled_robots.controllers.differential_controller] omni.isaac.wheeled_robots has been deprecated in favor of isaacsim.robot.wheeled_robots. Please update your code accordingly.
2026-09-22T13:48:29Z [6,155ms] [Warning] [omni.isaac.wheeled_robots.controllers.holonomic_controller] omni.isaac.wheeled_robots has been deprecated in favor of isaacsim.robot.wheeled_robots. Please update your code accordingly.
2026-09-22T13:48:29Z [6,156ms] [Warning] [omni.isaac.wheeled_robots.controllers.quintic_path_planner] omni.isaac.wheeled_robots has been deprecated in favor of isaacsim.robot.wheeled_robots. Please update your code accordingly.
2026-09-22T13:48:29Z [6,156ms] [Warning] [omni.isaac.wheeled_robots.controllers.stanley_control] omni.isaac.wheeled_robots has been deprecated in favor of isaacsim.robot.wheeled_robots. Please update your code accordingly.
2026-09-22T13:48:29Z [6,156ms] [Warning] [omni.isaac.wheeled_robots.controllers.wheel_base_pose_controller] omni.isaac.wheeled_robots has been deprecated in favor of isaacsim.robot.wheeled_robots. Please update your code accordingly.
2026-09-22T13:48:29Z [6,158ms] [Warning] [omni.isaac.wheeled_robots.impl] omni.isaac.wheeled_robots has been deprecated in favor of isaacsim.robot.wheeled_robots. Please update your code accordingly.
2026-09-22T13:48:29Z [6,159ms] [Warning] [omni.isaac.wheeled_robots.robots] omni.isaac.wheeled_robots has been deprecated in favor of isaacsim.robot.wheeled_robots. Please update your code accordingly.
2026-09-22T13:48:29Z [6,161ms] [Warning] [omni.isaac.wheeled_robots.robots.holonomic_robot_usd_setup] omni.isaac.wheeled_robots has been deprecated in favor of isaacsim.robot.wheeled_robots. Please update your code accordingly.
2026-09-22T13:48:29Z [6,163ms] [Warning] [omni.isaac.wheeled_robots.robots.wheeled_robot] omni.isaac.wheeled_robots has been deprecated in favor of isaacsim.robot.wheeled_robots. Please update your code accordingly.
[6.177s] [ext: isaacsim.simulation_app-2.12.2] startup
[6.180s] [ext: omni.isaac.franka-1.0.7] startup
2026-09-22T13:48:29Z [6,170ms] [Warning] [omni.isaac.franka] omni.isaac.franka has been deprecated in favor of isaacsim.robot.manipulators.examples.franka. Please update your code accordingly.
2026-09-22T13:48:29Z [6,170ms] [Warning] [omni.isaac.franka.franka] omni.isaac.franka has been deprecated in favor of isaacsim.robot.manipulators.examples.franka. Please update your code accordingly.
2026-09-22T13:48:29Z [6,194ms] [Warning] [omni.isaac.franka.kinematics_solver] omni.isaac.franka has been deprecated in favor of isaacsim.robot.manipulators.examples.franka. Please update your code accordingly.
[6.205s] [ext: omni.isaac.kit-2.0.6] startup
2026-09-22T13:48:29Z [6,197ms] [Warning] [omni.isaac.kit] omni.isaac.kit has been deprecated in favor of isaacsim.simulation_app. Please update your code accordingly.
[6.208s] [ext: omni.kit.selection-0.1.6] startup
[6.210s] [ext: omni.isaac.lula-4.0.6] startup
2026-09-22T13:48:29Z [6,200ms] [Warning] [omni.isaac.lula] omni.isaac.lula has been deprecated in favor of isaacsim.robot_motion.lula. Please update your code accordingly.
[6.211s] [ext: isaacsim.robot_motion.lula_test_widget-1.0.12] startup
[6.214s] [ext: isaacsim.asset.browser-1.3.23] startup
[6.340s] [ext: omni.kit.viewport.actions-107.0.2] startup
[6.348s] [ext: isaacsim.gui.menu-2.4.4] startup
[6.354s] [ext: omni.isaac.manipulators-3.0.7] startup
2026-09-22T13:48:29Z [6,344ms] [Warning] [omni.isaac.manipulators] omni.isaac.manipulators has been deprecated in favor of isaacsim.robot.manipulators. Please update your code accordingly.
2026-09-22T13:48:29Z [6,344ms] [Warning] [omni.isaac.manipulators.controllers] omni.isaac.manipulators has been deprecated in favor of isaacsim.robot.manipulators. Please update your code accordingly.
2026-09-22T13:48:29Z [6,344ms] [Warning] [omni.isaac.manipulators.controllers.pick_place_controller] omni.isaac.manipulators has been deprecated in favor of isaacsim.robot.manipulators. Please update your code accordingly.
2026-09-22T13:48:29Z [6,349ms] [Warning] [omni.isaac.manipulators.controllers.stacking_controller] omni.isaac.manipulators has been deprecated in favor of isaacsim.robot.manipulators. Please update your code accordingly.
2026-09-22T13:48:29Z [6,349ms] [Warning] [omni.isaac.manipulators.grippers] omni.isaac.manipulators has been deprecated in favor of isaacsim.robot.manipulators. Please update your code accordingly.
2026-09-22T13:48:29Z [6,350ms] [Warning] [omni.isaac.manipulators.grippers.gripper] omni.isaac.manipulators has been deprecated in favor of isaacsim.robot.manipulators. Please update your code accordingly.
2026-09-22T13:48:29Z [6,350ms] [Warning] [omni.isaac.manipulators.grippers.parallel_gripper] omni.isaac.manipulators has been deprecated in favor of isaacsim.robot.manipulators. Please update your code accordingly.
2026-09-22T13:48:29Z [6,350ms] [Warning] [omni.isaac.manipulators.grippers.surface_gripper] omni.isaac.manipulators has been deprecated in favor of isaacsim.robot.manipulators. Please update your code accordingly.
2026-09-22T13:48:29Z [6,350ms] [Warning] [omni.isaac.manipulators.manipulators] omni.isaac.manipulators has been deprecated in favor of isaacsim.robot.manipulators. Please update your code accordingly.
2026-09-22T13:48:29Z [6,350ms] [Warning] [omni.isaac.manipulators.manipulators.single_manipulator] omni.isaac.manipulators has been deprecated in favor of isaacsim.robot.manipulators. Please update your code accordingly.
[6.361s] [ext: omni.isaac.lula_test_widget-1.0.6] startup
2026-09-22T13:48:29Z [6,353ms] [Warning] [omni.isaac.lula_test_widget] omni.isaac.lula_test_widget has been deprecated in favor of isaacsim.robot_motion.lula_test_widget. Please update your code accordingly.
[6.364s] [ext: omni.isaac.asset_browser-1.0.6] startup
2026-09-22T13:48:29Z [6,356ms] [Warning] [omni.isaac.asset_browser] omni.isaac.asset_browser has been deprecated in favor of isaacsim.asset.browser. Please update your code accordingly.
[6.367s] [ext: omni.kit.viewport.menubar.display-107.0.3] startup
[6.375s] [ext: omni.isaac.menu-1.0.6] startup
2026-09-22T13:48:29Z [6,365ms] [Warning] [omni.isaac.menu] omni.isaac.menu has been deprecated in favor of isaacsim.gui.menu. Please update your code accordingly.
[6.376s] [ext: omni.isaac.motion_generation-8.0.7] startup
2026-09-22T13:48:29Z [6,367ms] [Warning] [omni.isaac.motion_generation] omni.isaac.motion_generation has been deprecated in favor of isaacsim.robot_motion.motion_generation. Please update your code accordingly.
2026-09-22T13:48:29Z [6,368ms] [Warning] [omni.isaac.motion_generation.articulation_kinematics_solver] omni.isaac.motion_generation has been deprecated in favor of isaacsim.robot_motion.motion_generation. Please update your code accordingly.
2026-09-22T13:48:29Z [6,370ms] [Warning] [omni.isaac.motion_generation.articulation_motion_policy] omni.isaac.motion_generation has been deprecated in favor of isaacsim.robot_motion.motion_generation. Please update your code accordingly.
2026-09-22T13:48:29Z [6,370ms] [Warning] [omni.isaac.motion_generation.articulation_trajectory] omni.isaac.motion_generation has been deprecated in favor of isaacsim.robot_motion.motion_generation. Please update your code accordingly.
2026-09-22T13:48:29Z [6,370ms] [Warning] [omni.isaac.motion_generation.kinematics_interface] omni.isaac.motion_generation has been deprecated in favor of isaacsim.robot_motion.motion_generation. Please update your code accordingly.
2026-09-22T13:48:29Z [6,370ms] [Warning] [omni.isaac.motion_generation.lula] omni.isaac.motion_generation has been deprecated in favor of isaacsim.robot_motion.motion_generation. Please update your code accordingly.
2026-09-22T13:48:29Z [6,370ms] [Warning] [omni.isaac.motion_generation.lula.kinematics] omni.isaac.motion_generation has been deprecated in favor of isaacsim.robot_motion.motion_generation. Please update your code accordingly.
2026-09-22T13:48:29Z [6,371ms] [Warning] [omni.isaac.motion_generation.lula.motion_policies] omni.isaac.motion_generation has been deprecated in favor of isaacsim.robot_motion.motion_generation. Please update your code accordingly.
2026-09-22T13:48:29Z [6,371ms] [Warning] [omni.isaac.motion_generation.lula.path_planners] omni.isaac.motion_generation has been deprecated in favor of isaacsim.robot_motion.motion_generation. Please update your code accordingly.
2026-09-22T13:48:29Z [6,371ms] [Warning] [omni.isaac.motion_generation.lula.trajectory_generator] omni.isaac.motion_generation has been deprecated in favor of isaacsim.robot_motion.motion_generation. Please update your code accordingly.
2026-09-22T13:48:29Z [6,371ms] [Warning] [omni.isaac.motion_generation.motion_policy_controller] omni.isaac.motion_generation has been deprecated in favor of isaacsim.robot_motion.motion_generation. Please update your code accordingly.
2026-09-22T13:48:29Z [6,371ms] [Warning] [omni.isaac.motion_generation.motion_policy_interface] omni.isaac.motion_generation has been deprecated in favor of isaacsim.robot_motion.motion_generation. Please update your code accordingly.
2026-09-22T13:48:29Z [6,371ms] [Warning] [omni.isaac.motion_generation.path_planner_visualizer] omni.isaac.motion_generation has been deprecated in favor of isaacsim.robot_motion.motion_generation. Please update your code accordingly.
2026-09-22T13:48:29Z [6,371ms] [Warning] [omni.isaac.motion_generation.path_planning_interface] omni.isaac.motion_generation has been deprecated in favor of isaacsim.robot_motion.motion_generation. Please update your code accordingly.
2026-09-22T13:48:29Z [6,371ms] [Warning] [omni.isaac.motion_generation.trajectory] omni.isaac.motion_generation has been deprecated in favor of isaacsim.robot_motion.motion_generation. Please update your code accordingly.
2026-09-22T13:48:29Z [6,372ms] [Warning] [omni.isaac.motion_generation.world_interface] omni.isaac.motion_generation has been deprecated in favor of isaacsim.robot_motion.motion_generation. Please update your code accordingly.
[6.383s] [ext: omni.isaac.assets_check-0.3.13] startup
2026-09-22T13:48:29Z [6,372ms] [Warning] [omni.isaac.assets_check] omni.isaac.assets_check has been deprecated in favor of isaacsim.asset.browser. Please update your code accordingly.
[6.385s] [ext: isaacsim.gui.sensors.icon-2.0.3] startup
[6.401s] [ext: isaacsim.asset.importer.mjcf-2.5.13] startup
[6.408s] [ext: omni.sensors.nv.common-3.0.0] startup
[6.416s] [ext: isaacsim.sensors.physics-0.4.3] startup
[6.422s] [ext: omni.sensors.net-1.0.0] startup
[6.426s] [ext: omni.isaac.nucleus-1.0.6] startup
2026-09-22T13:48:29Z [6,416ms] [Warning] [omni.isaac.nucleus] omni.isaac.nucleus has been deprecated in favor of isaacsim.storage.native. Please update your code accordingly.
2026-09-22T13:48:29Z [6,416ms] [Warning] [omni.isaac.nucleus.nucleus] omni.isaac.nucleus.nucleus has been deprecated in favor of isaacsim.storage.native. Please update your code accordingly.
[6.427s] [ext: omni.sensors.nv.materials-2.0.0] startup
[6.433s] [ext: isaacsim.robot.policy.examples-4.1.11] startup
[6.435s] [ext: omni.sensors.nv.wpm-3.0.0] startup
[6.439s] [ext: omni.sensors.nv.lidar-3.0.0] startup
[6.445s] [ext: isaacsim.util.debug_draw-3.1.0] startup
[6.450s] [ext: omni.sensors.nv.radar-3.0.0] startup
[6.454s] [ext: omni.sensors.nv.ids-2.0.0] startup
[6.455s] [ext: isaacsim.core.cloner-1.4.10] startup
[6.458s] [ext: isaacsim.sensors.physx-2.3.2] startup
[6.463s] [ext: isaacsim.sensors.rtx-15.8.4] startup
[6.472s] [ext: isaacsim.sensors.camera-1.3.6] startup
[6.484s] [ext: omni.isaac.quadruped-3.0.7] startup
2026-09-22T13:48:29Z [6,478ms] [Warning] [omni.isaac.quadruped] omni.isaac.quadruped has been deprecated in favor of isaacsim.robot.policy.examples. Please update your code accordingly.
[6.490s] [ext: omni.isaac.cloner-1.0.7] startup
2026-09-22T13:48:29Z [6,481ms] [Warning] [omni.isaac.cloner] omni.isaac.cloner has been deprecated in favor of isaacsim.core.cloner. Please update your code accordingly.
[6.493s] [ext: omni.isaac.range_sensor-4.0.6] startup
2026-09-22T13:48:29Z [6,488ms] [Warning] [omni.isaac.range_sensor] omni.isaac.range_sensor has been deprecated in favor of isaacsim.sensors.physx. Please update your code accordingly.
2026-09-22T13:48:29Z [6,490ms] [Warning] [omni.isaac.range_sensor.commands] omni.isaac.range_sensor.commands has been deprecated in favor of isaacsim.sensors.physx.commands. Please update your code accordingly.
[6.502s] [ext: omni.isaac.sensor-13.0.7] startup
2026-09-22T13:48:29Z [6,493ms] [Warning] [omni.isaac.sensor] omni.isaac.sensor has been deprecated in favor of isaacsim.sensors.camera, isaacsim.sensors.physics, isaacsim.sensors.physx, and isaacsim.sensors.rtx. Please update your code accordingly.
2026-09-22T13:48:29Z [6,493ms] [Warning] [omni.isaac.sensor.camera] omni.isaac.sensor.camera has been deprecated in favor of isaacsim.sensors.camera.camera. Please update your code accordingly.
2026-09-22T13:48:29Z [6,495ms] [Warning] [omni.isaac.sensor.camera_view] omni.isaac.sensor.camera_view has been deprecated in favor of isaacsim.sensors.camera.camera_view. Please update your code accordingly.
2026-09-22T13:48:29Z [6,496ms] [Warning] [omni.isaac.sensor.commands] omni.isaac.sensor.commands has been deprecated in favor of isaacsim.sensors.physics.commands, isaacsim.sensors.physx.commands, and isaacsim.sensors.rtx.commands. Please update your code accordingly.
2026-09-22T13:48:29Z [6,496ms] [Warning] [omni.isaac.sensor.contact_sensor] omni.isaac.sensor.contact_sensor has been deprecated in favor of isaacsim.sensors.physics.contact_sensor. Please update your code accordingly.
2026-09-22T13:48:29Z [6,496ms] [Warning] [omni.isaac.sensor.imu_sensor] omni.isaac.sensor.imu_sensor has been deprecated in favor of isaacsim.sensors.physics.imu_sensor. Please update your code accordingly.
2026-09-22T13:48:29Z [6,496ms] [Warning] [omni.isaac.sensor.lidar_rtx] omni.isaac.sensor.lidar_rtx has been deprecated in favor of isaacsim.sensors.rtx.lidar_rtx. Please update your code accordingly.
2026-09-22T13:48:29Z [6,496ms] [Warning] [omni.isaac.sensor.rotating_lidar_physX] omni.isaac.sensor.imu_sensor has been deprecated in favor of isaacsim.sensors.physix.rotating_lidar_physX. Please update your code accordingly.
2026-09-22T13:48:29Z [6,497ms] [Warning] [omni.isaac.sensor.scripts.samples.contact_sensor] omni.isaac.sensor.scripts.samples.contact_sensor has been deprecated in favor of isaacsim.sensors.physics.scripts.samples.contact_sensor. Please update your code accordingly.
2026-09-22T13:48:29Z [6,497ms] [Warning] [omni.isaac.sensor.scripts.samples.imu_sensor] omni.isaac.sensor.scripts.samples.imu_sensor has been deprecated in favor of isaacsim.sensors.physics.scripts.samples.imu_sensor. Please update your code accordingly.
2026-09-22T13:48:29Z [6,497ms] [Warning] [omni.isaac.sensor.scripts.samples.lightbeam_sensor] omni.isaac.sensor.scripts.samples.lightbeam_sensor has been deprecated in favor of isaacsim.sensors.physx.scripts.samples.lightbeam_sensor. Please update your code accordingly.
[6.508s] [ext: omni.kit.menu.create-2.0.1] startup
[6.513s] [ext: omni.kit.widget.toolbar-2.0.1] startup
[6.531s] [ext: omni.kit.manipulator.transform-107.0.0] startup
[6.536s] [ext: omni.isaac.core-4.0.7] startup
2026-09-22T13:48:29Z [6,526ms] [Warning] [omni.isaac.core.physics_context.physics_context] omni.isaac.core.physics_context.physics_context has been deprecated in favor of isaacsim.core.api.physics_context.physics_context. Please update your code accordingly.
2026-09-22T13:48:29Z [6,526ms] [Warning] [omni.isaac.core.simulation_context.simulation_context] omni.isaac.core.simulation_context.simulation_context has been deprecated in favor of isaacsim.core.api.simulation_context.simulation_context. Please update your code accordingly.
2026-09-22T13:48:29Z [6,527ms] [Warning] [omni.isaac.core.world.world] omni.isaac.core.world.world has been deprecated in favor of isaacsim.core.api.world.world. Please update your code accordingly.
2026-09-22T13:48:29Z [6,527ms] [Warning] [omni.isaac.core] omni.isaac.core has been deprecated in favor of isaacsim.core.api. Please update your code accordingly.
[6.538s] [ext: omni.kit.scripting-107.3.2] startup
[6.545s] [ext: omni.kit.manipulator.tool.snap-1.5.13] startup
[6.551s] [ext: omni.kit.manipulator.selector-1.1.3] startup
[6.553s] [ext: isaacsim.app.about-2.0.11] startup
[6.559s] [ext: isaacsim.replicator.behavior-1.1.16] startup
[6.560s] [ext: omni.kit.viewport.manipulator.transform-107.0.4] startup
[6.564s] [ext: omni.isaac.window.about-2.0.7] startup
2026-09-22T13:48:29Z [6,555ms] [Warning] [omni.isaac.window.about] omni.isaac.window.about has been deprecated in favor of isaacsim.app.about. Please update your code accordingly.
2026-09-22T13:48:29Z [6,555ms] [Warning] [omni.isaac.window.about.about] omni.isaac.window.about.about has been deprecated in favor of isaacsim.app.about.about. Please update your code accordingly.
[6.566s] [ext: omni.fabric.commands-1.1.6] startup
[6.570s] [ext: omni.kit.manipulator.prim.core-107.0.8] startup
[6.577s] [ext: omni.kit.property.audio-1.0.16] startup
[6.580s] [ext: omni.kit.property.camera-1.0.10] startup
[6.582s] [ext: omni.kit.property.geometry-2.0.4] startup
[6.586s] [ext: omni.hydra.scene_api-0.1.2] startup
[6.591s] [ext: omni.kit.property.light-1.0.12] startup
[6.603s] [ext: omni.kit.manipulator.prim.fabric-107.0.4] startup
[6.606s] [ext: omni.kit.manipulator.prim.usd-107.0.3] startup
[6.608s] [ext: omni.kit.property.material-1.11.9] startup
[6.615s] [ext: omni.kit.property.render-1.2.1] startup
[6.617s] [ext: omni.kit.property.transform-1.5.13] startup
[6.621s] [ext: isaacsim.gui.property-1.1.3] startup
[6.624s] [ext: omni.kit.manipulator.camera-106.0.4] startup
[6.628s] [ext: omni.kit.manipulator.prim-107.0.0] startup
[6.629s] [ext: omni.isaac.surface_gripper-2.0.6] startup
2026-09-22T13:48:29Z [6,619ms] [Warning] [omni.isaac.surface_gripper] omni.isaac.surface_gripper has been deprecated in favor of isaacsim.robot.surface_gripper. Please update your code accordingly.
[6.630s] [ext: omni.kit.manipulator.selection-106.0.1] startup
[6.635s] [ext: omni.kit.property.bundle-1.4.1] startup
[6.637s] [ext: omni.kit.property.isaac-1.0.6] startup
2026-09-22T13:48:29Z [6,627ms] [Warning] [omni.kit.property.isaac] omni.kit.property.isaac has been deprecated in favor of isaacsim.gui.property. Please update your code accordingly.
2026-09-22T13:48:29Z [6,627ms] [Warning] [omni.kit.property.isaac.widgets] omni.kit.property.isaac.widgets has been deprecated in favor of isaacsim.gui.property.widgets. Please update your code accordingly.
[6.638s] [ext: omni.isaac.universal_robots-1.0.6] startup
2026-09-22T13:48:29Z [6,628ms] [Warning] [omni.isaac.universal_robots] omni.isaac.universal_robots has been deprecated in favor of isaacsim.robot.manipulators.examples.universal_robots. Please update your code accordingly.
2026-09-22T13:48:29Z [6,628ms] [Warning] [omni.isaac.universal_robots.kinematics_solver] omni.isaac.franka has been deprecated in favor of isaacsim.robot.manipulators.examples.universal_robots. Please update your code accordingly.
2026-09-22T13:48:29Z [6,630ms] [Warning] [omni.isaac.universal_robots.ur10] omni.isaac.franka has been deprecated in favor of isaacsim.robot.manipulators.examples.universal_robots. Please update your code accordingly.
[6.641s] [ext: omni.isaac.core_nodes-2.0.6] startup
2026-09-22T13:48:29Z [6,633ms] [Warning] [omni.isaac.core_nodes] omni.isaac.core_nodes has been deprecated in favor of isaacsim.core.nodes. Please update your code accordingly.
[6.645s] [ext: omni.kit.viewport.menubar.camera-107.0.6] startup
[6.655s] [ext: omni.kit.viewport.menubar.lighting-107.3.1] startup
[6.658s] [ext: isaacsim.replicator.writers-1.0.17] startup
[6.675s] [ext: omni.kit.viewport.menubar.render-107.0.10] startup
[6.682s] [ext: omni.kit.viewport.menubar.settings-107.0.3] startup
[6.692s] [ext: omni.kit.window.console-1.1.4] startup
[6.697s] [ext: isaacsim.replicator.domain_randomization-1.0.16] startup
[6.699s] [ext: isaacsim.replicator.examples-1.3.6] startup
[6.703s] [ext: omni.ocio-0.1.1] startup
[6.707s] [ext: omni.rtx.window.settings-0.6.19] startup
[6.719s] [ext: omni.kit.window.status_bar-0.1.9] startup
[6.731s] [ext: omni.kit.window.toolbar-2.0.0] startup
[6.735s] [ext: omni.replicator.isaac-2.0.8] startup
2026-09-22T13:48:30Z [6,725ms] [Warning] [omni.replicator.isaac] omni.replicator.isaac has been deprecated in favor of isaacsim.replicator.domain_randomization, isaacsim.replicator.examples, isaacsim.replicator.writers. Please update your code accordingly.
[6.737s] [ext: omni.replicator.replicator_yaml-2.0.11] startup
[6.758s] [ext: omni.rtx.settings.core-0.6.5] startup
[6.764s] [ext: omni.usd.metrics.assembler.ui-107.3.1] startup
[6.776s] [ext: omni.isaac.utils-2.0.6] startup
[6.781s] [ext: semantics.schema.editor-2.0.2] startup
[6.784s] [ext: omni.kit.ui.actions-1.0.5] startup
[6.787s] [ext: semantics.schema.property-2.0.1] startup
[6.789s] [ext: omni.isaac.version-2.0.7] startup
2026-09-22T13:48:30Z [6,779ms] [Warning] [omni.isaac.version] omni.isaac.version has been deprecated in favor of isaacsim.core.version. Please update your code accordingly.
[6.790s] [ext: omni.isaac.cortex-1.0.5] startup
[6.792s] [ext: omni.anim.curve.core-1.3.1] startup
[6.803s] [ext: isaacsim.core.throttling-2.2.2] startup
[6.805s] [ext: omni.kit.menu.common-2.0.1] startup
[6.807s] [ext: isaacsim.exp.base-5.1.0] startup
[6.808s] [ext: isaacsim.exp.base.python-5.1.0] startup
[6.810s] Simulation App Starting
2026-09-22T13:48:30Z [6,892ms] [Warning] [omni.fabric.plugin] Warning: attribute resolution not found for bucket id 35

[7.144s] app ready
Starting kit application with the following args:  ['/home/ubuntu/Downloads/isaac-sim-standalone-5.1.0-linux-x86_64/exts/isaacsim.simulation_app/isaacsim/simulation_app/simulation_app.py', '/home/ubuntu/Downloads/isaac-sim-standalone-5.1.0-linux-x86_64/apps/isaacsim.exp.base.python.kit', '--/app/tokens/exe-path=/home/ubuntu/Downloads/isaac-sim-standalone-5.1.0-linux-x86_64/kit', '--/persistent/app/viewport/displayOptions=3094', '--/rtx/materialDb/syncLoads=True', '--/rtx/hydra/materialSyncLoads=True', '--/omni.kit.plugin/syncUsdLoads=True', '--/app/renderer/resolution/width=1440', '--/app/renderer/resolution/height=900', '--/app/window/width=1440', '--/app/window/height=900', '--/renderer/multiGpu/enabled=True', '--/app/fastShutdown=True', '--/app/installSignalHandlers=0', '--ext-folder', '/home/ubuntu/Downloads/isaac-sim-standalone-5.1.0-linux-x86_64/exts', '--ext-folder', '/home/ubuntu/Downloads/isaac-sim-standalone-5.1.0-linux-x86_64/apps', '--/physics/cudaDevice=0', '--/plugins/carb.tasking.plugin/threadCount=20', '--/plugins/omni.tbb.globalcontrol/maxThreadCount=20', '--portable', '--no-window', '--/app/window/hideUi=1']
Passing the following args to the base kit application:  ['--scene', '/home/ubuntu/a0509_vla_linux_field_bundle_20260903/validation/a0509_project/USD/version_1/a0509_version_1_scaled_85x60.usda', '--urdf', '/home/ubuntu/a0509_vla_linux_field_bundle_20260903/validation/a0509_project/urdf/a0509.urdf', '--headless', '--enable-camera', '--secondary-camera', '', '--home-config', '/home/ubuntu/a0509_vla_linux_field_bundle_20260903/isaac_sim/config/a0509_home_pose_real_joint6_aligned.json', '--camera-width', '1280', '--camera-height', '720', '--record-hz', '5.0', '--render-hz', '5.0', '--vla-validate-episodes', '1', '--vla-validation-seed', '20260922', '--vla-server-url', 'http://127.0.0.1:8765', '--vla-statistics', '/home/ubuntu/a0509_vla_linux_field_bundle_20260903/models/oft_mixed480_step28560/dataset_statistics.json', '--vla-validation-output', '/home/ubuntu/a0509_vla_linux_field_bundle_20260903/lhj/phase9_sim_policy_shadow_replay/01_sim_policy_rollout/phase9_fixed_layout_sim_policy_k5_rotlock_k5_seed20260922_1ep.json', '--vla-max-policy-steps', '500', '--vla-stagnation-policy-steps', '25', '--vla-policy-hold-steps', '12', '--vla-actions-per-inference', '5', '--vla-gripper-full-travel-duration-s', '0.6', '--motion-speed-scale', '1.7126963727221802', '--vla-expected-variant', 'oftplus_h5_vision', '--uncapped-simulation', '--vla-continuous-gripper', '--vla-lock-eef-orientation', '--vla-layout-manifest', '/home/ubuntu/a0509_vla_linux_field_bundle_20260903/lhj/phase9_sim_policy_shadow_replay/00_inputs/vla_layout_manifest.json', '--vla-video-frames-dir', '/home/ubuntu/a0509_vla_linux_field_bundle_20260903/lhj/phase9_sim_policy_shadow_replay/01_sim_policy_rollout/phase9_fixed_layout_sim_policy_k5_rotlock_k5_seed20260922_1ep_20260922_224823_video_frames', '--vla-video-fps', '5']
Warp 1.8.2 initialized:
   CUDA Toolkit 12.8, Driver 13.0
   Devices:
     "cpu"      : "x86_64"
     "cuda:0"   : "NVIDIA GeForce RTX 3090" (24 GiB, sm_86, mempool enabled)
   Kernel cache:
     /home/ubuntu/.cache/warp/1.8.2
Warp DeprecationWarning: The `warp.sim` module is deprecated and will be removed in v1.10. Please transition to using the forthcoming Newton library instead.
Opening usd file at  /home/ubuntu/a0509_vla_linux_field_bundle_20260903/validation/a0509_project/USD/version_1/a0509_version_1_scaled_85x60.usda  ...Done.
A0509_CONTROL_SIMULATION_RATE_LIMIT uncapped=true
A0509_CONTROL_BASE_YAW prim=/World/a0509 yaw_deg=0.0 source=session_layer
A0509_CONTROL_ATTACH_ONLY root_layer=/home/ubuntu/a0509_vla_linux_field_bundle_20260903/validation/a0509_project/USD/version_1/a0509_version_1_scaled_85x60.usda edit_target=anon:0x48635eb0 root_dirty_on_open=True
A0509_CONTROL_TARGET_CUBE_LAYERS same=True strongest={'red': '/home/ubuntu/a0509_vla_linux_field_bundle_20260903/validation/a0509_project/USD/version_1/a0509_version_1_scaled_85x60.usda', 'yellow': '/home/ubuntu/a0509_vla_linux_field_bundle_20260903/validation/a0509_project/USD/version_1/a0509_version_1_scaled_85x60.usda', 'blue': '/home/ubuntu/a0509_vla_linux_field_bundle_20260903/validation/a0509_project/USD/version_1/a0509_version_1_scaled_85x60.usda'}
A0509_CONTROL_SESSION_PHYSICS_SCENE path=/physicsScene source_usda_modified=false
A0509_CONTROL_EXISTING_PHYSICS_SCENES=['/physicsScene']
A0509_CONTROL_ROBOT_READY dofs=['joint_1', 'joint_2', 'joint_3', 'joint_4', 'joint_5', 'joint_6', 'gripper_joint_1', 'gripper_joint_2']
A0509_CONTROL_RENDER_PRODUCT name=primary path=/Render/OmniverseKit/HydraTextures/Replicator_04 camera=['/World/a0509/link_6/tool0/left_Camera'] resolution=(1280, 720) vars=['/Render/Vars/LdrColorSD', '/Render/Vars/LdrColor']
A0509_CONTROL_RENDER_PRODUCTS=['/Render/OmniverseKit/HydraTextures/omni_kit_widget_viewport_ViewportTexture_0', '/Render/OmniverseKit/HydraTextures/Replicator', '/Render/OmniverseKit/HydraTextures/Replicator_01', '/Render/OmniverseKit/HydraTextures/Replicator_02', '/Render/OmniverseKit/HydraTextures/Replicator_03', '/Render/OmniverseKit/HydraTextures/Replicator_04']
A0509_CONTROL_CAMERAS_READY names=['primary']
A0509_CONTROL_PLANNER_READY
A0509_CONTROL_RUNTIME_READY
A0509_CONTROL_CAMERA_WARMUP_START
A0509_CONTROL_CAMERA_WARMUP_DONE
A0509_VLA_VALIDATION_CONFIGURING
A0509_VLA_VALIDATION_STARTED={"episodes": 1, "seed": 20260922, "server_url": "http://127.0.0.1:8765", "expected_variant": "oftplus_h5_vision", "output": "/home/ubuntu/a0509_vla_linux_field_bundle_20260903/lhj/phase9_sim_policy_shadow_replay/01_sim_policy_rollout/phase9_fixed_layout_sim_policy_k5_rotlock_k5_seed20260922_1ep.json"}
[8.066s] Simulation App Startup Complete
2026-09-22T13:48:33Z [9,816ms] [Warning] [omni.fabric.plugin] getAttributeCount called on non-existent path /World/a0509/link_2/collisions/A0509_2_1
2026-09-22T13:48:33Z [9,817ms] [Warning] [omni.fabric.plugin] getTypes called on non-existent path /World/a0509/link_2/collisions/A0509_2_1
[93m[Lula] CUDA not enabled in build. Creating 'BasicTree' instead of 'CudaTree'
[0m[93m[Lula] CUDA not enabled in build. Creating 'BasicTree' instead of 'CudaTree'
[0m2026-09-22T13:48:33Z [9,947ms] [Warning] [omni.fabric.plugin] USD->Fabric: Unhandled array type string[]
2026-09-22T13:48:33Z [9,950ms] [Warning] [usdrt.population.plugin] [UsdNoticeHandler] Unhandled attribute type VtArray<std::string> (prim attribute: omni:rtx:material:db:flattener:transmittance_color)
2026-09-22T13:48:33Z [9,950ms] [Warning] [usdrt.population.plugin] [UsdNoticeHandler] Unhandled attribute type VtArray<std::string> (prim attribute: omni:rtx:material:db:flattener:ior_constant)
2026-09-22T13:48:33Z [9,950ms] [Warning] [usdrt.population.plugin] [UsdNoticeHandler] Unhandled attribute type VtArray<std::string> (prim attribute: omni:rtx:material:db:flattener:reflection_roughness_constant)
2026-09-22T13:48:34Z [11,199ms] [Warning] [omni.syntheticdata.plugin] OgnSdPostRenderVarToHost : rendervar copy from texture directly to host buffer is counter-performant. Please use copy from texture to device buffer first.
2026-09-22T13:48:35Z [12,225ms] [Warning] [carb] Client gpu.foundation.plugin has acquired [gpu::unstable::IMemoryBudgetManagerFactory v0.1] 100 times. Consider accessing this interface with carb::getCachedInterface() (Performance warning)
2026-09-22T13:48:36Z [12,857ms] [Warning] [isaacsim.core.simulation_manager.plugin] No adjacent samples found for interpolation at time 111/30
2026-09-22T13:48:36Z [12,874ms] [Warning] [isaacsim.core.simulation_manager.plugin] No adjacent samples found for interpolation at time 112/30
2026-09-22T13:48:36Z [12,887ms] [Warning] [isaacsim.core.simulation_manager.plugin] No adjacent samples found for interpolation at time 113/30
2026-09-22T13:48:36Z [12,940ms] [Warning] [isaacsim.core.simulation_manager.plugin] No adjacent samples found for interpolation at time 118/30
2026-09-22T13:48:36Z [12,950ms] [Warning] [isaacsim.core.simulation_manager.plugin] No adjacent samples found for interpolation at time 119/30
2026-09-22T13:48:36Z [12,960ms] [Warning] [isaacsim.core.simulation_manager.plugin] No adjacent samples found for interpolation at time 120/30
2026-09-22T13:48:36Z [13,016ms] [Warning] [isaacsim.core.simulation_manager.plugin] No adjacent samples found for interpolation at time 125/30
2026-09-22T13:48:36Z [13,027ms] [Warning] [isaacsim.core.simulation_manager.plugin] No adjacent samples found for interpolation at time 126/30
2026-09-22T13:48:36Z [13,039ms] [Warning] [isaacsim.core.simulation_manager.plugin] No adjacent samples found for interpolation at time 127/30
[93m[Lula] CUDA not enabled in build. Creating 'BasicTree' instead of 'CudaTree'
[0m[93m[Lula] CUDA not enabled in build. Creating 'BasicTree' instead of 'CudaTree'
[0m2026-09-22T13:49:02Z [39,358ms] [Warning] [isaacsim.core.simulation_manager.plugin] No adjacent samples found for interpolation at time 1522/30
2026-09-22T13:49:02Z [39,631ms] [Warning] [isaacsim.core.simulation_manager.plugin] No adjacent samples found for interpolation at time 1526/30
2026-09-22T13:49:02Z [39,632ms] [Warning] [isaacsim.core.simulation_manager.plugin] No adjacent samples found for interpolation at time 1524/30
2026-09-22T13:49:02Z [39,632ms] [Warning] [isaacsim.core.simulation_manager.plugin] No adjacent samples found for interpolation at time 1525/30
2026-09-22T13:49:02Z [39,632ms] [Warning] [isaacsim.core.simulation_manager.plugin] No adjacent samples found for interpolation at time 1526/30
2026-09-22T13:49:04Z [40,938ms] [Warning] [isaacsim.core.simulation_manager.plugin] No adjacent samples found for interpolation at time 1587/30
2026-09-22T13:49:04Z [41,183ms] [Warning] [isaacsim.core.simulation_manager.plugin] No adjacent samples found for interpolation at time 1591/30
2026-09-22T13:49:04Z [41,183ms] [Warning] [isaacsim.core.simulation_manager.plugin] No adjacent samples found for interpolation at time 1589/30
2026-09-22T13:49:04Z [41,183ms] [Warning] [isaacsim.core.simulation_manager.plugin] No adjacent samples found for interpolation at time 1590/30
2026-09-22T13:49:04Z [41,183ms] [Warning] [isaacsim.core.simulation_manager.plugin] No adjacent samples found for interpolation at time 1591/30
2026-09-22T13:49:05Z [42,372ms] [Warning] [isaacsim.core.simulation_manager.plugin] No adjacent samples found for interpolation at time 1652/30
2026-09-22T13:49:05Z [42,589ms] [Warning] [isaacsim.core.simulation_manager.plugin] No adjacent samples found for interpolation at time 1656/30
2026-09-22T13:49:05Z [42,589ms] [Warning] [isaacsim.core.simulation_manager.plugin] No adjacent samples found for interpolation at time 1654/30
2026-09-22T13:49:05Z [42,589ms] [Warning] [isaacsim.core.simulation_manager.plugin] No adjacent samples found for interpolation at time 1655/30
2026-09-22T13:49:05Z [42,590ms] [Warning] [isaacsim.core.simulation_manager.plugin] No adjacent samples found for interpolation at time 1656/30
2026-09-22T13:49:07Z [43,725ms] [Warning] [isaacsim.core.simulation_manager.plugin] No adjacent samples found for interpolation at time 1717/30
2026-09-22T13:49:07Z [43,943ms] [Warning] [isaacsim.core.simulation_manager.plugin] No adjacent samples found for interpolation at time 1721/30
2026-09-22T13:49:07Z [43,944ms] [Warning] [isaacsim.core.simulation_manager.plugin] No adjacent samples found for interpolation at time 1719/30
2026-09-22T13:49:07Z [43,944ms] [Warning] [isaacsim.core.simulation_manager.plugin] No adjacent samples found for interpolation at time 1720/30
2026-09-22T13:49:07Z [43,944ms] [Warning] [isaacsim.core.simulation_manager.plugin] No adjacent samples found for interpolation at time 1721/30
2026-09-22T13:49:08Z [45,167ms] [Warning] [isaacsim.core.simulation_manager.plugin] No adjacent samples found for interpolation at time 1782/30
2026-09-22T13:49:08Z [45,381ms] [Warning] [isaacsim.core.simulation_manager.plugin] No adjacent samples found for interpolation at time 1785/30
2026-09-22T13:49:08Z [45,382ms] [Warning] [isaacsim.core.simulation_manager.plugin] No adjacent samples found for interpolation at time 1784/30
2026-09-22T13:49:08Z [45,382ms] [Warning] [isaacsim.core.simulation_manager.plugin] No adjacent samples found for interpolation at time 1785/30
2026-09-22T13:49:09Z [46,584ms] [Warning] [isaacsim.core.simulation_manager.plugin] No adjacent samples found for interpolation at time 1846/30
2026-09-22T13:49:10Z [46,807ms] [Warning] [isaacsim.core.simulation_manager.plugin] No adjacent samples found for interpolation at time 1850/30
2026-09-22T13:49:10Z [46,808ms] [Warning] [isaacsim.core.simulation_manager.plugin] No adjacent samples found for interpolation at time 1848/30
2026-09-22T13:49:10Z [46,808ms] [Warning] [isaacsim.core.simulation_manager.plugin] No adjacent samples found for interpolation at time 1849/30
2026-09-22T13:49:10Z [46,808ms] [Warning] [isaacsim.core.simulation_manager.plugin] No adjacent samples found for interpolation at time 1850/30
2026-09-22T13:49:11Z [48,009ms] [Warning] [isaacsim.core.simulation_manager.plugin] No adjacent samples found for interpolation at time 1911/30
2026-09-22T13:49:11Z [48,228ms] [Warning] [isaacsim.core.simulation_manager.plugin] No adjacent samples found for interpolation at time 1915/30
2026-09-22T13:49:11Z [48,228ms] [Warning] [isaacsim.core.simulation_manager.plugin] No adjacent samples found for interpolation at time 1913/30
2026-09-22T13:49:11Z [48,228ms] [Warning] [isaacsim.core.simulation_manager.plugin] No adjacent samples found for interpolation at time 1914/30
2026-09-22T13:49:11Z [48,228ms] [Warning] [isaacsim.core.simulation_manager.plugin] No adjacent samples found for interpolation at time 1915/30
2026-09-22T13:49:12Z [49,393ms] [Warning] [isaacsim.core.simulation_manager.plugin] No adjacent samples found for interpolation at time 1976/30
2026-09-22T13:49:12Z [49,613ms] [Warning] [isaacsim.core.simulation_manager.plugin] No adjacent samples found for interpolation at time 1980/30
2026-09-22T13:49:12Z [49,614ms] [Warning] [isaacsim.core.simulation_manager.plugin] No adjacent samples found for interpolation at time 1978/30
2026-09-22T13:49:12Z [49,614ms] [Warning] [isaacsim.core.simulation_manager.plugin] No adjacent samples found for interpolation at time 1979/30
2026-09-22T13:49:12Z [49,614ms] [Warning] [isaacsim.core.simulation_manager.plugin] No adjacent samples found for interpolation at time 1980/30
2026-09-22T13:49:14Z [50,837ms] [Warning] [isaacsim.core.simulation_manager.plugin] No adjacent samples found for interpolation at time 2041/30
2026-09-22T13:49:14Z [51,054ms] [Warning] [isaacsim.core.simulation_manager.plugin] No adjacent samples found for interpolation at time 2045/30
2026-09-22T13:49:14Z [51,054ms] [Warning] [isaacsim.core.simulation_manager.plugin] No adjacent samples found for interpolation at time 2043/30
2026-09-22T13:49:14Z [51,054ms] [Warning] [isaacsim.core.simulation_manager.plugin] No adjacent samples found for interpolation at time 2044/30
2026-09-22T13:49:14Z [51,055ms] [Warning] [isaacsim.core.simulation_manager.plugin] No adjacent samples found for interpolation at time 2045/30
2026-09-22T13:49:15Z [52,225ms] [Warning] [isaacsim.core.simulation_manager.plugin] No adjacent samples found for interpolation at time 2106/30
2026-09-22T13:49:15Z [52,447ms] [Warning] [isaacsim.core.simulation_manager.plugin] No adjacent samples found for interpolation at time 2110/30
2026-09-22T13:49:15Z [52,447ms] [Warning] [isaacsim.core.simulation_manager.plugin] No adjacent samples found for interpolation at time 2108/30
2026-09-22T13:49:15Z [52,448ms] [Warning] [isaacsim.core.simulation_manager.plugin] No adjacent samples found for interpolation at time 2109/30
2026-09-22T13:49:15Z [52,448ms] [Warning] [isaacsim.core.simulation_manager.plugin] No adjacent samples found for interpolation at time 2110/30
2026-09-22T13:49:16Z [53,581ms] [Warning] [isaacsim.core.simulation_manager.plugin] No adjacent samples found for interpolation at time 2171/30
2026-09-22T13:49:17Z [53,800ms] [Warning] [isaacsim.core.simulation_manager.plugin] No adjacent samples found for interpolation at time 2175/30
2026-09-22T13:49:17Z [53,801ms] [Warning] [isaacsim.core.simulation_manager.plugin] No adjacent samples found for interpolation at time 2173/30
2026-09-22T13:49:17Z [53,801ms] [Warning] [isaacsim.core.simulation_manager.plugin] No adjacent samples found for interpolation at time 2174/30
2026-09-22T13:49:17Z [53,801ms] [Warning] [isaacsim.core.simulation_manager.plugin] No adjacent samples found for interpolation at time 2175/30
2026-09-22T13:49:18Z [54,966ms] [Warning] [isaacsim.core.simulation_manager.plugin] No adjacent samples found for interpolation at time 2236/30
2026-09-22T13:49:18Z [55,191ms] [Warning] [isaacsim.core.simulation_manager.plugin] No adjacent samples found for interpolation at time 2240/30
2026-09-22T13:49:18Z [55,191ms] [Warning] [isaacsim.core.simulation_manager.plugin] No adjacent samples found for interpolation at time 2238/30
2026-09-22T13:49:18Z [55,191ms] [Warning] [isaacsim.core.simulation_manager.plugin] No adjacent samples found for interpolation at time 2239/30
2026-09-22T13:49:18Z [55,191ms] [Warning] [isaacsim.core.simulation_manager.plugin] No adjacent samples found for interpolation at time 2240/30
2026-09-22T13:49:19Z [56,422ms] [Warning] [isaacsim.core.simulation_manager.plugin] No adjacent samples found for interpolation at time 2301/30
2026-09-22T13:49:19Z [56,648ms] [Warning] [isaacsim.core.simulation_manager.plugin] No adjacent samples found for interpolation at time 2305/30
2026-09-22T13:49:19Z [56,649ms] [Warning] [isaacsim.core.simulation_manager.plugin] No adjacent samples found for interpolation at time 2303/30
2026-09-22T13:49:19Z [56,649ms] [Warning] [isaacsim.core.simulation_manager.plugin] No adjacent samples found for interpolation at time 2304/30
2026-09-22T13:49:19Z [56,649ms] [Warning] [isaacsim.core.simulation_manager.plugin] No adjacent samples found for interpolation at time 2305/30
2026-09-22T13:49:21Z [58,050ms] [Warning] [isaacsim.core.simulation_manager.plugin] No adjacent samples found for interpolation at time 2366/30
2026-09-22T13:49:21Z [58,299ms] [Warning] [isaacsim.core.simulation_manager.plugin] No adjacent samples found for interpolation at time 2369/30
2026-09-22T13:49:21Z [58,299ms] [Warning] [isaacsim.core.simulation_manager.plugin] No adjacent samples found for interpolation at time 2368/30
2026-09-22T13:49:21Z [58,300ms] [Warning] [isaacsim.core.simulation_manager.plugin] No adjacent samples found for interpolation at time 2369/30
2026-09-22T13:49:22Z [59,660ms] [Warning] [isaacsim.core.simulation_manager.plugin] No adjacent samples found for interpolation at time 2430/30
2026-09-22T13:49:23Z [59,885ms] [Warning] [isaacsim.core.simulation_manager.plugin] No adjacent samples found for interpolation at time 2433/30
2026-09-22T13:49:23Z [59,885ms] [Warning] [isaacsim.core.simulation_manager.plugin] No adjacent samples found for interpolation at time 2432/30
2026-09-22T13:49:23Z [59,886ms] [Warning] [isaacsim.core.simulation_manager.plugin] No adjacent samples found for interpolation at time 2433/30
2026-09-22T13:49:24Z [61,107ms] [Warning] [isaacsim.core.simulation_manager.plugin] No adjacent samples found for interpolation at time 2494/30
2026-09-22T13:49:24Z [61,334ms] [Warning] [isaacsim.core.simulation_manager.plugin] No adjacent samples found for interpolation at time 2497/30
2026-09-22T13:49:24Z [61,334ms] [Warning] [isaacsim.core.simulation_manager.plugin] No adjacent samples found for interpolation at time 2496/30
2026-09-22T13:49:24Z [61,335ms] [Warning] [isaacsim.core.simulation_manager.plugin] No adjacent samples found for interpolation at time 2497/30
2026-09-22T13:49:26Z [62,880ms] [Warning] [isaacsim.core.simulation_manager.plugin] No adjacent samples found for interpolation at time 2558/30
2026-09-22T13:49:26Z [63,136ms] [Warning] [isaacsim.core.simulation_manager.plugin] No adjacent samples found for interpolation at time 2562/30
2026-09-22T13:49:26Z [63,136ms] [Warning] [isaacsim.core.simulation_manager.plugin] No adjacent samples found for interpolation at time 2560/30
2026-09-22T13:49:26Z [63,136ms] [Warning] [isaacsim.core.simulation_manager.plugin] No adjacent samples found for interpolation at time 2561/30
2026-09-22T13:49:26Z [63,136ms] [Warning] [isaacsim.core.simulation_manager.plugin] No adjacent samples found for interpolation at time 2562/30
2026-09-22T13:49:27Z [64,520ms] [Warning] [isaacsim.core.simulation_manager.plugin] No adjacent samples found for interpolation at time 2623/30
2026-09-22T13:49:28Z [64,768ms] [Warning] [isaacsim.core.simulation_manager.plugin] No adjacent samples found for interpolation at time 2627/30
2026-09-22T13:49:28Z [64,768ms] [Warning] [isaacsim.core.simulation_manager.plugin] No adjacent samples found for interpolation at time 2625/30
2026-09-22T13:49:28Z [64,768ms] [Warning] [isaacsim.core.simulation_manager.plugin] No adjacent samples found for interpolation at time 2626/30
2026-09-22T13:49:28Z [64,769ms] [Warning] [isaacsim.core.simulation_manager.plugin] No adjacent samples found for interpolation at time 2627/30
2026-09-22T13:49:29Z [66,185ms] [Warning] [isaacsim.core.simulation_manager.plugin] No adjacent samples found for interpolation at time 2688/30
2026-09-22T13:49:29Z [66,438ms] [Warning] [isaacsim.core.simulation_manager.plugin] No adjacent samples found for interpolation at time 2691/30
2026-09-22T13:49:29Z [66,438ms] [Warning] [isaacsim.core.simulation_manager.plugin] No adjacent samples found for interpolation at time 2690/30
2026-09-22T13:49:29Z [66,438ms] [Warning] [isaacsim.core.simulation_manager.plugin] No adjacent samples found for interpolation at time 2691/30
2026-09-22T13:49:31Z [67,860ms] [Warning] [isaacsim.core.simulation_manager.plugin] No adjacent samples found for interpolation at time 2752/30
2026-09-22T13:49:31Z [68,105ms] [Warning] [isaacsim.core.simulation_manager.plugin] No adjacent samples found for interpolation at time 2755/30
2026-09-22T13:49:31Z [68,106ms] [Warning] [isaacsim.core.simulation_manager.plugin] No adjacent samples found for interpolation at time 2754/30
2026-09-22T13:49:31Z [68,106ms] [Warning] [isaacsim.core.simulation_manager.plugin] No adjacent samples found for interpolation at time 2755/30
2026-09-22T13:49:32Z [69,413ms] [Warning] [isaacsim.core.simulation_manager.plugin] No adjacent samples found for interpolation at time 2816/30
2026-09-22T13:49:32Z [69,640ms] [Warning] [isaacsim.core.simulation_manager.plugin] No adjacent samples found for interpolation at time 2819/30
2026-09-22T13:49:32Z [69,640ms] [Warning] [isaacsim.core.simulation_manager.plugin] No adjacent samples found for interpolation at time 2818/30
2026-09-22T13:49:32Z [69,641ms] [Warning] [isaacsim.core.simulation_manager.plugin] No adjacent samples found for interpolation at time 2819/30
2026-09-22T13:49:34Z [70,961ms] [Warning] [isaacsim.core.simulation_manager.plugin] No adjacent samples found for interpolation at time 2880/30
2026-09-22T13:49:34Z [71,183ms] [Warning] [isaacsim.core.simulation_manager.plugin] No adjacent samples found for interpolation at time 2884/30
2026-09-22T13:49:34Z [71,183ms] [Warning] [isaacsim.core.simulation_manager.plugin] No adjacent samples found for interpolation at time 2882/30
2026-09-22T13:49:34Z [71,183ms] [Warning] [isaacsim.core.simulation_manager.plugin] No adjacent samples found for interpolation at time 2883/30
2026-09-22T13:49:34Z [71,184ms] [Warning] [isaacsim.core.simulation_manager.plugin] No adjacent samples found for interpolation at time 2884/30
2026-09-22T13:49:35Z [72,442ms] [Warning] [isaacsim.core.simulation_manager.plugin] No adjacent samples found for interpolation at time 2945/30
2026-09-22T13:49:35Z [72,698ms] [Warning] [isaacsim.core.simulation_manager.plugin] No adjacent samples found for interpolation at time 2949/30
2026-09-22T13:49:35Z [72,699ms] [Warning] [isaacsim.core.simulation_manager.plugin] No adjacent samples found for interpolation at time 2947/30
2026-09-22T13:49:35Z [72,699ms] [Warning] [isaacsim.core.simulation_manager.plugin] No adjacent samples found for interpolation at time 2948/30
2026-09-22T13:49:35Z [72,699ms] [Warning] [isaacsim.core.simulation_manager.plugin] No adjacent samples found for interpolation at time 2949/30
2026-09-22T13:49:37Z [74,046ms] [Warning] [isaacsim.core.simulation_manager.plugin] No adjacent samples found for interpolation at time 3010/30
2026-09-22T13:49:37Z [74,273ms] [Warning] [isaacsim.core.simulation_manager.plugin] No adjacent samples found for interpolation at time 3013/30
2026-09-22T13:49:37Z [74,273ms] [Warning] [isaacsim.core.simulation_manager.plugin] No adjacent samples found for interpolation at time 3012/30
2026-09-22T13:49:37Z [74,274ms] [Warning] [isaacsim.core.simulation_manager.plugin] No adjacent samples found for interpolation at time 3013/30
2026-09-22T13:49:38Z [75,588ms] [Warning] [isaacsim.core.simulation_manager.plugin] No adjacent samples found for interpolation at time 3074/30
2026-09-22T13:49:39Z [75,809ms] [Warning] [isaacsim.core.simulation_manager.plugin] No adjacent samples found for interpolation at time 3077/30
2026-09-22T13:49:39Z [75,809ms] [Warning] [isaacsim.core.simulation_manager.plugin] No adjacent samples found for interpolation at time 3076/30
2026-09-22T13:49:39Z [75,809ms] [Warning] [isaacsim.core.simulation_manager.plugin] No adjacent samples found for interpolation at time 3077/30
2026-09-22T13:49:40Z [76,981ms] [Warning] [isaacsim.core.simulation_manager.plugin] No adjacent samples found for interpolation at time 3138/30
2026-09-22T13:49:40Z [77,212ms] [Warning] [isaacsim.core.simulation_manager.plugin] No adjacent samples found for interpolation at time 3142/30
2026-09-22T13:49:40Z [77,212ms] [Warning] [isaacsim.core.simulation_manager.plugin] No adjacent samples found for interpolation at time 3140/30
2026-09-22T13:49:40Z [77,212ms] [Warning] [isaacsim.core.simulation_manager.plugin] No adjacent samples found for interpolation at time 3141/30
2026-09-22T13:49:40Z [77,212ms] [Warning] [isaacsim.core.simulation_manager.plugin] No adjacent samples found for interpolation at time 3142/30
2026-09-22T13:49:41Z [78,385ms] [Warning] [isaacsim.core.simulation_manager.plugin] No adjacent samples found for interpolation at time 3203/30
2026-09-22T13:49:41Z [78,626ms] [Warning] [isaacsim.core.simulation_manager.plugin] No adjacent samples found for interpolation at time 3207/30
A0509_VLA_VALIDATION_REPORT={
  "status": "complete",
  "phase": "complete",
  "terminal_reason": "requested_episodes_completed",
  "config": {
    "episode_count": 1,
    "seed": 20260922,
    "x_min_m": 0.380488163954,
    "x_max_m": 0.8604881639539999,
    "y_min_m": -0.387011836046,
    "y_max_m": 0.38798816395399993,
    "min_spacing_m": 0.1,
    "settle_steps": 60,
    "max_layout_attempts": 200,
    "policy_hold_steps": 12,
    "actions_per_inference": 5,
    "apply_policy_motion_limits": false,
    "continuous_gripper": true,
    "gripper_full_travel_duration_s": 0.6,
    "lock_end_effector_orientation": true,
    "max_policy_steps": 500,
    "max_consecutive_ik_failures": 5,
    "stagnation_policy_steps": 25,
    "minimum_wrist_progress_m": 0.01,
    "success_lift_m": 0.1,
    "success_hold_physics_steps": 12,
    "maximum_target_wrist_xy_m": 0.12,
    "minimum_target_wrist_z_m": 0.12,
    "maximum_target_wrist_z_m": 0.4,
    "wrong_cube_lift_failure_m": 0.05,
    "target_fall_failure_m": 0.05,
    "workspace_margin_m": 0.15,
    "layout_manifest_path": "/home/ubuntu/a0509_vla_linux_field_bundle_20260903/lhj/phase9_sim_policy_shadow_replay/00_inputs/vla_layout_manifest.json"
  },
  "criteria": {
    "success": "target lift threshold, wrist-relative grasp geometry, and sustained hold must all pass",
    "reachable_layout_filter": "pregrasp/grasp/lift IK must all pass",
    "denominator": "accepted reachable held-out layouts only",
    "stagnation_failure": "after the configured policy calls, wrist displacement from reset must reach the minimum progress threshold"
  },
  "gripper_control": {
    "mode": "continuous_slew_limited",
    "full_travel_duration_s": 0.6,
    "physics_hz": 60.0,
    "max_delta_per_physics_step": 0.027777777777777776
  },
  "arm_control": {
    "mode": "dataset_timed_direct_joint_target",
    "motion_speed_scale": 1.7126963727221802,
    "motion_limits_applied_to_policy_actions": false,
    "velocity_limits_rad_s": null,
    "acceleration_limits_rad_s2": null,
    "jerk_limits_rad_s3": null
  },
  "timing": {
    "physics_hz": 60.0,
    "physics_steps_per_policy_action": 12,
    "actions_per_inference": 5,
    "policy_period_seconds": 0.2,
    "policy_hz": 5.0,
    "policy_image_hz": 1.0,
    "policy_image_refresh": "replicator_step_before_each_inference"
  },
  "layout_source": "fixed_manifest",
  "target_schedule": [
    "red"
  ],
  "server": {
    "status": "ready",
    "checkpoint": "/home/ubuntu/a0509_vla_linux_field_bundle_20260903/runtime_state/oft_mixed480_step28560_merged",
    "variant": "oftplus_h5_vision",
    "chunk_size": 5,
    "action_dim": 7,
    "action_head_type": "l1",
    "use_film": true,
    "requires_proprio": false,
    "proprio_dim": 0,
    "continuous_gripper": true,
    "bounded_gripper": true,
    "gripper_loss_weight": 3.0,
    "instruction_normalization": "lower_whitespace_strip_terminal_punctuation",
    "center_crop": true,
    "gpu": "NVIDIA GeForce RTX 3090",
    "model_load_seconds": 40.0814484229777,
    "peak_vram_gb": 15.752367973327637,
    "request_count": 147
  },
  "counters": {
    "requested": 1,
    "completed": 1,
    "successes": 0,
    "failures": 1,
    "layout_rejections": 0,
    "home_reset_fallbacks": 0
  },
  "success_rate": 0.0,
  "results": [
    {
      "episode_index": 0,
      "episode_number": 1,
      "target_color": "red",
      "instruction": "Pick up the orange cube.",
      "success": false,
      "reason": "consecutive_ik_failures",
      "policy_steps": 140,
      "wall_seconds": 43.227665552985854,
      "sampled_layout_m": {
        "blue": [
          0.6605,
          0.19425,
          0.8605289459228516
        ],
        "red": [
          0.4804999999999999,
          -0.18825,
          0.8605289459228516
        ],
        "yellow": [
          0.7405,
          -0.19325,
          0.8605289459228516
        ]
      },
      "initial_cube_positions_m": {
        "red": [
          0.4805750250816345,
          -0.18682917952537537,
          0.8605289459228516
        ],
        "yellow": [
          0.739058792591095,
          -0.1931675523519516,
          0.8605289459228516
        ],
        "blue": [
          0.660206139087677,
          0.19284309446811676,
          0.8605288863182068
        ]
      },
      "final_cube_positions_m": {
        "red": [
          0.4805750250816345,
          -0.18682917952537537,
          0.8605289459228516
        ],
        "yellow": [
          0.7390589714050293,
          -0.19316764175891876,
          0.8605288863182068
        ],
        "blue": [
          0.660206139087677,
          0.19284309446811676,
          0.8605288863182068
        ]
      },
      "final_scene_state": {
        "success_condition": false,
        "failure_reason": null,
        "target_lift_m": 0.0,
        "target_wrist_xy_m": 0.4552023401519936,
        "target_wrist_z_m": 0.22978137444173252,
        "wrong_cube_lifts_m": {
          "yellow": -5.960464477539063e-08,
          "blue": 0.0
        },
        "target_position_m": [
          0.4805750250816345,
          -0.18682917952537537,
          0.8605289459228516
        ],
        "end_effector_position_m": [
          0.7794979320630532,
          0.15646991188272816,
          1.090310320364584
        ],
        "wrist_progress_from_reset_m": 0.6705937667142694
      },
      "initial_frame": "/home/ubuntu/a0509_vla_linux_field_bundle_20260903/lhj/phase9_sim_policy_shadow_replay/01_sim_policy_rollout/phase9_fixed_layout_sim_policy_k5_rotlock_k5_seed20260922_1ep_frames/episode_001_red_initial.jpg",
      "actions": [
        {
          "policy_step": 0,
          "raw_action": [
            0.004800382790215479,
            0.0018013573723251759,
            -0.004155831992566677,
            -0.009356105264965053,
            0.008707147584351628,
            0.024898682987267974,
            0.00150299072265625
          ],
          "clipped_action": [
            0.004800382790215479,
            0.0018013573723251759,
            -0.004155831992566677,
            0.0,
            0.0,
            0.0,
            0.00150299072265625
          ],
          "rotation_delta_before_lock": [
            0.0,
            0.0,
            0.0
          ],
          "end_effector_orientation_locked": true,
          "action_was_clipped": true,
          "ik_success": true,
          "current_position_m": [
            0.3097347953882841,
            -0.011927719362175123,
            1.5382633202972245
          ],
          "current_quaternion_wxyz": [
            0.14401941270426505,
            0.7115740813973535,
            0.6702727555417903,
            0.1538023687276839
          ],
          "target_position_m": [
            0.3145351781784996,
            -0.010126361989849947,
            1.5341074883046577
          ],
          "target_quaternion_wxyz": [
            0.14401882061382038,
            0.7115745070491394,
            0.6702725303982696,
            0.1538019350342488
          ],
          "inference_seconds": 0.2159049150068313,
          "server_request_index": 148,
          "chunk_index": 0,
          "chunk_size": 5,
          "executed_from_chunk": 5,
          "variant": "oftplus_h5_vision",
          "proprio_state": null,
          "gripper_target_closedness": 0.00150299072265625,
          "gripper_command_at_policy_step": 0.0,
          "gripper_measured_at_policy_step": 0.00012424793736698359
        },
        {
          "policy_step": 1,
          "raw_action": [
            0.003236487993106973,
            0.0015626162646573821,
            -0.002870154786431295,
            -0.006659113067049721,
            0.006005623085118364,
            0.01836878328707496,
            0.0021820068359375
          ],
          "clipped_action": [
            0.003236487993106973,
            0.0015626162646573821,
            -0.002870154786431295,
            0.0,
            0.0,
            0.0,
            0.0021820068359375
          ],
          "rotation_delta_before_lock": [
            0.0,
            0.0,
            0.0
          ],
          "end_effector_orientation_locked": true,
          "action_was_clipped": true,
          "ik_success": true,
          "current_position_m": [
            0.3152497310497683,
            -0.010461351114231547,
            1.533675514736754
          ],
          "current_quaternion_wxyz": [
            0.1433342013286649,
            0.71212036883757,
            0.6699653238996758,
            0.1532525751435174
          ],
          "target_position_m": [
            0.3184862190428753,
            -0.008898734849574165,
            1.5308053599503226
          ],
          "target_quaternion_wxyz": [
            0.14401882061382038,
            0.7115745070491394,
            0.6702725303982696,
            0.1538019350342488
          ],
          "inference_seconds": null,
          "server_request_index": 148,
          "chunk_index": 1,
          "chunk_size": 5,
          "executed_from_chunk": 5,
          "variant": "oftplus_h5_vision",
          "proprio_state": null,
          "gripper_target_closedness": 0.0021820068359375,
          "gripper_command_at_policy_step": 0.00150299072265625,
          "gripper_measured_at_policy_step": 0.0014939022989108874
        },
        {
          "policy_step": 2,
          "raw_action": [
            0.0024529686654513154,
            0.0015650277909974603,
            -0.002548735484897452,
            -0.005760115667744609,
            0.004896211247328593,
            0.014825965364629821,
            0.00164794921875
          ],
          "clipped_action": [
            0.0024529686654513154,
            0.0015650277909974603,
            -0.002548735484897452,
            0.0,
            0.0,
            0.0,
            0.00164794921875
          ],
          "rotation_delta_before_lock": [
            0.0,
            0.0,
            0.0
          ],
          "end_effector_orientation_locked": true,
          "action_was_clipped": true,
          "ik_success": true,
          "current_position_m": [
            0.31920870484302477,
            -0.009229821406521982,
            1.5303604712779255
          ],
          "current_quaternion_wxyz": [
            0.1434054169127327,
            0.712115829484249,
            0.6699510651354114,
            0.15326937763941323
          ],
          "target_position_m": [
            0.3216616735084761,
            -0.007664793615524522,
            1.527811735793028
          ],
          "target_quaternion_wxyz": [
            0.14401882061382038,
            0.7115745070491394,
            0.6702725303982696,
            0.1538019350342488
          ],
          "inference_seconds": null,
          "server_request_index": 148,
          "chunk_index": 2,
          "chunk_size": 5,
          "executed_from_chunk": 5,
          "variant": "oftplus_h5_vision",
          "proprio_state": null,
          "gripper_target_closedness": 0.00164794921875,
          "gripper_command_at_policy_step": 0.0021820068359375,
          "gripper_measured_at_policy_step": 0.002175212934099391
        },
        {
          "policy_step": 3,
          "raw_action": [
            0.003394379538403611,
            0.002182378534057613,
            -0.003573259508536583,
            -0.0074176421227134075,
            0.006795012277391853,
            0.02045279382968975,
            0.0013275146484375
          ],
          "clipped_action": [
            0.003394379538403611,
            0.002182378534057613,
            -0.003573259508536583,
            0.0,
            0.0,
            0.0,
            0.0013275146484375
          ],
          "rotation_delta_before_lock": [
            0.0,
            0.0,
            0.0
          ],
          "end_effector_orientation_locked": true,
          "action_was_clipped": true,
          "ik_success": true,
          "current_position_m": [
            0.32238772535189203,
            -0.007990130226690782,
            1.5273589644875485
          ],
          "current_quaternion_wxyz": [
            0.14376489319768948,
            0.7118668280386038,
            0.6701314417525979,
            0.15330076776291265
          ],
          "target_position_m": [
            0.32578210489029563,
            -0.0058077516926331695,
            1.523785704979012
          ],
          "target_quaternion_wxyz": [
            0.14401882061382038,
            0.7115745070491394,
            0.6702725303982696,
            0.1538019350342488
          ],
          "inference_seconds": null,
          "server_request_index": 148,
          "chunk_index": 3,
          "chunk_size": 5,
          "executed_from_chunk": 5,
          "variant": "oftplus_h5_vision",
          "proprio_state": null,
          "gripper_target_closedness": 0.0013275146484375,
          "gripper_command_at_policy_step": 0.00164794921875,
          "gripper_measured_at_policy_step": 0.0016437488897094177
        },
        {
          "policy_step": 4,
          "raw_action": [
            0.005258687452669435,
            0.0029926513843240646,
            -0.005280799547935136,
            -0.010802929204471717,
            0.010352597353381166,
            0.03137648242389561,
            0.0006866455078125
          ],
          "clipped_action": [
            0.005258687452669435,
            0.0029926513843240646,
            -0.005280799547935136,
            0.0,
            0.0,
            0.0,
            0.0006866455078125
          ],
          "rotation_delta_before_lock": [
            0.0,
            0.0,
            0.0
          ],
          "end_effector_orientation_locked": true,
          "action_was_clipped": true,
          "ik_success": true,
          "current_position_m": [
            0.3265050661971831,
            -0.006129765652386149,
            1.523328202146356
          ],
          "current_quaternion_wxyz": [
            0.14375724288400688,
            0.7122609614794742,
            0.6696963428519931,
            0.1533785716499845
          ],
          "target_position_m": [
            0.33176375364985256,
            -0.0031371142680620846,
            1.5180474025984207
          ],
          "target_quaternion_wxyz": [
            0.14401882061382038,
            0.7115745070491394,
            0.6702725303982696,
            0.1538019350342488
          ],
          "inference_seconds": null,
          "server_request_index": 148,
          "chunk_index": 4,
          "chunk_size": 5,
          "executed_from_chunk": 5,
          "variant": "oftplus_h5_vision",
          "proprio_state": null,
          "gripper_target_closedness": 0.0006866455078125,
          "gripper_command_at_policy_step": 0.0013275146484375,
          "gripper_measured_at_policy_step": 0.0013207405291755236
        },
        {
          "policy_step": 5,
          "raw_action": [
            0.004778026465217725,
            0.0017338346348029707,
            -0.0034125498577696617,
            -0.008541388871844798,
            0.007573734048148134,
            0.02135586506482283,
            0.00180816650390625
          ],
          "clipped_action": [
            0.004778026465217725,
            0.0017338346348029707,
            -0.0034125498577696617,
            0.0,
            0.0,
            0.0,
            0.00180816650390625
          ],
          "rotation_delta_before_lock": [
            0.0,
            0.0,
            0.0
          ],
          "end_effector_orientation_locked": true,
          "action_was_clipped": true,
          "ik_success": true,
          "current_position_m": [
            0.33249408018539545,
            -0.0034598414095152953,
            1.517574950022046
          ],
          "current_quaternion_wxyz": [
            0.14392390724109927,
            0.7120947732887318,
            0.6698577260301251,
            0.15328917005801493
          ],
          "target_position_m": [
            0.3372721066506132,
            -0.0017260067747123247,
            1.5141624001642762
          ],
          "target_quaternion_wxyz": [
            0.14401882061382038,
            0.7115745070491394,
            0.6702725303982696,
            0.1538019350342488
          ],
          "inference_seconds": 0.1988498109858483,
          "server_request_index": 149,
          "chunk_index": 0,
          "chunk_size": 5,
          "executed_from_chunk": 5,
          "variant": "oftplus_h5_vision",
          "proprio_state": null,
          "gripper_target_closedness": 0.00180816650390625,
          "gripper_command_at_policy_step": 0.0006866455078125,
          "gripper_measured_at_policy_step": 0.0006813072952731591
        },
        {
          "policy_step": 6,
          "raw_action": [
            0.0034701814528491203,
            0.0016904271606815544,
            -0.0025889128975891823,
            -0.006518644723408299,
            0.0057282701256709204,
            0.017604646088116203,
            0.00262451171875
          ],
          "clipped_action": [
            0.0034701814528491203,
            0.0016904271606815544,
            -0.0025889128975891823,
            0.0,
            0.0,
            0.0,
            0.00262451171875
          ],
          "rotation_delta_before_lock": [
            0.0,
            0.0,
            0.0
          ],
          "end_effector_orientation_locked": true,
          "action_was_clipped": true,
          "ik_success": true,
          "current_position_m": [
            0.3380068298223906,
            -0.0020449425458899093,
            1.5136724707697042
          ],
          "current_quaternion_wxyz": [
            0.14339190852141465,
            0.7119998032030681,
            0.6701044538318748,
            0.15315045466489283
          ],
          "target_position_m": [
            0.3414770112752397,
            -0.0003545153852083549,
            1.5110835578721151
          ],
          "target_quaternion_wxyz": [
            0.14401882061382038,
            0.7115745070491394,
            0.6702725303982696,
            0.1538019350342488
          ],
          "inference_seconds": null,
          "server_request_index": 149,
          "chunk_index": 1,
          "chunk_size": 5,
          "executed_from_chunk": 5,
          "variant": "oftplus_h5_vision",
          "proprio_state": null,
          "gripper_target_closedness": 0.00262451171875,
          "gripper_command_at_policy_step": 0.00180816650390625,
          "gripper_measured_at_policy_step": 0.0017979309476655603
        },
        {
          "policy_step": 7,
          "raw_action": [
            0.0030985075497614607,
            0.0017675960035640724,
            -0.0026290903102809127,
            -0.006490551054680015,
            0.0055149216953267344,
            0.016771041871070293,
            0.00154876708984375
          ],
          "clipped_action": [
            0.0030985075497614607,
            0.0017675960035640724,
            -0.0026290903102809127,
            0.0,
            0.0,
            0.0,
            0.00154876708984375
          ],
          "rotation_delta_before_lock": [
            0.0,
            0.0,
            0.0
          ],
          "end_effector_orientation_locked": true,
          "action_was_clipped": true,
          "ik_success": true,
          "current_position_m": [
            0.3422269721572105,
            -0.0006761445002267603,
            1.5105737011926603
          ],
          "current_quaternion_wxyz": [
            0.14351804617126693,
            0.7119509227582086,
            0.6701359250116932,
            0.15312183389588688
          ],
          "target_position_m": [
            0.34532547970697197,
            0.0010914515033373122,
            1.5079446108823795
          ],
          "target_quaternion_wxyz": [
            0.14401882061382038,
            0.7115745070491394,
            0.6702725303982696,
            0.1538019350342488
          ],
          "inference_seconds": null,
          "server_request_index": 149,
          "chunk_index": 2,
          "chunk_size": 5,
          "executed_from_chunk": 5,
          "variant": "oftplus_h5_vision",
          "proprio_state": null,
          "gripper_target_closedness": 0.00154876708984375,
          "gripper_command_at_policy_step": 0.00262451171875,
          "gripper_measured_at_policy_step": 0.0026182976776156774
        },
        {
          "policy_step": 8,
          "raw_action": [
            0.0039228970340536365,
            0.0024814078002273754,
            -0.0036134369212283135,
            -0.0075862041350831175,
            0.006773677434357435,
            0.020730661902038393,
            0.00124359130859375
          ],
          "clipped_action": [
            0.0039228970340536365,
            0.0024814078002273754,
            -0.0036134369212283135,
            0.0,
            0.0,
            0.0,
            0.00124359130859375
          ],
          "rotation_delta_before_lock": [
            0.0,
            0.0,
            0.0
          ],
          "end_effector_orientation_locked": true,
          "action_was_clipped": true,
          "ik_success": true,
          "current_position_m": [
            0.34607652236422887,
            0.0007740908688106091,
            1.5074271589872845
          ],
          "current_quaternion_wxyz": [
            0.14388492920830057,
            0.711919012649073,
            0.6700809811797038,
            0.15316633192949625
          ],
          "target_position_m": [
            0.3499994193982825,
            0.0032554986690379846,
            1.5038137220660561
          ],
          "target_quaternion_wxyz": [
            0.14401882061382038,
            0.7115745070491394,
            0.6702725303982696,
            0.1538019350342488
          ],
          "inference_seconds": null,
          "server_request_index": 149,
          "chunk_index": 3,
          "chunk_size": 5,
          "executed_from_chunk": 5,
          "variant": "oftplus_h5_vision",
          "proprio_state": null,
          "gripper_target_closedness": 0.00124359130859375,
          "gripper_command_at_policy_step": 0.00154876708984375,
          "gripper_measured_at_policy_step": 0.001546730769091731
        },
        {
          "policy_step": 9,
          "raw_action": [
            0.005370469077658204,
            0.003349557282655716,
            -0.005320976960626866,
            -0.009833697633345895,
            0.009420531398315002,
            0.02934457214484619,
            0.000518798828125
          ],
          "clipped_action": [
            0.005370469077658204,
            0.003349557282655716,
            -0.005320976960626866,
            0.0,
            0.0,
            0.0,
            0.000518798828125
          ],
          "rotation_delta_before_lock": [
            0.0,
            0.0,
            0.0
          ],
          "end_effector_orientation_locked": true,
          "action_was_clipped": true,
          "ik_success": true,
          "current_position_m": [
            0.350758757248938,
            0.0029356591513172155,
            1.5032821631885123
          ],
          "current_quaternion_wxyz": [
            0.14377694564917434,
            0.71219790422324,
            0.6698063682086282,
            0.15317233505756345
          ],
          "target_position_m": [
            0.3561292263265962,
            0.006285216433972932,
            1.4979611862278854
          ],
          "target_quaternion_wxyz": [
            0.14401882061382038,
            0.7115745070491394,
            0.6702725303982696,
            0.1538019350342488
          ],
          "inference_seconds": null,
          "server_request_index": 149,
          "chunk_index": 4,
          "chunk_size": 5,
          "executed_from_chunk": 5,
          "variant": "oftplus_h5_vision",
          "proprio_state": null,
          "gripper_target_closedness": 0.000518798828125,
          "gripper_command_at_policy_step": 0.00124359130859375,
          "gripper_measured_at_policy_step": 0.0012406146731870349
        },
        {
          "policy_step": 10,
          "raw_action": [
            0.005359290915159328,
            0.0013817517891514773,
            -0.0027094451356643734,
            -0.007614297803811402,
            0.007008360707736041,
            0.019132920486033718,
            0.00347900390625
          ],
          "clipped_action": [
            0.005359290915159328,
            0.0013817517891514773,
            -0.0027094451356643734,
            0.0,
            0.0,
            0.0,
            0.00347900390625
          ],
          "rotation_delta_before_lock": [
            0.0,
            0.0,
            0.0
          ],
          "end_effector_orientation_locked": true,
          "action_was_clipped": true,
          "ik_success": true,
          "current_position_m": [
            0.35688636191421286,
            0.005967610700634212,
            1.4974201278315766
          ],
          "current_quaternion_wxyz": [
            0.14336811391785928,
            0.712147848218717,
            0.6699788362647028,
            0.1530339346239302
          ],
          "target_position_m": [
            0.3622456528293722,
            0.007349362489785689,
            1.4947106826959122
          ],
          "target_quaternion_wxyz": [
            0.14401882061382038,
            0.7115745070491394,
            0.6702725303982696,
            0.1538019350342488
          ],
          "inference_seconds": 0.1832380349515006,
          "server_request_index": 150,
          "chunk_index": 0,
          "chunk_size": 5,
          "executed_from_chunk": 5,
          "variant": "oftplus_h5_vision",
          "proprio_state": null,
          "gripper_target_closedness": 0.00347900390625,
          "gripper_command_at_policy_step": 0.000518798828125,
          "gripper_measured_at_policy_step": 0.0005144720961308691
        },
        {
          "policy_step": 11,
          "raw_action": [
            0.00354283950909182,
            0.0012611754721475413,
            -0.001976207354040291,
            -0.005479178980461765,
            0.00461885828788115,
            0.013645026057148105,
            0.0047607421875
          ],
          "clipped_action": [
            0.00354283950909182,
            0.0012611754721475413,
            -0.001976207354040291,
            0.0,
            0.0,
            0.0,
            0.0047607421875
          ],
          "rotation_delta_before_lock": [
            0.0,
            0.0,
            0.0
          ],
          "end_effector_orientation_locked": true,
          "action_was_clipped": true,
          "ik_success": true,
          "current_position_m": [
            0.36302014551666967,
            0.0070275395853926755,
            1.4941371907222043
          ],
          "current_quaternion_wxyz": [
            0.14320246582174315,
            0.7121692839024693,
            0.6698913993704705,
            0.15347142371754235
          ],
          "target_position_m": [
            0.3665629850257615,
            0.008288715057540218,
            1.492160983368164
          ],
          "target_quaternion_wxyz": [
            0.14401882061382038,
            0.7115745070491394,
            0.6702725303982696,
            0.1538019350342488
          ],
          "inference_seconds": null,
          "server_request_index": 150,
          "chunk_index": 1,
          "chunk_size": 5,
          "executed_from_chunk": 5,
          "variant": "oftplus_h5_vision",
          "proprio_state": null,
          "gripper_target_closedness": 0.0047607421875,
          "gripper_command_at_policy_step": 0.00347900390625,
          "gripper_measured_at_policy_step": 0.003469269594241875
        },
        {
          "policy_step": 12,
          "raw_action": [
            0.0036937447028266603,
            0.0016663118972807672,
            -0.0022072274770177404,
            -0.005928677680114319,
            0.0047895370321565,
            0.0146870313284555,
            0.0023956298828125
          ],
          "clipped_action": [
            0.0036937447028266603,
            0.0016663118972807672,
            -0.0022072274770177404,
            0.0,
            0.0,
            0.0,
            0.0023956298828125
          ],
          "rotation_delta_before_lock": [
            0.0,
            0.0,
            0.0
          ],
          "end_effector_orientation_locked": true,
          "action_was_clipped": true,
          "ik_success": true,
          "current_position_m": [
            0.3673440141787406,
            0.007966345911439124,
            1.4915756257896424
          ],
          "current_quaternion_wxyz": [
            0.14300759024302515,
            0.7120281641476035,
            0.6701191182979533,
            0.15331369764326308
          ],
          "target_position_m": [
            0.37103775888156726,
            0.00963265780871989,
            1.4893683983126247
          ],
          "target_quaternion_wxyz": [
            0.14401882061382038,
            0.7115745070491394,
            0.6702725303982696,
            0.1538019350342488
          ],
          "inference_seconds": null,
          "server_request_index": 150,
          "chunk_index": 2,
          "chunk_size": 5,
          "executed_from_chunk": 5,
          "variant": "oftplus_h5_vision",
          "proprio_state": null,
          "gripper_target_closedness": 0.0023956298828125,
          "gripper_command_at_policy_step": 0.0047607421875,
          "gripper_measured_at_policy_step": 0.0047543984034966735
        },
        {
          "policy_step": 13,
          "raw_action": [
            0.004733313815222217,
            0.0022402551662195035,
            -0.003171485381619276,
            -0.006827675079419431,
            0.0058136094978085955,
            0.017743580124290524,
            0.00225830078125
          ],
          "clipped_action": [
            0.004733313815222217,
            0.0022402551662195035,
            -0.003171485381619276,
            0.0,
            0.0,
            0.0,
            0.00225830078125
          ],
          "rotation_delta_before_lock": [
            0.0,
            0.0,
            0.0
          ],
          "end_effector_orientation_locked": true,
          "action_was_clipped": true,
          "ik_success": true,
          "current_position_m": [
            0.37182403784370305,
            0.009310197555091828,
            1.4887700685050704
          ],
          "current_quaternion_wxyz": [
            0.1429090486093357,
            0.7122582481526606,
            0.6699175193648617,
            0.1532178482165436
          ],
          "target_position_m": [
            0.3765573516589253,
            0.011550452721311331,
            1.485598583123451
          ],
          "target_quaternion_wxyz": [
            0.14401882061382038,
            0.7115745070491394,
            0.6702725303982696,
            0.1538019350342488
          ],
          "inference_seconds": null,
          "server_request_index": 150,
          "chunk_index": 3,
          "chunk_size": 5,
          "executed_from_chunk": 5,
          "variant": "oftplus_h5_vision",
          "proprio_state": null,
          "gripper_target_closedness": 0.00225830078125,
          "gripper_command_at_policy_step": 0.0023956298828125,
          "gripper_measured_at_policy_step": 0.0023989872685794555
        },
        {
          "policy_step": 14,
          "raw_action": [
            0.006320612890062747,
            0.003040881911125639,
            -0.004738404476596771,
            -0.008344733190746804,
            0.007659073420285809,
            0.024273479824483538,
            0.0013275146484375
          ],
          "clipped_action": [
            0.006320612890062747,
            0.003040881911125639,
            -0.004738404476596771,
            0.0,
            0.0,
            0.0,
            0.0013275146484375
          ],
          "rotation_delta_before_lock": [
            0.0,
            0.0,
            0.0
          ],
          "end_effector_orientation_locked": true,
          "action_was_clipped": true,
          "ik_success": true,
          "current_position_m": [
            0.37735298826210784,
            0.011221329404419151,
            1.4849826040120828
          ],
          "current_quaternion_wxyz": [
            0.14263191508285494,
            0.7123085943504427,
            0.6699444898195557,
            0.15312407966975317
          ],
          "target_position_m": [
            0.3836736011521706,
            0.01426221131554479,
            1.480244199535486
          ],
          "target_quaternion_wxyz": [
            0.14401882061382038,
            0.7115745070491394,
            0.6702725303982696,
            0.1538019350342488
          ],
          "inference_seconds": null,
          "server_request_index": 150,
          "chunk_index": 4,
          "chunk_size": 5,
          "executed_from_chunk": 5,
          "variant": "oftplus_h5_vision",
          "proprio_state": null,
          "gripper_target_closedness": 0.0013275146484375,
          "gripper_command_at_policy_step": 0.00225830078125,
          "gripper_measured_at_policy_step": 0.0022564628000917297
        },
        {
          "policy_step": 15,
          "raw_action": [
            0.006063515152588576,
            0.0015939661070784057,
            -0.0034929046831531224,
            -0.00993202547389489,
            0.008821822365661626,
            0.024620814914919333,
            0.0025482177734375
          ],
          "clipped_action": [
            0.006063515152588576,
            0.0015939661070784057,
            -0.0034929046831531224,
            0.0,
            0.0,
            0.0,
            0.0025482177734375
          ],
          "rotation_delta_before_lock": [
            0.0,
            0.0,
            0.0
          ],
          "end_effector_orientation_locked": true,
          "action_was_clipped": true,
          "ik_success": true,
          "current_position_m": [
            0.38446961336471025,
            0.013929401655100869,
            1.4796111702162131
          ],
          "current_quaternion_wxyz": [
            0.14345792487607595,
            0.7118928565389694,
            0.6702557510591621,
            0.1529235520485807
          ],
          "target_position_m": [
            0.3905331285172988,
            0.015523367762179274,
            1.47611826553306
          ],
          "target_quaternion_wxyz": [
            0.14401882061382038,
            0.7115745070491394,
            0.6702725303982696,
            0.1538019350342488
          ],
          "inference_seconds": 0.18507601704914123,
          "server_request_index": 151,
          "chunk_index": 0,
          "chunk_size": 5,
          "executed_from_chunk": 5,
          "variant": "oftplus_h5_vision",
          "proprio_state": null,
          "gripper_target_closedness": 0.0025482177734375,
          "gripper_command_at_policy_step": 0.0013275146484375,
          "gripper_measured_at_policy_step": 0.0013217360808932543
        },
        {
          "policy_step": 16,
          "raw_action": [
            0.004185583852777246,
            0.0014926820007950987,
            -0.0023880258341305305,
            -0.0070524244292457065,
            0.005877614026911851,
            0.017187843979593248,
            0.002716064453125
          ],
          "clipped_action": [
            0.004185583852777246,
            0.0014926820007950987,
            -0.0023880258341305305,
            0.0,
            0.0,
            0.0,
            0.002716064453125
          ],
          "rotation_delta_before_lock": [
            0.0,
            0.0,
            0.0
          ],
          "end_effector_orientation_locked": true,
          "action_was_clipped": true,
          "ik_success": true,
          "current_position_m": [
            0.39134458890041884,
            0.015186822155929211,
            1.4754528335303143
          ],
          "current_quaternion_wxyz": [
            0.14311978305120662,
            0.7120141585125938,
            0.6700930735339202,
            0.1533878697252251
          ],
          "target_position_m": [
            0.3955301727531961,
            0.016679504156724312,
            1.4730648076961839
          ],
          "target_quaternion_wxyz": [
            0.14401882061382038,
            0.7115745070491394,
            0.6702725303982696,
            0.1538019350342488
          ],
          "inference_seconds": null,
          "server_request_index": 151,
          "chunk_index": 1,
          "chunk_size": 5,
          "executed_from_chunk": 5,
          "variant": "oftplus_h5_vision",
          "proprio_state": null,
          "gripper_target_closedness": 0.002716064453125,
          "gripper_command_at_policy_step": 0.0025482177734375,
          "gripper_measured_at_policy_step": 0.0025430211219295007
        },
        {
          "policy_step": 17,
          "raw_action": [
            0.004448270671500854,
            0.0019942794795314734,
            -0.002789799961047834,
            -0.00747382946016998,
            0.006133632143324875,
            0.018229849250900647,
            0.00128173828125
          ],
          "clipped_action": [
            0.004448270671500854,
            0.0019942794795314734,
            -0.002789799961047834,
            0.0,
            0.0,
            0.0,
            0.00128173828125
          ],
          "rotation_delta_before_lock": [
            0.0,
            0.0,
            0.0
          ],
          "end_effector_orientation_locked": true,
          "action_was_clipped": true,
          "ik_success": true,
          "current_position_m": [
            0.3963480466065054,
            0.016343640084040642,
            1.4723829621022648
          ],
          "current_quaternion_wxyz": [
            0.14321066775194222,
            0.7121356954019624,
            0.6699675788367964,
            0.15328698341335792
          ],
          "target_position_m": [
            0.40079631727800624,
            0.018337919563572114,
            1.469593162141217
          ],
          "target_quaternion_wxyz": [
            0.14401882061382038,
            0.7115745070491394,
            0.6702725303982696,
            0.1538019350342488
          ],
          "inference_seconds": null,
          "server_request_index": 151,
          "chunk_index": 2,
          "chunk_size": 5,
          "executed_from_chunk": 5,
          "variant": "oftplus_h5_vision",
          "proprio_state": null,
          "gripper_target_closedness": 0.00128173828125,
          "gripper_command_at_policy_step": 0.002716064453125,
          "gripper_measured_at_policy_step": 0.0027141596736579565
        },
        {
          "policy_step": 18,
          "raw_action": [
            0.005169262152678419,
            0.002876898120000285,
            -0.00393485622276216,
            -0.008457107865659945,
            0.007125702344425343,
            0.022085268754738006,
            0.00136566162109375
          ],
          "clipped_action": [
            0.005169262152678419,
            0.002876898120000285,
            -0.00393485622276216,
            0.0,
            0.0,
            0.0,
            0.00136566162109375
          ],
          "rotation_delta_before_lock": [
            0.0,
            0.0,
            0.0
          ],
          "end_effector_orientation_locked": true,
          "action_was_clipped": true,
          "ik_success": true,
          "current_position_m": [
            0.40161934568621444,
            0.01800087937916232,
            1.4688948410060656
          ],
          "current_quaternion_wxyz": [
            0.14302946919717335,
            0.7122383580982504,
            0.669914096881427,
            0.1532129074008631
          ],
          "target_position_m": [
            0.40678860783889287,
            0.020877777499162607,
            1.4649599847833035
          ],
          "target_quaternion_wxyz": [
            0.14401882061382038,
            0.7115745070491394,
            0.6702725303982696,
            0.1538019350342488
          ],
          "inference_seconds": null,
          "server_request_index": 151,
          "chunk_index": 3,
          "chunk_size": 5,
          "executed_from_chunk": 5,
          "variant": "oftplus_h5_vision",
          "proprio_state": null,
          "gripper_target_closedness": 0.00136566162109375,
          "gripper_command_at_policy_step": 0.00128173828125,
          "gripper_measured_at_policy_step": 0.0012846116361947546
        },
        {
          "policy_step": 19,
          "raw_action": [
            0.006477107165047024,
            0.0036871709702667368,
            -0.00556204143677725,
            -0.0101005874862646,
            0.00909917532510907,
            0.028343812915528045,
            0.00116729736328125
          ],
          "clipped_action": [
            0.006477107165047024,
            0.0036871709702667368,
            -0.00556204143677725,
            0.0,
            0.0,
            0.0,
            0.00116729736328125
          ],
          "rotation_delta_before_lock": [
            0.0,
            0.0,
            0.0
          ],
          "end_effector_orientation_locked": true,
          "action_was_clipped": true,
          "ik_success": true,
          "current_position_m": [
            0.4076171761999814,
            0.02053395494612032,
            1.4642460458744482
          ],
          "current_quaternion_wxyz": [
            0.14256181994288508,
            0.7122855308566,
            0.6700138734360684,
            0.1529930045136048
          ],
          "target_position_m": [
            0.4140942833650284,
            0.02422112591638706,
            1.458684004437671
          ],
          "target_quaternion_wxyz": [
            0.14401882061382038,
            0.7115745070491394,
            0.6702725303982696,
            0.1538019350342488
          ],
          "inference_seconds": null,
          "server_request_index": 151,
          "chunk_index": 4,
          "chunk_size": 5,
          "executed_from_chunk": 5,
          "variant": "oftplus_h5_vision",
          "proprio_state": null,
          "gripper_target_closedness": 0.00116729736328125,
          "gripper_command_at_policy_step": 0.00136566162109375,
          "gripper_measured_at_policy_step": 0.0013605947124547546
        },
        {
          "policy_step": 20,
          "raw_action": [
            0.005359290915159328,
            0.0015481471066169095,
            -0.0034125498577696617,
            -0.008962793902769068,
            0.008107105124008602,
            0.022224202790912327,
            0.0021820068359375
          ],
          "clipped_action": [
            0.005359290915159328,
            0.0015481471066169095,
            -0.0034125498577696617,
            0.0,
            0.0,
            0.0,
            0.0021820068359375
          ],
          "rotation_delta_before_lock": [
            0.0,
            0.0,
            0.0
          ],
          "end_effector_orientation_locked": true,
          "action_was_clipped": true,
          "ik_success": true,
          "current_position_m": [
            0.4149235728431453,
            0.02387460271696688,
            1.4579474676266915
          ],
          "current_quaternion_wxyz": [
            0.14341766636084569,
            0.7122292701495878,
            0.6699411709307848,
            0.1527732542354317
          ],
          "target_position_m": [
            0.42028286375830465,
            0.02542274982358379,
            1.4545349177689217
          ],
          "target_quaternion_wxyz": [
            0.14401882061382038,
            0.7115745070491394,
            0.6702725303982696,
            0.1538019350342488
          ],
          "inference_seconds": 0.18710451992228627,
          "server_request_index": 152,
          "chunk_index": 0,
          "chunk_size": 5,
          "executed_from_chunk": 5,
          "variant": "oftplus_h5_vision",
          "proprio_state": null,
          "gripper_target_closedness": 0.0021820068359375,
          "gripper_command_at_policy_step": 0.00116729736328125,
          "gripper_measured_at_policy_step": 0.0011592363489085766
        },
        {
          "policy_step": 21,
          "raw_action": [
            0.00361829210595924,
            0.0013311097360098247,
            -0.002287582302401201,
            -0.006659113067049721,
            0.0055149216953267344,
            0.01635423976254733,
            0.002716064453125
          ],
          "clipped_action": [
            0.00361829210595924,
            0.0013311097360098247,
            -0.002287582302401201,
            0.0,
            0.0,
            0.0,
            0.002716064453125
          ],
          "rotation_delta_before_lock": [
            0.0,
            0.0,
            0.0
          ],
          "end_effector_orientation_locked": true,
          "action_was_clipped": true,
          "ik_success": true,
          "current_position_m": [
            0.4211208955218613,
            0.025079036579030295,
            1.4537702154155647
          ],
          "current_quaternion_wxyz": [
            0.14309088912820003,
            0.7119629087406485,
            0.6701910869361805,
            0.15322441390769728
          ],
          "target_position_m": [
            0.4247391876278206,
            0.02641014631504012,
            1.4514826331131636
          ],
          "target_quaternion_wxyz": [
            0.14401882061382038,
            0.7115745070491394,
            0.6702725303982696,
            0.1538019350342488
          ],
          "inference_seconds": null,
          "server_request_index": 152,
          "chunk_index": 1,
          "chunk_size": 5,
          "executed_from_chunk": 5,
          "variant": "oftplus_h5_vision",
          "proprio_state": null,
          "gripper_target_closedness": 0.002716064453125,
          "gripper_command_at_policy_step": 0.0021820068359375,
          "gripper_measured_at_policy_step": 0.002174088924095652
        },
        {
          "policy_step": 22,
          "raw_action": [
            0.0034443319520704677,
            0.0015891430543982475,
            -0.0024081145404763957,
            -0.006434363717223446,
            0.0050028854625006865,
            0.01475649834654266,
            0.00193023681640625
          ],
          "clipped_action": [
            0.0034443319520704677,
            0.0015891430543982475,
            -0.0024081145404763957,
            0.0,
            0.0,
            0.0,
            0.00193023681640625
          ],
          "rotation_delta_before_lock": [
            0.0,
            0.0,
            0.0
          ],
          "end_effector_orientation_locked": true,
          "action_was_clipped": true,
          "ik_success": true,
          "current_position_m": [
            0.4255835230004592,
            0.026068244823985617,
            1.4507012772714387
          ],
          "current_quaternion_wxyz": [
            0.14308509040614487,
            0.7118739538426282,
            0.6702903619184464,
            0.15320888180248235
          ],
          "target_position_m": [
            0.42902785495252965,
            0.027657387878383864,
            1.4482931627309623
          ],
          "target_quaternion_wxyz": [
            0.14401882061382038,
            0.7115745070491394,
            0.6702725303982696,
            0.1538019350342488
          ],
          "inference_seconds": null,
          "server_request_index": 152,
          "chunk_index": 2,
          "chunk_size": 5,
          "executed_from_chunk": 5,
          "variant": "oftplus_h5_vision",
          "proprio_state": null,
          "gripper_target_closedness": 0.00193023681640625,
          "gripper_command_at_policy_step": 0.002716064453125,
          "gripper_measured_at_policy_step": 0.002711205133076433
        },
        {
          "policy_step": 23,
          "raw_action": [
            0.0037971427059412706,
            0.002375300641263912,
            -0.002930420905468894,
            -0.006771487741962862,
            0.005322908108016966,
            0.016632107834895972,
            0.00186920166015625
          ],
          "clipped_action": [
            0.0037971427059412706,
            0.002375300641263912,
            -0.002930420905468894,
            0.0,
            0.0,
            0.0,
            0.00186920166015625
          ],
          "rotation_delta_before_lock": [
            0.0,
            0.0,
            0.0
          ],
          "end_effector_orientation_locked": true,
          "action_was_clipped": true,
          "ik_success": true,
          "current_position_m": [
            0.4298737314923175,
            0.027313326611066866,
            1.447498198487658
          ],
          "current_quaternion_wxyz": [
            0.14305082431542526,
            0.7121331061371787,
            0.6700647237598423,
            0.15302341905321878
          ],
          "target_position_m": [
            0.4336708741982588,
            0.029688627252330776,
            1.4445677775821892
          ],
          "target_quaternion_wxyz": [
            0.14401882061382038,
            0.7115745070491394,
            0.6702725303982696,
            0.1538019350342488
          ],
          "inference_seconds": null,
          "server_request_index": 152,
          "chunk_index": 3,
          "chunk_size": 5,
          "executed_from_chunk": 5,
          "variant": "oftplus_h5_vision",
          "proprio_state": null,
          "gripper_target_closedness": 0.00186920166015625,
          "gripper_command_at_policy_step": 0.00193023681640625,
          "gripper_measured_at_policy_step": 0.0019272563272509924
        },
        {
          "policy_step": 24,
          "raw_action": [
            0.004370023534008716,
            0.002712914328874933,
            -0.003874590103724561,
            -0.007277173779071985,
            0.006389650259737899,
            0.019688656630730994,
            0.0012054443359375
          ],
          "clipped_action": [
            0.004370023534008716,
            0.002712914328874933,
            -0.003874590103724561,
            0.0,
            0.0,
            0.0,
            0.0012054443359375
          ],
          "rotation_delta_before_lock": [
            0.0,
            0.0,
            0.0
          ],
          "end_effector_orientation_locked": true,
          "action_was_clipped": true,
          "ik_success": true,
          "current_position_m": [
            0.4345216843171233,
            0.029341261628785684,
            1.443755005331777
          ],
          "current_quaternion_wxyz": [
            0.14290621599143213,
            0.7122927714057936,
            0.6699488661505963,
            0.15292265357884202
          ],
          "target_position_m": [
            0.438891707851132,
            0.032054175957660615,
            1.4398804152280524
          ],
          "target_quaternion_wxyz": [
            0.14401882061382038,
            0.7115745070491394,
            0.6702725303982696,
            0.1538019350342488
          ],
          "inference_seconds": null,
          "server_request_index": 152,
          "chunk_index": 4,
          "chunk_size": 5,
          "executed_from_chunk": 5,
          "variant": "oftplus_h5_vision",
          "proprio_state": null,
          "gripper_target_closedness": 0.0012054443359375,
          "gripper_command_at_policy_step": 0.00186920166015625,
          "gripper_measured_at_policy_step": 0.0018650182876094323
        },
        {
          "policy_step": 25,
          "raw_action": [
            0.0051469058276806656,
            0.0015843200017180894,
            -0.0033522837387320627,
            -0.008513295203116514,
            0.007680408263320229,
            0.02128639804673567,
            0.003082275390625
          ],
          "clipped_action": [
            0.0051469058276806656,
            0.0015843200017180894,
            -0.0033522837387320627,
            0.0,
            0.0,
            0.0,
            0.003082275390625
          ],
          "rotation_delta_before_lock": [
            0.0,
            0.0,
            0.0
          ],
          "end_effector_orientation_locked": true,
          "action_was_clipped": true,
          "ik_success": true,
          "current_position_m": [
            0.4397481749327294,
            0.03170318374430175,
            1.4390477745637515
          ],
          "current_quaternion_wxyz": [
            0.14281475578100705,
            0.7124313616525013,
            0.6698526905163625,
            0.1527837474117076
          ],
          "target_position_m": [
            0.44489508076041007,
            0.03328750374601984,
            1.4356954908250195
          ],
          "target_quaternion_wxyz": [
            0.14401882061382038,
            0.7115745070491394,
            0.6702725303982696,
            0.1538019350342488
          ],
          "inference_seconds": 0.1893003770383075,
          "server_request_index": 153,
          "chunk_index": 0,
          "chunk_size": 5,
          "executed_from_chunk": 5,
          "variant": "oftplus_h5_vision",
          "proprio_state": null,
          "gripper_target_closedness": 0.003082275390625,
          "gripper_command_at_policy_step": 0.0012054443359375,
          "gripper_measured_at_policy_step": 0.0012019808436262158
        },
        {
          "policy_step": 26,
          "raw_action": [
            0.0031264529560086542,
            0.0012479120772771087,
            -0.0019561186476944256,
            -0.005647740992831472,
            0.004576188601812313,
            0.013436625002886627,
            0.0047607421875
          ],
          "clipped_action": [
            0.0031264529560086542,
            0.0012479120772771087,
            -0.0019561186476944256,
            0.0,
            0.0,
            0.0,
            0.0047607421875
          ],
          "rotation_delta_before_lock": [
            0.0,
            0.0,
            0.0
          ],
          "end_effector_orientation_locked": true,
          "action_was_clipped": true,
          "ik_success": true,
          "current_position_m": [
            0.4457505252442173,
            0.032935053174246526,
            1.4348411657078195
          ],
          "current_quaternion_wxyz": [
            0.14308507774134577,
            0.7117574400550528,
            0.6703982441000305,
            0.1532781829277307
          ],
          "target_position_m": [
            0.448876978200226,
            0.03418296525152363,
            1.432885047060125
          ],
          "target_quaternion_wxyz": [
            0.14401882061382038,
            0.7115745070491394,
            0.6702725303982696,
            0.1538019350342488
          ],
          "inference_seconds": null,
          "server_request_index": 153,
          "chunk_index": 1,
          "chunk_size": 5,
          "executed_from_chunk": 5,
          "variant": "oftplus_h5_vision",
          "proprio_state": null,
          "gripper_target_closedness": 0.0047607421875,
          "gripper_command_at_policy_step": 0.003082275390625,
          "gripper_measured_at_policy_step": 0.0030717554277387427
        },
        {
          "policy_step": 27,
          "raw_action": [
            0.0036797719997030635,
            0.0016904271606815544,
            -0.002287582302401201,
            -0.00671530040450629,
            0.005130894520707198,
            0.01475649834654266,
            0.002044677734375
          ],
          "clipped_action": [
            0.0036797719997030635,
            0.0016904271606815544,
            -0.002287582302401201,
            0.0,
            0.0,
            0.0,
            0.002044677734375
          ],
          "rotation_delta_before_lock": [
            0.0,
            0.0,
            0.0
          ],
          "end_effector_orientation_locked": true,
          "action_was_clipped": true,
          "ik_success": true,
          "current_position_m": [
            0.4497364523322039,
            0.03383223203664915,
            1.4320155468038962
          ],
          "current_quaternion_wxyz": [
            0.14342552664584657,
            0.7121046419061741,
            0.6700008060054835,
            0.15308500002953798
          ],
          "target_position_m": [
            0.4534162243319069,
            0.035522659197330705,
            1.429727964501495
          ],
          "target_quaternion_wxyz": [
            0.14401882061382038,
            0.7115745070491394,
            0.6702725303982696,
            0.1538019350342488
          ],
          "inference_seconds": null,
          "server_request_index": 153,
          "chunk_index": 2,
          "chunk_size": 5,
          "executed_from_chunk": 5,
          "variant": "oftplus_h5_vision",
          "proprio_state": null,
          "gripper_target_closedness": 0.002044677734375,
          "gripper_command_at_policy_step": 0.0047607421875,
          "gripper_measured_at_policy_step": 0.004750576769483539
        },
        {
          "policy_step": 28,
          "raw_action": [
            0.003629470268458118,
            0.0020762713750941495,
            -0.002649179016626778,
            -0.00646245738595173,
            0.005066889991603942,
            0.014895432382716978,
            0.0023956298828125
          ],
          "clipped_action": [
            0.003629470268458118,
            0.0020762713750941495,
            -0.002649179016626778,
            0.0,
            0.0,
            0.0,
            0.0023956298828125
          ],
          "rotation_delta_before_lock": [
            0.0,
            0.0,
            0.0
          ],
          "end_effector_orientation_locked": true,
          "action_was_clipped": true,
          "ik_success": true,
          "current_position_m": [
            0.4542771852901362,
            0.03516900264432439,
            1.4288430422500777
          ],
          "current_quaternion_wxyz": [
            0.14336356137881845,
            0.7118467881934893,
            0.6702232189412067,
            0.15336843286505364
          ],
          "target_position_m": [
            0.45790665555859433,
            0.03724527401941854,
            1.426193863233451
          ],
          "target_quaternion_wxyz": [
            0.14401882061382038,
            0.7115745070491394,
            0.6702725303982696,
            0.1538019350342488
          ],
          "inference_seconds": null,
          "server_request_index": 153,
          "chunk_index": 3,
          "chunk_size": 5,
          "executed_from_chunk": 5,
          "variant": "oftplus_h5_vision",
          "proprio_state": null,
          "gripper_target_closedness": 0.0023956298828125,
          "gripper_command_at_policy_step": 0.002044677734375,
          "gripper_measured_at_policy_step": 0.002044892002796339
        },
        {
          "policy_step": 29,
          "raw_action": [
            0.003880978924682848,
            0.0024814078002273754,
            -0.003151396675273411,
            -0.006940049754332569,
            0.0057282701256709204,
            0.017048909943418927,
            0.00164794921875
          ],
          "clipped_action": [
            0.003880978924682848,
            0.0024814078002273754,
            -0.003151396675273411,
            0.0,
            0.0,
            0.0,
            0.00164794921875
          ],
          "rotation_delta_before_lock": [
            0.0,
            0.0,
            0.0
          ],
          "end_effector_orientation_locked": true,
          "action_was_clipped": true,
          "ik_success": true,
          "current_position_m": [
            0.45876988887277925,
            0.03688916423123853,
            1.4252920070898394
          ],
          "current_quaternion_wxyz": [
            0.1432230496318684,
            0.7120641146703985,
            0.6700873949309196,
            0.15308408737521473
          ],
          "target_position_m": [
            0.4626508677974621,
            0.039370572031465906,
            1.422140610414566
          ],
          "target_quaternion_wxyz": [
            0.14401882061382038,
            0.7115745070491394,
            0.6702725303982696,
            0.1538019350342488
          ],
          "inference_seconds": null,
          "server_request_index": 153,
          "chunk_index": 4,
          "chunk_size": 5,
          "executed_from_chunk": 5,
          "variant": "oftplus_h5_vision",
          "proprio_state": null,
          "gripper_target_closedness": 0.00164794921875,
          "gripper_command_at_policy_step": 0.0023956298828125,
          "gripper_measured_at_policy_step": 0.002388196772542539
        },
        {
          "policy_step": 30,
          "raw_action": [
            0.004414736184004224,
            0.0019412259000497409,
            -0.003171485381619276,
            -0.007614297803811402,
            0.006699005483736971,
            0.019132920486033718,
            0.002471923828125
          ],
          "clipped_action": [
            0.004414736184004224,
            0.0019412259000497409,
            -0.003171485381619276,
            0.0,
            0.0,
            0.0,
            0.002471923828125
          ],
          "rotation_delta_before_lock": [
            0.0,
            0.0,
            0.0
          ],
          "end_effector_orientation_locked": true,
          "action_was_clipped": true,
          "ik_success": true,
          "current_position_m": [
            0.4635164262651273,
            0.03901186856341792,
            1.4212211194750708
          ],
          "current_quaternion_wxyz": [
            0.1430681900047007,
            0.7122250564737342,
            0.669997312301363,
            0.1528743387515214
          ],
          "target_position_m": [
            0.4679311624491315,
            0.04095309446346766,
            1.4180496340934514
          ],
          "target_quaternion_wxyz": [
            0.14401882061382038,
            0.7115745070491394,
            0.6702725303982696,
            0.1538019350342488
          ],
          "inference_seconds": 0.18496440595481545,
          "server_request_index": 154,
          "chunk_index": 0,
          "chunk_size": 5,
          "executed_from_chunk": 5,
          "variant": "oftplus_h5_vision",
          "proprio_state": null,
          "gripper_target_closedness": 0.002471923828125,
          "gripper_command_at_policy_step": 0.00164794921875,
          "gripper_measured_at_policy_step": 0.0016427854525632446
        },
        {
          "policy_step": 31,
          "raw_action": [
            0.0027519845122962756,
            0.0015698508436776185,
            -0.002096739592115482,
            -0.005591553655374903,
            0.00461885828788115,
            0.013922894129496743,
            0.0038299560546875
          ],
          "clipped_action": [
            0.0027519845122962756,
            0.0015698508436776185,
            -0.002096739592115482,
            0.0,
            0.0,
            0.0,
            0.0038299560546875
          ],
          "rotation_delta_before_lock": [
            0.0,
            0.0,
            0.0
          ],
          "end_effector_orientation_locked": true,
          "action_was_clipped": true,
          "ik_success": true,
          "current_position_m": [
            0.4687963730444975,
            0.04059486939491299,
            1.4171103138452537
          ],
          "current_quaternion_wxyz": [
            0.1432576413833447,
            0.7120776157444896,
            0.6700751335137545,
            0.15304258488227407
          ],
          "target_position_m": [
            0.4715483575567938,
            0.04216472023859061,
            1.4150135742531382
          ],
          "target_quaternion_wxyz": [
            0.14401882061382038,
            0.7115745070491394,
            0.6702725303982696,
            0.1538019350342488
          ],
          "inference_seconds": null,
          "server_request_index": 154,
          "chunk_index": 1,
          "chunk_size": 5,
          "executed_from_chunk": 5,
          "variant": "oftplus_h5_vision",
          "proprio_state": null,
          "gripper_target_closedness": 0.0038299560546875,
          "gripper_command_at_policy_step": 0.002471923828125,
          "gripper_measured_at_policy_step": 0.002462959495084127
        },
        {
          "policy_step": 32,
          "raw_action": [
            0.0030370276560176372,
            0.001883349267887852,
            -0.002267493596055336,
            -0.006237708036125451,
            0.004810871875190918,
            0.014339696238019702,
            0.0021820068359375
          ],
          "clipped_action": [
            0.0030370276560176372,
            0.001883349267887852,
            -0.002267493596055336,
            0.0,
            0.0,
            0.0,
            0.0021820068359375
          ],
          "rotation_delta_before_lock": [
            0.0,
            0.0,
            0.0
          ],
          "end_effector_orientation_locked": true,
          "action_was_clipped": true,
          "ik_success": true,
          "current_position_m": [
            0.47241484407048673,
            0.04180791343598015,
            1.4140611127478622
          ],
          "current_quaternion_wxyz": [
            0.14336087240095083,
            0.7123012171677772,
            0.6698652881423606,
            0.15282385948435395
          ],
          "target_position_m": [
            0.4754518717265044,
            0.043691262703868,
            1.4117936191518068
          ],
          "target_quaternion_wxyz": [
            0.14401882061382038,
            0.7115745070491394,
            0.6702725303982696,
            0.1538019350342488
          ],
          "inference_seconds": null,
          "server_request_index": 154,
          "chunk_index": 2,
          "chunk_size": 5,
          "executed_from_chunk": 5,
          "variant": "oftplus_h5_vision",
          "proprio_state": null,
          "gripper_target_closedness": 0.0021820068359375,
          "gripper_command_at_policy_step": 0.0038299560546875,
          "gripper_measured_at_policy_step": 0.003818644018008799
        },
        {
          "policy_step": 33,
          "raw_action": [
            0.002617846562309751,
            0.002288485693021078,
            -0.002548735484897452,
            -0.005479178980461765,
            0.004512184072709057,
            0.013714493075235265,
            0.0025482177734375
          ],
          "clipped_action": [
            0.002617846562309751,
            0.002288485693021078,
            -0.002548735484897452,
            0.0,
            0.0,
            0.0,
            0.0025482177734375
          ],
          "rotation_delta_before_lock": [
            0.0,
            0.0,
            0.0
          ],
          "end_effector_orientation_locked": true,
          "action_was_clipped": true,
          "ik_success": true,
          "current_position_m": [
            0.4763200299909629,
            0.04333317396842196,
            1.4108243538626906
          ],
          "current_quaternion_wxyz": [
            0.14309231738425277,
            0.711888258971651,
            0.6703069443636056,
            0.15306304512142102
          ],
          "target_position_m": [
            0.47893787655327263,
            0.04562165966144304,
            1.4082756183777931
          ],
          "target_quaternion_wxyz": [
            0.14401882061382038,
            0.7115745070491394,
            0.6702725303982696,
            0.1538019350342488
          ],
          "inference_seconds": null,
          "server_request_index": 154,
          "chunk_index": 3,
          "chunk_size": 5,
          "executed_from_chunk": 5,
          "variant": "oftplus_h5_vision",
          "proprio_state": null,
          "gripper_target_closedness": 0.0025482177734375,
          "gripper_command_at_policy_step": 0.0021820068359375,
          "gripper_measured_at_policy_step": 0.0021789703389694104
        },
        {
          "policy_step": 34,
          "raw_action": [
            0.002039376652992869,
            0.0021727324286972983,
            -0.002448291953168126,
            -0.004523994243700084,
            0.003914808467745334,
            0.011977817623056273,
            0.00347900390625
          ],
          "clipped_action": [
            0.002039376652992869,
            0.0021727324286972983,
            -0.002448291953168126,
            0.0,
            0.0,
            0.0,
            0.00347900390625
          ],
          "rotation_delta_before_lock": [
            0.0,
            0.0,
            0.0
          ],
          "end_effector_orientation_locked": true,
          "action_was_clipped": true,
          "ik_success": true,
          "current_position_m": [
            0.4798061581917725,
            0.04526429526950405,
            1.4072941736704845
          ],
          "current_quaternion_wxyz": [
            0.14288202355979068,
            0.7121105366720747,
            0.6701871812370395,
            0.15274964160226542
          ],
          "target_position_m": [
            0.4818455348447654,
            0.047437027698201344,
            1.4048458817173164
          ],
          "target_quaternion_wxyz": [
            0.14401882061382038,
            0.7115745070491394,
            0.6702725303982696,
            0.1538019350342488
          ],
          "inference_seconds": null,
          "server_request_index": 154,
          "chunk_index": 4,
          "chunk_size": 5,
          "executed_from_chunk": 5,
          "variant": "oftplus_h5_vision",
          "proprio_state": null,
          "gripper_target_closedness": 0.00347900390625,
          "gripper_command_at_policy_step": 0.0025482177734375,
          "gripper_measured_at_policy_step": 0.002540162925062539
        },
        {
          "policy_step": 35,
          "raw_action": [
            0.0042582419090199455,
            0.0026068071699114695,
            -0.0031915740879651412,
            -0.007192892772887132,
            0.006090962457256038,
            0.018090915214726326,
            0.0021209716796875
          ],
          "clipped_action": [
            0.0042582419090199455,
            0.0026068071699114695,
            -0.0031915740879651412,
            0.0,
            0.0,
            0.0,
            0.0021209716796875
          ],
          "rotation_delta_before_lock": [
            0.0,
            0.0,
            0.0
          ],
          "end_effector_orientation_locked": true,
          "action_was_clipped": true,
          "ik_success": true,
          "current_position_m": [
            0.48271491232484937,
            0.04708180476868878,
            1.4038527329206116
          ],
          "current_quaternion_wxyz": [
            0.1430867416594985,
            0.7123102157839555,
            0.669942913817177,
            0.15269850384739697
          ],
          "target_position_m": [
            0.48697315423386933,
            0.04968861193860025,
            1.4006611588326465
          ],
          "target_quaternion_wxyz": [
            0.14401882061382038,
            0.7115745070491394,
            0.6702725303982696,
            0.1538019350342488
          ],
          "inference_seconds": 0.18649638700298965,
          "server_request_index": 155,
          "chunk_index": 0,
          "chunk_size": 5,
          "executed_from_chunk": 5,
          "variant": "oftplus_h5_vision",
          "proprio_state": null,
          "gripper_target_closedness": 0.0021209716796875,
          "gripper_command_at_policy_step": 0.00347900390625,
          "gripper_measured_at_policy_step": 0.0034698155419580212
        },
        {
          "policy_step": 36,
          "raw_action": [
            0.0026793264560535743,
            0.0019364028473695845,
            -0.0023277597150929315,
            -0.005198242293178917,
            0.004341505328433708,
            0.013575559039060945,
            0.003173828125
          ],
          "clipped_action": [
            0.0026793264560535743,
            0.0019364028473695845,
            -0.0023277597150929315,
            0.0,
            0.0,
            0.0,
            0.003173828125
          ],
          "rotation_delta_before_lock": [
            0.0,
            0.0,
            0.0
          ],
          "end_effector_orientation_locked": true,
          "action_was_clipped": true,
          "ik_success": true,
          "current_position_m": [
            0.48783832143086814,
            0.04933076041822243,
            1.3996473989569722
          ],
          "current_quaternion_wxyz": [
            0.14336228826145672,
            0.7120255666049667,
            0.6701170269765342,
            0.15300332336732492
          ],
          "target_position_m": [
            0.4905176478869217,
            0.05126716326559201,
            1.3973196392418792
          ],
          "target_quaternion_wxyz": [
            0.14401882061382038,
            0.7115745070491394,
            0.6702725303982696,
            0.1538019350342488
          ],
          "inference_seconds": null,
          "server_request_index": 155,
          "chunk_index": 1,
          "chunk_size": 5,
          "executed_from_chunk": 5,
          "variant": "oftplus_h5_vision",
          "proprio_state": null,
          "gripper_target_closedness": 0.003173828125,
          "gripper_command_at_policy_step": 0.0021209716796875,
          "gripper_measured_at_policy_step": 0.002117310361615554
        },
        {
          "policy_step": 37,
          "raw_action": [
            0.0030635757919524713,
            0.0024814078002273754,
            -0.0026290903102809127,
            -0.006041052355027457,
            0.00446951438664022,
            0.014131295183758224,
            0.00159454345703125
          ],
          "clipped_action": [
            0.0030635757919524713,
            0.0024814078002273754,
            -0.0026290903102809127,
            0.0,
            0.0,
            0.0,
            0.00159454345703125
          ],
          "rotation_delta_before_lock": [
            0.0,
            0.0,
            0.0
          ],
          "end_effector_orientation_locked": true,
          "action_was_clipped": true,
          "ik_success": true,
          "current_position_m": [
            0.49138257435150273,
            0.05091355519173775,
            1.3962945385236374
          ],
          "current_quaternion_wxyz": [
            0.14305084300149778,
            0.7119589520367315,
            0.6702814637078331,
            0.1528844869206964
          ],
          "target_position_m": [
            0.4944461501434552,
            0.053394962991965125,
            1.3936654482133566
          ],
          "target_quaternion_wxyz": [
            0.14401882061382038,
            0.7115745070491394,
            0.6702725303982696,
            0.1538019350342488
          ],
          "inference_seconds": null,
          "server_request_index": 155,
          "chunk_index": 2,
          "chunk_size": 5,
          "executed_from_chunk": 5,
          "variant": "oftplus_h5_vision",
          "proprio_state": null,
          "gripper_target_closedness": 0.00159454345703125,
          "gripper_command_at_policy_step": 0.003173828125,
          "gripper_measured_at_policy_step": 0.0031641811646264673
        },
        {
          "policy_step": 38,
          "raw_action": [
            0.0025535721279412085,
            0.0026646838020733584,
            -0.0028098886673936993,
            -0.005422991643005193,
            0.004448179543605801,
            0.013853427111409583,
            0.002044677734375
          ],
          "clipped_action": [
            0.0025535721279412085,
            0.0026646838020733584,
            -0.0028098886673936993,
            0.0,
            0.0,
            0.0,
            0.002044677734375
          ],
          "rotation_delta_before_lock": [
            0.0,
            0.0,
            0.0
          ],
          "end_effector_orientation_locked": true,
          "action_was_clipped": true,
          "ik_success": true,
          "current_position_m": [
            0.4953107976778151,
            0.05304028794316921,
            1.3926235439343237
          ],
          "current_quaternion_wxyz": [
            0.14306652865117547,
            0.7119579000350075,
            0.6702821248255885,
            0.15287180935914604
          ],
          "target_position_m": [
            0.4978643698057563,
            0.05570497174524257,
            1.38981365526693
          ],
          "target_quaternion_wxyz": [
            0.14401882061382038,
            0.7115745070491394,
            0.6702725303982696,
            0.1538019350342488
          ],
          "inference_seconds": null,
          "server_request_index": 155,
          "chunk_index": 3,
          "chunk_size": 5,
          "executed_from_chunk": 5,
          "variant": "oftplus_h5_vision",
          "proprio_state": null,
          "gripper_target_closedness": 0.002044677734375,
          "gripper_command_at_policy_step": 0.00159454345703125,
          "gripper_measured_at_policy_step": 0.0015923013461047741
        },
        {
          "policy_step": 39,
          "raw_action": [
            0.0019555404342512916,
            0.0024042389573448557,
            -0.0027295338420102386,
            -0.004130682881504099,
            0.0035947858222290545,
            0.011491548496446154,
            0.0032806396484375
          ],
          "clipped_action": [
            0.0019555404342512916,
            0.0024042389573448557,
            -0.0027295338420102386,
            0.0,
            0.0,
            0.0,
            0.0032806396484375
          ],
          "rotation_delta_before_lock": [
            0.0,
            0.0,
            0.0
          ],
          "end_effector_orientation_locked": true,
          "action_was_clipped": true,
          "ik_success": true,
          "current_position_m": [
            0.49872802204852296,
            0.05535203926672424,
            1.388760972014017
          ],
          "current_quaternion_wxyz": [
            0.14286918246129648,
            0.7120980097624247,
            0.6702282501890896,
            0.15263981736003795
          ],
          "target_position_m": [
            0.5006835624827742,
            0.05775627822406909,
            1.386031438172007
          ],
          "target_quaternion_wxyz": [
            0.14401882061382038,
            0.7115745070491394,
            0.6702725303982696,
            0.1538019350342488
          ],
          "inference_seconds": null,
          "server_request_index": 155,
          "chunk_index": 4,
          "chunk_size": 5,
          "executed_from_chunk": 5,
          "variant": "oftplus_h5_vision",
          "proprio_state": null,
          "gripper_target_closedness": 0.0032806396484375,
          "gripper_command_at_policy_step": 0.002044677734375,
          "gripper_measured_at_policy_step": 0.0020373450784848535
        },
        {
          "policy_step": 40,
          "raw_action": [
            0.004219118340273878,
            0.0022016707447782436,
            -0.0030911305562358153,
            -0.006799581410691147,
            0.006026957928152782,
            0.01739624503385473,
            0.0028076171875
          ],
          "clipped_action": [
            0.004219118340273878,
            0.0022016707447782436,
            -0.0030911305562358153,
            0.0,
            0.0,
            0.0,
            0.0028076171875
          ],
          "rotation_delta_before_lock": [
            0.0,
            0.0,
            0.0
          ],
          "end_effector_orientation_locked": true,
          "action_was_clipped": true,
          "ik_success": true,
          "current_position_m": [
            0.5015438475908414,
            0.05740888065915279,
            1.3849677544226857
          ],
          "current_quaternion_wxyz": [
            0.143202708535744,
            0.7123062699920328,
            0.669930415563175,
            0.15266302860029854
          ],
          "target_position_m": [
            0.5057629659311152,
            0.05961055140393103,
            1.38187662386645
          ],
          "target_quaternion_wxyz": [
            0.14401882061382038,
            0.7115745070491394,
            0.6702725303982696,
            0.1538019350342488
          ],
          "inference_seconds": 0.18293657700996846,
          "server_request_index": 156,
          "chunk_index": 0,
          "chunk_size": 5,
          "executed_from_chunk": 5,
          "variant": "oftplus_h5_vision",
          "proprio_state": null,
          "gripper_target_closedness": 0.0028076171875,
          "gripper_command_at_policy_step": 0.0032806396484375,
          "gripper_measured_at_policy_step": 0.0032718292084233935
        },
        {
          "policy_step": 41,
          "raw_action": [
            0.002615052021685032,
            0.0018013573723251759,
            -0.0020866952389425493,
            -0.005310616968092055,
            0.0042988356423648705,
            0.013089289912450829,
            0.0032806396484375
          ],
          "clipped_action": [
            0.002615052021685032,
            0.0018013573723251759,
            -0.0020866952389425493,
            0.0,
            0.0,
            0.0,
            0.0032806396484375
          ],
          "rotation_delta_before_lock": [
            0.0,
            0.0,
            0.0
          ],
          "end_effector_orientation_locked": true,
          "action_was_clipped": true,
          "ik_success": true,
          "current_position_m": [
            0.5066189714855865,
            0.05926045192338151,
            1.3807902669529681
          ],
          "current_quaternion_wxyz": [
            0.1435309247949629,
            0.7118312989433757,
            0.6702519379242149,
            0.15315813782141485
          ],
          "target_position_m": [
            0.5092340235072715,
            0.06106180929570668,
            1.3787035717140257
          ],
          "target_quaternion_wxyz": [
            0.14401882061382038,
            0.7115745070491394,
            0.6702725303982696,
            0.1538019350342488
          ],
          "inference_seconds": null,
          "server_request_index": 156,
          "chunk_index": 1,
          "chunk_size": 5,
          "executed_from_chunk": 5,
          "variant": "oftplus_h5_vision",
          "proprio_state": null,
          "gripper_target_closedness": 0.0032806396484375,
          "gripper_command_at_policy_step": 0.0028076171875,
          "gripper_measured_at_policy_step": 0.002803213380534131
        },
        {
          "policy_step": 42,
          "raw_action": [
            0.002821848027914256,
            0.002192024639417929,
            -0.002287582302401201,
            -0.0058724903426577504,
            0.004341505328433708,
            0.013714493075235265,
            0.002044677734375
          ],
          "clipped_action": [
            0.002821848027914256,
            0.002192024639417929,
            -0.002287582302401201,
            0.0,
            0.0,
            0.0,
            0.002044677734375
          ],
          "rotation_delta_before_lock": [
            0.0,
            0.0,
            0.0
          ],
          "end_effector_orientation_locked": true,
          "action_was_clipped": true,
          "ik_success": true,
          "current_position_m": [
            0.5100867415835422,
            0.06071606769903377,
            1.3776066044251924
          ],
          "current_quaternion_wxyz": [
            0.14338785548844507,
            0.7118423382340596,
            0.6702999347381856,
            0.15303073510205623
          ],
          "target_position_m": [
            0.5129085896114565,
            0.0629080923384517,
            1.3753190221227913
          ],
          "target_quaternion_wxyz": [
            0.14401882061382038,
            0.7115745070491394,
            0.6702725303982696,
            0.1538019350342488
          ],
          "inference_seconds": null,
          "server_request_index": 156,
          "chunk_index": 2,
          "chunk_size": 5,
          "executed_from_chunk": 5,
          "variant": "oftplus_h5_vision",
          "proprio_state": null,
          "gripper_target_closedness": 0.002044677734375,
          "gripper_command_at_policy_step": 0.0032806396484375,
          "gripper_measured_at_policy_step": 0.0032745589470041248
        },
        {
          "policy_step": 43,
          "raw_action": [
            0.0023300088779636702,
            0.002187201586737771,
            -0.002367937127784662,
            -0.005310616968092055,
            0.00414949174112394,
            0.013019822894363669,
            0.002471923828125
          ],
          "clipped_action": [
            0.0023300088779636702,
            0.002187201586737771,
            -0.002367937127784662,
            0.0,
            0.0,
            0.0,
            0.002471923828125
          ],
          "rotation_delta_before_lock": [
            0.0,
            0.0,
            0.0
          ],
          "end_effector_orientation_locked": true,
          "action_was_clipped": true,
          "ik_success": true,
          "current_position_m": [
            0.5137613809361785,
            0.06256083184146685,
            1.3742070553444705
          ],
          "current_quaternion_wxyz": [
            0.14328251589379057,
            0.7117175580257286,
            0.6704373997139819,
            0.15310758081098955
          ],
          "target_position_m": [
            0.5160913898141422,
            0.06474803342820462,
            1.3718391182166858
          ],
          "target_quaternion_wxyz": [
            0.14401882061382038,
            0.7115745070491394,
            0.6702725303982696,
            0.1538019350342488
          ],
          "inference_seconds": null,
          "server_request_index": 156,
          "chunk_index": 3,
          "chunk_size": 5,
          "executed_from_chunk": 5,
          "variant": "oftplus_h5_vision",
          "proprio_state": null,
          "gripper_target_closedness": 0.002471923828125,
          "gripper_command_at_policy_step": 0.002044677734375,
          "gripper_measured_at_policy_step": 0.0020422586079301697
        },
        {
          "policy_step": 44,
          "raw_action": [
            0.0019555404342512916,
            0.0021582632706568256,
            -0.0023076710087470663,
            -0.004523994243700084,
            0.0037654645665044038,
            0.011630482532620475,
            0.0028076171875
          ],
          "clipped_action": [
            0.0019555404342512916,
            0.0021582632706568256,
            -0.0023076710087470663,
            0.0,
            0.0,
            0.0,
            0.0028076171875
          ],
          "rotation_delta_before_lock": [
            0.0,
            0.0,
            0.0
          ],
          "end_effector_orientation_locked": true,
          "action_was_clipped": true,
          "ik_success": true,
          "current_position_m": [
            0.5169423018915348,
            0.06440263493018397,
            1.370716612156575
          ],
          "current_quaternion_wxyz": [
            0.14309520421416297,
            0.7119672909705625,
            0.6702959272156074,
            0.1527406595413104
          ],
          "target_position_m": [
            0.5188978423257861,
            0.0665608982008408,
            1.368408941147828
          ],
          "target_quaternion_wxyz": [
            0.14401882061382038,
            0.7115745070491394,
            0.6702725303982696,
            0.1538019350342488
          ],
          "inference_seconds": null,
          "server_request_index": 156,
          "chunk_index": 4,
          "chunk_size": 5,
          "executed_from_chunk": 5,
          "variant": "oftplus_h5_vision",
          "proprio_state": null,
          "gripper_target_closedness": 0.0028076171875,
          "gripper_command_at_policy_step": 0.002471923828125,
          "gripper_measured_at_policy_step": 0.0024665563270963586
        },
        {
          "policy_step": 45,
          "raw_action": [
            0.0044873942402469235,
            0.0025392844323892643,
            -0.0036937917466117742,
            -0.006855768748147716,
            0.006602998690082087,
            0.018785585395597923,
            0.003173828125
          ],
          "clipped_action": [
            0.0044873942402469235,
            0.0025392844323892643,
            -0.0036937917466117742,
            0.0,
            0.0,
            0.0,
            0.003173828125
          ],
          "rotation_delta_before_lock": [
            0.0,
            0.0,
            0.0
          ],
          "end_effector_orientation_locked": true,
          "action_was_clipped": true,
          "ik_success": true,
          "current_position_m": [
            0.5197458856881416,
            0.06621733698588793,
            1.3672751628471456
          ],
          "current_quaternion_wxyz": [
            0.14305833570018436,
            0.712087733058929,
            0.6702042029345078,
            0.15261618322645146
          ],
          "target_position_m": [
            0.5242332799283885,
            0.0687566214182772,
            1.3635813711005338
          ],
          "target_quaternion_wxyz": [
            0.14401882061382038,
            0.7115745070491394,
            0.6702725303982696,
            0.1538019350342488
          ],
          "inference_seconds": 0.18784702103585005,
          "server_request_index": 157,
          "chunk_index": 0,
          "chunk_size": 5,
          "executed_from_chunk": 5,
          "variant": "oftplus_h5_vision",
          "proprio_state": null,
          "gripper_target_closedness": 0.003173828125,
          "gripper_command_at_policy_step": 0.0028076171875,
          "gripper_measured_at_policy_step": 0.0028025710891033118
        },
        {
          "policy_step": 46,
          "raw_action": [
            0.0027575735935457136,
            0.0017386576874831288,
            -0.0021570057111530774,
            -0.005422991643005193,
            0.0044908492296746386,
            0.013367157984799467,
            0.004058837890625
          ],
          "clipped_action": [
            0.0027575735935457136,
            0.0017386576874831288,
            -0.0021570057111530774,
            0.0,
            0.0,
            0.0,
            0.004058837890625
          ],
          "rotation_delta_before_lock": [
            0.0,
            0.0,
            0.0
          ],
          "end_effector_orientation_locked": true,
          "action_was_clipped": true,
          "ik_success": true,
          "current_position_m": [
            0.5250738677712748,
            0.06840892189890649,
            1.3624279343340227
          ],
          "current_quaternion_wxyz": [
            0.14350061652908397,
            0.7118148682978658,
            0.6703041334152584,
            0.1530344244027609
          ],
          "target_position_m": [
            0.5278314413648205,
            0.07014757958638962,
            1.3602709286228696
          ],
          "target_quaternion_wxyz": [
            0.14401882061382038,
            0.7115745070491394,
            0.6702725303982696,
            0.1538019350342488
          ],
          "inference_seconds": null,
          "server_request_index": 157,
          "chunk_index": 1,
          "chunk_size": 5,
          "executed_from_chunk": 5,
          "variant": "oftplus_h5_vision",
          "proprio_state": null,
          "gripper_target_closedness": 0.004058837890625,
          "gripper_command_at_policy_step": 0.003173828125,
          "gripper_measured_at_policy_step": 0.0031673283926372253
        },
        {
          "policy_step": 47,
          "raw_action": [
            0.0028637661372850447,
            0.001825472635725963,
            -0.001996296060386156,
            -0.005760115667744609,
            0.004234831113261614,
            0.012880888858189348,
            0.0033721923828125
          ],
          "clipped_action": [
            0.0028637661372850447,
            0.001825472635725963,
            -0.001996296060386156,
            0.0,
            0.0,
            0.0,
            0.0033721923828125
          ],
          "rotation_delta_before_lock": [
            0.0,
            0.0,
            0.0
          ],
          "end_effector_orientation_locked": true,
          "action_was_clipped": true,
          "ik_success": true,
          "current_position_m": [
            0.5286695370392637,
            0.06980598996517563,
            1.359104455850187
          ],
          "current_quaternion_wxyz": [
            0.14359181456227013,
            0.7118246615585307,
            0.6702771381518602,
            0.15302156729935137
          ],
          "target_position_m": [
            0.5315333031765487,
            0.0716314626009016,
            1.357108159789801
          ],
          "target_quaternion_wxyz": [
            0.14401882061382038,
            0.7115745070491394,
            0.6702725303982696,
            0.1538019350342488
          ],
          "inference_seconds": null,
          "server_request_index": 157,
          "chunk_index": 2,
          "chunk_size": 5,
          "executed_from_chunk": 5,
          "variant": "oftplus_h5_vision",
          "proprio_state": null,
          "gripper_target_closedness": 0.0033721923828125,
          "gripper_command_at_policy_step": 0.004058837890625,
          "gripper_measured_at_policy_step": 0.004052662900809634
        },
        {
          "policy_step": 48,
          "raw_action": [
            0.002357954284210862,
            0.0017675960035640724,
            -0.001835586409619231,
            -0.005198242293178917,
            0.0038934736247109155,
            0.011699949550707635,
            0.003936767578125
          ],
          "clipped_action": [
            0.002357954284210862,
            0.0017675960035640724,
            -0.001835586409619231,
            0.0,
            0.0,
            0.0,
            0.003936767578125
          ],
          "rotation_delta_before_lock": [
            0.0,
            0.0,
            0.0
          ],
          "end_effector_orientation_locked": true,
          "action_was_clipped": true,
          "ik_success": true,
          "current_position_m": [
            0.5323685312759675,
            0.07128929087633243,
            1.355927323917392
          ],
          "current_quaternion_wxyz": [
            0.14373311548760417,
            0.711720679960669,
            0.6703125314734134,
            0.1532174121249093
          ],
          "target_position_m": [
            0.5347264855601783,
            0.0730568868798965,
            1.3540917375077726
          ],
          "target_quaternion_wxyz": [
            0.14401882061382038,
            0.7115745070491394,
            0.6702725303982696,
            0.1538019350342488
          ],
          "inference_seconds": null,
          "server_request_index": 157,
          "chunk_index": 3,
          "chunk_size": 5,
          "executed_from_chunk": 5,
          "variant": "oftplus_h5_vision",
          "proprio_state": null,
          "gripper_target_closedness": 0.003936767578125,
          "gripper_command_at_policy_step": 0.0033721923828125,
          "gripper_measured_at_policy_step": 0.003369746537044138
        },
        {
          "policy_step": 49,
          "raw_action": [
            0.002480914071698509,
            0.0020376869536528897,
            -0.0022273161833636056,
            -0.005310616968092055,
            0.004213496270227196,
            0.01253355376775355,
            0.0033721923828125
          ],
          "clipped_action": [
            0.002480914071698509,
            0.0020376869536528897,
            -0.0022273161833636056,
            0.0,
            0.0,
            0.0,
            0.0033721923828125
          ],
          "rotation_delta_before_lock": [
            0.0,
            0.0,
            0.0
          ],
          "end_effector_orientation_locked": true,
          "action_was_clipped": true,
          "ik_success": true,
          "current_position_m": [
            0.5355588702577753,
            0.07271445327811547,
            1.3529002004987758
          ],
          "current_quaternion_wxyz": [
            0.14364757109515813,
            0.7117443039835633,
            0.6703347121077216,
            0.15309080576204737
          ],
          "target_position_m": [
            0.5380397843294737,
            0.07475214023176836,
            1.350672884315412
          ],
          "target_quaternion_wxyz": [
            0.14401882061382038,
            0.7115745070491394,
            0.6702725303982696,
            0.1538019350342488
          ],
          "inference_seconds": null,
          "server_request_index": 157,
          "chunk_index": 4,
          "chunk_size": 5,
          "executed_from_chunk": 5,
          "variant": "oftplus_h5_vision",
          "proprio_state": null,
          "gripper_target_closedness": 0.0033721923828125,
          "gripper_command_at_policy_step": 0.003936767578125,
          "gripper_measured_at_policy_step": 0.003931334049537272
        },
        {
          "policy_step": 50,
          "raw_action": [
            0.004185583852777246,
            0.0025392844323892643,
            -0.003271928913348602,
            -0.006041052355027457,
            0.005962953399049526,
            0.01635423976254733,
            0.00360107421875
          ],
          "clipped_action": [
            0.004185583852777246,
            0.0025392844323892643,
            -0.003271928913348602,
            0.0,
            0.0,
            0.0,
            0.00360107421875
          ],
          "rotation_delta_before_lock": [
            0.0,
            0.0,
            0.0
          ],
          "end_effector_orientation_locked": true,
          "action_was_clipped": true,
          "ik_success": true,
          "current_position_m": [
            0.5388688882511627,
            0.0744106991938459,
            1.349469486769094
          ],
          "current_quaternion_wxyz": [
            0.14353010636846886,
            0.7118146514501643,
            0.6703325886351457,
            0.15288306368084664
          ],
          "target_position_m": [
            0.54305447210394,
            0.07694998362623516,
            1.3461975578557452
          ],
          "target_quaternion_wxyz": [
            0.14401882061382038,
            0.7115745070491394,
            0.6702725303982696,
            0.1538019350342488
          ],
          "inference_seconds": 0.18496475194115192,
          "server_request_index": 158,
          "chunk_index": 0,
          "chunk_size": 5,
          "executed_from_chunk": 5,
          "variant": "oftplus_h5_vision",
          "proprio_state": null,
          "gripper_target_closedness": 0.00360107421875,
          "gripper_command_at_policy_step": 0.0033721923828125,
          "gripper_measured_at_policy_step": 0.00337009979733105
        },
        {
          "policy_step": 51,
          "raw_action": [
            0.0023914887717074937,
            0.0016711349499609236,
            -0.001996296060386156,
            -0.004411619568786943,
            0.003914808467745334,
            0.011491548496446154,
            0.0047607421875
          ],
          "clipped_action": [
            0.0023914887717074937,
            0.0016711349499609236,
            -0.001996296060386156,
            0.0,
            0.0,
            0.0,
            0.0047607421875
          ],
          "rotation_delta_before_lock": [
            0.0,
            0.0,
            0.0
          ],
          "end_effector_orientation_locked": true,
          "action_was_clipped": true,
          "ik_success": true,
          "current_position_m": [
            0.5438787806926446,
            0.07660508460839277,
            1.3449715910615039
          ],
          "current_quaternion_wxyz": [
            0.14403629749925012,
            0.7118351539165746,
            0.6701851180301439,
            0.15295805379971295
          ],
          "target_position_m": [
            0.5462702694643521,
            0.07827621955835369,
            1.3429752950011178
          ],
          "target_quaternion_wxyz": [
            0.14401882061382038,
            0.7115745070491394,
            0.6702725303982696,
            0.1538019350342488
          ],
          "inference_seconds": null,
          "server_request_index": 158,
          "chunk_index": 1,
          "chunk_size": 5,
          "executed_from_chunk": 5,
          "variant": "oftplus_h5_vision",
          "proprio_state": null,
          "gripper_target_closedness": 0.0047607421875,
          "gripper_command_at_policy_step": 0.00360107421875,
          "gripper_measured_at_policy_step": 0.0035984022863980725
        },
        {
          "policy_step": 52,
          "raw_action": [
            0.002480914071698509,
            0.001656665791920451,
            -0.0017753202905816355,
            -0.004692556256069791,
            0.0035947858222290545,
            0.010519010243225919,
            0.00433349609375
          ],
          "clipped_action": [
            0.002480914071698509,
            0.001656665791920451,
            -0.0017753202905816355,
            0.0,
            0.0,
            0.0,
            0.00433349609375
          ],
          "rotation_delta_before_lock": [
            0.0,
            0.0,
            0.0
          ],
          "end_effector_orientation_locked": true,
          "action_was_clipped": true,
          "ik_success": true,
          "current_position_m": [
            0.5470916358585911,
            0.07793477405149281,
            1.341740680776142
          ],
          "current_quaternion_wxyz": [
            0.1437533113873529,
            0.7118118312941695,
            0.6702846138071685,
            0.15289682399640078
          ],
          "target_position_m": [
            0.5495725499302896,
            0.07959143984341326,
            1.3399653604855604
          ],
          "target_quaternion_wxyz": [
            0.14401882061382038,
            0.7115745070491394,
            0.6702725303982696,
            0.1538019350342488
          ],
          "inference_seconds": null,
          "server_request_index": 158,
          "chunk_index": 2,
          "chunk_size": 5,
          "executed_from_chunk": 5,
          "variant": "oftplus_h5_vision",
          "proprio_state": null,
          "gripper_target_closedness": 0.00433349609375,
          "gripper_command_at_policy_step": 0.0047607421875,
          "gripper_measured_at_policy_step": 0.004754591090925908
        },
        {
          "policy_step": 53,
          "raw_action": [
            0.0022070490904760234,
            0.0015746738963577749,
            -0.0015744332271229837,
            -0.004580181581156653,
            0.0034667767640225427,
            0.009963274098528643,
            0.00506591796875
          ],
          "clipped_action": [
            0.0022070490904760234,
            0.0015746738963577749,
            -0.0015744332271229837,
            0.0,
            0.0,
            0.0,
            0.00506591796875
          ],
          "rotation_delta_before_lock": [
            0.0,
            0.0,
            0.0
          ],
          "end_effector_orientation_locked": true,
          "action_was_clipped": true,
          "ik_success": true,
          "current_position_m": [
            0.5503877555264541,
            0.07925032854740549,
            1.3387213816630894
          ],
          "current_quaternion_wxyz": [
            0.14382436674891957,
            0.7117748487500174,
            0.6702792487584744,
            0.15302563478037678
          ],
          "target_position_m": [
            0.5525948046169301,
            0.08082500244376327,
            1.3371469484359664
          ],
          "target_quaternion_wxyz": [
            0.14401882061382038,
            0.7115745070491394,
            0.6702725303982696,
            0.1538019350342488
          ],
          "inference_seconds": null,
          "server_request_index": 158,
          "chunk_index": 3,
          "chunk_size": 5,
          "executed_from_chunk": 5,
          "variant": "oftplus_h5_vision",
          "proprio_state": null,
          "gripper_target_closedness": 0.00506591796875,
          "gripper_command_at_policy_step": 0.00433349609375,
          "gripper_measured_at_policy_step": 0.004330068569758927
        },
        {
          "policy_step": 54,
          "raw_action": [
            0.002458557746700755,
            0.0018158265303656468,
            -0.0022072274770177404,
            -0.0049734929433526386,
            0.003957478153814172,
            0.011144213406010356,
            0.00421142578125
          ],
          "clipped_action": [
            0.002458557746700755,
            0.0018158265303656468,
            -0.0022072274770177404,
            0.0,
            0.0,
            0.0,
            0.00421142578125
          ],
          "rotation_delta_before_lock": [
            0.0,
            0.0,
            0.0
          ],
          "end_effector_orientation_locked": true,
          "action_was_clipped": true,
          "ik_success": true,
          "current_position_m": [
            0.553407359550121,
            0.08048379852189219,
            1.3358910978031304
          ],
          "current_quaternion_wxyz": [
            0.14378748205860895,
            0.7117403964042175,
            0.670311634680432,
            0.15307867435296044
          ],
          "target_position_m": [
            0.5558659172968218,
            0.08229962505225784,
            1.3336838703261127
          ],
          "target_quaternion_wxyz": [
            0.14401882061382038,
            0.7115745070491394,
            0.6702725303982696,
            0.1538019350342488
          ],
          "inference_seconds": null,
          "server_request_index": 158,
          "chunk_index": 4,
          "chunk_size": 5,
          "executed_from_chunk": 5,
          "variant": "oftplus_h5_vision",
          "proprio_state": null,
          "gripper_target_closedness": 0.00421142578125,
          "gripper_command_at_policy_step": 0.00506591796875,
          "gripper_measured_at_policy_step": 0.005061156790832078
        },
        {
          "policy_step": 55,
          "raw_action": [
            0.0032574470477923674,
            0.0020135716902521025,
            -0.0026290903102809127,
            -0.005085867618265776,
            0.00493888093339743,
            0.013228223948625146,
            0.00433349609375
          ],
          "clipped_action": [
            0.0032574470477923674,
            0.0020135716902521025,
            -0.0026290903102809127,
            0.0,
            0.0,
            0.0,
            0.00433349609375
          ],
          "rotation_delta_before_lock": [
            0.0,
            0.0,
            0.0
          ],
          "end_effector_orientation_locked": true,
          "action_was_clipped": true,
          "ik_success": true,
          "current_position_m": [
            0.5566744929095682,
            0.08195909408931348,
            1.3324168239212522
          ],
          "current_quaternion_wxyz": [
            0.14374715322330683,
            0.7118110197705584,
            0.6703002168723387,
            0.1528379773953079
          ],
          "target_position_m": [
            0.5599319399573606,
            0.08397266577956558,
            1.3297877336109711
          ],
          "target_quaternion_wxyz": [
            0.14401882061382038,
            0.7115745070491394,
            0.6702725303982696,
            0.1538019350342488
          ],
          "inference_seconds": 0.18826105596963316,
          "server_request_index": 159,
          "chunk_index": 0,
          "chunk_size": 5,
          "executed_from_chunk": 5,
          "variant": "oftplus_h5_vision",
          "proprio_state": null,
          "gripper_target_closedness": 0.00433349609375,
          "gripper_command_at_policy_step": 0.00421142578125,
          "gripper_measured_at_policy_step": 0.004211340998781177
        },
        {
          "policy_step": 56,
          "raw_action": [
            0.002234994496723215,
            0.0013455788940502957,
            -0.001614610639814714,
            -0.004243057556417237,
            0.0035521161361602178,
            0.010519010243225919,
            0.006500244140625
          ],
          "clipped_action": [
            0.002234994496723215,
            0.0013455788940502957,
            -0.001614610639814714,
            0.0,
            0.0,
            0.0,
            0.006500244140625
          ],
          "rotation_delta_before_lock": [
            0.0,
            0.0,
            0.0
          ],
          "end_effector_orientation_locked": true,
          "action_was_clipped": true,
          "ik_success": true,
          "current_position_m": [
            0.5607332144433836,
            0.08363103609319761,
            1.3285068482221245
          ],
          "current_quaternion_wxyz": [
            0.14385543845217827,
            0.7116895172437184,
            0.6703461928369598,
            0.15310005101935173
          ],
          "target_position_m": [
            0.5629682089401069,
            0.0849766149872479,
            1.3268922375823098
          ],
          "target_quaternion_wxyz": [
            0.14401882061382038,
            0.7115745070491394,
            0.6702725303982696,
            0.1538019350342488
          ],
          "inference_seconds": null,
          "server_request_index": 159,
          "chunk_index": 1,
          "chunk_size": 5,
          "executed_from_chunk": 5,
          "variant": "oftplus_h5_vision",
          "proprio_state": null,
          "gripper_target_closedness": 0.006500244140625,
          "gripper_command_at_policy_step": 0.00433349609375,
          "gripper_measured_at_policy_step": 0.004330807204904308
        },
        {
          "policy_step": 57,
          "raw_action": [
            0.0022182272529748994,
            0.0015119742115157278,
            -0.0015945219334688489,
            -0.0042992448938738055,
            0.003125419275471844,
            0.009129669881482725,
            0.004608154296875
          ],
          "clipped_action": [
            0.0022182272529748994,
            0.0015119742115157278,
            -0.0015945219334688489,
            0.0,
            0.0,
            0.0,
            0.004608154296875
          ],
          "rotation_delta_before_lock": [
            0.0,
            0.0,
            0.0
          ],
          "end_effector_orientation_locked": true,
          "action_was_clipped": true,
          "ik_success": true,
          "current_position_m": [
            0.5637663399248927,
            0.08463725058197738,
            1.3256018360120778
          ],
          "current_quaternion_wxyz": [
            0.14371456950273284,
            0.7117164894585957,
            0.6703241339007759,
            0.15320351384857842
          ],
          "target_position_m": [
            0.5659845671778676,
            0.0861492247934931,
            1.324007314078609
          ],
          "target_quaternion_wxyz": [
            0.14401882061382038,
            0.7115745070491394,
            0.6702725303982696,
            0.1538019350342488
          ],
          "inference_seconds": null,
          "server_request_index": 159,
          "chunk_index": 2,
          "chunk_size": 5,
          "executed_from_chunk": 5,
          "variant": "oftplus_h5_vision",
          "proprio_state": null,
          "gripper_target_closedness": 0.004608154296875,
          "gripper_command_at_policy_step": 0.006500244140625,
          "gripper_measured_at_policy_step": 0.006491379234297545
        },
        {
          "policy_step": 58,
          "raw_action": [
            0.001994664002997361,
            0.001458920632033997,
            -0.0013534574573184632,
            -0.004243057556417237,
            0.0029974102172653323,
            0.00857393373678545,
            0.006103515625
          ],
          "clipped_action": [
            0.001994664002997361,
            0.001458920632033997,
            -0.0013534574573184632,
            0.0,
            0.0,
            0.0,
            0.006103515625
          ],
          "rotation_delta_before_lock": [
            0.0,
            0.0,
            0.0
          ],
          "end_effector_orientation_locked": true,
          "action_was_clipped": true,
          "ik_success": true,
          "current_position_m": [
            0.5667779142426229,
            0.08581030571960703,
            1.3227068464626786
          ],
          "current_quaternion_wxyz": [
            0.14390886344382378,
            0.7118451749309672,
            0.670223290877858,
            0.15286407790799597
          ],
          "target_position_m": [
            0.5687725782456203,
            0.08726922635164103,
            1.3213533890053601
          ],
          "target_quaternion_wxyz": [
            0.14401882061382038,
            0.7115745070491394,
            0.6702725303982696,
            0.1538019350342488
          ],
          "inference_seconds": null,
          "server_request_index": 159,
          "chunk_index": 3,
          "chunk_size": 5,
          "executed_from_chunk": 5,
          "variant": "oftplus_h5_vision",
          "proprio_state": null,
          "gripper_target_closedness": 0.006103515625,
          "gripper_command_at_policy_step": 0.004608154296875,
          "gripper_measured_at_policy_step": 0.004609690144144252
        },
        {
          "policy_step": 59,
          "raw_action": [
            0.0021735146029793918,
            0.0017579498982037579,
            -0.0019058968818297627,
            -0.004580181581156653,
            0.003424107077953705,
            0.009546471990005684,
            0.00628662109375
          ],
          "clipped_action": [
            0.0021735146029793918,
            0.0017579498982037579,
            -0.0019058968818297627,
            0.0,
            0.0,
            0.0,
            0.00628662109375
          ],
          "rotation_delta_before_lock": [
            0.0,
            0.0,
            0.0
          ],
          "end_effector_orientation_locked": true,
          "action_was_clipped": true,
          "ik_success": true,
          "current_position_m": [
            0.5695619499271017,
            0.08693018998212573,
            1.320043739676848
          ],
          "current_quaternion_wxyz": [
            0.14379959475852966,
            0.7117234202350442,
            0.670328054117267,
            0.1530743267160492
          ],
          "target_position_m": [
            0.5717354645300812,
            0.08868813988032949,
            1.3181378427950183
          ],
          "target_quaternion_wxyz": [
            0.14401882061382038,
            0.7115745070491394,
            0.6702725303982696,
            0.1538019350342488
          ],
          "inference_seconds": null,
          "server_request_index": 159,
          "chunk_index": 4,
          "chunk_size": 5,
          "executed_from_chunk": 5,
          "variant": "oftplus_h5_vision",
          "proprio_state": null,
          "gripper_target_closedness": 0.00628662109375,
          "gripper_command_at_policy_step": 0.006103515625,
          "gripper_measured_at_policy_step": 0.006096851722947494
        },
        {
          "policy_step": 60,
          "raw_action": [
            0.0026709428341794173,
            0.0014830358954347842,
            -0.002448291953168126,
            -0.004243057556417237,
            0.0044908492296746386,
            0.011769416568794796,
            0.004913330078125
          ],
          "clipped_action": [
            0.0026709428341794173,
            0.0014830358954347842,
            -0.002448291953168126,
            0.0,
            0.0,
            0.0,
            0.004913330078125
          ],
          "rotation_delta_before_lock": [
            0.0,
            0.0,
            0.0
          ],
          "end_effector_orientation_locked": true,
          "action_was_clipped": true,
          "ik_success": true,
          "current_position_m": [
            0.57251996301857,
            0.08834826806532318,
            1.316817921653576
          ],
          "current_quaternion_wxyz": [
            0.1438376609985663,
            0.7117328972742792,
            0.6703542075047904,
            0.15287984398424243
          ],
          "target_position_m": [
            0.5751909058527495,
            0.08983130396075797,
            1.314369629700408
          ],
          "target_quaternion_wxyz": [
            0.14401882061382038,
            0.7115745070491394,
            0.6702725303982696,
            0.1538019350342488
          ],
          "inference_seconds": 0.1899656280875206,
          "server_request_index": 160,
          "chunk_index": 0,
          "chunk_size": 5,
          "executed_from_chunk": 5,
          "variant": "oftplus_h5_vision",
          "proprio_state": null,
          "gripper_target_closedness": 0.004913330078125,
          "gripper_command_at_policy_step": 0.00628662109375,
          "gripper_measured_at_policy_step": 0.006284079675016763
        },
        {
          "policy_step": 61,
          "raw_action": [
            0.0019052387030063442,
            0.0012045046031556907,
            -0.0013032356914538003,
            -0.0036249968443949725,
            0.003125419275471844,
            0.009407537953831363,
            0.00885009765625
          ],
          "clipped_action": [
            0.0019052387030063442,
            0.0012045046031556907,
            -0.0013032356914538003,
            0.0,
            0.0,
            0.0,
            0.00885009765625
          ],
          "rotation_delta_before_lock": [
            0.0,
            0.0,
            0.0
          ],
          "end_effector_orientation_locked": true,
          "action_was_clipped": true,
          "ik_success": true,
          "current_position_m": [
            0.575969192036498,
            0.08949068003232652,
            1.313036872017789
          ],
          "current_quaternion_wxyz": [
            0.14377993899717945,
            0.7118025739507329,
            0.6702993651790373,
            0.15285020739161068
          ],
          "target_position_m": [
            0.5778744307395043,
            0.0906951846354822,
            1.3117336363263352
          ],
          "target_quaternion_wxyz": [
            0.14401882061382038,
            0.7115745070491394,
            0.6702725303982696,
            0.1538019350342488
          ],
          "inference_seconds": null,
          "server_request_index": 160,
          "chunk_index": 1,
          "chunk_size": 5,
          "executed_from_chunk": 5,
          "variant": "oftplus_h5_vision",
          "proprio_state": null,
          "gripper_target_closedness": 0.00885009765625,
          "gripper_command_at_policy_step": 0.004913330078125,
          "gripper_measured_at_policy_step": 0.004914553771758978
        },
        {
          "policy_step": 62,
          "raw_action": [
            0.0018828823780085904,
            0.0013696941574510828,
            -0.0013233243977996655,
            -0.0035688095069384036,
            0.0027840617869211454,
            0.00843499970061113,
            0.00628662109375
          ],
          "clipped_action": [
            0.0018828823780085904,
            0.0013696941574510828,
            -0.0013233243977996655,
            0.0,
            0.0,
            0.0,
            0.00628662109375
          ],
          "rotation_delta_before_lock": [
            0.0,
            0.0,
            0.0
          ],
          "end_effector_orientation_locked": true,
          "action_was_clipped": true,
          "ik_success": true,
          "current_position_m": [
            0.5786472726944042,
            0.09035667075740561,
            1.310395421083498
          ],
          "current_quaternion_wxyz": [
            0.1437836623298757,
            0.7118313668236905,
            0.6702636879112049,
            0.1528690692082458
          ],
          "target_position_m": [
            0.5805301550724128,
            0.0917263649148567,
            1.3090720966856983
          ],
          "target_quaternion_wxyz": [
            0.14401882061382038,
            0.7115745070491394,
            0.6702725303982696,
            0.1538019350342488
          ],
          "inference_seconds": null,
          "server_request_index": 160,
          "chunk_index": 2,
          "chunk_size": 5,
          "executed_from_chunk": 5,
          "variant": "oftplus_h5_vision",
          "proprio_state": null,
          "gripper_target_closedness": 0.00628662109375,
          "gripper_command_at_policy_step": 0.00885009765625,
          "gripper_measured_at_policy_step": 0.008836931195752462
        },
        {
          "policy_step": 63,
          "raw_action": [
            0.0016704972905299282,
            0.0014492745266736808,
            -0.0014036792231831297,
            -0.0037935588567646825,
            0.002912070845127657,
            0.00857393373678545,
            0.006103515625
          ],
          "clipped_action": [
            0.0016704972905299282,
            0.0014492745266736808,
            -0.0014036792231831297,
            0.0,
            0.0,
            0.0,
            0.006103515625
          ],
          "rotation_delta_before_lock": [
            0.0,
            0.0,
            0.0
          ],
          "end_effector_orientation_locked": true,
          "action_was_clipped": true,
          "ik_success": true,
          "current_position_m": [
            0.5812991319844334,
            0.09138780016682733,
            1.3077239083809333
          ],
          "current_quaternion_wxyz": [
            0.14374490882291388,
            0.7116833228976919,
            0.6703664139649607,
            0.15314411554007176
          ],
          "target_position_m": [
            0.5829696292749633,
            0.09283707469350101,
            1.3063202291577503
          ],
          "target_quaternion_wxyz": [
            0.14401882061382038,
            0.7115745070491394,
            0.6702725303982696,
            0.1538019350342488
          ],
          "inference_seconds": null,
          "server_request_index": 160,
          "chunk_index": 3,
          "chunk_size": 5,
          "executed_from_chunk": 5,
          "variant": "oftplus_h5_vision",
          "proprio_state": null,
          "gripper_target_closedness": 0.006103515625,
          "gripper_command_at_policy_step": 0.00628662109375,
          "gripper_measured_at_policy_step": 0.006289571266749894
        },
        {
          "policy_step": 64,
          "raw_action": [
            0.0017152099405254358,
            0.0015481471066169095,
            -0.0016447436993335118,
            -0.0036811841818515413,
            0.003253428333678356,
            0.00857393373678545,
            0.00860595703125
          ],
          "clipped_action": [
            0.0017152099405254358,
            0.0015481471066169095,
            -0.0016447436993335118,
            0.0,
            0.0,
            0.0,
            0.00860595703125
          ],
          "rotation_delta_before_lock": [
            0.0,
            0.0,
            0.0
          ],
          "end_effector_orientation_locked": true,
          "action_was_clipped": true,
          "ik_success": true,
          "current_position_m": [
            0.5837333751393355,
            0.09249831385031793,
            1.3049649294970285
          ],
          "current_quaternion_wxyz": [
            0.14374247435463017,
            0.7116929665561996,
            0.6703942774809262,
            0.15297952523678318
          ],
          "target_position_m": [
            0.585448585079861,
            0.09404646095693484,
            1.303320185797695
          ],
          "target_quaternion_wxyz": [
            0.14401882061382038,
            0.7115745070491394,
            0.6702725303982696,
            0.1538019350342488
          ],
          "inference_seconds": null,
          "server_request_index": 160,
          "chunk_index": 4,
          "chunk_size": 5,
          "executed_from_chunk": 5,
          "variant": "oftplus_h5_vision",
          "proprio_state": null,
          "gripper_target_closedness": 0.00860595703125,
          "gripper_command_at_policy_step": 0.006103515625,
          "gripper_measured_at_policy_step": 0.006100930273532867
        },
        {
          "policy_step": 65,
          "raw_action": [
            0.003593141240336767,
            0.001577085422697853,
            -0.0032518402070027368,
            -0.0058724903426577504,
            0.006240306358496968,
            0.016840508889157453,
            0.00347900390625
          ],
          "clipped_action": [
            0.003593141240336767,
            0.001577085422697853,
            -0.0032518402070027368,
            0.0,
            0.0,
            0.0,
            0.00347900390625
          ],
          "rotation_delta_before_lock": [
            0.0,
            0.0,
            0.0
          ],
          "end_effector_orientation_locked": true,
          "action_was_clipped": true,
          "ik_success": true,
          "current_position_m": [
            0.5862066451040526,
            0.0937070503070404,
            1.3019582574860127
          ],
          "current_quaternion_wxyz": [
            0.14357171885010828,
            0.7116620547364539,
            0.6704710154768388,
            0.1529473726487991
          ],
          "target_position_m": [
            0.5897997863443893,
            0.09528413572973825,
            1.29870641727901
          ],
          "target_quaternion_wxyz": [
            0.14401882061382038,
            0.7115745070491394,
            0.6702725303982696,
            0.1538019350342488
          ],
          "inference_seconds": 0.21014532004483044,
          "server_request_index": 161,
          "chunk_index": 0,
          "chunk_size": 5,
          "executed_from_chunk": 5,
          "variant": "oftplus_h5_vision",
          "proprio_state": null,
          "gripper_target_closedness": 0.00347900390625,
          "gripper_command_at_policy_step": 0.00860595703125,
          "gripper_measured_at_policy_step": 0.008597099575503142
        },
        {
          "policy_step": 66,
          "raw_action": [
            0.0022014600092265853,
            0.0015312664222363586,
            -0.0019159412350026953,
            -0.004018308206590958,
            0.0035947858222290545,
            0.011074746387923199,
            0.006500244140625
          ],
          "clipped_action": [
            0.0022014600092265853,
            0.0015312664222363586,
            -0.0019159412350026953,
            0.0,
            0.0,
            0.0,
            0.006500244140625
          ],
          "rotation_delta_before_lock": [
            0.0,
            0.0,
            0.0
          ],
          "end_effector_orientation_locked": true,
          "action_was_clipped": true,
          "ik_success": true,
          "current_position_m": [
            0.5905465578790688,
            0.09494409059733526,
            1.2973311082181658
          ],
          "current_quaternion_wxyz": [
            0.143837774552047,
            0.7118859457005181,
            0.6702056725364749,
            0.1528183608926784
          ],
          "target_position_m": [
            0.5927480178882955,
            0.09647535701957162,
            1.295415166983163
          ],
          "target_quaternion_wxyz": [
            0.14401882061382038,
            0.7115745070491394,
            0.6702725303982696,
            0.1538019350342488
          ],
          "inference_seconds": null,
          "server_request_index": 161,
          "chunk_index": 1,
          "chunk_size": 5,
          "executed_from_chunk": 5,
          "variant": "oftplus_h5_vision",
          "proprio_state": null,
          "gripper_target_closedness": 0.006500244140625,
          "gripper_command_at_policy_step": 0.00347900390625,
          "gripper_measured_at_policy_step": 0.0034899192637410925
        },
        {
          "policy_step": 67,
          "raw_action": [
            0.002050554815491745,
            0.001656665791920451,
            -0.0017250985247169726,
            -0.004018308206590958,
            0.003125419275471844,
            0.009685406026180005,
            0.004913330078125
          ],
          "clipped_action": [
            0.002050554815491745,
            0.001656665791920451,
            -0.0017250985247169726,
            0.0,
            0.0,
            0.0,
            0.004913330078125
          ],
          "rotation_delta_before_lock": [
            0.0,
            0.0,
            0.0
          ],
          "end_effector_orientation_locked": true,
          "action_was_clipped": true,
          "ik_success": true,
          "current_position_m": [
            0.5934897090792988,
            0.09613701688521852,
            1.29403217336562
          ],
          "current_quaternion_wxyz": [
            0.14377377458605586,
            0.7116555051371748,
            0.6704116721450255,
            0.15304814144883114
          ],
          "target_position_m": [
            0.5955402638947905,
            0.09779368267713896,
            1.292307074840903
          ],
          "target_quaternion_wxyz": [
            0.14401882061382038,
            0.7115745070491394,
            0.6702725303982696,
            0.1538019350342488
          ],
          "inference_seconds": null,
          "server_request_index": 161,
          "chunk_index": 2,
          "chunk_size": 5,
          "executed_from_chunk": 5,
          "variant": "oftplus_h5_vision",
          "proprio_state": null,
          "gripper_target_closedness": 0.004913330078125,
          "gripper_command_at_policy_step": 0.006500244140625,
          "gripper_measured_at_policy_step": 0.006490512140866045
        },
        {
          "policy_step": 68,
          "raw_action": [
            0.002033787571743431,
            0.001577085422697853,
            -0.001835586409619231,
            -0.0042992448938738055,
            0.0034667767640225427,
            0.010380076207051602,
            0.005218505859375
          ],
          "clipped_action": [
            0.002033787571743431,
            0.001577085422697853,
            -0.001835586409619231,
            0.0,
            0.0,
            0.0,
            0.005218505859375
          ],
          "rotation_delta_before_lock": [
            0.0,
            0.0,
            0.0
          ],
          "end_effector_orientation_locked": true,
          "action_was_clipped": true,
          "ik_success": true,
          "current_position_m": [
            0.5962758283102865,
            0.09745518199017185,
            1.290913710236174
          ],
          "current_quaternion_wxyz": [
            0.14390671877251443,
            0.7116585616961006,
            0.6703986164707241,
            0.15296614949362153
          ],
          "target_position_m": [
            0.5983096158820299,
            0.0990322674128697,
            1.2890781238265547
          ],
          "target_quaternion_wxyz": [
            0.14401882061382038,
            0.7115745070491394,
            0.6702725303982696,
            0.1538019350342488
          ],
          "inference_seconds": null,
          "server_request_index": 161,
          "chunk_index": 3,
          "chunk_size": 5,
          "executed_from_chunk": 5,
          "variant": "oftplus_h5_vision",
          "proprio_state": null,
          "gripper_target_closedness": 0.005218505859375,
          "gripper_command_at_policy_step": 0.004913330078125,
          "gripper_measured_at_policy_step": 0.004915035490332009
        },
        {
          "policy_step": 69,
          "raw_action": [
            0.0014804685280490198,
            0.0016277274758395074,
            -0.0018657194691380288,
            -0.003287872819655556,
            0.003338767705816031,
            0.008851801809134087,
            0.00885009765625
          ],
          "clipped_action": [
            0.0014804685280490198,
            0.0016277274758395074,
            -0.0018657194691380288,
            0.0,
            0.0,
            0.0,
            0.00885009765625
          ],
          "rotation_delta_before_lock": [
            0.0,
            0.0,
            0.0
          ],
          "end_effector_orientation_locked": true,
          "action_was_clipped": true,
          "ik_success": true,
          "current_position_m": [
            0.5990380729433382,
            0.0986938225409989,
            1.2876790570901135
          ],
          "current_quaternion_wxyz": [
            0.14379556545884153,
            0.7116274737626737,
            0.6704377827376694,
            0.15304363240045302
          ],
          "target_position_m": [
            0.6005185414713873,
            0.1003215500168384,
            1.2858133376209755
          ],
          "target_quaternion_wxyz": [
            0.14401882061382038,
            0.7115745070491394,
            0.6702725303982696,
            0.1538019350342488
          ],
          "inference_seconds": null,
          "server_request_index": 161,
          "chunk_index": 4,
          "chunk_size": 5,
          "executed_from_chunk": 5,
          "variant": "oftplus_h5_vision",
          "proprio_state": null,
          "gripper_target_closedness": 0.00885009765625,
          "gripper_command_at_policy_step": 0.005218505859375,
          "gripper_measured_at_policy_step": 0.0052149855885013086
        },
        {
          "policy_step": 70,
          "raw_action": [
            0.002617846562309751,
            0.0018110034776854904,
            -0.0028098886673936993,
            -0.004130682881504099,
            0.004682862816984407,
            0.013089289912450829,
            0.003936767578125
          ],
          "clipped_action": [
            0.002617846562309751,
            0.0018110034776854904,
            -0.0028098886673936993,
            0.0,
            0.0,
            0.0,
            0.003936767578125
          ],
          "rotation_delta_before_lock": [
            0.0,
            0.0,
            0.0
          ],
          "end_effector_orientation_locked": true,
          "action_was_clipped": true,
          "ik_success": true,
          "current_position_m": [
            0.6012418881238047,
            0.09998517210801963,
            1.2844081368031153
          ],
          "current_quaternion_wxyz": [
            0.14337359913864664,
            0.7116946266648244,
            0.6705256486010229,
            0.15274201784258365
          ],
          "target_position_m": [
            0.6038597346861145,
            0.10179617558570513,
            1.2815982481357215
          ],
          "target_quaternion_wxyz": [
            0.14401882061382038,
            0.7115745070491394,
            0.6702725303982696,
            0.1538019350342488
          ],
          "inference_seconds": 0.1917620999738574,
          "server_request_index": 162,
          "chunk_index": 0,
          "chunk_size": 5,
          "executed_from_chunk": 5,
          "variant": "oftplus_h5_vision",
          "proprio_state": null,
          "gripper_target_closedness": 0.003936767578125,
          "gripper_command_at_policy_step": 0.00885009765625,
          "gripper_measured_at_policy_step": 0.008838890184616255
        },
        {
          "policy_step": 71,
          "raw_action": [
            0.0018940605405074681,
            0.0014082785788923427,
            -0.0017954089969275007,
            -0.003287872819655556,
            0.0029974102172653323,
            0.009546471990005684,
            0.008056640625
          ],
          "clipped_action": [
            0.0018940605405074681,
            0.0014082785788923427,
            -0.0017954089969275007,
            0.0,
            0.0,
            0.0,
            0.008056640625
          ],
          "rotation_delta_before_lock": [
            0.0,
            0.0,
            0.0
          ],
          "end_effector_orientation_locked": true,
          "action_was_clipped": true,
          "ik_success": true,
          "current_position_m": [
            0.6045744417156806,
            0.1014582372388798,
            1.280181868986154
          ],
          "current_quaternion_wxyz": [
            0.14367644496586357,
            0.711695378995202,
            0.6704450865090473,
            0.15280756740005802
          ],
          "target_position_m": [
            0.6064685022561881,
            0.10286651581777215,
            1.2783864599892265
          ],
          "target_quaternion_wxyz": [
            0.14401882061382038,
            0.7115745070491394,
            0.6702725303982696,
            0.1538019350342488
          ],
          "inference_seconds": null,
          "server_request_index": 162,
          "chunk_index": 1,
          "chunk_size": 5,
          "executed_from_chunk": 5,
          "variant": "oftplus_h5_vision",
          "proprio_state": null,
          "gripper_target_closedness": 0.008056640625,
          "gripper_command_at_policy_step": 0.003936767578125,
          "gripper_measured_at_policy_step": 0.0039476803664504345
        },
        {
          "policy_step": 72,
          "raw_action": [
            0.0017375662655231897,
            0.0016325505285196638,
            -0.001664832405679377,
            -0.003287872819655556,
            0.0025707133565769586,
            0.008712867772959768,
            0.005218505859375
          ],
          "clipped_action": [
            0.0017375662655231897,
            0.0016325505285196638,
            -0.001664832405679377,
            0.0,
            0.0,
            0.0,
            0.005218505859375
          ],
          "rotation_delta_before_lock": [
            0.0,
            0.0,
            0.0
          ],
          "end_effector_orientation_locked": true,
          "action_was_clipped": true,
          "ik_success": true,
          "current_position_m": [
            0.6071748546111894,
            0.10253100540945034,
            1.2769650856734729
          ],
          "current_quaternion_wxyz": [
            0.14382237902006068,
            0.7117080558444655,
            0.6704000803384561,
            0.1528087000837746
          ],
          "target_position_m": [
            0.6089124208767126,
            0.10416355593797001,
            1.2753002532677935
          ],
          "target_quaternion_wxyz": [
            0.14401882061382038,
            0.7115745070491394,
            0.6702725303982696,
            0.1538019350342488
          ],
          "inference_seconds": null,
          "server_request_index": 162,
          "chunk_index": 2,
          "chunk_size": 5,
          "executed_from_chunk": 5,
          "variant": "oftplus_h5_vision",
          "proprio_state": null,
          "gripper_target_closedness": 0.005218505859375,
          "gripper_command_at_policy_step": 0.008056640625,
          "gripper_measured_at_policy_step": 0.008043958195324663
        },
        {
          "policy_step": 73,
          "raw_action": [
            0.0015475375030422813,
            0.0013359327886899811,
            -0.0014137235763560622,
            -0.0031754981447424183,
            0.0024853739844392844,
            0.007740329519739533,
            0.00689697265625
          ],
          "clipped_action": [
            0.0015475375030422813,
            0.0013359327886899811,
            -0.0014137235763560622,
            0.0,
            0.0,
            0.0,
            0.00689697265625
          ],
          "rotation_delta_before_lock": [
            0.0,
            0.0,
            0.0
          ],
          "end_effector_orientation_locked": true,
          "action_was_clipped": true,
          "ik_success": true,
          "current_position_m": [
            0.609612649420842,
            0.10382723863553477,
            1.2738718621714151
          ],
          "current_quaternion_wxyz": [
            0.14365691230073746,
            0.7115516270871094,
            0.6705387908825222,
            0.153083975189144
          ],
          "target_position_m": [
            0.6111601869238843,
            0.10516317142422475,
            1.272458138595059
          ],
          "target_quaternion_wxyz": [
            0.14401882061382038,
            0.7115745070491394,
            0.6702725303982696,
            0.1538019350342488
          ],
          "inference_seconds": null,
          "server_request_index": 162,
          "chunk_index": 3,
          "chunk_size": 5,
          "executed_from_chunk": 5,
          "variant": "oftplus_h5_vision",
          "proprio_state": null,
          "gripper_target_closedness": 0.00689697265625,
          "gripper_command_at_policy_step": 0.005218505859375,
          "gripper_measured_at_policy_step": 0.005222404054526675
        },
        {
          "policy_step": 74,
          "raw_action": [
            0.0010780546780894493,
            0.0013238751569895884,
            -0.0013534574573184632,
            -0.0022203134079807375,
            0.0022720255540950975,
            0.0060731210856477,
            0.01031494140625
          ],
          "clipped_action": [
            0.0010780546780894493,
            0.0013238751569895884,
            -0.0013534574573184632,
            0.0,
            0.0,
            0.0,
            0.01031494140625
          ],
          "rotation_delta_before_lock": [
            0.0,
            0.0,
            0.0
          ],
          "end_effector_orientation_locked": true,
          "action_was_clipped": true,
          "ik_success": true,
          "current_position_m": [
            0.6118548420435105,
            0.1048275575623817,
            1.2710241070647827
          ],
          "current_quaternion_wxyz": [
            0.14371219465888002,
            0.7116405779517034,
            0.6704488612550842,
            0.1530124745262768
          ],
          "target_position_m": [
            0.6129328967215999,
            0.10615143271937129,
            1.2696706496074643
          ],
          "target_quaternion_wxyz": [
            0.14401882061382038,
            0.7115745070491394,
            0.6702725303982696,
            0.1538019350342488
          ],
          "inference_seconds": null,
          "server_request_index": 162,
          "chunk_index": 4,
          "chunk_size": 5,
          "executed_from_chunk": 5,
          "variant": "oftplus_h5_vision",
          "proprio_state": null,
          "gripper_target_closedness": 0.01031494140625,
          "gripper_command_at_policy_step": 0.00689697265625,
          "gripper_measured_at_policy_step": 0.0068893751193738195
        },
        {
          "policy_step": 75,
          "raw_action": [
            0.0023411870404625463,
            0.0022595473769401325,
            -0.002930420905468894,
            -0.003962120869134389,
            0.004426844700571382,
            0.012186218677317751,
            0.0037078857421875
          ],
          "clipped_action": [
            0.0023411870404625463,
            0.0022595473769401325,
            -0.002930420905468894,
            0.0,
            0.0,
            0.0,
            0.0037078857421875
          ],
          "rotation_delta_before_lock": [
            0.0,
            0.0,
            0.0
          ],
          "end_effector_orientation_locked": true,
          "action_was_clipped": true,
          "ik_success": true,
          "current_position_m": [
            0.6136227858753825,
            0.10581696353133295,
            1.2682320981715371
          ],
          "current_quaternion_wxyz": [
            0.14321250840978136,
            0.7116459081203406,
            0.6705803030521704,
            0.15288013621466212
          ],
          "target_position_m": [
            0.6159639729158451,
            0.10807651090827308,
            1.2653016772660683
          ],
          "target_quaternion_wxyz": [
            0.14401882061382038,
            0.7115745070491394,
            0.6702725303982696,
            0.1538019350342488
          ],
          "inference_seconds": 0.19484908098820597,
          "server_request_index": 163,
          "chunk_index": 0,
          "chunk_size": 5,
          "executed_from_chunk": 5,
          "variant": "oftplus_h5_vision",
          "proprio_state": null,
          "gripper_target_closedness": 0.0037078857421875,
          "gripper_command_at_policy_step": 0.01031494140625,
          "gripper_measured_at_policy_step": 0.010302447553338756
        },
        {
          "policy_step": 76,
          "raw_action": [
            0.001916416865505222,
            0.0017531268455236015,
            -0.002146961357980145,
            -0.0031193108072858494,
            0.002826731472989983,
            0.009129669881482725,
            0.0078125
          ],
          "clipped_action": [
            0.001916416865505222,
            0.0017531268455236015,
            -0.002146961357980145,
            0.0,
            0.0,
            0.0,
            0.0078125
          ],
          "rotation_delta_before_lock": [
            0.0,
            0.0,
            0.0
          ],
          "end_effector_orientation_locked": true,
          "action_was_clipped": true,
          "ik_success": true,
          "current_position_m": [
            0.6166427243023794,
            0.10773994067861394,
            1.2638558974617815
          ],
          "current_quaternion_wxyz": [
            0.14352884480828906,
            0.711610020447814,
            0.6705837841705523,
            0.15273518885234563
          ],
          "target_position_m": [
            0.6185591411678847,
            0.10949306752413754,
            1.2617089361038014
          ],
          "target_quaternion_wxyz": [
            0.14401882061382038,
            0.7115745070491394,
            0.6702725303982696,
            0.1538019350342488
          ],
          "inference_seconds": null,
          "server_request_index": 163,
          "chunk_index": 1,
          "chunk_size": 5,
          "executed_from_chunk": 5,
          "variant": "oftplus_h5_vision",
          "proprio_state": null,
          "gripper_target_closedness": 0.0078125,
          "gripper_command_at_policy_step": 0.0037078857421875,
          "gripper_measured_at_policy_step": 0.003719763252241881
        },
        {
          "policy_step": 77,
          "raw_action": [
            0.001782278915518699,
            0.0019894564268513153,
            -0.0020866952389425493,
            -0.003063123469829277,
            0.002442704298370447,
            0.00843499970061113,
            0.004913330078125
          ],
          "clipped_action": [
            0.001782278915518699,
            0.0019894564268513153,
            -0.0020866952389425493,
            0.0,
            0.0,
            0.0,
            0.004913330078125
          ],
          "rotation_delta_before_lock": [
            0.0,
            0.0,
            0.0
          ],
          "end_effector_orientation_locked": true,
          "action_was_clipped": true,
          "ik_success": true,
          "current_position_m": [
            0.6192284920235308,
            0.10915996359129831,
            1.260257936157377
          ],
          "current_quaternion_wxyz": [
            0.14370217497284013,
            0.7116190455054632,
            0.6705283129731442,
            0.15277369041611136
          ],
          "target_position_m": [
            0.6210107709390496,
            0.11114942001814963,
            1.2581712409184345
          ],
          "target_quaternion_wxyz": [
            0.14401882061382038,
            0.7115745070491394,
            0.6702725303982696,
            0.1538019350342488
          ],
          "inference_seconds": null,
          "server_request_index": 163,
          "chunk_index": 2,
          "chunk_size": 5,
          "executed_from_chunk": 5,
          "variant": "oftplus_h5_vision",
          "proprio_state": null,
          "gripper_target_closedness": 0.004913330078125,
          "gripper_command_at_policy_step": 0.0078125,
          "gripper_measured_at_policy_step": 0.007800144368204642
        },
        {
          "policy_step": 78,
          "raw_action": [
            0.001458112203051266,
            0.0014468630003336026,
            -0.0016246549929876467,
            -0.0028945614574595706,
            0.002314695240163935,
            0.0070456593388679364,
            0.007354736328125
          ],
          "clipped_action": [
            0.001458112203051266,
            0.0014468630003336026,
            -0.0016246549929876467,
            0.0,
            0.0,
            0.0,
            0.007354736328125
          ],
          "rotation_delta_before_lock": [
            0.0,
            0.0,
            0.0
          ],
          "end_effector_orientation_locked": true,
          "action_was_clipped": true,
          "ik_success": true,
          "current_position_m": [
            0.6216740179154988,
            0.11081641032485998,
            1.2567129301449484
          ],
          "current_quaternion_wxyz": [
            0.14333673427439747,
            0.7114158524809877,
            0.6707331837323475,
            0.15316351290881702
          ],
          "target_position_m": [
            0.6231321301185501,
            0.11226327332519358,
            1.2550882751519608
          ],
          "target_quaternion_wxyz": [
            0.14401882061382038,
            0.7115745070491394,
            0.6702725303982696,
            0.1538019350342488
          ],
          "inference_seconds": null,
          "server_request_index": 163,
          "chunk_index": 3,
          "chunk_size": 5,
          "executed_from_chunk": 5,
          "variant": "oftplus_h5_vision",
          "proprio_state": null,
          "gripper_target_closedness": 0.007354736328125,
          "gripper_command_at_policy_step": 0.004913330078125,
          "gripper_measured_at_policy_step": 0.004917957916341975
        },
        {
          "policy_step": 79,
          "raw_action": [
            0.001357508740561373,
            0.000896733554003144,
            -0.0013233243977996655,
            -0.0022203134079807375,
            0.0021440164958885857,
            0.005517384940950424,
            0.01495361328125
          ],
          "clipped_action": [
            0.001357508740561373,
            0.000896733554003144,
            -0.0013233243977996655,
            0.0,
            0.0,
            0.0,
            0.01495361328125
          ],
          "rotation_delta_before_lock": [
            0.0,
            0.0,
            0.0
          ],
          "end_effector_orientation_locked": true,
          "action_was_clipped": true,
          "ik_success": true,
          "current_position_m": [
            0.6237877419098831,
            0.11193256965467406,
            1.2536253614593575
          ],
          "current_quaternion_wxyz": [
            0.14367831519160615,
            0.7117059946756681,
            0.6704406582123478,
            0.15277579226504823
          ],
          "target_position_m": [
            0.6251452506504445,
            0.1128293032086772,
            1.2523020370615578
          ],
          "target_quaternion_wxyz": [
            0.14401882061382038,
            0.7115745070491394,
            0.6702725303982696,
            0.1538019350342488
          ],
          "inference_seconds": null,
          "server_request_index": 163,
          "chunk_index": 4,
          "chunk_size": 5,
          "executed_from_chunk": 5,
          "variant": "oftplus_h5_vision",
          "proprio_state": null,
          "gripper_target_closedness": 0.01495361328125,
          "gripper_command_at_policy_step": 0.007354736328125,
          "gripper_measured_at_policy_step": 0.007345819524649966
        },
        {
          "policy_step": 80,
          "raw_action": [
            0.0021735146029793918,
            0.0023367162198226522,
            -0.0029906870245064894,
            -0.0035688095069384036,
            0.004170826584158359,
            0.011213680424097516,
            0.00360107421875
          ],
          "clipped_action": [
            0.0021735146029793918,
            0.0023367162198226522,
            -0.0029906870245064894,
            0.0,
            0.0,
            0.0,
            0.00360107421875
          ],
          "rotation_delta_before_lock": [
            0.0,
            0.0,
            0.0
          ],
          "end_effector_orientation_locked": true,
          "action_was_clipped": true,
          "ik_success": true,
          "current_position_m": [
            0.625795816671828,
            0.1124994832769598,
            1.2508329214544156
          ],
          "current_quaternion_wxyz": [
            0.14328936632047612,
            0.7116647247899075,
            0.6704533950856222,
            0.15327661924554611
          ],
          "target_position_m": [
            0.6279693312748075,
            0.11483619949678245,
            1.2478422344299092
          ],
          "target_quaternion_wxyz": [
            0.14401882061382038,
            0.7115745070491394,
            0.6702725303982696,
            0.1538019350342488
          ],
          "inference_seconds": 0.21793223498389125,
          "server_request_index": 164,
          "chunk_index": 0,
          "chunk_size": 5,
          "executed_from_chunk": 5,
          "variant": "oftplus_h5_vision",
          "proprio_state": null,
          "gripper_target_closedness": 0.00360107421875,
          "gripper_command_at_policy_step": 0.01495361328125,
          "gripper_measured_at_policy_step": 0.01493317608175615
        },
        {
          "policy_step": 81,
          "raw_action": [
            0.0018996496217569062,
            0.0017772421089243887,
            -0.002428203246822261,
            -0.003063123469829277,
            0.002698722414783471,
            0.008712867772959768,
            0.008056640625
          ],
          "clipped_action": [
            0.0018996496217569062,
            0.0017772421089243887,
            -0.002428203246822261,
            0.0,
            0.0,
            0.0,
            0.008056640625
          ],
          "rotation_delta_before_lock": [
            0.0,
            0.0,
            0.0
          ],
          "end_effector_orientation_locked": true,
          "action_was_clipped": true,
          "ik_success": true,
          "current_position_m": [
            0.6286092141969111,
            0.11450330232967156,
            1.2463695667463086
          ],
          "current_quaternion_wxyz": [
            0.14361981541919516,
            0.7115518775161923,
            0.6706240905395094,
            0.1527435871327947
          ],
          "target_position_m": [
            0.630508863818668,
            0.11628054443859595,
            1.2439413634994863
          ],
          "target_quaternion_wxyz": [
            0.14401882061382038,
            0.7115745070491394,
            0.6702725303982696,
            0.1538019350342488
          ],
          "inference_seconds": null,
          "server_request_index": 164,
          "chunk_index": 1,
          "chunk_size": 5,
          "executed_from_chunk": 5,
          "variant": "oftplus_h5_vision",
          "proprio_state": null,
          "gripper_target_closedness": 0.008056640625,
          "gripper_command_at_policy_step": 0.00360107421875,
          "gripper_measured_at_policy_step": 0.0036249931516318945
        },
        {
          "policy_step": 82,
          "raw_action": [
            0.001815813403015329,
            0.0021100327438552512,
            -0.002669267722972643,
            -0.0031193108072858494,
            0.0022293558680262604,
            0.00815713162826249,
            0.00537109375
          ],
          "clipped_action": [
            0.001815813403015329,
            0.0021100327438552512,
            -0.002669267722972643,
            0.0,
            0.0,
            0.0,
            0.00537109375
          ],
          "rotation_delta_before_lock": [
            0.0,
            0.0,
            0.0
          ],
          "end_effector_orientation_locked": true,
          "action_was_clipped": true,
          "ik_success": true,
          "current_position_m": [
            0.6311385134921366,
            0.11595124503633314,
            1.2424641906817606
          ],
          "current_quaternion_wxyz": [
            0.14364802925346884,
            0.7116008413484453,
            0.6705720870838492,
            0.15271726263847796
          ],
          "target_position_m": [
            0.6329543268951519,
            0.11806127778018839,
            1.239794922958788
          ],
          "target_quaternion_wxyz": [
            0.14401882061382038,
            0.7115745070491394,
            0.6702725303982696,
            0.1538019350342488
          ],
          "inference_seconds": null,
          "server_request_index": 164,
          "chunk_index": 2,
          "chunk_size": 5,
          "executed_from_chunk": 5,
          "variant": "oftplus_h5_vision",
          "proprio_state": null,
          "gripper_target_closedness": 0.00537109375,
          "gripper_command_at_policy_step": 0.008056640625,
          "gripper_measured_at_policy_step": 0.008043283789322397
        },
        {
          "policy_step": 83,
          "raw_action": [
            0.001581071990538913,
            0.001311817525289194,
            -0.0015543445207771185,
            -0.0030069361323727083,
            0.0022720255540950975,
            0.006767791266519297,
            0.00830078125
          ],
          "clipped_action": [
            0.001581071990538913,
            0.001311817525289194,
            -0.0015543445207771185,
            0.0,
            0.0,
            0.0,
            0.00830078125
          ],
          "rotation_delta_before_lock": [
            0.0,
            0.0,
            0.0
          ],
          "end_effector_orientation_locked": true,
          "action_was_clipped": true,
          "ik_success": true,
          "current_position_m": [
            0.6335744692465095,
            0.11773136468293442,
            1.2383119710958743
          ],
          "current_quaternion_wxyz": [
            0.14347336657071205,
            0.7115617963230749,
            0.670669349023605,
            0.1526362584008105
          ],
          "target_position_m": [
            0.6351555412370484,
            0.11904318220822362,
            1.2367576265750972
          ],
          "target_quaternion_wxyz": [
            0.14401882061382038,
            0.7115745070491394,
            0.6702725303982696,
            0.1538019350342488
          ],
          "inference_seconds": null,
          "server_request_index": 164,
          "chunk_index": 3,
          "chunk_size": 5,
          "executed_from_chunk": 5,
          "variant": "oftplus_h5_vision",
          "proprio_state": null,
          "gripper_target_closedness": 0.00830078125,
          "gripper_command_at_policy_step": 0.00537109375,
          "gripper_measured_at_policy_step": 0.00537530152962129
        },
        {
          "policy_step": 84,
          "raw_action": [
            0.0012904397655681115,
            0.00086689091554467,
            -0.0012228808660703396,
            -0.0022203134079807375,
            0.002058677123750911,
            0.005239516868601784,
            0.01495361328125
          ],
          "clipped_action": [
            0.0012904397655681115,
            0.00086689091554467,
            -0.0012228808660703396,
            0.0,
            0.0,
            0.0,
            0.01495361328125
          ],
          "rotation_delta_before_lock": [
            0.0,
            0.0,
            0.0
          ],
          "end_effector_orientation_locked": true,
          "action_was_clipped": true,
          "ik_success": true,
          "current_position_m": [
            0.6357678770804936,
            0.11871458797826658,
            1.2352681275584356
          ],
          "current_quaternion_wxyz": [
            0.1438002578908737,
            0.7116443260236771,
            0.6704693419221374,
            0.15282244799544553
          ],
          "target_position_m": [
            0.6370583168460617,
            0.11958147889381124,
            1.2340452466923653
          ],
          "target_quaternion_wxyz": [
            0.14401882061382038,
            0.7115745070491394,
            0.6702725303982696,
            0.1538019350342488
          ],
          "inference_seconds": null,
          "server_request_index": 164,
          "chunk_index": 4,
          "chunk_size": 5,
          "executed_from_chunk": 5,
          "variant": "oftplus_h5_vision",
          "proprio_state": null,
          "gripper_target_closedness": 0.01495361328125,
          "gripper_command_at_policy_step": 0.00830078125,
          "gripper_measured_at_policy_step": 0.008290116386166946
        },
        {
          "policy_step": 85,
          "raw_action": [
            0.0066336014400313024,
            0.0031180507540081587,
            -0.006164702627153209,
            -0.008822325559127646,
            0.0108486324539314,
            0.03234902067711585,
            0.0025482177734375
          ],
          "clipped_action": [
            0.0066336014400313024,
            0.0031180507540081587,
            -0.006164702627153209,
            0.0,
            0.0,
            0.0,
            0.0025482177734375
          ],
          "rotation_delta_before_lock": [
            0.0,
            0.0,
            0.0
          ],
          "end_effector_orientation_locked": true,
          "action_was_clipped": true,
          "ik_success": true,
          "current_position_m": [
            0.6376655848648785,
            0.119255167406215,
            1.232551064540089
          ],
          "current_quaternion_wxyz": [
            0.14341352632384868,
            0.7116697510026698,
            0.6703943321017983,
            0.15339545449895273
          ],
          "target_position_m": [
            0.6442991863049098,
            0.12237321816022316,
            1.2263863619129358
          ],
          "target_quaternion_wxyz": [
            0.14401882061382038,
            0.7115745070491394,
            0.6702725303982696,
            0.1538019350342488
          ],
          "inference_seconds": 0.2110504589509219,
          "server_request_index": 165,
          "chunk_index": 0,
          "chunk_size": 5,
          "executed_from_chunk": 5,
          "variant": "oftplus_h5_vision",
          "proprio_state": null,
          "gripper_target_closedness": 0.0025482177734375,
          "gripper_command_at_policy_step": 0.01495361328125,
          "gripper_measured_at_policy_step": 0.014936355424338466
        },
        {
          "policy_step": 86,
          "raw_action": [
            0.005504607027644728,
            0.003571417705942957,
            -0.005401331786010327,
            -0.007979515497279103,
            0.009019169663729999,
            0.029071045761127998,
            0.00193023681640625
          ],
          "clipped_action": [
            0.005504607027644728,
            0.003571417705942957,
            -0.005401331786010327,
            0.0,
            0.0,
            0.0,
            0.00193023681640625
          ],
          "rotation_delta_before_lock": [
            0.0,
            0.0,
            0.0
          ],
          "end_effector_orientation_locked": true,
          "action_was_clipped": true,
          "ik_success": true,
          "current_position_m": [
            0.6448783621998968,
            0.12203549448265523,
            1.2248835496847292
          ],
          "current_quaternion_wxyz": [
            0.14372836754237645,
            0.7119457370363929,
            0.6701382923661657,
            0.15293819988436674
          ],
          "target_position_m": [
            0.6503829692275416,
            0.12560691218859818,
            1.2194822178987188
          ],
          "target_quaternion_wxyz": [
            0.14401882061382038,
            0.7115745070491394,
            0.6702725303982696,
            0.1538019350342488
          ],
          "inference_seconds": null,
          "server_request_index": 165,
          "chunk_index": 1,
          "chunk_size": 5,
          "executed_from_chunk": 5,
          "variant": "oftplus_h5_vision",
          "proprio_state": null,
          "gripper_target_closedness": 0.00193023681640625,
          "gripper_command_at_policy_step": 0.0025482177734375,
          "gripper_measured_at_policy_step": 0.0025743007146079577
        },
        {
          "policy_step": 87,
          "raw_action": [
            0.005180440315177295,
            0.004053722973958703,
            -0.005280799547935136,
            -0.007333361116528554,
            0.008288451289801161,
            0.028094165819277317,
            0.00150299072265625
          ],
          "clipped_action": [
            0.005180440315177295,
            0.004053722973958703,
            -0.005280799547935136,
            0.0,
            0.0,
            0.0,
            0.00150299072265625
          ],
          "rotation_delta_before_lock": [
            0.0,
            0.0,
            0.0
          ],
          "end_effector_orientation_locked": true,
          "action_was_clipped": true,
          "ik_success": true,
          "current_position_m": [
            0.6509473740071662,
            0.12526885001322227,
            1.2179663759313277
          ],
          "current_quaternion_wxyz": [
            0.1439619481500747,
            0.7120071864155272,
            0.67009335154881,
            0.15262904110149883
          ],
          "target_position_m": [
            0.6561278143223435,
            0.12932257298718097,
            1.2126855763833926
          ],
          "target_quaternion_wxyz": [
            0.14401882061382038,
            0.7115745070491394,
            0.6702725303982696,
            0.1538019350342488
          ],
          "inference_seconds": null,
          "server_request_index": 165,
          "chunk_index": 2,
          "chunk_size": 5,
          "executed_from_chunk": 5,
          "variant": "oftplus_h5_vision",
          "proprio_state": null,
          "gripper_target_closedness": 0.00150299072265625,
          "gripper_command_at_policy_step": 0.00193023681640625,
          "gripper_measured_at_policy_step": 0.0019277059312524658
        },
        {
          "policy_step": 88,
          "raw_action": [
            0.004990411552696387,
            0.0030891124379272134,
            -0.004256275524296003,
            -0.007614297803811402,
            0.007680408263320229,
            0.024811849214659024,
            0.00170135498046875
          ],
          "clipped_action": [
            0.004990411552696387,
            0.0030891124379272134,
            -0.004256275524296003,
            0.0,
            0.0,
            0.0,
            0.00170135498046875
          ],
          "rotation_delta_before_lock": [
            0.0,
            0.0,
            0.0
          ],
          "end_effector_orientation_locked": true,
          "action_was_clipped": true,
          "ik_success": true,
          "current_position_m": [
            0.6566773676719676,
            0.12898476497220698,
            1.211160271816244
          ],
          "current_quaternion_wxyz": [
            0.14393220082716587,
            0.7121513027923665,
            0.6699018379266081,
            0.15282529580778237
          ],
          "target_position_m": [
            0.661667779224664,
            0.1320738774101342,
            1.206903996291948
          ],
          "target_quaternion_wxyz": [
            0.14401882061382038,
            0.7115745070491394,
            0.6702725303982696,
            0.1538019350342488
          ],
          "inference_seconds": null,
          "server_request_index": 165,
          "chunk_index": 3,
          "chunk_size": 5,
          "executed_from_chunk": 5,
          "variant": "oftplus_h5_vision",
          "proprio_state": null,
          "gripper_target_closedness": 0.00170135498046875,
          "gripper_command_at_policy_step": 0.00150299072265625,
          "gripper_measured_at_policy_step": 0.0014999719529317224
        },
        {
          "policy_step": 89,
          "raw_action": [
            0.004353256290260401,
            0.002066625269733835,
            -0.004035299754491486,
            -0.007445735791441695,
            0.008165775942353251,
            0.02442978061517964,
            0.00262451171875
          ],
          "clipped_action": [
            0.004353256290260401,
            0.002066625269733835,
            -0.004035299754491486,
            0.0,
            0.0,
            0.0,
            0.00262451171875
          ],
          "rotation_delta_before_lock": [
            0.0,
            0.0,
            0.0
          ],
          "end_effector_orientation_locked": true,
          "action_was_clipped": true,
          "ik_success": true,
          "current_position_m": [
            0.6622030207482102,
            0.13173969633196195,
            1.2053682133237569
          ],
          "current_quaternion_wxyz": [
            0.14392812324613666,
            0.7117873322652795,
            0.6703215440184533,
            0.15268436917457662
          ],
          "target_position_m": [
            0.6665562770384706,
            0.13380632160169578,
            1.2013329135692654
          ],
          "target_quaternion_wxyz": [
            0.14401882061382038,
            0.7115745070491394,
            0.6702725303982696,
            0.1538019350342488
          ],
          "inference_seconds": null,
          "server_request_index": 165,
          "chunk_index": 4,
          "chunk_size": 5,
          "executed_from_chunk": 5,
          "variant": "oftplus_h5_vision",
          "proprio_state": null,
          "gripper_target_closedness": 0.00262451171875,
          "gripper_command_at_policy_step": 0.00170135498046875,
          "gripper_measured_at_policy_step": 0.0017002705356170544
        },
        {
          "policy_step": 90,
          "raw_action": [
            0.00557167600263799,
            0.0026453915913527276,
            -0.004919202833709559,
            -0.006883862416876,
            0.008171109653111859,
            0.023821944206916995,
            0.0029754638671875
          ],
          "clipped_action": [
            0.00557167600263799,
            0.0026453915913527276,
            -0.004919202833709559,
            0.0,
            0.0,
            0.0,
            0.0029754638671875
          ],
          "rotation_delta_before_lock": [
            0.0,
            0.0,
            0.0
          ],
          "end_effector_orientation_locked": true,
          "action_was_clipped": true,
          "ik_success": true,
          "current_position_m": [
            0.667079421812105,
            0.13347244376828277,
            1.1997905515198166
          ],
          "current_quaternion_wxyz": [
            0.14351483397498102,
            0.7118543308341858,
            0.6702351989216997,
            0.15313942088220361
          ],
          "target_position_m": [
            0.672651097814743,
            0.1361178353596355,
            1.1948713486861071
          ],
          "target_quaternion_wxyz": [
            0.14401882061382038,
            0.7115745070491394,
            0.6702725303982696,
            0.1538019350342488
          ],
          "inference_seconds": 0.2156248250976205,
          "server_request_index": 166,
          "chunk_index": 0,
          "chunk_size": 5,
          "executed_from_chunk": 5,
          "variant": "oftplus_h5_vision",
          "proprio_state": null,
          "gripper_target_closedness": 0.0029754638671875,
          "gripper_command_at_policy_step": 0.00262451171875,
          "gripper_measured_at_policy_step": 0.002618426135901797
        },
        {
          "policy_step": 91,
          "raw_action": [
            0.005649923140130129,
            0.002655037696713044,
            -0.003954944929108025,
            -0.006687206735778006,
            0.007147037187459762,
            0.02152953261004073,
            0.00225830078125
          ],
          "clipped_action": [
            0.005649923140130129,
            0.002655037696713044,
            -0.003954944929108025,
            0.0,
            0.0,
            0.0,
            0.00225830078125
          ],
          "rotation_delta_before_lock": [
            0.0,
            0.0,
            0.0
          ],
          "end_effector_orientation_locked": true,
          "action_was_clipped": true,
          "ik_success": true,
          "current_position_m": [
            0.673155214664679,
            0.13578251638525082,
            1.193322363617683
          ],
          "current_quaternion_wxyz": [
            0.14343197913604638,
            0.7120653584056473,
            0.6700650172223946,
            0.15298060470041844
          ],
          "target_position_m": [
            0.6788051378048091,
            0.13843755408196387,
            1.189367418688575
          ],
          "target_quaternion_wxyz": [
            0.14401882061382038,
            0.7115745070491394,
            0.6702725303982696,
            0.1538019350342488
          ],
          "inference_seconds": null,
          "server_request_index": 166,
          "chunk_index": 1,
          "chunk_size": 5,
          "executed_from_chunk": 5,
          "variant": "oftplus_h5_vision",
          "proprio_state": null,
          "gripper_target_closedness": 0.00225830078125,
          "gripper_command_at_policy_step": 0.0029754638671875,
          "gripper_measured_at_policy_step": 0.002973838099117998
        },
        {
          "policy_step": 92,
          "raw_action": [
            0.005672279465127883,
            0.0022595473769401325,
            -0.003573259508536583,
            -0.00747382946016998,
            0.007467059832976041,
            0.022884139462740344,
            0.002471923828125
          ],
          "clipped_action": [
            0.005672279465127883,
            0.0022595473769401325,
            -0.003573259508536583,
            0.0,
            0.0,
            0.0,
            0.002471923828125
          ],
          "rotation_delta_before_lock": [
            0.0,
            0.0,
            0.0
          ],
          "end_effector_orientation_locked": true,
          "action_was_clipped": true,
          "ik_success": true,
          "current_position_m": [
            0.6792949549764774,
            0.13809876695501558,
            1.1878115041261936
          ],
          "current_quaternion_wxyz": [
            0.1431088510074607,
            0.7122286937285441,
            0.6699455954606934,
            0.15304588761503146
          ],
          "target_position_m": [
            0.6849672344416053,
            0.14035831433195572,
            1.1842382446176571
          ],
          "target_quaternion_wxyz": [
            0.14401882061382038,
            0.7115745070491394,
            0.6702725303982696,
            0.1538019350342488
          ],
          "inference_seconds": null,
          "server_request_index": 166,
          "chunk_index": 2,
          "chunk_size": 5,
          "executed_from_chunk": 5,
          "variant": "oftplus_h5_vision",
          "proprio_state": null,
          "gripper_target_closedness": 0.002471923828125,
          "gripper_command_at_policy_step": 0.00225830078125,
          "gripper_measured_at_policy_step": 0.0022556920503747913
        },
        {
          "policy_step": 93,
          "raw_action": [
            0.005415181727653713,
            0.0023174240091020214,
            -0.003432638564115527,
            -0.007333361116528554,
            0.007040362972287668,
            0.021077996992474188,
            0.00360107421875
          ],
          "clipped_action": [
            0.005415181727653713,
            0.0023174240091020214,
            -0.003432638564115527,
            0.0,
            0.0,
            0.0,
            0.00360107421875
          ],
          "rotation_delta_before_lock": [
            0.0,
            0.0,
            0.0
          ],
          "end_effector_orientation_locked": true,
          "action_was_clipped": true,
          "ik_success": true,
          "current_position_m": [
            0.6854439686916248,
            0.1400184217139077,
            1.1826766990017297
          ],
          "current_quaternion_wxyz": [
            0.14328566519107772,
            0.7119203579486691,
            0.6702988999445223,
            0.1527678199823264
          ],
          "target_position_m": [
            0.6908591504192786,
            0.1423358457230097,
            1.1792440604376142
          ],
          "target_quaternion_wxyz": [
            0.14401882061382038,
            0.7115745070491394,
            0.6702725303982696,
            0.1538019350342488
          ],
          "inference_seconds": null,
          "server_request_index": 166,
          "chunk_index": 3,
          "chunk_size": 5,
          "executed_from_chunk": 5,
          "variant": "oftplus_h5_vision",
          "proprio_state": null,
          "gripper_target_closedness": 0.00360107421875,
          "gripper_command_at_policy_step": 0.002471923828125,
          "gripper_measured_at_policy_step": 0.002467487649670974
        },
        {
          "policy_step": 94,
          "raw_action": [
            0.004560052296489625,
            0.0015047396324954915,
            -0.002789799961047834,
            -0.0065467383921365835,
            0.006389650259737899,
            0.018229849250900647,
            0.007568359375
          ],
          "clipped_action": [
            0.004560052296489625,
            0.0015047396324954915,
            -0.002789799961047834,
            0.0,
            0.0,
            0.0,
            0.007568359375
          ],
          "rotation_delta_before_lock": [
            0.0,
            0.0,
            0.0
          ],
          "end_effector_orientation_locked": true,
          "action_was_clipped": true,
          "ik_success": true,
          "current_position_m": [
            0.6913224050649408,
            0.14199320894279038,
            1.1776803584641786
          ],
          "current_quaternion_wxyz": [
            0.14340515541359986,
            0.7118614495179998,
            0.670325942340573,
            0.1528115477186073
          ],
          "target_position_m": [
            0.6958824573614304,
            0.14349794857528586,
            1.1748905585031308
          ],
          "target_quaternion_wxyz": [
            0.14401882061382038,
            0.7115745070491394,
            0.6702725303982696,
            0.1538019350342488
          ],
          "inference_seconds": null,
          "server_request_index": 166,
          "chunk_index": 4,
          "chunk_size": 5,
          "executed_from_chunk": 5,
          "variant": "oftplus_h5_vision",
          "proprio_state": null,
          "gripper_target_closedness": 0.007568359375,
          "gripper_command_at_policy_step": 0.00360107421875,
          "gripper_measured_at_policy_step": 0.003592685892664149
        },
        {
          "policy_step": 95,
          "raw_action": [
            0.004370023534008716,
            0.0018881723205680084,
            -0.0028500660800854297,
            -0.004580181581156653,
            0.004320170485399289,
            0.011491548496446154,
            0.0078125
          ],
          "clipped_action": [
            0.004370023534008716,
            0.0018881723205680084,
            -0.0028500660800854297,
            0.0,
            0.0,
            0.0,
            0.0078125
          ],
          "rotation_delta_before_lock": [
            0.0,
            0.0,
            0.0
          ],
          "end_effector_orientation_locked": true,
          "action_was_clipped": true,
          "ik_success": true,
          "current_position_m": [
            0.6963358755066127,
            0.14315574828155386,
            1.1733228351904665
          ],
          "current_quaternion_wxyz": [
            0.14276195647290474,
            0.7121636682106289,
            0.6700955459290836,
            0.15301598867704297
          ],
          "target_position_m": [
            0.7007058990406214,
            0.14504392060212187,
            1.1704727691103811
          ],
          "target_quaternion_wxyz": [
            0.14401882061382038,
            0.7115745070491394,
            0.6702725303982696,
            0.1538019350342488
          ],
          "inference_seconds": 0.20597101200837642,
          "server_request_index": 167,
          "chunk_index": 0,
          "chunk_size": 5,
          "executed_from_chunk": 5,
          "variant": "oftplus_h5_vision",
          "proprio_state": null,
          "gripper_target_closedness": 0.0078125,
          "gripper_command_at_policy_step": 0.007568359375,
          "gripper_measured_at_policy_step": 0.007555334989366891
        },
        {
          "policy_step": 96,
          "raw_action": [
            0.0037077174059502553,
            0.0018785262152076938,
            -0.0021268726516342797,
            -0.004636368918613222,
            0.0033814373918848685,
            0.009129669881482725,
            0.00592041015625
          ],
          "clipped_action": [
            0.0037077174059502553,
            0.0018785262152076938,
            -0.0021268726516342797,
            0.0,
            0.0,
            0.0,
            0.00592041015625
          ],
          "rotation_delta_before_lock": [
            0.0,
            0.0,
            0.0
          ],
          "end_effector_orientation_locked": true,
          "action_was_clipped": true,
          "ik_success": true,
          "current_position_m": [
            0.7011508646070865,
            0.1446984430156128,
            1.1689051405471853
          ],
          "current_quaternion_wxyz": [
            0.14349835301782904,
            0.7119462806722126,
            0.6701097195906871,
            0.1532764816541162
          ],
          "target_position_m": [
            0.7048585820130367,
            0.1465769692308205,
            1.166778267895551
          ],
          "target_quaternion_wxyz": [
            0.14401882061382038,
            0.7115745070491394,
            0.6702725303982696,
            0.1538019350342488
          ],
          "inference_seconds": null,
          "server_request_index": 167,
          "chunk_index": 1,
          "chunk_size": 5,
          "executed_from_chunk": 5,
          "variant": "oftplus_h5_vision",
          "proprio_state": null,
          "gripper_target_closedness": 0.00592041015625,
          "gripper_command_at_policy_step": 0.0078125,
          "gripper_measured_at_policy_step": 0.0078072416885146545
        },
        {
          "policy_step": 97,
          "raw_action": [
            0.0032074946341255108,
            0.001417924684252659,
            -0.0014739896953936578,
            -0.004523994243700084,
            0.003424107077953705,
            0.008990735845308408,
            0.00537109375
          ],
          "clipped_action": [
            0.0032074946341255108,
            0.001417924684252659,
            -0.0014739896953936578,
            0.0,
            0.0,
            0.0,
            0.00537109375
          ],
          "rotation_delta_before_lock": [
            0.0,
            0.0,
            0.0
          ],
          "end_effector_orientation_locked": true,
          "action_was_clipped": true,
          "ik_success": true,
          "current_position_m": [
            0.7052936030494146,
            0.14623024269324977,
            1.1652113577951446
          ],
          "current_quaternion_wxyz": [
            0.14303158816668154,
            0.7123156459454357,
            0.6698411686598059,
            0.1531704739704066
          ],
          "target_position_m": [
            0.7085010976835401,
            0.14764816737750244,
            1.163737368099751
          ],
          "target_quaternion_wxyz": [
            0.14401882061382038,
            0.7115745070491394,
            0.6702725303982696,
            0.1538019350342488
          ],
          "inference_seconds": null,
          "server_request_index": 167,
          "chunk_index": 2,
          "chunk_size": 5,
          "executed_from_chunk": 5,
          "variant": "oftplus_h5_vision",
          "proprio_state": null,
          "gripper_target_closedness": 0.00537109375,
          "gripper_command_at_policy_step": 0.00592041015625,
          "gripper_measured_at_policy_step": 0.005920895985488284
        },
        {
          "policy_step": 98,
          "raw_action": [
            0.0027855189997929054,
            0.0011767720502447853,
            -0.00144385663587486,
            -0.003962120869134389,
            0.0028694011590588205,
            0.007740329519739533,
            0.01202392578125
          ],
          "clipped_action": [
            0.0027855189997929054,
            0.0011767720502447853,
            -0.00144385663587486,
            0.0,
            0.0,
            0.0,
            0.01202392578125
          ],
          "rotation_delta_before_lock": [
            0.0,
            0.0,
            0.0
          ],
          "end_effector_orientation_locked": true,
          "action_was_clipped": true,
          "ik_success": true,
          "current_position_m": [
            0.7089270335823099,
            0.14730219466046554,
            1.1621723378765085
          ],
          "current_quaternion_wxyz": [
            0.1432402004982594,
            0.7120103412290966,
            0.6701986074382966,
            0.1528311013236902
          ],
          "target_position_m": [
            0.7117125525821029,
            0.14847896671071031,
            1.1607284812406338
          ],
          "target_quaternion_wxyz": [
            0.14401882061382038,
            0.7115745070491394,
            0.6702725303982696,
            0.1538019350342488
          ],
          "inference_seconds": null,
          "server_request_index": 167,
          "chunk_index": 3,
          "chunk_size": 5,
          "executed_from_chunk": 5,
          "variant": "oftplus_h5_vision",
          "proprio_state": null,
          "gripper_target_closedness": 0.01202392578125,
          "gripper_command_at_policy_step": 0.00537109375,
          "gripper_measured_at_policy_step": 0.005370966062463567
        },
        {
          "policy_step": 99,
          "raw_action": [
            0.002480914071698509,
            0.000788516309492112,
            -0.0017954089969275007,
            -0.0036249968443949725,
            0.002912070845127657,
            0.007740329519739533,
            0.02294921875
          ],
          "clipped_action": [
            0.002480914071698509,
            0.000788516309492112,
            -0.0017954089969275007,
            0.0,
            0.0,
            0.0,
            0.02294921875
          ],
          "rotation_delta_before_lock": [
            0.0,
            0.0,
            0.0
          ],
          "end_effector_orientation_locked": true,
          "action_was_clipped": true,
          "ik_success": true,
          "current_position_m": [
            0.7121324345340375,
            0.14813204663595253,
            1.159166093474494
          ],
          "current_quaternion_wxyz": [
            0.14331381942745822,
            0.7119329690524192,
            0.6702338497538757,
            0.15296791618316596
          ],
          "target_position_m": [
            0.714613348605736,
            0.14892056294544465,
            1.1573706844775666
          ],
          "target_quaternion_wxyz": [
            0.14401882061382038,
            0.7115745070491394,
            0.6702725303982696,
            0.1538019350342488
          ],
          "inference_seconds": null,
          "server_request_index": 167,
          "chunk_index": 4,
          "chunk_size": 5,
          "executed_from_chunk": 5,
          "variant": "oftplus_h5_vision",
          "proprio_state": null,
          "gripper_target_closedness": 0.02294921875,
          "gripper_command_at_policy_step": 0.01202392578125,
          "gripper_measured_at_policy_step": 0.012006318260883497
        },
        {
          "policy_step": 100,
          "raw_action": [
            0.002928040571653587,
            0.0006992898349091978,
            -0.0014739896953936578,
            -0.00390593353167782,
            0.0029547405311964947,
            0.0071845933750422555,
            0.00830078125
          ],
          "clipped_action": [
            0.002928040571653587,
            0.0006992898349091978,
            -0.0014739896953936578,
            0.0,
            0.0,
            0.0,
            0.00830078125
          ],
          "rotation_delta_before_lock": [
            0.0,
            0.0,
            0.0
          ],
          "end_effector_orientation_locked": true,
          "action_was_clipped": true,
          "ik_success": true,
          "current_position_m": [
            0.7150252671380576,
            0.14857189257276177,
            1.1558097103457745
          ],
          "current_quaternion_wxyz": [
            0.14343803530042967,
            0.7118052959492885,
            0.6704117479846321,
            0.1526657749853863
          ],
          "target_position_m": [
            0.7179533077097112,
            0.14927118240767095,
            1.1543357206503808
          ],
          "target_quaternion_wxyz": [
            0.14401882061382038,
            0.7115745070491394,
            0.6702725303982696,
            0.1538019350342488
          ],
          "inference_seconds": 0.19436010310892016,
          "server_request_index": 168,
          "chunk_index": 0,
          "chunk_size": 5,
          "executed_from_chunk": 5,
          "variant": "oftplus_h5_vision",
          "proprio_state": null,
          "gripper_target_closedness": 0.00830078125,
          "gripper_command_at_policy_step": 0.02294921875,
          "gripper_measured_at_policy_step": 0.022920551741945405
        },
        {
          "policy_step": 101,
          "raw_action": [
            0.0030635757919524713,
            0.0009021594882683212,
            -0.0011927478065515418,
            -0.004130682881504099,
            0.002613383042645796,
            0.0071845933750422555,
            0.00970458984375
          ],
          "clipped_action": [
            0.0030635757919524713,
            0.0009021594882683212,
            -0.0011927478065515418,
            0.0,
            0.0,
            0.0,
            0.00970458984375
          ],
          "rotation_delta_before_lock": [
            0.0,
            0.0,
            0.0
          ],
          "end_effector_orientation_locked": true,
          "action_was_clipped": true,
          "ik_success": true,
          "current_position_m": [
            0.7183550381697389,
            0.1489212581618992,
            1.152777623844258
          ],
          "current_quaternion_wxyz": [
            0.14325763178184536,
            0.7117878392586854,
            0.6704003733898773,
            0.1529662125386589
          ],
          "target_position_m": [
            0.7214186139616914,
            0.14982341765016752,
            1.1515848760377065
          ],
          "target_quaternion_wxyz": [
            0.14401882061382038,
            0.7115745070491394,
            0.6702725303982696,
            0.1538019350342488
          ],
          "inference_seconds": null,
          "server_request_index": 168,
          "chunk_index": 1,
          "chunk_size": 5,
          "executed_from_chunk": 5,
          "variant": "oftplus_h5_vision",
          "proprio_state": null,
          "gripper_target_closedness": 0.00970458984375,
          "gripper_command_at_policy_step": 0.00830078125,
          "gripper_measured_at_policy_step": 0.00833469141146237
        },
        {
          "policy_step": 102,
          "raw_action": [
            0.003078945765388426,
            0.0008765370209049845,
            -0.0011023486279951485,
            -0.0042992448938738055,
            0.002741392100852308,
            0.007601395483565214,
            0.008056640625
          ],
          "clipped_action": [
            0.003078945765388426,
            0.0008765370209049845,
            -0.0011023486279951485,
            0.0,
            0.0,
            0.0,
            0.008056640625
          ],
          "rotation_delta_before_lock": [
            0.0,
            0.0,
            0.0
          ],
          "end_effector_orientation_locked": true,
          "action_was_clipped": true,
          "ik_success": true,
          "current_position_m": [
            0.7218116522917144,
            0.14946890655541667,
            1.1500328434229596
          ],
          "current_quaternion_wxyz": [
            0.14302892418165047,
            0.7119400851400881,
            0.6702944994552399,
            0.15293569242728483
          ],
          "target_position_m": [
            0.7248905980571029,
            0.15034544357632165,
            1.1489304947949646
          ],
          "target_quaternion_wxyz": [
            0.14401882061382038,
            0.7115745070491394,
            0.6702725303982696,
            0.1538019350342488
          ],
          "inference_seconds": null,
          "server_request_index": 168,
          "chunk_index": 2,
          "chunk_size": 5,
          "executed_from_chunk": 5,
          "variant": "oftplus_h5_vision",
          "proprio_state": null,
          "gripper_target_closedness": 0.008056640625,
          "gripper_command_at_policy_step": 0.00970458984375,
          "gripper_measured_at_policy_step": 0.009698629379272461
        },
        {
          "policy_step": 103,
          "raw_action": [
            0.0031564942677243853,
            0.0007547549407310086,
            -0.0008914172113635641,
            -0.004243057556417237,
            0.0026560527287146337,
            0.0071845933750422555,
            0.0140380859375
          ],
          "clipped_action": [
            0.0031564942677243853,
            0.0007547549407310086,
            -0.0008914172113635641,
            0.0,
            0.0,
            0.0,
            0.0140380859375
          ],
          "rotation_delta_before_lock": [
            0.0,
            0.0,
            0.0
          ],
          "end_effector_orientation_locked": true,
          "action_was_clipped": true,
          "ik_success": true,
          "current_position_m": [
            0.7252750941893719,
            0.14998777672701885,
            1.1473850804116323
          ],
          "current_quaternion_wxyz": [
            0.143276170910802,
            0.7118039927799555,
            0.6703897638365273,
            0.15292017281855544
          ],
          "target_position_m": [
            0.7284315884570962,
            0.15074253166774987,
            1.1464936632002687
          ],
          "target_quaternion_wxyz": [
            0.14401882061382038,
            0.7115745070491394,
            0.6702725303982696,
            0.1538019350342488
          ],
          "inference_seconds": null,
          "server_request_index": 168,
          "chunk_index": 3,
          "chunk_size": 5,
          "executed_from_chunk": 5,
          "variant": "oftplus_h5_vision",
          "proprio_state": null,
          "gripper_target_closedness": 0.0140380859375,
          "gripper_command_at_policy_step": 0.008056640625,
          "gripper_measured_at_policy_step": 0.008058184950516245
        },
        {
          "policy_step": 104,
          "raw_action": [
            0.002793902621667064,
            0.0005859480969254982,
            -0.001494078401739523,
            -0.003962120869134389,
            0.0026560527287146337,
            0.0071845933750422555,
            0.0216064453125
          ],
          "clipped_action": [
            0.002793902621667064,
            0.0005859480969254982,
            -0.001494078401739523,
            0.0,
            0.0,
            0.0,
            0.0216064453125
          ],
          "rotation_delta_before_lock": [
            0.0,
            0.0,
            0.0
          ],
          "end_effector_orientation_locked": true,
          "action_was_clipped": true,
          "ik_success": true,
          "current_position_m": [
            0.7288088718390275,
            0.15038186360970993,
            1.1449567045331248
          ],
          "current_quaternion_wxyz": [
            0.14357363205591497,
            0.7115442229587546,
            0.6705812045043218,
            0.15301071569608382
          ],
          "target_position_m": [
            0.7316027744606945,
            0.15096781170663542,
            1.1434626261313854
          ],
          "target_quaternion_wxyz": [
            0.14401882061382038,
            0.7115745070491394,
            0.6702725303982696,
            0.1538019350342488
          ],
          "inference_seconds": null,
          "server_request_index": 168,
          "chunk_index": 4,
          "chunk_size": 5,
          "executed_from_chunk": 5,
          "variant": "oftplus_h5_vision",
          "proprio_state": null,
          "gripper_target_closedness": 0.0216064453125,
          "gripper_command_at_policy_step": 0.0140380859375,
          "gripper_measured_at_policy_step": 0.014021539739493716
        },
        {
          "policy_step": 105,
          "raw_action": [
            0.00343245515441541,
            -0.00010857148901717399,
            -0.0019862517072132234,
            -0.004692556256069791,
            0.003722794880435567,
            0.00857393373678545,
            0.00689697265625
          ],
          "clipped_action": [
            0.00343245515441541,
            -0.00010857148901717399,
            -0.0019862517072132234,
            0.0,
            0.0,
            0.0,
            0.00689697265625
          ],
          "rotation_delta_before_lock": [
            0.0,
            0.0,
            0.0
          ],
          "end_effector_orientation_locked": true,
          "action_was_clipped": true,
          "ik_success": true,
          "current_position_m": [
            0.7319729420118991,
            0.1506053031575761,
            1.1419345058240102
          ],
          "current_quaternion_wxyz": [
            0.14312380506553712,
            0.7117924494169182,
            0.6704206441652275,
            0.1529811924836109
          ],
          "target_position_m": [
            0.7354053971663145,
            0.15049673166855893,
            1.1399482541167971
          ],
          "target_quaternion_wxyz": [
            0.14401882061382038,
            0.7115745070491394,
            0.6702725303982696,
            0.1538019350342488
          ],
          "inference_seconds": 0.18689362495206296,
          "server_request_index": 169,
          "chunk_index": 0,
          "chunk_size": 5,
          "executed_from_chunk": 5,
          "variant": "oftplus_h5_vision",
          "proprio_state": null,
          "gripper_target_closedness": 0.00689697265625,
          "gripper_command_at_policy_step": 0.0216064453125,
          "gripper_measured_at_policy_step": 0.021586448211094456
        },
        {
          "policy_step": 106,
          "raw_action": [
            0.004191172934026684,
            8.435061818912355e-05,
            -0.002116828298461347,
            -0.0051420549557223486,
            0.003637455508297892,
            0.008851801809134087,
            0.00537109375
          ],
          "clipped_action": [
            0.004191172934026684,
            8.435061818912355e-05,
            -0.002116828298461347,
            0.0,
            0.0,
            0.0,
            0.00537109375
          ],
          "rotation_delta_before_lock": [
            0.0,
            0.0,
            0.0
          ],
          "end_effector_orientation_locked": true,
          "action_was_clipped": true,
          "ik_success": true,
          "current_position_m": [
            0.7357640660468487,
            0.1501309970200197,
            1.1384303454262685
          ],
          "current_quaternion_wxyz": [
            0.14330542425602563,
            0.7114634919387195,
            0.6707006736066786,
            0.15311388389271488
          ],
          "target_position_m": [
            0.7399552389808755,
            0.15021534763820882,
            1.1363135171278071
          ],
          "target_quaternion_wxyz": [
            0.14401882061382038,
            0.7115745070491394,
            0.6702725303982696,
            0.1538019350342488
          ],
          "inference_seconds": null,
          "server_request_index": 169,
          "chunk_index": 1,
          "chunk_size": 5,
          "executed_from_chunk": 5,
          "variant": "oftplus_h5_vision",
          "proprio_state": null,
          "gripper_target_closedness": 0.00537109375,
          "gripper_command_at_policy_step": 0.00689697265625,
          "gripper_measured_at_policy_step": 0.006930449656371462
        },
        {
          "policy_step": 107,
          "raw_action": [
            0.004638299433981764,
            0.0004243758321402242,
            -0.002568824191243317,
            -0.006434363717223446,
            0.0044055098575369635,
            0.011074746387923199,
            0.0037078857421875
          ],
          "clipped_action": [
            0.004638299433981764,
            0.0004243758321402242,
            -0.002568824191243317,
            0.0,
            0.0,
            0.0,
            0.0037078857421875
          ],
          "rotation_delta_before_lock": [
            0.0,
            0.0,
            0.0
          ],
          "end_effector_orientation_locked": true,
          "action_was_clipped": true,
          "ik_success": true,
          "current_position_m": [
            0.7402998811550917,
            0.1498423331115267,
            1.1348124660640504
          ],
          "current_quaternion_wxyz": [
            0.14318666280616013,
            0.7113321315484481,
            0.6708546911307259,
            0.15316057459109608
          ],
          "target_position_m": [
            0.7449381805890735,
            0.15026670894366692,
            1.132243641872807
          ],
          "target_quaternion_wxyz": [
            0.14401882061382038,
            0.7115745070491394,
            0.6702725303982696,
            0.1538019350342488
          ],
          "inference_seconds": null,
          "server_request_index": 169,
          "chunk_index": 2,
          "chunk_size": 5,
          "executed_from_chunk": 5,
          "variant": "oftplus_h5_vision",
          "proprio_state": null,
          "gripper_target_closedness": 0.0037078857421875,
          "gripper_command_at_policy_step": 0.00537109375,
          "gripper_measured_at_policy_step": 0.005372764478469794
        },
        {
          "policy_step": 108,
          "raw_action": [
            0.006991302639995365,
            0.0005594213071846328,
            -0.0037540578656493698,
            -0.009889884970802464,
            0.006944356178632785,
            0.018993986449859397,
            0.004058837890625
          ],
          "clipped_action": [
            0.006991302639995365,
            0.0005594213071846328,
            -0.0037540578656493698,
            0.0,
            0.0,
            0.0,
            0.004058837890625
          ],
          "rotation_delta_before_lock": [
            0.0,
            0.0,
            0.0
          ],
          "end_effector_orientation_locked": true,
          "action_was_clipped": true,
          "ik_success": true,
          "current_position_m": [
            0.7452701042352788,
            0.14988410164475943,
            1.1307665991892057
          ],
          "current_quaternion_wxyz": [
            0.14320850634324153,
            0.7113643021491286,
            0.6708154456802875,
            0.15316262982718204
          ],
          "target_position_m": [
            0.7522614068752742,
            0.15044352295194408,
            1.1270125413235563
          ],
          "target_quaternion_wxyz": [
            0.14401882061382038,
            0.7115745070491394,
            0.6702725303982696,
            0.1538019350342488
          ],
          "inference_seconds": null,
          "server_request_index": 169,
          "chunk_index": 3,
          "chunk_size": 5,
          "executed_from_chunk": 5,
          "variant": "oftplus_h5_vision",
          "proprio_state": null,
          "gripper_target_closedness": 0.004058837890625,
          "gripper_command_at_policy_step": 0.0037078857421875,
          "gripper_measured_at_policy_step": 0.003709679276778788
        },
        {
          "policy_step": 109,
          "raw_action": [
            0.005694635790125637,
            0.0005763019915651837,
            -0.0037540578656493698,
            -0.009356105264965053,
            0.0065389941609788295,
            0.0182993162689878,
            0.006500244140625
          ],
          "clipped_action": [
            0.005694635790125637,
            0.0005763019915651837,
            -0.0037540578656493698,
            0.0,
            0.0,
            0.0,
            0.006500244140625
          ],
          "rotation_delta_before_lock": [
            0.0,
            0.0,
            0.0
          ],
          "end_effector_orientation_locked": true,
          "action_was_clipped": true,
          "ik_success": true,
          "current_position_m": [
            0.7525699633858615,
            0.1500460654361993,
            1.1255883311078037
          ],
          "current_quaternion_wxyz": [
            0.14337068142073559,
            0.7117843084835834,
            0.6703922454618363,
            0.1529123380572601
          ],
          "target_position_m": [
            0.7582645991759871,
            0.1506223674277645,
            1.1218342732421542
          ],
          "target_quaternion_wxyz": [
            0.14401882061382038,
            0.7115745070491394,
            0.6702725303982696,
            0.1538019350342488
          ],
          "inference_seconds": null,
          "server_request_index": 169,
          "chunk_index": 4,
          "chunk_size": 5,
          "executed_from_chunk": 5,
          "variant": "oftplus_h5_vision",
          "proprio_state": null,
          "gripper_target_closedness": 0.006500244140625,
          "gripper_command_at_policy_step": 0.004058837890625,
          "gripper_measured_at_policy_step": 0.004054910920817334
        },
        {
          "policy_step": 110,
          "raw_action": [
            0.0023355979592131083,
            0.0004774294116219567,
            -0.0012429695724162047,
            -0.00390593353167782,
            0.0028694011590588205,
            0.006628857230344978,
            0.008056640625
          ],
          "clipped_action": [
            0.0023355979592131083,
            0.0004774294116219567,
            -0.0012429695724162047,
            0.0,
            0.0,
            0.0,
            0.008056640625
          ],
          "rotation_delta_before_lock": [
            0.0,
            0.0,
            0.0
          ],
          "end_effector_orientation_locked": true,
          "action_was_clipped": true,
          "ik_success": true,
          "current_position_m": [
            0.7585593381115263,
            0.1502100131900129,
            1.120464867541142
          ],
          "current_quaternion_wxyz": [
            0.14346971383572343,
            0.7117730216908971,
            0.670371285219136,
            0.15296387403092687
          ],
          "target_position_m": [
            0.7608949360707394,
            0.15068744260163486,
            1.1192218979687258
          ],
          "target_quaternion_wxyz": [
            0.14401882061382038,
            0.7115745070491394,
            0.6702725303982696,
            0.1538019350342488
          ],
          "inference_seconds": 0.21329011907801032,
          "server_request_index": 170,
          "chunk_index": 0,
          "chunk_size": 5,
          "executed_from_chunk": 5,
          "variant": "oftplus_h5_vision",
          "proprio_state": null,
          "gripper_target_closedness": 0.008056640625,
          "gripper_command_at_policy_step": 0.006500244140625,
          "gripper_measured_at_policy_step": 0.006489934078578341
        },
        {
          "policy_step": 111,
          "raw_action": [
            0.0020617329779906227,
            0.0004581372009013259,
            -0.0011324816875139462,
            -0.003962120869134389,
            0.0024853739844392844,
            0.006628857230344978,
            0.00970458984375
          ],
          "clipped_action": [
            0.0020617329779906227,
            0.0004581372009013259,
            -0.0011324816875139462,
            0.0,
            0.0,
            0.0,
            0.00970458984375
          ],
          "rotation_delta_before_lock": [
            0.0,
            0.0,
            0.0
          ],
          "end_effector_orientation_locked": true,
          "action_was_clipped": true,
          "ik_success": true,
          "current_position_m": [
            0.7611880958571884,
            0.1502700536564235,
            1.1178755330686443
          ],
          "current_quaternion_wxyz": [
            0.14356583391304742,
            0.7113979956158648,
            0.6706817097270641,
            0.15325725889550412
          ],
          "target_position_m": [
            0.763249828835179,
            0.15072819085732483,
            1.1167430513811303
          ],
          "target_quaternion_wxyz": [
            0.14401882061382038,
            0.7115745070491394,
            0.6702725303982696,
            0.1538019350342488
          ],
          "inference_seconds": null,
          "server_request_index": 170,
          "chunk_index": 1,
          "chunk_size": 5,
          "executed_from_chunk": 5,
          "variant": "oftplus_h5_vision",
          "proprio_state": null,
          "gripper_target_closedness": 0.00970458984375,
          "gripper_command_at_policy_step": 0.008056640625,
          "gripper_measured_at_policy_step": 0.008049417672486237
        },
        {
          "policy_step": 112,
          "raw_action": [
            0.002134391034233322,
            0.0005594213071846328,
            -0.0011425260406868788,
            -0.004074495544047527,
            0.0026560527287146337,
            0.0073235274112165745,
            0.006683349609375
          ],
          "clipped_action": [
            0.002134391034233322,
            0.0005594213071846328,
            -0.0011425260406868788,
            0.0,
            0.0,
            0.0,
            0.006683349609375
          ],
          "rotation_delta_before_lock": [
            0.0,
            0.0,
            0.0
          ],
          "end_effector_orientation_locked": true,
          "action_was_clipped": true,
          "ik_success": true,
          "current_position_m": [
            0.763535885103125,
            0.15030229616113072,
            1.11542762013515
          ],
          "current_quaternion_wxyz": [
            0.14320416548039824,
            0.7116371885097661,
            0.6705366184249163,
            0.1531199603913763
          ],
          "target_position_m": [
            0.7656702761373583,
            0.15086171746831536,
            1.114285094094463
          ],
          "target_quaternion_wxyz": [
            0.14401882061382038,
            0.7115745070491394,
            0.6702725303982696,
            0.1538019350342488
          ],
          "inference_seconds": null,
          "server_request_index": 170,
          "chunk_index": 2,
          "chunk_size": 5,
          "executed_from_chunk": 5,
          "variant": "oftplus_h5_vision",
          "proprio_state": null,
          "gripper_target_closedness": 0.006683349609375,
          "gripper_command_at_policy_step": 0.00970458984375,
          "gripper_measured_at_policy_step": 0.00969615655726408
        },
        {
          "policy_step": 113,
          "raw_action": [
            0.0020952674654872525,
            0.0008258949677633319,
            -0.0014739896953936578,
            -0.0035688095069384036,
            0.0024853739844392844,
            0.006489923194170659,
            0.00885009765625
          ],
          "clipped_action": [
            0.0020952674654872525,
            0.0008258949677633319,
            -0.0014739896953936578,
            0.0,
            0.0,
            0.0,
            0.00885009765625
          ],
          "rotation_delta_before_lock": [
            0.0,
            0.0,
            0.0
          ],
          "end_effector_orientation_locked": true,
          "action_was_clipped": true,
          "ik_success": true,
          "current_position_m": [
            0.7659484337738796,
            0.15042683628272413,
            1.1130017078903227
          ],
          "current_quaternion_wxyz": [
            0.14369027878877116,
            0.7116848245829662,
            0.6703230395648372,
            0.15337808470728645
          ],
          "target_position_m": [
            0.7680437012393668,
            0.15125273125048747,
            1.111527718194929
          ],
          "target_quaternion_wxyz": [
            0.14401882061382038,
            0.7115745070491394,
            0.6702725303982696,
            0.1538019350342488
          ],
          "inference_seconds": null,
          "server_request_index": 170,
          "chunk_index": 3,
          "chunk_size": 5,
          "executed_from_chunk": 5,
          "variant": "oftplus_h5_vision",
          "proprio_state": null,
          "gripper_target_closedness": 0.00885009765625,
          "gripper_command_at_policy_step": 0.006683349609375,
          "gripper_measured_at_policy_step": 0.0066850301006745605
        },
        {
          "policy_step": 114,
          "raw_action": [
            0.00217910368422883,
            0.0011767720502447853,
            -0.00216705006432601,
            -0.0031193108072858494,
            0.0026560527287146337,
            0.006628857230344978,
            0.007354736328125
          ],
          "clipped_action": [
            0.00217910368422883,
            0.0011767720502447853,
            -0.00216705006432601,
            0.0,
            0.0,
            0.0,
            0.007354736328125
          ],
          "rotation_delta_before_lock": [
            0.0,
            0.0,
            0.0
          ],
          "end_effector_orientation_locked": true,
          "action_was_clipped": true,
          "ik_success": true,
          "current_position_m": [
            0.7683100779905717,
            0.15080657853131357,
            1.110279747427678
          ],
          "current_quaternion_wxyz": [
            0.14402331149164488,
            0.7117357540909175,
            0.6701312907013331,
            0.15366702742806967
          ],
          "target_position_m": [
            0.7704891816748005,
            0.15198335058155835,
            1.108112697363352
          ],
          "target_quaternion_wxyz": [
            0.14401882061382038,
            0.7115745070491394,
            0.6702725303982696,
            0.1538019350342488
          ],
          "inference_seconds": null,
          "server_request_index": 170,
          "chunk_index": 4,
          "chunk_size": 5,
          "executed_from_chunk": 5,
          "variant": "oftplus_h5_vision",
          "proprio_state": null,
          "gripper_target_closedness": 0.007354736328125,
          "gripper_command_at_policy_step": 0.00885009765625,
          "gripper_measured_at_policy_step": 0.008838055205756312
        },
        {
          "policy_step": 115,
          "raw_action": [
            0.0003067614656669382,
            0.0014806243690947043,
            -0.0012228808660703396,
            -0.003344060157112125,
            0.0024853739844392844,
            0.0070456593388679364,
            0.007568359375
          ],
          "clipped_action": [
            0.0003067614656669382,
            0.0014806243690947043,
            -0.0012228808660703396,
            0.0,
            0.0,
            0.0,
            0.007568359375
          ],
          "rotation_delta_before_lock": [
            0.0,
            0.0,
            0.0
          ],
          "end_effector_orientation_locked": true,
          "action_was_clipped": true,
          "ik_success": true,
          "current_position_m": [
            0.7707492335136915,
            0.15152398374208736,
            1.1069189932125363
          ],
          "current_quaternion_wxyz": [
            0.14389669724367854,
            0.7120304440951263,
            0.6699635215578793,
            0.15315112466391953
          ],
          "target_position_m": [
            0.7710559949793585,
            0.15300460811118208,
            1.105696112346466
          ],
          "target_quaternion_wxyz": [
            0.14401882061382038,
            0.7115745070491394,
            0.6702725303982696,
            0.1538019350342488
          ],
          "inference_seconds": 0.19420707202516496,
          "server_request_index": 171,
          "chunk_index": 0,
          "chunk_size": 5,
          "executed_from_chunk": 5,
          "variant": "oftplus_h5_vision",
          "proprio_state": null,
          "gripper_target_closedness": 0.007568359375,
          "gripper_command_at_policy_step": 0.007354736328125,
          "gripper_measured_at_policy_step": 0.007351150543525309
        },
        {
          "policy_step": 116,
          "raw_action": [
            -9.565238429263233e-05,
            0.0016084352651188766,
            -0.0016849211120252422,
            -0.0036811841818515413,
            0.002442704298370447,
            0.00815713162826249,
            0.00592041015625
          ],
          "clipped_action": [
            -9.565238429263233e-05,
            0.0016084352651188766,
            -0.0016849211120252422,
            0.0,
            0.0,
            0.0,
            0.00592041015625
          ],
          "rotation_delta_before_lock": [
            0.0,
            0.0,
            0.0
          ],
          "end_effector_orientation_locked": true,
          "action_was_clipped": true,
          "ik_success": true,
          "current_position_m": [
            0.7713166107444761,
            0.1525455993743993,
            1.1045014975256415
          ],
          "current_quaternion_wxyz": [
            0.14382541227443046,
            0.7116020558672186,
            0.6704563964231357,
            0.1530522308394791
          ],
          "target_position_m": [
            0.7712209583601835,
            0.15415403463951816,
            1.1028165764136162
          ],
          "target_quaternion_wxyz": [
            0.14401882061382038,
            0.7115745070491394,
            0.6702725303982696,
            0.1538019350342488
          ],
          "inference_seconds": null,
          "server_request_index": 171,
          "chunk_index": 1,
          "chunk_size": 5,
          "executed_from_chunk": 5,
          "variant": "oftplus_h5_vision",
          "proprio_state": null,
          "gripper_target_closedness": 0.00592041015625,
          "gripper_command_at_policy_step": 0.007568359375,
          "gripper_measured_at_policy_step": 0.00755922085252303
        },
        {
          "policy_step": 117,
          "raw_action": [
            -0.0008334111092185119,
            0.0021534402179766692,
            -0.002287582302401201,
            -0.003344060157112125,
            0.0021866861819574233,
            0.007601395483565214,
            0.0047607421875
          ],
          "clipped_action": [
            -0.0008334111092185119,
            0.0021534402179766692,
            -0.002287582302401201,
            0.0,
            0.0,
            0.0,
            0.0047607421875
          ],
          "rotation_delta_before_lock": [
            0.0,
            0.0,
            0.0
          ],
          "end_effector_orientation_locked": true,
          "action_was_clipped": true,
          "ik_success": true,
          "current_position_m": [
            0.7714779882733592,
            0.15369820222947037,
            1.101606604921183
          ],
          "current_quaternion_wxyz": [
            0.14316555408142712,
            0.7119669045997755,
            0.6702412778224242,
            0.1529162528383954
          ],
          "target_position_m": [
            0.7706445771641407,
            0.15585164244744704,
            1.099319022618782
          ],
          "target_quaternion_wxyz": [
            0.14401882061382038,
            0.7115745070491394,
            0.6702725303982696,
            0.1538019350342488
          ],
          "inference_seconds": null,
          "server_request_index": 171,
          "chunk_index": 2,
          "chunk_size": 5,
          "executed_from_chunk": 5,
          "variant": "oftplus_h5_vision",
          "proprio_state": null,
          "gripper_target_closedness": 0.0047607421875,
          "gripper_command_at_policy_step": 0.00592041015625,
          "gripper_measured_at_policy_step": 0.005914248269179856
        },
        {
          "policy_step": 118,
          "raw_action": [
            -0.0010122617092005433,
            0.0018640570571672212,
            -0.0020364734730778863,
            -0.002557437432720154,
            0.00175998932126905,
            0.005934187049473381,
            0.010009765625
          ],
          "clipped_action": [
            -0.0010122617092005433,
            0.0018640570571672212,
            -0.0020364734730778863,
            0.0,
            0.0,
            0.0,
            0.010009765625
          ],
          "rotation_delta_before_lock": [
            0.0,
            0.0,
            0.0
          ],
          "end_effector_orientation_locked": true,
          "action_was_clipped": true,
          "ik_success": true,
          "current_position_m": [
            0.770904718223364,
            0.15540774994388032,
            1.0980689067048548
          ],
          "current_quaternion_wxyz": [
            0.14367984781085827,
            0.7118504794753386,
            0.6703675252300485,
            0.15242170882364278
          ],
          "target_position_m": [
            0.7698924565141635,
            0.15727180700104754,
            1.096032433231777
          ],
          "target_quaternion_wxyz": [
            0.14401882061382038,
            0.7115745070491394,
            0.6702725303982696,
            0.1538019350342488
          ],
          "inference_seconds": null,
          "server_request_index": 171,
          "chunk_index": 3,
          "chunk_size": 5,
          "executed_from_chunk": 5,
          "variant": "oftplus_h5_vision",
          "proprio_state": null,
          "gripper_target_closedness": 0.010009765625,
          "gripper_command_at_policy_step": 0.0047607421875,
          "gripper_measured_at_policy_step": 0.004753338622635828
        },
        {
          "policy_step": 119,
          "raw_action": [
            -0.000587491534243219,
            0.001536089474916515,
            -0.0015242114612583207,
            -0.0019955640581544587,
            0.0015893105769937007,
            0.004683780723904508,
            0.018798828125
          ],
          "clipped_action": [
            -0.000587491534243219,
            0.001536089474916515,
            -0.0015242114612583207,
            0.0,
            0.0,
            0.0,
            0.018798828125
          ],
          "rotation_delta_before_lock": [
            0.0,
            0.0,
            0.0
          ],
          "end_effector_orientation_locked": true,
          "action_was_clipped": true,
          "ik_success": true,
          "current_position_m": [
            0.7701504299819601,
            0.15684125064770274,
            1.0947366014161088
          ],
          "current_quaternion_wxyz": [
            0.14378974756986335,
            0.7120200958856293,
            0.6700590669281247,
            0.15288145203465703
          ],
          "target_position_m": [
            0.769562938447717,
            0.15837734012261925,
            1.0932123899548505
          ],
          "target_quaternion_wxyz": [
            0.14401882061382038,
            0.7115745070491394,
            0.6702725303982696,
            0.1538019350342488
          ],
          "inference_seconds": null,
          "server_request_index": 171,
          "chunk_index": 4,
          "chunk_size": 5,
          "executed_from_chunk": 5,
          "variant": "oftplus_h5_vision",
          "proprio_state": null,
          "gripper_target_closedness": 0.018798828125,
          "gripper_command_at_policy_step": 0.010009765625,
          "gripper_measured_at_policy_step": 0.009991674844560983
        },
        {
          "policy_step": 120,
          "raw_action": [
            0.0007986006156175257,
            0.0012877022618884067,
            -0.0014840340485665904,
            -0.0028945614574595706,
            0.0018879983794755618,
            0.004405912651555868,
            0.0057373046875
          ],
          "clipped_action": [
            0.0007986006156175257,
            0.0012877022618884067,
            -0.0014840340485665904,
            0.0,
            0.0,
            0.0,
            0.0057373046875
          ],
          "rotation_delta_before_lock": [
            0.0,
            0.0,
            0.0
          ],
          "end_effector_orientation_locked": true,
          "action_was_clipped": true,
          "ik_success": true,
          "current_position_m": [
            0.7698161224036422,
            0.15795312424774238,
            1.091894885578714
          ],
          "current_quaternion_wxyz": [
            0.1435687145230904,
            0.7120193244792746,
            0.6701432527838193,
            0.15272369340278244
          ],
          "target_position_m": [
            0.7706147230192597,
            0.15924082650963078,
            1.0904108515301474
          ],
          "target_quaternion_wxyz": [
            0.14401882061382038,
            0.7115745070491394,
            0.6702725303982696,
            0.1538019350342488
          ],
          "inference_seconds": 0.18687012000009418,
          "server_request_index": 172,
          "chunk_index": 0,
          "chunk_size": 5,
          "executed_from_chunk": 5,
          "variant": "oftplus_h5_vision",
          "proprio_state": null,
          "gripper_target_closedness": 0.0057373046875,
          "gripper_command_at_policy_step": 0.018798828125,
          "gripper_measured_at_policy_step": 0.018772665796608856
        },
        {
          "policy_step": 121,
          "raw_action": [
            0.001346330578062497,
            0.0013648711047709264,
            -0.0010923042748222159,
            -0.0031754981447424183,
            0.0016746499491313753,
            0.005100582832427465,
            0.008056640625
          ],
          "clipped_action": [
            0.001346330578062497,
            0.0013648711047709264,
            -0.0010923042748222159,
            0.0,
            0.0,
            0.0,
            0.008056640625
          ],
          "rotation_delta_before_lock": [
            0.0,
            0.0,
            0.0
          ],
          "end_effector_orientation_locked": true,
          "action_was_clipped": true,
          "ik_success": true,
          "current_position_m": [
            0.7708581436262152,
            0.15881419174798928,
            1.0890936278322452
          ],
          "current_quaternion_wxyz": [
            0.14406009701066577,
            0.7114594255825599,
            0.6704325843361828,
            0.15359792986664436
          ],
          "target_position_m": [
            0.7722044742042777,
            0.1601790628527602,
            1.0880013235574229
          ],
          "target_quaternion_wxyz": [
            0.14401882061382038,
            0.7115745070491394,
            0.6702725303982696,
            0.1538019350342488
          ],
          "inference_seconds": null,
          "server_request_index": 172,
          "chunk_index": 1,
          "chunk_size": 5,
          "executed_from_chunk": 5,
          "variant": "oftplus_h5_vision",
          "proprio_state": null,
          "gripper_target_closedness": 0.008056640625,
          "gripper_command_at_policy_step": 0.0057373046875,
          "gripper_measured_at_policy_step": 0.005760965419226771
        },
        {
          "policy_step": 122,
          "raw_action": [
            0.0009215604031051726,
            0.001068856246526263,
            -0.0013735461636643319,
            -0.0028945614574595706,
            0.0017173196352002124,
            0.005100582832427465,
            0.010009765625
          ],
          "clipped_action": [
            0.0009215604031051726,
            0.001068856246526263,
            -0.0013735461636643319,
            0.0,
            0.0,
            0.0,
            0.010009765625
          ],
          "rotation_delta_before_lock": [
            0.0,
            0.0,
            0.0
          ],
          "end_effector_orientation_locked": true,
          "action_was_clipped": true,
          "ik_success": true,
          "current_position_m": [
            0.7724434086510927,
            0.15974682852486785,
            1.086712039307679
          ],
          "current_quaternion_wxyz": [
            0.143825449601806,
            0.7122454035033627,
            0.6697747493210852,
            0.1530441452883714
          ],
          "target_position_m": [
            0.7733649690541979,
            0.1608156847713941,
            1.0853384931440146
          ],
          "target_quaternion_wxyz": [
            0.14401882061382038,
            0.7115745070491394,
            0.6702725303982696,
            0.1538019350342488
          ],
          "inference_seconds": null,
          "server_request_index": 172,
          "chunk_index": 2,
          "chunk_size": 5,
          "executed_from_chunk": 5,
          "variant": "oftplus_h5_vision",
          "proprio_state": null,
          "gripper_target_closedness": 0.010009765625,
          "gripper_command_at_policy_step": 0.008056640625,
          "gripper_measured_at_policy_step": 0.00804174228988852
        },
        {
          "policy_step": 123,
          "raw_action": [
            0.0006756408281298788,
            0.00058353657058542,
            -0.001162614747032744,
            -0.0019393767206978899,
            0.0014186318327183514,
            0.00385017650685859,
            0.037353515625
          ],
          "clipped_action": [
            0.0006756408281298788,
            0.00058353657058542,
            -0.001162614747032744,
            0.0,
            0.0,
            0.0,
            0.037353515625
          ],
          "rotation_delta_before_lock": [
            0.0,
            0.0,
            0.0
          ],
          "end_effector_orientation_locked": true,
          "action_was_clipped": true,
          "ik_success": true,
          "current_position_m": [
            0.7735962283076911,
            0.16038457232073533,
            1.0840526991203965
          ],
          "current_quaternion_wxyz": [
            0.14408704534401312,
            0.7121688350377566,
            0.6696512014050899,
            0.1536936635704824
          ],
          "target_position_m": [
            0.774271869135821,
            0.16096810889132074,
            1.0828900843733638
          ],
          "target_quaternion_wxyz": [
            0.14401882061382038,
            0.7115745070491394,
            0.6702725303982696,
            0.1538019350342488
          ],
          "inference_seconds": null,
          "server_request_index": 172,
          "chunk_index": 3,
          "chunk_size": 5,
          "executed_from_chunk": 5,
          "variant": "oftplus_h5_vision",
          "proprio_state": null,
          "gripper_target_closedness": 0.037353515625,
          "gripper_command_at_policy_step": 0.010009765625,
          "gripper_measured_at_policy_step": 0.009999575029159491
        },
        {
          "policy_step": 124,
          "raw_action": [
            0.00037383044066019964,
            0.0005111907803830584,
            -0.0010521268621304855,
            -0.0010965666588493503,
            0.0011199440302364898,
            0.002738704217464036,
            0.1328125
          ],
          "clipped_action": [
            0.00037383044066019964,
            0.0005111907803830584,
            -0.0010521268621304855,
            0.0,
            0.0,
            0.0,
            0.1328125
          ],
          "rotation_delta_before_lock": [
            0.0,
            0.0,
            0.0
          ],
          "end_effector_orientation_locked": true,
          "action_was_clipped": true,
          "ik_success": true,
          "current_position_m": [
            0.7744753242027962,
            0.1605423585762733,
            1.0816231900438946
          ],
          "current_quaternion_wxyz": [
            0.14403891520823894,
            0.7115612768067757,
            0.6701890538767928,
            0.15420756245552356
          ],
          "target_position_m": [
            0.7748491546434564,
            0.16105354935665636,
            1.0805710631817642
          ],
          "target_quaternion_wxyz": [
            0.14401882061382038,
            0.7115745070491394,
            0.6702725303982696,
            0.1538019350342488
          ],
          "inference_seconds": null,
          "server_request_index": 172,
          "chunk_index": 4,
          "chunk_size": 5,
          "executed_from_chunk": 5,
          "variant": "oftplus_h5_vision",
          "proprio_state": null,
          "gripper_target_closedness": 0.1328125,
          "gripper_command_at_policy_step": 0.037353515625,
          "gripper_measured_at_policy_step": 0.036051172377734364
        },
        {
          "policy_step": 125,
          "raw_action": [
            0.0008656695906107872,
            0.0001904577771525886,
            -0.0009516833304011596,
            -0.002388875420350444,
            0.0010772743441676527,
            0.0023219021089410773,
            0.0267333984375
          ],
          "clipped_action": [
            0.0008656695906107872,
            0.0001904577771525886,
            -0.0009516833304011596,
            0.0,
            0.0,
            0.0,
            0.0267333984375
          ],
          "rotation_delta_before_lock": [
            0.0,
            0.0,
            0.0
          ],
          "end_effector_orientation_locked": true,
          "action_was_clipped": true,
          "ik_success": true,
          "current_position_m": [
            0.7748702635603353,
            0.1605525474239795,
            1.08113163725684
          ],
          "current_quaternion_wxyz": [
            0.14518411458682254,
            0.7113977919177116,
            0.6701034365330096,
            0.15425997171299974
          ],
          "target_position_m": [
            0.775735933150946,
            0.1607430052011321,
            1.080179953926439
          ],
          "target_quaternion_wxyz": [
            0.14401882061382038,
            0.7115745070491394,
            0.6702725303982696,
            0.1538019350342488
          ],
          "inference_seconds": 0.19406379095744342,
          "server_request_index": 173,
          "chunk_index": 0,
          "chunk_size": 5,
          "executed_from_chunk": 5,
          "variant": "oftplus_h5_vision",
          "proprio_state": null,
          "gripper_target_closedness": 0.0267333984375,
          "gripper_command_at_policy_step": 0.1328125,
          "gripper_measured_at_policy_step": 0.10795784972865008
        },
        {
          "policy_step": 126,
          "raw_action": [
            0.001458112203051266,
            0.00011328893427006888,
            -0.0005147539673785867,
            -0.002613624770176723,
            0.0012906227745118392,
            0.003016572289812674,
            0.06005859375
          ],
          "clipped_action": [
            0.001458112203051266,
            0.00011328893427006888,
            -0.0005147539673785867,
            0.0,
            0.0,
            0.0,
            0.06005859375
          ],
          "rotation_delta_before_lock": [
            0.0,
            0.0,
            0.0
          ],
          "end_effector_orientation_locked": true,
          "action_was_clipped": true,
          "ik_success": true,
          "current_position_m": [
            0.7756836402391413,
            0.16079833151793924,
            1.081168326927978
          ],
          "current_quaternion_wxyz": [
            0.14468288063917703,
            0.7109115706796639,
            0.670655135637217,
            0.15457455083922741
          ],
          "target_position_m": [
            0.7771417524421925,
            0.1609116204522093,
            1.0806535729605993
          ],
          "target_quaternion_wxyz": [
            0.14401882061382038,
            0.7115745070491394,
            0.6702725303982696,
            0.1538019350342488
          ],
          "inference_seconds": null,
          "server_request_index": 173,
          "chunk_index": 1,
          "chunk_size": 5,
          "executed_from_chunk": 5,
          "variant": "oftplus_h5_vision",
          "proprio_state": null,
          "gripper_target_closedness": 0.06005859375,
          "gripper_command_at_policy_step": 0.0267333984375,
          "gripper_measured_at_policy_step": 0.028472358296657507
        },
        {
          "policy_step": 127,
          "raw_action": [
            0.00099980754059731,
            7.470451282880902e-05,
            -0.0005900866161755829,
            -0.0021079387330676,
            0.0011199440302364898,
            0.003016572289812674,
            0.1396484375
          ],
          "clipped_action": [
            0.00099980754059731,
            7.470451282880902e-05,
            -0.0005900866161755829,
            0.0,
            0.0,
            0.0,
            0.1396484375
          ],
          "rotation_delta_before_lock": [
            0.0,
            0.0,
            0.0
          ],
          "end_effector_orientation_locked": true,
          "action_was_clipped": true,
          "ik_success": true,
          "current_position_m": [
            0.7770075595403805,
            0.16082733598208326,
            1.081314764279791
          ],
          "current_quaternion_wxyz": [
            0.1444420436329809,
            0.7116476616989535,
            0.670089511531888,
            0.15386405741593895
          ],
          "target_position_m": [
            0.7780073670809778,
            0.16090204049491208,
            1.0807246776636152
          ],
          "target_quaternion_wxyz": [
            0.14401882061382038,
            0.7115745070491394,
            0.6702725303982696,
            0.1538019350342488
          ],
          "inference_seconds": null,
          "server_request_index": 173,
          "chunk_index": 2,
          "chunk_size": 5,
          "executed_from_chunk": 5,
          "variant": "oftplus_h5_vision",
          "proprio_state": null,
          "gripper_target_closedness": 0.1396484375,
          "gripper_command_at_policy_step": 0.06005859375,
          "gripper_measured_at_policy_step": 0.05495290997727165
        },
        {
          "policy_step": 128,
          "raw_action": [
            0.0004856120656489705,
            -2.175654077433975e-05,
            -0.0004293769654086614,
            -0.0010965666588493503,
            0.000693247169548117,
            0.0016272319280694805,
            0.33984375
          ],
          "clipped_action": [
            0.0004856120656489705,
            -2.175654077433975e-05,
            -0.0004293769654086614,
            0.0,
            0.0,
            0.0,
            0.33984375
          ],
          "rotation_delta_before_lock": [
            0.0,
            0.0,
            0.0
          ],
          "end_effector_orientation_locked": true,
          "action_was_clipped": true,
          "ik_success": true,
          "current_position_m": [
            0.7779016307468979,
            0.160567291784713,
            1.0813089154603988
          ],
          "current_quaternion_wxyz": [
            0.14479591104115463,
            0.7118379202284525,
            0.6698901065525089,
            0.15351926463366594
          ],
          "target_position_m": [
            0.7783872428125469,
            0.16054553524393866,
            1.08087953849499
          ],
          "target_quaternion_wxyz": [
            0.14401882061382038,
            0.7115745070491394,
            0.6702725303982696,
            0.1538019350342488
          ],
          "inference_seconds": null,
          "server_request_index": 173,
          "chunk_index": 3,
          "chunk_size": 5,
          "executed_from_chunk": 5,
          "variant": "oftplus_h5_vision",
          "proprio_state": null,
          "gripper_target_closedness": 0.33984375,
          "gripper_command_at_policy_step": 0.1396484375,
          "gripper_measured_at_policy_step": 0.12172212297546459
        },
        {
          "policy_step": 129,
          "raw_action": [
            0.00026204881567143054,
            2.165093334707824e-05,
            0.00016072878350113437,
            -0.0004785059468270861,
            0.00043722905313509303,
            0.0005157596386749265,
            0.53515625
          ],
          "clipped_action": [
            0.00026204881567143054,
            2.165093334707824e-05,
            0.00016072878350113437,
            0.0,
            0.0,
            0.0,
            0.53515625
          ],
          "rotation_delta_before_lock": [
            0.0,
            0.0,
            0.0
          ],
          "end_effector_orientation_locked": true,
          "action_was_clipped": true,
          "ik_success": true,
          "current_position_m": [
            0.7781342298984228,
            0.15988116703727817,
            1.081195085402259
          ],
          "current_quaternion_wxyz": [
            0.14571191262829303,
            0.7121285128623464,
            0.6694792279630727,
            0.1530966459875459
          ],
          "target_position_m": [
            0.7783962787140942,
            0.15990281797062525,
            1.08135581418576
          ],
          "target_quaternion_wxyz": [
            0.14401882061382038,
            0.7115745070491394,
            0.6702725303982696,
            0.1538019350342488
          ],
          "inference_seconds": null,
          "server_request_index": 173,
          "chunk_index": 4,
          "chunk_size": 5,
          "executed_from_chunk": 5,
          "variant": "oftplus_h5_vision",
          "proprio_state": null,
          "gripper_target_closedness": 0.53515625,
          "gripper_command_at_policy_step": 0.33984375,
          "gripper_measured_at_policy_step": 0.31140070588424296
        },
        {
          "policy_step": 130,
          "raw_action": [
            8.319821568939997e-05,
            -5.0694856855285075e-05,
            -0.0007357297371831072,
            -0.0001975692595442384,
            0.0003518896809974184,
            0.00037682560250060747,
            0.578125
          ],
          "clipped_action": [
            8.319821568939997e-05,
            -5.0694856855285075e-05,
            -0.0007357297371831072,
            0.0,
            0.0,
            0.0,
            0.578125
          ],
          "rotation_delta_before_lock": [
            0.0,
            0.0,
            0.0
          ],
          "end_effector_orientation_locked": true,
          "action_was_clipped": true,
          "ik_success": true,
          "current_position_m": [
            0.7784471194811015,
            0.15920145010853148,
            1.0808799740423405
          ],
          "current_quaternion_wxyz": [
            0.14654789184595182,
            0.7123829027509043,
            0.6690907048457199,
            0.1528134285747187
          ],
          "target_position_m": [
            0.7785303176967908,
            0.1591507552516762,
            1.0801442443051574
          ],
          "target_quaternion_wxyz": [
            0.14401882061382038,
            0.7115745070491394,
            0.6702725303982696,
            0.1538019350342488
          ],
          "inference_seconds": 0.20647933694999665,
          "server_request_index": 174,
          "chunk_index": 0,
          "chunk_size": 5,
          "executed_from_chunk": 5,
          "variant": "oftplus_h5_vision",
          "proprio_state": null,
          "gripper_target_closedness": 0.578125,
          "gripper_command_at_policy_step": 0.53515625,
          "gripper_measured_at_policy_step": 0.5104200367269844
        },
        {
          "policy_step": 131,
          "raw_action": [
            0.00012791086568490762,
            8.435061818912355e-05,
            0.00039473082382679783,
            -8.519458463110072e-05,
            0.0002665503088597437,
            9.895753015196854e-05,
            0.78125
          ],
          "clipped_action": [
            0.00012791086568490762,
            8.435061818912355e-05,
            0.00039473082382679783,
            0.0,
            0.0,
            0.0,
            0.78125
          ],
          "rotation_delta_before_lock": [
            0.0,
            0.0,
            0.0
          ],
          "end_effector_orientation_locked": true,
          "action_was_clipped": true,
          "ik_success": true,
          "current_position_m": [
            0.7786428394708078,
            0.1585962725633109,
            1.080697644314565
          ],
          "current_quaternion_wxyz": [
            0.14725672973624254,
            0.7126669144831266,
            0.6687337020799692,
            0.1523698141066864
          ],
          "target_position_m": [
            0.7787707503364927,
            0.15868062318150003,
            1.0810923751383918
          ],
          "target_quaternion_wxyz": [
            0.14401882061382038,
            0.7115745070491394,
            0.6702725303982696,
            0.1538019350342488
          ],
          "inference_seconds": null,
          "server_request_index": 174,
          "chunk_index": 1,
          "chunk_size": 5,
          "executed_from_chunk": 5,
          "variant": "oftplus_h5_vision",
          "proprio_state": null,
          "gripper_target_closedness": 0.78125,
          "gripper_command_at_policy_step": 0.578125,
          "gripper_measured_at_policy_step": 0.5567678345431541
        },
        {
          "policy_step": 132,
          "raw_action": [
            8.319821568939997e-05,
            4.576619674786543e-05,
            0.0018105137921553237,
            -2.9007247174528406e-05,
            0.0002665503088597437,
            -3.997650602235135e-05,
            0.91015625
          ],
          "clipped_action": [
            8.319821568939997e-05,
            4.576619674786543e-05,
            0.0018105137921553237,
            0.0,
            0.0,
            0.0,
            0.91015625
          ],
          "rotation_delta_before_lock": [
            0.0,
            0.0,
            0.0
          ],
          "end_effector_orientation_locked": true,
          "action_was_clipped": true,
          "ik_success": true,
          "current_position_m": [
            0.7790143089430471,
            0.1579430937626813,
            1.0804144030091782
          ],
          "current_quaternion_wxyz": [
            0.1481593154291501,
            0.7128581641430378,
            0.6683367795527954,
            0.15234173480429322
          ],
          "target_position_m": [
            0.7790975071587365,
            0.15798885995942918,
            1.0822249168013336
          ],
          "target_quaternion_wxyz": [
            0.14401882061382038,
            0.7115745070491394,
            0.6702725303982696,
            0.1538019350342488
          ],
          "inference_seconds": null,
          "server_request_index": 174,
          "chunk_index": 2,
          "chunk_size": 5,
          "executed_from_chunk": 5,
          "variant": "oftplus_h5_vision",
          "proprio_state": null,
          "gripper_target_closedness": 0.91015625,
          "gripper_command_at_policy_step": 0.78125,
          "gripper_measured_at_policy_step": 0.757639140468733
        },
        {
          "policy_step": 133,
          "raw_action": [
            6.084189069164615e-05,
            1.2004827986761973e-05,
            0.0049041745694185825,
            8.336742773860928e-05,
            9.58715645843944e-05,
            -3.997650602235135e-05,
            0.96875
          ],
          "clipped_action": [
            6.084189069164615e-05,
            1.2004827986761973e-05,
            0.0049041745694185825,
            0.0,
            0.0,
            0.0,
            0.96875
          ],
          "rotation_delta_before_lock": [
            0.0,
            0.0,
            0.0
          ],
          "end_effector_orientation_locked": true,
          "action_was_clipped": true,
          "ik_success": true,
          "current_position_m": [
            0.7793557687812763,
            0.15748151764881302,
            1.0811211403677448
          ],
          "current_quaternion_wxyz": [
            0.143960704414034,
            0.7118862006420102,
            0.6700822922484723,
            0.15324188244449344
          ],
          "target_position_m": [
            0.779416610671968,
            0.1574935224767998,
            1.0860253149371633
          ],
          "target_quaternion_wxyz": [
            0.14401882061382038,
            0.7115745070491394,
            0.6702725303982696,
            0.1538019350342488
          ],
          "inference_seconds": null,
          "server_request_index": 174,
          "chunk_index": 3,
          "chunk_size": 5,
          "executed_from_chunk": 5,
          "variant": "oftplus_h5_vision",
          "proprio_state": null,
          "gripper_target_closedness": 0.96875,
          "gripper_command_at_policy_step": 0.91015625,
          "gripper_measured_at_policy_step": 0.9058103582275838
        },
        {
          "policy_step": 134,
          "raw_action": [
            1.6129240696136776e-05,
            3.6120091387549166e-05,
            0.006370650132666751,
            0.00013955476519517812,
            -3.213749362211758e-05,
            -3.997650602235135e-05,
            0.98046875
          ],
          "clipped_action": [
            1.6129240696136776e-05,
            3.6120091387549166e-05,
            0.006370650132666751,
            0.0,
            0.0,
            0.0,
            0.98046875
          ],
          "rotation_delta_before_lock": [
            0.0,
            0.0,
            0.0
          ],
          "end_effector_orientation_locked": true,
          "action_was_clipped": true,
          "ik_success": true,
          "current_position_m": [
            0.7796355234127325,
            0.15701052083236056,
            1.0849815665671034
          ],
          "current_quaternion_wxyz": [
            0.14369569830200343,
            0.7119608215693402,
            0.6699693545847686,
            0.15363723102515933
          ],
          "target_position_m": [
            0.7796516526534286,
            0.1570466409237481,
            1.0913522166997702
          ],
          "target_quaternion_wxyz": [
            0.14401882061382038,
            0.7115745070491394,
            0.6702725303982696,
            0.1538019350342488
          ],
          "inference_seconds": null,
          "server_request_index": 174,
          "chunk_index": 4,
          "chunk_size": 5,
          "executed_from_chunk": 5,
          "variant": "oftplus_h5_vision",
          "proprio_state": null,
          "gripper_target_closedness": 0.98046875,
          "gripper_command_at_policy_step": 0.96875,
          "gripper_measured_at_policy_step": 0.9685399716013464
        },
        {
          "policy_step": 135,
          "raw_action": [
            3.848556569389233e-05,
            3.6120091387549166e-05,
            0.009022359370320972,
            2.7180090282040437e-05,
            -3.213749362211758e-05,
            -3.997650602235135e-05,
            0.984375
          ],
          "clipped_action": [
            3.848556569389233e-05,
            3.6120091387549166e-05,
            0.009022359370320972,
            0.0,
            0.0,
            0.0,
            0.984375
          ],
          "rotation_delta_before_lock": [
            0.0,
            0.0,
            0.0
          ],
          "end_effector_orientation_locked": true,
          "action_was_clipped": true,
          "ik_success": false,
          "current_position_m": [
            0.7795019960925357,
            0.15646557110703452,
            1.090283271409737
          ],
          "current_quaternion_wxyz": [
            0.14540167115649982,
            0.711062484292083,
            0.6697800579757597,
            0.15698143646704318
          ],
          "target_position_m": [
            0.7795404816582295,
            0.15650169119842205,
            1.099305630780058
          ],
          "target_quaternion_wxyz": [
            0.14401882061382038,
            0.7115745070491394,
            0.6702725303982696,
            0.1538019350342488
          ],
          "inference_seconds": 0.21153175795916468,
          "server_request_index": 175,
          "chunk_index": 0,
          "chunk_size": 5,
          "executed_from_chunk": 5,
          "variant": "oftplus_h5_vision",
          "proprio_state": null
        },
        {
          "policy_step": 136,
          "raw_action": [
            6.084189069164615e-05,
            3.6120091387549166e-05,
            0.009102714195704433,
            -2.9007247174528406e-05,
            -3.213749362211758e-05,
            -3.997650602235135e-05,
            0.984375
          ],
          "clipped_action": [
            6.084189069164615e-05,
            3.6120091387549166e-05,
            0.009102714195704433,
            0.0,
            0.0,
            0.0,
            0.984375
          ],
          "rotation_delta_before_lock": [
            0.0,
            0.0,
            0.0
          ],
          "end_effector_orientation_locked": true,
          "action_was_clipped": true,
          "ik_success": false,
          "current_position_m": [
            0.779504177420089,
            0.15645711330032502,
            1.0902821973598722
          ],
          "current_quaternion_wxyz": [
            0.14540205146078636,
            0.7110643984619656,
            0.6697779624352208,
            0.15698135464774804
          ],
          "target_position_m": [
            0.7795650193107807,
            0.15649323339171256,
            1.0993849115555767
          ],
          "target_quaternion_wxyz": [
            0.14401882061382038,
            0.7115745070491394,
            0.6702725303982696,
            0.1538019350342488
          ],
          "inference_seconds": 0.21772380999755114,
          "server_request_index": 176,
          "chunk_index": 0,
          "chunk_size": 5,
          "executed_from_chunk": 5,
          "variant": "oftplus_h5_vision",
          "proprio_state": null
        },
        {
          "policy_step": 137,
          "raw_action": [
            3.848556569389233e-05,
            2.6473986027234636e-05,
            0.009062536783012703,
            -2.9007247174528406e-05,
            -3.213749362211758e-05,
            -3.997650602235135e-05,
            0.984375
          ],
          "clipped_action": [
            3.848556569389233e-05,
            2.6473986027234636e-05,
            0.009062536783012703,
            0.0,
            0.0,
            0.0,
            0.984375
          ],
          "rotation_delta_before_lock": [
            0.0,
            0.0,
            0.0
          ],
          "end_effector_orientation_locked": true,
          "action_was_clipped": true,
          "ik_success": false,
          "current_position_m": [
            0.7794994064726892,
            0.15646854967929957,
            1.090300694348656
          ],
          "current_quaternion_wxyz": [
            0.14540625397538706,
            0.7110577838066775,
            0.6697813186625616,
            0.15699310355369622
          ],
          "target_position_m": [
            0.7795378920383831,
            0.1564950236653268,
            1.0993632311316686
          ],
          "target_quaternion_wxyz": [
            0.14401882061382038,
            0.7115745070491394,
            0.6702725303982696,
            0.1538019350342488
          ],
          "inference_seconds": 0.1914014599751681,
          "server_request_index": 177,
          "chunk_index": 0,
          "chunk_size": 5,
          "executed_from_chunk": 5,
          "variant": "oftplus_h5_vision",
          "proprio_state": null
        },
        {
          "policy_step": 138,
          "raw_action": [
            3.848556569389233e-05,
            3.129703870739277e-05,
            0.009223246433779628,
            2.7180090282040437e-05,
            -3.213749362211758e-05,
            -3.997650602235135e-05,
            0.984375
          ],
          "clipped_action": [
            3.848556569389233e-05,
            3.129703870739277e-05,
            0.009223246433779628,
            0.0,
            0.0,
            0.0,
            0.984375
          ],
          "rotation_delta_before_lock": [
            0.0,
            0.0,
            0.0
          ],
          "end_effector_orientation_locked": true,
          "action_was_clipped": true,
          "ik_success": false,
          "current_position_m": [
            0.7794983900518269,
            0.15647142081480486,
            1.0903039726075257
          ],
          "current_quaternion_wxyz": [
            0.14540707576695905,
            0.7110562539544764,
            0.6697822827550441,
            0.15699515832206723
          ],
          "target_position_m": [
            0.7795368756175207,
            0.15650271785351225,
            1.0995272190413052
          ],
          "target_quaternion_wxyz": [
            0.14401882061382038,
            0.7115745070491394,
            0.6702725303982696,
            0.1538019350342488
          ],
          "inference_seconds": 0.2044810780789703,
          "server_request_index": 178,
          "chunk_index": 0,
          "chunk_size": 5,
          "executed_from_chunk": 5,
          "variant": "oftplus_h5_vision",
          "proprio_state": null
        },
        {
          "policy_step": 139,
          "raw_action": [
            3.848556569389233e-05,
            3.6120091387549166e-05,
            0.009223246433779628,
            -2.9007247174528406e-05,
            -3.213749362211758e-05,
            -3.997650602235135e-05,
            0.984375
          ],
          "clipped_action": [
            3.848556569389233e-05,
            3.6120091387549166e-05,
            0.009223246433779628,
            0.0,
            0.0,
            0.0,
            0.984375
          ],
          "rotation_delta_before_lock": [
            0.0,
            0.0,
            0.0
          ],
          "end_effector_orientation_locked": true,
          "action_was_clipped": true,
          "ik_success": false,
          "current_position_m": [
            0.7794979320630532,
            0.15646991188272816,
            1.090310320364584
          ],
          "current_quaternion_wxyz": [
            0.14541021982993046,
            0.7110561754773234,
            0.6697809437051244,
            0.15699831443058918
          ],
          "target_position_m": [
            0.779536417628747,
            0.1565060319741157,
            1.0995335667983637
          ],
          "target_quaternion_wxyz": [
            0.14401882061382038,
            0.7115745070491394,
            0.6702725303982696,
            0.1538019350342488
          ],
          "inference_seconds": 0.22935945400968194,
          "server_request_index": 179,
          "chunk_index": 0,
          "chunk_size": 5,
          "executed_from_chunk": 5,
          "variant": "oftplus_h5_vision",
          "proprio_state": null
        }
      ],
      "video_capture": {
        "frames_dir": "/home/ubuntu/a0509_vla_linux_field_bundle_20260903/lhj/phase9_sim_policy_shadow_replay/01_sim_policy_rollout/phase9_fixed_layout_sim_policy_k5_rotlock_k5_seed20260922_1ep_20260922_224823_video_frames/episode_001_red",
        "manifest": "/home/ubuntu/a0509_vla_linux_field_bundle_20260903/lhj/phase9_sim_policy_shadow_replay/01_sim_policy_rollout/phase9_fixed_layout_sim_policy_k5_rotlock_k5_seed20260922_1ep_20260922_224823_video_frames/episode_001_red/manifest.json",
        "frame_count": 141,
        "fps": 5.0
      },
      "video_capture_error": null
    }
  ]
}
A0509_CONTROL_ROOT_LAYER_CHECK content_unchanged=True runtime_changes_reverted=True dirty_on_open=True dirty_on_close=True root_layer=/home/ubuntu/a0509_vla_linux_field_bundle_20260903/validation/a0509_project/USD/version_1/a0509_version_1_scaled_85x60.usda
A0509_CONTROL_SOURCE_FILE_CHECK unchanged=True sha256=7a63e0428be4a3d9124710bdaa8ef775e279292235266102d4d3b3f0122becc1 path=/home/ubuntu/a0509_vla_linux_field_bundle_20260903/validation/a0509_project/USD/version_1/a0509_version_1_scaled_85x60.usda
2026-09-22T13:49:41Z [78,626ms] [Warning] [isaacsim.core.simulation_manager.plugin] No adjacent samples found for interpolation at time 3205/30
2026-09-22T13:49:41Z [78,626ms] [Warning] [isaacsim.core.simulation_manager.plugin] No adjacent samples found for interpolation at time 3206/30
2026-09-22T13:49:41Z [78,627ms] [Warning] [isaacsim.core.simulation_manager.plugin] No adjacent samples found for interpolation at time 3207/30
2026-09-22T13:49:43Z [80,052ms] [Warning] [isaacsim.core.simulation_manager.plugin] No adjacent samples found for interpolation at time 3268/30
2026-09-22T13:49:43Z [80,306ms] [Warning] [isaacsim.core.simulation_manager.plugin] No adjacent samples found for interpolation at time 3272/30
2026-09-22T13:49:43Z [80,306ms] [Warning] [isaacsim.core.simulation_manager.plugin] No adjacent samples found for interpolation at time 3270/30
2026-09-22T13:49:43Z [80,307ms] [Warning] [isaacsim.core.simulation_manager.plugin] No adjacent samples found for interpolation at time 3271/30
2026-09-22T13:49:43Z [80,307ms] [Warning] [isaacsim.core.simulation_manager.plugin] No adjacent samples found for interpolation at time 3272/30
2026-09-22T13:49:43Z [80,602ms] [Warning] [isaacsim.core.simulation_manager.plugin] No adjacent samples found for interpolation at time 3285/30
2026-09-22T13:49:44Z [80,859ms] [Warning] [isaacsim.core.simulation_manager.plugin] No adjacent samples found for interpolation at time 3288/30
2026-09-22T13:49:44Z [80,860ms] [Warning] [isaacsim.core.simulation_manager.plugin] No adjacent samples found for interpolation at time 3287/30
2026-09-22T13:49:44Z [80,860ms] [Warning] [isaacsim.core.simulation_manager.plugin] No adjacent samples found for interpolation at time 3288/30
2026-09-22T13:49:44Z [81,158ms] [Warning] [isaacsim.core.simulation_manager.plugin] No adjacent samples found for interpolation at time 3301/30
2026-09-22T13:49:44Z [81,386ms] [Warning] [isaacsim.core.simulation_manager.plugin] No adjacent samples found for interpolation at time 3304/30
2026-09-22T13:49:44Z [81,386ms] [Warning] [isaacsim.core.simulation_manager.plugin] No adjacent samples found for interpolation at time 3303/30
2026-09-22T13:49:44Z [81,387ms] [Warning] [isaacsim.core.simulation_manager.plugin] No adjacent samples found for interpolation at time 3304/30
2026-09-22T13:49:44Z [81,669ms] [Warning] [isaacsim.core.simulation_manager.plugin] No adjacent samples found for interpolation at time 3317/30
2026-09-22T13:49:45Z [81,915ms] [Warning] [isaacsim.core.simulation_manager.plugin] No adjacent samples found for interpolation at time 3321/30
2026-09-22T13:49:45Z [81,915ms] [Warning] [isaacsim.core.simulation_manager.plugin] No adjacent samples found for interpolation at time 3319/30
2026-09-22T13:49:45Z [81,915ms] [Warning] [isaacsim.core.simulation_manager.plugin] No adjacent samples found for interpolation at time 3320/30
2026-09-22T13:49:45Z [81,916ms] [Warning] [isaacsim.core.simulation_manager.plugin] No adjacent samples found for interpolation at time 3321/30
2026-09-22T13:49:45Z [82,229ms] [Warning] [isaacsim.core.simulation_manager.plugin] No adjacent samples found for interpolation at time 3334/30
2026-09-22T13:49:45Z [82,567ms] [Warning] [isaacsim.core.simulation_manager.plugin] No adjacent samples found for interpolation at time 3337/30
2026-09-22T13:49:45Z [82,567ms] [Warning] [isaacsim.core.simulation_manager.plugin] No adjacent samples found for interpolation at time 3336/30
2026-09-22T13:49:45Z [82,567ms] [Warning] [isaacsim.core.simulation_manager.plugin] No adjacent samples found for interpolation at time 3337/30
[83.899s] Simulation App Shutting Down
