frame,episode_id,heldout_episode,planner_phase,progress,gate_method,raw_gap,progress_gap,selected_gap,gap_reduction
episode_000001_000000,episode_000001,episode_000001,hold,0,raw_no_correction,0.4220153137301213,0.024374758103059443,0.4220153137301213,0.0
episode_000001_000000,episode_000001,episode_000001,hold,0,progress_all,0.4220153137301213,0.024374758103059443,0.024374758103059443,0.39764055562706185
episode_000001_000000,episode_000001,episode_000001,hold,0,phase_gate_train,0.4220153137301213,0.024374758103059443,0.024374758103059443,0.39764055562706185
episode_000001_000000,episode_000001,episode_000001,hold,0,oracle_min_raw_progress,0.4220153137301213,0.024374758103059443,0.024374758103059443,0.39764055562706185
episode_000001_000000,episode_000001,episode_000001,hold,0,progress_gate_min_gap,0.4220153137301213,0.024374758103059443,0.024374758103059443,0.39764055562706185
episode_000001_000000,episode_000001,episode_000001,hold,0,progress_gate_zero_worse,0.4220153137301213,0.024374758103059443,0.024374758103059443,0.39764055562706185
episode_000001_000000,episode_000001,episode_000001,hold,0,progress_gate_worse_le_1,0.4220153137301213,0.024374758103059443,0.024374758103059443,0.39764055562706185
episode_000001_000000,episode_000001,episode_000001,hold,0,progress_gate_lambda,0.4220153137301213,0.024374758103059443,0.024374758103059443,0.39764055562706185
episode_000001_000001,episode_000001,episode_000001,hold,1,raw_no_correction,0.4142746423596497,0.022698954907297758,0.4142746423596497,0.0
episode_000001_000001,episode_000001,episode_000001,hold,1,progress_all,0.4142746423596497,0.022698954907297758,0.022698954907297758,0.39157568745235194
episode_000001_000001,episode_000001,episode_000001,hold,1,phase_gate_train,0.4142746423596497,0.022698954907297758,0.022698954907297758,0.39157568745235194
episode_000001_000001,episode_000001,episode_000001,hold,1,oracle_min_raw_progress,0.4142746423596497,0.022698954907297758,0.022698954907297758,0.39157568745235194
episode_000001_000001,episode_000001,episode_000001,hold,1,progress_gate_min_gap,0.4142746423596497,0.022698954907297758,0.022698954907297758,0.39157568745235194
episode_000001_000001,episode_000001,episode_000001,hold,1,progress_gate_zero_worse,0.4142746423596497,0.022698954907297758,0.022698954907297758,0.39157568745235194
episode_000001_000001,episode_000001,episode_000001,hold,1,progress_gate_worse_le_1,0.4142746423596497,0.022698954907297758,0.022698954907297758,0.39157568745235194
episode_000001_000001,episode_000001,episode_000001,hold,1,progress_gate_lambda,0.4142746423596497,0.022698954907297758,0.022698954907297758,0.39157568745235194
episode_000001_000002,episode_000001,episode_000001,alignment,2,raw_no_correction,0.4299229819327838,0.020980881882606432,0.4299229819327838,0.0
episode_000001_000002,episode_000001,episode_000001,alignment,2,progress_all,0.4299229819327838,0.020980881882606432,0.020980881882606432,0.40894210005017734
episode_000001_000002,episode_000001,episode_000001,alignment,2,phase_gate_train,0.4299229819327838,0.020980881882606432,0.020980881882606432,0.40894210005017734
episode_000001_000002,episode_000001,episode_000001,alignment,2,oracle_min_raw_progress,0.4299229819327838,0.020980881882606432,0.020980881882606432,0.40894210005017734
episode_000001_000002,episode_000001,episode_000001,alignment,2,progress_gate_min_gap,0.4299229819327838,0.020980881882606432,0.020980881882606432,0.40894210005017734
episode_000001_000002,episode_000001,episode_000001,alignment,2,progress_gate_zero_worse,0.4299229819327838,0.020980881882606432,0.020980881882606432,0.40894210005017734
episode_000001_000002,episode_000001,episode_000001,alignment,2,progress_gate_worse_le_1,0.4299229819327838,0.020980881882606432,0.020980881882606432,0.40894210005017734
episode_000001_000002,episode_000001,episode_000001,alignment,2,progress_gate_lambda,0.4299229819327838,0.020980881882606432,0.020980881882606432,0.40894210005017734
episode_000001_000003,episode_000001,episode_000001,alignment,3,raw_no_correction,0.4172927468605122,0.022019355496667507,0.4172927468605122,0.0
episode_000001_000003,episode_000001,episode_000001,alignment,3,progress_all,0.4172927468605122,0.022019355496667507,0.022019355496667507,0.3952733913638447
episode_000001_000003,episode_000001,episode_000001,alignment,3,phase_gate_train,0.4172927468605122,0.022019355496667507,0.022019355496667507,0.3952733913638447
episode_000001_000003,episode_000001,episode_000001,alignment,3,oracle_min_raw_progress,0.4172927468605122,0.022019355496667507,0.022019355496667507,0.3952733913638447
episode_000001_000003,episode_000001,episode_000001,alignment,3,progress_gate_min_gap,0.4172927468605122,0.022019355496667507,0.022019355496667507,0.3952733913638447
episode_000001_000003,episode_000001,episode_000001,alignment,3,progress_gate_zero_worse,0.4172927468605122,0.022019355496667507,0.022019355496667507,0.3952733913638447
episode_000001_000003,episode_000001,episode_000001,alignment,3,progress_gate_worse_le_1,0.4172927468605122,0.022019355496667507,0.022019355496667507,0.3952733913638447
episode_000001_000003,episode_000001,episode_000001,alignment,3,progress_gate_lambda,0.4172927468605122,0.022019355496667507,0.022019355496667507,0.3952733913638447
episode_000001_000004,episode_000001,episode_000001,alignment,4,raw_no_correction,0.49836899276124064,0.02813619697127654,0.49836899276124064,0.0
episode_000001_000004,episode_000001,episode_000001,alignment,4,progress_all,0.49836899276124064,0.02813619697127654,0.02813619697127654,0.4702327957899641
episode_000001_000004,episode_000001,episode_000001,alignment,4,phase_gate_train,0.49836899276124064,0.02813619697127654,0.02813619697127654,0.4702327957899641
episode_000001_000004,episode_000001,episode_000001,alignment,4,oracle_min_raw_progress,0.49836899276124064,0.02813619697127654,0.02813619697127654,0.4702327957899641
episode_000001_000004,episode_000001,episode_000001,alignment,4,progress_gate_min_gap,0.49836899276124064,0.02813619697127654,0.02813619697127654,0.4702327957899641
episode_000001_000004,episode_000001,episode_000001,alignment,4,progress_gate_zero_worse,0.49836899276124064,0.02813619697127654,0.02813619697127654,0.4702327957899641
episode_000001_000004,episode_000001,episode_000001,alignment,4,progress_gate_worse_le_1,0.49836899276124064,0.02813619697127654,0.02813619697127654,0.4702327957899641
episode_000001_000004,episode_000001,episode_000001,alignment,4,progress_gate_lambda,0.49836899276124064,0.02813619697127654,0.02813619697127654,0.4702327957899641
episode_000001_000005,episode_000001,episode_000001,alignment,5,raw_no_correction,0.5862973852415349,0.030398673288556655,0.5862973852415349,0.0
episode_000001_000005,episode_000001,episode_000001,alignment,5,progress_all,0.5862973852415349,0.030398673288556655,0.030398673288556655,0.5558987119529782
episode_000001_000005,episode_000001,episode_000001,alignment,5,phase_gate_train,0.5862973852415349,0.030398673288556655,0.030398673288556655,0.5558987119529782
episode_000001_000005,episode_000001,episode_000001,alignment,5,oracle_min_raw_progress,0.5862973852415349,0.030398673288556655,0.030398673288556655,0.5558987119529782
episode_000001_000005,episode_000001,episode_000001,alignment,5,progress_gate_min_gap,0.5862973852415349,0.030398673288556655,0.030398673288556655,0.5558987119529782
episode_000001_000005,episode_000001,episode_000001,alignment,5,progress_gate_zero_worse,0.5862973852415349,0.030398673288556655,0.030398673288556655,0.5558987119529782
episode_000001_000005,episode_000001,episode_000001,alignment,5,progress_gate_worse_le_1,0.5862973852415349,0.030398673288556655,0.030398673288556655,0.5558987119529782
episode_000001_000005,episode_000001,episode_000001,alignment,5,progress_gate_lambda,0.5862973852415349,0.030398673288556655,0.030398673288556655,0.5558987119529782
episode_000001_000006,episode_000001,episode_000001,alignment,6,raw_no_correction,0.6857121132119902,0.015075059885606257,0.6857121132119902,0.0
episode_000001_000006,episode_000001,episode_000001,alignment,6,progress_all,0.6857121132119902,0.015075059885606257,0.015075059885606257,0.6706370533263839
episode_000001_000006,episode_000001,episode_000001,alignment,6,phase_gate_train,0.6857121132119902,0.015075059885606257,0.015075059885606257,0.6706370533263839
episode_000001_000006,episode_000001,episode_000001,alignment,6,oracle_min_raw_progress,0.6857121132119902,0.015075059885606257,0.015075059885606257,0.6706370533263839
episode_000001_000006,episode_000001,episode_000001,alignment,6,progress_gate_min_gap,0.6857121132119902,0.015075059885606257,0.015075059885606257,0.6706370533263839
episode_000001_000006,episode_000001,episode_000001,alignment,6,progress_gate_zero_worse,0.6857121132119902,0.015075059885606257,0.015075059885606257,0.6706370533263839
episode_000001_000006,episode_000001,episode_000001,alignment,6,progress_gate_worse_le_1,0.6857121132119902,0.015075059885606257,0.015075059885606257,0.6706370533263839
episode_000001_000006,episode_000001,episode_000001,alignment,6,progress_gate_lambda,0.6857121132119902,0.015075059885606257,0.015075059885606257,0.6706370533263839
episode_000001_000007,episode_000001,episode_000001,alignment,7,raw_no_correction,0.8041757097192093,0.023660026450847388,0.8041757097192093,0.0
episode_000001_000007,episode_000001,episode_000001,alignment,7,progress_all,0.8041757097192093,0.023660026450847388,0.023660026450847388,0.7805156832683618
episode_000001_000007,episode_000001,episode_000001,alignment,7,phase_gate_train,0.8041757097192093,0.023660026450847388,0.023660026450847388,0.7805156832683618
episode_000001_000007,episode_000001,episode_000001,alignment,7,oracle_min_raw_progress,0.8041757097192093,0.023660026450847388,0.023660026450847388,0.7805156832683618
episode_000001_000007,episode_000001,episode_000001,alignment,7,progress_gate_min_gap,0.8041757097192093,0.023660026450847388,0.023660026450847388,0.7805156832683618
episode_000001_000007,episode_000001,episode_000001,alignment,7,progress_gate_zero_worse,0.8041757097192093,0.023660026450847388,0.023660026450847388,0.7805156832683618
episode_000001_000007,episode_000001,episode_000001,alignment,7,progress_gate_worse_le_1,0.8041757097192093,0.023660026450847388,0.023660026450847388,0.7805156832683618
episode_000001_000007,episode_000001,episode_000001,alignment,7,progress_gate_lambda,0.8041757097192093,0.023660026450847388,0.023660026450847388,0.7805156832683618
episode_000001_000008,episode_000001,episode_000001,alignment,8,raw_no_correction,0.7139101019769495,0.005957348764426264,0.7139101019769495,0.0
episode_000001_000008,episode_000001,episode_000001,alignment,8,progress_all,0.7139101019769495,0.005957348764426264,0.005957348764426264,0.7079527532125233
episode_000001_000008,episode_000001,episode_000001,alignment,8,phase_gate_train,0.7139101019769495,0.005957348764426264,0.005957348764426264,0.7079527532125233
episode_000001_000008,episode_000001,episode_000001,alignment,8,oracle_min_raw_progress,0.7139101019769495,0.005957348764426264,0.005957348764426264,0.7079527532125233
episode_000001_000008,episode_000001,episode_000001,alignment,8,progress_gate_min_gap,0.7139101019769495,0.005957348764426264,0.005957348764426264,0.7079527532125233
episode_000001_000008,episode_000001,episode_000001,alignment,8,progress_gate_zero_worse,0.7139101019769495,0.005957348764426264,0.005957348764426264,0.7079527532125233
episode_000001_000008,episode_000001,episode_000001,alignment,8,progress_gate_worse_le_1,0.7139101019769495,0.005957348764426264,0.005957348764426264,0.7079527532125233
episode_000001_000008,episode_000001,episode_000001,alignment,8,progress_gate_lambda,0.7139101019769495,0.005957348764426264,0.005957348764426264,0.7079527532125233
episode_000001_000009,episode_000001,episode_000001,alignment,9,raw_no_correction,0.7110497904120578,0.009737202824059751,0.7110497904120578,0.0
episode_000001_000009,episode_000001,episode_000001,alignment,9,progress_all,0.7110497904120578,0.009737202824059751,0.009737202824059751,0.7013125875879981
episode_000001_000009,episode_000001,episode_000001,alignment,9,phase_gate_train,0.7110497904120578,0.009737202824059751,0.009737202824059751,0.7013125875879981
episode_000001_000009,episode_000001,episode_000001,alignment,9,oracle_min_raw_progress,0.7110497904120578,0.009737202824059751,0.009737202824059751,0.7013125875879981
episode_000001_000009,episode_000001,episode_000001,alignment,9,progress_gate_min_gap,0.7110497904120578,0.009737202824059751,0.009737202824059751,0.7013125875879981
episode_000001_000009,episode_000001,episode_000001,alignment,9,progress_gate_zero_worse,0.7110497904120578,0.009737202824059751,0.009737202824059751,0.7013125875879981
episode_000001_000009,episode_000001,episode_000001,alignment,9,progress_gate_worse_le_1,0.7110497904120578,0.009737202824059751,0.009737202824059751,0.7013125875879981
episode_000001_000009,episode_000001,episode_000001,alignment,9,progress_gate_lambda,0.7110497904120578,0.009737202824059751,0.009737202824059751,0.7013125875879981
episode_000001_000010,episode_000001,episode_000001,alignment,10,raw_no_correction,0.5630310089953066,0.019255712630772328,0.5630310089953066,0.0
episode_000001_000010,episode_000001,episode_000001,alignment,10,progress_all,0.5630310089953066,0.019255712630772328,0.019255712630772328,0.5437752963645343
episode_000001_000010,episode_000001,episode_000001,alignment,10,phase_gate_train,0.5630310089953066,0.019255712630772328,0.019255712630772328,0.5437752963645343
episode_000001_000010,episode_000001,episode_000001,alignment,10,oracle_min_raw_progress,0.5630310089953066,0.019255712630772328,0.019255712630772328,0.5437752963645343
episode_000001_000010,episode_000001,episode_000001,alignment,10,progress_gate_min_gap,0.5630310089953066,0.019255712630772328,0.019255712630772328,0.5437752963645343
episode_000001_000010,episode_000001,episode_000001,alignment,10,progress_gate_zero_worse,0.5630310089953066,0.019255712630772328,0.019255712630772328,0.5437752963645343
episode_000001_000010,episode_000001,episode_000001,alignment,10,progress_gate_worse_le_1,0.5630310089953066,0.019255712630772328,0.019255712630772328,0.5437752963645343
episode_000001_000010,episode_000001,episode_000001,alignment,10,progress_gate_lambda,0.5630310089953066,0.019255712630772328,0.019255712630772328,0.5437752963645343
episode_000001_000011,episode_000001,episode_000001,alignment,11,raw_no_correction,0.7077988536639268,0.01676526935917757,0.7077988536639268,0.0
episode_000001_000011,episode_000001,episode_000001,alignment,11,progress_all,0.7077988536639268,0.01676526935917757,0.01676526935917757,0.6910335843047493
episode_000001_000011,episode_000001,episode_000001,alignment,11,phase_gate_train,0.7077988536639268,0.01676526935917757,0.01676526935917757,0.6910335843047493
episode_000001_000011,episode_000001,episode_000001,alignment,11,oracle_min_raw_progress,0.7077988536639268,0.01676526935917757,0.01676526935917757,0.6910335843047493
episode_000001_000011,episode_000001,episode_000001,alignment,11,progress_gate_min_gap,0.7077988536639268,0.01676526935917757,0.01676526935917757,0.6910335843047493
episode_000001_000011,episode_000001,episode_000001,alignment,11,progress_gate_zero_worse,0.7077988536639268,0.01676526935917757,0.01676526935917757,0.6910335843047493
episode_000001_000011,episode_000001,episode_000001,alignment,11,progress_gate_worse_le_1,0.7077988536639268,0.01676526935917757,0.01676526935917757,0.6910335843047493
episode_000001_000011,episode_000001,episode_000001,alignment,11,progress_gate_lambda,0.7077988536639268,0.01676526935917757,0.01676526935917757,0.6910335843047493
episode_000001_000012,episode_000001,episode_000001,alignment,12,raw_no_correction,0.7809002564536671,0.028985513555150555,0.7809002564536671,0.0
episode_000001_000012,episode_000001,episode_000001,alignment,12,progress_all,0.7809002564536671,0.028985513555150555,0.028985513555150555,0.7519147428985166
episode_000001_000012,episode_000001,episode_000001,alignment,12,phase_gate_train,0.7809002564536671,0.028985513555150555,0.028985513555150555,0.7519147428985166
episode_000001_000012,episode_000001,episode_000001,alignment,12,oracle_min_raw_progress,0.7809002564536671,0.028985513555150555,0.028985513555150555,0.7519147428985166
episode_000001_000012,episode_000001,episode_000001,alignment,12,progress_gate_min_gap,0.7809002564536671,0.028985513555150555,0.028985513555150555,0.7519147428985166
episode_000001_000012,episode_000001,episode_000001,alignment,12,progress_gate_zero_worse,0.7809002564536671,0.028985513555150555,0.028985513555150555,0.7519147428985166
episode_000001_000012,episode_000001,episode_000001,alignment,12,progress_gate_worse_le_1,0.7809002564536671,0.028985513555150555,0.028985513555150555,0.7519147428985166
episode_000001_000012,episode_000001,episode_000001,alignment,12,progress_gate_lambda,0.7809002564536671,0.028985513555150555,0.028985513555150555,0.7519147428985166
episode_000001_000013,episode_000001,episode_000001,alignment,13,raw_no_correction,0.7857215404278597,0.03432632612779322,0.7857215404278597,0.0
episode_000001_000013,episode_000001,episode_000001,alignment,13,progress_all,0.7857215404278597,0.03432632612779322,0.03432632612779322,0.7513952143000665
episode_000001_000013,episode_000001,episode_000001,alignment,13,phase_gate_train,0.7857215404278597,0.03432632612779322,0.03432632612779322,0.7513952143000665
episode_000001_000013,episode_000001,episode_000001,alignment,13,oracle_min_raw_progress,0.7857215404278597,0.03432632612779322,0.03432632612779322,0.7513952143000665
episode_000001_000013,episode_000001,episode_000001,alignment,13,progress_gate_min_gap,0.7857215404278597,0.03432632612779322,0.03432632612779322,0.7513952143000665
episode_000001_000013,episode_000001,episode_000001,alignment,13,progress_gate_zero_worse,0.7857215404278597,0.03432632612779322,0.03432632612779322,0.7513952143000665
episode_000001_000013,episode_000001,episode_000001,alignment,13,progress_gate_worse_le_1,0.7857215404278597,0.03432632612779322,0.03432632612779322,0.7513952143000665
episode_000001_000013,episode_000001,episode_000001,alignment,13,progress_gate_lambda,0.7857215404278597,0.03432632612779322,0.03432632612779322,0.7513952143000665
episode_000001_000014,episode_000001,episode_000001,alignment,14,raw_no_correction,0.8046275458038039,0.03199544710384385,0.8046275458038039,0.0
episode_000001_000014,episode_000001,episode_000001,alignment,14,progress_all,0.8046275458038039,0.03199544710384385,0.03199544710384385,0.7726320986999601
episode_000001_000014,episode_000001,episode_000001,alignment,14,phase_gate_train,0.8046275458038039,0.03199544710384385,0.03199544710384385,0.7726320986999601
episode_000001_000014,episode_000001,episode_000001,alignment,14,oracle_min_raw_progress,0.8046275458038039,0.03199544710384385,0.03199544710384385,0.7726320986999601
episode_000001_000014,episode_000001,episode_000001,alignment,14,progress_gate_min_gap,0.8046275458038039,0.03199544710384385,0.03199544710384385,0.7726320986999601
episode_000001_000014,episode_000001,episode_000001,alignment,14,progress_gate_zero_worse,0.8046275458038039,0.03199544710384385,0.03199544710384385,0.7726320986999601
episode_000001_000014,episode_000001,episode_000001,alignment,14,progress_gate_worse_le_1,0.8046275458038039,0.03199544710384385,0.03199544710384385,0.7726320986999601
episode_000001_000014,episode_000001,episode_000001,alignment,14,progress_gate_lambda,0.8046275458038039,0.03199544710384385,0.03199544710384385,0.7726320986999601
episode_000001_000015,episode_000001,episode_000001,alignment,15,raw_no_correction,0.5442354497472163,0.23539692463254053,0.5442354497472163,0.0
episode_000001_000015,episode_000001,episode_000001,alignment,15,progress_all,0.5442354497472163,0.23539692463254053,0.23539692463254053,0.30883852511467574
episode_000001_000015,episode_000001,episode_000001,alignment,15,phase_gate_train,0.5442354497472163,0.23539692463254053,0.23539692463254053,0.30883852511467574
episode_000001_000015,episode_000001,episode_000001,alignment,15,oracle_min_raw_progress,0.5442354497472163,0.23539692463254053,0.23539692463254053,0.30883852511467574
episode_000001_000015,episode_000001,episode_000001,alignment,15,progress_gate_min_gap,0.5442354497472163,0.23539692463254053,0.23539692463254053,0.30883852511467574
episode_000001_000015,episode_000001,episode_000001,alignment,15,progress_gate_zero_worse,0.5442354497472163,0.23539692463254053,0.23539692463254053,0.30883852511467574
episode_000001_000015,episode_000001,episode_000001,alignment,15,progress_gate_worse_le_1,0.5442354497472163,0.23539692463254053,0.23539692463254053,0.30883852511467574
episode_000001_000015,episode_000001,episode_000001,alignment,15,progress_gate_lambda,0.5442354497472163,0.23539692463254053,0.23539692463254053,0.30883852511467574
episode_000001_000016,episode_000001,episode_000001,alignment,16,raw_no_correction,0.6125641937990567,0.19379328008585867,0.6125641937990567,0.0
episode_000001_000016,episode_000001,episode_000001,alignment,16,progress_all,0.6125641937990567,0.19379328008585867,0.19379328008585867,0.418770913713198
episode_000001_000016,episode_000001,episode_000001,alignment,16,phase_gate_train,0.6125641937990567,0.19379328008585867,0.19379328008585867,0.418770913713198
episode_000001_000016,episode_000001,episode_000001,alignment,16,oracle_min_raw_progress,0.6125641937990567,0.19379328008585867,0.19379328008585867,0.418770913713198
episode_000001_000016,episode_000001,episode_000001,alignment,16,progress_gate_min_gap,0.6125641937990567,0.19379328008585867,0.19379328008585867,0.418770913713198
episode_000001_000016,episode_000001,episode_000001,alignment,16,progress_gate_zero_worse,0.6125641937990567,0.19379328008585867,0.19379328008585867,0.418770913713198
episode_000001_000016,episode_000001,episode_000001,alignment,16,progress_gate_worse_le_1,0.6125641937990567,0.19379328008585867,0.19379328008585867,0.418770913713198
episode_000001_000016,episode_000001,episode_000001,alignment,16,progress_gate_lambda,0.6125641937990567,0.19379328008585867,0.19379328008585867,0.418770913713198
episode_000001_000017,episode_000001,episode_000001,alignment,17,raw_no_correction,0.5220465821498992,0.2805871303247803,0.5220465821498992,0.0
episode_000001_000017,episode_000001,episode_000001,alignment,17,progress_all,0.5220465821498992,0.2805871303247803,0.2805871303247803,0.2414594518251189
episode_000001_000017,episode_000001,episode_000001,alignment,17,phase_gate_train,0.5220465821498992,0.2805871303247803,0.2805871303247803,0.2414594518251189
episode_000001_000017,episode_000001,episode_000001,alignment,17,oracle_min_raw_progress,0.5220465821498992,0.2805871303247803,0.2805871303247803,0.2414594518251189
episode_000001_000017,episode_000001,episode_000001,alignment,17,progress_gate_min_gap,0.5220465821498992,0.2805871303247803,0.2805871303247803,0.2414594518251189
episode_000001_000017,episode_000001,episode_000001,alignment,17,progress_gate_zero_worse,0.5220465821498992,0.2805871303247803,0.2805871303247803,0.2414594518251189
episode_000001_000017,episode_000001,episode_000001,alignment,17,progress_gate_worse_le_1,0.5220465821498992,0.2805871303247803,0.2805871303247803,0.2414594518251189
episode_000001_000017,episode_000001,episode_000001,alignment,17,progress_gate_lambda,0.5220465821498992,0.2805871303247803,0.2805871303247803,0.2414594518251189
episode_000001_000018,episode_000001,episode_000001,alignment,18,raw_no_correction,0.42107853608019896,0.3583990366005446,0.42107853608019896,0.0
episode_000001_000018,episode_000001,episode_000001,alignment,18,progress_all,0.42107853608019896,0.3583990366005446,0.3583990366005446,0.06267949947965434
episode_000001_000018,episode_000001,episode_000001,alignment,18,phase_gate_train,0.42107853608019896,0.3583990366005446,0.3583990366005446,0.06267949947965434
episode_000001_000018,episode_000001,episode_000001,alignment,18,oracle_min_raw_progress,0.42107853608019896,0.3583990366005446,0.3583990366005446,0.06267949947965434
episode_000001_000018,episode_000001,episode_000001,alignment,18,progress_gate_min_gap,0.42107853608019896,0.3583990366005446,0.3583990366005446,0.06267949947965434
episode_000001_000018,episode_000001,episode_000001,alignment,18,progress_gate_zero_worse,0.42107853608019896,0.3583990366005446,0.3583990366005446,0.06267949947965434
episode_000001_000018,episode_000001,episode_000001,alignment,18,progress_gate_worse_le_1,0.42107853608019896,0.3583990366005446,0.3583990366005446,0.06267949947965434
episode_000001_000018,episode_000001,episode_000001,alignment,18,progress_gate_lambda,0.42107853608019896,0.3583990366005446,0.3583990366005446,0.06267949947965434
episode_000001_000019,episode_000001,episode_000001,alignment,19,raw_no_correction,0.44137149044601187,0.31862745365037126,0.44137149044601187,0.0
episode_000001_000019,episode_000001,episode_000001,alignment,19,progress_all,0.44137149044601187,0.31862745365037126,0.31862745365037126,0.12274403679564061
episode_000001_000019,episode_000001,episode_000001,alignment,19,phase_gate_train,0.44137149044601187,0.31862745365037126,0.31862745365037126,0.12274403679564061
episode_000001_000019,episode_000001,episode_000001,alignment,19,oracle_min_raw_progress,0.44137149044601187,0.31862745365037126,0.31862745365037126,0.12274403679564061
episode_000001_000019,episode_000001,episode_000001,alignment,19,progress_gate_min_gap,0.44137149044601187,0.31862745365037126,0.31862745365037126,0.12274403679564061
episode_000001_000019,episode_000001,episode_000001,alignment,19,progress_gate_zero_worse,0.44137149044601187,0.31862745365037126,0.31862745365037126,0.12274403679564061
episode_000001_000019,episode_000001,episode_000001,alignment,19,progress_gate_worse_le_1,0.44137149044601187,0.31862745365037126,0.31862745365037126,0.12274403679564061
episode_000001_000019,episode_000001,episode_000001,alignment,19,progress_gate_lambda,0.44137149044601187,0.31862745365037126,0.31862745365037126,0.12274403679564061
episode_000001_000020,episode_000001,episode_000001,descent_to_grasp,20,raw_no_correction,0.43947188380630137,0.3067652253759937,0.43947188380630137,0.0
episode_000001_000020,episode_000001,episode_000001,descent_to_grasp,20,progress_all,0.43947188380630137,0.3067652253759937,0.3067652253759937,0.13270665843030766
episode_000001_000020,episode_000001,episode_000001,descent_to_grasp,20,phase_gate_train,0.43947188380630137,0.3067652253759937,0.3067652253759937,0.13270665843030766
episode_000001_000020,episode_000001,episode_000001,descent_to_grasp,20,oracle_min_raw_progress,0.43947188380630137,0.3067652253759937,0.3067652253759937,0.13270665843030766
episode_000001_000020,episode_000001,episode_000001,descent_to_grasp,20,progress_gate_min_gap,0.43947188380630137,0.3067652253759937,0.3067652253759937,0.13270665843030766
episode_000001_000020,episode_000001,episode_000001,descent_to_grasp,20,progress_gate_zero_worse,0.43947188380630137,0.3067652253759937,0.3067652253759937,0.13270665843030766
episode_000001_000020,episode_000001,episode_000001,descent_to_grasp,20,progress_gate_worse_le_1,0.43947188380630137,0.3067652253759937,0.3067652253759937,0.13270665843030766
episode_000001_000020,episode_000001,episode_000001,descent_to_grasp,20,progress_gate_lambda,0.43947188380630137,0.3067652253759937,0.3067652253759937,0.13270665843030766
episode_000001_000021,episode_000001,episode_000001,descent_to_grasp,21,raw_no_correction,0.4762695708054556,0.2557010506740297,0.4762695708054556,0.0
episode_000001_000021,episode_000001,episode_000001,descent_to_grasp,21,progress_all,0.4762695708054556,0.2557010506740297,0.2557010506740297,0.22056852013142592
episode_000001_000021,episode_000001,episode_000001,descent_to_grasp,21,phase_gate_train,0.4762695708054556,0.2557010506740297,0.2557010506740297,0.22056852013142592
episode_000001_000021,episode_000001,episode_000001,descent_to_grasp,21,oracle_min_raw_progress,0.4762695708054556,0.2557010506740297,0.2557010506740297,0.22056852013142592
episode_000001_000021,episode_000001,episode_000001,descent_to_grasp,21,progress_gate_min_gap,0.4762695708054556,0.2557010506740297,0.2557010506740297,0.22056852013142592
episode_000001_000021,episode_000001,episode_000001,descent_to_grasp,21,progress_gate_zero_worse,0.4762695708054556,0.2557010506740297,0.2557010506740297,0.22056852013142592
episode_000001_000021,episode_000001,episode_000001,descent_to_grasp,21,progress_gate_worse_le_1,0.4762695708054556,0.2557010506740297,0.2557010506740297,0.22056852013142592
episode_000001_000021,episode_000001,episode_000001,descent_to_grasp,21,progress_gate_lambda,0.4762695708054556,0.2557010506740297,0.2557010506740297,0.22056852013142592
episode_000001_000022,episode_000001,episode_000001,descent_to_grasp,22,raw_no_correction,0.5233828235014613,0.1349562980612805,0.5233828235014613,0.0
episode_000001_000022,episode_000001,episode_000001,descent_to_grasp,22,progress_all,0.5233828235014613,0.1349562980612805,0.1349562980612805,0.38842652544018075
episode_000001_000022,episode_000001,episode_000001,descent_to_grasp,22,phase_gate_train,0.5233828235014613,0.1349562980612805,0.1349562980612805,0.38842652544018075
episode_000001_000022,episode_000001,episode_000001,descent_to_grasp,22,oracle_min_raw_progress,0.5233828235014613,0.1349562980612805,0.1349562980612805,0.38842652544018075
episode_000001_000022,episode_000001,episode_000001,descent_to_grasp,22,progress_gate_min_gap,0.5233828235014613,0.1349562980612805,0.1349562980612805,0.38842652544018075
episode_000001_000022,episode_000001,episode_000001,descent_to_grasp,22,progress_gate_zero_worse,0.5233828235014613,0.1349562980612805,0.5233828235014613,0.0
episode_000001_000022,episode_000001,episode_000001,descent_to_grasp,22,progress_gate_worse_le_1,0.5233828235014613,0.1349562980612805,0.1349562980612805,0.38842652544018075
episode_000001_000022,episode_000001,episode_000001,descent_to_grasp,22,progress_gate_lambda,0.5233828235014613,0.1349562980612805,0.1349562980612805,0.38842652544018075
episode_000001_000023,episode_000001,episode_000001,descent_to_grasp,23,raw_no_correction,0.5203991337876789,0.08757797044186556,0.5203991337876789,0.0
episode_000001_000023,episode_000001,episode_000001,descent_to_grasp,23,progress_all,0.5203991337876789,0.08757797044186556,0.08757797044186556,0.43282116334581333
episode_000001_000023,episode_000001,episode_000001,descent_to_grasp,23,phase_gate_train,0.5203991337876789,0.08757797044186556,0.08757797044186556,0.43282116334581333
episode_000001_000023,episode_000001,episode_000001,descent_to_grasp,23,oracle_min_raw_progress,0.5203991337876789,0.08757797044186556,0.08757797044186556,0.43282116334581333
episode_000001_000023,episode_000001,episode_000001,descent_to_grasp,23,progress_gate_min_gap,0.5203991337876789,0.08757797044186556,0.08757797044186556,0.43282116334581333
episode_000001_000023,episode_000001,episode_000001,descent_to_grasp,23,progress_gate_zero_worse,0.5203991337876789,0.08757797044186556,0.5203991337876789,0.0
episode_000001_000023,episode_000001,episode_000001,descent_to_grasp,23,progress_gate_worse_le_1,0.5203991337876789,0.08757797044186556,0.08757797044186556,0.43282116334581333
episode_000001_000023,episode_000001,episode_000001,descent_to_grasp,23,progress_gate_lambda,0.5203991337876789,0.08757797044186556,0.08757797044186556,0.43282116334581333
episode_000001_000024,episode_000001,episode_000001,descent_to_grasp,24,raw_no_correction,0.260916883283519,0.2136651072486066,0.260916883283519,0.0
episode_000001_000024,episode_000001,episode_000001,descent_to_grasp,24,progress_all,0.260916883283519,0.2136651072486066,0.2136651072486066,0.047251776034912374
episode_000001_000024,episode_000001,episode_000001,descent_to_grasp,24,phase_gate_train,0.260916883283519,0.2136651072486066,0.2136651072486066,0.047251776034912374
episode_000001_000024,episode_000001,episode_000001,descent_to_grasp,24,oracle_min_raw_progress,0.260916883283519,0.2136651072486066,0.2136651072486066,0.047251776034912374
episode_000001_000024,episode_000001,episode_000001,descent_to_grasp,24,progress_gate_min_gap,0.260916883283519,0.2136651072486066,0.2136651072486066,0.047251776034912374
episode_000001_000024,episode_000001,episode_000001,descent_to_grasp,24,progress_gate_zero_worse,0.260916883283519,0.2136651072486066,0.260916883283519,0.0
episode_000001_000024,episode_000001,episode_000001,descent_to_grasp,24,progress_gate_worse_le_1,0.260916883283519,0.2136651072486066,0.2136651072486066,0.047251776034912374
episode_000001_000024,episode_000001,episode_000001,descent_to_grasp,24,progress_gate_lambda,0.260916883283519,0.2136651072486066,0.2136651072486066,0.047251776034912374
episode_000001_000025,episode_000001,episode_000001,descent_to_grasp,25,raw_no_correction,0.1734936791029131,0.1579880436584167,0.1734936791029131,0.0
episode_000001_000025,episode_000001,episode_000001,descent_to_grasp,25,progress_all,0.1734936791029131,0.1579880436584167,0.1579880436584167,0.015505635444496402
episode_000001_000025,episode_000001,episode_000001,descent_to_grasp,25,phase_gate_train,0.1734936791029131,0.1579880436584167,0.1579880436584167,0.015505635444496402
episode_000001_000025,episode_000001,episode_000001,descent_to_grasp,25,oracle_min_raw_progress,0.1734936791029131,0.1579880436584167,0.1579880436584167,0.015505635444496402
episode_000001_000025,episode_000001,episode_000001,descent_to_grasp,25,progress_gate_min_gap,0.1734936791029131,0.1579880436584167,0.1579880436584167,0.015505635444496402
episode_000001_000025,episode_000001,episode_000001,descent_to_grasp,25,progress_gate_zero_worse,0.1734936791029131,0.1579880436584167,0.1734936791029131,0.0
episode_000001_000025,episode_000001,episode_000001,descent_to_grasp,25,progress_gate_worse_le_1,0.1734936791029131,0.1579880436584167,0.1734936791029131,0.0
episode_000001_000025,episode_000001,episode_000001,descent_to_grasp,25,progress_gate_lambda,0.1734936791029131,0.1579880436584167,0.1734936791029131,0.0
episode_000001_000026,episode_000001,episode_000001,descent_to_grasp,26,raw_no_correction,0.09543029726367176,0.08467273699287839,0.09543029726367176,0.0
episode_000001_000026,episode_000001,episode_000001,descent_to_grasp,26,progress_all,0.09543029726367176,0.08467273699287839,0.08467273699287839,0.010757560270793373
episode_000001_000026,episode_000001,episode_000001,descent_to_grasp,26,phase_gate_train,0.09543029726367176,0.08467273699287839,0.08467273699287839,0.010757560270793373
episode_000001_000026,episode_000001,episode_000001,descent_to_grasp,26,oracle_min_raw_progress,0.09543029726367176,0.08467273699287839,0.08467273699287839,0.010757560270793373
episode_000001_000026,episode_000001,episode_000001,descent_to_grasp,26,progress_gate_min_gap,0.09543029726367176,0.08467273699287839,0.08467273699287839,0.010757560270793373
episode_000001_000026,episode_000001,episode_000001,descent_to_grasp,26,progress_gate_zero_worse,0.09543029726367176,0.08467273699287839,0.09543029726367176,0.0
episode_000001_000026,episode_000001,episode_000001,descent_to_grasp,26,progress_gate_worse_le_1,0.09543029726367176,0.08467273699287839,0.09543029726367176,0.0
episode_000001_000026,episode_000001,episode_000001,descent_to_grasp,26,progress_gate_lambda,0.09543029726367176,0.08467273699287839,0.09543029726367176,0.0
episode_000001_000027,episode_000001,episode_000001,descent_to_grasp,27,raw_no_correction,0.09114146192102786,0.08111523183583014,0.09114146192102786,0.0
episode_000001_000027,episode_000001,episode_000001,descent_to_grasp,27,progress_all,0.09114146192102786,0.08111523183583014,0.08111523183583014,0.010026230085197721
episode_000001_000027,episode_000001,episode_000001,descent_to_grasp,27,phase_gate_train,0.09114146192102786,0.08111523183583014,0.08111523183583014,0.010026230085197721
episode_000001_000027,episode_000001,episode_000001,descent_to_grasp,27,oracle_min_raw_progress,0.09114146192102786,0.08111523183583014,0.08111523183583014,0.010026230085197721
episode_000001_000027,episode_000001,episode_000001,descent_to_grasp,27,progress_gate_min_gap,0.09114146192102786,0.08111523183583014,0.09114146192102786,0.0
episode_000001_000027,episode_000001,episode_000001,descent_to_grasp,27,progress_gate_zero_worse,0.09114146192102786,0.08111523183583014,0.09114146192102786,0.0
episode_000001_000027,episode_000001,episode_000001,descent_to_grasp,27,progress_gate_worse_le_1,0.09114146192102786,0.08111523183583014,0.09114146192102786,0.0
episode_000001_000027,episode_000001,episode_000001,descent_to_grasp,27,progress_gate_lambda,0.09114146192102786,0.08111523183583014,0.09114146192102786,0.0
episode_000001_000028,episode_000001,episode_000001,grasp_close,28,raw_no_correction,0.009108805721117103,0.013015251589250015,0.009108805721117103,0.0
episode_000001_000028,episode_000001,episode_000001,grasp_close,28,progress_all,0.009108805721117103,0.013015251589250015,0.013015251589250015,-0.0039064458681329125
episode_000001_000028,episode_000001,episode_000001,grasp_close,28,phase_gate_train,0.009108805721117103,0.013015251589250015,0.009108805721117103,0.0
episode_000001_000028,episode_000001,episode_000001,grasp_close,28,oracle_min_raw_progress,0.009108805721117103,0.013015251589250015,0.009108805721117103,0.0
episode_000001_000028,episode_000001,episode_000001,grasp_close,28,progress_gate_min_gap,0.009108805721117103,0.013015251589250015,0.009108805721117103,0.0
episode_000001_000028,episode_000001,episode_000001,grasp_close,28,progress_gate_zero_worse,0.009108805721117103,0.013015251589250015,0.009108805721117103,0.0
episode_000001_000028,episode_000001,episode_000001,grasp_close,28,progress_gate_worse_le_1,0.009108805721117103,0.013015251589250015,0.009108805721117103,0.0
episode_000001_000028,episode_000001,episode_000001,grasp_close,28,progress_gate_lambda,0.009108805721117103,0.013015251589250015,0.009108805721117103,0.0
episode_000001_000029,episode_000001,episode_000001,grasp_close,29,raw_no_correction,0.00740345522978539,0.007972205584010437,0.00740345522978539,0.0
episode_000001_000029,episode_000001,episode_000001,grasp_close,29,progress_all,0.00740345522978539,0.007972205584010437,0.007972205584010437,-0.0005687503542250467
episode_000001_000029,episode_000001,episode_000001,grasp_close,29,phase_gate_train,0.00740345522978539,0.007972205584010437,0.00740345522978539,0.0
episode_000001_000029,episode_000001,episode_000001,grasp_close,29,oracle_min_raw_progress,0.00740345522978539,0.007972205584010437,0.00740345522978539,0.0
episode_000001_000029,episode_000001,episode_000001,grasp_close,29,progress_gate_min_gap,0.00740345522978539,0.007972205584010437,0.00740345522978539,0.0
episode_000001_000029,episode_000001,episode_000001,grasp_close,29,progress_gate_zero_worse,0.00740345522978539,0.007972205584010437,0.00740345522978539,0.0
episode_000001_000029,episode_000001,episode_000001,grasp_close,29,progress_gate_worse_le_1,0.00740345522978539,0.007972205584010437,0.00740345522978539,0.0
episode_000001_000029,episode_000001,episode_000001,grasp_close,29,progress_gate_lambda,0.00740345522978539,0.007972205584010437,0.00740345522978539,0.0
episode_000001_000030,episode_000001,episode_000001,grasp_close,30,raw_no_correction,0.005387495829826209,0.004645600769970943,0.005387495829826209,0.0
episode_000001_000030,episode_000001,episode_000001,grasp_close,30,progress_all,0.005387495829826209,0.004645600769970943,0.004645600769970943,0.0007418950598552659
episode_000001_000030,episode_000001,episode_000001,grasp_close,30,phase_gate_train,0.005387495829826209,0.004645600769970943,0.005387495829826209,0.0
episode_000001_000030,episode_000001,episode_000001,grasp_close,30,oracle_min_raw_progress,0.005387495829826209,0.004645600769970943,0.004645600769970943,0.0007418950598552659
episode_000001_000030,episode_000001,episode_000001,grasp_close,30,progress_gate_min_gap,0.005387495829826209,0.004645600769970943,0.005387495829826209,0.0
episode_000001_000030,episode_000001,episode_000001,grasp_close,30,progress_gate_zero_worse,0.005387495829826209,0.004645600769970943,0.005387495829826209,0.0
episode_000001_000030,episode_000001,episode_000001,grasp_close,30,progress_gate_worse_le_1,0.005387495829826209,0.004645600769970943,0.005387495829826209,0.0
episode_000001_000030,episode_000001,episode_000001,grasp_close,30,progress_gate_lambda,0.005387495829826209,0.004645600769970943,0.005387495829826209,0.0
episode_000001_000031,episode_000001,episode_000001,grasp_close,31,raw_no_correction,0.00369044340006301,0.0021280383245655884,0.00369044340006301,0.0
episode_000001_000031,episode_000001,episode_000001,grasp_close,31,progress_all,0.00369044340006301,0.0021280383245655884,0.0021280383245655884,0.0015624050754974215
episode_000001_000031,episode_000001,episode_000001,grasp_close,31,phase_gate_train,0.00369044340006301,0.0021280383245655884,0.00369044340006301,0.0
episode_000001_000031,episode_000001,episode_000001,grasp_close,31,oracle_min_raw_progress,0.00369044340006301,0.0021280383245655884,0.0021280383245655884,0.0015624050754974215
episode_000001_000031,episode_000001,episode_000001,grasp_close,31,progress_gate_min_gap,0.00369044340006301,0.0021280383245655884,0.00369044340006301,0.0
episode_000001_000031,episode_000001,episode_000001,grasp_close,31,progress_gate_zero_worse,0.00369044340006301,0.0021280383245655884,0.00369044340006301,0.0
episode_000001_000031,episode_000001,episode_000001,grasp_close,31,progress_gate_worse_le_1,0.00369044340006301,0.0021280383245655884,0.00369044340006301,0.0
episode_000001_000031,episode_000001,episode_000001,grasp_close,31,progress_gate_lambda,0.00369044340006301,0.0021280383245655884,0.00369044340006301,0.0
episode_000001_000032,episode_000001,episode_000001,grasp_close,32,raw_no_correction,0.003352059987556926,0.0016571822405063905,0.003352059987556926,0.0
episode_000001_000032,episode_000001,episode_000001,grasp_close,32,progress_all,0.003352059987556926,0.0016571822405063905,0.0016571822405063905,0.0016948777470505356
episode_000001_000032,episode_000001,episode_000001,grasp_close,32,phase_gate_train,0.003352059987556926,0.0016571822405063905,0.003352059987556926,0.0
episode_000001_000032,episode_000001,episode_000001,grasp_close,32,oracle_min_raw_progress,0.003352059987556926,0.0016571822405063905,0.0016571822405063905,0.0016948777470505356
episode_000001_000032,episode_000001,episode_000001,grasp_close,32,progress_gate_min_gap,0.003352059987556926,0.0016571822405063905,0.003352059987556926,0.0
episode_000001_000032,episode_000001,episode_000001,grasp_close,32,progress_gate_zero_worse,0.003352059987556926,0.0016571822405063905,0.003352059987556926,0.0
episode_000001_000032,episode_000001,episode_000001,grasp_close,32,progress_gate_worse_le_1,0.003352059987556926,0.0016571822405063905,0.003352059987556926,0.0
episode_000001_000032,episode_000001,episode_000001,grasp_close,32,progress_gate_lambda,0.003352059987556926,0.0016571822405063905,0.003352059987556926,0.0
episode_000001_000033,episode_000001,episode_000001,grasp_close,33,raw_no_correction,0.0033431199842392915,0.0016708434950176419,0.0033431199842392915,0.0
episode_000001_000033,episode_000001,episode_000001,grasp_close,33,progress_all,0.0033431199842392915,0.0016708434950176419,0.0016708434950176419,0.0016722764892216496
episode_000001_000033,episode_000001,episode_000001,grasp_close,33,phase_gate_train,0.0033431199842392915,0.0016708434950176419,0.0033431199842392915,0.0
episode_000001_000033,episode_000001,episode_000001,grasp_close,33,oracle_min_raw_progress,0.0033431199842392915,0.0016708434950176419,0.0016708434950176419,0.0016722764892216496
episode_000001_000033,episode_000001,episode_000001,grasp_close,33,progress_gate_min_gap,0.0033431199842392915,0.0016708434950176419,0.0033431199842392915,0.0
episode_000001_000033,episode_000001,episode_000001,grasp_close,33,progress_gate_zero_worse,0.0033431199842392915,0.0016708434950176419,0.0033431199842392915,0.0
episode_000001_000033,episode_000001,episode_000001,grasp_close,33,progress_gate_worse_le_1,0.0033431199842392915,0.0016708434950176419,0.0033431199842392915,0.0
episode_000001_000033,episode_000001,episode_000001,grasp_close,33,progress_gate_lambda,0.0033431199842392915,0.0016708434950176419,0.0033431199842392915,0.0
episode_000001_000034,episode_000001,episode_000001,grasp_close,34,raw_no_correction,0.0033649639195137936,0.0016245030316471634,0.0033649639195137936,0.0
episode_000001_000034,episode_000001,episode_000001,grasp_close,34,progress_all,0.0033649639195137936,0.0016245030316471634,0.0016245030316471634,0.0017404608878666301
episode_000001_000034,episode_000001,episode_000001,grasp_close,34,phase_gate_train,0.0033649639195137936,0.0016245030316471634,0.0033649639195137936,0.0
episode_000001_000034,episode_000001,episode_000001,grasp_close,34,oracle_min_raw_progress,0.0033649639195137936,0.0016245030316471634,0.0016245030316471634,0.0017404608878666301
episode_000001_000034,episode_000001,episode_000001,grasp_close,34,progress_gate_min_gap,0.0033649639195137936,0.0016245030316471634,0.0033649639195137936,0.0
episode_000001_000034,episode_000001,episode_000001,grasp_close,34,progress_gate_zero_worse,0.0033649639195137936,0.0016245030316471634,0.0033649639195137936,0.0
episode_000001_000034,episode_000001,episode_000001,grasp_close,34,progress_gate_worse_le_1,0.0033649639195137936,0.0016245030316471634,0.0033649639195137936,0.0
episode_000001_000034,episode_000001,episode_000001,grasp_close,34,progress_gate_lambda,0.0033649639195137936,0.0016245030316471634,0.0033649639195137936,0.0
episode_000001_000035,episode_000001,episode_000001,grasp_close,35,raw_no_correction,0.00332572890727987,0.0017659281608407404,0.00332572890727987,0.0
episode_000001_000035,episode_000001,episode_000001,grasp_close,35,progress_all,0.00332572890727987,0.0017659281608407404,0.0017659281608407404,0.0015598007464391298
episode_000001_000035,episode_000001,episode_000001,grasp_close,35,phase_gate_train,0.00332572890727987,0.0017659281608407404,0.00332572890727987,0.0
episode_000001_000035,episode_000001,episode_000001,grasp_close,35,oracle_min_raw_progress,0.00332572890727987,0.0017659281608407404,0.0017659281608407404,0.0015598007464391298
episode_000001_000035,episode_000001,episode_000001,grasp_close,35,progress_gate_min_gap,0.00332572890727987,0.0017659281608407404,0.00332572890727987,0.0
episode_000001_000035,episode_000001,episode_000001,grasp_close,35,progress_gate_zero_worse,0.00332572890727987,0.0017659281608407404,0.00332572890727987,0.0
episode_000001_000035,episode_000001,episode_000001,grasp_close,35,progress_gate_worse_le_1,0.00332572890727987,0.0017659281608407404,0.00332572890727987,0.0
episode_000001_000035,episode_000001,episode_000001,grasp_close,35,progress_gate_lambda,0.00332572890727987,0.0017659281608407404,0.00332572890727987,0.0
episode_000001_000036,episode_000001,episode_000001,grasp_close,36,raw_no_correction,0.0034021760580758642,0.0019539693602338057,0.0034021760580758642,0.0
episode_000001_000036,episode_000001,episode_000001,grasp_close,36,progress_all,0.0034021760580758642,0.0019539693602338057,0.0019539693602338057,0.0014482066978420585
episode_000001_000036,episode_000001,episode_000001,grasp_close,36,phase_gate_train,0.0034021760580758642,0.0019539693602338057,0.0034021760580758642,0.0
episode_000001_000036,episode_000001,episode_000001,grasp_close,36,oracle_min_raw_progress,0.0034021760580758642,0.0019539693602338057,0.0019539693602338057,0.0014482066978420585
episode_000001_000036,episode_000001,episode_000001,grasp_close,36,progress_gate_min_gap,0.0034021760580758642,0.0019539693602338057,0.0034021760580758642,0.0
episode_000001_000036,episode_000001,episode_000001,grasp_close,36,progress_gate_zero_worse,0.0034021760580758642,0.0019539693602338057,0.0034021760580758642,0.0
episode_000001_000036,episode_000001,episode_000001,grasp_close,36,progress_gate_worse_le_1,0.0034021760580758642,0.0019539693602338057,0.0034021760580758642,0.0
episode_000001_000036,episode_000001,episode_000001,grasp_close,36,progress_gate_lambda,0.0034021760580758642,0.0019539693602338057,0.0034021760580758642,0.0
episode_000001_000037,episode_000001,episode_000001,grasp_close,37,raw_no_correction,0.0034534731890061045,0.0020901843709414634,0.0034534731890061045,0.0
episode_000001_000037,episode_000001,episode_000001,grasp_close,37,progress_all,0.0034534731890061045,0.0020901843709414634,0.0020901843709414634,0.001363288818064641
episode_000001_000037,episode_000001,episode_000001,grasp_close,37,phase_gate_train,0.0034534731890061045,0.0020901843709414634,0.0034534731890061045,0.0
episode_000001_000037,episode_000001,episode_000001,grasp_close,37,oracle_min_raw_progress,0.0034534731890061045,0.0020901843709414634,0.0020901843709414634,0.001363288818064641
episode_000001_000037,episode_000001,episode_000001,grasp_close,37,progress_gate_min_gap,0.0034534731890061045,0.0020901843709414634,0.0034534731890061045,0.0
episode_000001_000037,episode_000001,episode_000001,grasp_close,37,progress_gate_zero_worse,0.0034534731890061045,0.0020901843709414634,0.0034534731890061045,0.0
episode_000001_000037,episode_000001,episode_000001,grasp_close,37,progress_gate_worse_le_1,0.0034534731890061045,0.0020901843709414634,0.0034534731890061045,0.0
episode_000001_000037,episode_000001,episode_000001,grasp_close,37,progress_gate_lambda,0.0034534731890061045,0.0020901843709414634,0.0034534731890061045,0.0
episode_000001_000038,episode_000001,episode_000001,lift,38,raw_no_correction,0.003379822565671032,0.0018908129976019134,0.003379822565671032,0.0
episode_000001_000038,episode_000001,episode_000001,lift,38,progress_all,0.003379822565671032,0.0018908129976019134,0.0018908129976019134,0.0014890095680691186
episode_000001_000038,episode_000001,episode_000001,lift,38,phase_gate_train,0.003379822565671032,0.0018908129976019134,0.0018908129976019134,0.0014890095680691186
episode_000001_000038,episode_000001,episode_000001,lift,38,oracle_min_raw_progress,0.003379822565671032,0.0018908129976019134,0.0018908129976019134,0.0014890095680691186
episode_000001_000038,episode_000001,episode_000001,lift,38,progress_gate_min_gap,0.003379822565671032,0.0018908129976019134,0.003379822565671032,0.0
episode_000001_000038,episode_000001,episode_000001,lift,38,progress_gate_zero_worse,0.003379822565671032,0.0018908129976019134,0.003379822565671032,0.0
episode_000001_000038,episode_000001,episode_000001,lift,38,progress_gate_worse_le_1,0.003379822565671032,0.0018908129976019134,0.003379822565671032,0.0
episode_000001_000038,episode_000001,episode_000001,lift,38,progress_gate_lambda,0.003379822565671032,0.0018908129976019134,0.003379822565671032,0.0
episode_000001_000039,episode_000001,episode_000001,lift,39,raw_no_correction,0.0028768755222555718,0.001635229626740282,0.0028768755222555718,0.0
episode_000001_000039,episode_000001,episode_000001,lift,39,progress_all,0.0028768755222555718,0.001635229626740282,0.001635229626740282,0.0012416458955152897
episode_000001_000039,episode_000001,episode_000001,lift,39,phase_gate_train,0.0028768755222555718,0.001635229626740282,0.001635229626740282,0.0012416458955152897
episode_000001_000039,episode_000001,episode_000001,lift,39,oracle_min_raw_progress,0.0028768755222555718,0.001635229626740282,0.001635229626740282,0.0012416458955152897
episode_000001_000039,episode_000001,episode_000001,lift,39,progress_gate_min_gap,0.0028768755222555718,0.001635229626740282,0.0028768755222555718,0.0
episode_000001_000039,episode_000001,episode_000001,lift,39,progress_gate_zero_worse,0.0028768755222555718,0.001635229626740282,0.0028768755222555718,0.0
episode_000001_000039,episode_000001,episode_000001,lift,39,progress_gate_worse_le_1,0.0028768755222555718,0.001635229626740282,0.0028768755222555718,0.0
episode_000001_000039,episode_000001,episode_000001,lift,39,progress_gate_lambda,0.0028768755222555718,0.001635229626740282,0.0028768755222555718,0.0
episode_000001_000040,episode_000001,episode_000001,lift,40,raw_no_correction,0.00266155933426668,0.0018330874462516313,0.00266155933426668,0.0
episode_000001_000040,episode_000001,episode_000001,lift,40,progress_all,0.00266155933426668,0.0018330874462516313,0.0018330874462516313,0.0008284718880150485
episode_000001_000040,episode_000001,episode_000001,lift,40,phase_gate_train,0.00266155933426668,0.0018330874462516313,0.0018330874462516313,0.0008284718880150485
episode_000001_000040,episode_000001,episode_000001,lift,40,oracle_min_raw_progress,0.00266155933426668,0.0018330874462516313,0.0018330874462516313,0.0008284718880150485
episode_000001_000040,episode_000001,episode_000001,lift,40,progress_gate_min_gap,0.00266155933426668,0.0018330874462516313,0.00266155933426668,0.0
episode_000001_000040,episode_000001,episode_000001,lift,40,progress_gate_zero_worse,0.00266155933426668,0.0018330874462516313,0.00266155933426668,0.0
episode_000001_000040,episode_000001,episode_000001,lift,40,progress_gate_worse_le_1,0.00266155933426668,0.0018330874462516313,0.00266155933426668,0.0
episode_000001_000040,episode_000001,episode_000001,lift,40,progress_gate_lambda,0.00266155933426668,0.0018330874462516313,0.00266155933426668,0.0
episode_000001_000041,episode_000001,episode_000001,lift,41,raw_no_correction,0.0022103860200380202,0.0014762257564127272,0.0022103860200380202,0.0
episode_000001_000041,episode_000001,episode_000001,lift,41,progress_all,0.0022103860200380202,0.0014762257564127272,0.0014762257564127272,0.000734160263625293
episode_000001_000041,episode_000001,episode_000001,lift,41,phase_gate_train,0.0022103860200380202,0.0014762257564127272,0.0014762257564127272,0.000734160263625293
episode_000001_000041,episode_000001,episode_000001,lift,41,oracle_min_raw_progress,0.0022103860200380202,0.0014762257564127272,0.0014762257564127272,0.000734160263625293
episode_000001_000041,episode_000001,episode_000001,lift,41,progress_gate_min_gap,0.0022103860200380202,0.0014762257564127272,0.0022103860200380202,0.0
episode_000001_000041,episode_000001,episode_000001,lift,41,progress_gate_zero_worse,0.0022103860200380202,0.0014762257564127272,0.0022103860200380202,0.0
episode_000001_000041,episode_000001,episode_000001,lift,41,progress_gate_worse_le_1,0.0022103860200380202,0.0014762257564127272,0.0022103860200380202,0.0
episode_000001_000041,episode_000001,episode_000001,lift,41,progress_gate_lambda,0.0022103860200380202,0.0014762257564127272,0.0022103860200380202,0.0
episode_000001_000042,episode_000001,episode_000001,lift,42,raw_no_correction,0.0035269622598126825,0.002576100975570987,0.0035269622598126825,0.0
episode_000001_000042,episode_000001,episode_000001,lift,42,progress_all,0.0035269622598126825,0.002576100975570987,0.002576100975570987,0.0009508612842416956
episode_000001_000042,episode_000001,episode_000001,lift,42,phase_gate_train,0.0035269622598126825,0.002576100975570987,0.002576100975570987,0.0009508612842416956
episode_000001_000042,episode_000001,episode_000001,lift,42,oracle_min_raw_progress,0.0035269622598126825,0.002576100975570987,0.002576100975570987,0.0009508612842416956
episode_000001_000042,episode_000001,episode_000001,lift,42,progress_gate_min_gap,0.0035269622598126825,0.002576100975570987,0.0035269622598126825,0.0
episode_000001_000042,episode_000001,episode_000001,lift,42,progress_gate_zero_worse,0.0035269622598126825,0.002576100975570987,0.0035269622598126825,0.0
episode_000001_000042,episode_000001,episode_000001,lift,42,progress_gate_worse_le_1,0.0035269622598126825,0.002576100975570987,0.0035269622598126825,0.0
episode_000001_000042,episode_000001,episode_000001,lift,42,progress_gate_lambda,0.0035269622598126825,0.002576100975570987,0.0035269622598126825,0.0
episode_000001_000043,episode_000001,episode_000001,lift,43,raw_no_correction,0.005192608788104001,0.004161339277193082,0.005192608788104001,0.0
episode_000001_000043,episode_000001,episode_000001,lift,43,progress_all,0.005192608788104001,0.004161339277193082,0.004161339277193082,0.001031269510910919
episode_000001_000043,episode_000001,episode_000001,lift,43,phase_gate_train,0.005192608788104001,0.004161339277193082,0.004161339277193082,0.001031269510910919
episode_000001_000043,episode_000001,episode_000001,lift,43,oracle_min_raw_progress,0.005192608788104001,0.004161339277193082,0.004161339277193082,0.001031269510910919
episode_000001_000043,episode_000001,episode_000001,lift,43,progress_gate_min_gap,0.005192608788104001,0.004161339277193082,0.005192608788104001,0.0
episode_000001_000043,episode_000001,episode_000001,lift,43,progress_gate_zero_worse,0.005192608788104001,0.004161339277193082,0.005192608788104001,0.0
episode_000001_000043,episode_000001,episode_000001,lift,43,progress_gate_worse_le_1,0.005192608788104001,0.004161339277193082,0.005192608788104001,0.0
episode_000001_000043,episode_000001,episode_000001,lift,43,progress_gate_lambda,0.005192608788104001,0.004161339277193082,0.005192608788104001,0.0
episode_000001_000044,episode_000001,episode_000001,lift,44,raw_no_correction,0.006530089244172405,0.005816935675754484,0.006530089244172405,0.0
episode_000001_000044,episode_000001,episode_000001,lift,44,progress_all,0.006530089244172405,0.005816935675754484,0.005816935675754484,0.0007131535684179206
episode_000001_000044,episode_000001,episode_000001,lift,44,phase_gate_train,0.006530089244172405,0.005816935675754484,0.005816935675754484,0.0007131535684179206
episode_000001_000044,episode_000001,episode_000001,lift,44,oracle_min_raw_progress,0.006530089244172405,0.005816935675754484,0.005816935675754484,0.0007131535684179206
episode_000001_000044,episode_000001,episode_000001,lift,44,progress_gate_min_gap,0.006530089244172405,0.005816935675754484,0.006530089244172405,0.0
episode_000001_000044,episode_000001,episode_000001,lift,44,progress_gate_zero_worse,0.006530089244172405,0.005816935675754484,0.006530089244172405,0.0
episode_000001_000044,episode_000001,episode_000001,lift,44,progress_gate_worse_le_1,0.006530089244172405,0.005816935675754484,0.006530089244172405,0.0
episode_000001_000044,episode_000001,episode_000001,lift,44,progress_gate_lambda,0.006530089244172405,0.005816935675754484,0.006530089244172405,0.0
episode_000001_000045,episode_000001,episode_000001,lift,45,raw_no_correction,0.006957685886519313,0.006171515615340249,0.006957685886519313,0.0
episode_000001_000045,episode_000001,episode_000001,lift,45,progress_all,0.006957685886519313,0.006171515615340249,0.006171515615340249,0.0007861702711790637
episode_000001_000045,episode_000001,episode_000001,lift,45,phase_gate_train,0.006957685886519313,0.006171515615340249,0.006171515615340249,0.0007861702711790637
episode_000001_000045,episode_000001,episode_000001,lift,45,oracle_min_raw_progress,0.006957685886519313,0.006171515615340249,0.006171515615340249,0.0007861702711790637
episode_000001_000045,episode_000001,episode_000001,lift,45,progress_gate_min_gap,0.006957685886519313,0.006171515615340249,0.006957685886519313,0.0
episode_000001_000045,episode_000001,episode_000001,lift,45,progress_gate_zero_worse,0.006957685886519313,0.006171515615340249,0.006957685886519313,0.0
episode_000001_000045,episode_000001,episode_000001,lift,45,progress_gate_worse_le_1,0.006957685886519313,0.006171515615340249,0.006957685886519313,0.0
episode_000001_000045,episode_000001,episode_000001,lift,45,progress_gate_lambda,0.006957685886519313,0.006171515615340249,0.006957685886519313,0.0
episode_000002_000000,episode_000002,episode_000002,hold,0,raw_no_correction,0.7716664619814307,0.03960145089081622,0.7716664619814307,0.0
episode_000002_000000,episode_000002,episode_000002,hold,0,progress_all,0.7716664619814307,0.03960145089081622,0.03960145089081622,0.7320650110906145
episode_000002_000000,episode_000002,episode_000002,hold,0,phase_gate_train,0.7716664619814307,0.03960145089081622,0.03960145089081622,0.7320650110906145
episode_000002_000000,episode_000002,episode_000002,hold,0,oracle_min_raw_progress,0.7716664619814307,0.03960145089081622,0.03960145089081622,0.7320650110906145
episode_000002_000000,episode_000002,episode_000002,hold,0,progress_gate_min_gap,0.7716664619814307,0.03960145089081622,0.03960145089081622,0.7320650110906145
episode_000002_000000,episode_000002,episode_000002,hold,0,progress_gate_zero_worse,0.7716664619814307,0.03960145089081622,0.03960145089081622,0.7320650110906145
episode_000002_000000,episode_000002,episode_000002,hold,0,progress_gate_worse_le_1,0.7716664619814307,0.03960145089081622,0.03960145089081622,0.7320650110906145
episode_000002_000000,episode_000002,episode_000002,hold,0,progress_gate_lambda,0.7716664619814307,0.03960145089081622,0.03960145089081622,0.7320650110906145
episode_000002_000001,episode_000002,episode_000002,hold,1,raw_no_correction,0.7724095208075237,0.03351165317418338,0.7724095208075237,0.0
episode_000002_000001,episode_000002,episode_000002,hold,1,progress_all,0.7724095208075237,0.03351165317418338,0.03351165317418338,0.7388978676333403
episode_000002_000001,episode_000002,episode_000002,hold,1,phase_gate_train,0.7724095208075237,0.03351165317418338,0.03351165317418338,0.7388978676333403
episode_000002_000001,episode_000002,episode_000002,hold,1,oracle_min_raw_progress,0.7724095208075237,0.03351165317418338,0.03351165317418338,0.7388978676333403
episode_000002_000001,episode_000002,episode_000002,hold,1,progress_gate_min_gap,0.7724095208075237,0.03351165317418338,0.03351165317418338,0.7388978676333403
episode_000002_000001,episode_000002,episode_000002,hold,1,progress_gate_zero_worse,0.7724095208075237,0.03351165317418338,0.03351165317418338,0.7388978676333403
episode_000002_000001,episode_000002,episode_000002,hold,1,progress_gate_worse_le_1,0.7724095208075237,0.03351165317418338,0.03351165317418338,0.7388978676333403
episode_000002_000001,episode_000002,episode_000002,hold,1,progress_gate_lambda,0.7724095208075237,0.03351165317418338,0.03351165317418338,0.7388978676333403
episode_000002_000002,episode_000002,episode_000002,alignment,2,raw_no_correction,0.7716313767199869,0.02656270012857124,0.7716313767199869,0.0
episode_000002_000002,episode_000002,episode_000002,alignment,2,progress_all,0.7716313767199869,0.02656270012857124,0.02656270012857124,0.7450686765914157
episode_000002_000002,episode_000002,episode_000002,alignment,2,phase_gate_train,0.7716313767199869,0.02656270012857124,0.02656270012857124,0.7450686765914157
episode_000002_000002,episode_000002,episode_000002,alignment,2,oracle_min_raw_progress,0.7716313767199869,0.02656270012857124,0.02656270012857124,0.7450686765914157
episode_000002_000002,episode_000002,episode_000002,alignment,2,progress_gate_min_gap,0.7716313767199869,0.02656270012857124,0.02656270012857124,0.7450686765914157
episode_000002_000002,episode_000002,episode_000002,alignment,2,progress_gate_zero_worse,0.7716313767199869,0.02656270012857124,0.02656270012857124,0.7450686765914157
episode_000002_000002,episode_000002,episode_000002,alignment,2,progress_gate_worse_le_1,0.7716313767199869,0.02656270012857124,0.02656270012857124,0.7450686765914157
episode_000002_000002,episode_000002,episode_000002,alignment,2,progress_gate_lambda,0.7716313767199869,0.02656270012857124,0.02656270012857124,0.7450686765914157
episode_000002_000003,episode_000002,episode_000002,alignment,3,raw_no_correction,0.7666151031174216,0.023784362350356365,0.7666151031174216,0.0
episode_000002_000003,episode_000002,episode_000002,alignment,3,progress_all,0.7666151031174216,0.023784362350356365,0.023784362350356365,0.7428307407670652
episode_000002_000003,episode_000002,episode_000002,alignment,3,phase_gate_train,0.7666151031174216,0.023784362350356365,0.023784362350356365,0.7428307407670652
episode_000002_000003,episode_000002,episode_000002,alignment,3,oracle_min_raw_progress,0.7666151031174216,0.023784362350356365,0.023784362350356365,0.7428307407670652
episode_000002_000003,episode_000002,episode_000002,alignment,3,progress_gate_min_gap,0.7666151031174216,0.023784362350356365,0.023784362350356365,0.7428307407670652
episode_000002_000003,episode_000002,episode_000002,alignment,3,progress_gate_zero_worse,0.7666151031174216,0.023784362350356365,0.023784362350356365,0.7428307407670652
episode_000002_000003,episode_000002,episode_000002,alignment,3,progress_gate_worse_le_1,0.7666151031174216,0.023784362350356365,0.023784362350356365,0.7428307407670652
episode_000002_000003,episode_000002,episode_000002,alignment,3,progress_gate_lambda,0.7666151031174216,0.023784362350356365,0.023784362350356365,0.7428307407670652
episode_000002_000004,episode_000002,episode_000002,alignment,4,raw_no_correction,0.7271894338555692,0.014072460220571764,0.7271894338555692,0.0
episode_000002_000004,episode_000002,episode_000002,alignment,4,progress_all,0.7271894338555692,0.014072460220571764,0.014072460220571764,0.7131169736349975
episode_000002_000004,episode_000002,episode_000002,alignment,4,phase_gate_train,0.7271894338555692,0.014072460220571764,0.014072460220571764,0.7131169736349975
episode_000002_000004,episode_000002,episode_000002,alignment,4,oracle_min_raw_progress,0.7271894338555692,0.014072460220571764,0.014072460220571764,0.7131169736349975
episode_000002_000004,episode_000002,episode_000002,alignment,4,progress_gate_min_gap,0.7271894338555692,0.014072460220571764,0.014072460220571764,0.7131169736349975
episode_000002_000004,episode_000002,episode_000002,alignment,4,progress_gate_zero_worse,0.7271894338555692,0.014072460220571764,0.014072460220571764,0.7131169736349975
episode_000002_000004,episode_000002,episode_000002,alignment,4,progress_gate_worse_le_1,0.7271894338555692,0.014072460220571764,0.014072460220571764,0.7131169736349975
episode_000002_000004,episode_000002,episode_000002,alignment,4,progress_gate_lambda,0.7271894338555692,0.014072460220571764,0.014072460220571764,0.7131169736349975
episode_000002_000005,episode_000002,episode_000002,alignment,5,raw_no_correction,0.750504070570245,0.010864547049436141,0.750504070570245,0.0
episode_000002_000005,episode_000002,episode_000002,alignment,5,progress_all,0.750504070570245,0.010864547049436141,0.010864547049436141,0.7396395235208089
episode_000002_000005,episode_000002,episode_000002,alignment,5,phase_gate_train,0.750504070570245,0.010864547049436141,0.010864547049436141,0.7396395235208089
episode_000002_000005,episode_000002,episode_000002,alignment,5,oracle_min_raw_progress,0.750504070570245,0.010864547049436141,0.010864547049436141,0.7396395235208089
episode_000002_000005,episode_000002,episode_000002,alignment,5,progress_gate_min_gap,0.750504070570245,0.010864547049436141,0.010864547049436141,0.7396395235208089
episode_000002_000005,episode_000002,episode_000002,alignment,5,progress_gate_zero_worse,0.750504070570245,0.010864547049436141,0.010864547049436141,0.7396395235208089
episode_000002_000005,episode_000002,episode_000002,alignment,5,progress_gate_worse_le_1,0.750504070570245,0.010864547049436141,0.010864547049436141,0.7396395235208089
episode_000002_000005,episode_000002,episode_000002,alignment,5,progress_gate_lambda,0.750504070570245,0.010864547049436141,0.010864547049436141,0.7396395235208089
episode_000002_000006,episode_000002,episode_000002,alignment,6,raw_no_correction,0.7563627099180726,0.006825029919391214,0.7563627099180726,0.0
episode_000002_000006,episode_000002,episode_000002,alignment,6,progress_all,0.7563627099180726,0.006825029919391214,0.006825029919391214,0.7495376799986814
episode_000002_000006,episode_000002,episode_000002,alignment,6,phase_gate_train,0.7563627099180726,0.006825029919391214,0.006825029919391214,0.7495376799986814
episode_000002_000006,episode_000002,episode_000002,alignment,6,oracle_min_raw_progress,0.7563627099180726,0.006825029919391214,0.006825029919391214,0.7495376799986814
episode_000002_000006,episode_000002,episode_000002,alignment,6,progress_gate_min_gap,0.7563627099180726,0.006825029919391214,0.006825029919391214,0.7495376799986814
episode_000002_000006,episode_000002,episode_000002,alignment,6,progress_gate_zero_worse,0.7563627099180726,0.006825029919391214,0.006825029919391214,0.7495376799986814
episode_000002_000006,episode_000002,episode_000002,alignment,6,progress_gate_worse_le_1,0.7563627099180726,0.006825029919391214,0.006825029919391214,0.7495376799986814
episode_000002_000006,episode_000002,episode_000002,alignment,6,progress_gate_lambda,0.7563627099180726,0.006825029919391214,0.006825029919391214,0.7495376799986814
episode_000002_000007,episode_000002,episode_000002,alignment,7,raw_no_correction,0.8153977125448352,0.012389087067609519,0.8153977125448352,0.0
episode_000002_000007,episode_000002,episode_000002,alignment,7,progress_all,0.8153977125448352,0.012389087067609519,0.012389087067609519,0.8030086254772256
episode_000002_000007,episode_000002,episode_000002,alignment,7,phase_gate_train,0.8153977125448352,0.012389087067609519,0.012389087067609519,0.8030086254772256
episode_000002_000007,episode_000002,episode_000002,alignment,7,oracle_min_raw_progress,0.8153977125448352,0.012389087067609519,0.012389087067609519,0.8030086254772256
episode_000002_000007,episode_000002,episode_000002,alignment,7,progress_gate_min_gap,0.8153977125448352,0.012389087067609519,0.012389087067609519,0.8030086254772256
episode_000002_000007,episode_000002,episode_000002,alignment,7,progress_gate_zero_worse,0.8153977125448352,0.012389087067609519,0.012389087067609519,0.8030086254772256
episode_000002_000007,episode_000002,episode_000002,alignment,7,progress_gate_worse_le_1,0.8153977125448352,0.012389087067609519,0.012389087067609519,0.8030086254772256
episode_000002_000007,episode_000002,episode_000002,alignment,7,progress_gate_lambda,0.8153977125448352,0.012389087067609519,0.012389087067609519,0.8030086254772256
episode_000002_000008,episode_000002,episode_000002,alignment,8,raw_no_correction,0.7635307593713725,0.009243168473675702,0.7635307593713725,0.0
episode_000002_000008,episode_000002,episode_000002,alignment,8,progress_all,0.7635307593713725,0.009243168473675702,0.009243168473675702,0.7542875908976968
episode_000002_000008,episode_000002,episode_000002,alignment,8,phase_gate_train,0.7635307593713725,0.009243168473675702,0.009243168473675702,0.7542875908976968
episode_000002_000008,episode_000002,episode_000002,alignment,8,oracle_min_raw_progress,0.7635307593713725,0.009243168473675702,0.009243168473675702,0.7542875908976968
episode_000002_000008,episode_000002,episode_000002,alignment,8,progress_gate_min_gap,0.7635307593713725,0.009243168473675702,0.009243168473675702,0.7542875908976968
episode_000002_000008,episode_000002,episode_000002,alignment,8,progress_gate_zero_worse,0.7635307593713725,0.009243168473675702,0.009243168473675702,0.7542875908976968
episode_000002_000008,episode_000002,episode_000002,alignment,8,progress_gate_worse_le_1,0.7635307593713725,0.009243168473675702,0.009243168473675702,0.7542875908976968
episode_000002_000008,episode_000002,episode_000002,alignment,8,progress_gate_lambda,0.7635307593713725,0.009243168473675702,0.009243168473675702,0.7542875908976968
episode_000002_000009,episode_000002,episode_000002,alignment,9,raw_no_correction,0.6360113540238509,0.016177491019850186,0.6360113540238509,0.0
episode_000002_000009,episode_000002,episode_000002,alignment,9,progress_all,0.6360113540238509,0.016177491019850186,0.016177491019850186,0.6198338630040007
episode_000002_000009,episode_000002,episode_000002,alignment,9,phase_gate_train,0.6360113540238509,0.016177491019850186,0.016177491019850186,0.6198338630040007
episode_000002_000009,episode_000002,episode_000002,alignment,9,oracle_min_raw_progress,0.6360113540238509,0.016177491019850186,0.016177491019850186,0.6198338630040007
episode_000002_000009,episode_000002,episode_000002,alignment,9,progress_gate_min_gap,0.6360113540238509,0.016177491019850186,0.016177491019850186,0.6198338630040007
episode_000002_000009,episode_000002,episode_000002,alignment,9,progress_gate_zero_worse,0.6360113540238509,0.016177491019850186,0.016177491019850186,0.6198338630040007
episode_000002_000009,episode_000002,episode_000002,alignment,9,progress_gate_worse_le_1,0.6360113540238509,0.016177491019850186,0.016177491019850186,0.6198338630040007
episode_000002_000009,episode_000002,episode_000002,alignment,9,progress_gate_lambda,0.6360113540238509,0.016177491019850186,0.016177491019850186,0.6198338630040007
episode_000002_000010,episode_000002,episode_000002,alignment,10,raw_no_correction,0.6089492789113297,0.01498879279836848,0.6089492789113297,0.0
episode_000002_000010,episode_000002,episode_000002,alignment,10,progress_all,0.6089492789113297,0.01498879279836848,0.01498879279836848,0.5939604861129612
episode_000002_000010,episode_000002,episode_000002,alignment,10,phase_gate_train,0.6089492789113297,0.01498879279836848,0.01498879279836848,0.5939604861129612
episode_000002_000010,episode_000002,episode_000002,alignment,10,oracle_min_raw_progress,0.6089492789113297,0.01498879279836848,0.01498879279836848,0.5939604861129612
episode_000002_000010,episode_000002,episode_000002,alignment,10,progress_gate_min_gap,0.6089492789113297,0.01498879279836848,0.01498879279836848,0.5939604861129612
episode_000002_000010,episode_000002,episode_000002,alignment,10,progress_gate_zero_worse,0.6089492789113297,0.01498879279836848,0.01498879279836848,0.5939604861129612
episode_000002_000010,episode_000002,episode_000002,alignment,10,progress_gate_worse_le_1,0.6089492789113297,0.01498879279836848,0.01498879279836848,0.5939604861129612
episode_000002_000010,episode_000002,episode_000002,alignment,10,progress_gate_lambda,0.6089492789113297,0.01498879279836848,0.01498879279836848,0.5939604861129612
episode_000002_000011,episode_000002,episode_000002,alignment,11,raw_no_correction,0.7065519484164018,0.016451782170923905,0.7065519484164018,0.0
episode_000002_000011,episode_000002,episode_000002,alignment,11,progress_all,0.7065519484164018,0.016451782170923905,0.016451782170923905,0.6901001662454779
episode_000002_000011,episode_000002,episode_000002,alignment,11,phase_gate_train,0.7065519484164018,0.016451782170923905,0.016451782170923905,0.6901001662454779
episode_000002_000011,episode_000002,episode_000002,alignment,11,oracle_min_raw_progress,0.7065519484164018,0.016451782170923905,0.016451782170923905,0.6901001662454779
episode_000002_000011,episode_000002,episode_000002,alignment,11,progress_gate_min_gap,0.7065519484164018,0.016451782170923905,0.016451782170923905,0.6901001662454779
episode_000002_000011,episode_000002,episode_000002,alignment,11,progress_gate_zero_worse,0.7065519484164018,0.016451782170923905,0.016451782170923905,0.6901001662454779
episode_000002_000011,episode_000002,episode_000002,alignment,11,progress_gate_worse_le_1,0.7065519484164018,0.016451782170923905,0.016451782170923905,0.6901001662454779
episode_000002_000011,episode_000002,episode_000002,alignment,11,progress_gate_lambda,0.7065519484164018,0.016451782170923905,0.016451782170923905,0.6901001662454779
episode_000002_000012,episode_000002,episode_000002,alignment,12,raw_no_correction,0.8338652093441891,0.033816154752615145,0.8338652093441891,0.0
episode_000002_000012,episode_000002,episode_000002,alignment,12,progress_all,0.8338652093441891,0.033816154752615145,0.033816154752615145,0.8000490545915739
episode_000002_000012,episode_000002,episode_000002,alignment,12,phase_gate_train,0.8338652093441891,0.033816154752615145,0.033816154752615145,0.8000490545915739
episode_000002_000012,episode_000002,episode_000002,alignment,12,oracle_min_raw_progress,0.8338652093441891,0.033816154752615145,0.033816154752615145,0.8000490545915739
episode_000002_000012,episode_000002,episode_000002,alignment,12,progress_gate_min_gap,0.8338652093441891,0.033816154752615145,0.033816154752615145,0.8000490545915739
episode_000002_000012,episode_000002,episode_000002,alignment,12,progress_gate_zero_worse,0.8338652093441891,0.033816154752615145,0.033816154752615145,0.8000490545915739
episode_000002_000012,episode_000002,episode_000002,alignment,12,progress_gate_worse_le_1,0.8338652093441891,0.033816154752615145,0.033816154752615145,0.8000490545915739
episode_000002_000012,episode_000002,episode_000002,alignment,12,progress_gate_lambda,0.8338652093441891,0.033816154752615145,0.033816154752615145,0.8000490545915739
episode_000002_000013,episode_000002,episode_000002,alignment,13,raw_no_correction,0.8195019667526535,0.0024976433453846696,0.8195019667526535,0.0
episode_000002_000013,episode_000002,episode_000002,alignment,13,progress_all,0.8195019667526535,0.0024976433453846696,0.0024976433453846696,0.8170043234072688
episode_000002_000013,episode_000002,episode_000002,alignment,13,phase_gate_train,0.8195019667526535,0.0024976433453846696,0.0024976433453846696,0.8170043234072688
episode_000002_000013,episode_000002,episode_000002,alignment,13,oracle_min_raw_progress,0.8195019667526535,0.0024976433453846696,0.0024976433453846696,0.8170043234072688
episode_000002_000013,episode_000002,episode_000002,alignment,13,progress_gate_min_gap,0.8195019667526535,0.0024976433453846696,0.0024976433453846696,0.8170043234072688
episode_000002_000013,episode_000002,episode_000002,alignment,13,progress_gate_zero_worse,0.8195019667526535,0.0024976433453846696,0.0024976433453846696,0.8170043234072688
episode_000002_000013,episode_000002,episode_000002,alignment,13,progress_gate_worse_le_1,0.8195019667526535,0.0024976433453846696,0.0024976433453846696,0.8170043234072688
episode_000002_000013,episode_000002,episode_000002,alignment,13,progress_gate_lambda,0.8195019667526535,0.0024976433453846696,0.0024976433453846696,0.8170043234072688
episode_000002_000014,episode_000002,episode_000002,alignment,14,raw_no_correction,0.8374567136230086,0.0330071633824687,0.8374567136230086,0.0
episode_000002_000014,episode_000002,episode_000002,alignment,14,progress_all,0.8374567136230086,0.0330071633824687,0.0330071633824687,0.8044495502405399
episode_000002_000014,episode_000002,episode_000002,alignment,14,phase_gate_train,0.8374567136230086,0.0330071633824687,0.0330071633824687,0.8044495502405399
episode_000002_000014,episode_000002,episode_000002,alignment,14,oracle_min_raw_progress,0.8374567136230086,0.0330071633824687,0.0330071633824687,0.8044495502405399
episode_000002_000014,episode_000002,episode_000002,alignment,14,progress_gate_min_gap,0.8374567136230086,0.0330071633824687,0.0330071633824687,0.8044495502405399
episode_000002_000014,episode_000002,episode_000002,alignment,14,progress_gate_zero_worse,0.8374567136230086,0.0330071633824687,0.0330071633824687,0.8044495502405399
episode_000002_000014,episode_000002,episode_000002,alignment,14,progress_gate_worse_le_1,0.8374567136230086,0.0330071633824687,0.0330071633824687,0.8044495502405399
episode_000002_000014,episode_000002,episode_000002,alignment,14,progress_gate_lambda,0.8374567136230086,0.0330071633824687,0.0330071633824687,0.8044495502405399
episode_000002_000015,episode_000002,episode_000002,alignment,15,raw_no_correction,0.8821703940604696,0.025558682474501437,0.8821703940604696,0.0
episode_000002_000015,episode_000002,episode_000002,alignment,15,progress_all,0.8821703940604696,0.025558682474501437,0.025558682474501437,0.8566117115859682
episode_000002_000015,episode_000002,episode_000002,alignment,15,phase_gate_train,0.8821703940604696,0.025558682474501437,0.025558682474501437,0.8566117115859682
episode_000002_000015,episode_000002,episode_000002,alignment,15,oracle_min_raw_progress,0.8821703940604696,0.025558682474501437,0.025558682474501437,0.8566117115859682
episode_000002_000015,episode_000002,episode_000002,alignment,15,progress_gate_min_gap,0.8821703940604696,0.025558682474501437,0.025558682474501437,0.8566117115859682
episode_000002_000015,episode_000002,episode_000002,alignment,15,progress_gate_zero_worse,0.8821703940604696,0.025558682474501437,0.025558682474501437,0.8566117115859682
episode_000002_000015,episode_000002,episode_000002,alignment,15,progress_gate_worse_le_1,0.8821703940604696,0.025558682474501437,0.025558682474501437,0.8566117115859682
episode_000002_000015,episode_000002,episode_000002,alignment,15,progress_gate_lambda,0.8821703940604696,0.025558682474501437,0.025558682474501437,0.8566117115859682
episode_000002_000016,episode_000002,episode_000002,alignment,16,raw_no_correction,0.7108697416041357,0.02912691305917169,0.7108697416041357,0.0
episode_000002_000016,episode_000002,episode_000002,alignment,16,progress_all,0.7108697416041357,0.02912691305917169,0.02912691305917169,0.681742828544964
episode_000002_000016,episode_000002,episode_000002,alignment,16,phase_gate_train,0.7108697416041357,0.02912691305917169,0.02912691305917169,0.681742828544964
episode_000002_000016,episode_000002,episode_000002,alignment,16,oracle_min_raw_progress,0.7108697416041357,0.02912691305917169,0.02912691305917169,0.681742828544964
episode_000002_000016,episode_000002,episode_000002,alignment,16,progress_gate_min_gap,0.7108697416041357,0.02912691305917169,0.02912691305917169,0.681742828544964
episode_000002_000016,episode_000002,episode_000002,alignment,16,progress_gate_zero_worse,0.7108697416041357,0.02912691305917169,0.02912691305917169,0.681742828544964
episode_000002_000016,episode_000002,episode_000002,alignment,16,progress_gate_worse_le_1,0.7108697416041357,0.02912691305917169,0.02912691305917169,0.681742828544964
episode_000002_000016,episode_000002,episode_000002,alignment,16,progress_gate_lambda,0.7108697416041357,0.02912691305917169,0.02912691305917169,0.681742828544964
episode_000002_000017,episode_000002,episode_000002,alignment,17,raw_no_correction,0.39218036719741295,0.065175244993662,0.39218036719741295,0.0
episode_000002_000017,episode_000002,episode_000002,alignment,17,progress_all,0.39218036719741295,0.065175244993662,0.065175244993662,0.32700512220375094
episode_000002_000017,episode_000002,episode_000002,alignment,17,phase_gate_train,0.39218036719741295,0.065175244993662,0.065175244993662,0.32700512220375094
episode_000002_000017,episode_000002,episode_000002,alignment,17,oracle_min_raw_progress,0.39218036719741295,0.065175244993662,0.065175244993662,0.32700512220375094
episode_000002_000017,episode_000002,episode_000002,alignment,17,progress_gate_min_gap,0.39218036719741295,0.065175244993662,0.065175244993662,0.32700512220375094
episode_000002_000017,episode_000002,episode_000002,alignment,17,progress_gate_zero_worse,0.39218036719741295,0.065175244993662,0.065175244993662,0.32700512220375094
episode_000002_000017,episode_000002,episode_000002,alignment,17,progress_gate_worse_le_1,0.39218036719741295,0.065175244993662,0.065175244993662,0.32700512220375094
episode_000002_000017,episode_000002,episode_000002,alignment,17,progress_gate_lambda,0.39218036719741295,0.065175244993662,0.065175244993662,0.32700512220375094
episode_000002_000018,episode_000002,episode_000002,alignment,18,raw_no_correction,0.19208625913205402,0.11086522282803091,0.19208625913205402,0.0
episode_000002_000018,episode_000002,episode_000002,alignment,18,progress_all,0.19208625913205402,0.11086522282803091,0.11086522282803091,0.08122103630402311
episode_000002_000018,episode_000002,episode_000002,alignment,18,phase_gate_train,0.19208625913205402,0.11086522282803091,0.11086522282803091,0.08122103630402311
episode_000002_000018,episode_000002,episode_000002,alignment,18,oracle_min_raw_progress,0.19208625913205402,0.11086522282803091,0.11086522282803091,0.08122103630402311
episode_000002_000018,episode_000002,episode_000002,alignment,18,progress_gate_min_gap,0.19208625913205402,0.11086522282803091,0.11086522282803091,0.08122103630402311
episode_000002_000018,episode_000002,episode_000002,alignment,18,progress_gate_zero_worse,0.19208625913205402,0.11086522282803091,0.11086522282803091,0.08122103630402311
episode_000002_000018,episode_000002,episode_000002,alignment,18,progress_gate_worse_le_1,0.19208625913205402,0.11086522282803091,0.11086522282803091,0.08122103630402311
episode_000002_000018,episode_000002,episode_000002,alignment,18,progress_gate_lambda,0.19208625913205402,0.11086522282803091,0.11086522282803091,0.08122103630402311
episode_000002_000019,episode_000002,episode_000002,alignment,19,raw_no_correction,0.24418958282574832,0.13068315140509387,0.24418958282574832,0.0
episode_000002_000019,episode_000002,episode_000002,alignment,19,progress_all,0.24418958282574832,0.13068315140509387,0.13068315140509387,0.11350643142065445
episode_000002_000019,episode_000002,episode_000002,alignment,19,phase_gate_train,0.24418958282574832,0.13068315140509387,0.13068315140509387,0.11350643142065445
episode_000002_000019,episode_000002,episode_000002,alignment,19,oracle_min_raw_progress,0.24418958282574832,0.13068315140509387,0.13068315140509387,0.11350643142065445
episode_000002_000019,episode_000002,episode_000002,alignment,19,progress_gate_min_gap,0.24418958282574832,0.13068315140509387,0.13068315140509387,0.11350643142065445
episode_000002_000019,episode_000002,episode_000002,alignment,19,progress_gate_zero_worse,0.24418958282574832,0.13068315140509387,0.13068315140509387,0.11350643142065445
episode_000002_000019,episode_000002,episode_000002,alignment,19,progress_gate_worse_le_1,0.24418958282574832,0.13068315140509387,0.13068315140509387,0.11350643142065445
episode_000002_000019,episode_000002,episode_000002,alignment,19,progress_gate_lambda,0.24418958282574832,0.13068315140509387,0.13068315140509387,0.11350643142065445
episode_000002_000020,episode_000002,episode_000002,alignment,20,raw_no_correction,0.24750431507381596,0.13158377095778923,0.24750431507381596,0.0
episode_000002_000020,episode_000002,episode_000002,alignment,20,progress_all,0.24750431507381596,0.13158377095778923,0.13158377095778923,0.11592054411602673
episode_000002_000020,episode_000002,episode_000002,alignment,20,phase_gate_train,0.24750431507381596,0.13158377095778923,0.13158377095778923,0.11592054411602673
episode_000002_000020,episode_000002,episode_000002,alignment,20,oracle_min_raw_progress,0.24750431507381596,0.13158377095778923,0.13158377095778923,0.11592054411602673
episode_000002_000020,episode_000002,episode_000002,alignment,20,progress_gate_min_gap,0.24750431507381596,0.13158377095778923,0.13158377095778923,0.11592054411602673
episode_000002_000020,episode_000002,episode_000002,alignment,20,progress_gate_zero_worse,0.24750431507381596,0.13158377095778923,0.13158377095778923,0.11592054411602673
episode_000002_000020,episode_000002,episode_000002,alignment,20,progress_gate_worse_le_1,0.24750431507381596,0.13158377095778923,0.13158377095778923,0.11592054411602673
episode_000002_000020,episode_000002,episode_000002,alignment,20,progress_gate_lambda,0.24750431507381596,0.13158377095778923,0.13158377095778923,0.11592054411602673
episode_000002_000021,episode_000002,episode_000002,descent_to_grasp,21,raw_no_correction,0.19573684560470767,0.17136328568696527,0.19573684560470767,0.0
episode_000002_000021,episode_000002,episode_000002,descent_to_grasp,21,progress_all,0.19573684560470767,0.17136328568696527,0.17136328568696527,0.0243735599177424
episode_000002_000021,episode_000002,episode_000002,descent_to_grasp,21,phase_gate_train,0.19573684560470767,0.17136328568696527,0.17136328568696527,0.0243735599177424
episode_000002_000021,episode_000002,episode_000002,descent_to_grasp,21,oracle_min_raw_progress,0.19573684560470767,0.17136328568696527,0.17136328568696527,0.0243735599177424
episode_000002_000021,episode_000002,episode_000002,descent_to_grasp,21,progress_gate_min_gap,0.19573684560470767,0.17136328568696527,0.17136328568696527,0.0243735599177424
episode_000002_000021,episode_000002,episode_000002,descent_to_grasp,21,progress_gate_zero_worse,0.19573684560470767,0.17136328568696527,0.17136328568696527,0.0243735599177424
episode_000002_000021,episode_000002,episode_000002,descent_to_grasp,21,progress_gate_worse_le_1,0.19573684560470767,0.17136328568696527,0.17136328568696527,0.0243735599177424
episode_000002_000021,episode_000002,episode_000002,descent_to_grasp,21,progress_gate_lambda,0.19573684560470767,0.17136328568696527,0.17136328568696527,0.0243735599177424
episode_000002_000022,episode_000002,episode_000002,descent_to_grasp,22,raw_no_correction,0.12783730904659513,0.2021903541210345,0.12783730904659513,0.0
episode_000002_000022,episode_000002,episode_000002,descent_to_grasp,22,progress_all,0.12783730904659513,0.2021903541210345,0.2021903541210345,-0.07435304507443938
episode_000002_000022,episode_000002,episode_000002,descent_to_grasp,22,phase_gate_train,0.12783730904659513,0.2021903541210345,0.2021903541210345,-0.07435304507443938
episode_000002_000022,episode_000002,episode_000002,descent_to_grasp,22,oracle_min_raw_progress,0.12783730904659513,0.2021903541210345,0.12783730904659513,0.0
episode_000002_000022,episode_000002,episode_000002,descent_to_grasp,22,progress_gate_min_gap,0.12783730904659513,0.2021903541210345,0.2021903541210345,-0.07435304507443938
episode_000002_000022,episode_000002,episode_000002,descent_to_grasp,22,progress_gate_zero_worse,0.12783730904659513,0.2021903541210345,0.2021903541210345,-0.07435304507443938
episode_000002_000022,episode_000002,episode_000002,descent_to_grasp,22,progress_gate_worse_le_1,0.12783730904659513,0.2021903541210345,0.2021903541210345,-0.07435304507443938
episode_000002_000022,episode_000002,episode_000002,descent_to_grasp,22,progress_gate_lambda,0.12783730904659513,0.2021903541210345,0.2021903541210345,-0.07435304507443938
episode_000002_000023,episode_000002,episode_000002,descent_to_grasp,23,raw_no_correction,0.3288383590858546,0.26056820534416014,0.3288383590858546,0.0
episode_000002_000023,episode_000002,episode_000002,descent_to_grasp,23,progress_all,0.3288383590858546,0.26056820534416014,0.26056820534416014,0.06827015374169448
episode_000002_000023,episode_000002,episode_000002,descent_to_grasp,23,phase_gate_train,0.3288383590858546,0.26056820534416014,0.26056820534416014,0.06827015374169448
episode_000002_000023,episode_000002,episode_000002,descent_to_grasp,23,oracle_min_raw_progress,0.3288383590858546,0.26056820534416014,0.26056820534416014,0.06827015374169448
episode_000002_000023,episode_000002,episode_000002,descent_to_grasp,23,progress_gate_min_gap,0.3288383590858546,0.26056820534416014,0.26056820534416014,0.06827015374169448
episode_000002_000023,episode_000002,episode_000002,descent_to_grasp,23,progress_gate_zero_worse,0.3288383590858546,0.26056820534416014,0.26056820534416014,0.06827015374169448
episode_000002_000023,episode_000002,episode_000002,descent_to_grasp,23,progress_gate_worse_le_1,0.3288383590858546,0.26056820534416014,0.26056820534416014,0.06827015374169448
episode_000002_000023,episode_000002,episode_000002,descent_to_grasp,23,progress_gate_lambda,0.3288383590858546,0.26056820534416014,0.26056820534416014,0.06827015374169448
episode_000002_000024,episode_000002,episode_000002,descent_to_grasp,24,raw_no_correction,0.4572127442173059,0.11801499047353932,0.4572127442173059,0.0
episode_000002_000024,episode_000002,episode_000002,descent_to_grasp,24,progress_all,0.4572127442173059,0.11801499047353932,0.11801499047353932,0.3391977537437666
episode_000002_000024,episode_000002,episode_000002,descent_to_grasp,24,phase_gate_train,0.4572127442173059,0.11801499047353932,0.11801499047353932,0.3391977537437666
episode_000002_000024,episode_000002,episode_000002,descent_to_grasp,24,oracle_min_raw_progress,0.4572127442173059,0.11801499047353932,0.11801499047353932,0.3391977537437666
episode_000002_000024,episode_000002,episode_000002,descent_to_grasp,24,progress_gate_min_gap,0.4572127442173059,0.11801499047353932,0.11801499047353932,0.3391977537437666
episode_000002_000024,episode_000002,episode_000002,descent_to_grasp,24,progress_gate_zero_worse,0.4572127442173059,0.11801499047353932,0.11801499047353932,0.3391977537437666
episode_000002_000024,episode_000002,episode_000002,descent_to_grasp,24,progress_gate_worse_le_1,0.4572127442173059,0.11801499047353932,0.11801499047353932,0.3391977537437666
episode_000002_000024,episode_000002,episode_000002,descent_to_grasp,24,progress_gate_lambda,0.4572127442173059,0.11801499047353932,0.11801499047353932,0.3391977537437666
episode_000002_000025,episode_000002,episode_000002,descent_to_grasp,25,raw_no_correction,0.47487669549064054,0.45180444942330455,0.47487669549064054,0.0
episode_000002_000025,episode_000002,episode_000002,descent_to_grasp,25,progress_all,0.47487669549064054,0.45180444942330455,0.45180444942330455,0.02307224606733599
episode_000002_000025,episode_000002,episode_000002,descent_to_grasp,25,phase_gate_train,0.47487669549064054,0.45180444942330455,0.45180444942330455,0.02307224606733599
episode_000002_000025,episode_000002,episode_000002,descent_to_grasp,25,oracle_min_raw_progress,0.47487669549064054,0.45180444942330455,0.45180444942330455,0.02307224606733599
episode_000002_000025,episode_000002,episode_000002,descent_to_grasp,25,progress_gate_min_gap,0.47487669549064054,0.45180444942330455,0.45180444942330455,0.02307224606733599
episode_000002_000025,episode_000002,episode_000002,descent_to_grasp,25,progress_gate_zero_worse,0.47487669549064054,0.45180444942330455,0.47487669549064054,0.0
episode_000002_000025,episode_000002,episode_000002,descent_to_grasp,25,progress_gate_worse_le_1,0.47487669549064054,0.45180444942330455,0.45180444942330455,0.02307224606733599
episode_000002_000025,episode_000002,episode_000002,descent_to_grasp,25,progress_gate_lambda,0.47487669549064054,0.45180444942330455,0.47487669549064054,0.0
episode_000002_000026,episode_000002,episode_000002,descent_to_grasp,26,raw_no_correction,0.2083777077381957,0.19850523578721646,0.2083777077381957,0.0
episode_000002_000026,episode_000002,episode_000002,descent_to_grasp,26,progress_all,0.2083777077381957,0.19850523578721646,0.19850523578721646,0.009872471950979234
episode_000002_000026,episode_000002,episode_000002,descent_to_grasp,26,phase_gate_train,0.2083777077381957,0.19850523578721646,0.19850523578721646,0.009872471950979234
episode_000002_000026,episode_000002,episode_000002,descent_to_grasp,26,oracle_min_raw_progress,0.2083777077381957,0.19850523578721646,0.19850523578721646,0.009872471950979234
episode_000002_000026,episode_000002,episode_000002,descent_to_grasp,26,progress_gate_min_gap,0.2083777077381957,0.19850523578721646,0.19850523578721646,0.009872471950979234
episode_000002_000026,episode_000002,episode_000002,descent_to_grasp,26,progress_gate_zero_worse,0.2083777077381957,0.19850523578721646,0.2083777077381957,0.0
episode_000002_000026,episode_000002,episode_000002,descent_to_grasp,26,progress_gate_worse_le_1,0.2083777077381957,0.19850523578721646,0.2083777077381957,0.0
episode_000002_000026,episode_000002,episode_000002,descent_to_grasp,26,progress_gate_lambda,0.2083777077381957,0.19850523578721646,0.2083777077381957,0.0
episode_000002_000027,episode_000002,episode_000002,descent_to_grasp,27,raw_no_correction,0.15132762138383646,0.14476897331616814,0.15132762138383646,0.0
episode_000002_000027,episode_000002,episode_000002,descent_to_grasp,27,progress_all,0.15132762138383646,0.14476897331616814,0.14476897331616814,0.006558648067668316
episode_000002_000027,episode_000002,episode_000002,descent_to_grasp,27,phase_gate_train,0.15132762138383646,0.14476897331616814,0.14476897331616814,0.006558648067668316
episode_000002_000027,episode_000002,episode_000002,descent_to_grasp,27,oracle_min_raw_progress,0.15132762138383646,0.14476897331616814,0.14476897331616814,0.006558648067668316
episode_000002_000027,episode_000002,episode_000002,descent_to_grasp,27,progress_gate_min_gap,0.15132762138383646,0.14476897331616814,0.15132762138383646,0.0
episode_000002_000027,episode_000002,episode_000002,descent_to_grasp,27,progress_gate_zero_worse,0.15132762138383646,0.14476897331616814,0.15132762138383646,0.0
episode_000002_000027,episode_000002,episode_000002,descent_to_grasp,27,progress_gate_worse_le_1,0.15132762138383646,0.14476897331616814,0.15132762138383646,0.0
episode_000002_000027,episode_000002,episode_000002,descent_to_grasp,27,progress_gate_lambda,0.15132762138383646,0.14476897331616814,0.15132762138383646,0.0
episode_000002_000028,episode_000002,episode_000002,descent_to_grasp,28,raw_no_correction,0.15339288956073177,0.14968432049645228,0.15339288956073177,0.0
episode_000002_000028,episode_000002,episode_000002,descent_to_grasp,28,progress_all,0.15339288956073177,0.14968432049645228,0.14968432049645228,0.0037085690642794933
episode_000002_000028,episode_000002,episode_000002,descent_to_grasp,28,phase_gate_train,0.15339288956073177,0.14968432049645228,0.14968432049645228,0.0037085690642794933
episode_000002_000028,episode_000002,episode_000002,descent_to_grasp,28,oracle_min_raw_progress,0.15339288956073177,0.14968432049645228,0.14968432049645228,0.0037085690642794933
episode_000002_000028,episode_000002,episode_000002,descent_to_grasp,28,progress_gate_min_gap,0.15339288956073177,0.14968432049645228,0.15339288956073177,0.0
episode_000002_000028,episode_000002,episode_000002,descent_to_grasp,28,progress_gate_zero_worse,0.15339288956073177,0.14968432049645228,0.15339288956073177,0.0
episode_000002_000028,episode_000002,episode_000002,descent_to_grasp,28,progress_gate_worse_le_1,0.15339288956073177,0.14968432049645228,0.15339288956073177,0.0
episode_000002_000028,episode_000002,episode_000002,descent_to_grasp,28,progress_gate_lambda,0.15339288956073177,0.14968432049645228,0.15339288956073177,0.0
episode_000002_000029,episode_000002,episode_000002,grasp_close,29,raw_no_correction,0.005757325390743959,0.004074443213856478,0.005757325390743959,0.0
episode_000002_000029,episode_000002,episode_000002,grasp_close,29,progress_all,0.005757325390743959,0.004074443213856478,0.004074443213856478,0.0016828821768874805
episode_000002_000029,episode_000002,episode_000002,grasp_close,29,phase_gate_train,0.005757325390743959,0.004074443213856478,0.005757325390743959,0.0
episode_000002_000029,episode_000002,episode_000002,grasp_close,29,oracle_min_raw_progress,0.005757325390743959,0.004074443213856478,0.004074443213856478,0.0016828821768874805
episode_000002_000029,episode_000002,episode_000002,grasp_close,29,progress_gate_min_gap,0.005757325390743959,0.004074443213856478,0.005757325390743959,0.0
episode_000002_000029,episode_000002,episode_000002,grasp_close,29,progress_gate_zero_worse,0.005757325390743959,0.004074443213856478,0.005757325390743959,0.0
episode_000002_000029,episode_000002,episode_000002,grasp_close,29,progress_gate_worse_le_1,0.005757325390743959,0.004074443213856478,0.005757325390743959,0.0
episode_000002_000029,episode_000002,episode_000002,grasp_close,29,progress_gate_lambda,0.005757325390743959,0.004074443213856478,0.005757325390743959,0.0
episode_000002_000030,episode_000002,episode_000002,grasp_close,30,raw_no_correction,0.004021090741083949,0.001588552888410124,0.004021090741083949,0.0
episode_000002_000030,episode_000002,episode_000002,grasp_close,30,progress_all,0.004021090741083949,0.001588552888410124,0.001588552888410124,0.002432537852673825
episode_000002_000030,episode_000002,episode_000002,grasp_close,30,phase_gate_train,0.004021090741083949,0.001588552888410124,0.004021090741083949,0.0
episode_000002_000030,episode_000002,episode_000002,grasp_close,30,oracle_min_raw_progress,0.004021090741083949,0.001588552888410124,0.001588552888410124,0.002432537852673825
episode_000002_000030,episode_000002,episode_000002,grasp_close,30,progress_gate_min_gap,0.004021090741083949,0.001588552888410124,0.004021090741083949,0.0
episode_000002_000030,episode_000002,episode_000002,grasp_close,30,progress_gate_zero_worse,0.004021090741083949,0.001588552888410124,0.004021090741083949,0.0
episode_000002_000030,episode_000002,episode_000002,grasp_close,30,progress_gate_worse_le_1,0.004021090741083949,0.001588552888410124,0.004021090741083949,0.0
episode_000002_000030,episode_000002,episode_000002,grasp_close,30,progress_gate_lambda,0.004021090741083949,0.001588552888410124,0.004021090741083949,0.0
episode_000002_000031,episode_000002,episode_000002,grasp_close,31,raw_no_correction,0.0029938151757579663,0.0014445180420353636,0.0029938151757579663,0.0
episode_000002_000031,episode_000002,episode_000002,grasp_close,31,progress_all,0.0029938151757579663,0.0014445180420353636,0.0014445180420353636,0.0015492971337226027
episode_000002_000031,episode_000002,episode_000002,grasp_close,31,phase_gate_train,0.0029938151757579663,0.0014445180420353636,0.0029938151757579663,0.0
episode_000002_000031,episode_000002,episode_000002,grasp_close,31,oracle_min_raw_progress,0.0029938151757579663,0.0014445180420353636,0.0014445180420353636,0.0015492971337226027
episode_000002_000031,episode_000002,episode_000002,grasp_close,31,progress_gate_min_gap,0.0029938151757579663,0.0014445180420353636,0.0029938151757579663,0.0
episode_000002_000031,episode_000002,episode_000002,grasp_close,31,progress_gate_zero_worse,0.0029938151757579663,0.0014445180420353636,0.0029938151757579663,0.0
episode_000002_000031,episode_000002,episode_000002,grasp_close,31,progress_gate_worse_le_1,0.0029938151757579663,0.0014445180420353636,0.0029938151757579663,0.0
episode_000002_000031,episode_000002,episode_000002,grasp_close,31,progress_gate_lambda,0.0029938151757579663,0.0014445180420353636,0.0029938151757579663,0.0
episode_000002_000032,episode_000002,episode_000002,grasp_close,32,raw_no_correction,0.00249601841549347,0.0017088765348028084,0.00249601841549347,0.0
episode_000002_000032,episode_000002,episode_000002,grasp_close,32,progress_all,0.00249601841549347,0.0017088765348028084,0.0017088765348028084,0.0007871418806906616
episode_000002_000032,episode_000002,episode_000002,grasp_close,32,phase_gate_train,0.00249601841549347,0.0017088765348028084,0.00249601841549347,0.0
episode_000002_000032,episode_000002,episode_000002,grasp_close,32,oracle_min_raw_progress,0.00249601841549347,0.0017088765348028084,0.0017088765348028084,0.0007871418806906616
episode_000002_000032,episode_000002,episode_000002,grasp_close,32,progress_gate_min_gap,0.00249601841549347,0.0017088765348028084,0.00249601841549347,0.0
episode_000002_000032,episode_000002,episode_000002,grasp_close,32,progress_gate_zero_worse,0.00249601841549347,0.0017088765348028084,0.00249601841549347,0.0
episode_000002_000032,episode_000002,episode_000002,grasp_close,32,progress_gate_worse_le_1,0.00249601841549347,0.0017088765348028084,0.00249601841549347,0.0
episode_000002_000032,episode_000002,episode_000002,grasp_close,32,progress_gate_lambda,0.00249601841549347,0.0017088765348028084,0.00249601841549347,0.0
episode_000002_000033,episode_000002,episode_000002,grasp_close,33,raw_no_correction,0.0024353468077996984,0.00161332617496199,0.0024353468077996984,0.0
episode_000002_000033,episode_000002,episode_000002,grasp_close,33,progress_all,0.0024353468077996984,0.00161332617496199,0.00161332617496199,0.0008220206328377084
episode_000002_000033,episode_000002,episode_000002,grasp_close,33,phase_gate_train,0.0024353468077996984,0.00161332617496199,0.0024353468077996984,0.0
episode_000002_000033,episode_000002,episode_000002,grasp_close,33,oracle_min_raw_progress,0.0024353468077996984,0.00161332617496199,0.00161332617496199,0.0008220206328377084
episode_000002_000033,episode_000002,episode_000002,grasp_close,33,progress_gate_min_gap,0.0024353468077996984,0.00161332617496199,0.0024353468077996984,0.0
episode_000002_000033,episode_000002,episode_000002,grasp_close,33,progress_gate_zero_worse,0.0024353468077996984,0.00161332617496199,0.0024353468077996984,0.0
episode_000002_000033,episode_000002,episode_000002,grasp_close,33,progress_gate_worse_le_1,0.0024353468077996984,0.00161332617496199,0.0024353468077996984,0.0
episode_000002_000033,episode_000002,episode_000002,grasp_close,33,progress_gate_lambda,0.0024353468077996984,0.00161332617496199,0.0024353468077996984,0.0
episode_000002_000034,episode_000002,episode_000002,grasp_close,34,raw_no_correction,0.002318802818698431,0.001392026726790984,0.002318802818698431,0.0
episode_000002_000034,episode_000002,episode_000002,grasp_close,34,progress_all,0.002318802818698431,0.001392026726790984,0.001392026726790984,0.0009267760919074472
episode_000002_000034,episode_000002,episode_000002,grasp_close,34,phase_gate_train,0.002318802818698431,0.001392026726790984,0.002318802818698431,0.0
episode_000002_000034,episode_000002,episode_000002,grasp_close,34,oracle_min_raw_progress,0.002318802818698431,0.001392026726790984,0.001392026726790984,0.0009267760919074472
episode_000002_000034,episode_000002,episode_000002,grasp_close,34,progress_gate_min_gap,0.002318802818698431,0.001392026726790984,0.002318802818698431,0.0
episode_000002_000034,episode_000002,episode_000002,grasp_close,34,progress_gate_zero_worse,0.002318802818698431,0.001392026726790984,0.002318802818698431,0.0
episode_000002_000034,episode_000002,episode_000002,grasp_close,34,progress_gate_worse_le_1,0.002318802818698431,0.001392026726790984,0.002318802818698431,0.0
episode_000002_000034,episode_000002,episode_000002,grasp_close,34,progress_gate_lambda,0.002318802818698431,0.001392026726790984,0.002318802818698431,0.0
episode_000002_000035,episode_000002,episode_000002,grasp_close,35,raw_no_correction,0.003124293455568119,0.001700273001447386,0.003124293455568119,0.0
episode_000002_000035,episode_000002,episode_000002,grasp_close,35,progress_all,0.003124293455568119,0.001700273001447386,0.001700273001447386,0.001424020454120733
episode_000002_000035,episode_000002,episode_000002,grasp_close,35,phase_gate_train,0.003124293455568119,0.001700273001447386,0.003124293455568119,0.0
episode_000002_000035,episode_000002,episode_000002,grasp_close,35,oracle_min_raw_progress,0.003124293455568119,0.001700273001447386,0.001700273001447386,0.001424020454120733
episode_000002_000035,episode_000002,episode_000002,grasp_close,35,progress_gate_min_gap,0.003124293455568119,0.001700273001447386,0.003124293455568119,0.0
episode_000002_000035,episode_000002,episode_000002,grasp_close,35,progress_gate_zero_worse,0.003124293455568119,0.001700273001447386,0.003124293455568119,0.0
episode_000002_000035,episode_000002,episode_000002,grasp_close,35,progress_gate_worse_le_1,0.003124293455568119,0.001700273001447386,0.003124293455568119,0.0
episode_000002_000035,episode_000002,episode_000002,grasp_close,35,progress_gate_lambda,0.003124293455568119,0.001700273001447386,0.003124293455568119,0.0
episode_000002_000036,episode_000002,episode_000002,grasp_close,36,raw_no_correction,0.003056834218442372,0.001712007785168256,0.003056834218442372,0.0
episode_000002_000036,episode_000002,episode_000002,grasp_close,36,progress_all,0.003056834218442372,0.001712007785168256,0.001712007785168256,0.001344826433274116
episode_000002_000036,episode_000002,episode_000002,grasp_close,36,phase_gate_train,0.003056834218442372,0.001712007785168256,0.003056834218442372,0.0
episode_000002_000036,episode_000002,episode_000002,grasp_close,36,oracle_min_raw_progress,0.003056834218442372,0.001712007785168256,0.001712007785168256,0.001344826433274116
episode_000002_000036,episode_000002,episode_000002,grasp_close,36,progress_gate_min_gap,0.003056834218442372,0.001712007785168256,0.003056834218442372,0.0
episode_000002_000036,episode_000002,episode_000002,grasp_close,36,progress_gate_zero_worse,0.003056834218442372,0.001712007785168256,0.003056834218442372,0.0
episode_000002_000036,episode_000002,episode_000002,grasp_close,36,progress_gate_worse_le_1,0.003056834218442372,0.001712007785168256,0.003056834218442372,0.0
episode_000002_000036,episode_000002,episode_000002,grasp_close,36,progress_gate_lambda,0.003056834218442372,0.001712007785168256,0.003056834218442372,0.0
episode_000002_000037,episode_000002,episode_000002,grasp_close,37,raw_no_correction,0.0030089529642411935,0.0016580154415447184,0.0030089529642411935,0.0
episode_000002_000037,episode_000002,episode_000002,grasp_close,37,progress_all,0.0030089529642411935,0.0016580154415447184,0.0016580154415447184,0.001350937522696475
episode_000002_000037,episode_000002,episode_000002,grasp_close,37,phase_gate_train,0.0030089529642411935,0.0016580154415447184,0.0030089529642411935,0.0
episode_000002_000037,episode_000002,episode_000002,grasp_close,37,oracle_min_raw_progress,0.0030089529642411935,0.0016580154415447184,0.0016580154415447184,0.001350937522696475
episode_000002_000037,episode_000002,episode_000002,grasp_close,37,progress_gate_min_gap,0.0030089529642411935,0.0016580154415447184,0.0030089529642411935,0.0
episode_000002_000037,episode_000002,episode_000002,grasp_close,37,progress_gate_zero_worse,0.0030089529642411935,0.0016580154415447184,0.0030089529642411935,0.0
episode_000002_000037,episode_000002,episode_000002,grasp_close,37,progress_gate_worse_le_1,0.0030089529642411935,0.0016580154415447184,0.0030089529642411935,0.0
episode_000002_000037,episode_000002,episode_000002,grasp_close,37,progress_gate_lambda,0.0030089529642411935,0.0016580154415447184,0.0030089529642411935,0.0
episode_000002_000038,episode_000002,episode_000002,grasp_close,38,raw_no_correction,0.0031660399206463394,0.0017343538499183186,0.0031660399206463394,0.0
episode_000002_000038,episode_000002,episode_000002,grasp_close,38,progress_all,0.0031660399206463394,0.0017343538499183186,0.0017343538499183186,0.0014316860707280208
episode_000002_000038,episode_000002,episode_000002,grasp_close,38,phase_gate_train,0.0031660399206463394,0.0017343538499183186,0.0031660399206463394,0.0
episode_000002_000038,episode_000002,episode_000002,grasp_close,38,oracle_min_raw_progress,0.0031660399206463394,0.0017343538499183186,0.0017343538499183186,0.0014316860707280208
episode_000002_000038,episode_000002,episode_000002,grasp_close,38,progress_gate_min_gap,0.0031660399206463394,0.0017343538499183186,0.0031660399206463394,0.0
episode_000002_000038,episode_000002,episode_000002,grasp_close,38,progress_gate_zero_worse,0.0031660399206463394,0.0017343538499183186,0.0031660399206463394,0.0
episode_000002_000038,episode_000002,episode_000002,grasp_close,38,progress_gate_worse_le_1,0.0031660399206463394,0.0017343538499183186,0.0031660399206463394,0.0
episode_000002_000038,episode_000002,episode_000002,grasp_close,38,progress_gate_lambda,0.0031660399206463394,0.0017343538499183186,0.0031660399206463394,0.0
episode_000002_000039,episode_000002,episode_000002,lift,39,raw_no_correction,0.0030944329458416093,0.001693742536662067,0.0030944329458416093,0.0
episode_000002_000039,episode_000002,episode_000002,lift,39,progress_all,0.0030944329458416093,0.001693742536662067,0.001693742536662067,0.0014006904091795423
episode_000002_000039,episode_000002,episode_000002,lift,39,phase_gate_train,0.0030944329458416093,0.001693742536662067,0.001693742536662067,0.0014006904091795423
episode_000002_000039,episode_000002,episode_000002,lift,39,oracle_min_raw_progress,0.0030944329458416093,0.001693742536662067,0.001693742536662067,0.0014006904091795423
episode_000002_000039,episode_000002,episode_000002,lift,39,progress_gate_min_gap,0.0030944329458416093,0.001693742536662067,0.0030944329458416093,0.0
episode_000002_000039,episode_000002,episode_000002,lift,39,progress_gate_zero_worse,0.0030944329458416093,0.001693742536662067,0.0030944329458416093,0.0
episode_000002_000039,episode_000002,episode_000002,lift,39,progress_gate_worse_le_1,0.0030944329458416093,0.001693742536662067,0.0030944329458416093,0.0
episode_000002_000039,episode_000002,episode_000002,lift,39,progress_gate_lambda,0.0030944329458416093,0.001693742536662067,0.0030944329458416093,0.0
episode_000002_000040,episode_000002,episode_000002,lift,40,raw_no_correction,0.003598878059853298,0.0021788490589975226,0.003598878059853298,0.0
episode_000002_000040,episode_000002,episode_000002,lift,40,progress_all,0.003598878059853298,0.0021788490589975226,0.0021788490589975226,0.0014200290008557753
episode_000002_000040,episode_000002,episode_000002,lift,40,phase_gate_train,0.003598878059853298,0.0021788490589975226,0.0021788490589975226,0.0014200290008557753
episode_000002_000040,episode_000002,episode_000002,lift,40,oracle_min_raw_progress,0.003598878059853298,0.0021788490589975226,0.0021788490589975226,0.0014200290008557753
episode_000002_000040,episode_000002,episode_000002,lift,40,progress_gate_min_gap,0.003598878059853298,0.0021788490589975226,0.003598878059853298,0.0
episode_000002_000040,episode_000002,episode_000002,lift,40,progress_gate_zero_worse,0.003598878059853298,0.0021788490589975226,0.003598878059853298,0.0
episode_000002_000040,episode_000002,episode_000002,lift,40,progress_gate_worse_le_1,0.003598878059853298,0.0021788490589975226,0.003598878059853298,0.0
episode_000002_000040,episode_000002,episode_000002,lift,40,progress_gate_lambda,0.003598878059853298,0.0021788490589975226,0.003598878059853298,0.0
episode_000002_000041,episode_000002,episode_000002,lift,41,raw_no_correction,0.002753828361503695,0.002024513182870823,0.002753828361503695,0.0
episode_000002_000041,episode_000002,episode_000002,lift,41,progress_all,0.002753828361503695,0.002024513182870823,0.002024513182870823,0.0007293151786328719
episode_000002_000041,episode_000002,episode_000002,lift,41,phase_gate_train,0.002753828361503695,0.002024513182870823,0.002024513182870823,0.0007293151786328719
episode_000002_000041,episode_000002,episode_000002,lift,41,oracle_min_raw_progress,0.002753828361503695,0.002024513182870823,0.002024513182870823,0.0007293151786328719
episode_000002_000041,episode_000002,episode_000002,lift,41,progress_gate_min_gap,0.002753828361503695,0.002024513182870823,0.002753828361503695,0.0
episode_000002_000041,episode_000002,episode_000002,lift,41,progress_gate_zero_worse,0.002753828361503695,0.002024513182870823,0.002753828361503695,0.0
episode_000002_000041,episode_000002,episode_000002,lift,41,progress_gate_worse_le_1,0.002753828361503695,0.002024513182870823,0.002753828361503695,0.0
episode_000002_000041,episode_000002,episode_000002,lift,41,progress_gate_lambda,0.002753828361503695,0.002024513182870823,0.002753828361503695,0.0
episode_000002_000042,episode_000002,episode_000002,lift,42,raw_no_correction,0.0029724645917114387,0.002686401599480011,0.0029724645917114387,0.0
episode_000002_000042,episode_000002,episode_000002,lift,42,progress_all,0.0029724645917114387,0.002686401599480011,0.002686401599480011,0.0002860629922314278
episode_000002_000042,episode_000002,episode_000002,lift,42,phase_gate_train,0.0029724645917114387,0.002686401599480011,0.002686401599480011,0.0002860629922314278
episode_000002_000042,episode_000002,episode_000002,lift,42,oracle_min_raw_progress,0.0029724645917114387,0.002686401599480011,0.002686401599480011,0.0002860629922314278
episode_000002_000042,episode_000002,episode_000002,lift,42,progress_gate_min_gap,0.0029724645917114387,0.002686401599480011,0.0029724645917114387,0.0
episode_000002_000042,episode_000002,episode_000002,lift,42,progress_gate_zero_worse,0.0029724645917114387,0.002686401599480011,0.0029724645917114387,0.0
episode_000002_000042,episode_000002,episode_000002,lift,42,progress_gate_worse_le_1,0.0029724645917114387,0.002686401599480011,0.0029724645917114387,0.0
episode_000002_000042,episode_000002,episode_000002,lift,42,progress_gate_lambda,0.0029724645917114387,0.002686401599480011,0.0029724645917114387,0.0
episode_000002_000043,episode_000002,episode_000002,lift,43,raw_no_correction,0.004320435010780764,0.0035110094730506297,0.004320435010780764,0.0
episode_000002_000043,episode_000002,episode_000002,lift,43,progress_all,0.004320435010780764,0.0035110094730506297,0.0035110094730506297,0.0008094255377301346
episode_000002_000043,episode_000002,episode_000002,lift,43,phase_gate_train,0.004320435010780764,0.0035110094730506297,0.0035110094730506297,0.0008094255377301346
episode_000002_000043,episode_000002,episode_000002,lift,43,oracle_min_raw_progress,0.004320435010780764,0.0035110094730506297,0.0035110094730506297,0.0008094255377301346
episode_000002_000043,episode_000002,episode_000002,lift,43,progress_gate_min_gap,0.004320435010780764,0.0035110094730506297,0.004320435010780764,0.0
episode_000002_000043,episode_000002,episode_000002,lift,43,progress_gate_zero_worse,0.004320435010780764,0.0035110094730506297,0.004320435010780764,0.0
episode_000002_000043,episode_000002,episode_000002,lift,43,progress_gate_worse_le_1,0.004320435010780764,0.0035110094730506297,0.004320435010780764,0.0
episode_000002_000043,episode_000002,episode_000002,lift,43,progress_gate_lambda,0.004320435010780764,0.0035110094730506297,0.004320435010780764,0.0
episode_000002_000044,episode_000002,episode_000002,lift,44,raw_no_correction,0.004141075551469732,0.003524573960774337,0.004141075551469732,0.0
episode_000002_000044,episode_000002,episode_000002,lift,44,progress_all,0.004141075551469732,0.003524573960774337,0.003524573960774337,0.0006165015906953951
episode_000002_000044,episode_000002,episode_000002,lift,44,phase_gate_train,0.004141075551469732,0.003524573960774337,0.003524573960774337,0.0006165015906953951
episode_000002_000044,episode_000002,episode_000002,lift,44,oracle_min_raw_progress,0.004141075551469732,0.003524573960774337,0.003524573960774337,0.0006165015906953951
episode_000002_000044,episode_000002,episode_000002,lift,44,progress_gate_min_gap,0.004141075551469732,0.003524573960774337,0.004141075551469732,0.0
episode_000002_000044,episode_000002,episode_000002,lift,44,progress_gate_zero_worse,0.004141075551469732,0.003524573960774337,0.004141075551469732,0.0
episode_000002_000044,episode_000002,episode_000002,lift,44,progress_gate_worse_le_1,0.004141075551469732,0.003524573960774337,0.004141075551469732,0.0
episode_000002_000044,episode_000002,episode_000002,lift,44,progress_gate_lambda,0.004141075551469732,0.003524573960774337,0.004141075551469732,0.0
episode_000002_000045,episode_000002,episode_000002,lift,45,raw_no_correction,0.0035764432193137546,0.002519409801552444,0.0035764432193137546,0.0
episode_000002_000045,episode_000002,episode_000002,lift,45,progress_all,0.0035764432193137546,0.002519409801552444,0.002519409801552444,0.0010570334177613105
episode_000002_000045,episode_000002,episode_000002,lift,45,phase_gate_train,0.0035764432193137546,0.002519409801552444,0.002519409801552444,0.0010570334177613105
episode_000002_000045,episode_000002,episode_000002,lift,45,oracle_min_raw_progress,0.0035764432193137546,0.002519409801552444,0.002519409801552444,0.0010570334177613105
episode_000002_000045,episode_000002,episode_000002,lift,45,progress_gate_min_gap,0.0035764432193137546,0.002519409801552444,0.0035764432193137546,0.0
episode_000002_000045,episode_000002,episode_000002,lift,45,progress_gate_zero_worse,0.0035764432193137546,0.002519409801552444,0.0035764432193137546,0.0
episode_000002_000045,episode_000002,episode_000002,lift,45,progress_gate_worse_le_1,0.0035764432193137546,0.002519409801552444,0.0035764432193137546,0.0
episode_000002_000045,episode_000002,episode_000002,lift,45,progress_gate_lambda,0.0035764432193137546,0.002519409801552444,0.0035764432193137546,0.0
episode_000002_000046,episode_000002,episode_000002,lift,46,raw_no_correction,0.0036729763650143266,0.0025001509710326913,0.0036729763650143266,0.0
episode_000002_000046,episode_000002,episode_000002,lift,46,progress_all,0.0036729763650143266,0.0025001509710326913,0.0025001509710326913,0.0011728253939816352
episode_000002_000046,episode_000002,episode_000002,lift,46,phase_gate_train,0.0036729763650143266,0.0025001509710326913,0.0025001509710326913,0.0011728253939816352
episode_000002_000046,episode_000002,episode_000002,lift,46,oracle_min_raw_progress,0.0036729763650143266,0.0025001509710326913,0.0025001509710326913,0.0011728253939816352
episode_000002_000046,episode_000002,episode_000002,lift,46,progress_gate_min_gap,0.0036729763650143266,0.0025001509710326913,0.0036729763650143266,0.0
episode_000002_000046,episode_000002,episode_000002,lift,46,progress_gate_zero_worse,0.0036729763650143266,0.0025001509710326913,0.0036729763650143266,0.0
episode_000002_000046,episode_000002,episode_000002,lift,46,progress_gate_worse_le_1,0.0036729763650143266,0.0025001509710326913,0.0036729763650143266,0.0
episode_000002_000046,episode_000002,episode_000002,lift,46,progress_gate_lambda,0.0036729763650143266,0.0025001509710326913,0.0036729763650143266,0.0
episode_000003_000000,episode_000003,episode_000003,hold,0,raw_no_correction,0.7749274330373217,0.032326011644880324,0.7749274330373217,0.0
episode_000003_000000,episode_000003,episode_000003,hold,0,progress_all,0.7749274330373217,0.032326011644880324,0.032326011644880324,0.7426014213924413
episode_000003_000000,episode_000003,episode_000003,hold,0,phase_gate_train,0.7749274330373217,0.032326011644880324,0.032326011644880324,0.7426014213924413
episode_000003_000000,episode_000003,episode_000003,hold,0,oracle_min_raw_progress,0.7749274330373217,0.032326011644880324,0.032326011644880324,0.7426014213924413
episode_000003_000000,episode_000003,episode_000003,hold,0,progress_gate_min_gap,0.7749274330373217,0.032326011644880324,0.032326011644880324,0.7426014213924413
episode_000003_000000,episode_000003,episode_000003,hold,0,progress_gate_zero_worse,0.7749274330373217,0.032326011644880324,0.032326011644880324,0.7426014213924413
episode_000003_000000,episode_000003,episode_000003,hold,0,progress_gate_worse_le_1,0.7749274330373217,0.032326011644880324,0.032326011644880324,0.7426014213924413
episode_000003_000000,episode_000003,episode_000003,hold,0,progress_gate_lambda,0.7749274330373217,0.032326011644880324,0.032326011644880324,0.7426014213924413
episode_000003_000001,episode_000003,episode_000003,hold,1,raw_no_correction,0.7817899435736606,0.037266494550519766,0.7817899435736606,0.0
episode_000003_000001,episode_000003,episode_000003,hold,1,progress_all,0.7817899435736606,0.037266494550519766,0.037266494550519766,0.7445234490231408
episode_000003_000001,episode_000003,episode_000003,hold,1,phase_gate_train,0.7817899435736606,0.037266494550519766,0.037266494550519766,0.7445234490231408
episode_000003_000001,episode_000003,episode_000003,hold,1,oracle_min_raw_progress,0.7817899435736606,0.037266494550519766,0.037266494550519766,0.7445234490231408
episode_000003_000001,episode_000003,episode_000003,hold,1,progress_gate_min_gap,0.7817899435736606,0.037266494550519766,0.037266494550519766,0.7445234490231408
episode_000003_000001,episode_000003,episode_000003,hold,1,progress_gate_zero_worse,0.7817899435736606,0.037266494550519766,0.037266494550519766,0.7445234490231408
episode_000003_000001,episode_000003,episode_000003,hold,1,progress_gate_worse_le_1,0.7817899435736606,0.037266494550519766,0.037266494550519766,0.7445234490231408
episode_000003_000001,episode_000003,episode_000003,hold,1,progress_gate_lambda,0.7817899435736606,0.037266494550519766,0.037266494550519766,0.7445234490231408
episode_000003_000002,episode_000003,episode_000003,alignment,2,raw_no_correction,0.7985193612151246,0.04039154844189208,0.7985193612151246,0.0
episode_000003_000002,episode_000003,episode_000003,alignment,2,progress_all,0.7985193612151246,0.04039154844189208,0.04039154844189208,0.7581278127732325
episode_000003_000002,episode_000003,episode_000003,alignment,2,phase_gate_train,0.7985193612151246,0.04039154844189208,0.04039154844189208,0.7581278127732325
episode_000003_000002,episode_000003,episode_000003,alignment,2,oracle_min_raw_progress,0.7985193612151246,0.04039154844189208,0.04039154844189208,0.7581278127732325
episode_000003_000002,episode_000003,episode_000003,alignment,2,progress_gate_min_gap,0.7985193612151246,0.04039154844189208,0.04039154844189208,0.7581278127732325
episode_000003_000002,episode_000003,episode_000003,alignment,2,progress_gate_zero_worse,0.7985193612151246,0.04039154844189208,0.04039154844189208,0.7581278127732325
episode_000003_000002,episode_000003,episode_000003,alignment,2,progress_gate_worse_le_1,0.7985193612151246,0.04039154844189208,0.04039154844189208,0.7581278127732325
episode_000003_000002,episode_000003,episode_000003,alignment,2,progress_gate_lambda,0.7985193612151246,0.04039154844189208,0.04039154844189208,0.7581278127732325
episode_000003_000003,episode_000003,episode_000003,alignment,3,raw_no_correction,0.8009906359891226,0.039477351026007246,0.8009906359891226,0.0
episode_000003_000003,episode_000003,episode_000003,alignment,3,progress_all,0.8009906359891226,0.039477351026007246,0.039477351026007246,0.7615132849631153
episode_000003_000003,episode_000003,episode_000003,alignment,3,phase_gate_train,0.8009906359891226,0.039477351026007246,0.039477351026007246,0.7615132849631153
episode_000003_000003,episode_000003,episode_000003,alignment,3,oracle_min_raw_progress,0.8009906359891226,0.039477351026007246,0.039477351026007246,0.7615132849631153
episode_000003_000003,episode_000003,episode_000003,alignment,3,progress_gate_min_gap,0.8009906359891226,0.039477351026007246,0.039477351026007246,0.7615132849631153
episode_000003_000003,episode_000003,episode_000003,alignment,3,progress_gate_zero_worse,0.8009906359891226,0.039477351026007246,0.039477351026007246,0.7615132849631153
episode_000003_000003,episode_000003,episode_000003,alignment,3,progress_gate_worse_le_1,0.8009906359891226,0.039477351026007246,0.039477351026007246,0.7615132849631153
episode_000003_000003,episode_000003,episode_000003,alignment,3,progress_gate_lambda,0.8009906359891226,0.039477351026007246,0.039477351026007246,0.7615132849631153
episode_000003_000004,episode_000003,episode_000003,alignment,4,raw_no_correction,0.8325618766273127,0.08547261347193003,0.8325618766273127,0.0
episode_000003_000004,episode_000003,episode_000003,alignment,4,progress_all,0.8325618766273127,0.08547261347193003,0.08547261347193003,0.7470892631553827
episode_000003_000004,episode_000003,episode_000003,alignment,4,phase_gate_train,0.8325618766273127,0.08547261347193003,0.08547261347193003,0.7470892631553827
episode_000003_000004,episode_000003,episode_000003,alignment,4,oracle_min_raw_progress,0.8325618766273127,0.08547261347193003,0.08547261347193003,0.7470892631553827
episode_000003_000004,episode_000003,episode_000003,alignment,4,progress_gate_min_gap,0.8325618766273127,0.08547261347193003,0.08547261347193003,0.7470892631553827
episode_000003_000004,episode_000003,episode_000003,alignment,4,progress_gate_zero_worse,0.8325618766273127,0.08547261347193003,0.08547261347193003,0.7470892631553827
episode_000003_000004,episode_000003,episode_000003,alignment,4,progress_gate_worse_le_1,0.8325618766273127,0.08547261347193003,0.08547261347193003,0.7470892631553827
episode_000003_000004,episode_000003,episode_000003,alignment,4,progress_gate_lambda,0.8325618766273127,0.08547261347193003,0.08547261347193003,0.7470892631553827
episode_000003_000005,episode_000003,episode_000003,alignment,5,raw_no_correction,0.8676748252215438,0.14242082863354444,0.8676748252215438,0.0
episode_000003_000005,episode_000003,episode_000003,alignment,5,progress_all,0.8676748252215438,0.14242082863354444,0.14242082863354444,0.7252539965879994
episode_000003_000005,episode_000003,episode_000003,alignment,5,phase_gate_train,0.8676748252215438,0.14242082863354444,0.14242082863354444,0.7252539965879994
episode_000003_000005,episode_000003,episode_000003,alignment,5,oracle_min_raw_progress,0.8676748252215438,0.14242082863354444,0.14242082863354444,0.7252539965879994
episode_000003_000005,episode_000003,episode_000003,alignment,5,progress_gate_min_gap,0.8676748252215438,0.14242082863354444,0.14242082863354444,0.7252539965879994
episode_000003_000005,episode_000003,episode_000003,alignment,5,progress_gate_zero_worse,0.8676748252215438,0.14242082863354444,0.14242082863354444,0.7252539965879994
episode_000003_000005,episode_000003,episode_000003,alignment,5,progress_gate_worse_le_1,0.8676748252215438,0.14242082863354444,0.14242082863354444,0.7252539965879994
episode_000003_000005,episode_000003,episode_000003,alignment,5,progress_gate_lambda,0.8676748252215438,0.14242082863354444,0.14242082863354444,0.7252539965879994
episode_000003_000006,episode_000003,episode_000003,alignment,6,raw_no_correction,0.8742216629104262,0.14181904751878832,0.8742216629104262,0.0
episode_000003_000006,episode_000003,episode_000003,alignment,6,progress_all,0.8742216629104262,0.14181904751878832,0.14181904751878832,0.7324026153916379
episode_000003_000006,episode_000003,episode_000003,alignment,6,phase_gate_train,0.8742216629104262,0.14181904751878832,0.14181904751878832,0.7324026153916379
episode_000003_000006,episode_000003,episode_000003,alignment,6,oracle_min_raw_progress,0.8742216629104262,0.14181904751878832,0.14181904751878832,0.7324026153916379
episode_000003_000006,episode_000003,episode_000003,alignment,6,progress_gate_min_gap,0.8742216629104262,0.14181904751878832,0.14181904751878832,0.7324026153916379
episode_000003_000006,episode_000003,episode_000003,alignment,6,progress_gate_zero_worse,0.8742216629104262,0.14181904751878832,0.14181904751878832,0.7324026153916379
episode_000003_000006,episode_000003,episode_000003,alignment,6,progress_gate_worse_le_1,0.8742216629104262,0.14181904751878832,0.14181904751878832,0.7324026153916379
episode_000003_000006,episode_000003,episode_000003,alignment,6,progress_gate_lambda,0.8742216629104262,0.14181904751878832,0.14181904751878832,0.7324026153916379
episode_000003_000007,episode_000003,episode_000003,alignment,7,raw_no_correction,0.8662467835689771,0.12136449174017834,0.8662467835689771,0.0
episode_000003_000007,episode_000003,episode_000003,alignment,7,progress_all,0.8662467835689771,0.12136449174017834,0.12136449174017834,0.7448822918287987
episode_000003_000007,episode_000003,episode_000003,alignment,7,phase_gate_train,0.8662467835689771,0.12136449174017834,0.12136449174017834,0.7448822918287987
episode_000003_000007,episode_000003,episode_000003,alignment,7,oracle_min_raw_progress,0.8662467835689771,0.12136449174017834,0.12136449174017834,0.7448822918287987
episode_000003_000007,episode_000003,episode_000003,alignment,7,progress_gate_min_gap,0.8662467835689771,0.12136449174017834,0.12136449174017834,0.7448822918287987
episode_000003_000007,episode_000003,episode_000003,alignment,7,progress_gate_zero_worse,0.8662467835689771,0.12136449174017834,0.12136449174017834,0.7448822918287987
episode_000003_000007,episode_000003,episode_000003,alignment,7,progress_gate_worse_le_1,0.8662467835689771,0.12136449174017834,0.12136449174017834,0.7448822918287987
episode_000003_000007,episode_000003,episode_000003,alignment,7,progress_gate_lambda,0.8662467835689771,0.12136449174017834,0.12136449174017834,0.7448822918287987
episode_000003_000008,episode_000003,episode_000003,alignment,8,raw_no_correction,0.9124958882702039,0.17852248495073103,0.9124958882702039,0.0
episode_000003_000008,episode_000003,episode_000003,alignment,8,progress_all,0.9124958882702039,0.17852248495073103,0.17852248495073103,0.7339734033194729
episode_000003_000008,episode_000003,episode_000003,alignment,8,phase_gate_train,0.9124958882702039,0.17852248495073103,0.17852248495073103,0.7339734033194729
episode_000003_000008,episode_000003,episode_000003,alignment,8,oracle_min_raw_progress,0.9124958882702039,0.17852248495073103,0.17852248495073103,0.7339734033194729
episode_000003_000008,episode_000003,episode_000003,alignment,8,progress_gate_min_gap,0.9124958882702039,0.17852248495073103,0.17852248495073103,0.7339734033194729
episode_000003_000008,episode_000003,episode_000003,alignment,8,progress_gate_zero_worse,0.9124958882702039,0.17852248495073103,0.17852248495073103,0.7339734033194729
episode_000003_000008,episode_000003,episode_000003,alignment,8,progress_gate_worse_le_1,0.9124958882702039,0.17852248495073103,0.17852248495073103,0.7339734033194729
episode_000003_000008,episode_000003,episode_000003,alignment,8,progress_gate_lambda,0.9124958882702039,0.17852248495073103,0.17852248495073103,0.7339734033194729
episode_000003_000009,episode_000003,episode_000003,alignment,9,raw_no_correction,0.8856330989123272,0.11786369102699745,0.8856330989123272,0.0
episode_000003_000009,episode_000003,episode_000003,alignment,9,progress_all,0.8856330989123272,0.11786369102699745,0.11786369102699745,0.7677694078853298
episode_000003_000009,episode_000003,episode_000003,alignment,9,phase_gate_train,0.8856330989123272,0.11786369102699745,0.11786369102699745,0.7677694078853298
episode_000003_000009,episode_000003,episode_000003,alignment,9,oracle_min_raw_progress,0.8856330989123272,0.11786369102699745,0.11786369102699745,0.7677694078853298
episode_000003_000009,episode_000003,episode_000003,alignment,9,progress_gate_min_gap,0.8856330989123272,0.11786369102699745,0.11786369102699745,0.7677694078853298
episode_000003_000009,episode_000003,episode_000003,alignment,9,progress_gate_zero_worse,0.8856330989123272,0.11786369102699745,0.11786369102699745,0.7677694078853298
episode_000003_000009,episode_000003,episode_000003,alignment,9,progress_gate_worse_le_1,0.8856330989123272,0.11786369102699745,0.11786369102699745,0.7677694078853298
episode_000003_000009,episode_000003,episode_000003,alignment,9,progress_gate_lambda,0.8856330989123272,0.11786369102699745,0.11786369102699745,0.7677694078853298
episode_000003_000010,episode_000003,episode_000003,alignment,10,raw_no_correction,0.8894640380904884,0.15474225345923362,0.8894640380904884,0.0
episode_000003_000010,episode_000003,episode_000003,alignment,10,progress_all,0.8894640380904884,0.15474225345923362,0.15474225345923362,0.7347217846312547
episode_000003_000010,episode_000003,episode_000003,alignment,10,phase_gate_train,0.8894640380904884,0.15474225345923362,0.15474225345923362,0.7347217846312547
episode_000003_000010,episode_000003,episode_000003,alignment,10,oracle_min_raw_progress,0.8894640380904884,0.15474225345923362,0.15474225345923362,0.7347217846312547
episode_000003_000010,episode_000003,episode_000003,alignment,10,progress_gate_min_gap,0.8894640380904884,0.15474225345923362,0.15474225345923362,0.7347217846312547
episode_000003_000010,episode_000003,episode_000003,alignment,10,progress_gate_zero_worse,0.8894640380904884,0.15474225345923362,0.15474225345923362,0.7347217846312547
episode_000003_000010,episode_000003,episode_000003,alignment,10,progress_gate_worse_le_1,0.8894640380904884,0.15474225345923362,0.15474225345923362,0.7347217846312547
episode_000003_000010,episode_000003,episode_000003,alignment,10,progress_gate_lambda,0.8894640380904884,0.15474225345923362,0.15474225345923362,0.7347217846312547
episode_000003_000011,episode_000003,episode_000003,alignment,11,raw_no_correction,0.9030475443959356,0.20872568549238793,0.9030475443959356,0.0
episode_000003_000011,episode_000003,episode_000003,alignment,11,progress_all,0.9030475443959356,0.20872568549238793,0.20872568549238793,0.6943218589035477
episode_000003_000011,episode_000003,episode_000003,alignment,11,phase_gate_train,0.9030475443959356,0.20872568549238793,0.20872568549238793,0.6943218589035477
episode_000003_000011,episode_000003,episode_000003,alignment,11,oracle_min_raw_progress,0.9030475443959356,0.20872568549238793,0.20872568549238793,0.6943218589035477
episode_000003_000011,episode_000003,episode_000003,alignment,11,progress_gate_min_gap,0.9030475443959356,0.20872568549238793,0.20872568549238793,0.6943218589035477
episode_000003_000011,episode_000003,episode_000003,alignment,11,progress_gate_zero_worse,0.9030475443959356,0.20872568549238793,0.20872568549238793,0.6943218589035477
episode_000003_000011,episode_000003,episode_000003,alignment,11,progress_gate_worse_le_1,0.9030475443959356,0.20872568549238793,0.20872568549238793,0.6943218589035477
episode_000003_000011,episode_000003,episode_000003,alignment,11,progress_gate_lambda,0.9030475443959356,0.20872568549238793,0.20872568549238793,0.6943218589035477
episode_000003_000012,episode_000003,episode_000003,alignment,12,raw_no_correction,0.850353797880708,0.10731380917957285,0.850353797880708,0.0
episode_000003_000012,episode_000003,episode_000003,alignment,12,progress_all,0.850353797880708,0.10731380917957285,0.10731380917957285,0.7430399887011351
episode_000003_000012,episode_000003,episode_000003,alignment,12,phase_gate_train,0.850353797880708,0.10731380917957285,0.10731380917957285,0.7430399887011351
episode_000003_000012,episode_000003,episode_000003,alignment,12,oracle_min_raw_progress,0.850353797880708,0.10731380917957285,0.10731380917957285,0.7430399887011351
episode_000003_000012,episode_000003,episode_000003,alignment,12,progress_gate_min_gap,0.850353797880708,0.10731380917957285,0.10731380917957285,0.7430399887011351
episode_000003_000012,episode_000003,episode_000003,alignment,12,progress_gate_zero_worse,0.850353797880708,0.10731380917957285,0.10731380917957285,0.7430399887011351
episode_000003_000012,episode_000003,episode_000003,alignment,12,progress_gate_worse_le_1,0.850353797880708,0.10731380917957285,0.10731380917957285,0.7430399887011351
episode_000003_000012,episode_000003,episode_000003,alignment,12,progress_gate_lambda,0.850353797880708,0.10731380917957285,0.10731380917957285,0.7430399887011351
episode_000003_000013,episode_000003,episode_000003,alignment,13,raw_no_correction,0.788622731482387,0.0650559583344149,0.788622731482387,0.0
episode_000003_000013,episode_000003,episode_000003,alignment,13,progress_all,0.788622731482387,0.0650559583344149,0.0650559583344149,0.7235667731479721
episode_000003_000013,episode_000003,episode_000003,alignment,13,phase_gate_train,0.788622731482387,0.0650559583344149,0.0650559583344149,0.7235667731479721
episode_000003_000013,episode_000003,episode_000003,alignment,13,oracle_min_raw_progress,0.788622731482387,0.0650559583344149,0.0650559583344149,0.7235667731479721
episode_000003_000013,episode_000003,episode_000003,alignment,13,progress_gate_min_gap,0.788622731482387,0.0650559583344149,0.0650559583344149,0.7235667731479721
episode_000003_000013,episode_000003,episode_000003,alignment,13,progress_gate_zero_worse,0.788622731482387,0.0650559583344149,0.0650559583344149,0.7235667731479721
episode_000003_000013,episode_000003,episode_000003,alignment,13,progress_gate_worse_le_1,0.788622731482387,0.0650559583344149,0.0650559583344149,0.7235667731479721
episode_000003_000013,episode_000003,episode_000003,alignment,13,progress_gate_lambda,0.788622731482387,0.0650559583344149,0.0650559583344149,0.7235667731479721
episode_000003_000014,episode_000003,episode_000003,alignment,14,raw_no_correction,0.7546514743794472,0.07036624150943269,0.7546514743794472,0.0
episode_000003_000014,episode_000003,episode_000003,alignment,14,progress_all,0.7546514743794472,0.07036624150943269,0.07036624150943269,0.6842852328700145
episode_000003_000014,episode_000003,episode_000003,alignment,14,phase_gate_train,0.7546514743794472,0.07036624150943269,0.07036624150943269,0.6842852328700145
episode_000003_000014,episode_000003,episode_000003,alignment,14,oracle_min_raw_progress,0.7546514743794472,0.07036624150943269,0.07036624150943269,0.6842852328700145
episode_000003_000014,episode_000003,episode_000003,alignment,14,progress_gate_min_gap,0.7546514743794472,0.07036624150943269,0.07036624150943269,0.6842852328700145
episode_000003_000014,episode_000003,episode_000003,alignment,14,progress_gate_zero_worse,0.7546514743794472,0.07036624150943269,0.07036624150943269,0.6842852328700145
episode_000003_000014,episode_000003,episode_000003,alignment,14,progress_gate_worse_le_1,0.7546514743794472,0.07036624150943269,0.07036624150943269,0.6842852328700145
episode_000003_000014,episode_000003,episode_000003,alignment,14,progress_gate_lambda,0.7546514743794472,0.07036624150943269,0.07036624150943269,0.6842852328700145
episode_000003_000015,episode_000003,episode_000003,alignment,15,raw_no_correction,0.7582813618359971,0.23336914189341784,0.7582813618359971,0.0
episode_000003_000015,episode_000003,episode_000003,alignment,15,progress_all,0.7582813618359971,0.23336914189341784,0.23336914189341784,0.5249122199425793
episode_000003_000015,episode_000003,episode_000003,alignment,15,phase_gate_train,0.7582813618359971,0.23336914189341784,0.23336914189341784,0.5249122199425793
episode_000003_000015,episode_000003,episode_000003,alignment,15,oracle_min_raw_progress,0.7582813618359971,0.23336914189341784,0.23336914189341784,0.5249122199425793
episode_000003_000015,episode_000003,episode_000003,alignment,15,progress_gate_min_gap,0.7582813618359971,0.23336914189341784,0.23336914189341784,0.5249122199425793
episode_000003_000015,episode_000003,episode_000003,alignment,15,progress_gate_zero_worse,0.7582813618359971,0.23336914189341784,0.23336914189341784,0.5249122199425793
episode_000003_000015,episode_000003,episode_000003,alignment,15,progress_gate_worse_le_1,0.7582813618359971,0.23336914189341784,0.23336914189341784,0.5249122199425793
episode_000003_000015,episode_000003,episode_000003,alignment,15,progress_gate_lambda,0.7582813618359971,0.23336914189341784,0.23336914189341784,0.5249122199425793
episode_000003_000016,episode_000003,episode_000003,alignment,16,raw_no_correction,0.7111615948778044,0.2651162990091448,0.7111615948778044,0.0
episode_000003_000016,episode_000003,episode_000003,alignment,16,progress_all,0.7111615948778044,0.2651162990091448,0.2651162990091448,0.4460452958686596
episode_000003_000016,episode_000003,episode_000003,alignment,16,phase_gate_train,0.7111615948778044,0.2651162990091448,0.2651162990091448,0.4460452958686596
episode_000003_000016,episode_000003,episode_000003,alignment,16,oracle_min_raw_progress,0.7111615948778044,0.2651162990091448,0.2651162990091448,0.4460452958686596
episode_000003_000016,episode_000003,episode_000003,alignment,16,progress_gate_min_gap,0.7111615948778044,0.2651162990091448,0.2651162990091448,0.4460452958686596
episode_000003_000016,episode_000003,episode_000003,alignment,16,progress_gate_zero_worse,0.7111615948778044,0.2651162990091448,0.2651162990091448,0.4460452958686596
episode_000003_000016,episode_000003,episode_000003,alignment,16,progress_gate_worse_le_1,0.7111615948778044,0.2651162990091448,0.2651162990091448,0.4460452958686596
episode_000003_000016,episode_000003,episode_000003,alignment,16,progress_gate_lambda,0.7111615948778044,0.2651162990091448,0.2651162990091448,0.4460452958686596
episode_000003_000017,episode_000003,episode_000003,alignment,17,raw_no_correction,0.725590283383047,0.3076378685559708,0.725590283383047,0.0
episode_000003_000017,episode_000003,episode_000003,alignment,17,progress_all,0.725590283383047,0.3076378685559708,0.3076378685559708,0.4179524148270762
episode_000003_000017,episode_000003,episode_000003,alignment,17,phase_gate_train,0.725590283383047,0.3076378685559708,0.3076378685559708,0.4179524148270762
episode_000003_000017,episode_000003,episode_000003,alignment,17,oracle_min_raw_progress,0.725590283383047,0.3076378685559708,0.3076378685559708,0.4179524148270762
episode_000003_000017,episode_000003,episode_000003,alignment,17,progress_gate_min_gap,0.725590283383047,0.3076378685559708,0.3076378685559708,0.4179524148270762
episode_000003_000017,episode_000003,episode_000003,alignment,17,progress_gate_zero_worse,0.725590283383047,0.3076378685559708,0.3076378685559708,0.4179524148270762
episode_000003_000017,episode_000003,episode_000003,alignment,17,progress_gate_worse_le_1,0.725590283383047,0.3076378685559708,0.3076378685559708,0.4179524148270762
episode_000003_000017,episode_000003,episode_000003,alignment,17,progress_gate_lambda,0.725590283383047,0.3076378685559708,0.3076378685559708,0.4179524148270762
episode_000003_000018,episode_000003,episode_000003,descent_to_grasp,18,raw_no_correction,0.7297248322463885,0.3053734160769117,0.7297248322463885,0.0
episode_000003_000018,episode_000003,episode_000003,descent_to_grasp,18,progress_all,0.7297248322463885,0.3053734160769117,0.3053734160769117,0.4243514161694768
episode_000003_000018,episode_000003,episode_000003,descent_to_grasp,18,phase_gate_train,0.7297248322463885,0.3053734160769117,0.3053734160769117,0.4243514161694768
episode_000003_000018,episode_000003,episode_000003,descent_to_grasp,18,oracle_min_raw_progress,0.7297248322463885,0.3053734160769117,0.3053734160769117,0.4243514161694768
episode_000003_000018,episode_000003,episode_000003,descent_to_grasp,18,progress_gate_min_gap,0.7297248322463885,0.3053734160769117,0.3053734160769117,0.4243514161694768
episode_000003_000018,episode_000003,episode_000003,descent_to_grasp,18,progress_gate_zero_worse,0.7297248322463885,0.3053734160769117,0.3053734160769117,0.4243514161694768
episode_000003_000018,episode_000003,episode_000003,descent_to_grasp,18,progress_gate_worse_le_1,0.7297248322463885,0.3053734160769117,0.3053734160769117,0.4243514161694768
episode_000003_000018,episode_000003,episode_000003,descent_to_grasp,18,progress_gate_lambda,0.7297248322463885,0.3053734160769117,0.3053734160769117,0.4243514161694768
episode_000003_000019,episode_000003,episode_000003,descent_to_grasp,19,raw_no_correction,0.7335851114767452,0.27408649558337644,0.7335851114767452,0.0
episode_000003_000019,episode_000003,episode_000003,descent_to_grasp,19,progress_all,0.7335851114767452,0.27408649558337644,0.27408649558337644,0.45949861589336877
episode_000003_000019,episode_000003,episode_000003,descent_to_grasp,19,phase_gate_train,0.7335851114767452,0.27408649558337644,0.27408649558337644,0.45949861589336877
episode_000003_000019,episode_000003,episode_000003,descent_to_grasp,19,oracle_min_raw_progress,0.7335851114767452,0.27408649558337644,0.27408649558337644,0.45949861589336877
episode_000003_000019,episode_000003,episode_000003,descent_to_grasp,19,progress_gate_min_gap,0.7335851114767452,0.27408649558337644,0.27408649558337644,0.45949861589336877
episode_000003_000019,episode_000003,episode_000003,descent_to_grasp,19,progress_gate_zero_worse,0.7335851114767452,0.27408649558337644,0.27408649558337644,0.45949861589336877
episode_000003_000019,episode_000003,episode_000003,descent_to_grasp,19,progress_gate_worse_le_1,0.7335851114767452,0.27408649558337644,0.27408649558337644,0.45949861589336877
episode_000003_000019,episode_000003,episode_000003,descent_to_grasp,19,progress_gate_lambda,0.7335851114767452,0.27408649558337644,0.27408649558337644,0.45949861589336877
episode_000003_000020,episode_000003,episode_000003,descent_to_grasp,20,raw_no_correction,0.7448724745738824,0.2419707953441658,0.7448724745738824,0.0
episode_000003_000020,episode_000003,episode_000003,descent_to_grasp,20,progress_all,0.7448724745738824,0.2419707953441658,0.2419707953441658,0.5029016792297166
episode_000003_000020,episode_000003,episode_000003,descent_to_grasp,20,phase_gate_train,0.7448724745738824,0.2419707953441658,0.2419707953441658,0.5029016792297166
episode_000003_000020,episode_000003,episode_000003,descent_to_grasp,20,oracle_min_raw_progress,0.7448724745738824,0.2419707953441658,0.2419707953441658,0.5029016792297166
episode_000003_000020,episode_000003,episode_000003,descent_to_grasp,20,progress_gate_min_gap,0.7448724745738824,0.2419707953441658,0.2419707953441658,0.5029016792297166
episode_000003_000020,episode_000003,episode_000003,descent_to_grasp,20,progress_gate_zero_worse,0.7448724745738824,0.2419707953441658,0.2419707953441658,0.5029016792297166
episode_000003_000020,episode_000003,episode_000003,descent_to_grasp,20,progress_gate_worse_le_1,0.7448724745738824,0.2419707953441658,0.2419707953441658,0.5029016792297166
episode_000003_000020,episode_000003,episode_000003,descent_to_grasp,20,progress_gate_lambda,0.7448724745738824,0.2419707953441658,0.2419707953441658,0.5029016792297166
episode_000003_000021,episode_000003,episode_000003,descent_to_grasp,21,raw_no_correction,0.6964008535619836,0.2967454817534762,0.6964008535619836,0.0
episode_000003_000021,episode_000003,episode_000003,descent_to_grasp,21,progress_all,0.6964008535619836,0.2967454817534762,0.2967454817534762,0.39965537180850735
episode_000003_000021,episode_000003,episode_000003,descent_to_grasp,21,phase_gate_train,0.6964008535619836,0.2967454817534762,0.2967454817534762,0.39965537180850735
episode_000003_000021,episode_000003,episode_000003,descent_to_grasp,21,oracle_min_raw_progress,0.6964008535619836,0.2967454817534762,0.2967454817534762,0.39965537180850735
episode_000003_000021,episode_000003,episode_000003,descent_to_grasp,21,progress_gate_min_gap,0.6964008535619836,0.2967454817534762,0.2967454817534762,0.39965537180850735
episode_000003_000021,episode_000003,episode_000003,descent_to_grasp,21,progress_gate_zero_worse,0.6964008535619836,0.2967454817534762,0.2967454817534762,0.39965537180850735
episode_000003_000021,episode_000003,episode_000003,descent_to_grasp,21,progress_gate_worse_le_1,0.6964008535619836,0.2967454817534762,0.2967454817534762,0.39965537180850735
episode_000003_000021,episode_000003,episode_000003,descent_to_grasp,21,progress_gate_lambda,0.6964008535619836,0.2967454817534762,0.2967454817534762,0.39965537180850735
episode_000003_000022,episode_000003,episode_000003,descent_to_grasp,22,raw_no_correction,0.46884903379281173,0.21979168296094195,0.46884903379281173,0.0
episode_000003_000022,episode_000003,episode_000003,descent_to_grasp,22,progress_all,0.46884903379281173,0.21979168296094195,0.21979168296094195,0.24905735083186978
episode_000003_000022,episode_000003,episode_000003,descent_to_grasp,22,phase_gate_train,0.46884903379281173,0.21979168296094195,0.21979168296094195,0.24905735083186978
episode_000003_000022,episode_000003,episode_000003,descent_to_grasp,22,oracle_min_raw_progress,0.46884903379281173,0.21979168296094195,0.21979168296094195,0.24905735083186978
episode_000003_000022,episode_000003,episode_000003,descent_to_grasp,22,progress_gate_min_gap,0.46884903379281173,0.21979168296094195,0.21979168296094195,0.24905735083186978
episode_000003_000022,episode_000003,episode_000003,descent_to_grasp,22,progress_gate_zero_worse,0.46884903379281173,0.21979168296094195,0.46884903379281173,0.0
episode_000003_000022,episode_000003,episode_000003,descent_to_grasp,22,progress_gate_worse_le_1,0.46884903379281173,0.21979168296094195,0.21979168296094195,0.24905735083186978
episode_000003_000022,episode_000003,episode_000003,descent_to_grasp,22,progress_gate_lambda,0.46884903379281173,0.21979168296094195,0.21979168296094195,0.24905735083186978
episode_000003_000023,episode_000003,episode_000003,descent_to_grasp,23,raw_no_correction,0.23685542633069684,0.20348696622186319,0.23685542633069684,0.0
episode_000003_000023,episode_000003,episode_000003,descent_to_grasp,23,progress_all,0.23685542633069684,0.20348696622186319,0.20348696622186319,0.03336846010883365
episode_000003_000023,episode_000003,episode_000003,descent_to_grasp,23,phase_gate_train,0.23685542633069684,0.20348696622186319,0.20348696622186319,0.03336846010883365
episode_000003_000023,episode_000003,episode_000003,descent_to_grasp,23,oracle_min_raw_progress,0.23685542633069684,0.20348696622186319,0.20348696622186319,0.03336846010883365
episode_000003_000023,episode_000003,episode_000003,descent_to_grasp,23,progress_gate_min_gap,0.23685542633069684,0.20348696622186319,0.20348696622186319,0.03336846010883365
episode_000003_000023,episode_000003,episode_000003,descent_to_grasp,23,progress_gate_zero_worse,0.23685542633069684,0.20348696622186319,0.23685542633069684,0.0
episode_000003_000023,episode_000003,episode_000003,descent_to_grasp,23,progress_gate_worse_le_1,0.23685542633069684,0.20348696622186319,0.20348696622186319,0.03336846010883365
episode_000003_000023,episode_000003,episode_000003,descent_to_grasp,23,progress_gate_lambda,0.23685542633069684,0.20348696622186319,0.20348696622186319,0.03336846010883365
episode_000003_000024,episode_000003,episode_000003,descent_to_grasp,24,raw_no_correction,0.13361621433475948,0.09951117311542071,0.13361621433475948,0.0
episode_000003_000024,episode_000003,episode_000003,descent_to_grasp,24,progress_all,0.13361621433475948,0.09951117311542071,0.09951117311542071,0.03410504121933877
episode_000003_000024,episode_000003,episode_000003,descent_to_grasp,24,phase_gate_train,0.13361621433475948,0.09951117311542071,0.09951117311542071,0.03410504121933877
episode_000003_000024,episode_000003,episode_000003,descent_to_grasp,24,oracle_min_raw_progress,0.13361621433475948,0.09951117311542071,0.09951117311542071,0.03410504121933877
episode_000003_000024,episode_000003,episode_000003,descent_to_grasp,24,progress_gate_min_gap,0.13361621433475948,0.09951117311542071,0.09951117311542071,0.03410504121933877
episode_000003_000024,episode_000003,episode_000003,descent_to_grasp,24,progress_gate_zero_worse,0.13361621433475948,0.09951117311542071,0.13361621433475948,0.0
episode_000003_000024,episode_000003,episode_000003,descent_to_grasp,24,progress_gate_worse_le_1,0.13361621433475948,0.09951117311542071,0.09951117311542071,0.03410504121933877
episode_000003_000024,episode_000003,episode_000003,descent_to_grasp,24,progress_gate_lambda,0.13361621433475948,0.09951117311542071,0.09951117311542071,0.03410504121933877
episode_000003_000025,episode_000003,episode_000003,descent_to_grasp,25,raw_no_correction,0.10173371014348767,0.07938371846443273,0.10173371014348767,0.0
episode_000003_000025,episode_000003,episode_000003,descent_to_grasp,25,progress_all,0.10173371014348767,0.07938371846443273,0.07938371846443273,0.022349991679054937
episode_000003_000025,episode_000003,episode_000003,descent_to_grasp,25,phase_gate_train,0.10173371014348767,0.07938371846443273,0.07938371846443273,0.022349991679054937
episode_000003_000025,episode_000003,episode_000003,descent_to_grasp,25,oracle_min_raw_progress,0.10173371014348767,0.07938371846443273,0.07938371846443273,0.022349991679054937
episode_000003_000025,episode_000003,episode_000003,descent_to_grasp,25,progress_gate_min_gap,0.10173371014348767,0.07938371846443273,0.07938371846443273,0.022349991679054937
episode_000003_000025,episode_000003,episode_000003,descent_to_grasp,25,progress_gate_zero_worse,0.10173371014348767,0.07938371846443273,0.10173371014348767,0.0
episode_000003_000025,episode_000003,episode_000003,descent_to_grasp,25,progress_gate_worse_le_1,0.10173371014348767,0.07938371846443273,0.10173371014348767,0.0
episode_000003_000025,episode_000003,episode_000003,descent_to_grasp,25,progress_gate_lambda,0.10173371014348767,0.07938371846443273,0.10173371014348767,0.0
episode_000003_000026,episode_000003,episode_000003,grasp_close,26,raw_no_correction,0.015263721451791565,0.029383513771006065,0.015263721451791565,0.0
episode_000003_000026,episode_000003,episode_000003,grasp_close,26,progress_all,0.015263721451791565,0.029383513771006065,0.029383513771006065,-0.0141197923192145
episode_000003_000026,episode_000003,episode_000003,grasp_close,26,phase_gate_train,0.015263721451791565,0.029383513771006065,0.015263721451791565,0.0
episode_000003_000026,episode_000003,episode_000003,grasp_close,26,oracle_min_raw_progress,0.015263721451791565,0.029383513771006065,0.015263721451791565,0.0
episode_000003_000026,episode_000003,episode_000003,grasp_close,26,progress_gate_min_gap,0.015263721451791565,0.029383513771006065,0.029383513771006065,-0.0141197923192145
episode_000003_000026,episode_000003,episode_000003,grasp_close,26,progress_gate_zero_worse,0.015263721451791565,0.029383513771006065,0.015263721451791565,0.0
episode_000003_000026,episode_000003,episode_000003,grasp_close,26,progress_gate_worse_le_1,0.015263721451791565,0.029383513771006065,0.015263721451791565,0.0
episode_000003_000026,episode_000003,episode_000003,grasp_close,26,progress_gate_lambda,0.015263721451791565,0.029383513771006065,0.015263721451791565,0.0
episode_000003_000027,episode_000003,episode_000003,grasp_close,27,raw_no_correction,0.007680903614526988,0.012567097911323414,0.007680903614526988,0.0
episode_000003_000027,episode_000003,episode_000003,grasp_close,27,progress_all,0.007680903614526988,0.012567097911323414,0.012567097911323414,-0.004886194296796426
episode_000003_000027,episode_000003,episode_000003,grasp_close,27,phase_gate_train,0.007680903614526988,0.012567097911323414,0.007680903614526988,0.0
episode_000003_000027,episode_000003,episode_000003,grasp_close,27,oracle_min_raw_progress,0.007680903614526988,0.012567097911323414,0.007680903614526988,0.0
episode_000003_000027,episode_000003,episode_000003,grasp_close,27,progress_gate_min_gap,0.007680903614526988,0.012567097911323414,0.012567097911323414,-0.004886194296796426
episode_000003_000027,episode_000003,episode_000003,grasp_close,27,progress_gate_zero_worse,0.007680903614526988,0.012567097911323414,0.007680903614526988,0.0
episode_000003_000027,episode_000003,episode_000003,grasp_close,27,progress_gate_worse_le_1,0.007680903614526988,0.012567097911323414,0.007680903614526988,0.0
episode_000003_000027,episode_000003,episode_000003,grasp_close,27,progress_gate_lambda,0.007680903614526988,0.012567097911323414,0.007680903614526988,0.0
episode_000003_000028,episode_000003,episode_000003,grasp_close,28,raw_no_correction,0.004372540221307649,0.005817674407622694,0.004372540221307649,0.0
episode_000003_000028,episode_000003,episode_000003,grasp_close,28,progress_all,0.004372540221307649,0.005817674407622694,0.005817674407622694,-0.0014451341863150457
episode_000003_000028,episode_000003,episode_000003,grasp_close,28,phase_gate_train,0.004372540221307649,0.005817674407622694,0.004372540221307649,0.0
episode_000003_000028,episode_000003,episode_000003,grasp_close,28,oracle_min_raw_progress,0.004372540221307649,0.005817674407622694,0.004372540221307649,0.0
episode_000003_000028,episode_000003,episode_000003,grasp_close,28,progress_gate_min_gap,0.004372540221307649,0.005817674407622694,0.005817674407622694,-0.0014451341863150457
episode_000003_000028,episode_000003,episode_000003,grasp_close,28,progress_gate_zero_worse,0.004372540221307649,0.005817674407622694,0.004372540221307649,0.0
episode_000003_000028,episode_000003,episode_000003,grasp_close,28,progress_gate_worse_le_1,0.004372540221307649,0.005817674407622694,0.004372540221307649,0.0
episode_000003_000028,episode_000003,episode_000003,grasp_close,28,progress_gate_lambda,0.004372540221307649,0.005817674407622694,0.004372540221307649,0.0
episode_000003_000029,episode_000003,episode_000003,grasp_close,29,raw_no_correction,0.003487735485515532,0.0035943843456717564,0.003487735485515532,0.0
episode_000003_000029,episode_000003,episode_000003,grasp_close,29,progress_all,0.003487735485515532,0.0035943843456717564,0.0035943843456717564,-0.00010664886015622444
episode_000003_000029,episode_000003,episode_000003,grasp_close,29,phase_gate_train,0.003487735485515532,0.0035943843456717564,0.003487735485515532,0.0
episode_000003_000029,episode_000003,episode_000003,grasp_close,29,oracle_min_raw_progress,0.003487735485515532,0.0035943843456717564,0.003487735485515532,0.0
episode_000003_000029,episode_000003,episode_000003,grasp_close,29,progress_gate_min_gap,0.003487735485515532,0.0035943843456717564,0.0035943843456717564,-0.00010664886015622444
episode_000003_000029,episode_000003,episode_000003,grasp_close,29,progress_gate_zero_worse,0.003487735485515532,0.0035943843456717564,0.003487735485515532,0.0
episode_000003_000029,episode_000003,episode_000003,grasp_close,29,progress_gate_worse_le_1,0.003487735485515532,0.0035943843456717564,0.003487735485515532,0.0
episode_000003_000029,episode_000003,episode_000003,grasp_close,29,progress_gate_lambda,0.003487735485515532,0.0035943843456717564,0.003487735485515532,0.0
episode_000003_000030,episode_000003,episode_000003,grasp_close,30,raw_no_correction,0.003537693695778411,0.002855596732069155,0.003537693695778411,0.0
episode_000003_000030,episode_000003,episode_000003,grasp_close,30,progress_all,0.003537693695778411,0.002855596732069155,0.002855596732069155,0.0006820969637092562
episode_000003_000030,episode_000003,episode_000003,grasp_close,30,phase_gate_train,0.003537693695778411,0.002855596732069155,0.003537693695778411,0.0
episode_000003_000030,episode_000003,episode_000003,grasp_close,30,oracle_min_raw_progress,0.003537693695778411,0.002855596732069155,0.002855596732069155,0.0006820969637092562
episode_000003_000030,episode_000003,episode_000003,grasp_close,30,progress_gate_min_gap,0.003537693695778411,0.002855596732069155,0.002855596732069155,0.0006820969637092562
episode_000003_000030,episode_000003,episode_000003,grasp_close,30,progress_gate_zero_worse,0.003537693695778411,0.002855596732069155,0.003537693695778411,0.0
episode_000003_000030,episode_000003,episode_000003,grasp_close,30,progress_gate_worse_le_1,0.003537693695778411,0.002855596732069155,0.003537693695778411,0.0
episode_000003_000030,episode_000003,episode_000003,grasp_close,30,progress_gate_lambda,0.003537693695778411,0.002855596732069155,0.003537693695778411,0.0
episode_000003_000031,episode_000003,episode_000003,grasp_close,31,raw_no_correction,0.003581783461861621,0.002169964932139342,0.003581783461861621,0.0
episode_000003_000031,episode_000003,episode_000003,grasp_close,31,progress_all,0.003581783461861621,0.002169964932139342,0.002169964932139342,0.0014118185297222786
episode_000003_000031,episode_000003,episode_000003,grasp_close,31,phase_gate_train,0.003581783461861621,0.002169964932139342,0.003581783461861621,0.0
episode_000003_000031,episode_000003,episode_000003,grasp_close,31,oracle_min_raw_progress,0.003581783461861621,0.002169964932139342,0.002169964932139342,0.0014118185297222786
episode_000003_000031,episode_000003,episode_000003,grasp_close,31,progress_gate_min_gap,0.003581783461861621,0.002169964932139342,0.002169964932139342,0.0014118185297222786
episode_000003_000031,episode_000003,episode_000003,grasp_close,31,progress_gate_zero_worse,0.003581783461861621,0.002169964932139342,0.003581783461861621,0.0
episode_000003_000031,episode_000003,episode_000003,grasp_close,31,progress_gate_worse_le_1,0.003581783461861621,0.002169964932139342,0.003581783461861621,0.0
episode_000003_000031,episode_000003,episode_000003,grasp_close,31,progress_gate_lambda,0.003581783461861621,0.002169964932139342,0.003581783461861621,0.0
episode_000003_000032,episode_000003,episode_000003,grasp_close,32,raw_no_correction,0.003399165339395216,0.0016374455523344334,0.003399165339395216,0.0
episode_000003_000032,episode_000003,episode_000003,grasp_close,32,progress_all,0.003399165339395216,0.0016374455523344334,0.0016374455523344334,0.0017617197870607826
episode_000003_000032,episode_000003,episode_000003,grasp_close,32,phase_gate_train,0.003399165339395216,0.0016374455523344334,0.003399165339395216,0.0
episode_000003_000032,episode_000003,episode_000003,grasp_close,32,oracle_min_raw_progress,0.003399165339395216,0.0016374455523344334,0.0016374455523344334,0.0017617197870607826
episode_000003_000032,episode_000003,episode_000003,grasp_close,32,progress_gate_min_gap,0.003399165339395216,0.0016374455523344334,0.0016374455523344334,0.0017617197870607826
episode_000003_000032,episode_000003,episode_000003,grasp_close,32,progress_gate_zero_worse,0.003399165339395216,0.0016374455523344334,0.003399165339395216,0.0
episode_000003_000032,episode_000003,episode_000003,grasp_close,32,progress_gate_worse_le_1,0.003399165339395216,0.0016374455523344334,0.003399165339395216,0.0
episode_000003_000032,episode_000003,episode_000003,grasp_close,32,progress_gate_lambda,0.003399165339395216,0.0016374455523344334,0.003399165339395216,0.0
episode_000003_000033,episode_000003,episode_000003,grasp_close,33,raw_no_correction,0.0033551925494431896,0.0014467097134225042,0.0033551925494431896,0.0
episode_000003_000033,episode_000003,episode_000003,grasp_close,33,progress_all,0.0033551925494431896,0.0014467097134225042,0.0014467097134225042,0.0019084828360206854
episode_000003_000033,episode_000003,episode_000003,grasp_close,33,phase_gate_train,0.0033551925494431896,0.0014467097134225042,0.0033551925494431896,0.0
episode_000003_000033,episode_000003,episode_000003,grasp_close,33,oracle_min_raw_progress,0.0033551925494431896,0.0014467097134225042,0.0014467097134225042,0.0019084828360206854
episode_000003_000033,episode_000003,episode_000003,grasp_close,33,progress_gate_min_gap,0.0033551925494431896,0.0014467097134225042,0.0014467097134225042,0.0019084828360206854
episode_000003_000033,episode_000003,episode_000003,grasp_close,33,progress_gate_zero_worse,0.0033551925494431896,0.0014467097134225042,0.0033551925494431896,0.0
episode_000003_000033,episode_000003,episode_000003,grasp_close,33,progress_gate_worse_le_1,0.0033551925494431896,0.0014467097134225042,0.0033551925494431896,0.0
episode_000003_000033,episode_000003,episode_000003,grasp_close,33,progress_gate_lambda,0.0033551925494431896,0.0014467097134225042,0.0033551925494431896,0.0
episode_000003_000034,episode_000003,episode_000003,grasp_close,34,raw_no_correction,0.003466171830611213,0.0016136330966920714,0.003466171830611213,0.0
episode_000003_000034,episode_000003,episode_000003,grasp_close,34,progress_all,0.003466171830611213,0.0016136330966920714,0.0016136330966920714,0.0018525387339191418
episode_000003_000034,episode_000003,episode_000003,grasp_close,34,phase_gate_train,0.003466171830611213,0.0016136330966920714,0.003466171830611213,0.0
episode_000003_000034,episode_000003,episode_000003,grasp_close,34,oracle_min_raw_progress,0.003466171830611213,0.0016136330966920714,0.0016136330966920714,0.0018525387339191418
episode_000003_000034,episode_000003,episode_000003,grasp_close,34,progress_gate_min_gap,0.003466171830611213,0.0016136330966920714,0.0016136330966920714,0.0018525387339191418
episode_000003_000034,episode_000003,episode_000003,grasp_close,34,progress_gate_zero_worse,0.003466171830611213,0.0016136330966920714,0.003466171830611213,0.0
episode_000003_000034,episode_000003,episode_000003,grasp_close,34,progress_gate_worse_le_1,0.003466171830611213,0.0016136330966920714,0.003466171830611213,0.0
episode_000003_000034,episode_000003,episode_000003,grasp_close,34,progress_gate_lambda,0.003466171830611213,0.0016136330966920714,0.003466171830611213,0.0
episode_000003_000035,episode_000003,episode_000003,grasp_close,35,raw_no_correction,0.0034808149474870606,0.0017792649408007858,0.0034808149474870606,0.0
episode_000003_000035,episode_000003,episode_000003,grasp_close,35,progress_all,0.0034808149474870606,0.0017792649408007858,0.0017792649408007858,0.0017015500066862748
episode_000003_000035,episode_000003,episode_000003,grasp_close,35,phase_gate_train,0.0034808149474870606,0.0017792649408007858,0.0034808149474870606,0.0
episode_000003_000035,episode_000003,episode_000003,grasp_close,35,oracle_min_raw_progress,0.0034808149474870606,0.0017792649408007858,0.0017792649408007858,0.0017015500066862748
episode_000003_000035,episode_000003,episode_000003,grasp_close,35,progress_gate_min_gap,0.0034808149474870606,0.0017792649408007858,0.0017792649408007858,0.0017015500066862748
episode_000003_000035,episode_000003,episode_000003,grasp_close,35,progress_gate_zero_worse,0.0034808149474870606,0.0017792649408007858,0.0034808149474870606,0.0
episode_000003_000035,episode_000003,episode_000003,grasp_close,35,progress_gate_worse_le_1,0.0034808149474870606,0.0017792649408007858,0.0034808149474870606,0.0
episode_000003_000035,episode_000003,episode_000003,grasp_close,35,progress_gate_lambda,0.0034808149474870606,0.0017792649408007858,0.0034808149474870606,0.0
episode_000003_000036,episode_000003,episode_000003,lift,36,raw_no_correction,0.0036434440065374074,0.002171142761436041,0.0036434440065374074,0.0
episode_000003_000036,episode_000003,episode_000003,lift,36,progress_all,0.0036434440065374074,0.002171142761436041,0.002171142761436041,0.0014723012451013664
episode_000003_000036,episode_000003,episode_000003,lift,36,phase_gate_train,0.0036434440065374074,0.002171142761436041,0.002171142761436041,0.0014723012451013664
episode_000003_000036,episode_000003,episode_000003,lift,36,oracle_min_raw_progress,0.0036434440065374074,0.002171142761436041,0.002171142761436041,0.0014723012451013664
episode_000003_000036,episode_000003,episode_000003,lift,36,progress_gate_min_gap,0.0036434440065374074,0.002171142761436041,0.002171142761436041,0.0014723012451013664
episode_000003_000036,episode_000003,episode_000003,lift,36,progress_gate_zero_worse,0.0036434440065374074,0.002171142761436041,0.0036434440065374074,0.0
episode_000003_000036,episode_000003,episode_000003,lift,36,progress_gate_worse_le_1,0.0036434440065374074,0.002171142761436041,0.0036434440065374074,0.0
episode_000003_000036,episode_000003,episode_000003,lift,36,progress_gate_lambda,0.0036434440065374074,0.002171142761436041,0.0036434440065374074,0.0
episode_000003_000037,episode_000003,episode_000003,lift,37,raw_no_correction,0.0030455557767202495,0.0016232893671720954,0.0030455557767202495,0.0
episode_000003_000037,episode_000003,episode_000003,lift,37,progress_all,0.0030455557767202495,0.0016232893671720954,0.0016232893671720954,0.001422266409548154
episode_000003_000037,episode_000003,episode_000003,lift,37,phase_gate_train,0.0030455557767202495,0.0016232893671720954,0.0016232893671720954,0.001422266409548154
episode_000003_000037,episode_000003,episode_000003,lift,37,oracle_min_raw_progress,0.0030455557767202495,0.0016232893671720954,0.0016232893671720954,0.001422266409548154
episode_000003_000037,episode_000003,episode_000003,lift,37,progress_gate_min_gap,0.0030455557767202495,0.0016232893671720954,0.0016232893671720954,0.001422266409548154
episode_000003_000037,episode_000003,episode_000003,lift,37,progress_gate_zero_worse,0.0030455557767202495,0.0016232893671720954,0.0030455557767202495,0.0
episode_000003_000037,episode_000003,episode_000003,lift,37,progress_gate_worse_le_1,0.0030455557767202495,0.0016232893671720954,0.0030455557767202495,0.0
episode_000003_000037,episode_000003,episode_000003,lift,37,progress_gate_lambda,0.0030455557767202495,0.0016232893671720954,0.0030455557767202495,0.0
episode_000003_000038,episode_000003,episode_000003,lift,38,raw_no_correction,0.0026063230308951066,0.001003448737524148,0.0026063230308951066,0.0
episode_000003_000038,episode_000003,episode_000003,lift,38,progress_all,0.0026063230308951066,0.001003448737524148,0.001003448737524148,0.0016028742933709586
episode_000003_000038,episode_000003,episode_000003,lift,38,phase_gate_train,0.0026063230308951066,0.001003448737524148,0.001003448737524148,0.0016028742933709586
episode_000003_000038,episode_000003,episode_000003,lift,38,oracle_min_raw_progress,0.0026063230308951066,0.001003448737524148,0.001003448737524148,0.0016028742933709586
episode_000003_000038,episode_000003,episode_000003,lift,38,progress_gate_min_gap,0.0026063230308951066,0.001003448737524148,0.001003448737524148,0.0016028742933709586
episode_000003_000038,episode_000003,episode_000003,lift,38,progress_gate_zero_worse,0.0026063230308951066,0.001003448737524148,0.0026063230308951066,0.0
episode_000003_000038,episode_000003,episode_000003,lift,38,progress_gate_worse_le_1,0.0026063230308951066,0.001003448737524148,0.0026063230308951066,0.0
episode_000003_000038,episode_000003,episode_000003,lift,38,progress_gate_lambda,0.0026063230308951066,0.001003448737524148,0.0026063230308951066,0.0
episode_000003_000039,episode_000003,episode_000003,lift,39,raw_no_correction,0.0019555046696939317,0.001463649771870636,0.0019555046696939317,0.0
episode_000003_000039,episode_000003,episode_000003,lift,39,progress_all,0.0019555046696939317,0.001463649771870636,0.001463649771870636,0.0004918548978232956
episode_000003_000039,episode_000003,episode_000003,lift,39,phase_gate_train,0.0019555046696939317,0.001463649771870636,0.001463649771870636,0.0004918548978232956
episode_000003_000039,episode_000003,episode_000003,lift,39,oracle_min_raw_progress,0.0019555046696939317,0.001463649771870636,0.001463649771870636,0.0004918548978232956
episode_000003_000039,episode_000003,episode_000003,lift,39,progress_gate_min_gap,0.0019555046696939317,0.001463649771870636,0.001463649771870636,0.0004918548978232956
episode_000003_000039,episode_000003,episode_000003,lift,39,progress_gate_zero_worse,0.0019555046696939317,0.001463649771870636,0.0019555046696939317,0.0
episode_000003_000039,episode_000003,episode_000003,lift,39,progress_gate_worse_le_1,0.0019555046696939317,0.001463649771870636,0.0019555046696939317,0.0
episode_000003_000039,episode_000003,episode_000003,lift,39,progress_gate_lambda,0.0019555046696939317,0.001463649771870636,0.0019555046696939317,0.0
episode_000003_000040,episode_000003,episode_000003,lift,40,raw_no_correction,0.0026665976587927276,0.003366975725481601,0.0026665976587927276,0.0
episode_000003_000040,episode_000003,episode_000003,lift,40,progress_all,0.0026665976587927276,0.003366975725481601,0.003366975725481601,-0.0007003780666888734
episode_000003_000040,episode_000003,episode_000003,lift,40,phase_gate_train,0.0026665976587927276,0.003366975725481601,0.003366975725481601,-0.0007003780666888734
episode_000003_000040,episode_000003,episode_000003,lift,40,oracle_min_raw_progress,0.0026665976587927276,0.003366975725481601,0.0026665976587927276,0.0
episode_000003_000040,episode_000003,episode_000003,lift,40,progress_gate_min_gap,0.0026665976587927276,0.003366975725481601,0.003366975725481601,-0.0007003780666888734
episode_000003_000040,episode_000003,episode_000003,lift,40,progress_gate_zero_worse,0.0026665976587927276,0.003366975725481601,0.0026665976587927276,0.0
episode_000003_000040,episode_000003,episode_000003,lift,40,progress_gate_worse_le_1,0.0026665976587927276,0.003366975725481601,0.0026665976587927276,0.0
episode_000003_000040,episode_000003,episode_000003,lift,40,progress_gate_lambda,0.0026665976587927276,0.003366975725481601,0.0026665976587927276,0.0
episode_000003_000041,episode_000003,episode_000003,lift,41,raw_no_correction,0.002996326452369181,0.002925729934903338,0.002996326452369181,0.0
episode_000003_000041,episode_000003,episode_000003,lift,41,progress_all,0.002996326452369181,0.002925729934903338,0.002925729934903338,7.059651746584277e-05
episode_000003_000041,episode_000003,episode_000003,lift,41,phase_gate_train,0.002996326452369181,0.002925729934903338,0.002925729934903338,7.059651746584277e-05
episode_000003_000041,episode_000003,episode_000003,lift,41,oracle_min_raw_progress,0.002996326452369181,0.002925729934903338,0.002925729934903338,7.059651746584277e-05
episode_000003_000041,episode_000003,episode_000003,lift,41,progress_gate_min_gap,0.002996326452369181,0.002925729934903338,0.002925729934903338,7.059651746584277e-05
episode_000003_000041,episode_000003,episode_000003,lift,41,progress_gate_zero_worse,0.002996326452369181,0.002925729934903338,0.002996326452369181,0.0
episode_000003_000041,episode_000003,episode_000003,lift,41,progress_gate_worse_le_1,0.002996326452369181,0.002925729934903338,0.002996326452369181,0.0
episode_000003_000041,episode_000003,episode_000003,lift,41,progress_gate_lambda,0.002996326452369181,0.002925729934903338,0.002996326452369181,0.0
episode_000003_000042,episode_000003,episode_000003,lift,42,raw_no_correction,0.0027357658550251464,0.002997444795901362,0.0027357658550251464,0.0
episode_000003_000042,episode_000003,episode_000003,lift,42,progress_all,0.0027357658550251464,0.002997444795901362,0.002997444795901362,-0.0002616789408762155
episode_000003_000042,episode_000003,episode_000003,lift,42,phase_gate_train,0.0027357658550251464,0.002997444795901362,0.002997444795901362,-0.0002616789408762155
episode_000003_000042,episode_000003,episode_000003,lift,42,oracle_min_raw_progress,0.0027357658550251464,0.002997444795901362,0.0027357658550251464,0.0
episode_000003_000042,episode_000003,episode_000003,lift,42,progress_gate_min_gap,0.0027357658550251464,0.002997444795901362,0.002997444795901362,-0.0002616789408762155
episode_000003_000042,episode_000003,episode_000003,lift,42,progress_gate_zero_worse,0.0027357658550251464,0.002997444795901362,0.0027357658550251464,0.0
episode_000003_000042,episode_000003,episode_000003,lift,42,progress_gate_worse_le_1,0.0027357658550251464,0.002997444795901362,0.0027357658550251464,0.0
episode_000003_000042,episode_000003,episode_000003,lift,42,progress_gate_lambda,0.0027357658550251464,0.002997444795901362,0.0027357658550251464,0.0
episode_000003_000043,episode_000003,episode_000003,lift,43,raw_no_correction,0.002659021427985774,0.002935896174243716,0.002659021427985774,0.0
episode_000003_000043,episode_000003,episode_000003,lift,43,progress_all,0.002659021427985774,0.002935896174243716,0.002935896174243716,-0.00027687474625794203
episode_000003_000043,episode_000003,episode_000003,lift,43,phase_gate_train,0.002659021427985774,0.002935896174243716,0.002935896174243716,-0.00027687474625794203
episode_000003_000043,episode_000003,episode_000003,lift,43,oracle_min_raw_progress,0.002659021427985774,0.002935896174243716,0.002659021427985774,0.0
episode_000003_000043,episode_000003,episode_000003,lift,43,progress_gate_min_gap,0.002659021427985774,0.002935896174243716,0.002935896174243716,-0.00027687474625794203
episode_000003_000043,episode_000003,episode_000003,lift,43,progress_gate_zero_worse,0.002659021427985774,0.002935896174243716,0.002659021427985774,0.0
episode_000003_000043,episode_000003,episode_000003,lift,43,progress_gate_worse_le_1,0.002659021427985774,0.002935896174243716,0.002659021427985774,0.0
episode_000003_000043,episode_000003,episode_000003,lift,43,progress_gate_lambda,0.002659021427985774,0.002935896174243716,0.002659021427985774,0.0
episode_000004_000000,episode_000004,episode_000004,hold,0,raw_no_correction,0.726866783892177,0.022215094119611988,0.726866783892177,0.0
episode_000004_000000,episode_000004,episode_000004,hold,0,progress_all,0.726866783892177,0.022215094119611988,0.022215094119611988,0.704651689772565
episode_000004_000000,episode_000004,episode_000004,hold,0,phase_gate_train,0.726866783892177,0.022215094119611988,0.022215094119611988,0.704651689772565
episode_000004_000000,episode_000004,episode_000004,hold,0,oracle_min_raw_progress,0.726866783892177,0.022215094119611988,0.022215094119611988,0.704651689772565
episode_000004_000000,episode_000004,episode_000004,hold,0,progress_gate_min_gap,0.726866783892177,0.022215094119611988,0.022215094119611988,0.704651689772565
episode_000004_000000,episode_000004,episode_000004,hold,0,progress_gate_zero_worse,0.726866783892177,0.022215094119611988,0.022215094119611988,0.704651689772565
episode_000004_000000,episode_000004,episode_000004,hold,0,progress_gate_worse_le_1,0.726866783892177,0.022215094119611988,0.022215094119611988,0.704651689772565
episode_000004_000000,episode_000004,episode_000004,hold,0,progress_gate_lambda,0.726866783892177,0.022215094119611988,0.022215094119611988,0.704651689772565
episode_000004_000001,episode_000004,episode_000004,hold,1,raw_no_correction,0.7425011078134722,0.016132099685904955,0.7425011078134722,0.0
episode_000004_000001,episode_000004,episode_000004,hold,1,progress_all,0.7425011078134722,0.016132099685904955,0.016132099685904955,0.7263690081275673
episode_000004_000001,episode_000004,episode_000004,hold,1,phase_gate_train,0.7425011078134722,0.016132099685904955,0.016132099685904955,0.7263690081275673
episode_000004_000001,episode_000004,episode_000004,hold,1,oracle_min_raw_progress,0.7425011078134722,0.016132099685904955,0.016132099685904955,0.7263690081275673
episode_000004_000001,episode_000004,episode_000004,hold,1,progress_gate_min_gap,0.7425011078134722,0.016132099685904955,0.016132099685904955,0.7263690081275673
episode_000004_000001,episode_000004,episode_000004,hold,1,progress_gate_zero_worse,0.7425011078134722,0.016132099685904955,0.016132099685904955,0.7263690081275673
episode_000004_000001,episode_000004,episode_000004,hold,1,progress_gate_worse_le_1,0.7425011078134722,0.016132099685904955,0.016132099685904955,0.7263690081275673
episode_000004_000001,episode_000004,episode_000004,hold,1,progress_gate_lambda,0.7425011078134722,0.016132099685904955,0.016132099685904955,0.7263690081275673
episode_000004_000002,episode_000004,episode_000004,alignment,2,raw_no_correction,0.7314589789027636,0.018208810633422633,0.7314589789027636,0.0
episode_000004_000002,episode_000004,episode_000004,alignment,2,progress_all,0.7314589789027636,0.018208810633422633,0.018208810633422633,0.713250168269341
episode_000004_000002,episode_000004,episode_000004,alignment,2,phase_gate_train,0.7314589789027636,0.018208810633422633,0.018208810633422633,0.713250168269341
episode_000004_000002,episode_000004,episode_000004,alignment,2,oracle_min_raw_progress,0.7314589789027636,0.018208810633422633,0.018208810633422633,0.713250168269341
episode_000004_000002,episode_000004,episode_000004,alignment,2,progress_gate_min_gap,0.7314589789027636,0.018208810633422633,0.018208810633422633,0.713250168269341
episode_000004_000002,episode_000004,episode_000004,alignment,2,progress_gate_zero_worse,0.7314589789027636,0.018208810633422633,0.018208810633422633,0.713250168269341
episode_000004_000002,episode_000004,episode_000004,alignment,2,progress_gate_worse_le_1,0.7314589789027636,0.018208810633422633,0.018208810633422633,0.713250168269341
episode_000004_000002,episode_000004,episode_000004,alignment,2,progress_gate_lambda,0.7314589789027636,0.018208810633422633,0.018208810633422633,0.713250168269341
episode_000004_000003,episode_000004,episode_000004,alignment,3,raw_no_correction,0.7274986168585685,0.01990159438699359,0.7274986168585685,0.0
episode_000004_000003,episode_000004,episode_000004,alignment,3,progress_all,0.7274986168585685,0.01990159438699359,0.01990159438699359,0.707597022471575
episode_000004_000003,episode_000004,episode_000004,alignment,3,phase_gate_train,0.7274986168585685,0.01990159438699359,0.01990159438699359,0.707597022471575
episode_000004_000003,episode_000004,episode_000004,alignment,3,oracle_min_raw_progress,0.7274986168585685,0.01990159438699359,0.01990159438699359,0.707597022471575
episode_000004_000003,episode_000004,episode_000004,alignment,3,progress_gate_min_gap,0.7274986168585685,0.01990159438699359,0.01990159438699359,0.707597022471575
episode_000004_000003,episode_000004,episode_000004,alignment,3,progress_gate_zero_worse,0.7274986168585685,0.01990159438699359,0.01990159438699359,0.707597022471575
episode_000004_000003,episode_000004,episode_000004,alignment,3,progress_gate_worse_le_1,0.7274986168585685,0.01990159438699359,0.01990159438699359,0.707597022471575
episode_000004_000003,episode_000004,episode_000004,alignment,3,progress_gate_lambda,0.7274986168585685,0.01990159438699359,0.01990159438699359,0.707597022471575
episode_000004_000004,episode_000004,episode_000004,alignment,4,raw_no_correction,0.7344982884075264,0.01877226995353179,0.7344982884075264,0.0
episode_000004_000004,episode_000004,episode_000004,alignment,4,progress_all,0.7344982884075264,0.01877226995353179,0.01877226995353179,0.7157260184539946
episode_000004_000004,episode_000004,episode_000004,alignment,4,phase_gate_train,0.7344982884075264,0.01877226995353179,0.01877226995353179,0.7157260184539946
episode_000004_000004,episode_000004,episode_000004,alignment,4,oracle_min_raw_progress,0.7344982884075264,0.01877226995353179,0.01877226995353179,0.7157260184539946
episode_000004_000004,episode_000004,episode_000004,alignment,4,progress_gate_min_gap,0.7344982884075264,0.01877226995353179,0.01877226995353179,0.7157260184539946
episode_000004_000004,episode_000004,episode_000004,alignment,4,progress_gate_zero_worse,0.7344982884075264,0.01877226995353179,0.01877226995353179,0.7157260184539946
episode_000004_000004,episode_000004,episode_000004,alignment,4,progress_gate_worse_le_1,0.7344982884075264,0.01877226995353179,0.01877226995353179,0.7157260184539946
episode_000004_000004,episode_000004,episode_000004,alignment,4,progress_gate_lambda,0.7344982884075264,0.01877226995353179,0.01877226995353179,0.7157260184539946
episode_000004_000005,episode_000004,episode_000004,alignment,5,raw_no_correction,0.7311609355414413,0.013119764670751256,0.7311609355414413,0.0
episode_000004_000005,episode_000004,episode_000004,alignment,5,progress_all,0.7311609355414413,0.013119764670751256,0.013119764670751256,0.7180411708706901
episode_000004_000005,episode_000004,episode_000004,alignment,5,phase_gate_train,0.7311609355414413,0.013119764670751256,0.013119764670751256,0.7180411708706901
episode_000004_000005,episode_000004,episode_000004,alignment,5,oracle_min_raw_progress,0.7311609355414413,0.013119764670751256,0.013119764670751256,0.7180411708706901
episode_000004_000005,episode_000004,episode_000004,alignment,5,progress_gate_min_gap,0.7311609355414413,0.013119764670751256,0.013119764670751256,0.7180411708706901
episode_000004_000005,episode_000004,episode_000004,alignment,5,progress_gate_zero_worse,0.7311609355414413,0.013119764670751256,0.013119764670751256,0.7180411708706901
episode_000004_000005,episode_000004,episode_000004,alignment,5,progress_gate_worse_le_1,0.7311609355414413,0.013119764670751256,0.013119764670751256,0.7180411708706901
episode_000004_000005,episode_000004,episode_000004,alignment,5,progress_gate_lambda,0.7311609355414413,0.013119764670751256,0.013119764670751256,0.7180411708706901
episode_000004_000006,episode_000004,episode_000004,alignment,6,raw_no_correction,0.7528253311691462,0.02316884921295185,0.7528253311691462,0.0
episode_000004_000006,episode_000004,episode_000004,alignment,6,progress_all,0.7528253311691462,0.02316884921295185,0.02316884921295185,0.7296564819561944
episode_000004_000006,episode_000004,episode_000004,alignment,6,phase_gate_train,0.7528253311691462,0.02316884921295185,0.02316884921295185,0.7296564819561944
episode_000004_000006,episode_000004,episode_000004,alignment,6,oracle_min_raw_progress,0.7528253311691462,0.02316884921295185,0.02316884921295185,0.7296564819561944
episode_000004_000006,episode_000004,episode_000004,alignment,6,progress_gate_min_gap,0.7528253311691462,0.02316884921295185,0.02316884921295185,0.7296564819561944
episode_000004_000006,episode_000004,episode_000004,alignment,6,progress_gate_zero_worse,0.7528253311691462,0.02316884921295185,0.02316884921295185,0.7296564819561944
episode_000004_000006,episode_000004,episode_000004,alignment,6,progress_gate_worse_le_1,0.7528253311691462,0.02316884921295185,0.02316884921295185,0.7296564819561944
episode_000004_000006,episode_000004,episode_000004,alignment,6,progress_gate_lambda,0.7528253311691462,0.02316884921295185,0.02316884921295185,0.7296564819561944
episode_000004_000007,episode_000004,episode_000004,alignment,7,raw_no_correction,0.718088312607569,0.011077214376300923,0.718088312607569,0.0
episode_000004_000007,episode_000004,episode_000004,alignment,7,progress_all,0.718088312607569,0.011077214376300923,0.011077214376300923,0.7070110982312681
episode_000004_000007,episode_000004,episode_000004,alignment,7,phase_gate_train,0.718088312607569,0.011077214376300923,0.011077214376300923,0.7070110982312681
episode_000004_000007,episode_000004,episode_000004,alignment,7,oracle_min_raw_progress,0.718088312607569,0.011077214376300923,0.011077214376300923,0.7070110982312681
episode_000004_000007,episode_000004,episode_000004,alignment,7,progress_gate_min_gap,0.718088312607569,0.011077214376300923,0.011077214376300923,0.7070110982312681
episode_000004_000007,episode_000004,episode_000004,alignment,7,progress_gate_zero_worse,0.718088312607569,0.011077214376300923,0.011077214376300923,0.7070110982312681
episode_000004_000007,episode_000004,episode_000004,alignment,7,progress_gate_worse_le_1,0.718088312607569,0.011077214376300923,0.011077214376300923,0.7070110982312681
episode_000004_000007,episode_000004,episode_000004,alignment,7,progress_gate_lambda,0.718088312607569,0.011077214376300923,0.011077214376300923,0.7070110982312681
episode_000004_000008,episode_000004,episode_000004,alignment,8,raw_no_correction,0.5847508318083163,0.013007571981472838,0.5847508318083163,0.0
episode_000004_000008,episode_000004,episode_000004,alignment,8,progress_all,0.5847508318083163,0.013007571981472838,0.013007571981472838,0.5717432598268435
episode_000004_000008,episode_000004,episode_000004,alignment,8,phase_gate_train,0.5847508318083163,0.013007571981472838,0.013007571981472838,0.5717432598268435
episode_000004_000008,episode_000004,episode_000004,alignment,8,oracle_min_raw_progress,0.5847508318083163,0.013007571981472838,0.013007571981472838,0.5717432598268435
episode_000004_000008,episode_000004,episode_000004,alignment,8,progress_gate_min_gap,0.5847508318083163,0.013007571981472838,0.013007571981472838,0.5717432598268435
episode_000004_000008,episode_000004,episode_000004,alignment,8,progress_gate_zero_worse,0.5847508318083163,0.013007571981472838,0.013007571981472838,0.5717432598268435
episode_000004_000008,episode_000004,episode_000004,alignment,8,progress_gate_worse_le_1,0.5847508318083163,0.013007571981472838,0.013007571981472838,0.5717432598268435
episode_000004_000008,episode_000004,episode_000004,alignment,8,progress_gate_lambda,0.5847508318083163,0.013007571981472838,0.013007571981472838,0.5717432598268435
episode_000004_000009,episode_000004,episode_000004,alignment,9,raw_no_correction,0.4678557279279342,0.014532937359329267,0.4678557279279342,0.0
episode_000004_000009,episode_000004,episode_000004,alignment,9,progress_all,0.4678557279279342,0.014532937359329267,0.014532937359329267,0.4533227905686049
episode_000004_000009,episode_000004,episode_000004,alignment,9,phase_gate_train,0.4678557279279342,0.014532937359329267,0.014532937359329267,0.4533227905686049
episode_000004_000009,episode_000004,episode_000004,alignment,9,oracle_min_raw_progress,0.4678557279279342,0.014532937359329267,0.014532937359329267,0.4533227905686049
episode_000004_000009,episode_000004,episode_000004,alignment,9,progress_gate_min_gap,0.4678557279279342,0.014532937359329267,0.014532937359329267,0.4533227905686049
episode_000004_000009,episode_000004,episode_000004,alignment,9,progress_gate_zero_worse,0.4678557279279342,0.014532937359329267,0.014532937359329267,0.4533227905686049
episode_000004_000009,episode_000004,episode_000004,alignment,9,progress_gate_worse_le_1,0.4678557279279342,0.014532937359329267,0.014532937359329267,0.4533227905686049
episode_000004_000009,episode_000004,episode_000004,alignment,9,progress_gate_lambda,0.4678557279279342,0.014532937359329267,0.014532937359329267,0.4533227905686049
episode_000004_000010,episode_000004,episode_000004,alignment,10,raw_no_correction,0.6162490613212032,0.010179773378681756,0.6162490613212032,0.0
episode_000004_000010,episode_000004,episode_000004,alignment,10,progress_all,0.6162490613212032,0.010179773378681756,0.010179773378681756,0.6060692879425214
episode_000004_000010,episode_000004,episode_000004,alignment,10,phase_gate_train,0.6162490613212032,0.010179773378681756,0.010179773378681756,0.6060692879425214
episode_000004_000010,episode_000004,episode_000004,alignment,10,oracle_min_raw_progress,0.6162490613212032,0.010179773378681756,0.010179773378681756,0.6060692879425214
episode_000004_000010,episode_000004,episode_000004,alignment,10,progress_gate_min_gap,0.6162490613212032,0.010179773378681756,0.010179773378681756,0.6060692879425214
episode_000004_000010,episode_000004,episode_000004,alignment,10,progress_gate_zero_worse,0.6162490613212032,0.010179773378681756,0.010179773378681756,0.6060692879425214
episode_000004_000010,episode_000004,episode_000004,alignment,10,progress_gate_worse_le_1,0.6162490613212032,0.010179773378681756,0.010179773378681756,0.6060692879425214
episode_000004_000010,episode_000004,episode_000004,alignment,10,progress_gate_lambda,0.6162490613212032,0.010179773378681756,0.010179773378681756,0.6060692879425214
episode_000004_000011,episode_000004,episode_000004,alignment,11,raw_no_correction,0.7858699859090368,0.004541079072698314,0.7858699859090368,0.0
episode_000004_000011,episode_000004,episode_000004,alignment,11,progress_all,0.7858699859090368,0.004541079072698314,0.004541079072698314,0.7813289068363385
episode_000004_000011,episode_000004,episode_000004,alignment,11,phase_gate_train,0.7858699859090368,0.004541079072698314,0.004541079072698314,0.7813289068363385
episode_000004_000011,episode_000004,episode_000004,alignment,11,oracle_min_raw_progress,0.7858699859090368,0.004541079072698314,0.004541079072698314,0.7813289068363385
episode_000004_000011,episode_000004,episode_000004,alignment,11,progress_gate_min_gap,0.7858699859090368,0.004541079072698314,0.004541079072698314,0.7813289068363385
episode_000004_000011,episode_000004,episode_000004,alignment,11,progress_gate_zero_worse,0.7858699859090368,0.004541079072698314,0.004541079072698314,0.7813289068363385
episode_000004_000011,episode_000004,episode_000004,alignment,11,progress_gate_worse_le_1,0.7858699859090368,0.004541079072698314,0.004541079072698314,0.7813289068363385
episode_000004_000011,episode_000004,episode_000004,alignment,11,progress_gate_lambda,0.7858699859090368,0.004541079072698314,0.004541079072698314,0.7813289068363385
episode_000004_000012,episode_000004,episode_000004,alignment,12,raw_no_correction,0.7729791429219713,0.009972704798184528,0.7729791429219713,0.0
episode_000004_000012,episode_000004,episode_000004,alignment,12,progress_all,0.7729791429219713,0.009972704798184528,0.009972704798184528,0.7630064381237868
episode_000004_000012,episode_000004,episode_000004,alignment,12,phase_gate_train,0.7729791429219713,0.009972704798184528,0.009972704798184528,0.7630064381237868
episode_000004_000012,episode_000004,episode_000004,alignment,12,oracle_min_raw_progress,0.7729791429219713,0.009972704798184528,0.009972704798184528,0.7630064381237868
episode_000004_000012,episode_000004,episode_000004,alignment,12,progress_gate_min_gap,0.7729791429219713,0.009972704798184528,0.009972704798184528,0.7630064381237868
episode_000004_000012,episode_000004,episode_000004,alignment,12,progress_gate_zero_worse,0.7729791429219713,0.009972704798184528,0.009972704798184528,0.7630064381237868
episode_000004_000012,episode_000004,episode_000004,alignment,12,progress_gate_worse_le_1,0.7729791429219713,0.009972704798184528,0.009972704798184528,0.7630064381237868
episode_000004_000012,episode_000004,episode_000004,alignment,12,progress_gate_lambda,0.7729791429219713,0.009972704798184528,0.009972704798184528,0.7630064381237868
episode_000004_000013,episode_000004,episode_000004,alignment,13,raw_no_correction,0.8594547501740595,0.0942671952902036,0.8594547501740595,0.0
episode_000004_000013,episode_000004,episode_000004,alignment,13,progress_all,0.8594547501740595,0.0942671952902036,0.0942671952902036,0.7651875548838559
episode_000004_000013,episode_000004,episode_000004,alignment,13,phase_gate_train,0.8594547501740595,0.0942671952902036,0.0942671952902036,0.7651875548838559
episode_000004_000013,episode_000004,episode_000004,alignment,13,oracle_min_raw_progress,0.8594547501740595,0.0942671952902036,0.0942671952902036,0.7651875548838559
episode_000004_000013,episode_000004,episode_000004,alignment,13,progress_gate_min_gap,0.8594547501740595,0.0942671952902036,0.0942671952902036,0.7651875548838559
episode_000004_000013,episode_000004,episode_000004,alignment,13,progress_gate_zero_worse,0.8594547501740595,0.0942671952902036,0.0942671952902036,0.7651875548838559
episode_000004_000013,episode_000004,episode_000004,alignment,13,progress_gate_worse_le_1,0.8594547501740595,0.0942671952902036,0.0942671952902036,0.7651875548838559
episode_000004_000013,episode_000004,episode_000004,alignment,13,progress_gate_lambda,0.8594547501740595,0.0942671952902036,0.0942671952902036,0.7651875548838559
episode_000004_000014,episode_000004,episode_000004,alignment,14,raw_no_correction,0.8049019432900184,0.04369324391016978,0.8049019432900184,0.0
episode_000004_000014,episode_000004,episode_000004,alignment,14,progress_all,0.8049019432900184,0.04369324391016978,0.04369324391016978,0.7612086993798486
episode_000004_000014,episode_000004,episode_000004,alignment,14,phase_gate_train,0.8049019432900184,0.04369324391016978,0.04369324391016978,0.7612086993798486
episode_000004_000014,episode_000004,episode_000004,alignment,14,oracle_min_raw_progress,0.8049019432900184,0.04369324391016978,0.04369324391016978,0.7612086993798486
episode_000004_000014,episode_000004,episode_000004,alignment,14,progress_gate_min_gap,0.8049019432900184,0.04369324391016978,0.04369324391016978,0.7612086993798486
episode_000004_000014,episode_000004,episode_000004,alignment,14,progress_gate_zero_worse,0.8049019432900184,0.04369324391016978,0.04369324391016978,0.7612086993798486
episode_000004_000014,episode_000004,episode_000004,alignment,14,progress_gate_worse_le_1,0.8049019432900184,0.04369324391016978,0.04369324391016978,0.7612086993798486
episode_000004_000014,episode_000004,episode_000004,alignment,14,progress_gate_lambda,0.8049019432900184,0.04369324391016978,0.04369324391016978,0.7612086993798486
episode_000004_000015,episode_000004,episode_000004,alignment,15,raw_no_correction,0.5694183724914406,0.010372604497912826,0.5694183724914406,0.0
episode_000004_000015,episode_000004,episode_000004,alignment,15,progress_all,0.5694183724914406,0.010372604497912826,0.010372604497912826,0.5590457679935278
episode_000004_000015,episode_000004,episode_000004,alignment,15,phase_gate_train,0.5694183724914406,0.010372604497912826,0.010372604497912826,0.5590457679935278
episode_000004_000015,episode_000004,episode_000004,alignment,15,oracle_min_raw_progress,0.5694183724914406,0.010372604497912826,0.010372604497912826,0.5590457679935278
episode_000004_000015,episode_000004,episode_000004,alignment,15,progress_gate_min_gap,0.5694183724914406,0.010372604497912826,0.010372604497912826,0.5590457679935278
episode_000004_000015,episode_000004,episode_000004,alignment,15,progress_gate_zero_worse,0.5694183724914406,0.010372604497912826,0.010372604497912826,0.5590457679935278
episode_000004_000015,episode_000004,episode_000004,alignment,15,progress_gate_worse_le_1,0.5694183724914406,0.010372604497912826,0.010372604497912826,0.5590457679935278
episode_000004_000015,episode_000004,episode_000004,alignment,15,progress_gate_lambda,0.5694183724914406,0.010372604497912826,0.010372604497912826,0.5590457679935278
episode_000004_000016,episode_000004,episode_000004,alignment,16,raw_no_correction,0.46830833794377097,0.026263861904916704,0.46830833794377097,0.0
episode_000004_000016,episode_000004,episode_000004,alignment,16,progress_all,0.46830833794377097,0.026263861904916704,0.026263861904916704,0.4420444760388543
episode_000004_000016,episode_000004,episode_000004,alignment,16,phase_gate_train,0.46830833794377097,0.026263861904916704,0.026263861904916704,0.4420444760388543
episode_000004_000016,episode_000004,episode_000004,alignment,16,oracle_min_raw_progress,0.46830833794377097,0.026263861904916704,0.026263861904916704,0.4420444760388543
episode_000004_000016,episode_000004,episode_000004,alignment,16,progress_gate_min_gap,0.46830833794377097,0.026263861904916704,0.026263861904916704,0.4420444760388543
episode_000004_000016,episode_000004,episode_000004,alignment,16,progress_gate_zero_worse,0.46830833794377097,0.026263861904916704,0.026263861904916704,0.4420444760388543
episode_000004_000016,episode_000004,episode_000004,alignment,16,progress_gate_worse_le_1,0.46830833794377097,0.026263861904916704,0.026263861904916704,0.4420444760388543
episode_000004_000016,episode_000004,episode_000004,alignment,16,progress_gate_lambda,0.46830833794377097,0.026263861904916704,0.026263861904916704,0.4420444760388543
episode_000004_000017,episode_000004,episode_000004,alignment,17,raw_no_correction,0.35305685359960426,0.04739560821589092,0.35305685359960426,0.0
episode_000004_000017,episode_000004,episode_000004,alignment,17,progress_all,0.35305685359960426,0.04739560821589092,0.04739560821589092,0.3056612453837133
episode_000004_000017,episode_000004,episode_000004,alignment,17,phase_gate_train,0.35305685359960426,0.04739560821589092,0.04739560821589092,0.3056612453837133
episode_000004_000017,episode_000004,episode_000004,alignment,17,oracle_min_raw_progress,0.35305685359960426,0.04739560821589092,0.04739560821589092,0.3056612453837133
episode_000004_000017,episode_000004,episode_000004,alignment,17,progress_gate_min_gap,0.35305685359960426,0.04739560821589092,0.04739560821589092,0.3056612453837133
episode_000004_000017,episode_000004,episode_000004,alignment,17,progress_gate_zero_worse,0.35305685359960426,0.04739560821589092,0.04739560821589092,0.3056612453837133
episode_000004_000017,episode_000004,episode_000004,alignment,17,progress_gate_worse_le_1,0.35305685359960426,0.04739560821589092,0.04739560821589092,0.3056612453837133
episode_000004_000017,episode_000004,episode_000004,alignment,17,progress_gate_lambda,0.35305685359960426,0.04739560821589092,0.04739560821589092,0.3056612453837133
episode_000004_000018,episode_000004,episode_000004,alignment,18,raw_no_correction,0.36910303884536005,0.042410938592647135,0.36910303884536005,0.0
episode_000004_000018,episode_000004,episode_000004,alignment,18,progress_all,0.36910303884536005,0.042410938592647135,0.042410938592647135,0.3266921002527129
episode_000004_000018,episode_000004,episode_000004,alignment,18,phase_gate_train,0.36910303884536005,0.042410938592647135,0.042410938592647135,0.3266921002527129
episode_000004_000018,episode_000004,episode_000004,alignment,18,oracle_min_raw_progress,0.36910303884536005,0.042410938592647135,0.042410938592647135,0.3266921002527129
episode_000004_000018,episode_000004,episode_000004,alignment,18,progress_gate_min_gap,0.36910303884536005,0.042410938592647135,0.042410938592647135,0.3266921002527129
episode_000004_000018,episode_000004,episode_000004,alignment,18,progress_gate_zero_worse,0.36910303884536005,0.042410938592647135,0.042410938592647135,0.3266921002527129
episode_000004_000018,episode_000004,episode_000004,alignment,18,progress_gate_worse_le_1,0.36910303884536005,0.042410938592647135,0.042410938592647135,0.3266921002527129
episode_000004_000018,episode_000004,episode_000004,alignment,18,progress_gate_lambda,0.36910303884536005,0.042410938592647135,0.042410938592647135,0.3266921002527129
episode_000004_000019,episode_000004,episode_000004,descent_to_grasp,19,raw_no_correction,0.36593706834344897,0.04029647559551612,0.36593706834344897,0.0
episode_000004_000019,episode_000004,episode_000004,descent_to_grasp,19,progress_all,0.36593706834344897,0.04029647559551612,0.04029647559551612,0.32564059274793283
episode_000004_000019,episode_000004,episode_000004,descent_to_grasp,19,phase_gate_train,0.36593706834344897,0.04029647559551612,0.04029647559551612,0.32564059274793283
episode_000004_000019,episode_000004,episode_000004,descent_to_grasp,19,oracle_min_raw_progress,0.36593706834344897,0.04029647559551612,0.04029647559551612,0.32564059274793283
episode_000004_000019,episode_000004,episode_000004,descent_to_grasp,19,progress_gate_min_gap,0.36593706834344897,0.04029647559551612,0.04029647559551612,0.32564059274793283
episode_000004_000019,episode_000004,episode_000004,descent_to_grasp,19,progress_gate_zero_worse,0.36593706834344897,0.04029647559551612,0.04029647559551612,0.32564059274793283
episode_000004_000019,episode_000004,episode_000004,descent_to_grasp,19,progress_gate_worse_le_1,0.36593706834344897,0.04029647559551612,0.04029647559551612,0.32564059274793283
episode_000004_000019,episode_000004,episode_000004,descent_to_grasp,19,progress_gate_lambda,0.36593706834344897,0.04029647559551612,0.04029647559551612,0.32564059274793283
episode_000004_000020,episode_000004,episode_000004,descent_to_grasp,20,raw_no_correction,0.2386700420880607,0.07204900608213308,0.2386700420880607,0.0
episode_000004_000020,episode_000004,episode_000004,descent_to_grasp,20,progress_all,0.2386700420880607,0.07204900608213308,0.07204900608213308,0.16662103600592762
episode_000004_000020,episode_000004,episode_000004,descent_to_grasp,20,phase_gate_train,0.2386700420880607,0.07204900608213308,0.07204900608213308,0.16662103600592762
episode_000004_000020,episode_000004,episode_000004,descent_to_grasp,20,oracle_min_raw_progress,0.2386700420880607,0.07204900608213308,0.07204900608213308,0.16662103600592762
episode_000004_000020,episode_000004,episode_000004,descent_to_grasp,20,progress_gate_min_gap,0.2386700420880607,0.07204900608213308,0.07204900608213308,0.16662103600592762
episode_000004_000020,episode_000004,episode_000004,descent_to_grasp,20,progress_gate_zero_worse,0.2386700420880607,0.07204900608213308,0.07204900608213308,0.16662103600592762
episode_000004_000020,episode_000004,episode_000004,descent_to_grasp,20,progress_gate_worse_le_1,0.2386700420880607,0.07204900608213308,0.07204900608213308,0.16662103600592762
episode_000004_000020,episode_000004,episode_000004,descent_to_grasp,20,progress_gate_lambda,0.2386700420880607,0.07204900608213308,0.07204900608213308,0.16662103600592762
episode_000004_000021,episode_000004,episode_000004,descent_to_grasp,21,raw_no_correction,0.3391642309243167,0.13180826451885333,0.3391642309243167,0.0
episode_000004_000021,episode_000004,episode_000004,descent_to_grasp,21,progress_all,0.3391642309243167,0.13180826451885333,0.13180826451885333,0.20735596640546336
episode_000004_000021,episode_000004,episode_000004,descent_to_grasp,21,phase_gate_train,0.3391642309243167,0.13180826451885333,0.13180826451885333,0.20735596640546336
episode_000004_000021,episode_000004,episode_000004,descent_to_grasp,21,oracle_min_raw_progress,0.3391642309243167,0.13180826451885333,0.13180826451885333,0.20735596640546336
episode_000004_000021,episode_000004,episode_000004,descent_to_grasp,21,progress_gate_min_gap,0.3391642309243167,0.13180826451885333,0.13180826451885333,0.20735596640546336
episode_000004_000021,episode_000004,episode_000004,descent_to_grasp,21,progress_gate_zero_worse,0.3391642309243167,0.13180826451885333,0.13180826451885333,0.20735596640546336
episode_000004_000021,episode_000004,episode_000004,descent_to_grasp,21,progress_gate_worse_le_1,0.3391642309243167,0.13180826451885333,0.13180826451885333,0.20735596640546336
episode_000004_000021,episode_000004,episode_000004,descent_to_grasp,21,progress_gate_lambda,0.3391642309243167,0.13180826451885333,0.13180826451885333,0.20735596640546336
episode_000004_000022,episode_000004,episode_000004,descent_to_grasp,22,raw_no_correction,0.5426841856395397,0.06553680517541269,0.5426841856395397,0.0
episode_000004_000022,episode_000004,episode_000004,descent_to_grasp,22,progress_all,0.5426841856395397,0.06553680517541269,0.06553680517541269,0.47714738046412697
episode_000004_000022,episode_000004,episode_000004,descent_to_grasp,22,phase_gate_train,0.5426841856395397,0.06553680517541269,0.06553680517541269,0.47714738046412697
episode_000004_000022,episode_000004,episode_000004,descent_to_grasp,22,oracle_min_raw_progress,0.5426841856395397,0.06553680517541269,0.06553680517541269,0.47714738046412697
episode_000004_000022,episode_000004,episode_000004,descent_to_grasp,22,progress_gate_min_gap,0.5426841856395397,0.06553680517541269,0.06553680517541269,0.47714738046412697
episode_000004_000022,episode_000004,episode_000004,descent_to_grasp,22,progress_gate_zero_worse,0.5426841856395397,0.06553680517541269,0.5426841856395397,0.0
episode_000004_000022,episode_000004,episode_000004,descent_to_grasp,22,progress_gate_worse_le_1,0.5426841856395397,0.06553680517541269,0.06553680517541269,0.47714738046412697
episode_000004_000022,episode_000004,episode_000004,descent_to_grasp,22,progress_gate_lambda,0.5426841856395397,0.06553680517541269,0.06553680517541269,0.47714738046412697
episode_000004_000023,episode_000004,episode_000004,descent_to_grasp,23,raw_no_correction,0.40634775507165655,0.3003521080460501,0.40634775507165655,0.0
episode_000004_000023,episode_000004,episode_000004,descent_to_grasp,23,progress_all,0.40634775507165655,0.3003521080460501,0.3003521080460501,0.10599564702560643
episode_000004_000023,episode_000004,episode_000004,descent_to_grasp,23,phase_gate_train,0.40634775507165655,0.3003521080460501,0.3003521080460501,0.10599564702560643
episode_000004_000023,episode_000004,episode_000004,descent_to_grasp,23,oracle_min_raw_progress,0.40634775507165655,0.3003521080460501,0.3003521080460501,0.10599564702560643
episode_000004_000023,episode_000004,episode_000004,descent_to_grasp,23,progress_gate_min_gap,0.40634775507165655,0.3003521080460501,0.3003521080460501,0.10599564702560643
episode_000004_000023,episode_000004,episode_000004,descent_to_grasp,23,progress_gate_zero_worse,0.40634775507165655,0.3003521080460501,0.40634775507165655,0.0
episode_000004_000023,episode_000004,episode_000004,descent_to_grasp,23,progress_gate_worse_le_1,0.40634775507165655,0.3003521080460501,0.3003521080460501,0.10599564702560643
episode_000004_000023,episode_000004,episode_000004,descent_to_grasp,23,progress_gate_lambda,0.40634775507165655,0.3003521080460501,0.3003521080460501,0.10599564702560643
episode_000004_000024,episode_000004,episode_000004,descent_to_grasp,24,raw_no_correction,0.23538005133893636,0.1822924141373409,0.23538005133893636,0.0
episode_000004_000024,episode_000004,episode_000004,descent_to_grasp,24,progress_all,0.23538005133893636,0.1822924141373409,0.1822924141373409,0.053087637201595456
episode_000004_000024,episode_000004,episode_000004,descent_to_grasp,24,phase_gate_train,0.23538005133893636,0.1822924141373409,0.1822924141373409,0.053087637201595456
episode_000004_000024,episode_000004,episode_000004,descent_to_grasp,24,oracle_min_raw_progress,0.23538005133893636,0.1822924141373409,0.1822924141373409,0.053087637201595456
episode_000004_000024,episode_000004,episode_000004,descent_to_grasp,24,progress_gate_min_gap,0.23538005133893636,0.1822924141373409,0.1822924141373409,0.053087637201595456
episode_000004_000024,episode_000004,episode_000004,descent_to_grasp,24,progress_gate_zero_worse,0.23538005133893636,0.1822924141373409,0.23538005133893636,0.0
episode_000004_000024,episode_000004,episode_000004,descent_to_grasp,24,progress_gate_worse_le_1,0.23538005133893636,0.1822924141373409,0.1822924141373409,0.053087637201595456
episode_000004_000024,episode_000004,episode_000004,descent_to_grasp,24,progress_gate_lambda,0.23538005133893636,0.1822924141373409,0.1822924141373409,0.053087637201595456
episode_000004_000025,episode_000004,episode_000004,descent_to_grasp,25,raw_no_correction,0.1534976269192924,0.09751312047315389,0.1534976269192924,0.0
episode_000004_000025,episode_000004,episode_000004,descent_to_grasp,25,progress_all,0.1534976269192924,0.09751312047315389,0.09751312047315389,0.055984506446138504
episode_000004_000025,episode_000004,episode_000004,descent_to_grasp,25,phase_gate_train,0.1534976269192924,0.09751312047315389,0.09751312047315389,0.055984506446138504
episode_000004_000025,episode_000004,episode_000004,descent_to_grasp,25,oracle_min_raw_progress,0.1534976269192924,0.09751312047315389,0.09751312047315389,0.055984506446138504
episode_000004_000025,episode_000004,episode_000004,descent_to_grasp,25,progress_gate_min_gap,0.1534976269192924,0.09751312047315389,0.09751312047315389,0.055984506446138504
episode_000004_000025,episode_000004,episode_000004,descent_to_grasp,25,progress_gate_zero_worse,0.1534976269192924,0.09751312047315389,0.1534976269192924,0.0
episode_000004_000025,episode_000004,episode_000004,descent_to_grasp,25,progress_gate_worse_le_1,0.1534976269192924,0.09751312047315389,0.1534976269192924,0.0
episode_000004_000025,episode_000004,episode_000004,descent_to_grasp,25,progress_gate_lambda,0.1534976269192924,0.09751312047315389,0.1534976269192924,0.0
episode_000004_000026,episode_000004,episode_000004,descent_to_grasp,26,raw_no_correction,0.1558636423468791,0.11522439460503933,0.1558636423468791,0.0
episode_000004_000026,episode_000004,episode_000004,descent_to_grasp,26,progress_all,0.1558636423468791,0.11522439460503933,0.11522439460503933,0.040639247741839774
episode_000004_000026,episode_000004,episode_000004,descent_to_grasp,26,phase_gate_train,0.1558636423468791,0.11522439460503933,0.11522439460503933,0.040639247741839774
episode_000004_000026,episode_000004,episode_000004,descent_to_grasp,26,oracle_min_raw_progress,0.1558636423468791,0.11522439460503933,0.11522439460503933,0.040639247741839774
episode_000004_000026,episode_000004,episode_000004,descent_to_grasp,26,progress_gate_min_gap,0.1558636423468791,0.11522439460503933,0.11522439460503933,0.040639247741839774
episode_000004_000026,episode_000004,episode_000004,descent_to_grasp,26,progress_gate_zero_worse,0.1558636423468791,0.11522439460503933,0.1558636423468791,0.0
episode_000004_000026,episode_000004,episode_000004,descent_to_grasp,26,progress_gate_worse_le_1,0.1558636423468791,0.11522439460503933,0.1558636423468791,0.0
episode_000004_000026,episode_000004,episode_000004,descent_to_grasp,26,progress_gate_lambda,0.1558636423468791,0.11522439460503933,0.1558636423468791,0.0
episode_000004_000027,episode_000004,episode_000004,grasp_close,27,raw_no_correction,0.023270694063641566,0.05172359142266877,0.023270694063641566,0.0
episode_000004_000027,episode_000004,episode_000004,grasp_close,27,progress_all,0.023270694063641566,0.05172359142266877,0.05172359142266877,-0.0284528973590272
episode_000004_000027,episode_000004,episode_000004,grasp_close,27,phase_gate_train,0.023270694063641566,0.05172359142266877,0.023270694063641566,0.0
episode_000004_000027,episode_000004,episode_000004,grasp_close,27,oracle_min_raw_progress,0.023270694063641566,0.05172359142266877,0.023270694063641566,0.0
episode_000004_000027,episode_000004,episode_000004,grasp_close,27,progress_gate_min_gap,0.023270694063641566,0.05172359142266877,0.05172359142266877,-0.0284528973590272
episode_000004_000027,episode_000004,episode_000004,grasp_close,27,progress_gate_zero_worse,0.023270694063641566,0.05172359142266877,0.023270694063641566,0.0
episode_000004_000027,episode_000004,episode_000004,grasp_close,27,progress_gate_worse_le_1,0.023270694063641566,0.05172359142266877,0.023270694063641566,0.0
episode_000004_000027,episode_000004,episode_000004,grasp_close,27,progress_gate_lambda,0.023270694063641566,0.05172359142266877,0.023270694063641566,0.0
episode_000004_000028,episode_000004,episode_000004,grasp_close,28,raw_no_correction,0.010091489792057031,0.017500763420833093,0.010091489792057031,0.0
episode_000004_000028,episode_000004,episode_000004,grasp_close,28,progress_all,0.010091489792057031,0.017500763420833093,0.017500763420833093,-0.007409273628776062
episode_000004_000028,episode_000004,episode_000004,grasp_close,28,phase_gate_train,0.010091489792057031,0.017500763420833093,0.010091489792057031,0.0
episode_000004_000028,episode_000004,episode_000004,grasp_close,28,oracle_min_raw_progress,0.010091489792057031,0.017500763420833093,0.010091489792057031,0.0
episode_000004_000028,episode_000004,episode_000004,grasp_close,28,progress_gate_min_gap,0.010091489792057031,0.017500763420833093,0.017500763420833093,-0.007409273628776062
episode_000004_000028,episode_000004,episode_000004,grasp_close,28,progress_gate_zero_worse,0.010091489792057031,0.017500763420833093,0.010091489792057031,0.0
episode_000004_000028,episode_000004,episode_000004,grasp_close,28,progress_gate_worse_le_1,0.010091489792057031,0.017500763420833093,0.010091489792057031,0.0
episode_000004_000028,episode_000004,episode_000004,grasp_close,28,progress_gate_lambda,0.010091489792057031,0.017500763420833093,0.010091489792057031,0.0
episode_000004_000029,episode_000004,episode_000004,grasp_close,29,raw_no_correction,0.005303893422948628,0.00689964962811411,0.005303893422948628,0.0
episode_000004_000029,episode_000004,episode_000004,grasp_close,29,progress_all,0.005303893422948628,0.00689964962811411,0.00689964962811411,-0.001595756205165482
episode_000004_000029,episode_000004,episode_000004,grasp_close,29,phase_gate_train,0.005303893422948628,0.00689964962811411,0.005303893422948628,0.0
episode_000004_000029,episode_000004,episode_000004,grasp_close,29,oracle_min_raw_progress,0.005303893422948628,0.00689964962811411,0.005303893422948628,0.0
episode_000004_000029,episode_000004,episode_000004,grasp_close,29,progress_gate_min_gap,0.005303893422948628,0.00689964962811411,0.00689964962811411,-0.001595756205165482
episode_000004_000029,episode_000004,episode_000004,grasp_close,29,progress_gate_zero_worse,0.005303893422948628,0.00689964962811411,0.005303893422948628,0.0
episode_000004_000029,episode_000004,episode_000004,grasp_close,29,progress_gate_worse_le_1,0.005303893422948628,0.00689964962811411,0.005303893422948628,0.0
episode_000004_000029,episode_000004,episode_000004,grasp_close,29,progress_gate_lambda,0.005303893422948628,0.00689964962811411,0.005303893422948628,0.0
episode_000004_000030,episode_000004,episode_000004,grasp_close,30,raw_no_correction,0.0042119220151698574,0.0032620299576984458,0.0042119220151698574,0.0
episode_000004_000030,episode_000004,episode_000004,grasp_close,30,progress_all,0.0042119220151698574,0.0032620299576984458,0.0032620299576984458,0.0009498920574714117
episode_000004_000030,episode_000004,episode_000004,grasp_close,30,phase_gate_train,0.0042119220151698574,0.0032620299576984458,0.0042119220151698574,0.0
episode_000004_000030,episode_000004,episode_000004,grasp_close,30,oracle_min_raw_progress,0.0042119220151698574,0.0032620299576984458,0.0032620299576984458,0.0009498920574714117
episode_000004_000030,episode_000004,episode_000004,grasp_close,30,progress_gate_min_gap,0.0042119220151698574,0.0032620299576984458,0.0032620299576984458,0.0009498920574714117
episode_000004_000030,episode_000004,episode_000004,grasp_close,30,progress_gate_zero_worse,0.0042119220151698574,0.0032620299576984458,0.0042119220151698574,0.0
episode_000004_000030,episode_000004,episode_000004,grasp_close,30,progress_gate_worse_le_1,0.0042119220151698574,0.0032620299576984458,0.0042119220151698574,0.0
episode_000004_000030,episode_000004,episode_000004,grasp_close,30,progress_gate_lambda,0.0042119220151698574,0.0032620299576984458,0.0042119220151698574,0.0
episode_000004_000031,episode_000004,episode_000004,grasp_close,31,raw_no_correction,0.004226777845684153,0.002151053192052561,0.004226777845684153,0.0
episode_000004_000031,episode_000004,episode_000004,grasp_close,31,progress_all,0.004226777845684153,0.002151053192052561,0.002151053192052561,0.002075724653631592
episode_000004_000031,episode_000004,episode_000004,grasp_close,31,phase_gate_train,0.004226777845684153,0.002151053192052561,0.004226777845684153,0.0
episode_000004_000031,episode_000004,episode_000004,grasp_close,31,oracle_min_raw_progress,0.004226777845684153,0.002151053192052561,0.002151053192052561,0.002075724653631592
episode_000004_000031,episode_000004,episode_000004,grasp_close,31,progress_gate_min_gap,0.004226777845684153,0.002151053192052561,0.002151053192052561,0.002075724653631592
episode_000004_000031,episode_000004,episode_000004,grasp_close,31,progress_gate_zero_worse,0.004226777845684153,0.002151053192052561,0.004226777845684153,0.0
episode_000004_000031,episode_000004,episode_000004,grasp_close,31,progress_gate_worse_le_1,0.004226777845684153,0.002151053192052561,0.004226777845684153,0.0
episode_000004_000031,episode_000004,episode_000004,grasp_close,31,progress_gate_lambda,0.004226777845684153,0.002151053192052561,0.004226777845684153,0.0
episode_000004_000032,episode_000004,episode_000004,grasp_close,32,raw_no_correction,0.0040779643538021906,0.001835389045987739,0.0040779643538021906,0.0
episode_000004_000032,episode_000004,episode_000004,grasp_close,32,progress_all,0.0040779643538021906,0.001835389045987739,0.001835389045987739,0.0022425753078144516
episode_000004_000032,episode_000004,episode_000004,grasp_close,32,phase_gate_train,0.0040779643538021906,0.001835389045987739,0.0040779643538021906,0.0
episode_000004_000032,episode_000004,episode_000004,grasp_close,32,oracle_min_raw_progress,0.0040779643538021906,0.001835389045987739,0.001835389045987739,0.0022425753078144516
episode_000004_000032,episode_000004,episode_000004,grasp_close,32,progress_gate_min_gap,0.0040779643538021906,0.001835389045987739,0.001835389045987739,0.0022425753078144516
episode_000004_000032,episode_000004,episode_000004,grasp_close,32,progress_gate_zero_worse,0.0040779643538021906,0.001835389045987739,0.0040779643538021906,0.0
episode_000004_000032,episode_000004,episode_000004,grasp_close,32,progress_gate_worse_le_1,0.0040779643538021906,0.001835389045987739,0.0040779643538021906,0.0
episode_000004_000032,episode_000004,episode_000004,grasp_close,32,progress_gate_lambda,0.0040779643538021906,0.001835389045987739,0.0040779643538021906,0.0
episode_000004_000033,episode_000004,episode_000004,grasp_close,33,raw_no_correction,0.004047128738245006,0.0020761284933784635,0.004047128738245006,0.0
episode_000004_000033,episode_000004,episode_000004,grasp_close,33,progress_all,0.004047128738245006,0.0020761284933784635,0.0020761284933784635,0.001971000244866542
episode_000004_000033,episode_000004,episode_000004,grasp_close,33,phase_gate_train,0.004047128738245006,0.0020761284933784635,0.004047128738245006,0.0
episode_000004_000033,episode_000004,episode_000004,grasp_close,33,oracle_min_raw_progress,0.004047128738245006,0.0020761284933784635,0.0020761284933784635,0.001971000244866542
episode_000004_000033,episode_000004,episode_000004,grasp_close,33,progress_gate_min_gap,0.004047128738245006,0.0020761284933784635,0.0020761284933784635,0.001971000244866542
episode_000004_000033,episode_000004,episode_000004,grasp_close,33,progress_gate_zero_worse,0.004047128738245006,0.0020761284933784635,0.004047128738245006,0.0
episode_000004_000033,episode_000004,episode_000004,grasp_close,33,progress_gate_worse_le_1,0.004047128738245006,0.0020761284933784635,0.004047128738245006,0.0
episode_000004_000033,episode_000004,episode_000004,grasp_close,33,progress_gate_lambda,0.004047128738245006,0.0020761284933784635,0.004047128738245006,0.0
episode_000004_000034,episode_000004,episode_000004,grasp_close,34,raw_no_correction,0.004115255939647441,0.002358390694965824,0.004115255939647441,0.0
episode_000004_000034,episode_000004,episode_000004,grasp_close,34,progress_all,0.004115255939647441,0.002358390694965824,0.002358390694965824,0.0017568652446816172
episode_000004_000034,episode_000004,episode_000004,grasp_close,34,phase_gate_train,0.004115255939647441,0.002358390694965824,0.004115255939647441,0.0
episode_000004_000034,episode_000004,episode_000004,grasp_close,34,oracle_min_raw_progress,0.004115255939647441,0.002358390694965824,0.002358390694965824,0.0017568652446816172
episode_000004_000034,episode_000004,episode_000004,grasp_close,34,progress_gate_min_gap,0.004115255939647441,0.002358390694965824,0.002358390694965824,0.0017568652446816172
episode_000004_000034,episode_000004,episode_000004,grasp_close,34,progress_gate_zero_worse,0.004115255939647441,0.002358390694965824,0.004115255939647441,0.0
episode_000004_000034,episode_000004,episode_000004,grasp_close,34,progress_gate_worse_le_1,0.004115255939647441,0.002358390694965824,0.004115255939647441,0.0
episode_000004_000034,episode_000004,episode_000004,grasp_close,34,progress_gate_lambda,0.004115255939647441,0.002358390694965824,0.004115255939647441,0.0
episode_000004_000035,episode_000004,episode_000004,grasp_close,35,raw_no_correction,0.004239968878762188,0.0028140212659570323,0.004239968878762188,0.0
episode_000004_000035,episode_000004,episode_000004,grasp_close,35,progress_all,0.004239968878762188,0.0028140212659570323,0.0028140212659570323,0.001425947612805156
episode_000004_000035,episode_000004,episode_000004,grasp_close,35,phase_gate_train,0.004239968878762188,0.0028140212659570323,0.004239968878762188,0.0
episode_000004_000035,episode_000004,episode_000004,grasp_close,35,oracle_min_raw_progress,0.004239968878762188,0.0028140212659570323,0.0028140212659570323,0.001425947612805156
episode_000004_000035,episode_000004,episode_000004,grasp_close,35,progress_gate_min_gap,0.004239968878762188,0.0028140212659570323,0.0028140212659570323,0.001425947612805156
episode_000004_000035,episode_000004,episode_000004,grasp_close,35,progress_gate_zero_worse,0.004239968878762188,0.0028140212659570323,0.004239968878762188,0.0
episode_000004_000035,episode_000004,episode_000004,grasp_close,35,progress_gate_worse_le_1,0.004239968878762188,0.0028140212659570323,0.004239968878762188,0.0
episode_000004_000035,episode_000004,episode_000004,grasp_close,35,progress_gate_lambda,0.004239968878762188,0.0028140212659570323,0.004239968878762188,0.0
episode_000004_000036,episode_000004,episode_000004,grasp_close,36,raw_no_correction,0.003976986439855516,0.0029999296231180113,0.003976986439855516,0.0
episode_000004_000036,episode_000004,episode_000004,grasp_close,36,progress_all,0.003976986439855516,0.0029999296231180113,0.0029999296231180113,0.0009770568167375045
episode_000004_000036,episode_000004,episode_000004,grasp_close,36,phase_gate_train,0.003976986439855516,0.0029999296231180113,0.003976986439855516,0.0
episode_000004_000036,episode_000004,episode_000004,grasp_close,36,oracle_min_raw_progress,0.003976986439855516,0.0029999296231180113,0.0029999296231180113,0.0009770568167375045
episode_000004_000036,episode_000004,episode_000004,grasp_close,36,progress_gate_min_gap,0.003976986439855516,0.0029999296231180113,0.0029999296231180113,0.0009770568167375045
episode_000004_000036,episode_000004,episode_000004,grasp_close,36,progress_gate_zero_worse,0.003976986439855516,0.0029999296231180113,0.003976986439855516,0.0
episode_000004_000036,episode_000004,episode_000004,grasp_close,36,progress_gate_worse_le_1,0.003976986439855516,0.0029999296231180113,0.003976986439855516,0.0
episode_000004_000036,episode_000004,episode_000004,grasp_close,36,progress_gate_lambda,0.003976986439855516,0.0029999296231180113,0.003976986439855516,0.0
episode_000004_000037,episode_000004,episode_000004,lift,37,raw_no_correction,0.004170654402624154,0.0033929747228568924,0.004170654402624154,0.0
episode_000004_000037,episode_000004,episode_000004,lift,37,progress_all,0.004170654402624154,0.0033929747228568924,0.0033929747228568924,0.0007776796797672614
episode_000004_000037,episode_000004,episode_000004,lift,37,phase_gate_train,0.004170654402624154,0.0033929747228568924,0.0033929747228568924,0.0007776796797672614
episode_000004_000037,episode_000004,episode_000004,lift,37,oracle_min_raw_progress,0.004170654402624154,0.0033929747228568924,0.0033929747228568924,0.0007776796797672614
episode_000004_000037,episode_000004,episode_000004,lift,37,progress_gate_min_gap,0.004170654402624154,0.0033929747228568924,0.0033929747228568924,0.0007776796797672614
episode_000004_000037,episode_000004,episode_000004,lift,37,progress_gate_zero_worse,0.004170654402624154,0.0033929747228568924,0.004170654402624154,0.0
episode_000004_000037,episode_000004,episode_000004,lift,37,progress_gate_worse_le_1,0.004170654402624154,0.0033929747228568924,0.004170654402624154,0.0
episode_000004_000037,episode_000004,episode_000004,lift,37,progress_gate_lambda,0.004170654402624154,0.0033929747228568924,0.004170654402624154,0.0
episode_000004_000038,episode_000004,episode_000004,lift,38,raw_no_correction,0.0029528785062373844,0.0028806613602074737,0.0029528785062373844,0.0
episode_000004_000038,episode_000004,episode_000004,lift,38,progress_all,0.0029528785062373844,0.0028806613602074737,0.0028806613602074737,7.221714602991067e-05
episode_000004_000038,episode_000004,episode_000004,lift,38,phase_gate_train,0.0029528785062373844,0.0028806613602074737,0.0028806613602074737,7.221714602991067e-05
episode_000004_000038,episode_000004,episode_000004,lift,38,oracle_min_raw_progress,0.0029528785062373844,0.0028806613602074737,0.0028806613602074737,7.221714602991067e-05
episode_000004_000038,episode_000004,episode_000004,lift,38,progress_gate_min_gap,0.0029528785062373844,0.0028806613602074737,0.0028806613602074737,7.221714602991067e-05
episode_000004_000038,episode_000004,episode_000004,lift,38,progress_gate_zero_worse,0.0029528785062373844,0.0028806613602074737,0.0029528785062373844,0.0
episode_000004_000038,episode_000004,episode_000004,lift,38,progress_gate_worse_le_1,0.0029528785062373844,0.0028806613602074737,0.0029528785062373844,0.0
episode_000004_000038,episode_000004,episode_000004,lift,38,progress_gate_lambda,0.0029528785062373844,0.0028806613602074737,0.0029528785062373844,0.0
episode_000004_000039,episode_000004,episode_000004,lift,39,raw_no_correction,0.002786527440678008,0.0032406871239760125,0.002786527440678008,0.0
episode_000004_000039,episode_000004,episode_000004,lift,39,progress_all,0.002786527440678008,0.0032406871239760125,0.0032406871239760125,-0.00045415968329800454
episode_000004_000039,episode_000004,episode_000004,lift,39,phase_gate_train,0.002786527440678008,0.0032406871239760125,0.0032406871239760125,-0.00045415968329800454
episode_000004_000039,episode_000004,episode_000004,lift,39,oracle_min_raw_progress,0.002786527440678008,0.0032406871239760125,0.002786527440678008,0.0
episode_000004_000039,episode_000004,episode_000004,lift,39,progress_gate_min_gap,0.002786527440678008,0.0032406871239760125,0.0032406871239760125,-0.00045415968329800454
episode_000004_000039,episode_000004,episode_000004,lift,39,progress_gate_zero_worse,0.002786527440678008,0.0032406871239760125,0.002786527440678008,0.0
episode_000004_000039,episode_000004,episode_000004,lift,39,progress_gate_worse_le_1,0.002786527440678008,0.0032406871239760125,0.002786527440678008,0.0
episode_000004_000039,episode_000004,episode_000004,lift,39,progress_gate_lambda,0.002786527440678008,0.0032406871239760125,0.002786527440678008,0.0
episode_000004_000040,episode_000004,episode_000004,lift,40,raw_no_correction,0.001510946122842157,0.0020828611320278306,0.001510946122842157,0.0
episode_000004_000040,episode_000004,episode_000004,lift,40,progress_all,0.001510946122842157,0.0020828611320278306,0.0020828611320278306,-0.0005719150091856736
episode_000004_000040,episode_000004,episode_000004,lift,40,phase_gate_train,0.001510946122842157,0.0020828611320278306,0.0020828611320278306,-0.0005719150091856736
episode_000004_000040,episode_000004,episode_000004,lift,40,oracle_min_raw_progress,0.001510946122842157,0.0020828611320278306,0.001510946122842157,0.0
episode_000004_000040,episode_000004,episode_000004,lift,40,progress_gate_min_gap,0.001510946122842157,0.0020828611320278306,0.0020828611320278306,-0.0005719150091856736
episode_000004_000040,episode_000004,episode_000004,lift,40,progress_gate_zero_worse,0.001510946122842157,0.0020828611320278306,0.001510946122842157,0.0
episode_000004_000040,episode_000004,episode_000004,lift,40,progress_gate_worse_le_1,0.001510946122842157,0.0020828611320278306,0.001510946122842157,0.0
episode_000004_000040,episode_000004,episode_000004,lift,40,progress_gate_lambda,0.001510946122842157,0.0020828611320278306,0.001510946122842157,0.0
episode_000004_000041,episode_000004,episode_000004,lift,41,raw_no_correction,0.0036802726906134597,0.0036141991268375208,0.0036802726906134597,0.0
episode_000004_000041,episode_000004,episode_000004,lift,41,progress_all,0.0036802726906134597,0.0036141991268375208,0.0036141991268375208,6.607356377593895e-05
episode_000004_000041,episode_000004,episode_000004,lift,41,phase_gate_train,0.0036802726906134597,0.0036141991268375208,0.0036141991268375208,6.607356377593895e-05
episode_000004_000041,episode_000004,episode_000004,lift,41,oracle_min_raw_progress,0.0036802726906134597,0.0036141991268375208,0.0036141991268375208,6.607356377593895e-05
episode_000004_000041,episode_000004,episode_000004,lift,41,progress_gate_min_gap,0.0036802726906134597,0.0036141991268375208,0.0036141991268375208,6.607356377593895e-05
episode_000004_000041,episode_000004,episode_000004,lift,41,progress_gate_zero_worse,0.0036802726906134597,0.0036141991268375208,0.0036802726906134597,0.0
episode_000004_000041,episode_000004,episode_000004,lift,41,progress_gate_worse_le_1,0.0036802726906134597,0.0036141991268375208,0.0036802726906134597,0.0
episode_000004_000041,episode_000004,episode_000004,lift,41,progress_gate_lambda,0.0036802726906134597,0.0036141991268375208,0.0036802726906134597,0.0
episode_000004_000042,episode_000004,episode_000004,lift,42,raw_no_correction,0.002353167090179547,0.0021361566185538654,0.002353167090179547,0.0
episode_000004_000042,episode_000004,episode_000004,lift,42,progress_all,0.002353167090179547,0.0021361566185538654,0.0021361566185538654,0.00021701047162568177
episode_000004_000042,episode_000004,episode_000004,lift,42,phase_gate_train,0.002353167090179547,0.0021361566185538654,0.0021361566185538654,0.00021701047162568177
episode_000004_000042,episode_000004,episode_000004,lift,42,oracle_min_raw_progress,0.002353167090179547,0.0021361566185538654,0.0021361566185538654,0.00021701047162568177
episode_000004_000042,episode_000004,episode_000004,lift,42,progress_gate_min_gap,0.002353167090179547,0.0021361566185538654,0.0021361566185538654,0.00021701047162568177
episode_000004_000042,episode_000004,episode_000004,lift,42,progress_gate_zero_worse,0.002353167090179547,0.0021361566185538654,0.002353167090179547,0.0
episode_000004_000042,episode_000004,episode_000004,lift,42,progress_gate_worse_le_1,0.002353167090179547,0.0021361566185538654,0.002353167090179547,0.0
episode_000004_000042,episode_000004,episode_000004,lift,42,progress_gate_lambda,0.002353167090179547,0.0021361566185538654,0.002353167090179547,0.0
episode_000004_000043,episode_000004,episode_000004,lift,43,raw_no_correction,0.002068474617034746,0.0018532475946827515,0.002068474617034746,0.0
episode_000004_000043,episode_000004,episode_000004,lift,43,progress_all,0.002068474617034746,0.0018532475946827515,0.0018532475946827515,0.00021522702235199451
episode_000004_000043,episode_000004,episode_000004,lift,43,phase_gate_train,0.002068474617034746,0.0018532475946827515,0.0018532475946827515,0.00021522702235199451
episode_000004_000043,episode_000004,episode_000004,lift,43,oracle_min_raw_progress,0.002068474617034746,0.0018532475946827515,0.0018532475946827515,0.00021522702235199451
episode_000004_000043,episode_000004,episode_000004,lift,43,progress_gate_min_gap,0.002068474617034746,0.0018532475946827515,0.0018532475946827515,0.00021522702235199451
episode_000004_000043,episode_000004,episode_000004,lift,43,progress_gate_zero_worse,0.002068474617034746,0.0018532475946827515,0.002068474617034746,0.0
episode_000004_000043,episode_000004,episode_000004,lift,43,progress_gate_worse_le_1,0.002068474617034746,0.0018532475946827515,0.002068474617034746,0.0
episode_000004_000043,episode_000004,episode_000004,lift,43,progress_gate_lambda,0.002068474617034746,0.0018532475946827515,0.002068474617034746,0.0
episode_000004_000044,episode_000004,episode_000004,lift,44,raw_no_correction,0.002035881480872159,0.001876481232966883,0.002035881480872159,0.0
episode_000004_000044,episode_000004,episode_000004,lift,44,progress_all,0.002035881480872159,0.001876481232966883,0.001876481232966883,0.00015940024790527625
episode_000004_000044,episode_000004,episode_000004,lift,44,phase_gate_train,0.002035881480872159,0.001876481232966883,0.001876481232966883,0.00015940024790527625
episode_000004_000044,episode_000004,episode_000004,lift,44,oracle_min_raw_progress,0.002035881480872159,0.001876481232966883,0.001876481232966883,0.00015940024790527625
episode_000004_000044,episode_000004,episode_000004,lift,44,progress_gate_min_gap,0.002035881480872159,0.001876481232966883,0.001876481232966883,0.00015940024790527625
episode_000004_000044,episode_000004,episode_000004,lift,44,progress_gate_zero_worse,0.002035881480872159,0.001876481232966883,0.002035881480872159,0.0
episode_000004_000044,episode_000004,episode_000004,lift,44,progress_gate_worse_le_1,0.002035881480872159,0.001876481232966883,0.002035881480872159,0.0
episode_000004_000044,episode_000004,episode_000004,lift,44,progress_gate_lambda,0.002035881480872159,0.001876481232966883,0.002035881480872159,0.0
episode_000005_000000,episode_000005,episode_000005,hold,0,raw_no_correction,0.7243139219898925,0.015449730278450957,0.7243139219898925,0.0
episode_000005_000000,episode_000005,episode_000005,hold,0,progress_all,0.7243139219898925,0.015449730278450957,0.015449730278450957,0.7088641917114415
episode_000005_000000,episode_000005,episode_000005,hold,0,phase_gate_train,0.7243139219898925,0.015449730278450957,0.015449730278450957,0.7088641917114415
episode_000005_000000,episode_000005,episode_000005,hold,0,oracle_min_raw_progress,0.7243139219898925,0.015449730278450957,0.015449730278450957,0.7088641917114415
episode_000005_000000,episode_000005,episode_000005,hold,0,progress_gate_min_gap,0.7243139219898925,0.015449730278450957,0.015449730278450957,0.7088641917114415
episode_000005_000000,episode_000005,episode_000005,hold,0,progress_gate_zero_worse,0.7243139219898925,0.015449730278450957,0.015449730278450957,0.7088641917114415
episode_000005_000000,episode_000005,episode_000005,hold,0,progress_gate_worse_le_1,0.7243139219898925,0.015449730278450957,0.015449730278450957,0.7088641917114415
episode_000005_000000,episode_000005,episode_000005,hold,0,progress_gate_lambda,0.7243139219898925,0.015449730278450957,0.015449730278450957,0.7088641917114415
episode_000005_000001,episode_000005,episode_000005,hold,1,raw_no_correction,0.7198074218224999,0.013965348867271007,0.7198074218224999,0.0
episode_000005_000001,episode_000005,episode_000005,hold,1,progress_all,0.7198074218224999,0.013965348867271007,0.013965348867271007,0.7058420729552289
episode_000005_000001,episode_000005,episode_000005,hold,1,phase_gate_train,0.7198074218224999,0.013965348867271007,0.013965348867271007,0.7058420729552289
episode_000005_000001,episode_000005,episode_000005,hold,1,oracle_min_raw_progress,0.7198074218224999,0.013965348867271007,0.013965348867271007,0.7058420729552289
episode_000005_000001,episode_000005,episode_000005,hold,1,progress_gate_min_gap,0.7198074218224999,0.013965348867271007,0.013965348867271007,0.7058420729552289
episode_000005_000001,episode_000005,episode_000005,hold,1,progress_gate_zero_worse,0.7198074218224999,0.013965348867271007,0.013965348867271007,0.7058420729552289
episode_000005_000001,episode_000005,episode_000005,hold,1,progress_gate_worse_le_1,0.7198074218224999,0.013965348867271007,0.013965348867271007,0.7058420729552289
episode_000005_000001,episode_000005,episode_000005,hold,1,progress_gate_lambda,0.7198074218224999,0.013965348867271007,0.013965348867271007,0.7058420729552289
episode_000005_000002,episode_000005,episode_000005,alignment,2,raw_no_correction,0.7233166391097599,0.01428679005845675,0.7233166391097599,0.0
episode_000005_000002,episode_000005,episode_000005,alignment,2,progress_all,0.7233166391097599,0.01428679005845675,0.01428679005845675,0.7090298490513031
episode_000005_000002,episode_000005,episode_000005,alignment,2,phase_gate_train,0.7233166391097599,0.01428679005845675,0.01428679005845675,0.7090298490513031
episode_000005_000002,episode_000005,episode_000005,alignment,2,oracle_min_raw_progress,0.7233166391097599,0.01428679005845675,0.01428679005845675,0.7090298490513031
episode_000005_000002,episode_000005,episode_000005,alignment,2,progress_gate_min_gap,0.7233166391097599,0.01428679005845675,0.01428679005845675,0.7090298490513031
episode_000005_000002,episode_000005,episode_000005,alignment,2,progress_gate_zero_worse,0.7233166391097599,0.01428679005845675,0.01428679005845675,0.7090298490513031
episode_000005_000002,episode_000005,episode_000005,alignment,2,progress_gate_worse_le_1,0.7233166391097599,0.01428679005845675,0.01428679005845675,0.7090298490513031
episode_000005_000002,episode_000005,episode_000005,alignment,2,progress_gate_lambda,0.7233166391097599,0.01428679005845675,0.01428679005845675,0.7090298490513031
episode_000005_000003,episode_000005,episode_000005,alignment,3,raw_no_correction,0.7266195874396937,0.01467290284114874,0.7266195874396937,0.0
episode_000005_000003,episode_000005,episode_000005,alignment,3,progress_all,0.7266195874396937,0.01467290284114874,0.01467290284114874,0.7119466845985449
episode_000005_000003,episode_000005,episode_000005,alignment,3,phase_gate_train,0.7266195874396937,0.01467290284114874,0.01467290284114874,0.7119466845985449
episode_000005_000003,episode_000005,episode_000005,alignment,3,oracle_min_raw_progress,0.7266195874396937,0.01467290284114874,0.01467290284114874,0.7119466845985449
episode_000005_000003,episode_000005,episode_000005,alignment,3,progress_gate_min_gap,0.7266195874396937,0.01467290284114874,0.01467290284114874,0.7119466845985449
episode_000005_000003,episode_000005,episode_000005,alignment,3,progress_gate_zero_worse,0.7266195874396937,0.01467290284114874,0.01467290284114874,0.7119466845985449
episode_000005_000003,episode_000005,episode_000005,alignment,3,progress_gate_worse_le_1,0.7266195874396937,0.01467290284114874,0.01467290284114874,0.7119466845985449
episode_000005_000003,episode_000005,episode_000005,alignment,3,progress_gate_lambda,0.7266195874396937,0.01467290284114874,0.01467290284114874,0.7119466845985449
episode_000005_000004,episode_000005,episode_000005,alignment,4,raw_no_correction,0.7393314007327565,0.023896257803831693,0.7393314007327565,0.0
episode_000005_000004,episode_000005,episode_000005,alignment,4,progress_all,0.7393314007327565,0.023896257803831693,0.023896257803831693,0.7154351429289248
episode_000005_000004,episode_000005,episode_000005,alignment,4,phase_gate_train,0.7393314007327565,0.023896257803831693,0.023896257803831693,0.7154351429289248
episode_000005_000004,episode_000005,episode_000005,alignment,4,oracle_min_raw_progress,0.7393314007327565,0.023896257803831693,0.023896257803831693,0.7154351429289248
episode_000005_000004,episode_000005,episode_000005,alignment,4,progress_gate_min_gap,0.7393314007327565,0.023896257803831693,0.023896257803831693,0.7154351429289248
episode_000005_000004,episode_000005,episode_000005,alignment,4,progress_gate_zero_worse,0.7393314007327565,0.023896257803831693,0.023896257803831693,0.7154351429289248
episode_000005_000004,episode_000005,episode_000005,alignment,4,progress_gate_worse_le_1,0.7393314007327565,0.023896257803831693,0.023896257803831693,0.7154351429289248
episode_000005_000004,episode_000005,episode_000005,alignment,4,progress_gate_lambda,0.7393314007327565,0.023896257803831693,0.023896257803831693,0.7154351429289248
episode_000005_000005,episode_000005,episode_000005,alignment,5,raw_no_correction,0.8663639787448985,0.04175710193975471,0.8663639787448985,0.0
episode_000005_000005,episode_000005,episode_000005,alignment,5,progress_all,0.8663639787448985,0.04175710193975471,0.04175710193975471,0.8246068768051438
episode_000005_000005,episode_000005,episode_000005,alignment,5,phase_gate_train,0.8663639787448985,0.04175710193975471,0.04175710193975471,0.8246068768051438
episode_000005_000005,episode_000005,episode_000005,alignment,5,oracle_min_raw_progress,0.8663639787448985,0.04175710193975471,0.04175710193975471,0.8246068768051438
episode_000005_000005,episode_000005,episode_000005,alignment,5,progress_gate_min_gap,0.8663639787448985,0.04175710193975471,0.04175710193975471,0.8246068768051438
episode_000005_000005,episode_000005,episode_000005,alignment,5,progress_gate_zero_worse,0.8663639787448985,0.04175710193975471,0.04175710193975471,0.8246068768051438
episode_000005_000005,episode_000005,episode_000005,alignment,5,progress_gate_worse_le_1,0.8663639787448985,0.04175710193975471,0.04175710193975471,0.8246068768051438
episode_000005_000005,episode_000005,episode_000005,alignment,5,progress_gate_lambda,0.8663639787448985,0.04175710193975471,0.04175710193975471,0.8246068768051438
episode_000005_000006,episode_000005,episode_000005,alignment,6,raw_no_correction,0.8525084932229433,0.023813999907903494,0.8525084932229433,0.0
episode_000005_000006,episode_000005,episode_000005,alignment,6,progress_all,0.8525084932229433,0.023813999907903494,0.023813999907903494,0.8286944933150399
episode_000005_000006,episode_000005,episode_000005,alignment,6,phase_gate_train,0.8525084932229433,0.023813999907903494,0.023813999907903494,0.8286944933150399
episode_000005_000006,episode_000005,episode_000005,alignment,6,oracle_min_raw_progress,0.8525084932229433,0.023813999907903494,0.023813999907903494,0.8286944933150399
episode_000005_000006,episode_000005,episode_000005,alignment,6,progress_gate_min_gap,0.8525084932229433,0.023813999907903494,0.023813999907903494,0.8286944933150399
episode_000005_000006,episode_000005,episode_000005,alignment,6,progress_gate_zero_worse,0.8525084932229433,0.023813999907903494,0.023813999907903494,0.8286944933150399
episode_000005_000006,episode_000005,episode_000005,alignment,6,progress_gate_worse_le_1,0.8525084932229433,0.023813999907903494,0.023813999907903494,0.8286944933150399
episode_000005_000006,episode_000005,episode_000005,alignment,6,progress_gate_lambda,0.8525084932229433,0.023813999907903494,0.023813999907903494,0.8286944933150399
episode_000005_000007,episode_000005,episode_000005,alignment,7,raw_no_correction,0.9127752960284881,0.06501257461002838,0.9127752960284881,0.0
episode_000005_000007,episode_000005,episode_000005,alignment,7,progress_all,0.9127752960284881,0.06501257461002838,0.06501257461002838,0.8477627214184597
episode_000005_000007,episode_000005,episode_000005,alignment,7,phase_gate_train,0.9127752960284881,0.06501257461002838,0.06501257461002838,0.8477627214184597
episode_000005_000007,episode_000005,episode_000005,alignment,7,oracle_min_raw_progress,0.9127752960284881,0.06501257461002838,0.06501257461002838,0.8477627214184597
episode_000005_000007,episode_000005,episode_000005,alignment,7,progress_gate_min_gap,0.9127752960284881,0.06501257461002838,0.06501257461002838,0.8477627214184597
episode_000005_000007,episode_000005,episode_000005,alignment,7,progress_gate_zero_worse,0.9127752960284881,0.06501257461002838,0.06501257461002838,0.8477627214184597
episode_000005_000007,episode_000005,episode_000005,alignment,7,progress_gate_worse_le_1,0.9127752960284881,0.06501257461002838,0.06501257461002838,0.8477627214184597
episode_000005_000007,episode_000005,episode_000005,alignment,7,progress_gate_lambda,0.9127752960284881,0.06501257461002838,0.06501257461002838,0.8477627214184597
episode_000005_000008,episode_000005,episode_000005,alignment,8,raw_no_correction,0.8661537278362239,0.015512388442174124,0.8661537278362239,0.0
episode_000005_000008,episode_000005,episode_000005,alignment,8,progress_all,0.8661537278362239,0.015512388442174124,0.015512388442174124,0.8506413393940497
episode_000005_000008,episode_000005,episode_000005,alignment,8,phase_gate_train,0.8661537278362239,0.015512388442174124,0.015512388442174124,0.8506413393940497
episode_000005_000008,episode_000005,episode_000005,alignment,8,oracle_min_raw_progress,0.8661537278362239,0.015512388442174124,0.015512388442174124,0.8506413393940497
episode_000005_000008,episode_000005,episode_000005,alignment,8,progress_gate_min_gap,0.8661537278362239,0.015512388442174124,0.015512388442174124,0.8506413393940497
episode_000005_000008,episode_000005,episode_000005,alignment,8,progress_gate_zero_worse,0.8661537278362239,0.015512388442174124,0.015512388442174124,0.8506413393940497
episode_000005_000008,episode_000005,episode_000005,alignment,8,progress_gate_worse_le_1,0.8661537278362239,0.015512388442174124,0.015512388442174124,0.8506413393940497
episode_000005_000008,episode_000005,episode_000005,alignment,8,progress_gate_lambda,0.8661537278362239,0.015512388442174124,0.015512388442174124,0.8506413393940497
episode_000005_000009,episode_000005,episode_000005,alignment,9,raw_no_correction,0.9072043868968223,0.012550318376375647,0.9072043868968223,0.0
episode_000005_000009,episode_000005,episode_000005,alignment,9,progress_all,0.9072043868968223,0.012550318376375647,0.012550318376375647,0.8946540685204466
episode_000005_000009,episode_000005,episode_000005,alignment,9,phase_gate_train,0.9072043868968223,0.012550318376375647,0.012550318376375647,0.8946540685204466
episode_000005_000009,episode_000005,episode_000005,alignment,9,oracle_min_raw_progress,0.9072043868968223,0.012550318376375647,0.012550318376375647,0.8946540685204466
episode_000005_000009,episode_000005,episode_000005,alignment,9,progress_gate_min_gap,0.9072043868968223,0.012550318376375647,0.012550318376375647,0.8946540685204466
episode_000005_000009,episode_000005,episode_000005,alignment,9,progress_gate_zero_worse,0.9072043868968223,0.012550318376375647,0.012550318376375647,0.8946540685204466
episode_000005_000009,episode_000005,episode_000005,alignment,9,progress_gate_worse_le_1,0.9072043868968223,0.012550318376375647,0.012550318376375647,0.8946540685204466
episode_000005_000009,episode_000005,episode_000005,alignment,9,progress_gate_lambda,0.9072043868968223,0.012550318376375647,0.012550318376375647,0.8946540685204466
episode_000005_000010,episode_000005,episode_000005,alignment,10,raw_no_correction,0.9326647506001722,0.07841365375803722,0.9326647506001722,0.0
episode_000005_000010,episode_000005,episode_000005,alignment,10,progress_all,0.9326647506001722,0.07841365375803722,0.07841365375803722,0.854251096842135
episode_000005_000010,episode_000005,episode_000005,alignment,10,phase_gate_train,0.9326647506001722,0.07841365375803722,0.07841365375803722,0.854251096842135
episode_000005_000010,episode_000005,episode_000005,alignment,10,oracle_min_raw_progress,0.9326647506001722,0.07841365375803722,0.07841365375803722,0.854251096842135
episode_000005_000010,episode_000005,episode_000005,alignment,10,progress_gate_min_gap,0.9326647506001722,0.07841365375803722,0.07841365375803722,0.854251096842135
episode_000005_000010,episode_000005,episode_000005,alignment,10,progress_gate_zero_worse,0.9326647506001722,0.07841365375803722,0.07841365375803722,0.854251096842135
episode_000005_000010,episode_000005,episode_000005,alignment,10,progress_gate_worse_le_1,0.9326647506001722,0.07841365375803722,0.07841365375803722,0.854251096842135
episode_000005_000010,episode_000005,episode_000005,alignment,10,progress_gate_lambda,0.9326647506001722,0.07841365375803722,0.07841365375803722,0.854251096842135
episode_000005_000011,episode_000005,episode_000005,alignment,11,raw_no_correction,0.9163991710749348,0.17920526056139036,0.9163991710749348,0.0
episode_000005_000011,episode_000005,episode_000005,alignment,11,progress_all,0.9163991710749348,0.17920526056139036,0.17920526056139036,0.7371939105135445
episode_000005_000011,episode_000005,episode_000005,alignment,11,phase_gate_train,0.9163991710749348,0.17920526056139036,0.17920526056139036,0.7371939105135445
episode_000005_000011,episode_000005,episode_000005,alignment,11,oracle_min_raw_progress,0.9163991710749348,0.17920526056139036,0.17920526056139036,0.7371939105135445
episode_000005_000011,episode_000005,episode_000005,alignment,11,progress_gate_min_gap,0.9163991710749348,0.17920526056139036,0.17920526056139036,0.7371939105135445
episode_000005_000011,episode_000005,episode_000005,alignment,11,progress_gate_zero_worse,0.9163991710749348,0.17920526056139036,0.17920526056139036,0.7371939105135445
episode_000005_000011,episode_000005,episode_000005,alignment,11,progress_gate_worse_le_1,0.9163991710749348,0.17920526056139036,0.17920526056139036,0.7371939105135445
episode_000005_000011,episode_000005,episode_000005,alignment,11,progress_gate_lambda,0.9163991710749348,0.17920526056139036,0.17920526056139036,0.7371939105135445
episode_000005_000012,episode_000005,episode_000005,alignment,12,raw_no_correction,0.9155195919623631,0.2728884622974033,0.9155195919623631,0.0
episode_000005_000012,episode_000005,episode_000005,alignment,12,progress_all,0.9155195919623631,0.2728884622974033,0.2728884622974033,0.6426311296649598
episode_000005_000012,episode_000005,episode_000005,alignment,12,phase_gate_train,0.9155195919623631,0.2728884622974033,0.2728884622974033,0.6426311296649598
episode_000005_000012,episode_000005,episode_000005,alignment,12,oracle_min_raw_progress,0.9155195919623631,0.2728884622974033,0.2728884622974033,0.6426311296649598
episode_000005_000012,episode_000005,episode_000005,alignment,12,progress_gate_min_gap,0.9155195919623631,0.2728884622974033,0.2728884622974033,0.6426311296649598
episode_000005_000012,episode_000005,episode_000005,alignment,12,progress_gate_zero_worse,0.9155195919623631,0.2728884622974033,0.2728884622974033,0.6426311296649598
episode_000005_000012,episode_000005,episode_000005,alignment,12,progress_gate_worse_le_1,0.9155195919623631,0.2728884622974033,0.2728884622974033,0.6426311296649598
episode_000005_000012,episode_000005,episode_000005,alignment,12,progress_gate_lambda,0.9155195919623631,0.2728884622974033,0.2728884622974033,0.6426311296649598
episode_000005_000013,episode_000005,episode_000005,alignment,13,raw_no_correction,0.8965454287684711,0.3019863861794532,0.8965454287684711,0.0
episode_000005_000013,episode_000005,episode_000005,alignment,13,progress_all,0.8965454287684711,0.3019863861794532,0.3019863861794532,0.5945590425890179
episode_000005_000013,episode_000005,episode_000005,alignment,13,phase_gate_train,0.8965454287684711,0.3019863861794532,0.3019863861794532,0.5945590425890179
episode_000005_000013,episode_000005,episode_000005,alignment,13,oracle_min_raw_progress,0.8965454287684711,0.3019863861794532,0.3019863861794532,0.5945590425890179
episode_000005_000013,episode_000005,episode_000005,alignment,13,progress_gate_min_gap,0.8965454287684711,0.3019863861794532,0.3019863861794532,0.5945590425890179
episode_000005_000013,episode_000005,episode_000005,alignment,13,progress_gate_zero_worse,0.8965454287684711,0.3019863861794532,0.3019863861794532,0.5945590425890179
episode_000005_000013,episode_000005,episode_000005,alignment,13,progress_gate_worse_le_1,0.8965454287684711,0.3019863861794532,0.3019863861794532,0.5945590425890179
episode_000005_000013,episode_000005,episode_000005,alignment,13,progress_gate_lambda,0.8965454287684711,0.3019863861794532,0.3019863861794532,0.5945590425890179
episode_000005_000014,episode_000005,episode_000005,alignment,14,raw_no_correction,0.8862982623052336,0.3891154176072395,0.8862982623052336,0.0
episode_000005_000014,episode_000005,episode_000005,alignment,14,progress_all,0.8862982623052336,0.3891154176072395,0.3891154176072395,0.49718284469799406
episode_000005_000014,episode_000005,episode_000005,alignment,14,phase_gate_train,0.8862982623052336,0.3891154176072395,0.3891154176072395,0.49718284469799406
episode_000005_000014,episode_000005,episode_000005,alignment,14,oracle_min_raw_progress,0.8862982623052336,0.3891154176072395,0.3891154176072395,0.49718284469799406
episode_000005_000014,episode_000005,episode_000005,alignment,14,progress_gate_min_gap,0.8862982623052336,0.3891154176072395,0.3891154176072395,0.49718284469799406
episode_000005_000014,episode_000005,episode_000005,alignment,14,progress_gate_zero_worse,0.8862982623052336,0.3891154176072395,0.3891154176072395,0.49718284469799406
episode_000005_000014,episode_000005,episode_000005,alignment,14,progress_gate_worse_le_1,0.8862982623052336,0.3891154176072395,0.3891154176072395,0.49718284469799406
episode_000005_000014,episode_000005,episode_000005,alignment,14,progress_gate_lambda,0.8862982623052336,0.3891154176072395,0.3891154176072395,0.49718284469799406
episode_000005_000015,episode_000005,episode_000005,alignment,15,raw_no_correction,0.8464796211450674,0.3893086768746625,0.8464796211450674,0.0
episode_000005_000015,episode_000005,episode_000005,alignment,15,progress_all,0.8464796211450674,0.3893086768746625,0.3893086768746625,0.4571709442704049
episode_000005_000015,episode_000005,episode_000005,alignment,15,phase_gate_train,0.8464796211450674,0.3893086768746625,0.3893086768746625,0.4571709442704049
episode_000005_000015,episode_000005,episode_000005,alignment,15,oracle_min_raw_progress,0.8464796211450674,0.3893086768746625,0.3893086768746625,0.4571709442704049
episode_000005_000015,episode_000005,episode_000005,alignment,15,progress_gate_min_gap,0.8464796211450674,0.3893086768746625,0.3893086768746625,0.4571709442704049
episode_000005_000015,episode_000005,episode_000005,alignment,15,progress_gate_zero_worse,0.8464796211450674,0.3893086768746625,0.3893086768746625,0.4571709442704049
episode_000005_000015,episode_000005,episode_000005,alignment,15,progress_gate_worse_le_1,0.8464796211450674,0.3893086768746625,0.3893086768746625,0.4571709442704049
episode_000005_000015,episode_000005,episode_000005,alignment,15,progress_gate_lambda,0.8464796211450674,0.3893086768746625,0.3893086768746625,0.4571709442704049
episode_000005_000016,episode_000005,episode_000005,alignment,16,raw_no_correction,0.8447866157477444,0.4160868487495847,0.8447866157477444,0.0
episode_000005_000016,episode_000005,episode_000005,alignment,16,progress_all,0.8447866157477444,0.4160868487495847,0.4160868487495847,0.4286997669981597
episode_000005_000016,episode_000005,episode_000005,alignment,16,phase_gate_train,0.8447866157477444,0.4160868487495847,0.4160868487495847,0.4286997669981597
episode_000005_000016,episode_000005,episode_000005,alignment,16,oracle_min_raw_progress,0.8447866157477444,0.4160868487495847,0.4160868487495847,0.4286997669981597
episode_000005_000016,episode_000005,episode_000005,alignment,16,progress_gate_min_gap,0.8447866157477444,0.4160868487495847,0.4160868487495847,0.4286997669981597
episode_000005_000016,episode_000005,episode_000005,alignment,16,progress_gate_zero_worse,0.8447866157477444,0.4160868487495847,0.4160868487495847,0.4286997669981597
episode_000005_000016,episode_000005,episode_000005,alignment,16,progress_gate_worse_le_1,0.8447866157477444,0.4160868487495847,0.4160868487495847,0.4286997669981597
episode_000005_000016,episode_000005,episode_000005,alignment,16,progress_gate_lambda,0.8447866157477444,0.4160868487495847,0.4160868487495847,0.4286997669981597
episode_000005_000017,episode_000005,episode_000005,descent_to_grasp,17,raw_no_correction,0.8413299267604571,0.4313497808259095,0.8413299267604571,0.0
episode_000005_000017,episode_000005,episode_000005,descent_to_grasp,17,progress_all,0.8413299267604571,0.4313497808259095,0.4313497808259095,0.4099801459345476
episode_000005_000017,episode_000005,episode_000005,descent_to_grasp,17,phase_gate_train,0.8413299267604571,0.4313497808259095,0.4313497808259095,0.4099801459345476
episode_000005_000017,episode_000005,episode_000005,descent_to_grasp,17,oracle_min_raw_progress,0.8413299267604571,0.4313497808259095,0.4313497808259095,0.4099801459345476
episode_000005_000017,episode_000005,episode_000005,descent_to_grasp,17,progress_gate_min_gap,0.8413299267604571,0.4313497808259095,0.4313497808259095,0.4099801459345476
episode_000005_000017,episode_000005,episode_000005,descent_to_grasp,17,progress_gate_zero_worse,0.8413299267604571,0.4313497808259095,0.4313497808259095,0.4099801459345476
episode_000005_000017,episode_000005,episode_000005,descent_to_grasp,17,progress_gate_worse_le_1,0.8413299267604571,0.4313497808259095,0.4313497808259095,0.4099801459345476
episode_000005_000017,episode_000005,episode_000005,descent_to_grasp,17,progress_gate_lambda,0.8413299267604571,0.4313497808259095,0.4313497808259095,0.4099801459345476
episode_000005_000018,episode_000005,episode_000005,descent_to_grasp,18,raw_no_correction,0.8539607776741336,0.48707707639842945,0.8539607776741336,0.0
episode_000005_000018,episode_000005,episode_000005,descent_to_grasp,18,progress_all,0.8539607776741336,0.48707707639842945,0.48707707639842945,0.36688370127570413
episode_000005_000018,episode_000005,episode_000005,descent_to_grasp,18,phase_gate_train,0.8539607776741336,0.48707707639842945,0.48707707639842945,0.36688370127570413
episode_000005_000018,episode_000005,episode_000005,descent_to_grasp,18,oracle_min_raw_progress,0.8539607776741336,0.48707707639842945,0.48707707639842945,0.36688370127570413
episode_000005_000018,episode_000005,episode_000005,descent_to_grasp,18,progress_gate_min_gap,0.8539607776741336,0.48707707639842945,0.48707707639842945,0.36688370127570413
episode_000005_000018,episode_000005,episode_000005,descent_to_grasp,18,progress_gate_zero_worse,0.8539607776741336,0.48707707639842945,0.48707707639842945,0.36688370127570413
episode_000005_000018,episode_000005,episode_000005,descent_to_grasp,18,progress_gate_worse_le_1,0.8539607776741336,0.48707707639842945,0.48707707639842945,0.36688370127570413
episode_000005_000018,episode_000005,episode_000005,descent_to_grasp,18,progress_gate_lambda,0.8539607776741336,0.48707707639842945,0.48707707639842945,0.36688370127570413
episode_000005_000019,episode_000005,episode_000005,descent_to_grasp,19,raw_no_correction,0.8210274694984285,0.5120351991829329,0.8210274694984285,0.0
episode_000005_000019,episode_000005,episode_000005,descent_to_grasp,19,progress_all,0.8210274694984285,0.5120351991829329,0.5120351991829329,0.3089922703154956
episode_000005_000019,episode_000005,episode_000005,descent_to_grasp,19,phase_gate_train,0.8210274694984285,0.5120351991829329,0.5120351991829329,0.3089922703154956
episode_000005_000019,episode_000005,episode_000005,descent_to_grasp,19,oracle_min_raw_progress,0.8210274694984285,0.5120351991829329,0.5120351991829329,0.3089922703154956
episode_000005_000019,episode_000005,episode_000005,descent_to_grasp,19,progress_gate_min_gap,0.8210274694984285,0.5120351991829329,0.5120351991829329,0.3089922703154956
episode_000005_000019,episode_000005,episode_000005,descent_to_grasp,19,progress_gate_zero_worse,0.8210274694984285,0.5120351991829329,0.5120351991829329,0.3089922703154956
episode_000005_000019,episode_000005,episode_000005,descent_to_grasp,19,progress_gate_worse_le_1,0.8210274694984285,0.5120351991829329,0.5120351991829329,0.3089922703154956
episode_000005_000019,episode_000005,episode_000005,descent_to_grasp,19,progress_gate_lambda,0.8210274694984285,0.5120351991829329,0.5120351991829329,0.3089922703154956
episode_000005_000020,episode_000005,episode_000005,descent_to_grasp,20,raw_no_correction,0.7716677537230572,0.46569031186269993,0.7716677537230572,0.0
episode_000005_000020,episode_000005,episode_000005,descent_to_grasp,20,progress_all,0.7716677537230572,0.46569031186269993,0.46569031186269993,0.30597744186035725
episode_000005_000020,episode_000005,episode_000005,descent_to_grasp,20,phase_gate_train,0.7716677537230572,0.46569031186269993,0.46569031186269993,0.30597744186035725
episode_000005_000020,episode_000005,episode_000005,descent_to_grasp,20,oracle_min_raw_progress,0.7716677537230572,0.46569031186269993,0.46569031186269993,0.30597744186035725
episode_000005_000020,episode_000005,episode_000005,descent_to_grasp,20,progress_gate_min_gap,0.7716677537230572,0.46569031186269993,0.46569031186269993,0.30597744186035725
episode_000005_000020,episode_000005,episode_000005,descent_to_grasp,20,progress_gate_zero_worse,0.7716677537230572,0.46569031186269993,0.46569031186269993,0.30597744186035725
episode_000005_000020,episode_000005,episode_000005,descent_to_grasp,20,progress_gate_worse_le_1,0.7716677537230572,0.46569031186269993,0.46569031186269993,0.30597744186035725
episode_000005_000020,episode_000005,episode_000005,descent_to_grasp,20,progress_gate_lambda,0.7716677537230572,0.46569031186269993,0.46569031186269993,0.30597744186035725
episode_000005_000021,episode_000005,episode_000005,descent_to_grasp,21,raw_no_correction,0.5390252332928213,0.06352913027999461,0.5390252332928213,0.0
episode_000005_000021,episode_000005,episode_000005,descent_to_grasp,21,progress_all,0.5390252332928213,0.06352913027999461,0.06352913027999461,0.47549610301282663
episode_000005_000021,episode_000005,episode_000005,descent_to_grasp,21,phase_gate_train,0.5390252332928213,0.06352913027999461,0.06352913027999461,0.47549610301282663
episode_000005_000021,episode_000005,episode_000005,descent_to_grasp,21,oracle_min_raw_progress,0.5390252332928213,0.06352913027999461,0.06352913027999461,0.47549610301282663
episode_000005_000021,episode_000005,episode_000005,descent_to_grasp,21,progress_gate_min_gap,0.5390252332928213,0.06352913027999461,0.06352913027999461,0.47549610301282663
episode_000005_000021,episode_000005,episode_000005,descent_to_grasp,21,progress_gate_zero_worse,0.5390252332928213,0.06352913027999461,0.06352913027999461,0.47549610301282663
episode_000005_000021,episode_000005,episode_000005,descent_to_grasp,21,progress_gate_worse_le_1,0.5390252332928213,0.06352913027999461,0.06352913027999461,0.47549610301282663
episode_000005_000021,episode_000005,episode_000005,descent_to_grasp,21,progress_gate_lambda,0.5390252332928213,0.06352913027999461,0.06352913027999461,0.47549610301282663
episode_000005_000022,episode_000005,episode_000005,descent_to_grasp,22,raw_no_correction,0.3889267522382203,0.2948046013381435,0.3889267522382203,0.0
episode_000005_000022,episode_000005,episode_000005,descent_to_grasp,22,progress_all,0.3889267522382203,0.2948046013381435,0.2948046013381435,0.0941221509000768
episode_000005_000022,episode_000005,episode_000005,descent_to_grasp,22,phase_gate_train,0.3889267522382203,0.2948046013381435,0.2948046013381435,0.0941221509000768
episode_000005_000022,episode_000005,episode_000005,descent_to_grasp,22,oracle_min_raw_progress,0.3889267522382203,0.2948046013381435,0.2948046013381435,0.0941221509000768
episode_000005_000022,episode_000005,episode_000005,descent_to_grasp,22,progress_gate_min_gap,0.3889267522382203,0.2948046013381435,0.2948046013381435,0.0941221509000768
episode_000005_000022,episode_000005,episode_000005,descent_to_grasp,22,progress_gate_zero_worse,0.3889267522382203,0.2948046013381435,0.3889267522382203,0.0
episode_000005_000022,episode_000005,episode_000005,descent_to_grasp,22,progress_gate_worse_le_1,0.3889267522382203,0.2948046013381435,0.2948046013381435,0.0941221509000768
episode_000005_000022,episode_000005,episode_000005,descent_to_grasp,22,progress_gate_lambda,0.3889267522382203,0.2948046013381435,0.2948046013381435,0.0941221509000768
episode_000005_000023,episode_000005,episode_000005,descent_to_grasp,23,raw_no_correction,0.1855829257129563,0.16307407601705565,0.1855829257129563,0.0
episode_000005_000023,episode_000005,episode_000005,descent_to_grasp,23,progress_all,0.1855829257129563,0.16307407601705565,0.16307407601705565,0.02250884969590064
episode_000005_000023,episode_000005,episode_000005,descent_to_grasp,23,phase_gate_train,0.1855829257129563,0.16307407601705565,0.16307407601705565,0.02250884969590064
episode_000005_000023,episode_000005,episode_000005,descent_to_grasp,23,oracle_min_raw_progress,0.1855829257129563,0.16307407601705565,0.16307407601705565,0.02250884969590064
episode_000005_000023,episode_000005,episode_000005,descent_to_grasp,23,progress_gate_min_gap,0.1855829257129563,0.16307407601705565,0.16307407601705565,0.02250884969590064
episode_000005_000023,episode_000005,episode_000005,descent_to_grasp,23,progress_gate_zero_worse,0.1855829257129563,0.16307407601705565,0.1855829257129563,0.0
episode_000005_000023,episode_000005,episode_000005,descent_to_grasp,23,progress_gate_worse_le_1,0.1855829257129563,0.16307407601705565,0.16307407601705565,0.02250884969590064
episode_000005_000023,episode_000005,episode_000005,descent_to_grasp,23,progress_gate_lambda,0.1855829257129563,0.16307407601705565,0.16307407601705565,0.02250884969590064
episode_000005_000024,episode_000005,episode_000005,descent_to_grasp,24,raw_no_correction,0.14546324671779998,0.1269112387661457,0.14546324671779998,0.0
episode_000005_000024,episode_000005,episode_000005,descent_to_grasp,24,progress_all,0.14546324671779998,0.1269112387661457,0.1269112387661457,0.018552007951654265
episode_000005_000024,episode_000005,episode_000005,descent_to_grasp,24,phase_gate_train,0.14546324671779998,0.1269112387661457,0.1269112387661457,0.018552007951654265
episode_000005_000024,episode_000005,episode_000005,descent_to_grasp,24,oracle_min_raw_progress,0.14546324671779998,0.1269112387661457,0.1269112387661457,0.018552007951654265
episode_000005_000024,episode_000005,episode_000005,descent_to_grasp,24,progress_gate_min_gap,0.14546324671779998,0.1269112387661457,0.1269112387661457,0.018552007951654265
episode_000005_000024,episode_000005,episode_000005,descent_to_grasp,24,progress_gate_zero_worse,0.14546324671779998,0.1269112387661457,0.14546324671779998,0.0
episode_000005_000024,episode_000005,episode_000005,descent_to_grasp,24,progress_gate_worse_le_1,0.14546324671779998,0.1269112387661457,0.1269112387661457,0.018552007951654265
episode_000005_000024,episode_000005,episode_000005,descent_to_grasp,24,progress_gate_lambda,0.14546324671779998,0.1269112387661457,0.1269112387661457,0.018552007951654265
episode_000005_000025,episode_000005,episode_000005,grasp_close,25,raw_no_correction,0.007396911603199677,0.01999891613976735,0.007396911603199677,0.0
episode_000005_000025,episode_000005,episode_000005,grasp_close,25,progress_all,0.007396911603199677,0.01999891613976735,0.01999891613976735,-0.012602004536567672
episode_000005_000025,episode_000005,episode_000005,grasp_close,25,phase_gate_train,0.007396911603199677,0.01999891613976735,0.007396911603199677,0.0
episode_000005_000025,episode_000005,episode_000005,grasp_close,25,oracle_min_raw_progress,0.007396911603199677,0.01999891613976735,0.007396911603199677,0.0
episode_000005_000025,episode_000005,episode_000005,grasp_close,25,progress_gate_min_gap,0.007396911603199677,0.01999891613976735,0.01999891613976735,-0.012602004536567672
episode_000005_000025,episode_000005,episode_000005,grasp_close,25,progress_gate_zero_worse,0.007396911603199677,0.01999891613976735,0.007396911603199677,0.0
episode_000005_000025,episode_000005,episode_000005,grasp_close,25,progress_gate_worse_le_1,0.007396911603199677,0.01999891613976735,0.01999891613976735,-0.012602004536567672
episode_000005_000025,episode_000005,episode_000005,grasp_close,25,progress_gate_lambda,0.007396911603199677,0.01999891613976735,0.01999891613976735,-0.012602004536567672
episode_000005_000026,episode_000005,episode_000005,grasp_close,26,raw_no_correction,0.0047152993599227,0.01297088326678949,0.0047152993599227,0.0
episode_000005_000026,episode_000005,episode_000005,grasp_close,26,progress_all,0.0047152993599227,0.01297088326678949,0.01297088326678949,-0.00825558390686679
episode_000005_000026,episode_000005,episode_000005,grasp_close,26,phase_gate_train,0.0047152993599227,0.01297088326678949,0.0047152993599227,0.0
episode_000005_000026,episode_000005,episode_000005,grasp_close,26,oracle_min_raw_progress,0.0047152993599227,0.01297088326678949,0.0047152993599227,0.0
episode_000005_000026,episode_000005,episode_000005,grasp_close,26,progress_gate_min_gap,0.0047152993599227,0.01297088326678949,0.01297088326678949,-0.00825558390686679
episode_000005_000026,episode_000005,episode_000005,grasp_close,26,progress_gate_zero_worse,0.0047152993599227,0.01297088326678949,0.0047152993599227,0.0
episode_000005_000026,episode_000005,episode_000005,grasp_close,26,progress_gate_worse_le_1,0.0047152993599227,0.01297088326678949,0.0047152993599227,0.0
episode_000005_000026,episode_000005,episode_000005,grasp_close,26,progress_gate_lambda,0.0047152993599227,0.01297088326678949,0.0047152993599227,0.0
episode_000005_000027,episode_000005,episode_000005,grasp_close,27,raw_no_correction,0.002948251076302825,0.007952204289321281,0.002948251076302825,0.0
episode_000005_000027,episode_000005,episode_000005,grasp_close,27,progress_all,0.002948251076302825,0.007952204289321281,0.007952204289321281,-0.005003953213018456
episode_000005_000027,episode_000005,episode_000005,grasp_close,27,phase_gate_train,0.002948251076302825,0.007952204289321281,0.002948251076302825,0.0
episode_000005_000027,episode_000005,episode_000005,grasp_close,27,oracle_min_raw_progress,0.002948251076302825,0.007952204289321281,0.002948251076302825,0.0
episode_000005_000027,episode_000005,episode_000005,grasp_close,27,progress_gate_min_gap,0.002948251076302825,0.007952204289321281,0.007952204289321281,-0.005003953213018456
episode_000005_000027,episode_000005,episode_000005,grasp_close,27,progress_gate_zero_worse,0.002948251076302825,0.007952204289321281,0.002948251076302825,0.0
episode_000005_000027,episode_000005,episode_000005,grasp_close,27,progress_gate_worse_le_1,0.002948251076302825,0.007952204289321281,0.002948251076302825,0.0
episode_000005_000027,episode_000005,episode_000005,grasp_close,27,progress_gate_lambda,0.002948251076302825,0.007952204289321281,0.002948251076302825,0.0
episode_000005_000028,episode_000005,episode_000005,grasp_close,28,raw_no_correction,0.002056128713158741,0.005384647184669346,0.002056128713158741,0.0
episode_000005_000028,episode_000005,episode_000005,grasp_close,28,progress_all,0.002056128713158741,0.005384647184669346,0.005384647184669346,-0.003328518471510605
episode_000005_000028,episode_000005,episode_000005,grasp_close,28,phase_gate_train,0.002056128713158741,0.005384647184669346,0.002056128713158741,0.0
episode_000005_000028,episode_000005,episode_000005,grasp_close,28,oracle_min_raw_progress,0.002056128713158741,0.005384647184669346,0.002056128713158741,0.0
episode_000005_000028,episode_000005,episode_000005,grasp_close,28,progress_gate_min_gap,0.002056128713158741,0.005384647184669346,0.005384647184669346,-0.003328518471510605
episode_000005_000028,episode_000005,episode_000005,grasp_close,28,progress_gate_zero_worse,0.002056128713158741,0.005384647184669346,0.002056128713158741,0.0
episode_000005_000028,episode_000005,episode_000005,grasp_close,28,progress_gate_worse_le_1,0.002056128713158741,0.005384647184669346,0.002056128713158741,0.0
episode_000005_000028,episode_000005,episode_000005,grasp_close,28,progress_gate_lambda,0.002056128713158741,0.005384647184669346,0.002056128713158741,0.0
episode_000005_000029,episode_000005,episode_000005,grasp_close,29,raw_no_correction,0.0019017054806785764,0.004755953740235767,0.0019017054806785764,0.0
episode_000005_000029,episode_000005,episode_000005,grasp_close,29,progress_all,0.0019017054806785764,0.004755953740235767,0.004755953740235767,-0.0028542482595571906
episode_000005_000029,episode_000005,episode_000005,grasp_close,29,phase_gate_train,0.0019017054806785764,0.004755953740235767,0.0019017054806785764,0.0
episode_000005_000029,episode_000005,episode_000005,grasp_close,29,oracle_min_raw_progress,0.0019017054806785764,0.004755953740235767,0.0019017054806785764,0.0
episode_000005_000029,episode_000005,episode_000005,grasp_close,29,progress_gate_min_gap,0.0019017054806785764,0.004755953740235767,0.004755953740235767,-0.0028542482595571906
episode_000005_000029,episode_000005,episode_000005,grasp_close,29,progress_gate_zero_worse,0.0019017054806785764,0.004755953740235767,0.0019017054806785764,0.0
episode_000005_000029,episode_000005,episode_000005,grasp_close,29,progress_gate_worse_le_1,0.0019017054806785764,0.004755953740235767,0.0019017054806785764,0.0
episode_000005_000029,episode_000005,episode_000005,grasp_close,29,progress_gate_lambda,0.0019017054806785764,0.004755953740235767,0.0019017054806785764,0.0
episode_000005_000030,episode_000005,episode_000005,grasp_close,30,raw_no_correction,0.0019832528758346015,0.003582372195456496,0.0019832528758346015,0.0
episode_000005_000030,episode_000005,episode_000005,grasp_close,30,progress_all,0.0019832528758346015,0.003582372195456496,0.003582372195456496,-0.0015991193196218945
episode_000005_000030,episode_000005,episode_000005,grasp_close,30,phase_gate_train,0.0019832528758346015,0.003582372195456496,0.0019832528758346015,0.0
episode_000005_000030,episode_000005,episode_000005,grasp_close,30,oracle_min_raw_progress,0.0019832528758346015,0.003582372195456496,0.0019832528758346015,0.0
episode_000005_000030,episode_000005,episode_000005,grasp_close,30,progress_gate_min_gap,0.0019832528758346015,0.003582372195456496,0.003582372195456496,-0.0015991193196218945
episode_000005_000030,episode_000005,episode_000005,grasp_close,30,progress_gate_zero_worse,0.0019832528758346015,0.003582372195456496,0.0019832528758346015,0.0
episode_000005_000030,episode_000005,episode_000005,grasp_close,30,progress_gate_worse_le_1,0.0019832528758346015,0.003582372195456496,0.0019832528758346015,0.0
episode_000005_000030,episode_000005,episode_000005,grasp_close,30,progress_gate_lambda,0.0019832528758346015,0.003582372195456496,0.0019832528758346015,0.0
episode_000005_000031,episode_000005,episode_000005,grasp_close,31,raw_no_correction,0.002020774173683514,0.003111294191314576,0.002020774173683514,0.0
episode_000005_000031,episode_000005,episode_000005,grasp_close,31,progress_all,0.002020774173683514,0.003111294191314576,0.003111294191314576,-0.0010905200176310617
episode_000005_000031,episode_000005,episode_000005,grasp_close,31,phase_gate_train,0.002020774173683514,0.003111294191314576,0.002020774173683514,0.0
episode_000005_000031,episode_000005,episode_000005,grasp_close,31,oracle_min_raw_progress,0.002020774173683514,0.003111294191314576,0.002020774173683514,0.0
episode_000005_000031,episode_000005,episode_000005,grasp_close,31,progress_gate_min_gap,0.002020774173683514,0.003111294191314576,0.003111294191314576,-0.0010905200176310617
episode_000005_000031,episode_000005,episode_000005,grasp_close,31,progress_gate_zero_worse,0.002020774173683514,0.003111294191314576,0.002020774173683514,0.0
episode_000005_000031,episode_000005,episode_000005,grasp_close,31,progress_gate_worse_le_1,0.002020774173683514,0.003111294191314576,0.002020774173683514,0.0
episode_000005_000031,episode_000005,episode_000005,grasp_close,31,progress_gate_lambda,0.002020774173683514,0.003111294191314576,0.002020774173683514,0.0
episode_000005_000032,episode_000005,episode_000005,grasp_close,32,raw_no_correction,0.0019008799181392966,0.0028847384917638267,0.0019008799181392966,0.0
episode_000005_000032,episode_000005,episode_000005,grasp_close,32,progress_all,0.0019008799181392966,0.0028847384917638267,0.0028847384917638267,-0.00098385857362453
episode_000005_000032,episode_000005,episode_000005,grasp_close,32,phase_gate_train,0.0019008799181392966,0.0028847384917638267,0.0019008799181392966,0.0
episode_000005_000032,episode_000005,episode_000005,grasp_close,32,oracle_min_raw_progress,0.0019008799181392966,0.0028847384917638267,0.0019008799181392966,0.0
episode_000005_000032,episode_000005,episode_000005,grasp_close,32,progress_gate_min_gap,0.0019008799181392966,0.0028847384917638267,0.0028847384917638267,-0.00098385857362453
episode_000005_000032,episode_000005,episode_000005,grasp_close,32,progress_gate_zero_worse,0.0019008799181392966,0.0028847384917638267,0.0019008799181392966,0.0
episode_000005_000032,episode_000005,episode_000005,grasp_close,32,progress_gate_worse_le_1,0.0019008799181392966,0.0028847384917638267,0.0019008799181392966,0.0
episode_000005_000032,episode_000005,episode_000005,grasp_close,32,progress_gate_lambda,0.0019008799181392966,0.0028847384917638267,0.0019008799181392966,0.0
episode_000005_000033,episode_000005,episode_000005,grasp_close,33,raw_no_correction,0.002022099691111768,0.0026626041558367357,0.002022099691111768,0.0
episode_000005_000033,episode_000005,episode_000005,grasp_close,33,progress_all,0.002022099691111768,0.0026626041558367357,0.0026626041558367357,-0.0006405044647249678
episode_000005_000033,episode_000005,episode_000005,grasp_close,33,phase_gate_train,0.002022099691111768,0.0026626041558367357,0.002022099691111768,0.0
episode_000005_000033,episode_000005,episode_000005,grasp_close,33,oracle_min_raw_progress,0.002022099691111768,0.0026626041558367357,0.002022099691111768,0.0
episode_000005_000033,episode_000005,episode_000005,grasp_close,33,progress_gate_min_gap,0.002022099691111768,0.0026626041558367357,0.0026626041558367357,-0.0006405044647249678
episode_000005_000033,episode_000005,episode_000005,grasp_close,33,progress_gate_zero_worse,0.002022099691111768,0.0026626041558367357,0.002022099691111768,0.0
episode_000005_000033,episode_000005,episode_000005,grasp_close,33,progress_gate_worse_le_1,0.002022099691111768,0.0026626041558367357,0.002022099691111768,0.0
episode_000005_000033,episode_000005,episode_000005,grasp_close,33,progress_gate_lambda,0.002022099691111768,0.0026626041558367357,0.002022099691111768,0.0
episode_000005_000034,episode_000005,episode_000005,grasp_close,34,raw_no_correction,0.0019631194059335417,0.003237629609582564,0.0019631194059335417,0.0
episode_000005_000034,episode_000005,episode_000005,grasp_close,34,progress_all,0.0019631194059335417,0.003237629609582564,0.003237629609582564,-0.001274510203649022
episode_000005_000034,episode_000005,episode_000005,grasp_close,34,phase_gate_train,0.0019631194059335417,0.003237629609582564,0.0019631194059335417,0.0
episode_000005_000034,episode_000005,episode_000005,grasp_close,34,oracle_min_raw_progress,0.0019631194059335417,0.003237629609582564,0.0019631194059335417,0.0
episode_000005_000034,episode_000005,episode_000005,grasp_close,34,progress_gate_min_gap,0.0019631194059335417,0.003237629609582564,0.003237629609582564,-0.001274510203649022
episode_000005_000034,episode_000005,episode_000005,grasp_close,34,progress_gate_zero_worse,0.0019631194059335417,0.003237629609582564,0.0019631194059335417,0.0
episode_000005_000034,episode_000005,episode_000005,grasp_close,34,progress_gate_worse_le_1,0.0019631194059335417,0.003237629609582564,0.0019631194059335417,0.0
episode_000005_000034,episode_000005,episode_000005,grasp_close,34,progress_gate_lambda,0.0019631194059335417,0.003237629609582564,0.0019631194059335417,0.0
episode_000005_000035,episode_000005,episode_000005,lift,35,raw_no_correction,0.0019239385058423743,0.002965187020490173,0.0019239385058423743,0.0
episode_000005_000035,episode_000005,episode_000005,lift,35,progress_all,0.0019239385058423743,0.002965187020490173,0.002965187020490173,-0.0010412485146477988
episode_000005_000035,episode_000005,episode_000005,lift,35,phase_gate_train,0.0019239385058423743,0.002965187020490173,0.002965187020490173,-0.0010412485146477988
episode_000005_000035,episode_000005,episode_000005,lift,35,oracle_min_raw_progress,0.0019239385058423743,0.002965187020490173,0.0019239385058423743,0.0
episode_000005_000035,episode_000005,episode_000005,lift,35,progress_gate_min_gap,0.0019239385058423743,0.002965187020490173,0.002965187020490173,-0.0010412485146477988
episode_000005_000035,episode_000005,episode_000005,lift,35,progress_gate_zero_worse,0.0019239385058423743,0.002965187020490173,0.0019239385058423743,0.0
episode_000005_000035,episode_000005,episode_000005,lift,35,progress_gate_worse_le_1,0.0019239385058423743,0.002965187020490173,0.0019239385058423743,0.0
episode_000005_000035,episode_000005,episode_000005,lift,35,progress_gate_lambda,0.0019239385058423743,0.002965187020490173,0.0019239385058423743,0.0
episode_000005_000036,episode_000005,episode_000005,lift,36,raw_no_correction,0.0017221321012184526,0.0033333345352818482,0.0017221321012184526,0.0
episode_000005_000036,episode_000005,episode_000005,lift,36,progress_all,0.0017221321012184526,0.0033333345352818482,0.0033333345352818482,-0.0016112024340633956
episode_000005_000036,episode_000005,episode_000005,lift,36,phase_gate_train,0.0017221321012184526,0.0033333345352818482,0.0033333345352818482,-0.0016112024340633956
episode_000005_000036,episode_000005,episode_000005,lift,36,oracle_min_raw_progress,0.0017221321012184526,0.0033333345352818482,0.0017221321012184526,0.0
episode_000005_000036,episode_000005,episode_000005,lift,36,progress_gate_min_gap,0.0017221321012184526,0.0033333345352818482,0.0033333345352818482,-0.0016112024340633956
episode_000005_000036,episode_000005,episode_000005,lift,36,progress_gate_zero_worse,0.0017221321012184526,0.0033333345352818482,0.0017221321012184526,0.0
episode_000005_000036,episode_000005,episode_000005,lift,36,progress_gate_worse_le_1,0.0017221321012184526,0.0033333345352818482,0.0017221321012184526,0.0
episode_000005_000036,episode_000005,episode_000005,lift,36,progress_gate_lambda,0.0017221321012184526,0.0033333345352818482,0.0017221321012184526,0.0
episode_000005_000037,episode_000005,episode_000005,lift,37,raw_no_correction,0.002037388643975758,0.004184566247811051,0.002037388643975758,0.0
episode_000005_000037,episode_000005,episode_000005,lift,37,progress_all,0.002037388643975758,0.004184566247811051,0.004184566247811051,-0.002147177603835293
episode_000005_000037,episode_000005,episode_000005,lift,37,phase_gate_train,0.002037388643975758,0.004184566247811051,0.004184566247811051,-0.002147177603835293
episode_000005_000037,episode_000005,episode_000005,lift,37,oracle_min_raw_progress,0.002037388643975758,0.004184566247811051,0.002037388643975758,0.0
episode_000005_000037,episode_000005,episode_000005,lift,37,progress_gate_min_gap,0.002037388643975758,0.004184566247811051,0.004184566247811051,-0.002147177603835293
episode_000005_000037,episode_000005,episode_000005,lift,37,progress_gate_zero_worse,0.002037388643975758,0.004184566247811051,0.002037388643975758,0.0
episode_000005_000037,episode_000005,episode_000005,lift,37,progress_gate_worse_le_1,0.002037388643975758,0.004184566247811051,0.002037388643975758,0.0
episode_000005_000037,episode_000005,episode_000005,lift,37,progress_gate_lambda,0.002037388643975758,0.004184566247811051,0.002037388643975758,0.0
episode_000005_000038,episode_000005,episode_000005,lift,38,raw_no_correction,0.0024084647308796796,0.004306223763997391,0.0024084647308796796,0.0
episode_000005_000038,episode_000005,episode_000005,lift,38,progress_all,0.0024084647308796796,0.004306223763997391,0.004306223763997391,-0.0018977590331177114
episode_000005_000038,episode_000005,episode_000005,lift,38,phase_gate_train,0.0024084647308796796,0.004306223763997391,0.004306223763997391,-0.0018977590331177114
episode_000005_000038,episode_000005,episode_000005,lift,38,oracle_min_raw_progress,0.0024084647308796796,0.004306223763997391,0.0024084647308796796,0.0
episode_000005_000038,episode_000005,episode_000005,lift,38,progress_gate_min_gap,0.0024084647308796796,0.004306223763997391,0.004306223763997391,-0.0018977590331177114
episode_000005_000038,episode_000005,episode_000005,lift,38,progress_gate_zero_worse,0.0024084647308796796,0.004306223763997391,0.0024084647308796796,0.0
episode_000005_000038,episode_000005,episode_000005,lift,38,progress_gate_worse_le_1,0.0024084647308796796,0.004306223763997391,0.0024084647308796796,0.0
episode_000005_000038,episode_000005,episode_000005,lift,38,progress_gate_lambda,0.0024084647308796796,0.004306223763997391,0.0024084647308796796,0.0
episode_000005_000039,episode_000005,episode_000005,lift,39,raw_no_correction,0.0022476064255895307,0.003822736721822824,0.0022476064255895307,0.0
episode_000005_000039,episode_000005,episode_000005,lift,39,progress_all,0.0022476064255895307,0.003822736721822824,0.003822736721822824,-0.0015751302962332932
episode_000005_000039,episode_000005,episode_000005,lift,39,phase_gate_train,0.0022476064255895307,0.003822736721822824,0.003822736721822824,-0.0015751302962332932
episode_000005_000039,episode_000005,episode_000005,lift,39,oracle_min_raw_progress,0.0022476064255895307,0.003822736721822824,0.0022476064255895307,0.0
episode_000005_000039,episode_000005,episode_000005,lift,39,progress_gate_min_gap,0.0022476064255895307,0.003822736721822824,0.003822736721822824,-0.0015751302962332932
episode_000005_000039,episode_000005,episode_000005,lift,39,progress_gate_zero_worse,0.0022476064255895307,0.003822736721822824,0.0022476064255895307,0.0
episode_000005_000039,episode_000005,episode_000005,lift,39,progress_gate_worse_le_1,0.0022476064255895307,0.003822736721822824,0.0022476064255895307,0.0
episode_000005_000039,episode_000005,episode_000005,lift,39,progress_gate_lambda,0.0022476064255895307,0.003822736721822824,0.0022476064255895307,0.0
episode_000005_000040,episode_000005,episode_000005,lift,40,raw_no_correction,0.002150762935326726,0.003927168682388326,0.002150762935326726,0.0
episode_000005_000040,episode_000005,episode_000005,lift,40,progress_all,0.002150762935326726,0.003927168682388326,0.003927168682388326,-0.0017764057470616005
episode_000005_000040,episode_000005,episode_000005,lift,40,phase_gate_train,0.002150762935326726,0.003927168682388326,0.003927168682388326,-0.0017764057470616005
episode_000005_000040,episode_000005,episode_000005,lift,40,oracle_min_raw_progress,0.002150762935326726,0.003927168682388326,0.002150762935326726,0.0
episode_000005_000040,episode_000005,episode_000005,lift,40,progress_gate_min_gap,0.002150762935326726,0.003927168682388326,0.003927168682388326,-0.0017764057470616005
episode_000005_000040,episode_000005,episode_000005,lift,40,progress_gate_zero_worse,0.002150762935326726,0.003927168682388326,0.002150762935326726,0.0
episode_000005_000040,episode_000005,episode_000005,lift,40,progress_gate_worse_le_1,0.002150762935326726,0.003927168682388326,0.002150762935326726,0.0
episode_000005_000040,episode_000005,episode_000005,lift,40,progress_gate_lambda,0.002150762935326726,0.003927168682388326,0.002150762935326726,0.0
episode_000005_000041,episode_000005,episode_000005,lift,41,raw_no_correction,0.004761744691166497,0.005571019757003244,0.004761744691166497,0.0
episode_000005_000041,episode_000005,episode_000005,lift,41,progress_all,0.004761744691166497,0.005571019757003244,0.005571019757003244,-0.0008092750658367466
episode_000005_000041,episode_000005,episode_000005,lift,41,phase_gate_train,0.004761744691166497,0.005571019757003244,0.005571019757003244,-0.0008092750658367466
episode_000005_000041,episode_000005,episode_000005,lift,41,oracle_min_raw_progress,0.004761744691166497,0.005571019757003244,0.004761744691166497,0.0
episode_000005_000041,episode_000005,episode_000005,lift,41,progress_gate_min_gap,0.004761744691166497,0.005571019757003244,0.005571019757003244,-0.0008092750658367466
episode_000005_000041,episode_000005,episode_000005,lift,41,progress_gate_zero_worse,0.004761744691166497,0.005571019757003244,0.004761744691166497,0.0
episode_000005_000041,episode_000005,episode_000005,lift,41,progress_gate_worse_le_1,0.004761744691166497,0.005571019757003244,0.004761744691166497,0.0
episode_000005_000041,episode_000005,episode_000005,lift,41,progress_gate_lambda,0.004761744691166497,0.005571019757003244,0.004761744691166497,0.0
episode_000005_000042,episode_000005,episode_000005,lift,42,raw_no_correction,0.004738735350911745,0.005489565482296074,0.004738735350911745,0.0
episode_000005_000042,episode_000005,episode_000005,lift,42,progress_all,0.004738735350911745,0.005489565482296074,0.005489565482296074,-0.0007508301313843288
episode_000005_000042,episode_000005,episode_000005,lift,42,phase_gate_train,0.004738735350911745,0.005489565482296074,0.005489565482296074,-0.0007508301313843288
episode_000005_000042,episode_000005,episode_000005,lift,42,oracle_min_raw_progress,0.004738735350911745,0.005489565482296074,0.004738735350911745,0.0
episode_000005_000042,episode_000005,episode_000005,lift,42,progress_gate_min_gap,0.004738735350911745,0.005489565482296074,0.005489565482296074,-0.0007508301313843288
episode_000005_000042,episode_000005,episode_000005,lift,42,progress_gate_zero_worse,0.004738735350911745,0.005489565482296074,0.004738735350911745,0.0
episode_000005_000042,episode_000005,episode_000005,lift,42,progress_gate_worse_le_1,0.004738735350911745,0.005489565482296074,0.004738735350911745,0.0
episode_000005_000042,episode_000005,episode_000005,lift,42,progress_gate_lambda,0.004738735350911745,0.005489565482296074,0.004738735350911745,0.0
