comparison_id,phase,left_domain,left_episode,left_frame,right_domain,right_episode,right_frame,chunk_count,chunk_mean_l2,chunk_max_l2,chunk_mean_translation_l2,chunk_max_translation_l2,chunk_mean_rotation_l2,chunk_max_rotation_l2,chunk_mean_gripper_abs,chunk_max_gripper_abs,first_action_l2,first_translation_l2,first_rotation_l2,first_gripper_abs,first_translation_cosine_distance,first_rotation_cosine_distance,gripper_disagreement_rate,gripper_any_disagreement,left_first_close_chunk,right_first_close_chunk,gripper_close_timing_abs_error_chunks,raw_action_head_chunk_mean_l2,raw_action_head_first_l2
sim4_vs_real4,hold,sim,episode_000004,0,real,episode_000004,0,5,0.7267438278118633,0.8748256280633598,0.005121140091765522,0.005819704261935956,0.011037642094168867,0.01564004450496292,0.726611328125,0.874755859375,0.4115181234486831,0.0047089897278534175,0.01564004450496292,0.41119384765625,0.10041976304409272,0.005088237126881445,0.8,True,,1,,0.9823104664128051,0.9079653541483057
sim4_vs_real4,hold,sim,episode_000004,1,real,episode_000004,1,5,0.7414756672959981,0.8867897930518585,0.00530899873791114,0.005904432711893459,0.011569607817687195,0.016575291764582802,0.7413330078125,0.88671875,0.425338854591721,0.004876141493742876,0.016575291764582802,0.42498779296875,0.08920569684166313,0.005284108560013823,0.8,True,,1,,1.0114575092445557,0.9535042231126919
sim4_vs_real4,alignment,sim,episode_000004,2,real,episode_000004,2,5,0.7321769584284753,0.8862941569310454,0.005225826828763909,0.005675918547447455,0.011363249575182078,0.016856877336321574,0.73203125,0.88623046875,0.40858075267733895,0.004928071132136954,0.016856877336321574,0.408203125,0.09457550461951358,0.0054299669811009865,0.8,True,,1,,0.9985206072904363,0.955264114337507
sim4_vs_real4,alignment,sim,episode_000004,3,real,episode_000004,3,5,0.72751742075513,0.8792056271385262,0.005109159260639385,0.005513631719644562,0.01085668389173667,0.016393308224741644,0.72738037109375,0.879150390625,0.4066086548728826,0.00477442802685266,0.016393308224741644,0.40625,0.08581802666391591,0.005473001504042063,0.8,True,,1,,0.9777646827982249,0.9333373160504334
sim4_vs_real4,alignment,sim,episode_000004,4,real,episode_000004,4,5,0.7341810752923139,0.8779809120220116,0.004956588950640506,0.005552966583594983,0.00982965456327307,0.015055199261012177,0.73406982421875,0.8779296875,0.4280236950595708,0.004574817047600445,0.015055199261012177,0.427734375,0.1119114995227628,0.005396748587448985,0.8,True,,1,,0.9476113280533079,0.8824243282910508
sim4_vs_real4,alignment,sim,episode_000004,5,real,episode_000004,5,5,0.7308778624741312,0.9011290261227888,0.005523562293196694,0.007446062200737946,0.011763384691025901,0.014876619129284391,0.7307373046875,0.9010009765625,0.4006952683066972,0.0047677729358312345,0.014876619129284391,0.400390625,0.2213119192076074,0.006353533657838195,0.8,True,,1,,0.9984621900354043,0.8659023715871312
sim4_vs_real4,alignment,sim,episode_000004,6,real,episode_000004,6,5,0.7531342060978531,0.9086788735525256,0.005889794620467262,0.008107018131392979,0.010357475575879415,0.01302462132933336,0.75302734375,0.9085693359375,0.48323374064363867,0.005007538092174216,0.01302462132933336,0.4830322265625,0.39341623719816154,0.004370280679110827,0.8,True,,1,,0.9809871661842268,0.8549833706164391
sim4_vs_real4,alignment,sim,episode_000004,7,real,episode_000004,7,5,0.7171616102564937,0.911591296534381,0.00678761807031727,0.010023604921324253,0.01676891404943722,0.022644156243761652,0.7169189453125,0.9112548828125,0.4002307976408292,0.004646162403080366,0.01553125939501999,0.39990234375,0.19491935206920985,0.0034362762884837528,0.8,True,,1,,1.1399897224606468,0.8786645514562131
sim4_vs_real4,alignment,sim,episode_000004,8,real,episode_000004,8,5,0.5860174731571893,0.8309850949867885,0.004692080219036074,0.006139448468040457,0.008421471780743216,0.010661325582873311,0.58590087890625,0.8309326171875,0.21641972068472556,0.00368848929263415,0.010661325582873311,0.21612548828125,0.06389721132292248,0.00037741305866811903,0.6,True,,2,,0.7854995750820735,0.6137586818758882
sim4_vs_real4,alignment,sim,episode_000004,9,real,episode_000004,9,5,0.46808743622785887,0.7185223311446087,0.003932900266902909,0.004621513773843668,0.005496125915463114,0.009847271285978863,0.46796875,0.718505859375,0.13389429145315443,0.003572746621090631,0.009847271285978863,0.13348388671875,0.032540136171213985,0.00043840616346479955,0.6,True,,2,,0.6342578572486913,0.5503696398392807
sim4_vs_real4,alignment,sim,episode_000004,10,real,episode_000004,10,5,0.6169384602779971,0.8313583395917498,0.005109170383363204,0.006830633770049308,0.008948121137798273,0.014776871905035517,0.616796875,0.831298828125,0.2598000917937964,0.004619196796576191,0.014776871905035517,0.25933837890625,0.041176730017332464,0.0005743119408986308,0.6,True,,2,,0.8360590853518174,0.7937246792614351
sim4_vs_real4,alignment,sim,episode_000004,11,real,episode_000004,11,5,0.7865467811244519,0.9159521403991261,0.005782130162786825,0.0073911988283139355,0.009169101990657166,0.015089070669933351,0.786456298828125,0.9158935546875,0.5695324952112994,0.005560745948531487,0.015089070669933351,0.569305419921875,0.9303673648632285,0.004592292259397057,1.0,True,,0,,0.9654014455985438,0.9530233740369659
sim4_vs_real4,alignment,sim,episode_000004,12,real,episode_000004,12,5,0.773421902253947,0.9269377363689301,0.005496356770314014,0.007237963525894783,0.009222699779477801,0.01488081692150824,0.77332763671875,0.9268798828125,0.4993929628735104,0.005065045501614354,0.01488081692150824,0.4991455078125,0.7056761440783206,0.002107103676107558,1.0,True,,0,,0.9514287891414085,0.8904184642577282
sim4_vs_real4,alignment,sim,episode_000004,13,real,episode_000004,13,5,0.8586629616339987,0.9630502964789006,0.00802276101922504,0.0115108201626397,0.008395283281679825,0.014339746172995568,0.8585693359375,0.96295166015625,0.6297927995716975,0.005187881545763204,0.014339746172995568,0.629608154296875,0.9280551702359834,0.05153651701526474,1.0,True,,0,,1.054867256361739,0.9668629838335839
sim4_vs_real4,alignment,sim,episode_000004,14,real,episode_000004,14,5,0.805109439147401,0.9340233312384414,0.007147473938730986,0.010078401981707568,0.0060757384511280835,0.011080558923712862,0.80504150390625,0.9339599609375,0.5278423515050796,0.00411902703224709,0.011080558923712862,0.5277099609375,0.3940202090746928,0.1417098787688933,1.0,True,,0,,0.9455066393156292,0.7682349910623053
sim4_vs_real4,alignment,sim,episode_000004,15,real,episode_000004,15,5,0.5696944543577779,0.8147322818554901,0.004488668431097614,0.006720340786075678,0.005844082482458085,0.011054136302651354,0.56961669921875,0.814697265625,0.28709238467110804,0.00286019470005151,0.011054136302651354,0.286865234375,0.12129170486910723,0.2609651484191897,0.6,True,,2,,0.6934849897492081,0.5889361904133876
sim4_vs_real4,alignment,sim,episode_000004,16,real,episode_000004,16,5,0.4680590332411617,0.7426971027407531,0.0037684151677054045,0.0053920980357671545,0.0031872233560667667,0.006962755401616274,0.468017578125,0.74267578125,0.24840822415512942,0.003120484742518511,0.006962755401616274,0.248291015625,0.08278266828123249,0.3732683846722319,0.4,True,,3,,0.547592345358973,0.44225690115077476
sim4_vs_real4,alignment,sim,episode_000004,17,real,episode_000004,17,5,0.35305762646807476,0.5732558876794164,0.002870791720815998,0.004142071795115,0.0021718517105879507,0.004967149186020439,0.35302734375,0.5732421875,0.18197609268632634,0.0029253669658819976,0.004967149186020439,0.181884765625,0.06307356558485955,0.06465439057268019,0.4,True,,3,,0.4191548637801838,0.3610628185039698
sim4_vs_real4,alignment,sim,episode_000004,18,real,episode_000004,18,5,0.3684348407347824,0.5908357580796216,0.0031862614121407674,0.004532248682623459,0.002228568228930077,0.0054052325581241374,0.368402099609375,0.5908203125,0.20532722059183114,0.0032257500468772255,0.0054052325581241374,0.205230712890625,0.07042355901637987,0.08559606215321136,0.4,True,,3,,0.4392667322584825,0.39029199621813104
sim4_vs_real4,descent_to_grasp,sim,episode_000004,19,real,episode_000004,19,5,0.3661852273230063,0.5966947418800498,0.0032694688965146023,0.00458357285944157,0.0022712671893630526,0.00555876565335857,0.36614990234375,0.5966796875,0.19615028806833926,0.0032286592772641965,0.00555876565335857,0.196044921875,0.06997357642195234,0.11129357475219692,0.4,True,,3,,0.44168516890803905,0.39350116450974787
sim4_vs_real4,descent_to_grasp,sim,episode_000004,20,real,episode_000004,20,5,0.23909121301784025,0.4189545941238281,0.0023840947968091068,0.003076834133559799,0.0012656466491623762,0.0027735669381013703,0.239068603515625,0.4189453125,0.12843955484820824,0.002385153587335059,0.0027735669381013703,0.128387451171875,0.04390305925689231,0.06721816845438888,0.2,True,,4,,0.3011753827981687,0.2659569534852964
sim4_vs_real4,descent_to_grasp,sim,episode_000004,21,real,episode_000004,21,5,0.3390903671667453,0.5576457042350963,0.004050816080553059,0.005608302281669114,0.0008289897051677916,0.0017891157668581594,0.3390625,0.5576171875,0.18900988743963953,0.0037181233513788937,0.0017891157668581594,0.18896484375,0.07525505592123549,0.14060074587954907,0.4,True,,3,,0.410594138015515,0.3132159852422814
sim4_vs_real4,descent_to_grasp,sim,episode_000004,22,real,episode_000004,22,5,0.5422013092229634,0.8100809500525628,0.007424724445833185,0.009421781041759416,0.0005311260895256393,0.0015584577695606054,0.54208984375,0.81005859375,0.7402614854309396,0.006140691342280134,0.0015584577695606054,0.740234375,0.04154249838303614,0.5887586747401986,0.6,True,3,0,3,0.6880270177698457,0.8030570094202705
sim4_vs_real4,descent_to_grasp,sim,episode_000004,23,real,episode_000004,23,5,0.4071180840439112,0.7871282356373066,0.008438410534324292,0.011018682332895696,0.00034582963592207577,0.0005454499251494465,0.406640625,0.787109375,0.7871282356373066,0.005428867390171468,0.00046746493843520293,0.787109375,1.9924789022276888,0.5649955845152623,0.4,True,2,0,2,0.6411189617315346,0.8331327355863475
sim4_vs_real4,descent_to_grasp,sim,episode_000004,24,real,episode_000004,24,5,0.236396270975383,0.5253989294386461,0.005439218715442108,0.007975217877691215,0.0004978460057611774,0.001033815860498677,0.235546875,0.525390625,0.5253989294386461,0.0029183552605345216,0.00045762425429621013,0.525390625,1.9929507376377198,0.07646922024133918,0.2,True,1,0,1,0.4185300371206302,0.5452186577848185
sim4_vs_real4,descent_to_grasp,sim,episode_000004,25,real,episode_000004,25,5,0.15319640205508928,0.3671928285221384,0.0032668609540276823,0.00534364483113885,0.0004489516268364805,0.0008526947860054982,0.15234375,0.3671875,0.3671928285221384,0.0019478685457796057,0.00034492023272054176,0.3671875,1.9531742859288932,0.10055749318528628,0.0,False,0,0,0,0.2702051673659508,0.3801024569321987
sim4_vs_real4,descent_to_grasp,sim,episode_000004,26,real,episode_000004,26,5,0.15559664204162713,0.3789121774398668,0.00334376837808485,0.005544528023581899,0.0005137043087132454,0.0009131838047896637,0.1546875,0.37890625,0.3789121774398668,0.002042704254360967,0.0005650508719135859,0.37890625,1.9248847082195701,0.3093917727486263,0.0,False,0,0,0,0.2775028071137072,0.39252301204094897
sim4_vs_real4,grasp_close,sim,episode_000004,27,real,episode_000004,27,5,0.02337498326228473,0.10164908857933183,0.0038324899625035193,0.009396659424924956,0.0004903934965179303,0.001039545645402973,0.0203125,0.1015625,0.10164908857933183,0.004178513510502497,0.0003685479634963775,0.1015625,0.2481739593345048,0.08043910922181208,0.0,False,0,0,0,0.19831745192962225,0.22928275433655543
sim4_vs_real4,grasp_close,sim,episode_000004,28,real,episode_000004,28,5,0.01014696374231283,0.03539867570575918,0.003247468593235816,0.009080784573784997,0.0005167925163299997,0.001119488414020539,0.00859375,0.03515625,0.03539867570575918,0.0041011811557135685,0.0005335173727488504,0.03515625,0.004732203393679302,1.4661069986032431,0.0,False,0,0,0,0.1651553854461264,0.2079350518855598
sim4_vs_real4,grasp_close,sim,episode_000004,29,real,episode_000004,29,5,0.005064172392037878,0.012237206237652972,0.002514825279135075,0.0074743285768883935,0.0004558054119077713,0.0012041138388546324,0.00390625,0.01171875,0.012237206237652972,0.0034917431731135867,0.00047733065412507283,0.01171875,0.0010829552657727337,0.7527874357293076,0.0,False,0,0,0,0.12910635225313505,0.17396806591660732
sim4_vs_real4,grasp_close,sim,episode_000004,30,real,episode_000004,30,5,0.004042323351584022,0.008449061348302441,0.002084072572811908,0.005686276361976387,0.0003148598293387985,0.000992779481592912,0.003125,0.0078125,0.008449061348302441,0.003206790323883023,0.00026072444463163326,0.0078125,0.0017462862678305768,0.17696567958328835,0.0,False,0,0,0,0.10556696275865027,0.15742096817853443
sim4_vs_real4,grasp_close,sim,episode_000004,31,real,episode_000004,31,5,0.004080355281414029,0.008483765770903888,0.0021227381213689118,0.005706418011130498,0.0003553796030430487,0.001039545645402973,0.003125,0.0078125,0.008483765770903888,0.003299626416507618,0.00022713634021343952,0.0078125,0.0012956016475825782,0.17271981850390272,0.0,False,0,0,0,0.1078925167549886,0.161455236425745
sim4_vs_real4,grasp_close,sim,episode_000004,32,real,episode_000004,32,5,0.0040229884848991815,0.008477779588345915,0.0020599687144670204,0.005646107292500007,0.0002986528038091004,0.000992779481592912,0.003125,0.0078125,0.008477779588345915,0.0032871419573752485,0.00017968931698314277,0.0078125,0.001357367133140941,0.04351065772907314,0.0,False,0,0,0,0.1044308133816401,0.160816274744677
sim4_vs_real4,grasp_close,sim,episode_000004,33,real,episode_000004,33,5,0.0040125954167954435,0.008398668173351375,0.0019897252976219517,0.005344871558415423,0.0003333882166624092,0.0009506205889613901,0.003125,0.0078125,0.008398668173351375,0.003076300510968368,0.00019709389204403024,0.0078125,0.0028607205135483538,0.12202266145156249,0.0,False,0,0,0,0.10124663419639124,0.1503407284090656
sim4_vs_real4,grasp_close,sim,episode_000004,34,real,episode_000004,34,5,0.004043053054868761,0.008432925741666743,0.002076564572489489,0.005605965314282303,0.0003071360349065326,0.0010349802404900823,0.003125,0.0078125,0.008432925741666743,0.0031691310053506756,0.00018891528628092833,0.0078125,0.0029262194933752372,0.11710073894670536,0.0,False,0,0,0,0.1052651365007079,0.15476917461116266
sim4_vs_real4,grasp_close,sim,episode_000004,35,real,episode_000004,35,5,0.004166988997963326,0.008504441141851955,0.0022538120824348714,0.005987602341932041,0.00035508514954692106,0.001039545645402973,0.003125,0.0078125,0.008504441141851955,0.003352427772253809,0.00022713634021343952,0.0078125,0.001915098478024846,0.17271981850390272,0.0,False,0,0,0,0.11388881896911444,0.16401676267055082
sim4_vs_real4,grasp_close,sim,episode_000004,36,real,episode_000004,36,5,0.0040100164652799395,0.008536578935629854,0.002045885912671347,0.005505543971834927,0.0003303607131082583,0.000992779481592912,0.003125,0.0078125,0.008536578935629854,0.0034378016723432374,0.0001397974816417537,0.0078125,0.0014987890693485273,0.02499975907608032,0.0,False,0,0,0,0.10421715110066827,0.16777777349799755
sim4_vs_real4,lift,sim,episode_000004,37,real,episode_000004,37,5,0.004091390217701359,0.008640272104803063,0.002171978261776605,0.005726502418714466,0.000324717628271491,0.0009975380442585969,0.003125,0.0078125,0.008640272104803063,0.0036864795413094594,0.00017033609877167047,0.0078125,0.0019013510941742195,0.051916352404948185,0.0,False,0,0,0,0.11005795061917552,0.1799639358419774
sim4_vs_real4,lift,sim,episode_000004,38,real,episode_000004,38,5,0.0026726335350795005,0.007124237377089999,0.00204064153404852,0.005867532876883754,0.00034674139695737075,0.001033453957036524,0.0015625,0.00390625,0.005492277781375491,0.003852057752586585,0.00026072444463163305,0.00390625,0.008057148812855686,0.13605771893092322,0.0,False,0,0,0,0.10490040270703946,0.18840333771269924
sim4_vs_real4,lift,sim,episode_000004,39,real,episode_000004,39,5,0.002624996391798762,0.008430634282416725,0.0015651120002479907,0.0031640649361403352,0.00014468462068696158,0.00036854796349637784,0.0015625,0.0078125,0.008430634282416725,0.0031640649361403352,0.0001706787442753493,0.0078125,0.0006236861914202807,0.003994548732918046,0.0,False,0,0,0,0.07729124587180274,0.15481287951648134
sim4_vs_real4,lift,sim,episode_000004,40,real,episode_000004,40,5,0.0013175656483256394,0.004119610362216731,0.0007514761188462179,0.0013058015414091862,6.506045982987787e-05,8.533937213767466e-05,0.00078125,0.00390625,0.004119610362216731,0.0013058015414091862,8.533937213767466e-05,0.00390625,8.060576139157227e-05,0.0002944623640325217,0.0,False,0,0,0,0.03709413492576103,0.06408214733016765
sim4_vs_real4,lift,sim,episode_000004,41,real,episode_000004,41,5,0.0031527180337185016,0.00893545542801106,0.0022065154418277368,0.005143495308216418,0.0003325388557905069,0.0008244593044681377,0.0015625,0.0078125,0.00893545542801106,0.004280397767685389,0.0006967082648901533,0.0078125,2.6347772237311773e-06,0.19335854766279037,0.0,False,0,0,0,0.11167354557103717,0.2175981988327429
sim4_vs_real4,lift,sim,episode_000004,42,real,episode_000004,42,5,0.00234382188411419,0.0063127885563300104,0.0020513778658915313,0.004952470597439167,0.0002390148828814921,0.0005575443241101797,0.00078125,0.00390625,0.0063127885563300104,0.004952470597439167,0.00025601811641302397,0.00390625,0.00035468699405949433,0.004329268587834334,0.0,False,0,0,0,0.10281302115787319,0.24199496583983165
sim4_vs_real4,lift,sim,episode_000004,43,real,episode_000004,43,5,0.0020007118405546646,0.005959053093351163,0.0016905616292987985,0.004499967111520799,0.00012578846784142738,0.0004303803292574736,0.00078125,0.00390625,0.005959053093351163,0.004499967111520799,4.266968606883711e-05,0.00390625,0.00027087453677610007,0.0001625220098332436,0.0,False,0,0,0,0.08437970958518468,0.21883717570983283
sim4_vs_real4,lift,sim,episode_000004,44,real,episode_000004,44,5,0.002003994088938895,0.005846229686212559,0.001681630062624016,0.004349305170318879,0.00012916585965927534,0.00038811581742660494,0.00078125,0.00390625,0.005846229686212559,0.004349305170318879,5.618733745656884e-05,0.00390625,0.00022035116149088374,0.003923204704937122,0.0,False,0,0,0,0.08329949948690972,0.21151597563737143
sim4_vs_real8,hold,sim,episode_000004,0,real,episode_000008,0,5,0.11821426816521045,0.28111325612880855,0.0015115198687275307,0.002393520789821965,0.005513848794028187,0.0077587980676204265,0.1177001953125,0.281005859375,0.019027819495616174,0.0018719488748692504,0.0077587980676204265,0.01727294921875,0.03720782807339673,0.0010627784122788642,0.0,False,,,,0.33704115419321845,0.4233405169313352
sim4_vs_real8,hold,sim,episode_000004,1,real,episode_000008,1,5,0.1422478240088325,0.3204097532144847,0.0015694235467975666,0.0024967555531769,0.006035375357456826,0.008842407130383825,0.1417236328125,0.3203125,0.02346983999017937,0.0017791895462533599,0.008842407130383825,0.02166748046875,0.035284620006782674,0.0012531838083891245,0.0,False,,,,0.3692785178623702,0.46513425340625825
sim4_vs_real8,alignment,sim,episode_000004,2,real,episode_000008,2,5,0.13316394224923203,0.30039106208204297,0.0015380638283792238,0.0023822428813135305,0.005943861412322247,0.009606450413859763,0.1325439453125,0.30029296875,0.022391109628156464,0.0018422234727828923,0.009606450413859763,0.0201416015625,0.0371663015359881,0.000756624751455881,0.0,False,,,,0.35922051209617584,0.49435228782692353
sim4_vs_real8,alignment,sim,episode_000004,3,real,episode_000008,3,5,0.13240697084336892,0.2971897298340137,0.0013753905099134693,0.0020090174722737783,0.00513924701455113,0.008755922592182538,0.13194580078125,0.297119140625,0.024968328701899984,0.0017725676892783651,0.008755922592182538,0.0233154296875,0.0357948666903567,0.0006744506442144527,0.0,False,,,,0.3240638624409907,0.45776831052337263
sim4_vs_real8,alignment,sim,episode_000004,4,real,episode_000008,4,5,0.1409380742262827,0.2939970480835121,0.0012455177033031486,0.0017182646949213808,0.005125343446375241,0.009027038513898113,0.14051513671875,0.2939453125,0.026986914121179206,0.0014568018265628147,0.009027038513898113,0.025390625,0.026992745730065937,0.0007341193081269459,0.0,False,,,,0.3196880290456203,0.4557558179056078
sim4_vs_real8,alignment,sim,episode_000004,5,real,episode_000008,5,5,0.08500315563780102,0.23315344954217995,0.0013505219198864961,0.0023258974244447007,0.003142588518091749,0.0071486095090217885,0.08460693359375,0.2330322265625,0.008783028338765136,0.002017384585738215,0.004698536722973673,0.00714111328125,0.01614371967321626,0.0009199202928549255,0.0,False,,,,0.2235644861144585,0.2976521371572305
sim4_vs_real8,alignment,sim,episode_000004,6,real,episode_000008,6,5,0.04418181078387102,0.12636390567180267,0.0017854934998332958,0.003558261019489632,0.0020008707406421176,0.002695654811779502,0.043304443359375,0.1263427734375,0.004886878450197894,0.003558261019489632,0.00265323434071329,0.002044677734375,0.02837088712812219,0.001533824703136677,0.0,False,,,,0.1917454414282358,0.28009709682346223
sim4_vs_real8,alignment,sim,episode_000004,7,real,episode_000008,7,5,0.08013289687456313,0.1878198819839259,0.0017980779750106513,0.0024593780915419033,0.005315180619169107,0.00870889630588389,0.0794677734375,0.1876220703125,0.006351671744597508,0.0024593780915419033,0.004131519213784945,0.004150390625,0.032703363422791454,0.0012052778913580475,0.0,False,,,,0.3099111584074544,0.2793605705136223
sim4_vs_real8,alignment,sim,episode_000004,8,real,episode_000008,8,5,0.034720072694634674,0.10314174619057308,0.0024661596279754966,0.0032514568326545822,0.006481641006693985,0.013526024826048505,0.03330078125,0.1029052734375,0.004280915528942609,0.002924854842655707,0.0006769314361001815,0.0030517578125,0.05714889714850224,0.0004435578230667092,0.0,False,,,,0.36139882981193405,0.24361127304659944
sim4_vs_real8,alignment,sim,episode_000004,9,real,episode_000008,9,5,0.030768886484276357,0.07554960367514961,0.003028032003843605,0.004844999982002636,0.009462742689009495,0.020048202659873633,0.027996826171875,0.074462890625,0.004388239381217537,0.0031461148486863874,0.0018022760092980625,0.002471923828125,0.040179703495387575,0.00039643174367109957,0.0,False,,,,0.4594302602749131,0.23565673235320445
sim4_vs_real8,alignment,sim,episode_000004,10,real,episode_000008,10,5,0.08452458598529053,0.23950870857651696,0.0015115364611758904,0.0031232902915858227,0.004352991420136741,0.010347541271335869,0.08311767578125,0.239501953125,0.012353308894136081,0.0031232902915858227,0.010347541271335869,0.0059814453125,0.08530971263833043,9.474921259911007e-06,0.0,False,,,,0.2870390475901841,0.5655768405581347
sim4_vs_real8,alignment,sim,episode_000004,11,real,episode_000008,11,5,0.07890466121689918,0.21082849775547682,0.0016811558134962352,0.0025965955865069126,0.0032822992027801167,0.00468162324677609,0.078717041015625,0.2108154296875,0.016005217909910847,0.0025965955865069126,0.0015539182254782353,0.015716552734375,0.04986607698693768,0.0004452890991285541,0.0,False,,,,0.22631496329792095,0.2086395757143559
sim4_vs_real8,alignment,sim,episode_000004,12,real,episode_000008,12,5,0.039872827526718585,0.12515374358492218,0.0019162854277428715,0.0032863386149844815,0.0036644083953703125,0.00607053994250084,0.03905029296875,0.1251220703125,0.007046855472807533,0.0025943306862223044,0.003921144386239617,0.0052490234375,0.030953153495523522,0.0004473736870582723,0.0,False,,,,0.2202879921605983,0.23453557553708673
sim4_vs_real8,alignment,sim,episode_000004,13,real,episode_000008,13,5,0.1309984771913857,0.2638408790508425,0.0016758991425865409,0.00265966080033464,0.004542389975838292,0.007063127017394876,0.1308837890625,0.26373291015625,0.03584560478532982,0.002266644193265329,0.003378126212369395,0.035614013671875,0.08319073287863388,0.002914854507473641,0.0,False,,,,0.2934016895308249,0.2704145997365306
sim4_vs_real8,alignment,sim,episode_000004,14,real,episode_000008,14,5,0.031567916524747774,0.08680778648048547,0.004659010820983337,0.006262012313874061,0.003971612463140549,0.004739723142798214,0.03009033203125,0.086669921875,0.008203043742578095,0.004899042915240992,0.004270884356947489,0.0050048828125,0.13524816824159058,0.0017740337877301116,0.0,False,,,,0.31731836559581456,0.3680631261422831
sim4_vs_real8,alignment,sim,episode_000004,15,real,episode_000008,15,5,0.046354923466940076,0.13309427413426408,0.0027901321556139855,0.004669654975468957,0.005226729499237976,0.009344295166421778,0.04476318359375,0.133056640625,0.013730616073182935,0.004669654975468957,0.009344295166421778,0.0089111328125,0.13299808118055745,0.019257361131862383,0.0,False,,,,0.2972876707569661,0.5142308953611916
sim4_vs_real8,alignment,sim,episode_000004,16,real,episode_000008,16,5,0.022514650422368672,0.06885676572680956,0.0024044856743825503,0.005965587429830488,0.005966850704308035,0.010690777551718147,0.01846923828125,0.06884765625,0.011955289405009452,0.0029638063527678464,0.010690777551718147,0.00445556640625,0.006104993321713992,0.0024404059612692652,0.0,False,,,,0.29865689886126934,0.4673308865324238
sim4_vs_real8,alignment,sim,episode_000004,17,real,episode_000008,17,5,0.023741712026551388,0.049899575881639645,0.0033761976738204058,0.0064447755843615165,0.009738726157722036,0.01683510661280824,0.0171875,0.0498046875,0.017332859531270065,0.003806429905352205,0.01683510661280824,0.0015869140625,0.011075967086090377,0.004487825583369021,0.0,False,,,,0.4612588358165491,0.7274934485556701
sim4_vs_real8,alignment,sim,episode_000004,18,real,episode_000008,18,5,0.01819615177544446,0.03139468293769259,0.003195623454382503,0.006246233348763957,0.009462554047669174,0.016283684572708877,0.011724853515625,0.03125,0.0168446652740027,0.003726871051039838,0.016283684572708877,0.002166748046875,0.010946107086880708,0.0038141615570805865,0.0,False,,,,0.44537010677674277,0.7054691241032062
sim4_vs_real8,descent_to_grasp,sim,episode_000004,19,real,episode_000008,19,5,0.016419943155203565,0.028010152268541432,0.002907997562138662,0.005699325473726204,0.009456482495306392,0.01642578860830407,0.00947265625,0.02783203125,0.01706270596576519,0.0034664358818983633,0.01642578860830407,0.0030517578125,0.010745084983623698,0.0038499976730669294,0.0,False,,,,0.4416936632796015,0.7073143028903038
sim4_vs_real8,descent_to_grasp,sim,episode_000004,20,real,episode_000008,20,5,0.041384517101602,0.11236109013357244,0.003060526911693854,0.0056111526131673506,0.009238859500769223,0.017377511801508087,0.035748291015625,0.1123046875,0.017705030888424393,0.003358668600683975,0.017377511801508087,0.000457763671875,0.008404605034187163,0.017122699630734872,0.0,False,,,,0.43845427500194,0.7380010291292428
sim4_vs_real8,descent_to_grasp,sim,episode_000004,21,real,episode_000008,21,5,0.10083379539343948,0.32131396284001434,0.0024317511114160806,0.0035653698350026713,0.005542958942977717,0.008165118546874683,0.098779296875,0.3212890625,0.00829109182218758,0.0014189566852633075,0.008165118546874683,0.000244140625,0.005549951805020603,0.029645173055843355,0.0,False,,,,0.3227113927782241,0.34556663103095786
sim4_vs_real8,descent_to_grasp,sim,episode_000004,22,real,episode_000008,22,5,0.09659097039715714,0.18897031669382744,0.0008887072393072836,0.0027328853212373635,0.0005451664480316488,0.0010857088360851125,0.09658203125,0.18896484375,0.17482626885340732,0.0027328853212373635,0.00027721300865800325,0.1748046875,0.020381846109752577,0.013077741044298374,0.0,False,3,3,0,0.11943744606393795,0.23904496670921307
sim4_vs_real8,descent_to_grasp,sim,episode_000004,23,real,episode_000008,23,5,0.25134702510569246,0.42774708599129624,0.003704907790622397,0.005796028227572691,0.000324757106209585,0.00048152841864353683,0.251171875,0.427734375,0.42774708599129624,0.0032622304925886453,0.00048152841864353683,0.427734375,0.027711089471788908,0.5544369089721457,0.4,True,2,0,2,0.3398110651536369,0.4578706255263037
sim4_vs_real8,descent_to_grasp,sim,episode_000004,24,real,episode_000008,24,5,0.17317979364283315,0.38087104646363634,0.0023189955966270185,0.0036472763963796085,0.0004880606285648961,0.001064409280898947,0.173046875,0.380859375,0.38087104646363634,0.0027852363988643872,0.001064409280898947,0.380859375,1.4469569743477027,1.0529501298035435,0.2,True,1,0,1,0.2260073708124717,0.4128940860473307
sim4_vs_real8,descent_to_grasp,sim,episode_000004,25,real,episode_000008,25,5,0.1510277199786018,0.3867304935355212,0.0027435352204903435,0.005012618074501567,0.0003569822162599832,0.0008178369598026398,0.15078125,0.38671875,0.3867304935355212,0.0029940037906406205,0.00034492023272054176,0.38671875,1.9836225363644369,0.27451749122053726,0.0,False,0,0,0,0.22442506454310748,0.41389757146553735
sim4_vs_real8,descent_to_grasp,sim,episode_000004,26,real,episode_000008,26,5,0.15185011838020296,0.3945427614868906,0.0027452233658550413,0.0046410384672058115,0.0003837584273191031,0.0008178369598026398,0.1515625,0.39453125,0.3945427614868906,0.0029929132803481395,0.0003548030936329826,0.39453125,1.968027993796819,0.1840052748815605,0.0,False,0,0,0,0.2248931092313907,0.42127276633572985
sim4_vs_real8,grasp_close,sim,episode_000004,27,real,episode_000008,27,5,0.02383952695274629,0.08599796320069886,0.004051857639808764,0.007312390907512166,0.0003366815310394057,0.0006429016053035592,0.02265625,0.0859375,0.08599796320069886,0.003223757342273734,5.618733745656884e-05,0.0859375,0.016805258260626954,0.008375072322161392,0.0,False,0,0,0,0.2036633814185363,0.17959463788303084
sim4_vs_real8,grasp_close,sim,episode_000004,28,real,episode_000008,28,5,0.019095302757348963,0.06644962044769098,0.0035528392402646354,0.006046977589903915,0.0003059740645943357,0.0005709017190897777,0.01796875,0.06640625,0.06644962044769098,0.002395737651829366,0.00014986555073847135,0.06640625,0.003078738920998192,0.061213630962025256,0.0,False,0,0,0,0.17812196602309086,0.13478419963705596
sim4_vs_real8,grasp_close,sim,episode_000004,29,real,episode_000008,29,5,0.008176554680924413,0.02739706909656544,0.0027423940393574682,0.004660619801585423,0.000269103701378416,0.00044495970726976915,0.00625,0.02734375,0.02739706909656544,0.0016985227650526678,0.00018371563917841485,0.02734375,0.00016635471228210186,0.08693014883904404,0.0,False,0,0,0,0.13570000187296102,0.0876311817464664
sim4_vs_real8,grasp_close,sim,episode_000004,30,real,episode_000008,30,5,0.00911895064466379,0.027403032274060237,0.0029214941177460826,0.004700872302354334,0.0002653330201426264,0.00043167102247505855,0.0078125,0.02734375,0.027403032274060237,0.0017906144778484672,0.00019802409551964348,0.02734375,0.0006862296692381475,0.05116005326833695,0.0,False,0,0,0,0.14421547500014334,0.09234197572917412
sim4_vs_real8,grasp_close,sim,episode_000004,31,real,episode_000008,31,5,0.009160809257947563,0.027410916719894107,0.0029917595463439606,0.004861505215084427,0.000262799278540933,0.00044495970726976894,0.0078125,0.02734375,0.027410916719894107,0.0019009442982542844,0.0002531839991088108,0.02734375,0.0006541719100537913,0.07613752460434353,0.0,False,0,0,0,0.14774538828159162,0.0981943184508421
sim4_vs_real8,grasp_close,sim,episode_000004,32,real,episode_000008,32,5,0.009068655441981117,0.027405595008547157,0.002857123738222944,0.004660702154778429,0.0002589211165272155,0.0004087018537234389,0.0078125,0.02734375,0.027405595008547157,0.0018303763955957216,0.00018893374619420857,0.02734375,0.0005306458876747078,0.05717629366781518,0.0,False,0,0,0,0.14114014826510485,0.09443541153240105
sim4_vs_real8,grasp_close,sim,episode_000004,33,real,episode_000008,33,5,0.009094724751893778,0.027396713041560793,0.0028591728419213535,0.004580343090976394,0.000263520705595146,0.00034296873817531756,0.0078125,0.02734375,0.027396713041560793,0.0016799177581165255,0.0002776648070819825,0.02734375,0.0005759756661777304,0.14262469664277577,0.0,False,0,0,0,0.14131347699029803,0.08827228331813597
sim4_vs_real8,grasp_close,sim,episode_000004,34,real,episode_000008,34,5,0.009090301923167444,0.027402654482704344,0.002871242573851776,0.004540173163053689,0.00026803793937352086,0.0004087018537234389,0.0078125,0.02734375,0.027402654482704344,0.0017803960259217058,0.0002345178604257352,0.02734375,0.0005890524962095522,0.08825283777683945,0.0,False,0,0,0,0.14187778877787788,0.09225931764599651
sim4_vs_real8,grasp_close,sim,episode_000004,35,real,episode_000008,35,5,0.00956067632947984,0.02740874404987942,0.0029296897420490802,0.0047410549076295095,0.0002546224137965563,0.0004087018537234389,0.00859375,0.02734375,0.02740874404987942,0.0018717873016029047,0.0002345178604257352,0.02734375,0.0008263486697047684,0.08825283777683945,0.0,False,0,0,0,0.14454046885018423,0.09656247827227203
sim4_vs_real8,grasp_close,sim,episode_000004,36,real,episode_000008,36,5,0.008968597512829227,0.027415345531150517,0.0027486393366554815,0.004339227581529503,0.000227441101812953,0.0003738003124647951,0.0078125,0.02734375,0.027415345531150517,0.001970992280406921,0.00018893374619420857,0.02734375,0.0005568660752240939,0.05717629366781518,0.0,False,0,0,0,0.1356553351452148,0.10092668315928725
sim4_vs_real8,lift,sim,episode_000004,37,real,episode_000008,37,5,0.00833469669766999,0.02354097026716995,0.002969535871532502,0.0046606697127851955,0.0002638514599046915,0.0004087018537234389,0.00703125,0.0234375,0.02354097026716995,0.002191592980253279,0.00024040607039795727,0.0234375,0.0005268386317363039,0.1062783883076649,0.0,False,0,0,0,0.1463262732438311,0.11072362781259222
sim4_vs_real8,lift,sim,episode_000004,38,real,episode_000008,38,5,0.0041704226267731195,0.007822221969564813,0.002250335236140713,0.002973132451198858,0.00021622578036604046,0.000308725997033581,0.00234375,0.0078125,0.007822221969564813,0.00036344107520166086,0.00014110590348630315,0.0078125,3.1012564306043267e-05,0.035684820619406366,0.0,False,0,0,0,0.11125261596979319,0.0224609375
sim4_vs_real8,lift,sim,episode_000004,39,real,episode_000008,39,5,0.003981171475565003,0.005676845154476763,0.0022906595442959295,0.004059460853629408,0.0002595244194717982,0.0006989702592075763,0.003125,0.00390625,0.005676845154476763,0.004059460853629408,0.0006989702592075763,0.00390625,0.00029233686822049965,1.3709895082417156,0.0,False,0,0,0,0.11539514010115925,0.20727122092574224
sim4_vs_real8,lift,sim,episode_000004,40,real,episode_000008,40,5,0.002040312009692578,0.00678621350330987,0.002013480642179484,0.006730672565614956,0.0002733874758412972,0.0008664528417538932,0.0,0.0,0.00678621350330987,0.006730672565614956,0.0008664528417538932,0.0,0.00040323319339352626,1.4102656665121656,0.0,False,0,0,0,0.10215360401963018,0.33654021377945703
sim4_vs_real8,lift,sim,episode_000004,41,real,episode_000008,41,5,0.0013588046309948047,0.0033516413314337947,0.0013265134338836353,0.0032170052497354877,0.0002650301039126642,0.0009404131207876744,0.0,0.0,0.0033516413314337947,0.0032170052497354877,0.0009404131207876744,0.0,0.00029273469087254256,1.537443482970534,0.0,False,0,0,0,0.06940349018629184,0.1787536236589105
sim4_vs_real8,lift,sim,episode_000004,42,real,episode_000008,42,5,0.0033750206708569363,0.007133524119371018,0.002805042351911794,0.007131532318487657,0.0002851726679426473,0.0006645214131557194,0.00078125,0.00390625,0.004198774268195369,0.0013890023701265185,0.0006645214131557194,0.00390625,6.0324774080688925e-05,0.10250452659157727,0.0,False,0,0,0,0.14184612371982075,0.09014576446011013
sim4_vs_real8,lift,sim,episode_000004,43,real,episode_000008,43,5,0.0030897419280115695,0.005545794173609156,0.002672062836551699,0.005544491342437665,0.00023634152936241642,0.000489497315235207,0.00078125,0.00390625,0.004803887263966888,0.002752986770905519,0.000489497315235207,0.00390625,7.993185444532536e-06,0.006823239738498965,0.0,False,0,0,0,0.13247789679782168,0.14075379301824673
sim4_vs_real8,lift,sim,episode_000004,44,real,episode_000008,44,5,0.0028794265723499054,0.005323805874734037,0.0024149090073226375,0.005323509366476421,0.00022292423822253097,0.0004522498139518228,0.00078125,0.00390625,0.004677039391448522,0.002532070005438575,0.0004522498139518228,0.00390625,1.1161461021425012e-05,0.02057748807225135,0.0,False,0,0,0,0.12066472294897972,0.12940927097651408
sim4_vs_real9,hold,sim,episode_000004,0,real,episode_000009,0,5,0.07327301357781267,0.2049470319142584,0.001399399277598075,0.0022129523032586355,0.0053001224448812985,0.00996218094726107,0.071875,0.204833984375,0.0119049875808548,0.0017210680689482135,0.00996218094726107,0.00628662109375,0.035393738177720735,0.0015157912192902412,0.0,False,,,,0.3053288759815513,0.4971340453353946
sim4_vs_real9,hold,sim,episode_000004,1,real,episode_000009,1,5,0.070089674904737,0.18469198258943567,0.0014247402665881984,0.0021208247191459736,0.005899784805780734,0.010577915696408393,0.06865234375,0.1845703125,0.013219772958314554,0.0016687987791131165,0.010577915696408393,0.00775146484375,0.032774234577046646,0.0013966024499693086,0.0,False,,,,0.3242165351057177,0.5205188091612275
sim4_vs_real9,alignment,sim,episode_000004,2,real,episode_000009,2,5,0.06932232421758158,0.18223819296364668,0.0013463626562813264,0.001965164569896424,0.005633733648012385,0.010867528292908308,0.06785888671875,0.18212890625,0.013380899141888267,0.0016545784160190743,0.010867528292908308,0.00762939453125,0.030950138531505966,0.0013388802068444727,0.0,False,,,,0.30990282951692366,0.530270771420347
sim4_vs_real9,alignment,sim,episode_000004,3,real,episode_000009,3,5,0.0758259544876248,0.19660018816785177,0.0011995756879545811,0.0016110440125721188,0.004877348846572577,0.010282375608971907,0.07471923828125,0.196533203125,0.014523597672462097,0.0015979805140080843,0.010282375608971907,0.0101318359375,0.030391432183730638,0.0012031967178055547,0.0,False,,,,0.2809755181388856,0.5081247543437594
sim4_vs_real9,alignment,sim,episode_000004,4,real,episode_000009,4,5,0.08212337036593834,0.19635154651437814,0.0011122793914740022,0.0015486457190824917,0.004683370715713388,0.009698371173440327,0.08109130859375,0.1962890625,0.013003108834048063,0.0014165966548128515,0.009698371173440327,0.008544921875,0.024690820288615467,0.0023384856023779266,0.0,False,,,,0.2670499550925553,0.47396373396371105
sim4_vs_real9,alignment,sim,episode_000004,5,real,episode_000009,5,5,0.04944248510491435,0.13368798481880512,0.0013807377778069156,0.0024359715952025408,0.0044399427034749256,0.008055185176737086,0.04801025390625,0.1334228515625,0.0073897393415066,0.0017382815189462362,0.007107039890140259,0.00103759765625,0.022448909522199578,0.0017927978707048542,0.0,False,,,,0.2534024805901054,0.3768267691528892
sim4_vs_real9,alignment,sim,episode_000004,6,real,episode_000009,6,5,0.04782167097868449,0.12357093884652108,0.001973384199351741,0.003702975178178673,0.0023040922380480828,0.005932049735316891,0.047021484375,0.1234130859375,0.00430707604608676,0.003702975178178673,0.0017423657457926052,0.0013427734375,0.042526000278036435,0.0010700447120342016,0.0,False,,,,0.2256607008421348,0.32033317778299414
sim4_vs_real9,alignment,sim,episode_000004,7,real,episode_000009,7,5,0.04101471652517097,0.1469860939298066,0.002587201751797103,0.0035046897079733397,0.004661787862445652,0.010101149170268702,0.0396728515625,0.1466064453125,0.003935146476847501,0.002946350205088833,0.0023658833881906836,0.0010986328125,0.048255009343345145,2.579346255948689e-05,0.0,False,,,,0.32539352552327633,0.28837961002397033
sim4_vs_real9,alignment,sim,episode_000004,8,real,episode_000009,8,5,0.021442691821639902,0.0654354365586938,0.00199557178673245,0.002929175158773141,0.0028339728314502504,0.00402816707569154,0.0201416015625,0.0653076171875,0.0033337076555515315,0.002920482296054609,0.0008839396962796276,0.0013427734375,0.04858222610621388,8.961735398083093e-05,0.0,False,,,,0.2216156408334909,0.2505818093867425
sim4_vs_real9,alignment,sim,episode_000004,9,real,episode_000009,9,5,0.01728563128420091,0.032873197537769364,0.0034299944559164136,0.0047846702301723165,0.013277459374247583,0.021170435778744223,0.0085693359375,0.027587890625,0.002964722056551398,0.002007199389620031,0.002007628099129117,0.0008544921875,0.01995394529351313,0.00024525822730181446,0.0,False,,,,0.6332947061353241,0.16977808338275643
sim4_vs_real9,alignment,sim,episode_000004,10,real,episode_000009,10,5,0.061575497701955896,0.19465251015566676,0.0022862046172450294,0.0029695085633438803,0.0074669728518565485,0.0121949611867941,0.0602294921875,0.194580078125,0.005509586884886671,0.002699485151266368,0.0033113229048984103,0.00347900390625,0.0468436589269835,0.00011764109691803082,0.0,False,,,,0.3910480128933248,0.2964377005908375
sim4_vs_real9,alignment,sim,episode_000004,11,real,episode_000009,11,5,0.041546038349708755,0.1233586847399274,0.004905035171222247,0.0076508420093592995,0.017337023216958448,0.02805883607757771,0.02955322265625,0.1229248046875,0.007596735534720903,0.00312294197670369,0.006480521562119384,0.00244140625,0.019752737645896468,0.00019469550032202854,0.0,False,,,,0.8472883353454567,0.3732459850108112
sim4_vs_real9,alignment,sim,episode_000004,12,real,episode_000009,12,5,0.037411116299792144,0.12030522139087983,0.0038405230761221964,0.005930828481992912,0.01257600304926513,0.020554171043103947,0.0288818359375,0.1202392578125,0.008511686591987545,0.0027375980754768916,0.0075545781580324085,0.0028076171875,0.010755288803639407,0.0006360834245748848,0.0,False,,,,0.6272531377462119,0.3974469344088178
sim4_vs_real9,alignment,sim,episode_000004,13,real,episode_000009,13,5,0.04282104533567678,0.1080201777400322,0.004769671552294138,0.006676923193778384,0.01913488998914009,0.028772996383851952,0.0274658203125,0.10797119140625,0.021778577070342003,0.005611007693546606,0.02099016213301211,0.001495361328125,0.010400742259720097,0.0008868200629744694,0.0,False,,,,0.9146651132314376,0.9820711963247952
sim4_vs_real9,alignment,sim,episode_000004,14,real,episode_000009,14,5,0.040056471109402345,0.10621126555188826,0.004822692005859601,0.007363346635149364,0.01677474040149398,0.02510090846625433,0.025732421875,0.106201171875,0.01982954089543515,0.00568727005212587,0.01898459615982951,0.00067138671875,0.007038123231255744,0.001038294517056615,0.0,False,,,,0.8281017085646549,0.892114124270421
sim4_vs_real9,alignment,sim,episode_000004,15,real,episode_000009,15,5,0.05094193759019687,0.1779863820509251,0.005179073900695696,0.00960002224143072,0.003572371538611756,0.006579925008487013,0.04603271484375,0.177978515625,0.009974553046935734,0.006873999808133184,0.006579925008487013,0.00299072265625,0.02999499010923956,0.0014634868910641252,0.0,False,,,,0.3674715243192309,0.49831332764675834
sim4_vs_real9,alignment,sim,episode_000004,16,real,episode_000009,16,5,0.07123642261239078,0.2133814203379574,0.0022661702944643926,0.004467977376960602,0.005012019008971908,0.011133310353550899,0.0695556640625,0.21337890625,0.01503210755431301,0.0036965758990757766,0.011133310353550899,0.0093994140625,0.00653572905032862,0.001949353678630139,0.0,False,,,,0.2947525979873918,0.5165415802946811
sim4_vs_real9,alignment,sim,episode_000004,17,real,episode_000009,17,5,0.02118481562427548,0.03626512391616682,0.003736835891361156,0.007283263445235235,0.010660740475232244,0.021407495152111322,0.01290283203125,0.0361328125,0.02219073007625359,0.0056239982563755925,0.021407495152111322,0.0015869140625,0.024415124971377433,0.00498485133611537,0.0,False,,,,0.5067798894946842,0.9621489494631806
sim4_vs_real9,alignment,sim,episode_000004,18,real,episode_000009,18,5,0.022829676598503674,0.04405281536783864,0.003706553997138714,0.007374110537968391,0.010755634236811862,0.02136703856764319,0.014410400390625,0.0439453125,0.022176284681852152,0.005616123738019852,0.02136703856764319,0.001922607421875,0.023509645978049498,0.004683604417108023,0.0,False,,,,0.5100733713704733,0.9581815701045774
sim4_vs_real9,descent_to_grasp,sim,episode_000004,19,real,episode_000009,19,5,0.022580186404954662,0.04211619688661904,0.0035075530542445143,0.007009778569606243,0.010633789738050892,0.021170921744235165,0.013916015625,0.0419921875,0.0219525487797845,0.005467336935169043,0.021170921744235165,0.001953125,0.02185818153706276,0.004428342597280088,0.0,False,,,,0.5024561866699144,0.9507994500379693
sim4_vs_real9,descent_to_grasp,sim,episode_000004,20,real,episode_000009,20,5,0.022581413847704335,0.026635418705147157,0.004355132728954719,0.007758731348448446,0.011584002695579666,0.024237301134353215,0.01446533203125,0.0263671875,0.025038116552409135,0.006245778901673563,0.024237301134353215,0.00067138671875,0.032778991113058153,0.019162671621925975,0.0,False,,,,0.5591362937226135,1.0870496026157184
sim4_vs_real9,descent_to_grasp,sim,episode_000004,21,real,episode_000009,21,5,0.0918021407134749,0.22561562126467635,0.004559052593083101,0.0073335546585718454,0.009824914562769599,0.020061236329659598,0.088507080078125,0.2255859375,0.024552621380402206,0.0063230517285388955,0.020061236329659598,0.012664794921875,0.06378741530201881,0.04060157317671054,0.0,False,,,,0.5312611609335566,0.9377251359701662
sim4_vs_real9,descent_to_grasp,sim,episode_000004,22,real,episode_000009,22,5,0.2760863926015554,0.4233437720834179,0.0018824062067096694,0.004290810118814347,0.0005068430712170852,0.0015793466672758992,0.27607421875,0.42333984375,0.3789338354863995,0.004290810118814347,0.0015793466672758992,0.37890625,0.007608443573875134,0.6016134559942531,0.4,True,3,1,2,0.30037432365643857,0.4434432567951285
sim4_vs_real9,descent_to_grasp,sim,episode_000004,23,real,episode_000009,23,5,0.2934291853792414,0.5254006376581025,0.0032968783339512404,0.004711101576336434,0.0002810198942257368,0.00039514059256448076,0.293359375,0.525390625,0.5254006376581025,0.003219484052168303,0.00039514059256448076,0.525390625,0.006900568500842863,0.3221441864280826,0.4,True,2,0,2,0.35754332056899507,0.550010412291022
sim4_vs_real9,descent_to_grasp,sim,episode_000004,24,real,episode_000009,24,5,0.2179598863814937,0.5019673736990276,0.0036348928530670357,0.005293906655233086,0.00044627749101987664,0.0009364647359073631,0.217578125,0.501953125,0.5019673736990276,0.0037237837435199162,0.0006618124092780879,0.501953125,1.9794209071163034,0.7439027495442105,0.2,True,1,0,1,0.3082725193319666,0.5354755868912178
sim4_vs_real9,descent_to_grasp,sim,episode_000004,25,real,episode_000009,25,5,0.16100138806740452,0.42580229593066027,0.0029740115294418588,0.004972409501172239,0.0002733147585777478,0.000566745858842786,0.1609375,0.42578125,0.42580229593066027,0.004221995584728293,0.00031164329229013595,0.42578125,1.990706757215841,0.20520727663612448,0.0,False,0,0,0,0.2311496542229416,0.47302962759187916
sim4_vs_real9,descent_to_grasp,sim,episode_000004,26,real,episode_000009,26,5,0.1641099395324687,0.4336140155100896,0.002844784939820311,0.004761517768221801,0.0002862691259014017,0.0006277172555251068,0.1640625,0.43359375,0.4336140155100896,0.004181717019448592,0.0002960582560207692,0.43359375,1.9905367665182274,0.07985703298614555,0.0,False,0,0,0,0.22907179007691464,0.4791830585274399
sim4_vs_real9,grasp_close,sim,episode_000004,27,real,episode_000009,27,5,0.014212194599123906,0.04691691220004126,0.003994501902397548,0.006307920171893217,0.00026483403050919725,0.0005022307131033604,0.0125,0.046875,0.04691691220004126,0.001972860710769759,0.00019709389204402924,0.046875,0.0011149821237900204,0.10666005419393398,0.0,False,0,0,0,0.1976948888286782,0.107980834461315
sim4_vs_real9,grasp_close,sim,episode_000004,28,real,episode_000009,28,5,0.009808402802863977,0.027362940131495834,0.00315016544242757,0.00494184294315861,0.00019305635722762385,0.00033654285663713927,0.00859375,0.02734375,0.027362940131495834,0.00100547629263164,0.00019709389204402924,0.02734375,5.2683622715266054e-05,0.12938647672891435,0.0,False,0,0,0,0.1554527924523285,0.0575840741711155
sim4_vs_real9,grasp_close,sim,episode_000004,29,real,episode_000009,29,5,0.007042463656844916,0.015665320001717338,0.0029452262094208873,0.004901704822888749,0.00019186264335895216,0.0003807073508664713,0.00546875,0.015625,0.015665320001717338,0.001105793721235685,0.0001970938920440295,0.015625,4.52794909353571e-05,0.10201994505113654,0.0,False,0,0,0,0.14462943112177049,0.057553013122320605
sim4_vs_real9,grasp_close,sim,episode_000004,30,real,episode_000009,30,5,0.00718829617226206,0.015644853277178974,0.0027202785042582146,0.004057921548091395,0.00016601785568590553,0.00027190201313056605,0.00625,0.015625,0.015644853277178974,0.000784749224566706,7.055295174315171e-05,0.015625,5.149329323217433e-05,0.009066027824728984,0.0,False,0,0,0,0.13344381465066252,0.04172162563971481
sim4_vs_real9,grasp_close,sim,episode_000004,31,real,episode_000009,31,5,0.007133298845896652,0.015656198882627613,0.0026639970113447246,0.004017741269173064,0.00016081526962626177,0.00030652639029257983,0.00625,0.015625,0.015656198882627613,0.000985373397951462,7.055295174315171e-05,0.015625,4.421416698519032e-05,0.00912503461431502,0.0,False,0,0,0,0.13069533110528012,0.05079298617386074
sim4_vs_real9,grasp_close,sim,episode_000004,32,real,episode_000009,32,5,0.007867191106409415,0.01956315047448501,0.002607741575570804,0.00397756678061146,0.00015406103862088968,0.00027190201313056605,0.00703125,0.01953125,0.01956315047448501,0.0011058252752744128,0.00015582164614506703,0.01953125,4.4138437054419555e-05,0.06347609621747163,0.0,False,0,0,0,0.12805248091637658,0.057691622998991915
sim4_vs_real9,grasp_close,sim,episode_000004,33,real,episode_000009,33,5,0.007112477428893782,0.0156391971724642,0.0025797405206583195,0.0038168572529657073,0.00015756374678086777,0.00025864761593769465,0.00625,0.015625,0.0156391971724642,0.0006445541460560465,0.00016856201236971,0.015625,6.051704185827678e-05,0.08642515718875177,0.0,False,0,0,0,0.1269748457292046,0.03708688154640282
sim4_vs_real9,grasp_close,sim,episode_000004,34,real,episode_000009,34,5,0.00705637354829238,0.01565227065973226,0.002527409454395961,0.0038168572529657073,0.00017494309031705014,0.00027190201313056605,0.00625,0.015625,0.01565227065973226,0.0009050968840056269,0.00018371563917841485,0.015625,4.7940783558297895e-05,0.07081006142715729,0.0,False,0,0,0,0.12412460602193576,0.047771776596230504
sim4_vs_real9,grasp_close,sim,episode_000004,35,real,episode_000009,35,5,0.007087343233706711,0.015662374175254318,0.0025997122121927114,0.003977629608132363,0.00017036907377040102,0.00027190201313056605,0.00625,0.015625,0.015662374175254318,0.0010656398873890845,0.00018371563917841485,0.015625,4.295486928773684e-05,0.07081006142715729,0.0,False,0,0,0,0.12749555039386543,0.05504383074625763
sim4_vs_real9,grasp_close,sim,episode_000004,36,real,episode_000009,36,5,0.007035610206710377,0.015667996781056154,0.002527257786389398,0.0038570346339152615,0.00016927663501444752,0.0003098867905827277,0.00625,0.015625,0.015667996781056154,0.0011453151073426064,0.00018371563917841485,0.015625,4.840220288460095e-06,0.08655386374601792,0.0,False,0,0,0,0.12400684279746862,0.05864255779688449
sim4_vs_real9,lift,sim,episode_000004,37,real,episode_000009,37,5,0.007172862370909585,0.015687963583023497,0.002800463178357142,0.004057983131523821,0.00019458679842267757,0.0003053414009795294,0.00625,0.015625,0.015687963583023497,0.0013863765223561737,0.00022256801327016063,0.015625,6.444579464082167e-06,0.12545244883720363,0.0,False,0,0,0,0.13726566795200662,0.07041584473380402
sim4_vs_real9,lift,sim,episode_000004,38,real,episode_000009,38,5,0.0028139665672734077,0.004245545508576615,0.0017558902182687238,0.002250017820356371,0.00016980072785683552,0.00022876401018636695,0.0015625,0.00390625,0.0011582337676138337,0.0011456400280612513,0.00017033609877166816,0.0,4.76696051558978e-05,0.042581556683766175,0.0,False,0,0,0,0.08640484048759975,0.05752607998055914
sim4_vs_real9,lift,sim,episode_000004,39,real,episode_000009,39,5,0.003274780925992578,0.005873689717824945,0.00225864730278143,0.0058267991477673016,0.00024148709241955988,0.0007407041196461242,0.0015625,0.00390625,0.005873689717824945,0.0058267991477673016,0.0007407041196461242,0.0,0.0003009245493708068,1.7032874642668467,0.0,False,0,0,0,0.11446714109733266,0.291101225482087
sim4_vs_real9,lift,sim,episode_000004,40,real,episode_000009,40,5,0.002227409087130986,0.006632253721298353,0.0021903815900679575,0.00656997390612057,0.00028442620499116695,0.0009067702556715659,0.0,0.0,0.006632253721298353,0.00656997390612057,0.0009067702556715659,0.0,0.0004006075858261626,1.7088727624939155,0.0,False,0,0,0,0.11203199527494476,0.3298747321991811
sim4_vs_real9,lift,sim,episode_000004,41,real,episode_000009,41,5,0.0019877829981525216,0.00614713643676002,0.001969058002273628,0.0060682892940571755,0.0002557399233290011,0.0009814027795832583,0.0,0.0,0.00614713643676002,0.0060682892940571755,0.0009814027795832583,0.0,0.00030516835730975966,1.8033026600676172,0.0,False,0,0,0,0.0986284385666635,0.3085292314130908
sim4_vs_real9,lift,sim,episode_000004,42,real,episode_000009,42,5,0.0017048566801739344,0.00418277991963069,0.0016640202503058177,0.0041785107269952946,0.00022160213786722623,0.0006133190685226249,0.0,0.0,0.0011111285004829657,0.0009265237529454189,0.0006133190685226249,0.0,6.616618384702733e-05,0.004970825343807439,0.0,False,0,0,0,0.08654876103563103,0.07112332242519223
sim4_vs_real9,lift,sim,episode_000004,43,real,episode_000009,43,5,0.002131252311029126,0.003988767769267813,0.0014398532884135652,0.0035758726267404437,0.00022271869256051537,0.0005718402948942176,0.00078125,0.00390625,0.003988767769267813,0.0005696296444050521,0.0005718402948942176,0.00390625,7.52005675724865e-05,0.030913510677804457,0.0,False,0,0,0,0.07723240185864506,0.05847155226532306
sim4_vs_real9,lift,sim,episode_000004,44,real,episode_000009,44,5,0.002013181211674942,0.003953572193646803,0.0012726354282439796,0.003093745314643995,0.00021451361504328087,0.0005335173727488506,0.00078125,0.00390625,0.003953572193646803,0.00029547121831468193,0.0005335173727488506,0.00390625,7.950872276651921e-05,0.05087714537712462,0.0,False,0,0,0,0.07016984562773958,0.0499313837347318
sim4_vs_real10,hold,sim,episode_000004,0,real,episode_000010,0,5,0.03279579878805058,0.0819370428650996,0.001275749076134965,0.0021206218969758565,0.0033335367327187553,0.0056021334644348626,0.03148193359375,0.081787109375,0.005884869529157933,0.0012019773364814327,0.0056021334644348626,0.0013427734375,0.017957364876483806,0.0003109538002505907,0.0,False,,,,0.21433764684810824,0.28682338977555577
sim4_vs_real10,hold,sim,episode_000004,1,real,episode_000010,1,5,0.03592874718421527,0.08705922299316043,0.001266908558494101,0.0020926543752841044,0.003669066717554413,0.006216810853540302,0.03472900390625,0.0869140625,0.006902042579969474,0.0012023900085370784,0.006216810853540302,0.00274658203125,0.017260451799195775,0.00025352459845862096,0.0,False,,,,0.22567453430142564,0.3114302983259944
sim4_vs_real10,alignment,sim,episode_000004,2,real,episode_000010,2,5,0.043005901838359895,0.10314580326620966,0.0012753194997336824,0.0020618566072172183,0.003923535370280871,0.00698671961672405,0.04188232421875,0.10302734375,0.008249042701895536,0.0012232527882666759,0.00698671961672405,0.00421142578125,0.016619056720739822,0.00034090876423797933,0.0,False,,,,0.23889166660147715,0.34726603715011806
sim4_vs_real10,alignment,sim,episode_000004,3,real,episode_000010,3,5,0.03765709539334663,0.09115550143102166,0.0011322790155808586,0.001752214593565639,0.003473622832670375,0.00636352364973681,0.03662109375,0.091064453125,0.0077140287835992544,0.001129468778878339,0.00636352364973681,0.00421142578125,0.014948124083345338,0.0003875972648880177,0.0,False,,,,0.21140818479179266,0.31786148947461706
sim4_vs_real10,alignment,sim,episode_000004,4,real,episode_000010,4,5,0.03626120685770655,0.08163732106957708,0.001103188295987948,0.0017121683965155953,0.003261259998559172,0.00611187919558338,0.0353759765625,0.08154296875,0.007494342826668199,0.0010363397084214138,0.00611187919558338,0.00421142578125,0.013669737538664628,0.00036710497941949694,0.0,False,,,,0.19220889913110814,0.2980589660451829
sim4_vs_real10,alignment,sim,episode_000004,5,real,episode_000010,5,5,0.039497735353149765,0.0831272170369574,0.0018000824473536306,0.003128287935297009,0.004923370317277217,0.008409144908270588,0.03868408203125,0.0826416015625,0.003951290745678914,0.0014195225324904203,0.0027084019910133977,0.00250244140625,0.017189488046779777,9.323276500594613e-05,0.0,False,,,,0.28324396645110245,0.15965696757736422
sim4_vs_real10,alignment,sim,episode_000004,6,real,episode_000010,6,5,0.03218970963010258,0.07633763772921422,0.0020024028852279586,0.0025148749647653464,0.004109902392812102,0.00612733046788761,0.031103515625,0.0760498046875,0.004435528835949983,0.0021573326325182228,0.003697972710752617,0.00115966796875,0.016369848909108087,0.0007881769195583477,0.0,False,,,,0.2466986729590078,0.18181750186676524
sim4_vs_real10,alignment,sim,episode_000004,7,real,episode_000010,7,5,0.011595204615956412,0.02907344525761801,0.0024520291911001094,0.003514500760043645,0.0052498189766928705,0.008904480646338156,0.00926513671875,0.0274658203125,0.004348279537893125,0.001983346086880402,0.003861899609588635,0.000244140625,0.024393508594267588,0.0005134135721852617,0.0,False,,,,0.29552964122557535,0.18392686856310894
sim4_vs_real10,alignment,sim,episode_000004,8,real,episode_000010,8,5,0.016231935330812304,0.0327399846794474,0.0028749123068833355,0.004041382618338394,0.009269355615873383,0.012926717596540929,0.0093505859375,0.0325927734375,0.009270614539420706,0.0029575468677425594,0.00814458494665688,0.0032958984375,0.029068770788987286,0.0005253752270268919,0.0,False,,,,0.44344608857723367,0.37814752574692756
sim4_vs_real10,alignment,sim,episode_000004,9,real,episode_000010,9,5,0.01830528482966993,0.02259402883704695,0.0038476832268447467,0.005307689953926049,0.01711770846233668,0.021923158406045654,0.002911376953125,0.0096435546875,0.014456752075809785,0.0034026594460795133,0.013862932582726657,0.002288818359375,0.012578025772396972,0.0008886479344677456,0.0,False,,,,0.7593022419445059,0.600855617143166
sim4_vs_real10,alignment,sim,episode_000004,10,real,episode_000010,10,5,0.027138475614178887,0.03435358725128141,0.004730680845728748,0.006948639085488805,0.022658247546482067,0.03341596299418172,0.00947265625,0.0283203125,0.015711786089721593,0.0027751650722867573,0.013780120346120701,0.00701904296875,0.01258413986773832,0.0006369284313438861,0.0,False,,,,1.0234506723978944,0.5832920914926659
sim4_vs_real10,alignment,sim,episode_000004,11,real,episode_000010,11,5,0.03332909877199256,0.04007927710184606,0.0065631183397317164,0.008176649136088173,0.03135033857677148,0.03900967514349348,0.007208251953125,0.0157470703125,0.025176678695512048,0.0042198346918053695,0.023082395365682642,0.009124755859375,0.011217589233875502,0.0008142402339904597,0.0,False,,,,1.4123492924552494,1.010985735331373
sim4_vs_real10,alignment,sim,episode_000004,12,real,episode_000010,12,5,0.029630770013156428,0.038946225051338185,0.005954545318510772,0.008129577977283786,0.02844116831082033,0.03808829751591352,0.00369873046875,0.0106201171875,0.018593512869628973,0.003334193353795805,0.017611366950477,0.00494384765625,0.007941917056976888,0.00015112169703668243,0.0,False,,,,1.3373912639719514,0.8247372072344415
sim4_vs_real10,alignment,sim,episode_000004,13,real,episode_000010,13,5,0.032999541203693625,0.04165567903571344,0.005586821563299832,0.007731366067562041,0.03150127453853941,0.040857204594094226,0.00673828125,0.01361083984375,0.023468375440666947,0.0038543450528337434,0.02269873074774793,0.004547119140625,0.012467634198891075,0.00046392712825416016,0.0,False,,,,1.4832169862340947,1.060321354027305
sim4_vs_real10,alignment,sim,episode_000004,14,real,episode_000010,14,5,0.02202435082718846,0.0339321065302559,0.004146925526070817,0.006648042794266058,0.021349491086635305,0.03254537232294142,0.002789306640625,0.006927490234375,0.015156923993737713,0.0028380344362575025,0.01488434731655419,0.0003662109375,0.0053571409760871935,0.00023050125289181267,0.0,False,,,,1.0318210720763117,0.6903114163591851
sim4_vs_real10,alignment,sim,episode_000004,15,real,episode_000010,15,5,0.01792052847409076,0.024960378151651575,0.004177736553225564,0.006080245576013723,0.015803550609534985,0.023817470537701193,0.0048095703125,0.014892578125,0.01241370342783809,0.0032898706429416525,0.011754865440677551,0.00225830078125,0.004153745630221195,0.0021664965981563755,0.0,False,,,,0.785200566413959,0.5843024041732485
sim4_vs_real10,alignment,sim,episode_000004,16,real,episode_000010,16,5,0.016187730981782906,0.020280558575616506,0.0024552583032796363,0.004268761543502281,0.010567571753378378,0.0169252807513912,0.01099853515625,0.01806640625,0.016936582980004847,0.0013816934570835058,0.008171344148309936,0.0147705078125,0.018767128437419345,0.004767225872846614,0.0,False,,,,0.5202646762430609,0.39791418752180935
sim4_vs_real10,alignment,sim,episode_000004,17,real,episode_000010,17,5,0.01961333211045242,0.03654901186225215,0.002952573073688422,0.0044880806943823,0.009415018290203086,0.013542260424293814,0.015093994140625,0.03564453125,0.011482759041261711,0.001849798937401724,0.010043891279949257,0.0052490234375,0.01767095844629263,0.0062634619997691265,0.0,False,,,,0.47225670636755,0.4830579541160643
sim4_vs_real10,alignment,sim,episode_000004,18,real,episode_000010,18,5,0.018045454857683895,0.03378766223202009,0.0028252422623286175,0.004334627627455817,0.00895456323654168,0.012869399012618668,0.013818359375,0.03271484375,0.010906403230917275,0.0015718698172358452,0.008879892644395301,0.006134033203125,0.013391350607139363,0.005241524173408285,0.0,False,,,,0.4532024919245507,0.4277661640512746
sim4_vs_real10,descent_to_grasp,sim,episode_000004,19,real,episode_000010,19,5,0.01748406985486577,0.033823056798299764,0.0026078224498592368,0.0038292541712724244,0.00892668968079853,0.012402791319789813,0.013275146484375,0.03271484375,0.011663594118644732,0.0015162379230715568,0.009096425200565247,0.00714111328125,0.014505829844329354,0.005340215302281792,0.0,False,,,,0.44743646335871556,0.4350183513280932
sim4_vs_real10,descent_to_grasp,sim,episode_000004,20,real,episode_000010,20,5,0.05318530656518983,0.15754379857769604,0.003296362362208187,0.004562987669583259,0.009752595137677829,0.011947479817287223,0.049395751953125,0.1572265625,0.01190215327622401,0.00200202016795529,0.011352988758616523,0.002960205078125,0.026921114178476313,0.008605032287325454,0.0,False,,,,0.5004597579030563,0.5296186202973082
sim4_vs_real10,descent_to_grasp,sim,episode_000004,21,real,episode_000010,21,5,0.13059851277956766,0.38047203300432797,0.0038745936185578126,0.005033076422357612,0.009621296768563723,0.011869805547252915,0.1288482666015625,0.38037109375,0.01698946975783217,0.0027671802070456547,0.01148795823528063,0.01220703125,0.055379520841471686,0.026429437978668036,0.0,False,,,,0.5297130560327513,0.546482054001281
sim4_vs_real10,descent_to_grasp,sim,episode_000004,22,real,episode_000010,22,5,0.08862485031072914,0.12306462801449612,0.0019155501402949155,0.00279426545129536,0.0012343184816307677,0.0032075193084615105,0.08857421875,0.123046875,0.12306462801449612,0.002078592435052662,0.00022062313935937572,0.123046875,0.022978927681424066,0.0068018571179753184,0.0,False,3,3,0,0.16609737980929498,0.19153139344102812
sim4_vs_real10,descent_to_grasp,sim,episode_000004,23,real,episode_000010,23,5,0.19260267567223183,0.36915249455640614,0.0017597846112552488,0.0028992575937093175,0.0006261473699898849,0.001211591156810176,0.192578125,0.369140625,0.36915249455640614,0.0028992575937093175,0.0005979274472239758,0.369140625,0.0018218783295163021,0.8445086055857861,0.4,True,2,0,2,0.22271069985729497,0.3985392122779696
sim4_vs_real10,descent_to_grasp,sim,episode_000004,24,real,episode_000010,24,5,0.19651310513294848,0.4629024511671548,0.002125192098862359,0.0032569084660668576,0.0007758319870418711,0.0023525469032732262,0.196484375,0.462890625,0.4629024511671548,0.0032569084660668576,0.0005840641344585894,0.462890625,1.9473225627880715,0.6267459870002475,0.2,True,1,0,1,0.2367270421332281,0.49083396446347205
sim4_vs_real10,descent_to_grasp,sim,episode_000004,25,real,episode_000010,25,5,0.16599638926163032,0.44142938260354053,0.0031888862515908555,0.004499287161738434,0.00027881159488083015,0.000492368043734882,0.165625,0.44140625,0.44142938260354053,0.004499287161738434,0.000422731258211237,0.44140625,1.9967407874743106,0.4638841913104923,0.0,False,0,0,0,0.2401326978006098,0.49325059188289094
sim4_vs_real10,descent_to_grasp,sim,episode_000004,26,real,episode_000010,26,5,0.16590413087666384,0.4453339057061761,0.0028477069984312394,0.00432893592997682,0.0003705281975998546,0.0005702885072539258,0.165625,0.4453125,0.4453339057061761,0.00432893592997682,0.0005702885072539258,0.4453125,1.9974410781956127,0.6289809921425611,0.0,False,0,0,0,0.22777194106397908,0.49337769970422224
sim4_vs_real10,grasp_close,sim,episode_000004,27,real,episode_000010,27,5,0.012672617837377267,0.03911227776484557,0.004479966068726871,0.006026872330622834,0.0003150547263712769,0.0004522498139518233,0.01015625,0.0390625,0.03911227776484557,0.001948786473634172,0.0003059362427265958,0.0390625,0.00025791730928226286,0.2883921591347497,0.0,False,0,0,0,0.22073835710217096,0.10345687638628205
sim4_vs_real10,grasp_close,sim,episode_000004,28,real,episode_000010,28,5,0.005739195713627361,0.01175255145389998,0.003559968068657456,0.004701009515232867,0.00021246842073199533,0.0003122114826542963,0.00234375,0.01171875,0.01175255145389998,0.000884830090321991,0.0001021754634308593,0.01171875,0.00010175551815461148,0.01314572382155077,0.0,False,0,0,0,0.17431454253761586,0.045556928464055846
sim4_vs_real10,grasp_close,sim,episode_000004,29,real,episode_000010,29,5,0.004048523829718651,0.0043039386018935396,0.003435339059669227,0.004299084575530012,0.0001696720183421335,0.0003191276718075033,0.00078125,0.00390625,0.004028757283145493,0.0009850256249908627,4.2669686068837545e-05,0.00390625,0.00010993128587633016,7.25487982871087e-05,0.0,False,0,0,0,0.16775971768733283,0.04829790241749312
sim4_vs_real10,grasp_close,sim,episode_000004,30,real,episode_000010,30,5,0.004168992971462641,0.005780670339738798,0.0031463310458124784,0.004299138684004411,0.00014907998203253682,0.0001837156391784148,0.0015625,0.00390625,0.0039219550905575966,0.00034346026094873427,7.055295174315144e-05,0.00390625,5.4978957898521585e-05,0.0075083077340158955,0.0,False,0,0,0,0.1536443802641072,0.018269811458857137
sim4_vs_real10,grasp_close,sim,episode_000004,31,real,episode_000010,31,5,0.004171467117830001,0.005780670339738798,0.003166399278232701,0.0042588084763507715,0.0001604053354465294,0.0002043509268617205,0.0015625,0.00390625,0.00393270767874732,0.00044380265732736087,0.0001021754634308593,0.00390625,6.546846523247662e-05,0.008518803530628283,0.0,False,0,0,0,0.1548220005921682,0.02384592860756793
sim4_vs_real10,grasp_close,sim,episode_000004,32,real,episode_000010,32,5,0.004027234789448499,0.005663311004943853,0.0030137188082915026,0.004098096094556528,0.00015675889416007295,0.00017968931698314405,0.0015625,0.00390625,0.003935161032649849,0.000443802657327361,0.00017246011636026996,0.00390625,6.434765011686938e-05,0.06547920799562434,0.0,False,0,0,0,0.14741233973016898,0.024163755921208247
sim4_vs_real10,grasp_close,sim,episode_000004,33,real,episode_000010,33,5,0.003990485232229351,0.005663313058674691,0.002923095776219262,0.004098098932682885,0.00014444176951297375,0.00019802409551964605,0.0015625,0.00390625,0.00391051686979195,0.0001513714011962424,0.00010217546343086121,0.00390625,0.00010971290003503054,0.011601513599524882,0.0,False,0,0,0,0.1435262145181853,0.012853951739343929
sim4_vs_real10,grasp_close,sim,episode_000004,34,real,episode_000010,34,5,0.004066302128085777,0.005751134514964758,0.003038263150194267,0.0042186310896688076,0.00014955844531300543,0.0001837156391784148,0.0015625,0.00390625,0.0039211120899847185,0.0003254091799519701,0.0001021754634308593,0.00390625,0.00010565047142330197,0.008518803530628283,0.0,False,0,0,0,0.148655573676796,0.01889213097866514
sim4_vs_real10,grasp_close,sim,episode_000004,35,real,episode_000010,35,5,0.003935389894831142,0.00554812898264577,0.0028732136249117494,0.0039776734691335065,0.0001360012796380581,0.00015582164614506697,0.0015625,0.00390625,0.0039139673644352614,0.00022340913597477396,0.0001021754634308593,0.00390625,3.793637216742418e-05,0.008518803530628283,0.0,False,0,0,0,0.14072170272051268,0.014721497491876304
sim4_vs_real10,grasp_close,sim,episode_000004,36,real,episode_000010,36,5,0.003917923456409613,0.005548126886277641,0.002905135171985533,0.0039776734691335065,0.0001694614149559605,0.0001837156391784148,0.0015625,0.00390625,0.003942345921186586,0.0005035472252545057,0.00017246011636026996,0.00390625,5.416476611985743e-05,0.06547920799562434,0.0,False,0,0,0,0.14209766735985047,0.02674426550318194
sim4_vs_real10,lift,sim,episode_000004,37,real,episode_000010,37,5,0.004105732439911458,0.0056650169873499025,0.0031621908568178975,0.004138378863208962,0.0001694575349878036,0.00019802409551964546,0.0015625,0.00390625,0.004005723094645336,0.0008647629189949298,0.00019802409551964546,0.00390625,7.621673224966763e-05,0.08815924048081802,0.0,False,0,0,0,0.15446297617396806,0.04394802508989178
sim4_vs_real10,lift,sim,episode_000004,38,real,episode_000010,38,5,0.0043824788278821105,0.0057511405820698195,0.0030337024977257977,0.004218639360769263,0.00013215006094557098,0.00022256801327015798,0.00234375,0.00390625,0.003918364918320446,0.00030271695316573153,5.618733745656884e-05,0.00390625,2.4208857756113922e-05,0.006783686328618255,0.0,False,0,0,0,0.14801005231553582,0.01592725237333993
sim4_vs_real10,lift,sim,episode_000004,39,real,episode_000010,39,5,0.0036201731826581334,0.005462383012691826,0.00327079194912257,0.004220111776055859,0.00026790880532957123,0.000782538923430138,0.00078125,0.00390625,0.004292052023110687,0.004220111776055859,0.000782538923430138,0.0,0.00029430574844724333,1.8166641839576,0.0,False,0,0,0,0.16226015338363928,0.217087559381256
sim4_vs_real10,lift,sim,episode_000004,40,real,episode_000010,40,5,0.004337519936103125,0.0074247047361508285,0.0028754670730930564,0.006248617371863144,0.0002915517588731978,0.0009067702556715659,0.00234375,0.00390625,0.0074247047361508285,0.006248617371863144,0.0009067702556715659,0.00390625,0.0004013324781209082,1.7088727624939155,0.0,False,0,0,0,0.14839686248053116,0.31480018939117976
sim4_vs_real10,lift,sim,episode_000004,41,real,episode_000010,41,5,0.002460725083313282,0.00468616980392176,0.0024352088009439578,0.0045822522863123065,0.00028126787748422805,0.0009814027795832583,0.0,0.0,0.00468616980392176,0.0045822522863123065,0.0009814027795832583,0.0,0.0003034072704712898,1.8033026600676172,0.0,False,0,0,0,0.12250607585691711,0.24039757620276672
sim4_vs_real10,lift,sim,episode_000004,42,real,episode_000010,42,5,0.004049997068894377,0.007394013582046239,0.0035287071275031502,0.007392691899140048,0.00031361430053777027,0.0009137069355830191,0.00078125,0.00390625,0.00440245236655072,0.0018132670551012392,0.0009137069355830191,0.00390625,0.00022009322696892042,1.3619076311732456,0.0,False,0,0,0,0.17836753850149983,0.1212206759829634
sim4_vs_real10,lift,sim,episode_000004,43,real,episode_000010,43,5,0.005256197004955952,0.007858118378665195,0.003414479361996748,0.005946316709017449,0.0003238848266982102,0.0007985131819869144,0.00234375,0.0078125,0.007858118378665195,0.0002779296697167627,0.0007985131819869144,0.0078125,0.0001931135523352001,1.5755961846528108,0.0,False,0,0,0,0.1785745971783817,0.07378218902029118
sim4_vs_real10,lift,sim,episode_000004,44,real,episode_000010,44,5,0.005239634621109287,0.007855899362675549,0.0033805291221355735,0.006107014342277996,0.00029834345471987223,0.0007470700392413792,0.00234375,0.0078125,0.007855899362675549,0.00034912018411140664,0.0007470700392413792,0.0078125,0.00018583436985897261,1.5041546828772687,0.0,False,0,0,0,0.17542581662590445,0.07024634746138078
real4_vs_real8,hold,real,episode_000004,0,real,episode_000008,0,5,0.6089648125339152,0.7227036972060857,0.004703033882608633,0.0055552529585688884,0.005565509394672835,0.007974649609589473,0.6089111328125,0.72265625,0.39403790432543445,0.005347969986575552,0.007974649609589473,0.3939208984375,0.15619171585498848,0.010726784548238388,0.8,True,1,,,0.7364515914482362,0.6366393267938605
real4_vs_real8,hold,real,episode_000004,1,real,episode_000008,1,5,0.5996614479972798,0.7119610140564362,0.004593930512582215,0.005455131675803248,0.005571708599939834,0.007830039124665624,0.599609375,0.7119140625,0.40343077427582785,0.005273105821291076,0.007830039124665624,0.4033203125,0.1483425064200612,0.011288195060125572,0.8,True,1,,,0.7245562701981265,0.637420828895912
real4_vs_real8,alignment,real,episode_000004,2,real,episode_000008,2,5,0.5995388925662266,0.712941459126847,0.004597942916462893,0.005613797725219775,0.005464284220977092,0.0073217642119868,0.5994873046875,0.712890625,0.3881668749763201,0.005308093355533218,0.007321270461996368,0.3880615234375,0.15790224189076685,0.009773251266624428,0.8,True,1,,,0.7256177164307939,0.6181539983668366
real4_vs_real8,alignment,real,episode_000004,3,real,episode_000008,3,5,0.5954894260325967,0.7070841230894004,0.004573246604714568,0.005480162021081818,0.005759069914778014,0.007705380738873209,0.5954345703125,0.70703125,0.3830461310122544,0.0051069022613649704,0.007705380738873209,0.3829345703125,0.14150422567988186,0.009742705688235986,0.8,True,1,,,0.725135065483301,0.6150785824146409
real4_vs_real8,alignment,real,episode_000004,4,real,episode_000008,4,5,0.5935939109738146,0.6787445118491594,0.004317813884770136,0.004971838974998069,0.004729916213537051,0.006443811003198284,0.5935546875,0.6787109375,0.40241689408714154,0.004652652534193022,0.006100516951478238,0.40234375,0.15252142123725076,0.008878212728652968,0.8,True,1,,,0.6938358923933043,0.5751864006763993
real4_vs_real8,alignment,real,episode_000004,5,real,episode_000008,5,5,0.6462246221157587,0.751030705102478,0.005588282030731493,0.0063448530031083765,0.008669728215728412,0.010597398725583523,0.64613037109375,0.7509765625,0.39343517021576707,0.0063448530031083765,0.010285792922436948,0.39324951171875,0.23510183270906382,0.01189628056375358,0.8,True,1,,,0.8494582784126999,0.7409909943552692
real4_vs_real8,alignment,real,episode_000004,6,real,episode_000008,6,5,0.7106753435347625,0.8003537958041044,0.0069887536373646865,0.008123925824002908,0.010331834775497593,0.015496380090919694,0.710540771484375,0.80029296875,0.48539235577927653,0.008123925824002908,0.015496380090919694,0.485076904296875,0.44372157147256175,0.011038478387358275,0.8,True,1,,,0.9697967865722059,1.0076130888734094
real4_vs_real8,alignment,real,episode_000004,7,real,episode_000008,7,5,0.6376064666066419,0.7417623081003679,0.006668889640624879,0.008184963350159292,0.01178586174432147,0.014978901815766516,0.637451171875,0.74169921875,0.39597120554274556,0.006368131867121901,0.011534041496630868,0.395751953125,0.22628396144803475,0.006096641269763392,0.8,True,1,,,0.9425855495971778,0.7903097888904557
real4_vs_real8,alignment,real,episode_000004,8,real,episode_000008,8,5,0.5528612663585799,0.7281927177698063,0.00654290220981163,0.007645796088751678,0.014769518921268151,0.020004193329852663,0.55260009765625,0.72802734375,0.21341708705891063,0.005437761925927848,0.01081060488955396,0.21307373046875,0.10238412353247328,0.0010511647302798854,0.6,True,2,,,0.9544601593437093,0.6332833486965067
real4_vs_real8,alignment,real,episode_000004,9,real,episode_000008,9,5,0.4403315926389998,0.6442161164486243,0.006438351002047256,0.008411683396983177,0.014655432527886304,0.02361349738089533,0.439971923828125,0.64404296875,0.13164844502159942,0.0059075884280439745,0.011501263196511242,0.131011962890625,0.07695078192912586,0.0007403915818896545,0.6,True,2,,,0.8772955921492145,0.635652533595246
real4_vs_real8,alignment,real,episode_000004,10,real,episode_000008,10,5,0.5337501447038139,0.7037072810007916,0.005552934528050908,0.006543125970377742,0.006046350286819607,0.00953042270514739,0.53367919921875,0.70361328125,0.25345286131763317,0.005372487797060137,0.004444489277519877,0.25335693359375,0.14373031779099332,0.0006042561003446467,0.6,True,2,,,0.6872694240086346,0.46895754113830174
real4_vs_real8,alignment,real,episode_000004,11,real,episode_000008,11,5,0.7078917611755724,0.8160387720121861,0.007230750741210231,0.007737919175124142,0.012037339819718048,0.016541346394252435,0.7077392578125,0.81591796875,0.5538849553565842,0.007368429676066665,0.016541346394252435,0.5535888671875,1.0551429584679137,0.006428102977429795,1.0,True,0,,,0.9775881652080383,1.0006597622367517
real4_vs_real8,alignment,real,episode_000004,12,real,episode_000008,12,5,0.7344406795210567,0.8621246458356149,0.007014797137243463,0.0075270708067594954,0.01156624715635966,0.018764497190812843,0.73427734375,0.862060546875,0.49430502199667026,0.007184089247775291,0.018764497190812843,0.493896484375,0.7681641717792265,0.004234484173199826,1.0,True,0,,,1.0002737079403345,1.0381424427354156
real4_vs_real8,alignment,real,episode_000004,13,real,episode_000008,13,5,0.7277478215493852,0.8457624605431633,0.00729668710133731,0.009868626048583625,0.003938410646027837,0.011121090319605353,0.727685546875,0.845703125,0.5941257113024613,0.005713412634012681,0.011121090319605353,0.593994140625,0.9856764632002094,0.04190838625053994,1.0,True,0,,,0.856674721422856,0.8322892156055859
real4_vs_real8,alignment,real,episode_000004,14,real,episode_000008,14,5,0.7750450326604831,0.9014879196213447,0.011383429751180089,0.014721267768604508,0.002208260290779032,0.0068311683380694295,0.774951171875,0.9013671875,0.5228072194230229,0.007754039096328955,0.0068311683380694295,0.522705078125,0.37424448996283044,0.12098032498217748,1.0,True,0,,,0.974945985722296,0.7190146166439186
real4_vs_real8,alignment,real,episode_000004,15,real,episode_000008,15,5,0.5248952020335624,0.6933982273123521,0.006337802950889195,0.0073191767666449985,0.0006984280865491293,0.0017269774098449824,0.524853515625,0.693359375,0.27800719458316514,0.00515123418329762,0.0017269774098449824,0.2779541015625,0.048879550400951044,0.1436274916114687,0.6,True,2,,,0.6147172866968436,0.38097955934888267
real4_vs_real8,alignment,real,episode_000004,16,real,episode_000008,16,5,0.4497995842119596,0.6738550137859425,0.005766664327072547,0.007253989731347955,0.009104715557187972,0.017643737972103793,0.44954833984375,0.673828125,0.24453385230723879,0.005456843307316415,0.017643737972103793,0.24383544921875,0.045607768004170435,0.420682520442189,0.4,True,3,,,0.7190198083456407,0.814787791352325
real4_vs_real8,alignment,real,episode_000004,17,real,episode_000008,17,5,0.37008984214125784,0.6230773400699416,0.005834460748843198,0.006779279535364964,0.011880549857883074,0.021799818993925784,0.369580078125,0.623046875,0.18171428913523527,0.006126621393775448,0.021799818993925784,0.1802978515625,0.05351355398019142,0.10119413837135138,0.4,True,3,,,0.7641689875237105,0.9910195170511422
real4_vs_real8,alignment,real,episode_000004,18,real,episode_000008,18,5,0.37972256593294706,0.6221015343380623,0.006033469661539409,0.007049209474105131,0.011667804354972012,0.0216875006268521,0.37926025390625,0.6220703125,0.20431977028979958,0.006422385053313242,0.0216875006268521,0.20306396484375,0.061216311065302675,0.12368260567397982,0.4,True,3,,,0.7658578479395499,0.9968689100730092
real4_vs_real8,descent_to_grasp,real,episode_000004,19,real,episode_000008,19,5,0.37488564369717914,0.6245433896151116,0.005800686114711999,0.006618956662235925,0.011705806098987087,0.021981937484002654,0.37440185546875,0.62451171875,0.19433772288618376,0.006130545341281591,0.021981937484002654,0.1929931640625,0.06252721424320207,0.1532613770742054,0.4,True,3,,,0.7620390261571394,1.0028741407009163
real4_vs_real8,descent_to_grasp,real,episode_000004,20,real,episode_000008,20,5,0.275239194624685,0.5312785007508403,0.004976678883541685,0.005550460876977468,0.01046680264994733,0.020121939908078305,0.2746337890625,0.53125,0.12961905921385494,0.005495734889244733,0.020121939908078305,0.1279296875,0.07731381022559924,0.13221848333782826,0.2,True,4,,,0.6488033267323202,0.9182876357693356
real4_vs_real8,descent_to_grasp,real,episode_000004,21,real,episode_000008,21,5,0.437983563320672,0.6982879044792922,0.006339385851807963,0.007353624986872807,0.006355870015545224,0.00995271252970323,0.437841796875,0.6982421875,0.18953306748023074,0.004866971701971413,0.00995271252970323,0.189208984375,0.08092523766883197,0.2883767705975526,0.4,True,3,,,0.6454606978960875,0.5376223386110174
real4_vs_real8,descent_to_grasp,real,episode_000004,22,real,episode_000008,22,5,0.46278154285735507,0.6211157627956067,0.006689314586642648,0.009146035680371003,0.0009283159372003591,0.0014239895237461143,0.4626953125,0.62109375,0.5654435254864825,0.0036906994013200527,0.0014239895237461143,0.5654296875,0.11779625921256331,0.46315523988938323,0.6,True,0,3,3,0.5976255478501908,0.602194713951179
real4_vs_real8,descent_to_grasp,real,episode_000004,23,real,episode_000008,23,5,0.1558454789072186,0.35938166887679135,0.004738585767451968,0.006790103483111387,0.00020508303326828846,0.0003459507940157078,0.15546875,0.359375,0.35938166887679135,0.002186975043835819,0.00010217546343086121,0.359375,1.9455950122931591,0.008909159391953803,0.0,False,0,0,0,0.3142791598477298,0.37729767385777285
real4_vs_real8,descent_to_grasp,real,episode_000004,24,real,episode_000008,24,5,0.06334502673923348,0.14453528559285184,0.00321468360021416,0.005624846047950177,0.0004890348432369086,0.0009019753407318188,0.0625,0.14453125,0.14453528559285184,0.0005941341005687368,0.0009019753407318188,0.14453125,0.576932240096435,1.2862571596087622,0.0,False,0,0,0,0.20656695980629083,0.17127096717798926
real4_vs_real8,descent_to_grasp,real,episode_000004,25,real,episode_000008,25,5,0.010075161787461328,0.019563216972892136,0.0016410798664002273,0.002732261955914601,0.00031237634715715925,0.0005566838619436565,0.009375,0.01953125,0.019563216972892136,0.0010645218790448962,0.0003413574885506986,0.01953125,0.10668451039079685,0.4917712875265071,0.0,False,0,0,0,0.09115896125128363,0.06449059639810079
real4_vs_real8,descent_to_grasp,real,episode_000004,26,real,episode_000008,26,5,0.010124273698364206,0.015760129522127943,0.0017932292772407342,0.002932966988863795,0.0003039861828502039,0.0005797515057946336,0.009375,0.015625,0.015661096422920524,0.0009812701457966957,0.0004079522876295601,0.015625,0.1714748320280559,0.057876492704300064,0.0,False,0,0,0,0.09754024760228583,0.05999532328697776
real4_vs_real8,grasp_close,real,episode_000004,27,real,episode_000008,27,5,0.009348327338177193,0.01576772988926325,0.0018283183157040334,0.002932986816702478,0.0002990804217516382,0.0005827773077484571,0.00859375,0.015625,0.015660297384535837,0.0009824991367997468,0.0003728064085926978,0.015625,0.32571022590948917,0.1319101621421166,0.0,False,0,0,0,0.09877410652824992,0.06167257489004671
real4_vs_real8,grasp_close,real,episode_000004,28,real,episode_000008,28,5,0.013310541718065824,0.031301224899131876,0.0024931820056863807,0.003214207489755305,0.00036220574486678294,0.0006645214131557194,0.0125,0.03125,0.031301224899131876,0.0017152256651259432,0.0005120362328260477,0.03125,0.005973192315477771,1.1452579589870584,0.0,False,0,0,0,0.12800286313425374,0.10129578120511801
real4_vs_real8,grasp_close,real,episode_000004,29,real,episode_000008,29,5,0.006475428388815078,0.015732166058714823,0.002071330898604817,0.0028163139462875756,0.00031761331398200794,0.0008396363974053007,0.00546875,0.015625,0.015732166058714823,0.0017948368395737054,0.0003728064085926978,0.015625,0.0016955674818973643,0.4384465274366791,0.0,False,0,0,0,0.10641025817178806,0.09424193775416186
real4_vs_real8,grasp_close,real,episode_000004,30,real,episode_000008,30,5,0.008418722111904744,0.019585447365356848,0.0018006118751311237,0.0024106495863154926,0.00028811562604660293,0.0006618694180781275,0.0078125,0.01953125,0.019585447365356848,0.0014239559397753805,0.0003039266691850219,0.01953125,0.004207342654051871,0.05931476915817813,0.0,False,0,0,0,0.09540369296519857,0.07772198678989062
real4_vs_real8,grasp_close,real,episode_000004,31,real,episode_000008,31,5,0.008414131800728855,0.019584376185188667,0.001769624149342084,0.002410644761503839,0.0002728440161869128,0.0006645214131557197,0.0078125,0.01953125,0.019584376185188667,0.0014057814657946358,0.0003191276718075021,0.01953125,0.0032278744361601275,0.06833271111714212,0.0,False,0,0,0,0.09439587843031973,0.07713800673651394
real4_vs_real8,grasp_close,real,episode_000004,32,real,episode_000008,32,5,0.008397156018591409,0.019587988878559788,0.0017769074335149087,0.0023704673488121088,0.0002861342335677941,0.0006762941615855976,0.0078125,0.01953125,0.019587988878559788,0.0014633551860667605,0.0002795949632835076,0.01953125,0.0032558787189377325,0.06263087950594892,0.0,False,0,0,0,0.09405512495248085,0.07837265814852268
real4_vs_real8,grasp_close,real,episode_000004,33,real,episode_000008,33,5,0.008394144616703176,0.01958357339020036,0.001736823145157438,0.0024508269199121045,0.0002463451455711421,0.0006645214131557197,0.0078125,0.01953125,0.01958357339020036,0.001404524639199775,0.0002719020131305638,0.01953125,0.005327249803235734,0.08900173241179221,0.0,False,0,0,0,0.09276143894675654,0.07530234509776708
real4_vs_real8,grasp_close,real,episode_000004,34,real,episode_000008,34,5,0.008412361649113295,0.019583014823953665,0.0017795932814908973,0.002290193782054094,0.000303936136732336,0.0007168092901046789,0.0078125,0.01953125,0.019583014823953665,0.0013967148341535547,0.0002719020131305638,0.01953125,0.005360432601046794,0.08900173241179221,0.0,False,0,0,0,0.09451198262971168,0.07491299032569287
real4_vs_real8,grasp_close,real,episode_000004,35,real,episode_000008,35,5,0.0088813780335304,0.019590011973079205,0.0017699897399187418,0.002169666058173207,0.00025768767338622557,0.0007057127417923542,0.00859375,0.01953125,0.019590011973079205,0.0014901909942665456,0.0002795949632835076,0.01953125,0.005098898032297239,0.06263087950594892,0.0,False,0,0,0,0.09332829885473408,0.07976648119131614
real4_vs_real8,grasp_close,real,episode_000004,36,real,episode_000008,36,5,0.008376018669013283,0.019588251503068563,0.0017585664841868291,0.0022499402801772097,0.0002825319460107157,0.0007168092901046785,0.0078125,0.01953125,0.019588251503068563,0.001473677293261893,0.00024113402972654346,0.01953125,0.003559066254016141,0.04270226281423506,0.0,False,0,0,0,0.09287400030340152,0.07780246915086156
real4_vs_real8,lift,real,episode_000004,37,real,episode_000008,37,5,0.007655237732293245,0.01569883322758812,0.0018246445035897002,0.002290132838355311,0.0002524923837041295,0.0006645214131557197,0.00703125,0.015625,0.01569883322758812,0.0015015305815509357,0.00024113402972654346,0.015625,0.004155703777901754,0.04270226281423506,0.0,False,0,0,0,0.09560559564853036,0.07822564318189211
real4_vs_real8,lift,real,episode_000004,38,real,episode_000008,38,5,0.0040145309495510035,0.005242252276106899,0.002796011674808099,0.0034904976524224875,0.0003391801799884168,0.0009492932733524124,0.00234375,0.00390625,0.005242252276106899,0.0034904976524224875,0.00019709389204402924,0.00390625,0.008465047166372974,0.12233792208535799,0.0,False,0,0,0,0.1411647028227593,0.17023045374716325
real4_vs_real8,lift,real,episode_000004,39,real,episode_000008,39,5,0.00491427662802677,0.008228435098851425,0.0033573242467365414,0.007222445176426417,0.0003027587948503553,0.0006144213481903449,0.003125,0.00390625,0.008228435098851425,0.007222445176426417,0.0005335173727488504,0.00390625,0.0017411309379987694,1.3042130394744387,0.0,False,0,0,0,0.16647819387292556,0.3543408283530695
real4_vs_real8,lift,real,episode_000004,40,real,episode_000008,40,5,0.002416126145292603,0.008969544248861393,0.0022183760181775126,0.008036265787235966,0.0002566058831539761,0.000782538923430138,0.00078125,0.00390625,0.008969544248861393,0.008036265787235966,0.000782538923430138,0.00390625,0.0008331038324062012,1.392917162190641,0.0,False,0,0,0,0.11084131192092683,0.3970816487252899
real4_vs_real8,lift,real,episode_000004,41,real,episode_000008,41,5,0.003930867134991996,0.010829132645326433,0.0032425267563774133,0.00749312702687235,0.00029330294847364896,0.000906770255671566,0.0015625,0.0078125,0.010829132645326433,0.00749312702687235,0.0002966562981462184,0.0078125,0.0002731563775091317,1.0497075918680074,0.0,False,0,0,0,0.1609793107221303,0.3651429740245486
real4_vs_real8,lift,real,episode_000004,42,real,episode_000008,42,5,0.0031179918664522447,0.00785503433302627,0.0030800521175031676,0.007854717477670461,0.00019095453641535502,0.0004235653489318782,0.0,0.0,0.003591091234835953,0.0035660242080081043,0.0004235653489318782,0.0,0.0006925287751300413,0.11257992172896336,0.0,False,0,0,0,0.15451637195807286,0.1771384508709996
real4_vs_real8,lift,real,episode_000004,43,real,episode_000008,43,5,0.0020224220619108673,0.005866978550261316,0.0020050936623801307,0.005865902252992675,0.0001571739837361033,0.0004487458939411034,0.0,0.0,0.0018049879329480848,0.0017483159213252048,0.0004487458939411034,0.0,0.00037070323819676787,0.007614392136242709,0.0,False,0,0,0,0.09980786214747013,0.09367876525430036
real4_vs_real8,lift,real,episode_000004,44,real,episode_000008,44,5,0.0019452567126141656,0.005766555782786688,0.001926759943013718,0.005765460738607867,0.00014880963910210608,0.0004487458939411034,0.0,0.0,0.0018731809812376726,0.001818635233118926,0.0004487458939411034,0.0,0.000330634184001366,0.007614392136242709,0.0,False,0,0,0,0.09614824155598597,0.09679552325150788
real8_vs_real9,hold,real,episode_000008,0,real,episode_000009,0,5,0.04589903087043813,0.08107289142155381,0.000403359702088593,0.0007357811590248895,0.0013953135299236636,0.00250974491940235,0.0458251953125,0.0810546875,0.011293343134103732,0.0007357811590248895,0.00250974491940235,0.010986328125,0.004741972639362491,0.005059899443671023,0.0,False,,,,0.09490789783438325,0.11696986015622589
real8_vs_real9,hold,real,episode_000008,1,real,episode_000009,1,5,0.07311508979988342,0.13574792190365972,0.0005095641560348875,0.0007774657629358344,0.00120609265999598,0.0021267452347247984,0.0730712890625,0.1357421875,0.014099042137010805,0.0007774657629358344,0.0021267452347247984,0.013916015625,0.006284023725010135,0.005292124718219826,0.0,False,,,,0.11254435796807209,0.109130859375
real8_vs_real9,alignment,real,episode_000008,2,real,episode_000009,2,5,0.06471831896317959,0.11817252509903069,0.000477668669536438,0.0006797522729962461,0.0011451488472368886,0.0016416663190113384,0.06468505859375,0.1181640625,0.012637739364636452,0.0006797522729962461,0.0016416663190113384,0.01251220703125,0.00486998436997621,0.004076747954122273,0.0,False,,,,0.1027253982731294,0.09176133868058496
real8_vs_real9,alignment,real,episode_000008,3,real,episode_000009,3,5,0.05726538967442533,0.10059543444339059,0.0004642465689037822,0.0007866389354135663,0.0012122038709794715,0.001834689625383613,0.0572265625,0.1005859375,0.0133338678185003,0.0007866389354135663,0.001834689625383613,0.01318359375,0.006635631984708734,0.0036729356726104,0.0,False,,,,0.09757124935490682,0.1006487307791126
real8_vs_real9,alignment,real,episode_000008,4,real,episode_000009,4,5,0.05945009237321728,0.09766655333547442,0.0004737595258195398,0.0006690324509586341,0.0010524528261911521,0.0013456563346899181,0.059423828125,0.09765625,0.0169126020815001,0.0006690324509586341,0.0013456563346899181,0.016845703125,0.005254097039695371,0.005574576776361084,0.0,False,,,,0.10134590870401775,0.09962642748107965
real8_vs_real9,alignment,real,episode_000008,5,real,episode_000009,5,5,0.036758596751293705,0.0996138794770297,0.0003540297327702229,0.0008054970177466622,0.0015766200702676193,0.0027737508595282257,0.0365966796875,0.099609375,0.006752438245622945,0.0008054970177466622,0.0027737508595282257,0.006103515625,0.0028397248694703725,0.0048446966755348875,0.0,False,,,,0.09968377273312065,0.13476230783111795
real8_vs_real9,alignment,real,episode_000008,6,real,episode_000009,6,5,0.0059870608391151105,0.013260617612435787,0.0007625457117780843,0.0012427918560439875,0.0018383911224346106,0.004093484374859145,0.005169677734375,0.01318359375,0.0021228884244648737,0.0012427918560439875,0.0015714496566247697,0.000701904296875,0.009491581087225698,0.0020008889085914028,0.0,False,,,,0.12051240059988115,0.13326238072105254
real8_vs_real9,alignment,real,episode_000008,7,real,episode_000009,7,5,0.0400130560257555,0.06768185472145176,0.0014414023145274664,0.0021237419201209306,0.0023465177749155217,0.003473840703364243,0.039794921875,0.067626953125,0.0037397826422399558,0.0010062488454002712,0.0019131679816929564,0.0030517578125,0.007328601437970983,0.0013770906502382774,0.0,False,,,,0.1769509055800474,0.12351398512772906
real8_vs_real9,alignment,real,episode_000008,8,real,episode_000009,8,5,0.01441072509871259,0.03777906676782898,0.0012437478557866398,0.0024484442204208757,0.003988772751962127,0.009537483147371559,0.0131591796875,0.03759765625,0.0020092933713396293,0.000697063770269683,0.0007941878608318354,0.001708984375,0.003308150768771556,0.00014042012543946658,0.0,False,,,,0.20519253468317283,0.0747122170636808
real8_vs_real9,alignment,real,episode_000008,9,real,episode_000009,9,5,0.020257908227487166,0.04720147281428022,0.0014038767952107363,0.0017724216179165824,0.0043954458475090556,0.0069915113396277736,0.019427490234375,0.046875,0.002187762663790439,0.0011442468939634265,0.0009278574279681175,0.001617431640625,0.0036222543873072333,0.0005315529472627034,0.0,False,,,,0.26161873146288295,0.10219731829806382
real8_vs_real9,alignment,real,episode_000008,10,real,episode_000009,10,5,0.025998827266578102,0.04509484654008228,0.0017646636438726846,0.0028836470918862157,0.008969926625111107,0.013825312499995917,0.02288818359375,0.044921875,0.007607696967050049,0.0013141151114870462,0.007063139643565701,0.00250244140625,0.007397526365961804,8.38691786346768e-05,0.0,False,,,,0.4237178764685364,0.3342823740307369
real8_vs_real9,alignment,real,episode_000008,11,real,episode_000009,11,5,0.05198337441337214,0.08833488100600934,0.0037333782070798254,0.006410815005506486,0.014429209285382211,0.025222057121466485,0.049163818359375,0.087890625,0.014328136195972774,0.0018889292845729328,0.005049546398104885,0.013275146484375,0.0190461367434841,0.0002848810116440337,0.0,False,,,,0.7225983383210346,0.3031685592014119
real8_vs_real9,alignment,real,episode_000008,12,real,episode_000009,12,5,0.014799206564507287,0.030026422176779654,0.0027126870581146126,0.004417787989017668,0.010209833371825438,0.01792719050911812,0.01016845703125,0.023681640625,0.004771376502889541,0.001447663317516744,0.0038353409462398226,0.00244140625,0.01609682124214329,0.0013242844722521907,0.0,False,,,,0.5201032689086251,0.2437330582428652
real8_vs_real9,alignment,real,episode_000008,13,real,episode_000009,13,5,0.1074201671244219,0.1559959456623736,0.005116771808109819,0.0072556633562260945,0.0235005523065509,0.03305765995049326,0.10341796875,0.15576171875,0.04223252968132498,0.005790890993969728,0.024206811170128923,0.03411865234375,0.06867436857350706,0.0018706627318914038,0.0,False,,,,1.1142009916313056,1.1567779331327184
real8_vs_real9,alignment,real,episode_000008,14,real,episode_000009,14,5,0.02662591249451457,0.032479863504945326,0.004651216897796979,0.00556166508291267,0.020723372758887706,0.02851305089146569,0.01365966796875,0.01953125,0.024364883097367857,0.004725825978544201,0.023218399199288513,0.00567626953125,0.10894075359413435,0.0022615333069077037,0.0,False,,,,0.9804043799150699,1.083297011526109
real8_vs_real9,alignment,real,episode_000008,15,real,episode_000009,15,5,0.02230096327918381,0.04496139361669718,0.003523339175886735,0.005925127829225446,0.00813646376506796,0.01587237302796125,0.0185302734375,0.044921875,0.020415683567587804,0.004818064590072311,0.01587237302796125,0.01190185546875,0.051970169726209825,0.02051340198424545,0.0,False,,,,0.4372003023943041,0.7907784118066253
real8_vs_real9,alignment,real,episode_000008,16,real,episode_000009,16,5,0.05129739005518552,0.14453220483348192,0.0009569735209832763,0.0016266346649122557,0.0011805285404679457,0.003526805143646223,0.05108642578125,0.14453125,0.005111499011231597,0.0012069888592640705,0.00047850850277230187,0.00494384765625,0.004813149489853452,3.9608037184724054e-05,0.0,False,,,,0.11744599312196449,0.10867058896497439
real8_vs_real9,alignment,real,episode_000008,17,real,episode_000009,17,5,0.027363022790106765,0.0859385496949617,0.0008519256604146049,0.0021006476231421553,0.0015812381869835432,0.0046203119234639505,0.02606201171875,0.0859375,0.0050754312828286754,0.0021006476231421553,0.0046203119234639505,0.0,0.006506323617685994,0.00035365327016467774,0.0,False,,,,0.111760849590574,0.26439339147675595
real8_vs_real9,alignment,real,episode_000008,18,real,episode_000009,18,5,0.023795228076086535,0.07519637962402731,0.000922095592353119,0.0021607174231364754,0.0015635878423537898,0.005141637735811336,0.022412109375,0.0751953125,0.005582539120663647,0.0021607174231364754,0.005141637735811336,0.000244140625,0.0064022986110434665,0.0005028148588597237,0.0,False,,,,0.11054791981407393,0.28131433916624277
real8_vs_real9,descent_to_grasp,real,episode_000008,19,real,episode_000009,19,5,0.022488036062311333,0.06982518719214166,0.0009797231441814366,0.002216409406842831,0.0014052017688031197,0.004793308067698819,0.02138671875,0.06982421875,0.005394002868678291,0.002216409406842831,0.004793308067698819,0.0010986328125,0.005460785577395155,0.0003768176323939443,0.0,False,,,,0.10663169991078807,0.27216966161074824
real8_vs_real9,descent_to_grasp,real,episode_000008,20,real,episode_000009,20,5,0.024029431279175274,0.08593832043425555,0.001428918895994819,0.002961144541818791,0.0024341669642180238,0.0068777331000074585,0.021551513671875,0.0859375,0.007572751824609731,0.002961144541818791,0.0068777331000074585,0.001129150390625,0.008066175164353595,0.0002614116966807023,0.0,False,,,,0.16025778105195781,0.3680576314813872
real8_vs_real9,descent_to_grasp,real,episode_000008,21,real,episode_000009,21,5,0.02961802996969007,0.09570498683982247,0.0024072332839177027,0.004915859309696633,0.0043463755734670755,0.011902320433186422,0.028009033203125,0.095703125,0.017891438109035773,0.004915859309696633,0.011902320433186422,0.012420654296875,0.032038178525447436,0.0011803277621027508,0.0,False,,,,0.2562350811259489,0.6059775037788315
real8_vs_real9,descent_to_grasp,real,episode_000008,22,real,episode_000009,22,5,0.1966867721658589,0.29102299603258136,0.0011621438571511572,0.0017821127109607395,0.0008162161619923921,0.001456853689777312,0.1966796875,0.291015625,0.20411454177331265,0.0017821127109607395,0.001456853689777312,0.2041015625,0.005119172265107497,0.47675151853658193,0.4,True,3,1,2,0.21313713203158596,0.23825973663768943
real8_vs_real9,descent_to_grasp,real,episode_000008,23,real,episode_000009,23,5,0.042712314901765476,0.09765684851256301,0.0006766697214434039,0.0015271795558590257,0.00014997612249923083,0.000305341400979529,0.0421875,0.09765625,0.09765684851256301,0.0001538309852643141,0.000305341400979529,0.09765625,0.008432790990624883,0.4444329251271205,0.0,False,0,0,0,0.06980871646167926,0.10125215504554551
real8_vs_real9,descent_to_grasp,real,episode_000008,24,real,episode_000009,24,5,0.04480031081983385,0.12109956759577303,0.0013452982342186033,0.0016474538601482526,0.0002280140240871242,0.0004953286699189258,0.04453125,0.12109375,0.12109956759577303,0.0010787179100474986,0.0004953286699189258,0.12109375,0.4512046724015034,0.12376325463506399,0.0,False,0,0,0,0.09003796231883664,0.1411799797904526
real8_vs_real9,descent_to_grasp,real,episode_000008,25,real,episode_000009,25,5,0.010359357982926903,0.03908198618075079,0.0008092379297870544,0.0013662234730233767,0.0002018611541066278,0.00035032587452410175,0.01015625,0.0390625,0.03908198618075079,0.0012310380879398631,8.533937213767466e-05,0.0390625,0.002250375556570483,0.007364588551530216,0.0,False,0,0,0,0.04665120436168203,0.0719718115251056
real8_vs_real9,descent_to_grasp,real,episode_000008,26,real,episode_000009,26,5,0.012723172503500885,0.0390809318555,0.0008817434508742863,0.001193290461393015,0.0001557227776704401,0.00022713634021344023,0.0125,0.0390625,0.0390809318555,0.001193290461393015,0.00012800905820651198,0.0390625,0.008406845761776083,0.024637062448696567,0.0,False,0,0,0,0.048945228286646325,0.07127442928260995
real8_vs_real9,grasp_close,real,episode_000008,27,real,episode_000009,27,5,0.0119532447742051,0.03908299947916398,0.0008494179762567495,0.0012515003207915132,0.00017006983618230584,0.0003261010570025165,0.01171875,0.0390625,0.03908299947916398,0.0012515003207915132,0.00018891528628092833,0.0390625,0.009590880196178486,0.09795356898994001,0.0,False,0,0,0,0.04794397421148723,0.07377905855070914
real8_vs_real9,grasp_close,real,episode_000008,28,real,episode_000009,28,5,0.01102875116763477,0.03908748367427243,0.0007246973665859138,0.0013914335835859568,0.0001601268401896358,0.0002912867012744659,0.0109375,0.0390625,0.03908748367427243,0.0013914335835859568,0.00012800905820651177,0.0390625,0.0024655685964911633,0.013814039404307699,0.0,False,0,0,0,0.041443564692773154,0.07964374612608996
real8_vs_real9,grasp_close,real,episode_000008,29,real,episode_000009,29,5,0.005492231032365244,0.011734249882816261,0.0004409977781544592,0.0005942044467572752,0.00011804816193993278,0.00019709389204402997,0.00546875,0.01171875,0.011734249882816261,0.0005942044467572752,0.0001021754634308593,0.01171875,0.00015784786309269716,0.011286942204665529,0.0,False,0,0,0,0.024074526495477727,0.032601687466061714
real8_vs_real9,grasp_close,real,episode_000008,30,real,episode_000009,30,5,0.0033807231008058463,0.011763583510000555,0.0004598776066945855,0.0010069505608399658,0.00013214511098590673,0.00019709389204402983,0.003125,0.01171875,0.011763583510000555,0.0010069505608399658,0.0001970938920440295,0.01171875,0.0005018187143426278,0.029036444998788546,0.0,False,0,0,0,0.026095222163561683,0.052344114387724204
real8_vs_real9,grasp_close,real,episode_000008,31,real,episode_000009,31,5,0.0033795152045641708,0.011756284787440402,0.0004250869844331941,0.0009175602969267162,0.00011047434310107882,0.00019802409551964348,0.003125,0.01171875,0.011756284787440402,0.0009175602969267162,0.00019802409551964348,0.01171875,0.0005708748787359719,0.04461696700347384,0.0,False,0,0,0,0.023793938457479263,0.04810251875089977
real8_vs_real9,grasp_close,real,episode_000008,32,real,episode_000009,32,5,0.002571328380624293,0.0078484170467465,0.00033253715408070207,0.0007271467895702648,0.000154061244238002,0.00018371563917841474,0.00234375,0.0078125,0.0078484170467465,0.0007271467895702648,0.00018371563917841474,0.0078125,0.00047798837698453944,0.05456004653017954,0.0,False,0,0,0,0.020712492704655156,0.038026420844604565
real8_vs_real9,grasp_close,real,episode_000008,33,real,episode_000009,33,5,0.003385072722286886,0.01176586718504479,0.00044562972564750884,0.0010376832666468033,0.00015952682237374102,0.00017968931698314296,0.003125,0.01171875,0.01176586718504479,0.0010376832666468033,0.00017246011636026996,0.01171875,0.0005595486116742876,0.032469905571299695,0.0,False,0,0,0,0.02610037834190047,0.05313298782434131
real8_vs_real9,grasp_close,real,episode_000008,34,real,episode_000009,34,5,0.0033614258475021057,0.011751713384861579,0.00039257280684259886,0.0008767486518011515,0.00011530450258297553,0.00015582164614506697,0.003125,0.01171875,0.011751713384861579,0.0008767486518011515,7.055295174315144e-05,0.01171875,0.00046053570656556797,0.004642659929119275,0.0,False,0,0,0,0.022764206467773614,0.04497756822769276
real8_vs_real9,grasp_close,real,episode_000008,35,real,episode_000009,35,5,0.0026004377409011826,0.011746786888854754,0.0003793452677141999,0.0008080364661760522,0.00010490697608348006,0.00015582164614506697,0.00234375,0.01171875,0.011746786888854754,0.0008080364661760522,7.055295174315144e-05,0.01171875,0.000618856125003342,0.004642659929119275,0.0,False,0,0,0,0.02162121819891625,0.04198367010276557
real8_vs_real9,grasp_close,real,episode_000008,36,real,episode_000009,36,5,0.003293957926773946,0.011749030344733312,0.0003188356455820394,0.0008284516241500095,9.68884770399808e-05,0.00015582164614506692,0.003125,0.01171875,0.011749030344733312,0.0008284516241500095,0.00015582164614506692,0.01171875,0.0005980712284056056,0.03632486827237413,0.0,False,0,0,0,0.019065663788745326,0.04315699178512569
real8_vs_real9,lift,real,episode_000008,37,real,episode_000009,37,5,0.0025983993240082425,0.00785576735163596,0.00039510848391664094,0.0008084825586381598,0.00015576115405432241,0.00019709389204402983,0.00234375,0.0078125,0.00785576735163596,0.0008084825586381598,0.00015582164614506692,0.0078125,0.0006088730190683123,0.03632486827237413,0.0,False,0,0,0,0.02216914657291827,0.04133986423538423
real8_vs_real9,lift,real,episode_000008,38,real,episode_000009,38,5,0.002817162703289246,0.007956568364692015,0.0009523085097616705,0.001506652975939899,9.025495113651192e-05,0.00017968931698314277,0.00234375,0.0078125,0.007956568364692015,0.001506652975939899,4.266968606883711e-05,0.0078125,8.848100235714362e-06,0.0003580296468865818,0.0,False,0,0,0,0.04723811420486634,0.07376118203430349
real8_vs_real9,lift,real,episode_000008,39,real,episode_000009,39,5,0.001981041784355809,0.00428787143297961,0.0008036246851455882,0.0017678324754210734,5.635693003633908e-05,0.00011237467491313768,0.0015625,0.00390625,0.00428787143297961,0.0017678324754210734,4.266968606883733e-05,0.00390625,7.700898881912721e-07,0.08302935489226115,0.0,False,0,0,0,0.03953289003039603,0.08612041081353135
real8_vs_real9,lift,real,episode_000008,40,real,episode_000009,40,5,0.00040656543947441336,0.0007253728364402626,0.00040182829490368975,0.0007231934284511535,4.7822992822571616e-05,7.055295174315157e-05,0.0,0.0,0.000175580672872765,0.0001607820067258194,7.055295174315157e-05,0.0,9.932531563894287e-08,0.3823889874932823,0.0,False,0,0,0,0.020069291062608574,0.009580769956224894
real8_vs_real9,lift,real,episode_000008,41,real,episode_000009,41,5,0.0017206074159894402,0.0028534727329974073,0.0017196114470103216,0.002852600378419666,4.799258540234186e-05,7.055295174315157e-05,0.0,0.0,0.0028534727329974073,0.002852600378419666,7.055295174315157e-05,0.0,3.555858720805105e-07,0.3823889874932823,0.0,False,0,0,0,0.08372994243490064,0.13878272555588367
real8_vs_real9,lift,real,episode_000008,42,real,episode_000009,42,5,0.0032455699871876314,0.004539910860504561,0.0027964173049541494,0.0036964021617064725,0.00014153334840215904,0.00023988410902253443,0.00078125,0.00390625,0.004539910860504561,0.002310314435127006,0.00012020303519897701,0.00390625,2.3876434614988895e-06,0.14774357268008875,0.0,False,0,0,0,0.13635825544634442,0.11272953776491937
real8_vs_real9,lift,real,episode_000008,43,real,episode_000009,43,5,0.001847097486479484,0.0023808170502313906,0.0018442743974097348,0.002370572769828362,8.654056013935419e-05,0.0002206231393593759,0.0,0.0,0.002191445392181555,0.0021897831167667988,8.533937213767466e-05,0.0,3.418175092551046e-05,0.02121032309157056,0.0,False,0,0,0,0.09011980113841009,0.1067494937071754
real8_vs_real9,lift,real,episode_000008,44,real,episode_000009,44,5,0.0017923752340878562,0.0022516846279129824,0.0017880412679609353,0.0022500668557051307,0.00011981681978520487,0.00017968931698314277,0.0,0.0,0.0022516846279129824,0.0022500668557051307,8.533937213767466e-05,0.0,3.372233164722349e-05,0.02121032309157056,0.0,False,0,0,0,0.08731686101303655,0.10967540359092384
real9_vs_real10,hold,real,episode_000009,0,real,episode_000010,0,5,0.040834736552058125,0.12306305412244865,0.0006444886586791253,0.0013086576869045185,0.0021626846870647447,0.004361787599770741,0.04039306640625,0.123046875,0.006721562739067211,0.0013086576869045185,0.004361787599770741,0.00494384765625,0.020285246155048564,0.0004898416324027322,0.0,False,,,,0.1265827975271395,0.22813475894956545
real9_vs_real10,hold,real,episode_000009,1,real,episode_000010,1,5,0.034393233667769446,0.09767324887362963,0.00065897085742072,0.0013263478611855633,0.0023528297168911257,0.004361787599770741,0.03392333984375,0.09765625,0.006770025234904463,0.0013263478611855633,0.004361787599770741,0.0050048828125,0.02081644598768906,0.0004777418510543141,0.0,False,,,,0.12756101505293588,0.22772238881415602
real9_vs_real10,alignment,real,episode_000009,2,real,episode_000010,2,5,0.026453525782397336,0.07911626050149509,0.0006592790298024559,0.001331238079976302,0.0019305089912910016,0.00388198204197882,0.0259765625,0.0791015625,0.005340832311147917,0.001331238079976302,0.00388198204197882,0.00341796875,0.018819962759635267,0.0003538036596146821,0.0,False,,,,0.11079141427850119,0.2102680178529717
real9_vs_real10,alignment,real,episode_000009,3,real,episode_000010,3,5,0.03841270335652361,0.1054759012699953,0.0006999149768695145,0.0013245330454817333,0.0017694642506847428,0.003920579075564073,0.03809814453125,0.10546875,0.007223336105606059,0.0013245330454817333,0.003920579075564073,0.00592041015625,0.02105826668178612,0.00023386520012280698,0.0,False,,,,0.1158080156958731,0.21301826535350454
real9_vs_real10,alignment,real,episode_000009,4,real,episode_000010,4,5,0.04604505377659809,0.1147526914155837,0.0007556614893839413,0.0014397001737387484,0.0016647253825864846,0.0035879198405567468,0.04571533203125,0.11474609375,0.005807331036463363,0.0014397001737387484,0.0035879198405567468,0.00433349609375,0.02552308319092511,0.0008544477051002364,0.0,False,,,,0.11699497004572412,0.20323985777191794
real9_vs_real10,alignment,real,episode_000009,5,real,episode_000010,5,5,0.0172125838597837,0.05079012247727973,0.0013666872859126782,0.0018775308212031596,0.002576561096555419,0.004410160976153163,0.015966796875,0.05078125,0.005012026439681469,0.0018775308212031596,0.004410160976153163,0.00146484375,0.03461673228920226,0.0012755973218024907,0.0,False,,,,0.18214289321913377,0.2509428365289597
real9_vs_real10,alignment,real,episode_000009,6,real,episode_000010,6,5,0.019171496181893365,0.04736974332097017,0.0016227334051525765,0.002611557800853213,0.002104995001239482,0.003949466160195849,0.01787109375,0.04736328125,0.0042333907754575064,0.002611557800853213,0.002199806882164195,0.00250244140625,0.03790760616497779,0.0004720277682292995,0.0,False,,,,0.18289213875714574,0.25209042408457355
real9_vs_real10,alignment,real,episode_000009,7,real,episode_000010,7,5,0.034338288875714815,0.11915173140981641,0.0021067613085704135,0.003327210755094229,0.0050786275748320705,0.007936043050660944,0.03209228515625,0.119140625,0.00677287903785022,0.002419473075540327,0.006181828208032862,0.0013427734375,0.04430324083306669,0.0003908482598794505,0.0,False,,,,0.2817520295725487,0.3303105591181933
real9_vs_real10,alignment,real,episode_000009,8,real,episode_000010,8,5,0.015741873702880188,0.03274677679620864,0.0016735700015724202,0.0022914639635175146,0.00691871728112334,0.008901864864103848,0.0116943359375,0.03271484375,0.007774647654556685,0.0018745563105660042,0.00728810589422217,0.001953125,0.02244384749557049,0.00018224180287229608,0.0,False,,,,0.3178607310262126,0.3450498280961333
real9_vs_real10,alignment,real,episode_000009,9,real,episode_000010,9,5,0.012341354321865197,0.019156928152957168,0.00202191122380843,0.0027603660631593517,0.00838586768005782,0.011974514663322274,0.007281494140625,0.0179443359375,0.012224084444859257,0.001995481777818153,0.011974514663322274,0.001434326171875,0.0028646398428309183,0.0010768639957210446,0.0,False,,,,0.3894619553929174,0.5242963415460625
real9_vs_real10,alignment,real,episode_000009,10,real,episode_000010,10,5,0.05932666194389622,0.16652531205102666,0.003137057333910029,0.004901591187050668,0.016527316301391946,0.022479908402684178,0.0521728515625,0.166259765625,0.01750894145259873,0.001875089482851405,0.01704450626031169,0.0035400390625,0.011659698273867258,0.00046828929103126526,0.0,False,,,,0.7574875226460718,0.7364870198466263
real9_vs_real10,alignment,real,episode_000009,11,real,episode_000010,11,5,0.03356363125558819,0.10858523072757088,0.0019543846537796584,0.003834346088585259,0.014115381079534963,0.01699951106575411,0.025018310546875,0.107177734375,0.018000293419353542,0.0014299564733120302,0.01665228589912275,0.006683349609375,0.002909309211177713,0.001023520648505749,0.0,False,,,,0.6060528106640747,0.6955150519510868
real9_vs_real10,alignment,real,episode_000009,12,real,episode_000010,12,5,0.03486512986812383,0.11189143348169152,0.002373157655678213,0.004438066933766204,0.015945294251309142,0.021991827052695822,0.02603759765625,0.109619140625,0.010386471382915157,0.0010742849216815473,0.010107483320765229,0.00213623046875,0.005432962064687463,0.00020005082895113713,0.0,False,,,,0.7426427967526825,0.46078337096809185
real9_vs_real10,alignment,real,episode_000009,13,real,episode_000010,13,5,0.028472455522283963,0.09796493263222461,0.0027185219554699187,0.005173091562349259,0.012837080602876878,0.02581649089875039,0.0225341796875,0.0943603515625,0.0044371500885708355,0.002069274492374736,0.002468436395282784,0.0030517578125,0.005382665359434324,0.0011158352589808462,0.0,False,,,,0.6570380190019129,0.20978602731039267
real9_vs_real10,alignment,real,episode_000009,14,real,episode_000010,14,5,0.03022087978291808,0.11217088151679491,0.002442849987739908,0.0035419468620105656,0.00827761036870497,0.016860910715531443,0.026885986328125,0.11083984375,0.005140552033694385,0.0029592449816032325,0.00419225620549532,0.00030517578125,0.0039741480412001096,0.0005285290280713228,0.0,False,,,,0.4276878988521474,0.23828085133253424
real9_vs_real10,alignment,real,episode_000009,15,real,episode_000010,15,5,0.050526181979001696,0.16364348961013325,0.004087343697336753,0.005224283885405681,0.012854070777670423,0.017967645882773168,0.04447021484375,0.1630859375,0.008432660150997005,0.004091617424291967,0.0051784338393011135,0.0052490234375,0.02618270955815194,7.530751924900159e-05,0.0,False,,,,0.6426848674037091,0.33735413489848765
real9_vs_real10,alignment,real,episode_000009,16,real,episode_000010,16,5,0.0657928050663601,0.1954950992645217,0.0025877598948079,0.003211098998439511,0.007253862382682613,0.013147138748010939,0.06414794921875,0.1953125,0.007331291679633732,0.003211098998439511,0.0038194283397909807,0.00537109375,0.004216135327280601,0.009437653001675872,0.0,False,,,,0.4036988346233027,0.24138225232444632
real9_vs_real10,alignment,real,episode_000009,17,real,episode_000010,17,5,0.028337712485507073,0.07195799691602031,0.0022798457286037164,0.004072229009513888,0.006602947763310776,0.011813801495699744,0.024749755859375,0.07177734375,0.013021520646997678,0.004072229009513888,0.011813801495699744,0.003662109375,0.000939383286503781,0.010818538773466058,0.0,False,,,,0.34148425512948816,0.5330603551634743
real9_vs_real10,alignment,real,episode_000009,18,real,episode_000010,18,5,0.02915258171481174,0.07685684128577601,0.0024112696832029696,0.004289418687702356,0.006889969098732662,0.012874577946643026,0.025286865234375,0.07666015625,0.014208799284020248,0.004289418687702356,0.012874577946643026,0.00421142578125,0.0015980254747860467,0.010669368899985043,0.0,False,,,,0.35655021429897243,0.5766859218387295
real9_vs_real10,descent_to_grasp,real,episode_000009,19,real,episode_000010,19,5,0.028975491710458746,0.0749079398637046,0.002418919098217113,0.0043190368376190835,0.006637438563781707,0.01246697796109494,0.025579833984375,0.07470703125,0.014177264936987139,0.0043190368376190835,0.01246697796109494,0.00518798828125,0.000804478845479073,0.010321126944083603,0.0,False,,,,0.34682920258823524,0.5660490060391766
real9_vs_real10,descent_to_grasp,real,episode_000009,20,real,episode_000010,20,5,0.0397743342467071,0.13101238260762424,0.002620892959036153,0.004838594772101442,0.0066388317962242285,0.013167218824716453,0.035980224609375,0.130859375,0.014490552436870877,0.004838594772101442,0.013167218824716453,0.003631591796875,0.00030468548652617944,0.00974349746101566,0.0,False,,,,0.3510718487593245,0.6011572260679902
real9_vs_real10,descent_to_grasp,real,episode_000009,21,real,episode_000010,21,5,0.042815564793855836,0.1548719617265081,0.002015935297769823,0.004291920553355656,0.003960821543589398,0.008679587848599587,0.0405242919921875,0.15478515625,0.009693573893934208,0.004291920553355656,0.008679587848599587,0.000457763671875,0.004516589371649671,0.0038481298885557624,0.0,False,,,,0.24135762872468214,0.4266242346350882
real9_vs_real10,descent_to_grasp,real,episode_000009,22,real,episode_000010,22,5,0.273845487291791,0.41116540389255124,0.002522291878604265,0.003910244788520259,0.0016207405135227472,0.0033926139860672145,0.273828125,0.4111328125,0.2558780976764581,0.00263162855054189,0.0016296092489880832,0.255859375,0.004990335941389756,0.5051922431333302,0.4,True,1,3,2,0.31421261501374004,0.29963644569379855
real9_vs_real10,descent_to_grasp,real,episode_000009,23,real,episode_000010,23,5,0.1055446446857726,0.1562509634822339,0.002097846502211286,0.003535682997736999,0.0004839051420354081,0.0009618074306860384,0.10546875,0.15625,0.1562509634822339,0.00035755927870854737,0.0004162216820498564,0.15625,0.008359514994066286,0.796218204468499,0.0,False,0,0,0,0.16932115826597935,0.15962316601923696
real9_vs_real10,descent_to_grasp,real,episode_000009,24,real,episode_000010,24,5,0.02305020143947615,0.0392234272215355,0.0018069383819651317,0.003294711948866201,0.0006539888091073013,0.002095796965023215,0.02265625,0.0390625,0.03906627555899492,0.0004872734504999565,0.00023988410902253687,0.0390625,0.015728654034404488,0.1575900947545048,0.0,False,0,0,0,0.10839800001221045,0.050442667265090675
real9_vs_real10,descent_to_grasp,real,episode_000009,25,real,episode_000010,25,5,0.006377522348004037,0.015628946967522327,0.0008827320362646358,0.0017276556747428135,0.00010735602921391246,0.00015582164614506697,0.00625,0.015625,0.015628946967522327,0.00031476646615869266,0.00015582164614506697,0.015625,0.0020339417464340093,0.10592516098524418,0.0,False,0,0,0,0.045935998160761195,0.026044209674012865
real9_vs_real10,descent_to_grasp,real,episode_000009,26,real,episode_000010,26,5,0.0035808517630446525,0.011724153694732292,0.0006974020387133562,0.0012457844505651752,0.00017582393370042934,0.00028668516639411155,0.003125,0.01171875,0.011724153694732292,0.00021092631550951145,0.00028668516639411155,0.01171875,0.00236424502968946,0.32235364929444776,0.0,False,0,0,0,0.037212402508089756,0.021950944133778343
real9_vs_real10,grasp_close,real,episode_000009,27,real,episode_000010,27,5,0.002749622294101533,0.007825368287858452,0.0006350723198230482,0.0012455838357985265,0.00016800892744275902,0.000420572246539928,0.00234375,0.0078125,0.007825368287858452,0.0001560499152869517,0.000420572246539928,0.0078125,0.00233640121116252,0.6733657077817089,0.0,False,0,0,0,0.0347121765073753,0.020320949264340638
real9_vs_real10,grasp_close,real,episode_000009,28,real,episode_000010,28,5,0.006338874855230209,0.01562634502515379,0.0007364408720371782,0.0012859077459102966,0.00010350873872903724,0.00014533880595663404,0.00625,0.015625,0.01562634502515379,0.00014460455259660077,0.00014533880595663396,0.015625,0.00029297446723697274,0.1043246525051793,0.0,False,0,0,0,0.039044240965990816,0.01904296875
real9_vs_real10,grasp_close,real,episode_000009,29,real,episode_000010,29,5,0.004924718558735353,0.011720855423900849,0.0008316383189891068,0.0011651848968917326,8.273836247575414e-05,0.00017246011636026996,0.0046875,0.01171875,0.011720855423900849,0.0001400279034726681,0.00017246011636026996,0.01171875,0.0002534272942763538,0.09894770329312486,0.0,False,0,0,0,0.04291508696717477,0.01742144802237429
real9_vs_real10,grasp_close,real,episode_000009,30,real,episode_000010,30,5,0.005018861842474029,0.01172763162841189,0.0009898171191677883,0.0012455371463014633,9.453022463338438e-05,0.00014533880595663404,0.0046875,0.01171875,0.01172763162841189,0.0004482847764424627,8.533937213767466e-05,0.01171875,0.00019332110984515705,0.0002315133237246192,0.0,False,0,0,0,0.0496722041792812,0.026569859102368733
real9_vs_real10,grasp_close,real,episode_000009,31,real,episode_000010,31,5,0.005061420145890639,0.01173160050255572,0.0010739246214750125,0.001446459227338996,4.9404122586111147e-05,0.0001021754634308593,0.0046875,0.01171875,0.01173160050255572,0.0005472915922580904,4.266968606883711e-05,0.01171875,0.0001715897676070055,4.7258155230434085e-05,0.0,False,0,0,0,0.05327696336507413,0.029845130449093996
real9_vs_real10,grasp_close,real,episode_000009,32,real,episode_000010,32,5,0.0058429160809514305,0.01563927741658837,0.0011057853906427297,0.0013661086588078882,5.457084154124168e-05,0.0001021754634308593,0.00546875,0.015625,0.01563927741658837,0.0006667476365926099,4.266968606883711e-05,0.015625,0.00015972443721856688,4.7258155230434085e-05,0.0,False,0,0,0,0.054971739525722964,0.03658201039441477
real9_vs_real10,grasp_close,real,episode_000009,33,real,episode_000010,33,5,0.005025293181080896,0.011730712002637698,0.0010263633451175135,0.001285713391749769,0.0001024672756466505,0.0001837156391784154,0.0046875,0.01171875,0.011730712002637698,0.0005104817825637646,0.00014110590348630315,0.01171875,0.0002633328794792167,0.035684820619406366,0.0,False,0,0,0,0.051472726668659895,0.030336376107439583
real9_vs_real10,grasp_close,real,episode_000009,34,real,episode_000010,34,5,0.00509157152311162,0.011734621897499029,0.001146656772768785,0.00144641902198787,0.00010415119631324989,0.00015582164614506692,0.0046875,0.01171875,0.011734621897499029,0.0005898890822488297,0.00015582164614506692,0.01171875,0.00028278175527307603,0.05245377141611418,0.0,False,0,0,0,0.05718223808365543,0.032436725937973386
real9_vs_real10,grasp_close,real,episode_000009,35,real,episode_000010,35,5,0.00503819969616158,0.0117503333885298,0.0011256929021538676,0.0013259335680189967,8.80928554573035e-05,0.00015582164614506692,0.0046875,0.01171875,0.0117503333885298,0.0008467306500244661,0.00015582164614506692,0.01171875,0.00014086958445957976,0.05245377141611418,0.0,False,0,0,0,0.05574304807152124,0.043654091477876265
real9_vs_real10,grasp_close,real,episode_000009,36,real,episode_000010,36,5,0.0050617738677895905,0.011736681479939625,0.001117456123825473,0.0013259335680189934,0.00010789296577933597,0.00014533880595663404,0.0046875,0.01171875,0.011736681479939625,0.000644680448019116,7.055295174315144e-05,0.01171875,5.6913548066028774e-05,0.008634741907737609,0.0,False,0,0,0,0.05552884853269875,0.0341098617120566
real9_vs_real10,lift,real,episode_000009,37,real,episode_000010,37,5,0.005003190352138104,0.011730697107626446,0.0009729099441342073,0.001205360978665766,7.978107839684965e-05,0.00017246011636027066,0.0046875,0.01171875,0.011730697107626446,0.0005245715865120667,7.055295174315144e-05,0.01171875,6.565923520684969e-05,0.008634741907737609,0.0,False,0,0,0,0.04837865842055263,0.02883754503951836
real9_vs_real10,lift,real,episode_000009,38,real,episode_000010,38,5,0.0033527241733399354,0.004392764544981635,0.0017357841690621267,0.002491267985038483,0.00011719021044975931,0.00018893374619420857,0.00234375,0.00390625,0.004167837226123461,0.001446559623758084,0.0001397974816417537,0.00390625,4.342678528390653e-05,0.01567774220995921,0.0,False,0,0,0,0.08520165435710572,0.07152278681093967
real9_vs_real10,lift,real,episode_000009,39,real,episode_000010,39,5,0.002210166875109681,0.004339100280123361,0.0017196013497915523,0.0019285218402142435,3.9542809410162465e-05,5.618733745656884e-05,0.00078125,0.00390625,0.0016076628648668363,0.0016070965076692284,4.266968606883733e-05,0.0,4.167225919893269e-08,0.016757946609982755,0.0,False,0,0,0,0.08368500189997694,0.0782225952910187
real9_vs_real10,lift,real,episode_000009,40,real,episode_000010,40,5,0.002988204575567747,0.004043907157301503,0.0009562601866551824,0.0018483024885601433,3.1008872196395e-05,5.618733745656884e-05,0.00234375,0.00390625,0.003919454386995167,0.0003214554856207329,0.0,0.00390625,9.583055393669326e-08,0.0,0.0,False,0,0,0,0.04683342341402867,0.01611328125
real9_vs_real10,lift,real,episode_000009,41,real,episode_000010,41,5,0.0022828232160315262,0.0028530070848731943,0.0022821067547619854,0.002852687982276966,5.086570825965841e-05,7.055295174315157e-05,0.0,0.0,0.0014865955653715188,0.0014865955653715188,0.0,0.0,3.733724022181306e-07,0.0,0.0,False,0,0,0,0.11103609509581894,0.0722722230940562
real9_vs_real10,lift,real,episode_000009,42,real,episode_000010,42,5,0.0037791019472414914,0.004744145177023363,0.0031506451879004887,0.004741009488383148,0.0001635022075873691,0.0003191276718075033,0.00078125,0.00390625,0.00401836432649016,0.0008869161893862588,0.0003191276718075033,0.00390625,4.7072542319503974e-05,1.292296671191439,0.0,False,0,0,0,0.1551291750547235,0.05208841934802573
real9_vs_real10,lift,real,episode_000009,43,real,episode_000010,43,5,0.003829123921822536,0.004869935228368759,0.002708910428934652,0.004580247901194136,0.0002346318523885308,0.000293600503470175,0.0015625,0.00390625,0.003929199778789756,0.0003254091799519736,0.00027190201313056605,0.00390625,2.9989987774037274e-05,1.668746998286884,0.0,False,0,0,0,0.13504299904879588,0.028273972054303566
real9_vs_real10,lift,real,episode_000009,44,real,episode_000010,44,5,0.003961606163053114,0.004661854486595745,0.002861158348257458,0.0043793618860939595,0.00021589247097118179,0.00027190201313056605,0.0015625,0.00390625,0.003962071749230201,0.0006043945555707886,0.00027190201313056605,0.00390625,2.227296476131624e-05,1.668746998286884,0.0,False,0,0,0,0.14143030013454713,0.03753101338003054
