model,condition,episode_id,phase,baseline_index,condition_index,oft_chunk_index,baseline_gripper,condition_gripper,reference_gripper,baseline_binary_close,condition_binary_close,reference_binary_close,condition_shift_translation_l2_m,condition_shift_rotation_l2_rad,condition_shift_gripper_abs,condition_shift_raw_l2,condition_shift_no_gripper_l2,condition_shift_standardized_l2,condition_shift_gripper_contribution_ratio,baseline_reference_error_translation_l2_m,baseline_reference_error_rotation_l2_rad,baseline_reference_error_gripper_abs,baseline_reference_error_raw_l2,baseline_reference_error_no_gripper_l2,baseline_reference_error_standardized_l2,baseline_reference_error_gripper_contribution_ratio,condition_reference_error_translation_l2_m,condition_reference_error_rotation_l2_rad,condition_reference_error_gripper_abs,condition_reference_error_raw_l2,condition_reference_error_no_gripper_l2,condition_reference_error_standardized_l2,condition_reference_error_gripper_contribution_ratio,condition_shift_standardized_d0,condition_shift_standardized_d1,condition_shift_standardized_d2,condition_shift_standardized_d3,condition_shift_standardized_d4,condition_shift_standardized_d5,condition_shift_standardized_d6
openvla,lighting_low,episode_000001,hold,0,0,,0.0019607843137254832,0.0019607843137254832,0.0,0,0,0,6.541553330367909e-05,0.005357898791677763,0.0,0.005358298111701088,0.005358298111701088,0.38304730562731015,0.0,0.0033593914465282443,0.029781283546767606,0.0019607843137254832,0.03003423106571783,0.02997015783381826,3.7828407141907596,0.004262129219122826,0.0033673322276614108,0.02864497331286165,0.0019607843137254832,0.02890878927853872,0.028842215976342792,3.787786360124611,0.004600444978059718,0.0,-0.025161227802241504,0.0,0.0,0.28485123646985083,-0.25485667353519076,0.0
oft,lighting_low,episode_000001,hold,0,0,0,0.083984375,0.416015625,0.0,0,0,0,0.0017653220344146917,0.0020267650269361033,0.33203125,0.33204212852426135,0.0026877757271769028,0.7742058561067205,0.9999344761093661,0.003367487192678771,0.007589829930930834,0.083984375,0.08439384297751781,0.008303342000261648,1.1311942851149397,0.9903198001097356,0.0018204403390518415,0.005599750215146419,0.416015625,0.4160572934700709,0.005888226006199112,1.1613700722930151,0.9997997084336241,-0.24709146083608607,0.1509065757516079,0.14058395260486348,0.07644164923653342,-0.1271314227882961,-0.10248811095656968,0.6806572838008295
openvla,lighting_low,episode_000001,hold,1,1,,0.0019607843137254832,0.0019607843137254832,0.0,0,0,0,0.0028178565149551385,0.004338983214335863,0.0,0.005173692170313527,0.005173692170313527,0.4516878088731555,0.0,0.0028271980623352775,0.035302848276725,0.0019607843137254832,0.03547011164992422,0.03541587419975875,4.341415604735589,0.003055867620576447,0.00011456835110371329,0.032413345806609414,0.0019607843137254832,0.03247280073247256,0.032413548282869596,4.121801318604391,0.0036460292864447376,0.038634452330069985,0.0,0.2865259572707709,0.0,0.28485123646985083,-0.1982218571940372,0.0
oft,lighting_low,episode_000001,hold,1,1,1,0.1513671875,0.6484375,0.0,0,1,0,0.0018061343004649917,0.002003938514342344,0.4970703125,0.49707763323200155,0.0026977566014340076,1.0726850045164384,0.9999705451317705,0.0014419627127348123,0.013714531668510787,0.1513671875,0.1519940560910579,0.013790128184737908,1.6659716390991004,0.9917684163302047,0.001734730459984814,0.010955984883163968,0.6484375,0.6485323695088618,0.01109247017255023,1.9009689482549479,0.9997074546332442,-0.13454194726153348,0.11879879367679742,0.17665832534875311,0.15288329847306736,-0.13419427960986804,-0.08672070927094352,1.0189839925135948
openvla,lighting_low,episode_000001,alignment,2,2,,0.0019607843137254832,0.0019607843137254832,0.0,0,0,0,0.000683956029110746,0.005357898791677763,0.0,0.005401377168058066,0.005401377168058066,0.39003838449054606,0.0,0.023862275817553735,0.41955374923375827,0.0019607843137254832,0.4202363637031204,0.42023178925837623,54.231918991451685,2.1770699739084672e-05,0.023391561402121692,0.41519834218528884,0.0019607843137254832,0.4158613629244323,0.4158567403544656,53.893269928181965,2.2231179365757264e-05,0.038634452330069985,0.0,-0.06741787229900498,0.0,0.28485123646985083,-0.25485667353519076,0.0
oft,lighting_low,episode_000001,alignment,2,2,2,0.287109375,0.79296875,0.0,0,1,0,0.0025037530614377182,0.00345506359431089,0.505859375,0.5058773700406296,0.004266877527348451,1.1509797029166775,0.9999288573807172,0.025499862919790364,0.40931991451065247,0.287109375,0.5006244387131201,0.41011344214002055,59.162329055046946,0.32890513546181904,0.027616364607185508,0.408170216146214,0.79296875,0.8922808007681924,0.4091033963962706,59.25489506770113,0.7897853043289059,-0.1733521243562071,0.118798793676798,0.24953651587363268,0.2802860472006237,-0.2048228478255879,-0.14979031601344786,1.0370013912024403
openvla,lighting_low,episode_000001,alignment,3,3,,0.0019607843137254832,0.0019607843137254832,0.0,0,0,0,6.541553330367909e-05,0.005357898791677763,0.0,0.005358298111701088,0.005358298111701088,0.38304730562731015,0.0,0.02370926530227055,0.42841428964266975,0.0019607843137254832,0.42907432631926573,0.4290698460987521,53.14348150921552,2.08830817810781e-05,0.024551567912655708,0.4383627935170191,0.0019607843137254832,0.43905416852837126,0.43904979014573564,54.590156221965984,1.9944513083825265e-05,0.0,-0.025161227802241504,0.0,0.0,0.28485123646985083,-0.25485667353519076,0.0
oft,lighting_low,episode_000001,alignment,3,3,3,0.41796875,0.85546875,0.0,0,1,0,0.0025117822813216133,0.003490328100398078,0.4375,0.4375211325644479,0.004300167494085511,1.0241421173654415,0.9999034009901853,0.02532772138834394,0.4174042115647802,0.41796875,0.5912407676059761,0.4181719374883271,57.80924332033534,0.499756993674188,0.02838521314131011,0.43042700526049843,0.85546875,0.9580709313037116,0.43136194452292465,59.875861765409695,0.7972838593018586,-0.18111415977514148,0.128431128299241,0.248807070836532,0.2632990140369492,-0.19775999100401603,-0.15767401685626098,0.8968660680669753
openvla,lighting_low,episode_000001,alignment,4,4,,0.0019607843137254832,0.0019607843137254832,0.0,0,0,0,0.0028146420800309394,0.02228389377212564,0.0,0.022460946811879077,0.022460946811879077,2.7002524406374855,0.0,0.025785015362256972,0.4319444983715389,0.0019607843137254832,0.4327178773355651,0.4327134348395855,51.864573283312886,2.0532884855673172e-05,0.050198960806745616,0.8561415342082004,0.0019607843137254832,0.8576141946922132,0.8576119531947117,103.79302853785076,5.227279553229391e-06,0.019317226165034798,0.02516122780224117,-0.2865259572707709,-2.6320681463244244,0.0776867008554139,-0.52387205115567,0.0
oft,lighting_low,episode_000001,alignment,4,4,4,0.52734375,0.91796875,0.0,1,1,0,0.0030712762577263675,0.004514164331729543,0.390625,0.3906631554708802,0.005459891708187344,1.0194852283023585,0.9998046726083442,0.024903889554767727,0.42837921794708783,0.52734375,0.6798679200756402,0.42910250300355346,57.54052589076986,0.6016425009232775,0.05388215246198089,0.8512826366225923,0.91796875,1.2530969793857183,0.852986174430189,114.79415217770462,0.5366441849125563,-0.2742585848023571,0.2408083655610769,0.2893907401734079,0.23781846429143827,-0.275451416041308,-0.22074362359876532,0.8007732750597994
openvla,lighting_low,episode_000001,alignment,5,5,,0.0019607843137254832,0.0019607843137254832,0.0,0,0,0,6.541553330367909e-05,0.012061668017664102,0.0,0.012061845404428732,0.012061845404428732,1.7527700819292853,0.0,0.023924626339271143,0.43068789172931093,0.0019607843137254832,0.4313563405153996,0.4313518839969433,51.14447849805716,2.0662709767669236e-05,0.023223576013929204,0.4271567550852722,0.0019607843137254832,0.42779209035813054,0.42778759670875677,51.76662011632571,2.1008456555007155e-05,0.0,-0.025161227802241504,0.0,0.0,-1.747950769246812,0.12742833676759538,0.0
oft,lighting_low,episode_000001,alignment,5,5,0,0.2109375,0.73046875,0.0,0,1,0,0.002498075839985447,0.0027252042511402533,0.51953125,0.5195444031530657,0.0036969069656608757,1.1530735574719566,0.9999493672283309,0.024582000822195776,0.4276707563635232,0.2109375,0.47749469056652394,0.4283766457371018,57.13026035535922,0.19515087158792138,0.026097552522516266,0.4133224066972158,0.73046875,0.8397029765650511,0.414145498738842,56.2198829129103,0.756749072101355,-0.2018129208923004,0.17659280141145656,0.24084948861361544,0.12740274872755586,-0.17657142053929997,-0.1340229143278218,1.065028455829533
openvla,lighting_low,episode_000001,alignment,6,6,,0.0019607843137254832,0.0019607843137254832,0.0,0,0,0,0.0004963333520372724,0.011309474043847136,0.0,0.011320359974170285,0.011320359974170285,0.6479741321095628,0.0,0.024116047206381133,0.4305384313505144,0.0019607843137254832,0.4312177747701815,0.43121331681967107,52.671451361981234,2.067599124148663e-05,0.023802226473291117,0.4318000231209585,0.0019607843137254832,0.43245999887558517,0.43245555373049166,53.81827694094518,2.0557379918596335e-05,0.0,0.0,-0.05056340422425364,0.0,-0.3107468034216554,0.5663481634115352,0.0
oft,lighting_low,episode_000001,alignment,6,6,1,0.40234375,0.890625,0.0,0,1,0,0.0023494905614848,0.0026618619756498285,0.48828125,0.48829415797922304,0.003550438715978149,1.0773052502978664,0.9999471310135422,0.025903394421593916,0.4249589553382515,0.40234375,0.5857828887299468,0.42574769472627644,57.705082616812724,0.4717600448162612,0.027898523722871042,0.41680855520339044,0.890625,0.9837279044236029,0.4177411870005798,58.57390444970714,0.8196713998539858,-0.1397166375408236,0.118798793676798,0.23687069750215678,0.16987033163674134,-0.15538285007458394,-0.12613921348500876,1.0009665938247492
openvla,lighting_low,episode_000001,alignment,7,7,,0.0019607843137254832,0.0019607843137254832,0.0,0,0,0,0.002424290788183878,0.020071056124684142,0.0,0.020216935469697033,0.020216935469697033,2.7365768128874888,0.0,0.02536707953780977,0.4278096858501276,0.0019607843137254832,0.4285655850702287,0.42856109953128324,53.26870122370609,2.0932690948468442e-05,0.02632362106478592,0.4276482048560115,0.0019607843137254832,0.4284620926262399,0.42845760600382815,55.28763209090425,2.094280450119705e-05,-0.5408823326209802,0.0,0.01685446807475133,-2.6320681463244244,0.5179113390360922,0.0,0.0
oft,lighting_low,episode_000001,alignment,7,7,2,0.6171875,0.9609375,0.0,1,1,0,0.0032689236090965735,0.0031341056061611407,0.34375,0.3437798292214258,0.004528628877781845,0.8572055314217053,0.9998264707538158,0.026987547864455178,0.4220184820346656,0.6171875,0.7481633090942309,0.42288051139604393,59.102553818999795,0.6805208428968086,0.03005772078092519,0.415008667510304,0.9609375,1.0471564064615524,0.4160957350024416,60.617871958324706,0.8421068022490066,-0.1500660180994031,0.10274490263939233,0.3368709807701447,0.2123379145459268,-0.15538285007458402,-0.14979031601344786,0.7046804820526235
openvla,lighting_low,episode_000001,alignment,8,8,,0.0019607843137254832,0.0019607843137254832,0.0,0,0,0,0.0024828668566227495,0.00090384858270838,0.0,0.002642266089586679,0.002642266089586679,0.5565305880218202,0.0,0.023701430161528873,0.4177132130261576,0.0019607843137254832,0.4183896877355641,0.4183850931000505,53.69614059876484,2.1963305596895774e-05,0.024319214789335773,0.40856885202010657,0.0019607843137254832,0.4092966842329932,0.40929198752113094,54.394855452530486,2.2950026695215542e-05,-0.5408823326209802,0.10064491120896601,-0.05056340422425364,0.0,0.05179113390360945,0.04247611225586509,0.0
oft,lighting_low,episode_000001,alignment,8,8,3,0.7578125,0.96875,0.0,1,1,0,0.002796570947873553,0.003266808563867391,0.2109375,0.2109813303434914,0.004300331063935393,0.6460745850083337,0.9995845529019095,0.027153153861607684,0.4128943702823348,0.7578125,0.8634227469390229,0.41378624285430016,60.122512013665315,0.7703295490155853,0.02976259686065658,0.40082461453972396,0.96875,1.0488196919837118,0.4019280828616088,60.66953640007697,0.8531428696931624,-0.147478672959758,0.1252203500917598,0.2848814435804216,0.24631198087327527,-0.16950856371772802,-0.14979031601344794,0.4324175685322917
openvla,lighting_low,episode_000001,alignment,9,9,,0.0019607843137254832,0.0019607843137254832,0.0,0,0,0,0.002879816663663679,0.02246366857256148,0.0,0.022647510895332432,0.022647510895332432,2.8117159849180675,0.0,0.021840136585934793,0.39039513209999005,0.0019607843137254832,0.39101047992168436,0.3910055635581941,52.14593806497143,2.5146807233024426e-05,0.023149030519373753,0.3809590209919915,0.0019607843137254832,0.3816667367799931,0.3816617000553809,52.37407859790459,2.6393137744556873e-05,-0.5988340111160851,0.40257964483586306,0.01685446807475133,-2.6320681463244244,0.4272768547047762,-0.52387205115567,0.0
oft,lighting_low,episode_000001,alignment,9,9,4,0.83984375,0.9765625,0.0,1,1,0,0.0033580078034093114,0.0032145296105267106,0.13671875,0.13679775589748253,0.004648593015602768,0.5983666815438786,0.9988452576211981,0.026404372715620697,0.3860257086103588,0.83984375,0.9246894413913773,0.38692769170303,58.209432548347664,0.8249073855027553,0.029184275481185674,0.3679333946519337,0.9765625,1.0439832475867163,0.36908902020441803,57.007269545648676,0.8750100218456018,-0.16559008893727228,0.17338202320397564,0.3421760355854226,0.2208314311277643,-0.18363427736087198,-0.14979031601344794,0.2802706462709298
openvla,lighting_low,episode_000001,alignment,10,10,,0.0019607843137254832,0.0019607843137254832,0.0,0,0,0,0.0027694910131725588,0.018980256587948528,0.0,0.019181246586611803,0.019181246586611803,2.303456399183851,0.0,0.024419999213437415,0.38272427599110065,0.0019607843137254832,0.3835075650748254,0.38350255252670284,52.207127795385546,2.6140372818344332e-05,0.025132816469481244,0.3407764527071548,0.0019607843137254832,0.34170761457492466,0.34170198884899733,47.13256938883081,3.292686131416007e-05,-0.5408823326209802,0.10064491120896601,0.1348357445980096,1.9211072102482867,1.00992711112038,-0.52387205115567,0.0
oft,lighting_low,episode_000001,alignment,10,10,0,0.1376953125,0.400390625,0.0,0,0,0,0.0019376569017510695,0.003927302340571825,0.2626953125,0.26273181274336727,0.004379294228887172,0.7643044180996666,0.9997221675778634,0.02402116374582027,0.3830312233432249,0.1376953125,0.40773757914617537,0.3837837077880078,58.777315152261096,0.11404515292876717,0.024884435975772806,0.3557810355636431,0.400390625,0.5362014854590215,0.3566502213942543,55.28933728492152,0.5575858892249312,-0.2509724785455535,0.2472299219760387,0.15039830401312757,0.17836384821857884,-0.28251427286288006,-0.1892088202275132,0.5385200274777151
openvla,lighting_low,episode_000001,alignment,11,10,,0.0019607843137254832,0.0019607843137254832,0.0,0,0,0,0.0032471720664905817,0.03526539685650347,0.0,0.03541457809823635,0.03541457809823635,4.700377527965344,0.0,0.02345247632088969,0.38154248179194766,0.0019607843137254832,0.38226761402539133,0.3822625852179894,52.49996010634117,2.631022948287904e-05,0.025132816469481244,0.3407764527071548,0.0019607843137254832,0.34170761457492466,0.34170198884899733,47.13256938883081,3.292686131416007e-05,-0.5408823326209802,0.10064491120896601,0.2191080849717659,3.8422144204965734,2.589556695180462,-0.52387205115567,0.0
oft,lighting_low,episode_000001,alignment,11,10,1,0.32421875,0.400390625,0.0,0,0,0,0.0005938968254405449,0.0012555784229111783,0.076171875,0.07618453735260833,0.0013889530644872342,0.2539803640264028,0.9996676149579244,0.02555358483006204,0.3615426985019442,0.32421875,0.4862961097821958,0.3624446282368314,56.24186037543614,0.4445029662125027,0.024884435975772806,0.3557810355636431,0.400390625,0.5362014854590215,0.3566502213942543,55.28933728492152,0.5575858892249312,0.09314442502721561,-0.13485268471420309,0.017241428149653047,-0.04246758290918546,0.08475428185886394,0.06306960674250434,0.15615078863666088
openvla,lighting_low,episode_000001,alignment,12,11,,0.0019607843137254832,0.0019607843137254832,0.0,0,0,0,0.0,8.740472544931576e-05,0.0,8.740472544931576e-05,8.740472544931576e-05,0.012947783475902298,0.0,0.02564872568704185,0.37260627017317915,0.0019607843137254832,0.3734931517134716,0.37348800476285354,51.12677861264304,2.756096132100626e-05,0.025611903293852708,0.37228268647650026,0.0019607843137254832,0.3731678079840473,0.3731626565460347,51.09240603150332,2.7609039931033163e-05,0.0,0.0,0.0,0.0,-0.012947783475902298,0.0,0.0
oft,lighting_low,episode_000001,alignment,12,11,2,0.625,0.59375,0.0,1,1,0,0.00021013142528746379,0.0007019029305415839,0.03125,0.03125858798698041,0.0007326820182017602,0.10550180122819104,0.9994505953210765,0.026671728203497714,0.3498415190984943,0.625,0.7167464471976847,0.35085676503454144,54.21116590577958,0.7603769389253356,0.026566826232221265,0.3492073452864327,0.59375,0.689340720368419,0.3502164562924633,54.134139184052636,0.7418897620548397,0.010349380558579467,0.035318560282291654,-0.018567691853472595,0.059454616072859436,-0.028251427286288003,-0.03153480337125212,-0.06406186200478395
openvla,lighting_low,episode_000001,alignment,13,12,,0.0019607843137254832,0.0019607843137254832,0.0,0,0,0,0.001928951063477688,0.0003693749571243648,0.0,0.001963998488859482,0.001963998488859482,0.42781633893048265,0.0,0.02549777089473733,0.35159154355567035,0.0019607843137254832,0.35252034621505796,0.3525148930477397,47.64157738904962,3.0937931379160874e-05,0.024823105027991076,0.3510076513832131,0.0019607843137254832,0.3518897590836012,0.35188429614404493,47.557279055385955,3.104891239543367e-05,0.42497897563077025,0.0,-0.03370893614950231,0.030253656854303652,0.012947783475902233,0.0141587040852886,0.0
oft,lighting_low,episode_000001,alignment,13,12,3,0.6484375,0.83984375,0.0,1,1,0,0.0014549523518211773,0.0024618985624148613,0.19140625,0.1914276113050053,0.0028596906961575993,0.5346627913124128,0.9997768335193511,0.026613909167919888,0.3412501266080374,0.6484375,0.7332333465394559,0.342286355368133,52.279577058345446,0.782081170061774,0.027921862702854423,0.34008237433541955,0.83984375,0.9065170578452874,0.34122668675004525,52.16757639641164,0.8583116909536249,-0.14489132782011294,0.15732813216657,0.12944333749277984,0.16137681505490434,-0.17657142053929997,-0.11037181179938271,0.3923789047793017
openvla,lighting_low,episode_000001,alignment,14,13,,0.0019607843137254832,0.0019607843137254832,0.0,0,0,0,0.00033088890135818047,0.012982670994935651,0.0,0.012986886987565014,0.012986886987565014,0.7345555506352442,0.0,0.0252677554061783,0.34524580918114567,0.0019607843137254832,0.34617477218239845,0.34616921905393394,46.48897702390261,3.2082545411952305e-05,0.025248067190296482,0.34743928012595643,0.0019607843137254832,0.34836096645062503,0.3483554481722491,46.80523555922619,3.168113078488006e-05,0.0,0.0,-0.03370893614950231,0.030253656854303652,0.33664237037345984,-0.6513003879232654,0.0
oft,lighting_low,episode_000001,alignment,14,13,4,0.70703125,0.90234375,0.0,1,1,0,0.0026167567387615337,0.0012838168255461474,0.1953125,0.19533424752900197,0.002914721508379366,0.5093626677841363,0.9997773424921946,0.026347895663344216,0.3342391464741219,0.70703125,0.7824980556641649,0.3352760335031956,50.91588796751163,0.8164144539260327,0.02865905455387476,0.3369180049329414,0.90234375,0.9636178322447017,0.33813471199496137,51.35600859560238,0.876868305364932,-0.08796973474792587,0.03852933848977198,0.27321032298681036,-0.008493516581836988,-0.10594285232357997,-0.06306960674250443,0.4003866375298997
openvla,lighting_low,episode_000001,alignment,15,14,,0.0019607843137254832,0.0019607843137254832,0.0,0,0,0,0.002710613394697179,0.01953979149999444,0.0,0.019726907432204538,0.019726907432204538,2.688440846747857,0.0,0.0245916433222639,0.367194828161321,0.0019607843137254832,0.3680226017853203,0.36801737832568654,49.669110978050966,2.8386422678041394e-05,0.026371676311034542,0.3527808670579879,0.0019607843137254832,0.3537706179839765,0.3537651840891634,47.87118718118738,3.071964038109889e-05,-0.5601995587860152,0.3774184170336219,0.03370893614950231,2.6018144894701205,0.02589556695180453,0.014158704085288512,0.0
oft,lighting_low,episode_000001,alignment,15,14,0,0.359375,0.9296875,0.0,0,1,0,0.00685702226209037,0.009108235826879056,0.5703125,0.5704264425589253,0.011400820767859048,1.6133888379639991,0.9996005403311481,0.024567609927911658,0.3446197970437517,0.359375,0.4985145560533279,0.3454943877576691,52.76097285179487,0.5196848263889899,0.030226551782217306,0.3465431168520875,0.9296875,0.9926351917630427,0.3478588453240806,53.132836658797366,0.8771919697002977,-0.30401305390827316,0.02247544745236747,0.7108773452472343,0.2293249477096013,-0.607405686655192,-0.4651383497259698,1.1691289815873072
openvla,lighting_low,episode_000001,alignment,16,15,,0.0019607843137254832,0.0019607843137254832,0.0,0,0,0,0.019693684608746445,0.0009253608457746845,0.0,0.019715412908779505,0.019715412908779505,2.0752321765252453,0.0,0.018460589314637846,0.34516234363018083,0.0019607843137254832,0.34566122358929374,0.3456556622104182,47.6123987444033,3.21779462500215e-05,0.024585317501800263,0.3354850263646058,0.0019607843137254832,0.3363903765369181,0.3363846618850577,46.31743362710679,3.39760214221325e-05,-0.57951678495105,0.0,1.9888272328206444,0.12101462741721508,-0.025895566951804706,0.0,0.0
oft,lighting_low,episode_000001,alignment,16,15,1,0.46875,0.63671875,0.0,0,1,0,0.001119141429458061,0.0035077561004414615,0.16796875,0.16800910036947944,0.0036819601300548763,0.5160552682828189,0.9995197221583622,0.02538680692954386,0.3477912303062387,0.46875,0.5842343642272381,0.34871654655895684,53.9895414036822,0.6437368416951758,0.025359373977014644,0.3375537963856573,0.63671875,0.7211077796726634,0.3385050417687688,52.43496189441677,0.7796414423000294,-0.23286106256803882,0.054583229527177646,0.04880650430055643,0.1019221989820449,-0.21188570464716003,-0.18132511938470006,0.34433250827571377
openvla,lighting_low,episode_000001,alignment,17,16,,0.0019607843137254832,0.0019607843137254832,0.0,0,0,0,0.010965433637964114,0.0009253608457746843,0.0,0.011004409460006827,0.011004409460006827,1.2590649529266815,0.0,0.01831232711095199,0.354081196703843,0.0019607843137254832,0.354559839601962,0.3545544178027459,49.51292977614449,3.0583033702545375e-05,0.020596334981600507,0.35707565904861405,0.0019607843137254832,0.3576745447677278,0.35766917018339217,49.95672440930604,3.0052705923448802e-05,-0.6374684634461549,0.0,1.078685956784078,0.12101462741721508,0.02589556695180453,0.0,0.0
oft,lighting_low,episode_000001,alignment,17,16,2,0.8203125,0.76953125,0.0,1,1,0,0.0010169353112929591,0.005577701062416329,0.05078125,0.05109677346106635,0.005669647834657348,0.5372925057562438,0.9876880962009192,0.0273357743551694,0.35731918369896576,0.8203125,0.8951741960395987,0.35836328439014503,56.04605103733132,0.8397375023994408,0.027509103425881472,0.3576819342200266,0.76953125,0.8490414957852401,0.35873822885033496,56.20662480437517,0.8214756392779896,-0.17593946949585174,0.09471795712069037,-0.06472166874639029,0.2632990140369492,-0.289577129684452,-0.2838132303412697,-0.10410052575777393
openvla,lighting_low,episode_000001,alignment,18,17,,0.0019607843137254832,0.0019607843137254832,0.0,0,0,0,0.010757626547862813,0.001970169729520142,0.0,0.010936548710923399,0.010936548710923399,1.1940992847815577,0.0,0.018763028569719408,0.3749618246841068,0.0019607843137254832,0.3754361009368544,0.37543098062299407,52.493873338960114,2.7276433626425055e-05,0.020526806154211718,0.37017361470768456,0.0019607843137254832,0.37074748747870273,0.3707423024105098,51.82897680261406,2.7970692238381717e-05,-0.42497897563077003,0.0,1.078685956784078,0.12101462741721508,-0.2589556695180462,0.0,0.0
oft,lighting_low,episode_000001,alignment,18,17,3,0.89453125,0.8515625,0.0,1,1,0,0.000925107938079815,0.005680754520259055,0.04296875,0.0433525117286074,0.005755588294565723,0.5672386892375901,0.9823741157996426,0.028280872053305418,0.37748321236913485,0.89453125,0.971328749997229,0.37854112503744797,59.05495102659568,0.8481224264196895,0.02850581779374888,0.37070894930712517,0.8515625,0.929191260263856,0.3718033172854743,58.16730553617674,0.8398907998219963,-0.2044002660319459,0.08669101160198782,0.009549098667500098,0.2717925306187868,-0.331954270613884,-0.28381323034126976,-0.08808506025657793
openvla,lighting_low,episode_000001,alignment,19,18,,0.0019607843137254832,0.0019607843137254832,0.0,0,0,0,0.010757626547862813,0.0011465896636308284,0.0,0.010818557981543929,0.010818557981543929,1.17027533057156,0.0,0.008831957763230718,0.14317288966598687,0.0019607843137254832,0.1434584416769027,0.14344504108975095,19.809385328194047,0.0001868131441331467,0.008928685465675537,0.15006343898449814,0.0019607843137254832,0.1503416170563697,0.15032883004932607,20.789534128820787,0.00017009878578221584,-0.42497897563077003,0.0,1.078685956784078,0.12101462741721508,0.10358226780721849,0.0,0.0
oft,lighting_low,episode_000001,alignment,19,18,4,0.921875,0.9296875,0.0,1,1,0,0.0035146286308706974,0.006449456987958254,0.0078125,0.010723025044382746,0.007344937702421961,0.7227123087310373,0.5308177295608617,0.018910371735782586,0.14837719439702743,0.921875,0.9339308912340991,0.14957738457507122,22.911912180296444,0.9743491129085374,0.022324149707084434,0.1504362675766977,0.9296875,0.9420447366865344,0.152083655474716,23.491281230060686,0.9739371424458773,-0.2328610625680392,0.04495089490473436,0.35543867262361695,0.2802860472006237,-0.39551998200803207,-0.3232317345553349,0.016015465501195987
openvla,lighting_low,episode_000001,descent_to_grasp,20,19,,0.0019607843137254832,0.0019607843137254832,0.0,0,0,0,0.010757626547862813,0.0011465896636308284,0.0,0.010818557981543929,0.010818557981543929,1.17027533057156,0.0,0.007380240202726209,0.0015170704666975343,0.0019607843137254832,0.0077855072651571,0.007534550301833685,0.8342510962086261,0.06342870127997267,0.0031663410445596164,0.0005288861765794106,0.0019607843137254832,0.0037616633718597927,0.0032102081238199608,0.347072069636562,0.2717063517832975,-0.42497897563077003,0.0,1.078685956784078,0.12101462741721508,0.10358226780721849,0.0,0.0
oft,lighting_low,episode_000001,descent_to_grasp,20,19,0,0.59375,0.95703125,0.0,1,1,0,0.006091338656666028,0.004613173611786904,0.36328125,0.36336160003358253,0.007641058657194101,1.0687397813658415,0.9995577895425022,0.013757321611869051,0.0041835017896081714,0.59375,0.5939240928646994,0.01437934578331205,1.933876377190044,0.9994138397432553,0.019600626839813364,0.00046377175121808706,0.95703125,0.9572320581412396,0.019606112739419815,2.8537702040531685,0.9995804840074758,-0.13712929240117894,0.030502392971069436,0.640320116204039,0.16137681505490487,-0.275451416041308,-0.2365110252843914,0.7447191458056135
openvla,lighting_low,episode_000001,descent_to_grasp,21,20,,0.0019607843137254832,0.0019607843137254832,0.0,0,0,0,0.010588444843461817,0.0009086992631059838,0.0,0.010627365550963348,0.010627365550963348,1.0854528701938695,0.0,0.007921931131267131,0.001042040982449119,0.0019607843137254832,0.008227242392356917,0.007990171603766897,0.8255075774721367,0.05680035660372052,0.002915477196326885,0.0005288861765794106,0.0019607843137254832,0.0035530835896486835,0.0029630605579499822,0.3229742408379656,0.30454312385823373,0.0,0.0,1.078685956784078,0.12101462741721508,0.0,0.0,0.0
oft,lighting_low,episode_000001,descent_to_grasp,21,20,1,0.76171875,0.58203125,0.0,1,1,0,0.0007512192389652,0.001442565943589463,0.1796875,0.1796948607587223,0.0016264460786007053,0.43002298899171926,0.9999180765890185,0.014144813362749021,0.0015812327594164116,0.76171875,0.7618517113872417,0.014232921067245994,2.169209402818385,0.9996509825133165,0.013749817056915884,0.003016700441419639,0.58203125,0.5822014547621934,0.014076858692617343,1.918264243203377,0.999415391763836,0.051746902792897335,-0.12843112829924072,-0.06385959733890743,-0.07644164923653393,0.12713142278829595,0.06306960674250434,-0.3683557065275077
openvla,lighting_low,episode_000001,descent_to_grasp,22,21,,0.0019607843137254832,0.0019607843137254832,0.0,0,0,0,0.019522445180132728,0.0008259795851286581,0.0,0.01953991064683605,0.01953991064683605,1.9920900846997012,0.0,0.007580229330811823,0.0012383731396490199,0.0019607843137254832,0.007927049884140754,0.007680719024980931,0.7997618889641692,0.06118380265309647,0.012083267175579693,0.000571338430651412,0.0019607843137254832,0.012254650071043758,0.012096767057308364,1.2379558984239185,0.02560105240763167,0.0,0.0,1.9888272328206444,-0.04538048528145571,0.10358226780721849,-0.014158704085288512,0.0
oft,lighting_low,episode_000001,descent_to_grasp,22,21,2,0.80859375,0.73046875,0.0,1,1,0,0.0009161785093519693,0.00024113402972654346,0.078125,0.07813074397240366,0.0009473799033600819,0.19271524531610187,0.9998529705217037,0.016116879336678387,0.0005746444925463402,0.80859375,0.8087545589082688,0.0161271205069555,2.3782350865796325,0.9996023690518747,0.015323683937205783,0.000693887962935065,0.73046875,0.7306297909998435,0.0153393862299795,2.2080483813026692,0.9995592206778715,0.025873451396448668,-0.008026945518702545,-0.09602149215652932,0.016987033163673976,0.035314284107859965,0.0,-0.16015465501195988
openvla,lighting_low,episode_000001,descent_to_grasp,23,22,,0.0019607843137254832,0.9980392156862745,0.0,0,1,0,0.019853441851308447,0.00020847168477818,0.996078431372549,0.9962762890179534,0.019854536352849946,2.8751822169655874,0.9996028451131448,0.007488532725758762,0.000221462026988444,0.0019607843137254832,0.00774414894866503,0.007491806712279608,0.7691866430790154,0.06410800363189555,0.012173022356894552,0.00041869556362712643,0.9980392156862745,0.9981135375431747,0.012180220822154893,2.3963385068408476,0.999851080890068,0.0,-0.02516122780224117,2.022536168970147,-0.015126828427152057,-0.025895566951804706,0.0,2.043156317380581
oft,lighting_low,episode_000001,descent_to_grasp,23,22,3,0.91796875,0.7890625,0.0,1,1,0,0.0005981247837104156,0.00012020303519897694,0.12890625,0.12890769368462482,0.0006100836225958519,0.2733134007032669,0.9999776013905862,0.017252637929201602,0.0003800568514765494,0.91796875,0.9181309405173583,0.017256823541036748,2.6210971123636995,0.9996467253536795,0.016446208005846143,0.00029681606623878755,0.7890625,0.7892339290500623,0.016448886209975897,2.3755169788577777,0.9995656283245055,-0.010349380558579467,-0.022475447452366893,-0.06259964682027878,0.016987033163673976,-0.007062856821571965,0.0,-0.2642551807697338
openvla,lighting_low,episode_000001,descent_to_grasp,24,23,,0.0019607843137254832,0.9980392156862745,0.0,0,1,0,0.010423000392782728,0.00036760777429849874,0.996078431372549,0.9961330310346412,0.01042948093932165,2.3032335943529763,0.9998903797704859,0.012448661878569838,0.0005386761511587749,0.0019607843137254832,0.012613644583851927,0.012460311174396294,1.2740993998687686,0.024164536451387206,0.022912228594941252,0.0002920634107686501,0.9980392156862745,0.9983022245632315,0.022914089993337144,3.1063856860638834,0.9994731570764217,0.0,0.0,1.0618314887093272,-0.015126828427152057,0.05179113390360924,0.0,2.043156317380581
oft,lighting_low,episode_000001,descent_to_grasp,24,23,4,0.9609375,0.890625,0.0,1,1,0,0.0017316619178444545,0.0002822118069726062,0.0703125,0.0703343867020372,0.0017545074812343998,0.23899942568507448,0.9993777354803551,0.017072169925233797,0.0004396366326914818,0.9609375,0.9610892420439295,0.017077829672556805,2.6722614169696177,0.9996842539519567,0.018845990434237576,0.00016748109271431944,0.890625,0.8908243878735942,0.01884673460745365,2.702693779627333,0.9995524021066041,-0.020698761117158935,-0.025686225659848374,0.18249388564555855,0.03397406632734795,-0.028251427286287968,0.0,-0.1441391895107639
openvla,lighting_low,episode_000001,descent_to_grasp,25,24,,0.9980392156862745,0.9980392156862745,0.0,1,1,0,0.0,0.0006118330781452112,0.0,0.0006118330781452112,0.0006118330781452112,0.09063448433131621,0.0,0.022228194741556358,0.0002573238228125581,0.9980392156862745,0.9982867498392896,0.022229684141218488,3.053796794405682,0.9995041435461339,0.022012935954876366,0.0006681321663988329,0.9980392156862745,0.9982821704295931,0.022023073126729284,3.0389112578896973,0.9995133135976494,0.0,0.0,0.0,0.0,0.09063448433131621,0.0,0.0
oft,lighting_low,episode_000001,descent_to_grasp,25,24,0,0.98046875,0.95703125,0.0,1,1,0,0.0029940212728581587,0.00017387884898209844,0.0234375,0.023628601386591855,0.0029990660607013193,0.32155427539935105,0.9838899817444267,0.01695335254922786,0.00021943214671674366,0.98046875,0.980615334389427,0.016954772576635274,2.6935168178301234,0.999701058246961,0.019729985097772223,0.00020517684868706908,0.95703125,0.9572346253067009,0.019731051910568558,2.8635715911969,0.9995751225527485,0.010349380558579868,-0.017659280141145827,0.316181266990561,-0.025480549745511488,-0.007062856821572001,0.0,-0.04804639650358796
openvla,lighting_low,episode_000001,descent_to_grasp,26,25,,0.9980392156862745,0.9980392156862745,0.0,1,1,0,0.0003419780145553711,0.0015732850580876848,0.0,0.0016100232409630624,0.0016100232409630624,0.23627623454598506,0.0,0.021790436526517385,0.0002573238228125581,0.9980392156862745,0.9982770984988286,0.021791955845356557,3.020859178359641,0.9995234700466165,0.022176731936661552,0.001598897202230918,0.9980392156862745,0.9982868525425584,0.022234295843445242,3.059309077067286,0.9995039378891382,-0.019317226165034798,0.0,0.03370893614950231,0.0,0.23306010256624152,0.0,0.0
oft,lighting_low,episode_000001,descent_to_grasp,26,25,1,0.984375,0.96875,0.0,1,1,0,0.006055685222638392,0.0003294192917227684,0.015625,0.016760682133655544,0.006064638537080352,0.6425277039573272,0.8690738301718577,0.020199916976547477,0.00022790659830160254,0.984375,0.9845822612724022,0.020201202619570955,2.938060884783609,0.9995790306902754,0.014201210059079388,0.0003569465665476723,0.96875,0.9688541501578003,0.014205695266106048,2.490696765199879,0.9997850149895074,-0.010349380558579467,-0.006421556414961805,-0.6396569843521288,0.0,-0.04943999775100401,-0.00788370084281303,-0.032030931002391974
openvla,lighting_low,episode_000001,descent_to_grasp,27,26,,0.9980392156862745,0.9980392156862745,1.0,1,1,1,0.003310016314400836,0.0002271748157764951,0.0,0.003317802947512522,0.003317802947512522,0.33899509821366536,0.0,0.017279088206458217,0.0008321883428911208,0.0019607843137254832,0.017409885175082553,0.017299116355600573,1.765700655468116,0.012684338819563483,0.021173069094453243,0.0007975134223071923,0.0019607843137254832,0.021278617381357348,0.021188083503168736,2.161879644164644,0.00849127364495603,-0.019317226165034798,0.0,0.3370893614950249,-0.030253656854303652,0.0,0.0,0.0
oft,lighting_low,episode_000001,descent_to_grasp,27,26,2,0.98828125,0.9921875,1.0,1,1,1,0.0072432352533131844,0.0013700463595791486,0.00390625,0.00834267780899724,0.00737166765136865,0.798516781692657,0.2192346150291283,0.021674230331040885,8.906734797224952e-05,0.01171875,0.024639587963234844,0.021674413335439728,2.2907228929963477,0.22620161261565802,0.015015169362826064,0.0012987612558168933,0.0078125,0.016975784165803993,0.015071233917432293,1.6013631501357684,0.2117972763786302,0.031048141675738803,-0.004816167311221642,-0.7649889043630689,0.016987033163673976,0.22601141829030397,0.0,0.008007732750597994
openvla,lighting_low,episode_000001,grasp_close,28,27,,0.9980392156862745,0.9980392156862745,1.0,1,1,1,0.0016566979578208686,0.0007866425290438421,0.0,0.0018339723531035927,0.0018339723531035927,0.20581476498793472,0.0,0.009566512972570516,0.0002573238228125581,0.0019607843137254832,0.00976877992018956,0.009569973145424538,0.9751507242984552,0.04028830504526021,0.011221063266735264,0.0008321883428911208,0.0019607843137254832,0.011421447955450801,0.011251879766248809,1.1496592657412907,0.029472523152242067,-0.019317226165034798,0.0,0.1685446807475126,0.0,0.1165300512831207,0.0,0.0
oft,lighting_low,episode_000001,grasp_close,28,27,3,0.9921875,0.9921875,1.0,1,1,1,0.0005666529838436993,0.0003685479634963777,0.0,0.0006759609496829644,0.0006759609496829644,0.08395982115164576,0.0,0.01050895883130577,0.00021108108453903116,0.0078125,0.013096485299206415,0.01051107848616543,1.1104231453219127,0.35585292598340995,0.01107158110018751,0.00028212996330544566,0.0078125,0.013553400371280413,0.011075175184809676,1.1706044513543297,0.33226418073518593,0.015524070837869603,-0.004816167311221642,0.05941661393111209,0.0,0.056502854572576006,0.00788370084281303,0.0
openvla,lighting_low,episode_000001,grasp_close,29,28,,0.9980392156862745,0.9980392156862745,1.0,1,1,1,0.0016566979578208686,0.0015732850580876848,0.0,0.0022847043566837717,0.0022847043566837717,0.2882663283201475,0.0,0.009566512972570516,0.0002573238228125581,0.0019607843137254832,0.00976877992018956,0.009569973145424538,0.9751507242984552,0.04028830504526021,0.011221063266735264,0.001598897202230918,0.0019607843137254832,0.011502756548946398,0.011334404840986462,1.167312771377196,0.029057335734512288,-0.019317226165034798,0.0,0.1685446807475126,0.0,0.23306010256624152,0.0,0.0
oft,lighting_low,episode_000001,grasp_close,29,28,4,0.9921875,0.9921875,1.0,1,1,1,0.0030133213912529873,7.055295174315157e-05,0.0,0.0030141472303095132,0.0030141472303095132,0.31851109337396094,0.0,0.00990628806660906,9.788292771376929e-05,0.0078125,0.012616627147386853,0.009906771639953092,1.0466642866559015,0.3834365630317711,0.012919575479535471,8.906734797224952e-05,0.0078125,0.015098295261846252,0.012919882490328192,1.3648921901415187,0.26774676506862133,0.0,-0.0032107782074814795,0.31830328891667214,-0.008493516581836988,-0.007062856821572001,0.0,0.0
openvla,lighting_low,episode_000001,grasp_close,30,29,,0.9980392156862745,0.9980392156862745,1.0,1,1,1,0.0026485202019404723,0.0,0.0,0.0026485202019404723,0.0026485202019404723,0.27036247393436497,0.0,0.008573852867184109,0.0002573238228125581,0.0019607843137254832,0.008798968329461128,0.008577713479588137,0.8740908747858807,0.049658790633995774,0.011221063266735264,0.0002573238228125581,0.0019607843137254832,0.011393996292381978,0.011224013381400716,1.1436661462565862,0.02961471109127753,-0.019317226165034798,0.0,0.2696714891960199,0.0,0.0,0.0,0.0
oft,lighting_low,episode_000001,grasp_close,30,29,0,0.98828125,0.9921875,1.0,1,1,1,0.009743067327341247,0.0003294192917227684,0.00390625,0.010502126788292153,0.009748634674397419,1.030461732159279,0.1383456649975386,0.0027750481462195985,0.00032217511786305163,0.01171875,0.012047148649489924,0.002793687351943109,0.29772506901827417,0.9462241770916298,0.012517810422236151,5.804908989645412e-05,0.0078125,0.014755815928435872,0.012517945017608993,1.3224142541431665,0.2803196890561736,-0.005174690279290135,0.006421556414961805,1.0291806341639067,0.0,-0.04943999775100401,0.00788370084281303,0.008007732750597994
openvla,lighting_low,episode_000001,grasp_close,31,30,,0.9980392156862745,0.9980392156862745,1.0,1,1,1,0.00016544445067909197,8.740472544931555e-05,0.0,0.0001871134743715073,0.0001871134743715073,0.02125366300244877,0.0,0.011386392820665926,0.0002573238228125581,0.0019607843137254832,0.011556852172683154,0.011389300110906702,1.1604574153492335,0.028785947671289298,0.01122094907601131,0.00027329504652911504,0.0019607843137254832,0.011394255722680983,0.011224276740569809,1.143691419305979,0.029613362540555896,0.0,0.0,-0.01685446807475133,0.0,0.012947783475902265,0.0,0.0
oft,lighting_low,episode_000001,grasp_close,31,30,1,0.9921875,0.98828125,1.0,1,1,1,0.003676380331608235,0.0003053414009795269,0.00390625,0.005372875838532658,0.0036890385893601084,0.3910422502306403,0.5285748073501464,0.0061703469473625054,0.0005835818503307491,0.0078125,0.009972407205728276,0.0061978826406169744,0.6592509730942411,0.6137338159463307,0.002494282611206954,0.0003958241403580833,0.01171875,0.011987794795422535,0.002525494504975134,0.2714309017396766,0.9556172451558684,-0.005174690279289734,-0.008026945518702545,-0.38833001247834026,-0.025480549745510964,-0.035314284107859965,-0.00788370084281303,-0.008007732750597994
openvla,lighting_low,episode_000001,grasp_close,32,31,,0.9980392156862745,0.9980392156862745,1.0,1,1,1,0.0018198889574699978,0.0,0.0,0.0018198889574699978,0.0018198889574699978,0.18539914882226324,0.0,0.013040831252489345,0.0002573238228125581,0.0019607843137254832,0.01318992685463576,0.013043369783368472,1.3289404243419831,0.02209911457220986,0.01122094907601131,0.0002573238228125581,0.0019607843137254832,0.011393883834811458,0.011223899220690906,1.143610114074203,0.029615295688232308,0.0,0.0,-0.18539914882226324,0.0,0.0,0.0,0.0
oft,lighting_low,episode_000001,grasp_close,32,31,2,0.9921875,0.9921875,1.0,1,1,1,0.0015676756235488262,0.00042669686068837307,0.0,0.0016247083035395966,0.0016247083035395966,0.18036865890428289,0.0,0.009986637515404326,9.788292771376929e-05,0.0078125,0.012679813333863353,0.009987117198251901,1.0551390177499687,0.3796245940095498,0.008419976168711178,0.00040524726178128764,0.0078125,0.011493275437178272,0.008429722654088057,0.8921967720512468,0.4620536776002815,0.010349380558579868,0.006421556414962382,-0.16551771023666947,0.0,0.07062856821571997,0.0,0.0
openvla,lighting_low,episode_000001,grasp_close,33,32,,0.9980392156862745,0.9980392156862745,1.0,1,1,1,0.00016544445067909197,0.0,0.0,0.00016544445067909197,0.00016544445067909197,0.01685446807475133,0.0,0.011386392820665926,0.0002573238228125581,0.0019607843137254832,0.011556852172683154,0.011389300110906702,1.1604574153492335,0.028785947671289298,0.01122094907601131,0.0002573238228125581,0.0019607843137254832,0.011393883834811458,0.011223899220690906,1.143610114074203,0.029615295688232308,0.0,0.0,-0.01685446807475133,0.0,0.0,0.0,0.0
oft,lighting_low,episode_000001,grasp_close,33,32,3,0.9921875,0.9921875,1.0,1,1,1,0.0009642699665672989,0.0,0.0,0.0009642699665672989,0.0009642699665672989,0.10186970309496278,0.0,0.010669658752162662,8.906734797224952e-05,0.0078125,0.013224398176479567,0.010670030500428578,1.1272725789571307,0.3490022498342473,0.011633922522477722,8.906734797224952e-05,0.0078125,0.014013965980459965,0.01163426345977644,1.2291204554285902,0.3107834925456881,0.0,0.0016053891037407398,0.10185705245333511,0.0,0.0,0.0,0.0
openvla,lighting_low,episode_000001,grasp_close,34,33,,0.9980392156862745,0.9980392156862745,1.0,1,1,1,0.0018198889574699978,8.740472544931555e-05,0.0,0.0018219866639336594,0.0018219866639336594,0.18585071826861083,0.0,0.013040831252489345,0.0002573238228125581,0.0019607843137254832,0.01318992685463576,0.013043369783368472,1.3289404243419831,0.02209911457220986,0.01122094907601131,0.00027329504652911504,0.0019607843137254832,0.011394255722680983,0.011224276740569809,1.143691419305979,0.029613362540555896,0.0,0.0,-0.18539914882226324,0.0,0.012947783475902265,0.0,0.0
oft,lighting_low,episode_000001,grasp_close,34,33,4,0.9921875,0.9921875,1.0,1,1,1,0.0016472739203609588,4.266968606883733e-05,0.0,0.0016478264686582067,0.0016478264686582067,0.1741490788479972,0.0,0.010147353697728036,5.804908989645412e-05,0.0078125,0.012806533996895205,0.010147519734577148,1.0720525914822647,0.3721489921911385,0.01179462387902326,8.906734797224952e-05,0.0078125,0.014147658523236292,0.011794960171196023,1.2460856217507001,0.3049375614501195,0.0,0.0,0.17400579794111437,0.0,-0.007062856821572001,0.0,0.0
openvla,lighting_low,episode_000001,grasp_close,35,34,,0.9980392156862745,0.9980392156862745,1.0,1,1,1,0.0018198889574699978,0.0,0.0,0.0018198889574699978,0.0018198889574699978,0.18539914882226324,0.0,0.013040831252489345,0.0002573238228125581,0.0019607843137254832,0.01318992685463576,0.013043369783368472,1.3289404243419831,0.02209911457220986,0.01122094907601131,0.0002573238228125581,0.0019607843137254832,0.011393883834811458,0.011223899220690906,1.143610114074203,0.029615295688232308,0.0,0.0,-0.18539914882226324,0.0,0.0,0.0,0.0
oft,lighting_low,episode_000001,grasp_close,35,34,0,0.98828125,0.9921875,1.0,1,1,1,0.007714354792783738,0.000492711516521518,0.00390625,0.008660994375356583,0.00773007338305778,0.8188200994438443,0.20341574062026033,0.0034387265834919098,0.00047971695302779203,0.01171875,0.012222277628721098,0.003472026623031023,0.371926194446839,0.9193021797032924,0.01115178036872655,5.804908989645412e-05,0.0078125,0.01361619371701037,0.011151931451060514,1.1781323574554896,0.32920666390656617,-0.015524070837869603,0.0,0.8148564196266805,-0.008493516581836988,-0.07769142503729201,0.00788370084281303,0.008007732750597994
openvla,lighting_low,episode_000001,grasp_close,36,35,,0.9980392156862745,0.9980392156862745,1.0,1,1,1,0.0018198889574699978,0.0,0.0,0.0018198889574699978,0.0018198889574699978,0.18539914882226324,0.0,0.013040831252489345,0.0002573238228125581,0.0019607843137254832,0.01318992685463576,0.013043369783368472,1.3289404243419831,0.02209911457220986,0.01122094907601131,0.0002573238228125581,0.0019607843137254832,0.011393883834811458,0.011223899220690906,1.143610114074203,0.029615295688232308,0.0,0.0,-0.18539914882226324,0.0,0.0,0.0,0.0
oft,lighting_low,episode_000001,grasp_close,36,35,1,0.9921875,0.98828125,1.0,1,1,1,0.005243232214694116,0.00015582164614506703,0.00390625,0.006540225799245278,0.005245547106128543,0.5541555576912253,0.3567258524551488,0.00781729187183909,0.00032274642415546434,0.0078125,0.01105664387207197,0.007823951524889877,0.8277114230265494,0.49926763954535336,0.0025746321103873233,0.0003956944364144021,0.01171875,0.012004765976617237,0.002604861722020344,0.2796896354725721,0.9529172358825334,0.0,-0.009632334622443284,-0.5538477227150097,-0.008493516581836988,0.007062856821572036,-0.00788370084281303,-0.008007732750597994
openvla,lighting_low,episode_000001,grasp_close,37,36,,0.9980392156862745,0.9980392156862745,1.0,1,1,1,0.0018198889574699978,0.0,0.0,0.0018198889574699978,0.0018198889574699978,0.18539914882226324,0.0,0.012198299603588536,0.0002573238228125581,0.0019607843137254832,0.012357564642503273,0.012201013432034861,1.2431374796598413,0.025176413678030595,0.010947017377784562,0.0002573238228125581,0.0019607843137254832,0.01112421143921024,0.010950041325004396,1.115715847633181,0.031068563815051426,0.0,0.0,-0.18539914882226324,0.0,0.0,0.0,0.0
oft,lighting_low,episode_000001,grasp_close,37,36,2,0.9921875,0.9921875,1.0,1,1,1,0.001888873839790736,0.00038811581742660494,0.0,0.0019283356218206728,0.0019283356218206728,0.20978734875620114,0.0,0.009626239911867597,8.906734797224952e-05,0.0078125,0.012397886274817473,0.009626651953473103,1.0170761987775188,0.3970861725139063,0.008306725951795716,0.00032274642415546434,0.0078125,0.01140793660319611,0.00831299352174303,0.8793074353477934,0.468992462196235,0.010349380558579868,0.0016053891037407398,-0.19947006105444795,0.008493516581836988,0.06356571139414798,0.0,0.0
openvla,lighting_low,episode_000001,lift,38,37,,0.9980392156862745,0.9980392156862745,1.0,1,1,1,0.00016544445067909197,0.0,0.0,0.00016544445067909197,0.00016544445067909197,0.01685446807475133,0.0,0.0014190346671558698,0.0002573238228125581,0.0019607843137254832,0.0024340398643672525,0.0014421771515237092,0.1483758664502688,0.6489395962821021,0.0015335735862884211,0.0002573238228125581,0.0019607843137254832,0.0025025464270019672,0.0015550123775547248,0.15976612840943713,0.6138967883959766,0.0,0.0,-0.01685446807475133,0.0,0.0,0.0,0.0
oft,lighting_low,episode_000001,lift,38,37,3,0.9921875,0.9921875,1.0,1,1,1,0.0007232095109939369,0.0,0.0,0.0007232095109939369,0.0007232095109939369,0.07640965604765053,0.0,0.0018945512013708833,8.906734797224952e-05,0.0078125,0.008039428679768897,0.0018966436795272502,0.20140323388821346,0.9443428296662233,0.0011205525991645484,8.906734797224952e-05,0.0078125,0.007892954286575417,0.0011240867937882888,0.12041719417953711,0.979717545232259,0.0,-0.0016053891037401623,0.07639278934000152,0.0,0.0,0.0,0.0
openvla,lighting_low,episode_000001,lift,39,38,,0.9980392156862745,0.9980392156862745,1.0,1,1,1,0.005294222421730908,0.0,0.0,0.005294222421730908,0.005294222421730908,0.539342978392039,0.0,0.0014330693024980081,0.0002573238228125581,0.0019607843137254832,0.0024422486156206354,0.0014559887278234665,0.14976923019822885,0.6445845676347371,0.0066465354218491444,0.0002573238228125581,0.0019607843137254832,0.006934502418244165,0.006651514764599283,0.6779327253329923,0.07995194621041968,0.0,0.0,-0.539342978392039,0.0,0.0,0.0,0.0
oft,lighting_low,episode_000001,lift,39,38,4,0.9921875,0.9921875,1.0,1,1,1,0.0012053223807519213,0.0,0.0,0.0012053223807519213,0.0012053223807519213,0.12732131556666906,0.0,0.002229877090098781,8.906734797224952e-05,0.0078125,0.008124988681802715,0.0022316551770876743,0.23654556083788658,0.924558788853194,0.0009442628012335746,8.906734797224952e-05,0.0078125,0.007869861592192603,0.0009484541266019601,0.10207910527085677,0.9854755909323838,0.0,0.0,0.12732131556666906,0.0,0.0,0.0,0.0
openvla,lighting_low,episode_000001,lift,40,39,,0.9980392156862745,0.9980392156862745,1.0,1,1,1,0.003639777914939999,0.0006992378035945269,0.0,0.0037063346821436223,0.0037063346821436223,0.3849943684525339,0.0,0.005083053106627414,0.0002573238228125581,0.0019607843137254832,0.005454202009417454,0.005089562302848986,0.5189078183924966,0.12924007748598418,0.0018096896646055299,0.0007405867151425755,0.0019607843137254832,0.0027691371381312374,0.0019553632309179145,0.21374845365651518,0.5013842870723322,0.0,0.0,0.3707982976445268,0.0,-0.10358226780721849,0.0,0.0
oft,lighting_low,episode_000001,lift,40,39,0,0.98828125,0.9921875,1.0,1,1,1,0.00809588505977786,0.0004083865047402406,0.00390625,0.00899827336220057,0.008106178781546108,0.857683614068745,0.18845241362672424,0.00968860097528489,0.0003956944364144021,0.01171875,0.015210347284260167,0.009696677933462607,1.0255048449220168,0.5935869149414519,0.0019590201004639272,5.804908989645412e-05,0.0078125,0.00805458165896029,0.0019598799582779304,0.20777084195910372,0.940793012279237,-0.010349380558579868,0.004816167311221642,0.8551748362227924,0.0,-0.063565711394148,0.00788370084281303,0.008007732750597994
openvla,lighting_low,episode_000001,lift,41,40,,0.9980392156862745,0.9980392156862745,1.0,1,1,1,0.006286889125805453,0.0,0.0,0.006286889125805453,0.006286889125805453,0.6404697868405463,0.0,0.0007710248406346249,0.0002573238228125581,0.0019607843137254832,0.0021225856825142376,0.0008128313814454493,0.08536239814943176,0.8533539181794212,0.0051510299107173545,0.0002573238228125581,0.0019607843137254832,0.005517608160774343,0.005157453314465552,0.5258186889137823,0.12628679372646276,0.0,0.0,-0.6404697868405463,0.0,0.0,0.0,0.0
oft,lighting_low,episode_000001,lift,41,40,1,0.9921875,0.98828125,1.0,1,1,1,0.005002097180962868,0.00018371563917841474,0.00390625,0.006349292614644202,0.005005469772546369,0.5288327800376061,0.3785030508163752,0.004749713234087742,0.00044689763251433466,0.0078125,0.009153941749323904,0.004770691071534098,0.50771724448934,0.7283896594563531,0.009385715285531147,0.0005129846024855643,0.01171875,0.01502277957589541,0.009399723646120682,0.9951369793609018,0.6085019702262464,0.0,-0.0032107782074809023,-0.5283834596016758,-0.016987033163673976,0.007062856821571965,-0.00788370084281303,-0.008007732750597994
openvla,lighting_low,episode_000001,lift,42,41,,0.9980392156862745,0.9980392156862745,1.0,1,1,1,0.00033088890135818047,0.00032825024009153756,0.0,0.00046608549125903473,0.00046608549125903473,0.04480336667552328,0.0,0.005180431214738527,0.0002573238228125581,0.0019607843137254832,0.005545066117313308,0.005186818207767086,0.5288078912854202,0.12503920104582208,0.005307516052597923,0.0003434313084520126,0.0019607843137254832,0.005668540097517315,0.005318615582292981,0.5423687238570235,0.1196512394328285,0.0,0.0,0.03370893614950231,0.0,-0.025895566951804724,0.014158704085288512,0.0
oft,lighting_low,episode_000001,lift,42,41,2,0.9921875,0.9921875,1.0,1,1,1,0.0026518188903071078,0.00017968931698314296,0.0,0.002657899862227223,0.002657899862227223,0.28177045094635905,0.0,0.001609783118967875,8.906734797224952e-05,0.0078125,0.00797712297339014,0.0016122452302887269,0.1713578353750725,0.9591521100507843,0.0047195031246676485,0.00013319011201049064,0.0078125,0.009128340791167092,0.00472138214400032,0.4993158964534136,0.7324810102456722,0.0,0.008026945518702545,-0.2801068942466714,0.008493516581836988,0.028251427286288003,0.0,0.0
openvla,lighting_low,episode_000001,lift,43,42,,0.9980392156862745,0.9980392156862745,1.0,1,1,1,0.0,0.0,0.0,0.0,0.0,0.0,0.0,0.005516337219838699,0.0003083890410360362,0.0019607843137254832,0.005862572408811748,0.005524950689699309,0.5635264257437858,0.1118621618672396,0.00499359603773366,0.0003083890410360362,0.0019607843137254832,0.005373618921513913,0.005003109551938717,0.5104350906802633,0.13314532397706902,0.0,0.0,0.0,0.0,0.0,0.0,0.0
oft,lighting_low,episode_000001,lift,43,42,3,0.9921875,0.9921875,1.0,1,1,1,0.00056256648274363,0.0,0.0,0.00056256648274363,0.00056256648274363,0.05950330333465877,0.0,0.0015345320244342189,8.906734797224952e-05,0.0078125,0.00796227842872183,0.0015371146757769871,0.16354325548468163,0.9627318514537848,0.0015743924627104465,8.906734797224952e-05,0.0078125,0.00797005651605522,0.001576909832271419,0.16784152543440378,0.9608536819628591,0.0,0.0032107782074809023,-0.05941661393111172,0.0,0.0,0.0,0.0
openvla,lighting_low,episode_000001,lift,44,43,,0.9980392156862745,0.9980392156862745,1.0,1,1,1,0.0014904362982356542,0.0002778306606490196,0.0,0.0015161102318416925,0.0015161102318416925,0.15441333137588373,0.0,0.006830642159694369,0.0003083890410360362,0.0019607843137254832,0.007113188542375156,0.006837600172167519,0.6971210260513061,0.07598554928711145,0.0051682692082419025,0.0003434313084520126,0.0019607843137254832,0.00553837763225282,0.005179667139159277,0.5284968419975873,0.12534139344986078,0.0,-0.02516122780224117,0.15169021267276092,0.0,0.0,0.014158704085288512,0.0
oft,lighting_low,episode_000001,lift,44,43,4,0.9921875,0.9921875,1.0,1,1,1,0.0004018030747733521,4.266968606883733e-05,0.0,0.00040406238751773606,0.00040406238751773606,0.043054059536994045,0.0,0.002092571550492791,5.804908989645412e-05,0.0078125,0.008088101238286375,0.002093376552550833,0.22191894868088202,0.9330112994305706,0.0023207847612401653,8.906734797224952e-05,0.0078125,0.00815040680889484,0.002322493250900717,0.2462503514723689,0.9188010620180985,0.0,0.0016053891037407398,-0.042440438522223026,0.0,-0.007062856821572001,0.0,0.0
openvla,lighting_low,episode_000001,lift,45,44,,0.9980392156862745,0.9980392156862745,1.0,1,1,1,0.00033729313221503385,0.0004169433695563571,0.0,0.0005362913671283897,0.0005362913671283897,0.07325970969726152,0.0,0.006486663644963338,0.0003083890410360362,0.0019607843137254832,0.0067835524740708026,0.006493990225086591,0.6621451276475585,0.08354977220551853,0.00628900481335659,0.0005288861765794106,0.0019607843137254832,0.006608780315243582,0.006311204491236134,0.645601969116892,0.08802722609941098,0.0,-0.02516122780224117,0.03370893614950231,-0.030253656854303652,-0.05179113390360924,0.0,0.0
oft,lighting_low,episode_000001,lift,45,44,0,0.97265625,0.9921875,1.0,1,1,1,0.005705594966631148,0.0002986878024818613,0.01953125,0.02034976056097708,0.005713407768276139,0.6062102202904123,0.9211735742470909,0.008699465681013048,0.00032217511786305163,0.02734375,0.028696082729254075,0.008705429337011121,0.9219512394322149,0.9079687845285609,0.0031270758589505656,0.0001837948799971264,0.0078125,0.008417098088744397,0.003132472503557625,0.3310553340107682,0.8615000047577989,-0.015524070837869603,0.0032107782074809023,0.6026542270155658,0.0,-0.04943999775100401,0.0,0.04003866375298997
openvla,lighting_low,episode_000001,lift,46,45,,0.9980392156862745,0.9980392156862745,1.0,1,1,1,0.00033729313221503385,0.0004169433695563571,0.0,0.0005362913671283897,0.0005362913671283897,0.07325970969726152,0.0,0.006092212011624648,0.0003083890410360362,0.0019607843137254832,0.006407404007877659,0.006100012376644393,0.6220463159198025,0.09364733670284278,0.0064232570591110545,0.0005288861765794106,0.0019607843137254832,0.006736662894946481,0.0064449943239072586,0.6591767620427029,0.08471689239867038,0.0,-0.02516122780224117,0.03370893614950231,-0.030253656854303652,-0.05179113390360924,0.0,0.0
oft,lighting_low,episode_000001,lift,46,45,1,0.984375,0.9765625,1.0,1,1,1,0.0038371884393679674,0.0002795949632835078,0.0078125,0.008708463969766005,0.003847361233717557,0.4084393977716664,0.8048166306614981,0.005567235402929853,0.0001976614206024877,0.015625,0.016588363544027786,0.0055707432240976705,0.5892317666627407,0.8872233493988729,0.001731073709888506,0.00032233440655780995,0.0234375,0.023503551261643805,0.0017608281173124567,0.19505139723368636,0.9943873629938685,0.0,-0.014448501933664348,-0.40530618788722894,-0.016987033163673976,0.042377140929432004,0.0,-0.016015465501195987
openvla,lighting_low,episode_000002,hold,0,0,,0.0019607843137254832,0.0019607843137254832,0.0,0,0,0,0.0001779074429525367,0.0334201062171186,0.0,0.03342057974694256,0.03342057974694256,2.9689917110711885,0.0,0.0020792381268076774,0.013514307954577375,0.0019607843137254832,0.013813197522806799,0.013673322591057522,1.3994948484156968,0.02014982151881398,0.002026360597382077,0.046595983856533116,0.0019607843137254832,0.046681222391384204,0.046640024108365534,4.232218527363306,0.001764311268564329,0.0,0.025161227802241504,0.016854468074750977,-2.6320681463244244,0.0,1.3733942962729726,0.0
oft,lighting_low,episode_000002,hold,0,0,0,0.111328125,0.54296875,0.0,0,1,0,0.0020390097347697867,0.004700576729551175,0.431640625,0.43167103462321804,0.0051237664163078294,1.0670236896546448,0.9998591123811584,0.0035335789781865763,0.007835868346289012,0.111328125,0.11165947532185112,0.008595755530228635,1.2339227304077538,0.994073791254569,0.0019302146796750237,0.003212510763138144,0.54296875,0.5429816842497318,0.003747793232411758,1.2850455512346906,0.9999523589982684,-0.2626155316739553,0.2504407001835199,0.16034528179177346,0.2717925306187868,-0.268388559219736,-0.22862732444157843,0.8848544689410783
openvla,lighting_low,episode_000002,hold,1,1,,0.0019607843137254832,0.0019607843137254832,0.0,0,0,0,0.0001779074429525367,0.0334201062171186,0.0,0.03342057974694256,0.03342057974694256,2.9689917110711885,0.0,0.0016370596217113787,0.019471398169588407,0.0019607843137254832,0.019638227669742513,0.01954009495585138,1.8752195957556053,0.009969079667149541,0.0017134469159697102,0.05077420091533271,0.0019607843137254832,0.050840928925909405,0.050803104028439246,4.54250701190788,0.0014874168386559766,0.0,0.025161227802241504,0.016854468074750977,-2.6320681463244244,0.0,1.3733942962729726,0.0
oft,lighting_low,episode_000002,hold,1,1,1,0.2080078125,0.7578125,0.0,0,1,0,0.002793818802093007,0.0058237282629367846,0.5498046875,0.5498426280594768,0.006459197657562207,1.3729643788618133,0.9998619996030048,0.002161145518912683,0.014629226677579644,0.2080078125,0.20853281488574665,0.014787995913507832,1.7044836771009395,0.9949711366739522,0.0022475784298303055,0.008671949030880987,0.7578125,0.757865449446696,0.008958476923698366,1.9325364458777987,0.9998602717750573,-0.3208307973159651,0.3178670425406214,0.2355444337983376,0.4161823125100166,-0.33195427061388394,-0.2680458286556436,1.1270883846466677
openvla,lighting_low,episode_000002,alignment,2,2,,0.0019607843137254832,0.0019607843137254832,0.0,0,0,0,0.0001779074429525367,0.0334201062171186,0.0,0.03342057974694256,0.03342057974694256,2.9689917110711885,0.0,0.025486222362643068,0.39860001427792024,0.0019607843137254832,0.3994187822171127,0.39941396935094337,51.45419274603867,2.4099203076288303e-05,0.02585376527489737,0.4222915573502213,0.0019607843137254832,0.42308677746212975,0.42308223383659677,53.01307859981775,2.147834145381133e-05,0.0,0.025161227802241504,0.016854468074750977,-2.6320681463244244,0.0,1.3733942962729726,0.0
oft,lighting_low,episode_000002,alignment,2,2,2,0.314453125,0.8671875,0.0,0,1,0,0.0037773986409020657,0.008736827540451728,0.552734375,0.5528163259190203,0.009518450292137085,1.580059550294768,0.9997035368136922,0.025031805525895953,0.3973782537639546,0.314453125,0.5073626273925207,0.39816587981942414,57.12421374964255,0.38412704267425823,0.028784755025567897,0.39802476755095406,0.8671875,0.9546027644324747,0.3990642526033533,57.863824024578356,0.8252407077786308,-0.4508448905831204,0.3852933848977227,0.3192648301019412,0.5945461607285955,-0.48733712068846796,-0.4099524438262785,1.133094184209616
openvla,lighting_low,episode_000002,alignment,3,3,,0.0019607843137254832,0.0019607843137254832,0.0,0,0,0,0.0017355030467113963,0.022486782549713168,0.0,0.022553655141977078,0.022553655141977078,2.749024565260623,0.0,0.025997062182198664,0.4167852286164354,0.0019607843137254832,0.41759983083100544,0.41759522750500805,51.592780957016494,2.2046467865403902e-05,0.026470685964012364,0.41114022865554,0.0019607843137254832,0.4119961522993389,0.41199148636147215,51.51502785831891,2.2650267092854295e-05,-0.38634452330070024,0.0,0.016854468074750977,-2.6320681463244244,0.45317242165658056,-0.52387205115567,0.0
oft,lighting_low,episode_000002,alignment,3,3,3,0.435546875,0.91015625,0.0,0,1,0,0.004230873067333354,0.010942861778918303,0.474609375,0.47475436316975017,0.011732284978826495,1.6725545652587541,0.9993893009034586,0.025050718396465072,0.4161403504581436,0.435546875,0.6029107812055372,0.4168936672241563,57.245672942648305,0.5218716490625908,0.028732359893476413,0.40802127394992393,0.91015625,0.9978433283410927,0.409031671757539,56.94624373530318,0.8319690980820751,-0.560483640875572,0.47840595291467264,0.33355532151059625,0.7516762174925813,-0.607405686655192,-0.512440554782848,0.9729395291976562
openvla,lighting_low,episode_000002,alignment,4,4,,0.0019607843137254832,0.0019607843137254832,0.0,0,0,0,0.016192925915605793,0.008801493073355435,0.0,0.01843033179377467,0.01843033179377467,2.7450080424400802,0.0,0.025471320344913694,0.415956901617644,0.0019607843137254832,0.41674065896980644,0.4167360461532738,50.0533883834633,2.2137465611695465e-05,0.035651602796149734,0.429080741784192,0.0019607843137254832,0.4305637750985698,0.43055931037663886,51.63197987225603,2.0738850041385683e-05,2.0862604258237796,0.0,1.348357445980098,1.1647657888906937,0.07768670085541375,-0.042476112255865006,0.0
oft,lighting_low,episode_000002,alignment,4,4,4,0.51171875,0.9375,0.0,1,1,0,0.004877787529164528,0.011410654706250915,0.42578125,0.4259620507786667,0.012409506517382516,1.6832387873887478,0.9991512745905918,0.02388710856807427,0.41412986035030247,0.51171875,0.6587337962265687,0.4148181953452669,55.20409523297097,0.6034520539883813,0.02957541490444767,0.42638430813773787,0.9375,1.030332244177997,0.42740880125807845,57.793961832052105,0.8279192305025204,-0.6271077782214277,0.581150855554065,0.3867384960337567,0.6709878099651289,-0.660377112816982,-0.5518590589969135,0.8728428698151813
openvla,lighting_low,episode_000002,alignment,5,5,,0.0019607843137254832,0.0019607843137254832,0.0,0,0,0,0.009844396851057001,0.03327377134677062,0.0,0.03469951021265681,0.03469951021265681,2.746493530041038,0.0,0.02409715953566828,0.4257215914959937,0.0019607843137254832,0.4264075412544836,0.42640303301403615,50.69035275138714,2.1145107341577963e-05,0.02352247554744831,0.43109730549222225,0.0019607843137254832,0.43174302349159005,0.4317385709645766,49.23186387453958,2.0625713963867417e-05,2.0862604258237796,0.0,0.32023489342027317,-0.49918533809601146,-0.012947783475902233,1.684885786149317,0.0
oft,lighting_low,episode_000002,alignment,5,5,0,0.07568359375,0.5,0.0,0,1,0,0.0026928547001859753,0.006182246496505718,0.42431640625,0.42436998509684315,0.0067432661359218896,1.1489974356456718,0.9997475058725871,0.023841075368145302,0.4219124852897486,0.07568359375,0.429309385503039,0.42258554414234506,55.99036091895381,0.03107869150675148,0.025246011638148325,0.4022265178230789,0.5,0.6422020964958874,0.40301803029605654,53.862277596396844,0.6061729754770181,-0.2996469089851228,0.3178670425406214,0.22811735705694827,0.2887795637824602,-0.37786283995410197,-0.3074643328697088,0.869839970033707
openvla,lighting_low,episode_000002,alignment,6,6,,0.0019607843137254832,0.0019607843137254832,0.0,0,0,0,0.009246219135132763,0.0065939253626584905,0.0,0.011356602484158991,0.011356602484158991,2.2468177841991053,0.0,0.025316514484565903,0.4432229049640581,0.0019607843137254832,0.4439496751497298,0.44394534504871846,51.449143972703716,1.950707540400899e-05,0.02400203983532412,0.4451055537032508,0.0019607843137254832,0.4457565440112561,0.44575223146242793,51.54119905469787,1.934925252286701e-05,2.066943199658745,-0.07548368340672451,0.01685446807475133,0.8773560487748078,0.0,0.014158704085288246,0.0
oft,lighting_low,episode_000002,alignment,6,6,1,0.154296875,0.7421875,0.0,0,1,0,0.0033611859949901307,0.007530397280547931,0.587890625,0.58794845983078,0.00824648134029305,1.5481207210287078,0.9998032753201797,0.024198624151257616,0.4119203336358344,0.154296875,0.44053542457813377,0.4126305062322355,55.290106194951186,0.1226740170705832,0.027588990831300092,0.4129649728414131,0.7421875,0.8497902719878879,0.4138855170321844,56.029494476611106,0.7627878396757927,-0.419796748907382,0.3628179374453558,0.27586285039444947,0.49262396174655,-0.43789712293746397,-0.35476653792658713,1.205163778964998
openvla,lighting_low,episode_000002,alignment,7,7,,0.0019607843137254832,0.0019607843137254832,0.0,0,0,0,0.003964391975960212,0.03308136823089471,0.0,0.03331806308546623,0.03331806308546623,1.788968712595522,0.0,0.022262299466777935,0.4288925675965732,0.0019607843137254832,0.4294744336887291,0.42946995764212614,50.88961947202286,2.0844189673911928e-05,0.025650547503303103,0.4126858006066591,0.0019607843137254832,0.41348683810334685,0.4134821889871176,51.04585027644002,2.248724585283459e-05,0.0,0.42774087263810423,0.38765276571927815,0.0,-0.16832118518673017,-1.684885786149317,0.0
oft,lighting_low,episode_000002,alignment,7,7,2,0.2451171875,0.8671875,0.0,0,1,0,0.0044469494665761895,0.010345591596969106,0.6220703125,0.6221722272159833,0.011260844775129439,1.8114583608309502,0.9996724174931878,0.02436434095240936,0.4077490675432904,0.2451171875,0.47637732817628736,0.40847634349184536,56.022731701851306,0.2647557257076063,0.028726113563138207,0.40693936255976165,0.8671875,0.9583522288580736,0.40795200011887117,56.717655479258184,0.8187959838516898,-0.5297589173422892,0.4559305054623051,0.37586313366243707,0.6497540185105364,-0.6003428298336201,-0.49273130267581544,1.2752314405327305
openvla,lighting_low,episode_000002,alignment,8,8,,0.0019607843137254832,0.0019607843137254832,0.0,0,0,0,0.0025542676604219036,0.03306231075307588,0.0,0.03316083044216525,0.03316083044216525,1.7093015371879923,0.0,0.02392818393081864,0.428407400616372,0.0019607843137254832,0.429079600498822,0.4290751203333791,53.061475375214194,2.0882568401062113e-05,0.025755576147202766,0.41096250053389066,0.0019607843137254832,0.41177344647617503,0.4117687780147281,52.758836694837896,2.267477430927168e-05,-0.13522058315524496,0.0,0.2528170211212686,0.0,-0.025895566951804467,-1.684885786149317,0.0
oft,lighting_low,episode_000002,alignment,8,8,3,0.341796875,0.90625,0.0,0,1,0,0.005032082419917117,0.012303076994000855,0.564453125,0.5646096154683046,0.013292387182186352,1.9243037880740654,0.9994457452472787,0.024006689913968645,0.4014763883007779,0.341796875,0.527811249674946,0.4021935001012105,57.191079789173315,0.4193521659682924,0.02873413287131991,0.39765271688045023,0.90625,0.9900719146275537,0.39868952034668553,57.5395659607264,0.8378428292215008,-0.6578325017547105,0.5747292991391029,0.3989401221088959,0.7601697340744182,-0.720411395800344,-0.5873357127895721,1.15711738246141
openvla,lighting_low,episode_000002,alignment,9,9,,0.0019607843137254832,0.0019607843137254832,0.0,0,0,0,0.0023162223095072737,0.0020103086853342647,0.0,0.0030669572539227846,0.0030669572539227846,0.3799507635482281,0.0,0.025681200851459605,0.4034003853424331,0.0019607843137254832,0.40422177037700663,0.4042170146982887,53.55989365942568,2.3529909030792607e-05,0.023924080117824764,0.4012816273474606,0.0019607843137254832,0.4019989436941785,0.4019941617189363,53.31537335582847,2.3790842613867427e-05,0.0,0.0,-0.23596255304651723,0.0,-0.29779901994575314,0.0,0.0
oft,lighting_low,episode_000002,alignment,9,9,4,0.37890625,0.93359375,0.0,0,1,0,0.005414823135831257,0.012661757785236809,0.5546875,0.5548584171444589,0.013770999230423998,1.9538759974692437,0.999384020086054,0.024092064057219836,0.3916065007759592,0.37890625,0.5454411290777319,0.3923468860594264,57.92431081124095,0.4825782810593908,0.028956537287776796,0.38452501256631577,0.93359375,1.0100966569491685,0.3856137527900473,57.69427154210773,0.8542598670227876,-0.6869401345757155,0.6453664197036854,0.43236196744514643,0.7219489094561513,-0.7415999662650599,-0.6149286657394176,1.137098050584915
openvla,lighting_low,episode_000002,alignment,10,10,,0.0019607843137254832,0.0019607843137254832,0.0,0,0,0,0.0023226561899360072,0.022279462950528184,0.0,0.022400205381661258,0.022400205381661258,2.644020859484744,0.0,0.0233503819410868,0.3852235587340484,0.0019607843137254832,0.3859355842827199,0.3859306032702245,52.421463505847385,2.581249594449807e-05,0.025030397825694696,0.37341233896443327,0.0019607843137254832,0.3742554480315902,0.3742503115646016,51.323221679135926,2.7448801442543652e-05,0.038634452330069985,0.0,0.23596255304651723,2.5715608326158166,0.0,-0.5663481634115352,0.0
oft,lighting_low,episode_000002,alignment,10,10,0,0.08740234375,0.296875,0.0,0,0,0,0.0020579057273907267,0.0029673344428501666,0.20947265625,0.20950377983728413,0.0036111008956483705,0.6313781749859583,0.9997029048786605,0.024354144733890346,0.36717601540233824,0.08740234375,0.3782202008690844,0.3679828129851412,56.266864161769554,0.05340190077285596,0.026154391051817355,0.37029066746854367,0.296875,0.47532514788362606,0.37121318751573334,56.90715797909534,0.3900907659016061,-0.3188902884612312,0.025686225659848374,0.1612736663844472,0.14438978189123036,-0.21188570464716003,-0.14190661517063483,0.4294146687508174
openvla,lighting_low,episode_000002,alignment,11,11,,0.0019607843137254832,0.0019607843137254832,0.0,0,0,0,0.00021670892362443003,0.020817961729013623,0.0,0.02081908963687544,0.02081908963687544,2.602713527256981,0.0,0.02556802150137398,0.3776866011402946,0.0019607843137254832,0.3785561214397777,0.3785510433275845,52.05736466321441,2.68286673790713e-05,0.02535746102844273,0.3608948228723081,0.0019607843137254832,0.3617898819494108,0.36178456850153745,50.072184566993684,2.93728991346119e-05,0.038634452330069985,-0.050322455604482674,0.0,2.5715608326158166,0.0,-0.39644371438807463,0.0
oft,lighting_low,episode_000002,alignment,11,11,1,0.21875,0.55859375,0.0,0,1,0,0.0013250579214235398,0.0019489049699534977,0.33984375,0.3398519213174166,0.002356694523487657,0.7632189532020806,0.9999519130617219,0.026186925615802364,0.35793318011845954,0.21875,0.4203016523913761,0.35888983895190063,55.67985706185319,0.2708781212240305,0.027281982889390793,0.3564649562630822,0.55859375,0.6632032487654751,0.35750744276730534,55.54109402907307,0.709412529042053,-0.1552407083786928,0.08348023339450635,0.11777221689916861,0.16137681505490434,-0.14125713643143994,-0.07883700842813049,0.6966727493020255
openvla,lighting_low,episode_000002,alignment,12,12,,0.0019607843137254832,0.0019607843137254832,0.0,0,0,0,0.0013099846137593462,0.017054716534563804,0.0,0.017104952959964847,0.017104952959964847,2.2868191048734157,0.0,0.02507322704072929,0.3649671850532176,0.0019607843137254832,0.3658326906593102,0.36582743593107603,50.268346862653104,2.872728779828659e-05,0.026095171601378923,0.35147749827994373,0.0019607843137254832,0.35245032905809326,0.35244487480744174,48.548711641237915,3.0950224749228986e-05,-0.2511239401454553,0.050322455604482674,0.06741787229900498,2.2690242640727796,0.10358226780721848,0.014158704085288512,0.0
oft,lighting_low,episode_000002,alignment,12,12,2,0.4296875,0.796875,0.0,0,1,0,0.0017423376042328986,0.0016219440165374294,0.3671875,0.3671952159260383,0.00238042910415446,0.8025784726333389,0.9999579741530623,0.027121872501738906,0.3448475119013551,0.4296875,0.5516219267657929,0.34591242017677803,53.62091048455651,0.6067676216672777,0.028686631817661203,0.345624712188342,0.796875,0.8690737196264287,0.3468131550566043,53.80948530944372,0.8407505685972539,-0.10608115072544014,0.06421556414962093,0.17639307260798912,0.1274027487275564,-0.09887999550200793,-0.07095330758531736,0.7527268785562115
openvla,lighting_low,episode_000002,alignment,13,13,,0.0019607843137254832,0.0019607843137254832,0.0,0,0,0,0.00152000778277622,0.008758802238377656,0.0,0.008889715423494147,0.008889715423494147,0.9045194520933116,0.0,0.02568678416323448,0.341576663174163,0.0019607843137254832,0.3425467448115208,0.3425411328670532,46.56091745556061,3.2765738296104945e-05,0.024906626427422997,0.336161896788717,0.0019607843137254832,0.33708901727541973,0.3370833144677785,45.77414114378023,3.3835331971298335e-05,0.3283928448055949,-0.1509673668134487,0.0,0.756341421357593,0.0,0.33980889804692116,0.0
oft,lighting_low,episode_000002,alignment,13,13,3,0.53125,0.84765625,0.0,1,1,0,0.0023248436881931267,0.0014489729546417647,0.31640625,0.31641810861557895,0.002739419792184963,0.7111005746803862,0.9999250460511622,0.027071311091827664,0.32958217939549445,0.53125,0.6257665949531938,0.3306921058315641,50.748305835913875,0.720730887994788,0.028866636214821755,0.32872596401394266,0.84765625,0.9096236366032477,0.3299909727602481,50.66253212789793,0.8683924983099489,-0.08279504446863614,0.03210778207481018,0.2424410050581986,0.08493516581837092,-0.07769142503729197,-0.07095330758531745,0.6486263527984375
openvla,lighting_low,episode_000002,alignment,14,14,,0.0019607843137254832,0.0019607843137254832,0.0,0,0,0,0.00043189979732601545,0.0036453997707118968,0.0,0.0036708959292298935,0.0036708959292298935,0.49380359491602516,0.0,0.026885738898512347,0.3563075979289923,0.0019607843137254832,0.3573258904322109,0.357320510603642,48.06375855553869,3.011138131394436e-05,0.025345979377169734,0.33588781196122824,0.0019607843137254832,0.3368484608393132,0.3368427539590088,45.31680118203355,3.3883675449841696e-05,0.09658613082517535,0.0,0.0,0.4840585096688594,0.0,0.014158704085288512,0.0
oft,lighting_low,episode_000002,alignment,14,14,4,0.70703125,0.89453125,0.0,1,1,0,0.0019802102455831155,0.0009475035630986734,0.1875,0.1875128502146421,0.002195221086541632,0.44802291644467823,0.9998629451334543,0.029153959463037185,0.3450338246154847,0.70703125,0.787268367177117,0.3462633296801171,52.66985417956413,0.8065505948832326,0.02925159148909941,0.3279330309568983,0.89453125,0.9531956177111736,0.32923506556444315,50.09159657825138,0.8806978984367443,-0.049159557653252674,0.006421556414961805,0.20795814875889249,0.05096109949102245,-0.04943999775100397,-0.04730220505687832,0.3843711720287037
openvla,lighting_low,episode_000002,alignment,15,15,,0.0019607843137254832,0.0019607843137254832,0.0,0,0,0,0.0019911532679654153,0.0037979897021743567,0.0,0.004288288366510794,0.004288288366510794,0.6755676011383791,0.0,0.023846926304852138,0.3117248126833852,0.0019607843137254832,0.31264177489869394,0.312635626147566,42.16513913396139,3.9333775314756336e-05,0.025325926139384246,0.33232022587657173,0.0019607843137254832,0.33328963340703854,0.33328386558828976,44.93085728631163,3.4611150558070315e-05,-0.42497897563077025,-0.12580613901120685,-0.05056340422425364,-0.49918533809601146,0.09063448433131617,0.0,0.0
oft,lighting_low,episode_000002,alignment,15,15,0,0.54296875,0.88671875,0.0,1,1,0,0.0024264171283487636,0.0027992839517266216,0.34375,0.34376996086150857,0.0037045230088553196,0.8142864844636531,0.9998838741933767,0.025355420926729794,0.31245701323831987,0.54296875,0.6269667821892526,0.31348410245526526,47.7863734669328,0.7499988653921288,0.02816349510523077,0.3283201354279177,0.88671875,0.9459690456804128,0.329525862086648,50.218999859122256,0.8786540855670844,-0.13454194726153348,-0.1693685504446235,0.24297151053972618,0.11890923214571887,-0.16244570689615598,-0.1419066151706349,0.7046804820526235
openvla,lighting_low,episode_000002,alignment,16,16,,0.0019607843137254832,0.0019607843137254832,0.0,0,0,0,0.0016334476254346263,0.01434427123619247,0.0,0.014436975737407633,0.014436975737407633,1.9434861232595158,0.0,0.02617263877553292,0.3482301187170908,0.0019607843137254832,0.3492177934718084,0.34921228873307664,47.670285400279546,3.152585835507693e-05,0.02612474338710574,0.3311645352595101,0.0019607843137254832,0.3321991816754135,0.33219339492333294,45.436025803914944,3.4838747345214665e-05,-0.34771007097062967,-0.02516122780224117,-0.05056340422425364,1.905980381821135,-0.14242561823492564,0.0,0.0
oft,lighting_low,episode_000002,alignment,16,16,1,0.58203125,0.890625,0.0,1,1,0,0.002587296514022503,0.001103188386374264,0.30859375,0.3086065677637626,0.0028126727266612533,0.7320758087049511,0.9999169330862467,0.02735657281381567,0.3359850960736725,0.58203125,0.6726029607698103,0.337096969520274,51.94450355070389,0.7488158988158985,0.029054453219843356,0.33164974733093144,0.890625,0.9508147068601615,0.3329199846157853,51.31199285865949,0.877400711283488,-0.21474964659052495,-0.020870058348626732,0.2550405102444836,0.0934286824002074,-0.12006856596672398,-0.03153480337125222,0.6326108872972416
openvla,lighting_low,episode_000002,alignment,17,17,,0.0019607843137254832,0.0019607843137254832,0.0,0,0,0,0.019522445180132728,0.008183011199327208,0.0,0.021168078280741548,0.021168078280741548,2.2675630035069614,0.0,0.02086888931104869,0.34381357847716354,0.0019607843137254832,0.34445192982689826,0.34444634892294834,47.91631050769699,3.240428202006861e-05,0.02604260119930939,0.3467190791054301,0.0019607843137254832,0.34770128209149403,0.3476957533432696,48.25919558856825,3.1801460352883264e-05,0.0,0.0,1.9888272328206444,-1.0891316467549343,0.0,0.014158704085288512,0.0
oft,lighting_low,episode_000002,alignment,17,17,2,0.76171875,0.94921875,0.0,1,1,0,0.003265409444670562,0.0007316043709756768,0.1875,0.18752985933924488,0.0033463627712748694,0.5259389843017395,0.9996815764467418,0.029348830600866245,0.3452622073404696,0.76171875,0.8368290146599927,0.3465073529887234,54.108952972552565,0.8285444884359315,0.03156397486249128,0.34099196621128897,0.94921875,1.0091025918514545,0.3424497124101009,53.472081796012205,0.8848343486109661,-0.0620962833514768,0.0,0.3437675520300061,0.04246758290918494,-0.06356571139414798,-0.03153480337125222,0.3843711720287037
openvla,lighting_low,episode_000002,alignment,18,18,,0.0019607843137254832,0.0019607843137254832,0.0,0,0,0,0.019522445180132728,0.001956107847707016,0.0,0.01962019938031081,0.01962019938031081,2.0094003437796704,0.0,0.020307425363455048,0.34506127702955897,0.0019607843137254832,0.3456638845834017,0.3456583232473396,48.4241662714517,3.217745082657916e-05,0.025949552883383745,0.3531116697292145,0.0019607843137254832,0.35406930856673574,0.3540638792559916,49.594485712484634,3.066783246214726e-05,0.0,0.0,1.9888272328206444,-0.030253656854303652,0.28485123646985094,0.014158704085288512,0.0
oft,lighting_low,episode_000002,alignment,18,18,3,0.79296875,0.96875,0.0,1,1,0,0.004866690735990596,0.0007101359164090299,0.17578125,0.17585004072590388,0.0049182285164020975,0.6342901908934733,0.9992177736154282,0.029017765996619416,0.3462725969083022,0.79296875,0.8657633513782024,0.34748631931783175,54.49763270048695,0.8389068675954416,0.03332046533991937,0.35219640379252887,0.96875,1.0313239659558284,0.3537690775843174,55.48332100256088,0.8823343987322322,-0.051746902792897335,0.009632334622442706,0.5135293061188975,0.04246758290918494,-0.056502854572576006,-0.03153480337125222,0.36034797377690975
openvla,lighting_low,episode_000002,alignment,19,19,,0.0019607843137254832,0.0019607843137254832,0.0,0,0,0,0.019522445180132728,0.00028664741590770607,0.0,0.01952454948397873,0.01952454948397873,1.9892258861551735,0.0,0.018751065263638067,0.32926424979458085,0.0019607843137254832,0.3298035677739619,0.3297977389875639,45.8755840351471,3.534670610013337e-05,0.024113259343494377,0.32794244234711256,0.0019607843137254832,0.3288336044930336,0.3288277585131095,45.71697866625374,3.555553860349191e-05,0.0,0.0,1.9888272328206444,-0.030253656854303652,0.02589556695180453,0.0,0.0
oft,lighting_low,episode_000002,alignment,19,19,4,0.81640625,0.96484375,0.0,1,1,0,0.004082212387802748,0.0006898404654410823,0.1484375,0.14849522465081796,0.004140089110984229,0.534294545279622,0.9992226897358881,0.027911558697200533,0.33039022025699805,0.81640625,0.881167360828485,0.33156711650942555,51.5337707927655,0.8584121129975236,0.031108476800405054,0.32825375440305377,0.96484375,1.0196282295634052,0.32972452836957955,51.25145137208308,0.8954271824273707,-0.04139752223431787,0.01605389103740509,0.43077045100056294,0.03397406632734847,-0.05650285457257597,-0.03153480337125222,0.3042938445227238
openvla,lighting_low,episode_000002,descent_to_grasp,20,20,,0.0019607843137254832,0.0019607843137254832,0.0,0,0,0,0.019522445180132728,0.0003991949611946976,0.0,0.01952652612290089,0.01952652612290089,1.9892762741889851,0.0,0.007557948858725819,0.0005798537462675628,0.0019607843137254832,0.007829654937679396,0.007580159715875084,0.7811147873606122,0.06271542975560467,0.011971906907744296,0.00038915321331391015,0.0019607843137254832,0.012137655060022097,0.01197823005419115,1.22495305808986,0.026096968753412525,0.0,0.0,1.9888272328206444,-0.030253656854303652,0.02589556695180453,0.014158704085288512,0.0
oft,lighting_low,episode_000002,descent_to_grasp,20,20,0,0.023681640625,0.150390625,0.0,0,0,0,0.001876201911098819,0.012617738044903412,0.126708984375,0.127349496144763,0.01275646686904387,1.2121555744246915,0.9899661790062217,0.009201023059610331,0.014977205701687644,0.023681640625,0.029492297615916537,0.017577699393667705,1.8258836423802869,0.6447722782875221,0.009438261484796725,0.0027668828222703855,0.150390625,0.15071189902691226,0.009835467472752489,1.2235169858139092,0.9957411246557951,-0.17367554249866227,0.5474376843755143,0.05305054815277851,0.44166286225552753,-0.663908541227768,-0.6582890203748896,0.25975083109752245
openvla,lighting_low,episode_000002,descent_to_grasp,21,21,,0.0019607843137254832,0.0019607843137254832,0.0,0,0,0,0.019522445180132728,0.00028664741590770607,0.0,0.01952454948397873,0.01952454948397873,1.9892258861551735,0.0,0.007232269361591048,0.0005798537462675628,0.0019607843137254832,0.007515758485383962,0.007255477274836516,0.7487046548415879,0.06806345897619011,0.011948977820710915,0.00035860697209982715,0.0019607843137254832,0.012114096955416523,0.01195435777949949,1.2225915083818917,0.02619856822277781,0.0,0.0,1.9888272328206444,-0.030253656854303652,0.02589556695180453,0.0,0.0
oft,lighting_low,episode_000002,descent_to_grasp,21,21,1,0.02197265625,0.119140625,0.0,0,0,0,0.0030733186713435903,0.007259334193404433,0.09716796875,0.09748721645214893,0.007883097144343707,0.87412236705528,0.9934611945404941,0.008673963692682874,0.006915434558819311,0.02197265625,0.024614193140543063,0.011093280906895542,1.3472379223914925,0.7968818123787091,0.010086179029567918,0.001274398867614618,0.119140625,0.11957359083543864,0.010166371028556507,1.142465484403226,0.992771280579155,-0.38761664373304866,0.3933203304164252,0.2419104995766708,0.19535088138225282,-0.42377140929432,-0.3784176404550263,0.1991923521711251
openvla,lighting_low,episode_000002,descent_to_grasp,22,22,,0.0019607843137254832,0.9980392156862745,0.0,0,1,0,0.019522445180132728,0.0007564547523995814,0.996078431372549,0.9962700133674613,0.01953709521919048,2.852898543994835,0.9996154384417814,0.008052654623515735,0.0008711488432905787,0.0019607843137254832,0.008333595977592612,0.008099638682854677,0.8349721546411535,0.05535983215820974,0.01204698304739657,0.00038915321331391015,0.9980392156862745,0.9981119963653586,0.012053266808948224,2.3896109378434014,0.9998541686187008,0.0,0.0,1.9888272328206444,-0.09076097056291096,0.02589556695180453,0.014158704085288512,2.043156317380581
oft,lighting_low,episode_000002,descent_to_grasp,22,22,2,0.056640625,0.32421875,0.0,0,0,0,0.0032341437962608863,0.005383668012520154,0.267578125,0.26765181961996737,0.006280411400849907,0.8579462478014481,0.9994494005337183,0.010222944635852375,0.005417433482899068,0.056640625,0.05781018580630894,0.011569666484792844,1.2405366699028044,0.9599471937993863,0.013694359273952024,0.00040823963512818883,0.32421875,0.3245080892475352,0.013700442895168221,1.593325326945406,0.9982175467041438,-0.2742585848023575,0.1316419065067222,0.31512025602750543,0.23781846429143827,-0.33901712743545603,-0.2680458286556436,0.5485296934159626
openvla,lighting_low,episode_000002,descent_to_grasp,23,23,,0.0019607843137254832,0.9980392156862745,0.0,0,1,0,0.022665984140015562,0.0003676077742984977,0.996078431372549,0.9963363505453914,0.022668964963384667,3.083796340546211,0.9994823318666511,0.0005034592964788784,0.00023226452970370796,0.0019607843137254832,0.0020376685696946416,0.0005544529510873685,0.09773899024344417,0.9259606997802191,0.022181714307802143,0.0005288861765794106,0.9980392156862745,0.998285822907395,0.02218801861863134,3.0513519239729763,0.9995059996732637,0.0,-0.02516122780224117,2.3090621262409172,-0.015126828427151595,-0.05179113390360924,0.0,2.043156317380581
oft,lighting_low,episode_000002,descent_to_grasp,23,23,3,0.078125,0.515625,0.0,0,1,0,0.004534315201934486,0.01021391534709904,0.4375,0.4376427013912927,0.011175154632854057,1.4629986909281565,0.9993479698135378,0.011735537826998666,0.010174396409013225,0.078125,0.07965398179235397,0.01553194097261053,1.6434648125434201,0.9619778665445452,0.015548041254141588,0.0002989809904004207,0.515625,0.5158594494641666,0.015550915615265537,1.9547328135303375,0.9990912401130334,-0.4372613285999847,0.1476957975441267,0.43289247292667404,0.5945461607285949,-0.579154259368904,-0.49667315309722204,0.8968660680669753
openvla,lighting_low,episode_000002,descent_to_grasp,24,24,,0.0019607843137254832,0.9980392156862745,0.0,0,1,0,0.009927258394300854,0.0003829846435569215,0.996078431372549,0.9961279729944653,0.009934643247969057,2.2805453486816814,0.9999005340853725,0.022646277737919055,0.0005386761511587749,0.0019607843137254832,0.022737386448397,0.022652683447635855,2.3103019998339738,0.007436670876685571,0.012625973446220486,0.00043024265214219035,0.9980392156862745,0.9981191694191022,0.012633301793450007,2.4200242734839836,0.999839797625465,0.019317226165034798,-0.02516122780224117,-1.0112680844850737,0.04538048528145571,0.02589556695180453,0.0,2.043156317380581
oft,lighting_low,episode_000002,descent_to_grasp,24,24,4,0.09814453125,0.69140625,0.0,0,1,0,0.005925573905561819,0.015937585552279664,0.59326171875,0.5935053377970165,0.017003501384906246,2.1165507182129883,0.9991792186800947,0.011646903830211133,0.015878358591151,0.09814453125,0.1001005577140387,0.0196919435399192,2.04568918158825,0.9613006055471428,0.016389542541547193,0.0002685228164370061,0.69140625,0.6916005290254531,0.01639174210461269,2.2389389281847047,0.9994382545136201,-0.6597730106094445,0.21993830721245017,0.5442986240475096,0.9088062742565671,-0.886388531107286,-0.7804863834384916,1.2161744114970703
openvla,lighting_low,episode_000002,descent_to_grasp,25,25,,0.9980392156862745,0.9980392156862745,0.0,1,1,0,0.0024825287713561876,0.0010235145659813743,0.0,0.002685243223134043,0.002685243223134043,0.29184867167873046,0.0,0.02315807796601358,0.0003639597287418833,0.9980392156862745,0.9983079209790124,0.02316093784293092,3.125361966505374,0.9994617509795625,0.02077981191191766,0.0006778193638790679,0.9980392156862745,0.9982557468253608,0.02079086391145699,2.9482053753070145,0.9995662280814391,0.0,-0.02516122780224117,-0.25281702112126786,-0.06050731370860777,0.1294778347590232,0.014158704085288512,0.0
oft,lighting_low,episode_000002,descent_to_grasp,25,25,0,0.9609375,0.93359375,0.0,1,1,0,0.002482779982033013,0.0003309062046390433,0.02734375,0.02745822935693328,0.0025047345878261166,0.27145466219814157,0.9916789454466505,0.016770182069718732,0.00028212996330544566,0.9609375,0.9610838660128562,0.016772555081671674,2.651635070344247,0.9996954378846685,0.014390498759062755,0.0003330995199687799,0.93359375,0.933704711056385,0.014394353400718983,2.4455823489885944,0.9997623350042266,0.0155240708378692,0.022475447452366893,-0.2620697078747268,-0.008493516581836988,-0.028251427286288003,-0.01576740168562606,-0.05605412925418596
openvla,lighting_low,episode_000002,descent_to_grasp,26,26,,0.9980392156862745,0.9980392156862745,0.0,1,1,0,0.0029799706974731506,0.0018354992344356328,0.0,0.0034998975409877946,0.0034998975409877946,0.40862869801824947,0.0,0.024934654994178355,0.0003639597287418833,0.9980392156862745,0.9983507126927075,0.024937311129366965,3.263727161794042,0.9993760741448209,0.021945617121283005,0.001598897202230918,0.9980392156862745,0.9982817451154615,0.022003785653774477,3.0422493213308606,0.9995141652755042,-0.019317226165034798,-0.02516122780224117,-0.30338042534552223,0.0,0.27190345299394847,0.0,0.0
oft,lighting_low,episode_000002,descent_to_grasp,26,26,1,0.96875,0.98046875,0.0,1,1,0,0.0003460733600498791,0.0002966562981462184,0.01171875,0.011727611576628296,0.00045581984354131763,0.06357660868480078,0.9984893379877516,0.019402876273231465,0.00013319011201049064,0.96875,0.9689442975977929,0.01940333340640896,2.855226766469185,0.9995989901225335,0.01904734691944703,0.0003956944364144021,0.98046875,0.9806538266510355,0.019051456604595292,2.8456767809471444,0.9996225799941825,0.010349380558579868,-0.011237723726184024,-0.036074372743889624,-0.008493516581836988,0.042377140929432004,-0.00788370084281303,0.02402319825179398
openvla,lighting_low,episode_000002,descent_to_grasp,27,27,,0.9980392156862745,0.9980392156862745,0.0,1,1,0,0.003972144969087374,0.0015732850580876848,0.0,0.004272371885668206,0.004272371885668206,0.46792024556660483,0.0,0.02125442146965721,0.0002573238228125581,0.9980392156862745,0.9982655421756446,0.02125597910141079,2.9809559118493905,0.9995466119514911,0.025404850686232834,0.001598897202230918,0.9980392156862745,0.9983637808726471,0.025455115608715804,3.309862296837129,0.9993499114551494,-0.019317226165034798,-0.02516122780224117,0.40450723379402914,0.0,0.23306010256624152,0.0,0.0
oft,lighting_low,episode_000002,descent_to_grasp,27,27,2,0.97265625,0.984375,0.0,1,1,0,0.001768052773100017,0.00018891528628092846,0.01171875,0.011852881554978826,0.001778116867322636,0.18980856258598414,0.9774953266133168,0.021727182066833443,0.00019581586644131077,0.97265625,0.9728989101897901,0.02172806444253328,3.0414629522496917,0.9995012227372677,0.023673017224232457,7.188406095289175e-05,0.984375,0.9846596150634072,0.023673126363389894,3.214357845035582,0.9994219851709626,0.005174690279289734,-0.006421556414961805,0.18673792949778079,0.0,0.021188570464716002,0.00788370084281303,0.02402319825179398
openvla,lighting_low,episode_000002,descent_to_grasp,28,28,,0.9980392156862745,0.9980392156862745,1.0,1,1,1,0.0018219377911768682,0.0015732850580876848,0.0,0.0024072148198531046,0.0024072148198531046,0.2984342658256887,0.0,0.013238183919901995,0.0002573238228125581,0.0019607843137254832,0.013385081403259771,0.01324068461398196,1.3492764179136227,0.02145940194052725,0.014831310848729105,0.001598897202230918,0.0019607843137254832,0.015045561766842854,0.014917246855734858,1.529827897837833,0.01698411148551216,-0.019317226165034798,0.0,0.18539914882226324,0.0,0.23306010256624152,0.0,0.0
oft,lighting_low,episode_000002,descent_to_grasp,28,28,3,0.984375,0.98828125,1.0,1,1,1,0.003254427610537965,0.0,0.00390625,0.0050842981949067315,0.003254427610537965,0.3439207612216781,0.5902799627982113,0.013790872520676864,0.00011893007683013642,0.015625,0.020840895715989155,0.013791385327251757,1.4575282388460595,0.5620918535823042,0.016817447555732043,0.00011893007683013642,0.01171875,0.020498043521650366,0.016817868076928554,1.7769550927491435,0.3268419229896523,0.0,-0.006421556414962382,0.3437675520300061,0.0,0.0,0.0,0.008007732750597994
openvla,lighting_low,episode_000002,grasp_close,29,29,,0.9980392156862745,0.9980392156862745,1.0,1,1,1,0.0018219377911768682,0.0008572778788569277,0.0,0.0020135497700568216,0.0020135497700568216,0.22446523318135034,0.0,0.0077466374045291435,0.0002573238228125581,0.0019607843137254832,0.007995078595735554,0.007750910051538264,0.7898874262378285,0.060147028025330444,0.009566646911222155,0.0008040392196967595,0.0019607843137254832,0.009798565574397044,0.009600375627589109,0.9818219880886364,0.040043740753764656,-0.019317226165034798,0.0,0.18539914882226324,-0.04538048528145571,0.1165300512831207,0.0,0.0
oft,lighting_low,episode_000002,grasp_close,29,29,4,0.984375,0.98828125,1.0,1,1,1,0.00546413025467046,0.00015582164614506697,0.00390625,0.006718615101932274,0.0054663516009686415,0.577407249691954,0.3380341255115177,0.0064108699211807615,0.0001999798205148971,0.015625,0.01689023001841341,0.006413988234703381,0.6781967553272235,0.8557933826031594,0.011874972693308367,8.906734797224952e-05,0.01171875,0.01668388477009459,0.011875306710114657,1.2546940478100859,0.4933648622058905,0.0,-0.0016053891037407398,0.5771899639022322,-0.008493516581836988,-0.007062856821572001,0.00788370084281303,0.008007732750597994
openvla,lighting_low,episode_000002,grasp_close,30,30,,0.9980392156862745,0.9980392156862745,1.0,1,1,1,0.000496333352037269,0.0008572778788569277,0.0,0.0009905918220548687,0.0009905918220548687,0.13488995197260764,0.0,0.0077466374045291435,0.0002573238228125581,0.0019607843137254832,0.007995078595735554,0.007750910051538264,0.7898874262378285,0.060147028025330444,0.0072503088707295445,0.0008040392196967595,0.0019607843137254832,0.007553683400351249,0.007294755498835455,0.7480638968345916,0.06738171981252011,0.0,0.0,-0.05056340422425329,-0.04538048528145571,0.1165300512831207,0.0,0.0
oft,lighting_low,episode_000002,grasp_close,30,30,0,0.984375,0.984375,1.0,1,1,1,0.0013462543818741253,0.00021334843034418664,0.0,0.0013630548094062877,0.0013630548094062877,0.14681193593083477,0.0,0.001991696963015738,0.0002880502313121704,0.015625,0.015754061531181255,0.0020124188749475365,0.21645474160567893,0.9836825725925703,0.0006468812912329303,0.00018155255320563657,0.015625,0.015639438664303864,0.000671875534993401,0.07700992100258444,0.9981544095575579,0.0,-0.009632334622443284,-0.14217546904944664,0.0,-0.03531428410786001,0.0,0.0
openvla,lighting_low,episode_000002,grasp_close,31,31,,0.9980392156862745,0.9980392156862745,1.0,1,1,1,0.0029780001122236346,0.00045434963155299365,0.0,0.003012460498678169,0.003012460498678169,0.30935548725545764,0.0,0.007581194489830667,0.0002573238228125581,0.0019607843137254832,0.00783488357076081,0.00758556032488212,0.7730485382186897,0.06263175102574975,0.004603240905137424,0.0002375137576342896,0.0019607843137254832,0.005009083223579729,0.004609364339667236,0.46995459413639923,0.15322977120113218,0.0,0.0,-0.30338042534552184,-0.06050731370860777,0.0,0.0,0.0
oft,lighting_low,episode_000002,grasp_close,31,31,1,0.9921875,0.9921875,1.0,1,1,1,0.0014908312499586174,0.0006000121917896597,0.0,0.0016070446310384179,0.0016070446310384179,0.1876175008941068,0.0,0.005969537856462357,0.0007082833413323456,0.0078125,0.009857596246618448,0.006011409777360557,0.6417892571025506,0.6281133275509703,0.004486783946560407,0.0012939302126197321,0.0078125,0.009101683461219815,0.004669634415909057,0.522023227171803,0.736777925701581,0.025873451396448668,0.004816167311221642,-0.15702962253222494,-0.008493516581836988,0.09887999550200793,0.0,0.0
openvla,lighting_low,episode_000002,grasp_close,32,32,,0.9980392156862745,0.9980392156862745,1.0,1,1,1,0.005956000224447266,0.0,0.0,0.005956000224447266,0.005956000224447266,0.6067608506910434,0.0,0.010559174318636625,0.0002573238228125581,0.0019607843137254832,0.010742767472401792,0.010562309304368153,1.0762231532491855,0.03331403953345434,0.004603240905137424,0.0002573238228125581,0.0019607843137254832,0.005010061626913306,0.004610427570249562,0.47013952637503764,0.1531699292705158,0.0,0.0,-0.6067608506910434,0.0,0.0,0.0,0.0
oft,lighting_low,episode_000002,grasp_close,32,32,2,0.9921875,0.9921875,1.0,1,1,1,0.0009647099570588278,0.00014110590348630315,0.0,0.0009749749623693581,0.0009749749623693581,0.10455126982677218,0.0,0.010508949490769172,0.00014554923771758867,0.0078125,0.013095585524524583,0.010509957372898228,1.1104247624537178,0.35590182772245993,0.011473246356856653,0.00010736961971318829,0.0078125,0.013880996594278158,0.011473748742253414,1.2121935841744393,0.3167661494108156,0.005174690279290135,-0.006421556414962382,0.10185705245333548,-0.016987033163673976,0.014125713643144001,0.0,0.0
openvla,lighting_low,episode_000002,grasp_close,33,33,,0.9980392156862745,0.9980392156862745,1.0,1,1,1,0.003639777914939999,0.00034693611976978654,0.0,0.0036562751457304035,0.0036562751457304035,0.37405275986361425,0.0,0.007581194489830667,0.0002573238228125581,0.0019607843137254832,0.00783488357076081,0.00758556032488212,0.7730485382186897,0.06263175102574975,0.01122094907601131,0.0005405490331836424,0.0019607843137254832,0.011403796146400844,0.011233961519593825,1.1454827382140822,0.0295638341479253,0.0,0.0,0.3707982976445268,0.03025365685430319,-0.03884335042770699,0.0,0.0
oft,lighting_low,episode_000002,grasp_close,33,33,3,0.9921875,0.9921875,1.0,1,1,1,0.0013661086588078882,4.266968606883733e-05,0.0,0.0013667748789684057,0.0013667748789684057,0.14455049400086076,0.0,0.01099109631061409,0.00014868245363440852,0.0078125,0.013485601982529865,0.010992101918250823,1.1613691763548586,0.3356134717660002,0.012357100981477768,0.00016330881071072439,0.0078125,0.0146205256637405,0.01235818006156629,1.3056515895900171,0.2855315387674183,0.0,-0.004816167311221642,0.14429749097555777,0.0,-0.007062856821572001,0.0,0.0
openvla,lighting_low,episode_000002,grasp_close,34,34,,0.9980392156862745,0.9980392156862745,1.0,1,1,1,0.0,0.0,0.0,0.0,0.0,0.0,0.0,0.007581194489830667,0.0002573238228125581,0.0019607843137254832,0.00783488357076081,0.00758556032488212,0.7730485382186897,0.06263175102574975,0.007581194489830667,0.0002573238228125581,0.0019607843137254832,0.00783488357076081,0.00758556032488212,0.7730485382186897,0.06263175102574975,0.0,0.0,0.0,0.0,0.0,0.0,0.0
oft,lighting_low,episode_000002,grasp_close,34,34,4,0.9921875,0.9921875,1.0,1,1,1,0.0009242818536154236,4.266968606883733e-05,0.0,0.0009252662573724259,0.0009252662573724259,0.098078640801316,0.0,0.010629501083610743,9.788292771376929e-05,0.0078125,0.013192082117847045,0.010629951756899923,1.123057466480959,0.35071421480503606,0.01155354986057983,0.00011893007683013642,0.0078125,0.013947537954566713,0.01155416196632534,1.2206729810545658,0.3137508831143712,0.0,-0.006421556414961805,0.09761300860111322,0.0,-0.007062856821572001,0.0,0.0
openvla,lighting_low,episode_000002,grasp_close,35,35,,0.9980392156862745,0.9980392156862745,1.0,1,1,1,0.003639777914939999,0.0,0.0,0.003639777914939999,0.003639777914939999,0.3707982976445268,0.0,0.007581194489830667,0.0002573238228125581,0.0019607843137254832,0.00783488357076081,0.00758556032488212,0.7730485382186897,0.06263175102574975,0.01122094907601131,0.0002573238228125581,0.0019607843137254832,0.011393883834811458,0.011223899220690906,1.143610114074203,0.029615295688232308,0.0,0.0,0.3707982976445268,0.0,0.0,0.0,0.0
oft,lighting_low,episode_000002,grasp_close,35,35,0,0.9921875,0.98828125,1.0,1,1,1,0.0009843938733211702,0.0001970938920440295,0.00390625,0.004033195552240595,0.0010039309239750112,0.10709495259139058,0.9380403287529284,0.00223392768557561,0.0006098268348424087,0.0078125,0.00814846475864473,0.0023156687312470042,0.2576474365678267,0.9192390759314113,0.0012508213166003096,0.0005129846024855643,0.01171875,0.011796474419543705,0.0013519272053069294,0.15737173277556626,0.9868658444734619,0.0,-0.0032107782074809023,-0.10397907437944624,-0.008493516581836988,-0.021188570464716037,-0.00788370084281303,-0.008007732750597994
openvla,lighting_low,episode_000002,grasp_close,36,36,,0.9980392156862745,0.9980392156862745,1.0,1,1,1,0.0,0.0,0.0,0.0,0.0,0.0,0.0,0.007581194489830667,0.0002573238228125581,0.0019607843137254832,0.00783488357076081,0.00758556032488212,0.7730485382186897,0.06263175102574975,0.007581194489830667,0.0002573238228125581,0.0019607843137254832,0.00783488357076081,0.00758556032488212,0.7730485382186897,0.06263175102574975,0.0,0.0,0.0,0.0,0.0,0.0,0.0
oft,lighting_low,episode_000002,grasp_close,36,36,1,0.9921875,0.9921875,1.0,1,1,1,0.0010455803357721889,0.00017968931698314296,0.0,0.0010609083321340028,0.0010609083321340028,0.11469969431606652,0.0,0.008259466869769565,0.0005423572739573948,0.0078125,0.011381919901116663,0.008277254640606121,0.8773719519657875,0.47113895109709486,0.007215600045910605,0.0006993853638216796,0.0078125,0.010657822486778108,0.007249415418478452,0.771598592248274,0.537332483289363,0.010349380558579467,0.0016053891037401623,-0.11034514015777964,-0.008493516581836988,0.028251427286288003,0.0,0.0
openvla,lighting_low,episode_000002,grasp_close,37,37,,0.9980392156862745,0.9980392156862745,1.0,1,1,1,0.005956000224447266,0.0,0.0,0.005956000224447266,0.005956000224447266,0.6067608506910434,0.0,0.010559174318636625,0.0002573238228125581,0.0019607843137254832,0.010742767472401792,0.010562309304368153,1.0762231532491855,0.03331403953345434,0.004603240905137424,0.0002573238228125581,0.0019607843137254832,0.005010061626913306,0.004610427570249562,0.47013952637503764,0.1531699292705158,0.0,0.0,-0.6067608506910434,0.0,0.0,0.0,0.0
oft,lighting_low,episode_000002,grasp_close,37,37,2,0.9921875,0.9921875,1.0,1,1,1,0.00024106447615038218,4.266968606883733e-05,0.0,0.00024481173127705974,0.00024481173127705974,0.02642560580927348,0.0,0.010830361605121568,0.00014554923771758867,0.0078125,0.013354889491429406,0.010831339579123701,1.1443602934047863,0.34221533226766204,0.01107142567489715,0.00014868245363440852,0.0078125,0.013551152319887433,0.011072423986950217,1.169828316898529,0.33237443097717556,0.0,0.0,0.025464263113333597,0.0,-0.007062856821572001,0.0,0.0
openvla,lighting_low,episode_000002,grasp_close,38,38,,0.9980392156862745,0.9980392156862745,1.0,1,1,1,0.00033088890135818047,0.0,0.0,0.00033088890135818047,0.00033088890135818047,0.03370893614950231,0.0,0.000708551167858189,0.0002573238228125581,0.0019607843137254832,0.0021006987961656918,0.000753830423411043,0.07954512380631706,0.8712285017559771,0.0002803590881113261,0.0002573238228125581,0.0019607843137254832,0.0019973712456690163,0.0003805479839303884,0.04396371212669958,0.9637004480879737,0.0,0.0,-0.03370893614950231,0.0,0.0,0.0,0.0
oft,lighting_low,episode_000002,grasp_close,38,38,3,0.9921875,0.9921875,1.0,1,1,1,9.64610536031453e-06,0.0,0.0,9.64610536031453e-06,9.64610536031453e-06,0.0032107782074809023,0.0,0.004037475456363697,9.788292771376929e-05,0.0078125,0.008794654363775592,0.004038661799195009,0.4271094141853874,0.7891190152437129,0.003938940595577574,9.788292771376929e-05,0.0078125,0.00874985658928344,0.003940156606408791,0.41666648222456487,0.7972200098838093,0.0,-0.0032107782074809023,0.0,0.0,0.0,0.0,0.0
openvla,lighting_low,episode_000002,lift,39,39,,0.9980392156862745,0.9980392156862745,1.0,1,1,1,0.0024816667601863657,0.0,0.0,0.0024816667601863657,0.0024816667601863657,0.2528170211212686,0.0,0.00041225087122887454,0.0002573238228125581,0.0019607843137254832,0.002020109268224803,0.0004859694749835991,0.05367364339917594,0.9421280309006813,0.015510006120776154,0.0002573238228125581,0.0019607843137254832,0.01563557419928199,0.015512140581373696,1.5804179452165765,0.01572649633564131,0.0,0.0,-0.2528170211212686,0.0,0.0,0.0,0.0
oft,lighting_low,episode_000002,lift,39,39,4,0.9921875,0.9921875,1.0,1,1,1,0.00020140746957211385,5.618733745656884e-05,0.0,0.0002090980289000839,0.0002090980289000839,0.02335878843145071,0.0,0.002607405997198006,9.788292771376929e-05,0.0078125,0.008236704641527579,0.002609242629914272,0.27643702706804857,0.8996489444733806,0.015425450983379515,5.804908989645412e-05,0.0078125,0.01729112674140936,0.015425560208221998,1.6295364101067622,0.20414252043572434,0.0,-0.004816167311221642,-0.021220219261111697,-0.008493516581836988,0.0,0.0,0.0
openvla,lighting_low,episode_000002,lift,40,40,,0.9980392156862745,0.9980392156862745,1.0,1,1,1,0.0029780001122236346,0.0,0.0,0.0029780001122236346,0.0029780001122236346,0.30338042534552184,0.0,0.005043039136614908,0.0002573238228125581,0.0019607843137254832,0.00541693034920779,0.005049599913182876,0.5148399712991424,0.13102469120959515,0.008189351898122756,0.0002573238228125581,0.0019607843137254832,0.008424747781745491,0.008193393684003817,0.834950257952623,0.054168378067705074,0.0,0.0,-0.30338042534552184,0.0,0.0,0.0,0.0
oft,lighting_low,episode_000002,lift,40,40,0,0.9921875,0.98828125,1.0,1,1,1,0.001562804732167972,0.0003341767296649912,0.00390625,0.004220523875070037,0.001598134136277739,0.17338800133074145,0.8566182972537995,0.009628899404416602,0.0007375028791283732,0.0078125,0.01242154460955227,0.009657101751410567,1.0247740142996238,0.39557501564905,0.01135872663342369,0.0004733071385508154,0.01171875,0.016327087674865712,0.01136858348169427,1.2023945498876367,0.5151635521319071,-0.010349380558579467,-0.009632334622443284,-0.1649872047551415,-0.008493516581836988,-0.04943999775100397,-0.00788370084281303,-0.008007732750597994
openvla,lighting_low,episode_000002,lift,41,41,,0.9980392156862745,0.9980392156862745,1.0,1,1,1,0.0016544445067909128,0.0001748094508986324,0.0,0.0016636541017213005,0.0016636541017213005,0.17052240262216678,0.0,0.0015861246172547653,0.0002573238228125581,0.0019607843137254832,0.002535090131770537,0.001606862424493287,0.16500505161454435,0.5982364055339483,0.003349247124043171,0.0003083890410360362,0.0019607843137254832,0.0038932294080229195,0.003363414945935541,0.3437571504195391,0.25365279803749896,0.0,0.0,-0.1685446807475126,0.0,-0.025895566951804724,0.0,0.0
oft,lighting_low,episode_000002,lift,41,41,1,0.9921875,0.9921875,1.0,1,1,1,0.0022509551966403093,0.0003459507940157078,0.0,0.002277384738941164,0.002277384738941164,0.24495175534679023,0.0,0.004106350881761459,0.0004300525774858037,0.0078125,0.00883641437651864,0.004128808881934993,0.4398146547952467,0.7816780440599208,0.006465854879526835,0.0007472056873195458,0.0078125,0.010168616027378733,0.006508885900233899,0.6946542808211559,0.5902776829107471,0.0155240708378692,-0.0032107782074809023,-0.23766645572444872,-0.008493516581836988,0.056502854572576006,0.0,0.0
openvla,lighting_low,episode_000002,lift,42,42,,0.9980392156862745,0.9980392156862745,1.0,1,1,1,0.0011581111547536369,0.00011358740788824928,0.0,0.0011636681425542137,0.0011636681425542137,0.11894705775395249,0.0,0.005156988841834493,0.00023226452970370796,0.0019607843137254832,0.005522060833739145,0.005162216648549724,0.5263333380483946,0.12608321499005454,0.006263657379027178,0.0003083890410360362,0.0019607843137254832,0.006570630311273392,0.00627124449869982,0.6394736369627054,0.08905239052648713,0.0,0.0,-0.11798127652325861,0.015126828427152057,0.0,0.0,0.0
oft,lighting_low,episode_000002,lift,42,42,2,0.9921875,0.9921875,1.0,1,1,1,0.00056256648274363,0.0001021754634308593,0.0,0.0005717699474735008,0.0005717699474735008,0.061743977176648236,0.0,0.0019881542144288664,0.00014868245363440852,0.0078125,0.00806287913231806,0.0019937060095134413,0.21184909497772716,0.9388576767344582,0.0013742232783350464,0.00010667093755607208,0.0078125,0.007933159809157824,0.001378357104540407,0.1469231217139195,0.9698122258473565,0.0,-0.0032107782074809023,0.05941661393111172,-0.008493516581836988,0.014125713643144001,0.0,0.0
openvla,lighting_low,episode_000002,lift,43,42,,0.9980392156862745,0.9980392156862745,1.0,1,1,1,0.0,0.0007866425290438436,0.0,0.0007866425290438436,0.0007866425290438436,0.11653005128312093,0.0,0.006359545753313677,0.0006681321663988329,0.0019607843137254832,0.006688415201317779,0.006394546331075163,0.655131706124424,0.08594353189533929,0.006263657379027178,0.0003083890410360362,0.0019607843137254832,0.006570630311273392,0.00627124449869982,0.6394736369627054,0.08905239052648713,0.0,0.0,0.0,0.0,-0.11653005128312093,0.0,0.0
oft,lighting_low,episode_000002,lift,43,42,3,0.9921875,0.9921875,1.0,1,1,1,0.0005628145250012707,4.266968606883733e-05,0.0,0.0005644297048008893,0.0005644297048008893,0.06017852062248907,0.0,0.0020327197201374637,9.30546942353908e-05,0.0078125,0.008073150864857844,0.0020348485537638843,0.21589269498036393,0.9364701182418126,0.0013742232783350464,0.00010667093755607208,0.0078125,0.007933159809157824,0.001378357104540407,0.1469231217139195,0.9698122258473565,0.0,-0.006421556414961805,0.05941661393111172,0.0,0.007062856821572001,0.0,0.0
openvla,lighting_low,episode_000002,lift,44,43,,0.9980392156862745,0.9980392156862745,1.0,1,1,1,0.0001866369836278846,0.00027783066064901614,0.0,0.000334698729687437,0.000334698729687437,0.02928646824334859,0.0,0.011546514940271172,0.0004760696268725084,0.0019607843137254832,0.01172148986607453,0.011556325088692164,1.177220574225886,0.02798298340834838,0.01132217136333043,0.0003083890410360362,0.0019607843137254832,0.011494839855613592,0.011326370476955573,1.1541923096942401,0.029097374088161803,0.019317226165034798,0.0,0.016854468074750977,0.0,0.0,0.014158704085288335,0.0
oft,lighting_low,episode_000002,lift,44,43,4,0.9921875,0.9921875,1.0,1,1,1,0.0008437394516036773,5.618733745656884e-05,0.0,0.0008456082302596945,0.0008456082302596945,0.08954311041580847,0.0,0.002617782467886393,5.804908989645412e-05,0.0078125,0.00823961837684314,0.0026184260054489187,0.2771815234285229,0.8990127802007829,0.0017152868705327196,9.788292771376929e-05,0.0078125,0.007999184106254822,0.001718077447544129,0.18253187285264155,0.9538688703960518,0.0,-0.0016053891037407398,0.08912492089666794,0.008493516581836988,0.0,0.0,0.0
openvla,lighting_low,episode_000002,lift,45,44,,0.9980392156862745,0.9980392156862745,1.0,1,1,1,0.0019853334081490932,0.0002778306606490196,0.0,0.0020046791806943983,0.0020046791806943983,0.2027485991303004,0.0,0.01115401659889941,0.0003434313084520126,0.0019607843137254832,0.011330256240575522,0.011159302458135484,1.1370992475393598,0.02994885231256771,0.00916546905867589,0.0003083890410360362,0.0019607843137254832,0.009377931647817023,0.009170655748973255,0.9346590642825583,0.04371651382112049,0.0,0.0,0.20225361689701493,0.0,0.0,-0.014158704085288512,0.0
oft,lighting_low,episode_000002,lift,45,44,0,0.984375,0.9921875,1.0,1,1,1,0.007433138018009764,0.0004083865047402406,0.0078125,0.010791361201536906,0.007444348214050447,0.7880869232499154,0.524116222558659,0.009618272706238664,0.0003956944364144021,0.015625,0.018352339603946548,0.009626408672946778,1.018392082212127,0.7248650791231308,0.002181912950961832,5.804908989645412e-05,0.0078125,0.008111674923985353,0.0021826850030209986,0.2311708153036665,0.927596251186832,-0.015524070837869603,-0.004816167311221642,0.7851481126611247,0.0,-0.063565711394148,0.00788370084281303,0.016015465501195987
openvla,lighting_low,episode_000002,lift,46,45,,0.9980392156862745,0.9980392156862745,1.0,1,1,1,0.005294626544219685,0.0002778306606490196,0.0,0.005301910987441449,0.005301910987441449,0.5401151771860206,0.0,0.001460051377279634,0.0003434313084520126,0.0019607843137254832,0.0024686778268686927,0.0014998983591967884,0.1547069116384178,0.6308568384688562,0.006754133926260954,0.0003083890410360362,0.0019607843137254832,0.007039751701548305,0.006761170674853604,0.6895470803271628,0.07757914070810346,0.0,-0.02516122780224117,0.539342978392039,0.0,0.0,-0.014158704085288512,0.0
oft,lighting_low,episode_000002,lift,46,45,1,0.98828125,0.98828125,1.0,1,1,1,0.006137264561586062,0.00044495970726976894,0.0,0.006153373500771244,0.006153373500771244,0.6523561129304535,0.0,0.00797784270176188,0.0002463247277348492,0.01171875,0.014178707684695702,0.007981644570234191,0.843577032648876,0.6831078575031015,0.0018425277037928585,0.0005192012126806852,0.01171875,0.01187407174481413,0.0019142826955529002,0.2129114575680669,0.974009609205855,0.010349380558579467,-0.0016053891037407398,-0.6482776984269555,-0.03397406632734847,0.06356571139414798,0.0,0.0
openvla,lighting_low,episode_000003,hold,0,0,,0.0019607843137254832,0.0019607843137254832,0.0,0,0,0,0.00018663698362788767,0.011802908340261207,0.0,0.011804383874318272,0.011804383874318272,1.7481960956748217,0.0,0.0032033921348582255,0.0300623047356627,0.0019607843137254832,0.030296015617808085,0.03023249720399424,3.7860042516047065,0.004188790267598261,0.003367712725438973,0.03274306645718704,0.0019607843137254832,0.03297414995334682,0.03291580000578522,4.261072247211342,0.0035360014187474182,-0.019317226165034798,0.0,-0.01685446807475133,0.0,1.747950769246812,-0.014158704085288246,0.0
oft,lighting_low,episode_000003,hold,0,0,0,0.125,0.58984375,0.0,0,1,0,0.0019674074343810546,0.003883461860814045,0.46484375,0.46486413486318745,0.004353385813048865,1.0846031113047836,0.9999122994668417,0.0035199759837496666,0.009946211065588677,0.125,0.12544447913514334,0.010550703554143349,1.3197920773475498,0.9929260866412729,0.001743904326172443,0.00610452419246681,0.58984375,0.5898779160402411,0.006348733567827171,1.4471907455157884,0.9998841622991655,-0.23544840770768388,0.266494591220925,0.15649911705069697,0.14438978189123036,-0.24013713193344796,-0.19709252107032624,0.9529201973211613
openvla,lighting_low,episode_000003,hold,1,1,,0.0019607843137254832,0.0019607843137254832,0.0,0,0,0,0.00018663698362788767,0.019728018368796087,0.0,0.019728901188946473,0.019728901188946473,2.6262750930053476,0.0,0.002465028970362346,0.03860707602721758,0.0019607843137254832,0.0387353502929951,0.0386856909877035,4.6931914335729665,0.0025623867049481977,0.0029476042175324017,0.017731312061290385,0.0019607843137254832,0.018081274102314488,0.017974643196405224,1.6968353217489773,0.011759844740276758,-0.019317226165034798,0.0,-0.01685446807475133,2.6018144894701205,0.3495901538493622,-0.07079352042644176,0.0
oft,lighting_low,episode_000003,hold,1,1,1,0.1513671875,0.76171875,0.0,0,1,0,0.0031388302169639694,0.007600269894315022,0.6103515625,0.6104069513069037,0.00822291661135861,1.575443065920418,0.9998185266607034,0.002558111681945643,0.02085877762514674,0.1513671875,0.15281903674298167,0.021015055065181937,2.3292485173993986,0.9810893634067166,0.0019138956457902248,0.010157255671801363,0.76171875,0.7617888729437362,0.010335997258383718,2.012517125903349,0.9998159077434566,-0.3635219921201057,0.404558054142609,0.2567646530594489,0.4501563788373651,-0.4696799786345379,-0.3626502387694001,1.2512082422809365
openvla,lighting_low,episode_000003,alignment,2,2,,0.0019607843137254832,0.0019607843137254832,0.0,0,0,0,0.00018663698362788767,0.011802908340261207,0.0,0.011804383874318272,0.011804383874318272,1.7481960956748217,0.0,0.022107088297336208,0.474497585891742,0.0019607843137254832,0.47501634397692283,0.47501229707248355,60.862661338289314,1.7038938772651045e-05,0.022287339743821077,0.47013947164817677,0.0019607843137254832,0.4706715340761626,0.4706674498140734,59.95566690321237,1.7354966565132792e-05,-0.019317226165034798,0.0,-0.01685446807475133,0.0,1.747950769246812,-0.014158704085288246,0.0
oft,lighting_low,episode_000003,alignment,2,2,2,0.291015625,0.89453125,0.0,0,1,0,0.0037253384140751846,0.008681514516377272,0.603515625,0.6035895596013388,0.00944705459905115,1.6458582561794781,0.9997550319683898,0.023441805561276452,0.46469229462544265,0.291015625,0.5487973587093623,0.4652831900383162,66.45891179034892,0.28119564472836844,0.027316962322213312,0.4675397914417842,0.89453125,1.0097157175356353,0.4683371360589936,67.52845404131871,0.7848610927683616,-0.40750685949406823,0.40776883235008987,0.3217515745466028,0.5520785778194099,-0.519119976385542,-0.4099524438262785,1.2371947099673901
openvla,lighting_low,episode_000003,alignment,3,3,,0.0019607843137254832,0.0019607843137254832,0.0,0,0,0,0.00018663698362788767,0.011802908340261207,0.0,0.011804383874318272,0.011804383874318272,1.7481960956748217,0.0,0.021787949905181344,0.4818995105577229,0.0019607843137254832,0.48239578948407974,0.4823918044876422,59.077450288338824,1.6521620066693253e-05,0.021793595671454318,0.47515257560721597,0.0019607843137254832,0.47565615269182304,0.47565211123095197,57.78077396267192,1.6993131188732466e-05,-0.019317226165034798,0.0,-0.01685446807475133,0.0,1.747950769246812,-0.014158704085288246,0.0
oft,lighting_low,episode_000003,alignment,3,3,3,0.5078125,0.93359375,0.0,1,1,0,0.0032498856088553235,0.006932381193665846,0.42578125,0.4258500822085719,0.0076563480514496495,1.2552380517654,0.9996767564520663,0.023864505073913134,0.47075388031396,0.5078125,0.6928580414409022,0.47135838852519957,64.4518255758487,0.5371780400612809,0.02711998706033851,0.47032402956610597,0.93359375,1.0457234225762158,0.4711052817422579,64.91756524764823,0.7970438222283671,-0.34929159385205844,0.3531856028229125,0.2826267952839287,0.47563692858287604,-0.3955199820080319,-0.3232317345553349,0.8728428698151813
openvla,lighting_low,episode_000003,alignment,4,4,,0.0019607843137254832,0.0019607843137254832,0.0,0,0,0,0.0,0.008827877270380903,0.0,0.008827877270380903,0.008827877270380903,1.3077261310661337,0.0,0.022029073257327562,0.4941594712112108,0.0019607843137254832,0.49465412939896214,0.4946502431580522,58.90060427242377,1.5712900844516114e-05,0.021908763820136862,0.48563812883693386,0.0019607843137254832,0.48613602087017777,0.48613206653374036,57.47655865274271,1.6268370106020498e-05,0.0,0.0,0.0,0.0,1.3077261310661337,0.0,0.0
oft,lighting_low,episode_000003,alignment,4,4,4,0.66796875,0.9609375,0.0,1,1,0,0.0039934590957969975,0.006989879966020429,0.29296875,0.2930793316050309,0.008050225927834418,1.1282834545729925,0.99924552343775,0.023894381996157496,0.4840914563348336,0.66796875,0.8252864536413529,0.48468080175240935,64.48151903308893,0.655092846377776,0.027692489647864346,0.47920747361704724,0.9609375,1.0741543444308086,0.4800069549009994,64.39810054992611,0.8003075334156423,-0.3790460629579749,0.43987661442490034,0.3585222357349975,0.38220824618266863,-0.43083426611589193,-0.33899913624096106,0.6005799562948495
openvla,lighting_low,episode_000003,alignment,5,5,,0.0019607843137254832,0.0019607843137254832,0.0,0,0,0,0.0,0.029909268848088505,0.0,0.029909268848088505,0.029909268848088505,4.038171800063727,0.0,0.02201649827385665,0.4876705611541991,0.0019607843137254832,0.4881712272223949,0.48816728937188547,57.73174029067447,1.6133005828447997e-05,0.022131005846455103,0.4891796628863503,0.0019607843137254832,0.489683947742321,0.4896800220566275,58.04747662401477,1.603348435624068e-05,0.0,0.0,0.0,3.7211997930793586,-1.5666818005841796,0.07079352042644194,0.0
oft,lighting_low,episode_000003,alignment,5,5,0,0.16015625,0.59375,0.0,0,1,0,0.002028326855332525,0.0028523858087467265,0.43359375,0.4336078761435227,0.003500030661866099,0.9941060008467706,0.999934844756297,0.022313418206827033,0.4835749325411156,0.16015625,0.509894722887264,0.48408945868942166,64.39275416720939,0.09865673718952453,0.024357464884071825,0.4849038370072471,0.59375,0.7669837545475977,0.48551520804185905,64.82703238191726,0.5992870798024194,-0.240623097986974,0.20227902707130435,0.17241428149653085,0.1019221989820449,-0.19775999100401603,-0.14190661517063483,0.8888583353163774
openvla,lighting_low,episode_000003,alignment,6,6,,0.0019607843137254832,0.0019607843137254832,0.0,0,0,0,0.0002591398783956091,0.007796915279679525,0.0,0.007801220504195156,0.007801220504195156,0.40811914829864565,0.0,0.022098065207936817,0.47564181023621827,0.0019607843137254832,0.47615890289465956,0.4761548657009827,58.4504922778215,1.695726589293381e-05,0.02206300077644064,0.4806759128513448,0.0019607843137254832,0.4811859867804338,0.4811819917647946,58.592536096845606,1.6604802154562262e-05,0.05795167849510517,0.0,0.0,0.0,0.07768670085541417,0.39644371438807463,0.0
oft,lighting_low,episode_000003,alignment,6,6,1,0.2490234375,0.84765625,0.0,0,1,0,0.0026015331751155155,0.005277867962640463,0.5986328125,0.5986617309188491,0.005884204711963479,1.4318739201058819,0.9999033921197835,0.023421845568267322,0.47792031801222884,0.2490234375,0.5394155037103124,0.4784939009211441,65.51758544159591,0.21312460836609706,0.026007553446478197,0.4771839608048929,0.84765625,0.9730889185731073,0.47789216909854987,65.82187279804009,0.758812511953535,-0.27684592994200213,0.32107782074810204,0.22175129127861487,0.37371472960083163,-0.3460799842570279,-0.23651102528439147,1.2271850440291425
openvla,lighting_low,episode_000003,alignment,7,7,,0.0019607843137254832,0.0019607843137254832,0.0,0,0,0,0.002647111210865454,0.01995929613625237,0.0,0.020134068143753472,0.020134068143753472,2.649759028573376,0.0,0.021883751099131606,0.469840718189432,0.0019607843137254832,0.47035416837321103,0.4703500813552922,59.785248995937756,1.7378394567767224e-05,0.023899047903500333,0.4739716601488752,0.0019607843137254832,0.47457785851227785,0.47457380786867565,60.55591097966463,1.70704395197302e-05,0.0,0.0,0.2696714891960195,-2.6320681463244244,0.02589556695180453,-0.1415870408528837,0.0
oft,lighting_low,episode_000003,alignment,7,7,2,0.50390625,0.94140625,0.0,1,1,0,0.002427562948020068,0.0041373499801568734,0.4375,0.43752629718306635,0.004796949731329688,1.0742973495495682,0.9998797951439736,0.02488429813321248,0.46371396510500545,0.50390625,0.685252784391316,0.4643811685748991,66.39975481399716,0.5407516735613449,0.027137644152338852,0.4600569310984568,0.94140625,1.0481576976394973,0.46085662801121696,66.15473736168272,0.8066792730862105,-0.2199243368698147,0.22475447452367153,0.22493432416778156,0.3312471466916457,-0.24013713193344796,-0.18132511938470017,0.8968660680669753
openvla,lighting_low,episode_000003,alignment,8,8,,0.0019607843137254832,0.0019607843137254832,0.0,0,0,0,0.00019624659991103726,0.032415998607546063,0.0,0.03241659264099799,0.03241659264099799,4.447277143678049,0.0,0.024473089520792815,0.45867001066856716,0.0019607843137254832,0.45932663266190127,0.4593224475217777,60.52322176853822,1.8222853889068942e-05,0.024619302213942065,0.45812244977942645,0.0019607843137254832,0.45878767824401023,0.4587834881874069,60.84669477846646,1.8265693122929537e-05,0.0,0.07548368340672451,0.0,3.7211997930793586,-2.434183293469635,0.0,0.0
oft,lighting_low,episode_000003,alignment,8,8,3,0.62890625,0.9453125,0.0,1,1,0,0.0026332262869157505,0.004243871865198239,0.31640625,0.31644566574397703,0.004994429805926327,0.9058935007018364,0.999750900116662,0.02518464781212018,0.4538943036056028,0.62890625,0.776000886996979,0.4545924607063294,67.80805939621861,0.6568215390439521,0.027828405230318036,0.4535783121325662,0.9453125,1.0488676885246015,0.45443118882256583,68.00465293727694,0.8122867851798148,-0.23027371742839414,0.2568622565984817,0.24429777424354573,0.3567276964371572,-0.24719998875502,-0.1813251193847001,0.6486263527984375
openvla,lighting_low,episode_000003,alignment,9,9,,0.0019607843137254832,0.0019607843137254832,0.0,0,0,0,0.0003789625926503417,0.014072454168965557,0.0,0.014077555859745837,0.014077555859745837,1.282906710318386,0.0,0.023517719790041375,0.41897972068305434,0.0019607843137254832,0.4196438182112279,0.4196392373072055,57.555320800085106,2.1832224475285782e-05,0.024096059907459725,0.43299956821811597,0.0019607843137254832,0.4336739453267439,0.43366951262469294,59.051105981982474,2.0442451960927676e-05,0.038634452330069985,0.025161227802241837,0.03370893614950231,-1.149638960463542,0.012947783475902298,0.5663481634115352,0.0
oft,lighting_low,episode_000003,alignment,9,9,4,0.75390625,0.96875,0.0,1,1,0,0.003007385427113632,0.003953713004292139,0.21484375,0.21490117060567637,0.004967515840691826,0.7344621267764121,0.9994656805800217,0.02451356089413927,0.42142171863044064,0.75390625,0.864043872375823,0.422134077753911,64.75618161521503,0.761312741245955,0.027764424237949666,0.42579901580906104,0.96875,1.058561395298936,0.42670325182406316,65.6382991863035,0.8375125579783103,-0.23027371742839414,0.20227902707130435,0.29283902580333854,0.2802860472006237,-0.23307427511187598,-0.18132511938470006,0.44042530128288965
openvla,lighting_low,episode_000003,alignment,10,10,,0.0019607843137254832,0.0019607843137254832,0.0,0,0,0,0.00019624659991103813,0.028016101940414127,0.0,0.028016789264004766,0.028016789264004766,3.7338867700636738,0.0,0.024537986743006602,0.4341236742094624,0.0019607843137254832,0.43482102292512076,0.43481660191685806,59.75645123510564,2.0334737993117828e-05,0.023630154245310394,0.39766534466775183,0.0019607843137254832,0.39837162953014615,0.39836680401280805,54.94816699706659,2.42260630745316e-05,0.0,0.07548368340672484,0.0,3.7211997930793586,-0.29779901994575314,0.014158704085288512,0.0
oft,lighting_low,episode_000003,alignment,10,10,0,0.81640625,0.8359375,0.0,1,1,0,0.0004062232060586072,0.00031105305255554785,0.01953125,0.019537950195891704,0.0005116359004650261,0.109141015329087,0.9993142528292421,0.026601514920011834,0.41365971943082763,0.81640625,0.9156097253277147,0.414514178377086,64.28126876622873,0.7950452507812797,0.025749906417533462,0.39750562282307883,0.8359375,0.9259942125967773,0.39833877272552254,61.77103981269501,0.8149502012136474,-0.0232861062568036,-0.08990178980946872,0.03023881244708383,0.008493516581836988,-0.021188570464715967,-0.01576740168562606,0.04003866375298997
openvla,lighting_low,episode_000003,alignment,11,11,,0.0019607843137254832,0.0019607843137254832,0.0,0,0,0,0.0014777498482673637,0.0018354992344356337,0.0,0.0023564384256050514,0.0023564384256050514,0.426681873722832,0.0,0.023621838615459672,0.3888774103426182,0.0019607843137254832,0.38959912244444395,0.3895941882707645,53.05364202560838,2.5329330330559717e-05,0.02441883646434969,0.39406379261931695,0.0019607843137254832,0.3948245140602564,0.39481964518979124,53.81192077892759,2.4663313806311703e-05,-0.3283928448055949,0.0,0.01685446807475133,0.0,-0.27190345299394864,0.0,0.0
oft,lighting_low,episode_000003,alignment,11,11,1,0.8671875,0.89453125,0.0,1,1,0,0.0001502798547756482,0.00019802409551964605,0.02734375,0.02734487998949086,0.0002485911847949637,0.06689038152524353,0.9999173544631634,0.027236707054298547,0.38945806971310987,0.8671875,0.9510171325649571,0.3904093060825051,60.055012705965396,0.8314752696468216,0.02761419613172049,0.3937910515475029,0.89453125,0.9777628001378718,0.39475807288374637,60.74467884157969,0.8369972166970598,-0.025873451396448668,0.0,0.010610109630555664,0.0169870331636745,-0.014125713643144001,0.007883700842813078,0.05605412925418596
openvla,lighting_low,episode_000003,alignment,12,12,,0.0019607843137254832,0.0019607843137254832,0.0,0,0,0,0.0012537706947026626,0.0026272419700276257,0.0,0.0029110721949085765,0.0029110721949085765,0.44217808861927943,0.0,0.023944585708706178,0.39893264556192215,0.0019607843137254832,0.39965540601238053,0.399650595995797,53.55649491363263,2.407067471567015e-05,0.024137251635274602,0.3954444495582382,0.0019607843137254832,0.396185265094561,0.3961804129470848,53.10447475859311,2.4494185883101327e-05,-0.2704411663104899,0.0,0.03370893614950231,-0.34791705382449317,0.0,0.014158704085288512,0.0
oft,lighting_low,episode_000003,alignment,12,12,2,0.94921875,0.9609375,0.0,1,1,0,0.00024214695696254517,0.00015582164614506898,0.01171875,0.011722287195623283,0.00028795057592159766,0.037935128221716005,0.9993965918270798,0.030276666820344487,0.3869777163421582,0.94921875,1.0255167794096323,0.38816031417333485,58.927529299481165,0.8567361163143605,0.029660265145911715,0.3808780803661594,0.9609375,1.034093188420747,0.3820312074058039,58.01393828224434,0.863517073165044,-0.005174690279290135,-0.0016053891037407398,-0.02546426311333396,0.008493516581837512,-0.007062856821572001,-0.007883700842813078,0.02402319825179398
openvla,lighting_low,episode_000003,alignment,13,13,,0.0019607843137254832,0.0019607843137254832,0.0,0,0,0,0.0014684593109084466,0.0037848924898101328,0.0,0.004059776337092334,0.004059776337092334,0.602547164775787,0.0,0.0239062397059752,0.39414823579114033,0.0019607843137254832,0.39487743003275444,0.3948725618147555,52.830197831961975,2.465670418169761e-05,0.023468740428418594,0.38974159755520177,0.0019607843137254832,0.39045248022941575,0.39044755683981086,52.22147281986526,2.5218733718234242e-05,0.3283928448055949,0.0,0.0,0.49918533809601146,-0.07768670085541396,0.0,0.0
oft,lighting_low,episode_000003,alignment,13,13,3,0.97265625,0.9765625,0.0,1,1,0,0.0003618860874268774,0.00010217546343086121,0.00390625,0.003924307636781353,0.0003760337293387985,0.042637535423792845,0.9908182066799361,0.031191924063720778,0.37664340695402454,0.97265625,1.0435005379935338,0.37793278784557954,57.28843071883097,0.8688272004425988,0.031474334408695695,0.37593487876308757,0.9765625,1.0468963574314976,0.37725013823335807,57.16912373243601,0.8701471644152676,0.0,-0.004816167311221064,0.03819639467000076,0.008493516581837512,-0.014125713643144001,0.0,0.008007732750597994
openvla,lighting_low,episode_000003,alignment,14,14,,0.0019607843137254832,0.0019607843137254832,0.0,0,0,0,0.0003419780145553711,0.0037483844603121777,0.0,0.0037639520486782304,0.0037639520486782304,0.5006949663947817,0.0,0.023634289855819453,0.39484779953203497,0.0019607843137254832,0.39555936233061645,0.3955545025053804,53.69856754052623,2.4571762648500845e-05,0.023827025053088008,0.39787501167058126,0.0019607843137254832,0.39859264507749087,0.39858782223588524,54.10358907888577,2.4199204314370933e-05,-0.019317226165034798,0.0,-0.03370893614950231,0.49918533809601146,0.0,0.0,0.0
oft,lighting_low,episode_000003,alignment,14,14,4,0.98046875,0.98046875,0.0,1,1,0,0.0005223286329015789,0.00014533880595663404,0.0,0.0005421720845504059,0.0005421720845504059,0.05620165877218763,0.0,0.03199114230640749,0.3784570101127005,0.98046875,1.0514618925173065,0.37980671622486284,58.333655972503486,0.869521725267883,0.03195324805359904,0.38488541743546684,0.98046875,1.053791613338335,0.386209521653271,59.29409976317992,0.8656813006762895,0.0,0.0016053891037407398,-0.05517257007888982,0.0,-0.007062856821572001,-0.00788370084281303,0.0
openvla,lighting_low,episode_000003,alignment,15,15,,0.0019607843137254832,0.0019607843137254832,0.0,0,0,0,0.012574074956754501,0.01488918903084972,0.0,0.019488337820718737,0.019488337820718737,2.3609342836461416,0.0,0.015500316507242212,0.39909235605001175,0.0019607843137254832,0.39939806352121815,0.3993932504053793,55.35633673860814,2.4101703423966937e-05,0.023826955883819268,0.41011704463693144,0.0019607843137254832,0.41081328946803225,0.41080861009528546,56.781180851737915,2.2780889598736972e-05,0.019317226165034798,0.0,1.2809395736810931,-1.981614523956894,0.07768670085541396,0.0,0.0
oft,lighting_low,episode_000003,alignment,15,15,0,0.474609375,0.8359375,0.0,0,1,0,0.0031488106216520963,0.002023238346086844,0.361328125,0.3613475092175837,0.003742793306623449,0.8356776400960865,0.9998927143696121,0.024202578058444706,0.4009540175226126,0.474609375,0.6217748368904046,0.4016838171400469,62.61841756431528,0.5826481082914206,0.026767273000845495,0.3989833175818433,0.8359375,0.926658339690938,0.3998802003256924,62.345965318296706,0.8137824859112514,-0.05692159307218707,-0.061004785942139456,0.3310354204733393,0.025480549745510964,-0.14831999325301198,-0.10248811095656958,0.7407152794303145
openvla,lighting_low,episode_000003,alignment,16,16,,0.0019607843137254832,0.0019607843137254832,0.0,0,0,0,0.0001654444506790885,0.014087279156977602,0.0,0.014088250633519978,0.014088250633519978,1.8762045799222768,0.0,0.024110605643980227,0.4187657543781693,0.0019607843137254832,0.41946385186278173,0.41945926899335145,58.381731714129586,2.1850962245231967e-05,0.0241284522984494,0.425490907062242,0.0019607843137254832,0.4261789986356589,0.4261744879775982,59.22236261747567,2.116779195989908e-05,0.0,0.0,0.016854468074750977,-1.8757267249668312,0.03884335042770679,0.0,0.0
oft,lighting_low,episode_000003,alignment,16,16,1,0.5703125,0.8984375,0.0,1,1,0,0.002261529286342059,0.0008456649108014505,0.328125,0.3281338831770568,0.0024144696838733857,0.7208152900544561,0.9999458571194846,0.025812815217020283,0.4199494142186033,0.5703125,0.7087172635037375,0.4207419778581359,65.68483343212525,0.6475596167742284,0.027657557838749548,0.416956791825793,0.8984375,0.9908621741501245,0.4178730749345565,65.27055951530782,0.8221465563936539,-0.051746902792897335,-0.01605389103740509,0.23766645572444872,0.03397406632734847,-0.07062856821572001,-0.039418504214065245,0.6726495510502315
openvla,lighting_low,episode_000003,alignment,17,17,,0.0019607843137254832,0.0019607843137254832,0.0,0,0,0,0.0001654444506790885,0.014090018591989587,0.0,0.01409098987966682,0.01409098987966682,1.8762580032134977,0.0,0.015902176765959578,0.1622245932573822,0.0019607843137254832,0.1630139336331219,0.1630021407326263,22.411246441283502,0.00014468056400390557,0.016635547488720676,0.18046560201672954,0.0019607843137254832,0.1812413297971383,0.1812307229790526,24.85671752267185,0.00011704292531122166,0.0,0.0,0.016854468074750977,-1.8757267249668312,0.03884335042770679,0.014158704085288512,0.0
oft,lighting_low,episode_000003,alignment,17,17,2,0.61328125,0.9375,0.0,1,1,0,0.0033595814476729637,0.000901400879765659,0.32421875,0.32423740864158795,0.0034784063951169755,0.7578784046495596,0.9998849108448107,0.01837929383318832,0.16330460388597118,0.61328125,0.6349173833607984,0.16433560810780062,25.284299021473654,0.9330070785739393,0.022203230568591675,0.1730299154273362,0.9375,0.9535924627850585,0.17444866030002396,26.89086396652756,0.9665335491314492,-0.04139752223431787,-0.0016053891037401623,0.3543776616605618,0.025480549745511488,-0.04943999775100397,-0.04730220505687827,0.6646418182996335
openvla,lighting_low,episode_000003,descent_to_grasp,18,18,,0.0019607843137254832,0.0019607843137254832,0.0,0,0,0,0.0001654444506790885,0.014087279156977602,0.0,0.014088250633519978,0.014088250633519978,1.8762045799222768,0.0,0.012570933542104677,0.00017850238179219235,0.0019607843137254832,0.012724185960023919,0.012572200810531063,1.2837940117169762,0.02374650135221944,0.012416451211751653,0.013961961124966034,0.0019607843137254832,0.018786944782849174,0.01868434154978098,2.2504458928263147,0.010892995643643792,0.0,0.0,0.016854468074750977,-1.8757267249668312,0.03884335042770679,0.0,0.0
oft,lighting_low,episode_000003,descent_to_grasp,18,18,3,0.76953125,0.97265625,0.0,1,1,0,0.006360001200099754,0.0003341767296649923,0.203125,0.20322481864760494,0.006368774556531257,0.792688308347889,0.9990178942303282,0.015936292250507574,0.0003753359263602519,0.76953125,0.7696963368850821,0.015940711645067933,2.3084692347865774,0.9995710797284717,0.021976151135744224,7.25946368541325e-05,0.97265625,0.9729044851128937,0.021976271037698187,3.061293667694962,0.9994897681154025,-0.03622283195502854,0.0,0.671619939614178,0.008493516581837512,-0.04943999775100401,-0.007883700842813078,0.4164021030310957
openvla,lighting_low,episode_000003,descent_to_grasp,19,19,,0.0019607843137254832,0.0019607843137254832,0.0,0,0,0,0.00016544445067909197,0.01488918903084972,0.0,0.014890108188412741,0.014890108188412741,1.9832083647818728,0.0,0.01241745781101005,0.00037940974005645203,0.0019607843137254832,0.012577038020297788,0.012423252804280535,1.269104120067692,0.02430540713372049,0.012553361838191822,0.01475699228686172,0.0019607843137254832,0.019473068323200095,0.019374099070539177,2.3463609923197315,0.010138900768965016,0.0,0.0,-0.01685446807475133,-1.981614523956894,0.07768670085541396,0.0,0.0
oft,lighting_low,episode_000003,descent_to_grasp,19,19,4,0.890625,0.98046875,0.0,1,1,0,0.0069708169519419015,0.0002966562981462184,0.08984375,0.09011425918243578,0.0069771264813467725,0.7603139732318601,0.9940053178852788,0.015011985810877688,0.0002679487146909806,0.890625,0.8907515490525401,0.015014376926789122,2.4197261204795355,0.9997158802288604,0.022282988924834334,8.906734797224952e-05,0.98046875,0.9807219326878436,0.0222831669296975,3.09634472427359,0.9994837476380461,-0.005174690279290135,0.0,0.7363416083605683,-0.008493516581836988,-0.042377140929432004,0.00788370084281303,0.18417785326375385
openvla,lighting_low,episode_000003,descent_to_grasp,20,20,,0.0019607843137254832,0.0019607843137254832,0.0,0,0,0,0.00016544445067909197,0.0020103086853342647,0.0,0.0020171050732648724,0.0020171050732648724,0.2982755929920078,0.0,0.00430845133686173,0.00037940974005645203,0.0019607843137254832,0.004748829308146087,0.004325124815881656,0.4537061219756985,0.17048513924228695,0.004354722694677131,0.0016729659303796433,0.0019607843137254832,0.005060345825800742,0.004665021409570065,0.5176943414242915,0.1501409821285678,0.0,0.0,0.01685446807475133,0.0,0.29779901994575314,0.0,0.0
oft,lighting_low,episode_000003,descent_to_grasp,20,20,0,0.1787109375,0.83984375,0.0,0,1,0,0.006019375406446876,0.0019996133992869272,0.6611328125,0.6611632378605079,0.0063428175151383085,1.5113917279632219,0.9999079662669983,0.009162384354792295,0.0022894501487069905,0.1787109375,0.17896030300370322,0.00944409175349102,1.0686597147130785,0.9972151168160832,0.014968021852984462,0.00040768669860720473,0.83984375,0.8399772212987077,0.014973572941540763,2.340247812532503,0.9996822278244817,-0.03622283195502854,-0.03210778207481018,0.6355455668702887,0.07644164923653393,-0.16244570689615598,-0.0946044101137566,1.3553087680387104
openvla,lighting_low,episode_000003,descent_to_grasp,21,21,,0.0019607843137254832,0.9980392156862745,0.0,0,1,0,0.010754088252503596,0.0003496189017972647,0.996078431372549,0.9961365439000404,0.010759769863669473,2.3190541107717992,0.9998833275763943,0.0019815272510103955,0.00015829896055952945,0.0019607843137254832,0.0027921647394741874,0.0019878402368930562,0.22405989684388272,0.49314833491705806,0.012328067160183916,0.00037940974005645203,0.9980392156862745,0.998115424807838,0.012333904153059355,2.404474599212385,0.9998472998006618,0.0,-0.02516122780224117,1.0955404248588294,0.0,-0.051791133903609426,0.0,2.043156317380581
oft,lighting_low,episode_000003,descent_to_grasp,21,21,1,0.263671875,0.90234375,0.0,0,1,0,0.005990534396625783,0.0004657653263495752,0.638671875,0.6387001388411561,0.0060086137915817284,1.4571302774294768,0.9999114976995629,0.01175007369343509,0.0006540469522620851,0.263671875,0.2639343662262127,0.011768262795201281,1.3605401888649047,0.998011924691919,0.01737400882166673,0.0003035172493873473,0.90234375,0.9025110478378192,0.017376659784205623,2.607132634984946,0.9996292957692234,-0.010349380558579467,0.0722425096683229,0.632362533981122,0.03397406632734847,-0.04943999775100397,0.01576740168562606,1.309264304722772
openvla,lighting_low,episode_000003,descent_to_grasp,22,22,,0.0019607843137254832,0.9980392156862745,0.0,0,1,0,0.0006705897028457187,0.00020847168477817812,0.996078431372549,0.9960786789187844,0.0007022471024624889,2.044734347218423,0.9999995029585316,0.021640157572277094,0.00019645361118438722,0.0019607843137254832,0.021729696014884354,0.021641049276186427,2.206710828140879,0.008142398360917234,0.022277709031733046,0.00037940974005645203,0.9980392156862745,0.998287892503524,0.02228093964475937,3.058119920541113,0.9995018554346745,0.019317226165034798,-0.02516122780224117,0.06741787229900462,0.015126828427151595,-0.025895566951804706,0.0,2.043156317380581
oft,lighting_low,episode_000003,descent_to_grasp,22,22,2,0.37890625,0.9453125,0.0,0,1,0,0.006654745676404418,0.0002398841090225367,0.56640625,0.5664453929757624,0.006659067832916618,1.3580004083807844,0.9998617991290857,0.013442962760614626,0.00032322321010077915,0.37890625,0.37914477974790756,0.01344684799597361,1.6207793445091037,0.9987421442781749,0.020074015550357253,0.00016655908013095207,0.9453125,0.945525629741729,0.020074706529440448,2.8735651435972547,0.9995492333272153,-0.010349380558579467,0.017659280141145827,0.7029197630243177,0.025480549745511488,-0.028251427286287968,0.0,1.161121248836709
openvla,lighting_low,episode_000003,descent_to_grasp,23,23,,0.9980392156862745,0.9980392156862745,0.0,1,1,0,0.009433893520543853,0.0007352155485969962,0.0,0.0094624990811021,0.0094624990811021,0.9684815174656601,0.0,0.012352893655794424,0.00027329504652911504,0.9980392156862745,0.9981156970609809,0.012355916471627003,2.4044285447743197,0.9998467543498017,0.022250997429337654,0.0007975134223071923,0.9980392156862745,0.9982875432268666,0.0222652849579598,3.056798782628979,0.9995025548378285,0.05795167849510517,0.0,0.9607046802608196,-0.030253656854303652,0.10358226780721844,0.0,0.0
oft,lighting_low,episode_000003,descent_to_grasp,23,23,3,0.58203125,0.9765625,0.0,1,1,0,0.008769024559402415,0.0003679079856742846,0.39453125,0.394628861558011,0.008776739030489948,1.230531233298012,0.9995053606292111,0.014345008223117357,0.0003477896080105521,0.58203125,0.5822081038555674,0.014349223621253687,1.9299836949368145,0.9993925642962364,0.02358624642229205,0.00016330881071072439,0.9765625,0.9768473033674765,0.02358681178245038,3.197204643705876,0.9994169777635287,-0.015524070837869603,0.009632334622443284,0.9262625707475157,0.016987033163673976,-0.03531428410786001,0.01576740168562606,0.8087810078103974
openvla,lighting_low,episode_000003,descent_to_grasp,24,24,,0.9980392156862745,0.9980392156862745,0.0,1,1,0,0.004302422932429977,0.0,0.0,0.004302422932429977,0.004302422932429977,0.4386417294634534,0.0,0.012764530346024636,0.0008321883428911208,0.9980392156862745,0.9981211859388952,0.012791628996833346,2.429541961369691,0.999835757645684,0.017232126780000617,0.0008321883428911208,0.9980392156862745,0.998188316290305,0.01725220944691022,2.7012114511250833,0.9997012798768969,-0.019317226165034798,0.0,0.4382161699435318,0.0,0.0,0.0,0.0
oft,lighting_low,episode_000003,descent_to_grasp,24,24,4,0.8125,0.98046875,0.0,1,1,0,0.007782503843275867,0.00019709389204402937,0.16796875,0.16814906240783914,0.007784999169742068,0.8916245501071942,0.9978564765398765,0.014062538577442777,0.00033287496734535083,0.8125,0.8126217544448253,0.014066477774693689,2.2335420631933527,0.9997003641042698,0.02200819481827432,0.00023891552635001075,0.98046875,0.9807157526247604,0.02200949158403819,3.0744969033330634,0.9994963443401109,0.0,0.004816167311221642,0.8220845568124968,0.008493516581836988,-0.021188570464716002,0.00788370084281303,0.34433250827571377
openvla,lighting_low,episode_000003,descent_to_grasp,25,25,,0.9980392156862745,0.9980392156862745,1.0,1,1,1,0.0006673914575159873,0.0007778511419626759,0.0,0.001024921341673571,0.001024921341673571,0.1330676496392073,0.0,0.022160430325655445,0.00016920937096997742,0.0019607843137254832,0.02224765109296722,0.022161076328316133,2.258627127121942,0.007767679857429959,0.02148450665697967,0.0008321883428911208,0.0019607843137254832,0.021589841103092897,0.021500617752330923,2.193643780389948,0.008248229869081474,-0.019317226165034798,0.0,-0.06741787229900532,0.04538048528145571,0.10358226780721844,0.0,0.0
oft,lighting_low,episode_000003,descent_to_grasp,25,25,0,0.90625,0.9609375,1.0,1,1,1,0.000464599396627005,0.0004118034553918285,0.0546875,0.05469102386073257,0.0006208338628158316,0.13365532802704924,0.9998711398339676,0.013131613532114495,0.00027108782446953246,0.09375,0.09466559703802321,0.01313441139013805,1.402826002328772,0.9807497278646964,0.012655087328090299,0.000320619325374943,0.0390625,0.041062549096267706,0.01265914815591458,1.3414965829135748,0.9049576528665968,-0.010349380558579868,0.006421556414962382,-0.04880650430055643,0.008493516581836988,-0.04943999775100401,-0.01576740168562606,0.11210825850837192
openvla,lighting_low,episode_000003,grasp_close,26,26,,0.9980392156862745,0.9980392156862745,1.0,1,1,1,0.0006673914575159873,0.0007778511419626759,0.0,0.001024921341673571,0.001024921341673571,0.1330676496392073,0.0,0.010228287087725859,0.00016920937096997742,0.0019607843137254832,0.010415909162675886,0.010229686630594486,1.0422285548241617,0.03543767984746381,0.009566646911222155,0.0008321883428911208,0.0019607843137254832,0.009800915553507854,0.00960277410762329,0.9822378883915005,0.04002454036941315,-0.019317226165034798,0.0,-0.06741787229900532,0.04538048528145571,0.10358226780721844,0.0,0.0
oft,lighting_low,episode_000003,grasp_close,26,26,1,0.98046875,0.9921875,1.0,1,1,1,0.0008086383846031152,0.0006549508691349611,0.01171875,0.011764861165374379,0.0010406039967414005,0.13971239107133288,0.9921765670264386,0.003960056736296901,0.00035004797064261444,0.01953125,0.019931741256070466,0.003975497822467203,0.42321101257674526,0.9602174553990797,0.003158222420629142,0.0009181444522876136,0.0078125,0.008476586243496323,0.003288975234542078,0.3674170052362648,0.8494505280395931,0.020698761117159337,0.004816167311221642,-0.08488087704444569,0.0,0.10594285232357997,0.00788370084281303,0.02402319825179398
openvla,lighting_low,episode_000003,grasp_close,27,27,,0.9980392156862745,0.9980392156862745,1.0,1,1,1,0.0006673914575159873,0.0007778511419626759,0.0,0.001024921341673571,0.001024921341673571,0.1330676496392073,0.0,0.010228287087725859,0.00016920937096997742,0.0019607843137254832,0.010415909162675886,0.010229686630594486,1.0422285548241617,0.03543767984746381,0.009566646911222155,0.0008321883428911208,0.0019607843137254832,0.009800915553507854,0.00960277410762329,0.9822378883915005,0.04002454036941315,-0.019317226165034798,0.0,-0.06741787229900532,0.04538048528145571,0.10358226780721844,0.0,0.0
oft,lighting_low,episode_000003,grasp_close,27,27,2,0.984375,0.9921875,1.0,1,1,1,0.004017767323097591,0.00015582164614506697,0.0078125,0.008786460658192134,0.00402078781434163,0.42495052571803604,0.7905914679042437,0.006893067676679679,0.00031875860436862246,0.015625,0.01708088446314023,0.0069004339749863,0.730200178209544,0.8367955112198289,0.010910787123798229,0.00028212996330544566,0.0078125,0.01342237047719351,0.010914434157437385,1.1536085344264377,0.33878300593015603,0.0,0.004816167311221642,0.4244043852222295,-0.008493516581836988,0.007062856821572001,0.00788370084281303,0.016015465501195987
openvla,lighting_low,episode_000003,grasp_close,28,28,,0.9980392156862745,0.9980392156862745,1.0,1,1,1,0.002979252618661464,0.0007778511419626759,0.0,0.0030791230187918487,0.0030791230187918487,0.32434782619590286,0.0,0.010228287087725859,0.00016920937096997742,0.0019607843137254832,0.010415909162675886,0.010229686630594486,1.0422285548241617,0.03543767984746381,0.00725048559688356,0.0008321883428911208,0.0019607843137254832,0.007556901081370044,0.007298087340437892,0.7486952704040579,0.06732435060264454,-0.019317226165034798,0.0,-0.30338042534552184,0.04538048528145571,0.10358226780721844,0.0,0.0
oft,lighting_low,episode_000003,grasp_close,28,28,3,0.9921875,0.9921875,1.0,1,1,1,0.0030133927435266046,0.00019709389204402937,0.0,0.003019831423940724,0.003019831423940724,0.3192641328274675,0.0,0.009665226080892753,0.00023305568964385306,0.0078125,0.012430046918626045,0.009668035485518495,1.0214139243754055,0.3950340441150362,0.012678523941001236,0.00011893007683013642,0.0078125,0.014892758976620697,0.012679081736691989,1.339497468582363,0.275188156428433,-0.005174690279289734,0.0016053891037407398,0.31830328891667253,-0.008493516581836988,-0.021188570464716002,0.00788370084281303,0.0
openvla,lighting_low,episode_000003,grasp_close,29,29,,0.9980392156862745,0.9980392156862745,1.0,1,1,1,0.0016544445067909128,0.0,0.0,0.0016544445067909128,0.0016544445067909128,0.1685446807475126,0.0,0.010228287087725859,0.0002573238228125581,0.0019607843137254832,0.010417713157103064,0.010231523459325417,1.0425311717195889,0.03542540770274385,0.008573852867184109,0.0002573238228125581,0.0019607843137254832,0.008798968329461128,0.008577713479588137,0.8740908747858807,0.049658790633995774,0.0,0.0,-0.1685446807475126,0.0,0.0,0.0,0.0
oft,lighting_low,episode_000003,grasp_close,29,29,4,0.98828125,0.9921875,1.0,1,1,1,0.0017276893354005588,0.00015582164614506697,0.00390625,0.004274105741270819,0.0017347019412752678,0.18323622474493362,0.8352751183444935,0.010549159808968004,0.00021108108453903116,0.01171875,0.015768907047157582,0.010551271387818438,1.1148288749216329,0.5522800970780847,0.012276751926779994,5.804908989645412e-05,0.0078125,0.01455187836049127,0.012276889164952745,1.2969584305922892,0.28823183664428115,0.0,-0.004816167311221642,0.18249388564555855,-0.008493516581836988,0.007062856821572001,0.00788370084281303,0.008007732750597994
openvla,lighting_low,episode_000003,grasp_close,30,30,,0.9980392156862745,0.9980392156862745,1.0,1,1,1,0.0009926667040745414,0.0,0.0,0.0009926667040745414,0.0009926667040745414,0.10112680844850692,0.0,0.007581194489830667,0.0002573238228125581,0.0019607843137254832,0.00783488357076081,0.00758556032488212,0.7730485382186897,0.06263175102574975,0.008573852867184109,0.0002573238228125581,0.0019607843137254832,0.008798968329461128,0.008577713479588137,0.8740908747858807,0.049658790633995774,0.0,0.0,0.10112680844850692,0.0,0.0,0.0,0.0
oft,lighting_low,episode_000003,grasp_close,30,30,0,0.96875,0.98828125,1.0,1,1,1,6.182881281912633e-05,7.055295174315171e-05,0.01953125,0.019531475292040648,9.38110925972726e-05,0.043283200196710586,0.9999769304941969,0.0018410882888225718,0.00035828025996484646,0.03125,0.03130623693183069,0.0018756254508616862,0.2115250196694855,0.9964105285875823,0.0018023923592620115,0.0003958241403580833,0.01171875,0.011863152891593209,0.0018453441323548014,0.20158152440593963,0.9758033924129774,0.010349380558579467,-0.004816167311221642,-0.004244043852222266,-0.008493516581836988,0.007062856821572036,0.0,0.04003866375298997
openvla,lighting_low,episode_000003,grasp_close,31,31,,0.9980392156862745,0.9980392156862745,1.0,1,1,1,0.0009926667040745414,0.0,0.0,0.0009926667040745414,0.0009926667040745414,0.10112680844850692,0.0,0.007581194489830667,0.0002573238228125581,0.0019607843137254832,0.00783488357076081,0.00758556032488212,0.7730485382186897,0.06263175102574975,0.008573852867184109,0.0002573238228125581,0.0019607843137254832,0.008798968329461128,0.008577713479588137,0.8740908747858807,0.049658790633995774,0.0,0.0,0.10112680844850692,0.0,0.0,0.0,0.0
oft,lighting_low,episode_000003,grasp_close,31,31,1,0.98828125,0.9921875,1.0,1,1,1,0.0019900060288596615,0.00033417672966499156,0.00390625,0.004396656359558635,0.0020178696889411344,0.21693003711228923,0.7893598341734152,0.005306101848137699,0.0004551500947352554,0.01171875,0.012872100838404267,0.00532558714430135,0.5653537127023223,0.8288266601322132,0.007295561400661816,0.0006993853638216796,0.0078125,0.010712119878341288,0.007329007848130235,0.779780650320581,0.5318990471771002,0.0155240708378692,0.006421556414962382,0.21008017068500362,-0.008493516581836988,0.04943999775100404,0.00788370084281303,0.008007732750597994
openvla,lighting_low,episode_000003,grasp_close,32,32,,0.9980392156862745,0.9980392156862745,1.0,1,1,1,0.0009926667040745414,0.0,0.0,0.0009926667040745414,0.0009926667040745414,0.10112680844850692,0.0,0.007581194489830667,0.0002573238228125581,0.0019607843137254832,0.00783488357076081,0.00758556032488212,0.7730485382186897,0.06263175102574975,0.008573852867184109,0.0002573238228125581,0.0019607843137254832,0.008798968329461128,0.008577713479588137,0.8740908747858807,0.049658790633995774,0.0,0.0,0.10112680844850692,0.0,0.0,0.0,0.0
oft,lighting_low,episode_000003,grasp_close,32,32,2,0.98828125,0.9921875,1.0,1,1,1,0.0026517092376542248,0.0001021754634308593,0.00390625,0.0047223713078164515,0.0026536770162150594,0.2807056671999609,0.6842263676043098,0.008982204461503909,0.00010667093755607208,0.01171875,0.01476551649078622,0.008982837840970958,0.9492581230625364,0.6298908400770442,0.011633908569865702,5.804908989645412e-05,0.0078125,0.014013791583965861,0.01163405339118024,1.2290549617202688,0.3107912277668732,0.0,0.0,0.28010689424667173,-0.008493516581836988,-0.014125713643144001,0.0,0.008007732750597994
openvla,lighting_low,episode_000003,grasp_close,33,33,,0.9980392156862745,0.9980392156862745,1.0,1,1,1,0.0016544445067909128,0.0,0.0,0.0016544445067909128,0.0016544445067909128,0.1685446807475126,0.0,0.010228287087725859,0.0002573238228125581,0.0019607843137254832,0.010417713157103064,0.010231523459325417,1.0425311717195889,0.03542540770274385,0.008573852867184109,0.0002573238228125581,0.0019607843137254832,0.008798968329461128,0.008577713479588137,0.8740908747858807,0.049658790633995774,0.0,0.0,-0.1685446807475126,0.0,0.0,0.0,0.0
oft,lighting_low,episode_000003,grasp_close,33,33,3,0.98828125,0.9921875,1.0,1,1,1,0.0013660405458743353,0.00014986555073847135,0.00390625,0.004140931721095,0.0013742366813146844,0.14499227401046444,0.8898645998434291,0.010508958320636955,0.00021108108453903116,0.01171875,0.015742041219982714,0.010511077975599595,1.1105612655962862,0.554166780317612,0.011874978548548713,8.906734797224952e-05,0.0078125,0.014214717892767584,0.011875312565190312,1.2545724139734171,0.3020672004840555,0.0,-0.0016053891037407398,0.14429749097555813,-0.008493516581836988,0.0,0.00788370084281303,0.008007732750597994
openvla,lighting_low,episode_000003,grasp_close,34,34,,0.9980392156862745,0.9980392156862745,1.0,1,1,1,0.00628688912580545,0.0008572778788569277,0.0,0.006345068970606092,0.006345068970606092,0.6525643180193057,0.0,0.002287138552028496,0.0008040392196967595,0.0019607843137254832,0.003118037355122208,0.002424351835642999,0.26140625841256204,0.39545495362194727,0.008573852867184109,0.0002573238228125581,0.0019607843137254832,0.008798968329461128,0.008577713479588137,0.8740908747858807,0.049658790633995774,0.0,0.0,0.640469786840546,0.04538048528145571,-0.1165300512831207,0.0,0.0
oft,lighting_low,episode_000003,grasp_close,34,34,4,0.98828125,0.9921875,1.0,1,1,1,0.000602680489332883,7.055295174315157e-05,0.00390625,0.003953098854534528,0.000606796087019515,0.0651260637363735,0.9764381062395604,0.010549135601243771,8.906734797224952e-05,0.01171875,0.015767729592062504,0.010549511596557615,1.1146959134214065,0.5523625831824324,0.011151786603678694,5.892673348074648e-05,0.0078125,0.013616202593377725,0.011151942288852927,1.1781398918684187,0.32920623468875565,0.0,-0.0016053891037407398,0.06366065778333435,-0.008493516581836988,0.007062856821572001,0.0,0.008007732750597994
openvla,lighting_low,episode_000003,grasp_close,35,35,,0.9980392156862745,0.9980392156862745,1.0,1,1,1,0.0009926667040745414,0.0,0.0,0.0009926667040745414,0.0009926667040745414,0.10112680844850692,0.0,0.0066306701392689765,0.0002573238228125581,0.0019607843137254832,0.006919297447756676,0.006635661387200234,0.6763184375276674,0.08030371680260007,0.008158002296443236,0.0002573238228125581,0.0019607843137254832,0.008394277344924449,0.008162059606408173,0.8317591219604138,0.0545623440317712,0.0,0.0,0.10112680844850692,0.0,0.0,0.0,0.0
oft,lighting_low,episode_000003,grasp_close,35,35,0,0.96875,0.98828125,1.0,1,1,1,6.0029800623186845e-05,7.055295174315171e-05,0.01953125,0.019531469679941203,9.263528465185962e-05,0.0429473077849224,0.9999775051535414,0.0007306109650363701,0.00035828025996484646,0.03125,0.031260592718739544,0.0008137303772822139,0.11353778132798174,0.9993224105408284,0.0013157328302000372,0.0003958241403580833,0.01171875,0.011799022467690127,0.0013739831260086185,0.15352836224143143,0.9864396549013243,0.005174690279289734,-0.008026945518702545,0.005305054815277832,-0.008493516581836988,0.007062856821572036,0.0,0.04003866375298997
openvla,lighting_low,episode_000003,lift,36,36,,0.9980392156862745,0.9980392156862745,1.0,1,1,1,0.0009926667040745414,0.0,0.0,0.0009926667040745414,0.0009926667040745414,0.10112680844850692,0.0,0.005875724636576826,0.0002573238228125581,0.0019607843137254832,0.006199599235403418,0.005881356608356846,0.5995152277880436,0.10003049449863118,0.004283646019152411,0.0002573238228125581,0.0019607843137254832,0.004718104904740787,0.004291367936589354,0.43766965276703323,0.17271277489733045,0.0,0.0,0.10112680844850692,0.0,0.0,0.0,0.0
oft,lighting_low,episode_000003,lift,36,36,1,0.98828125,0.9921875,1.0,1,1,1,0.001869677132113358,0.000262111222236155,0.00390625,0.004338569341807246,0.0018879605057229778,0.20300766703388617,0.8106380470099966,0.008271430605429125,0.0004606982726555922,0.01171875,0.014351233700325471,0.00828425054901513,0.8773491641787742,0.666782365460381,0.005804714055762416,0.0006993853638216796,0.0078125,0.009758022412676337,0.005846695233744764,0.6246311587177725,0.6409976511890381,0.0155240708378692,0.009632334622442706,0.19734803912833646,-0.008493516581836988,0.042377140929432004,0.0,0.008007732750597994
openvla,lighting_low,episode_000003,lift,37,37,,0.9980392156862745,0.9980392156862745,1.0,1,1,1,0.0009926667040745414,0.00035179323345938804,0.0,0.001053159847547382,0.001053159847547382,0.11159598975008142,0.0,0.005841683980172303,0.00016420023734706128,0.0019607843137254832,0.006164163249549647,0.005843991225365294,0.5954925744479392,0.10118389284650961,0.0041005678200231955,0.0002573238228125581,0.0019607843137254832,0.00455253194621944,0.0041086338357654425,0.4190756479355068,0.1855041559309026,0.0,0.0,0.10112680844850692,0.04538048528145571,0.012947783475902265,0.0,0.0
oft,lighting_low,episode_000003,lift,37,37,2,0.98828125,0.9921875,1.0,1,1,1,0.0025713589355322373,0.00012800905820651198,0.00390625,0.004678361054560069,0.0025745432787825494,0.2725663820865323,0.6971602197301888,0.004360238737283526,0.00010667093755607208,0.01171875,0.012504085816145333,0.004361543366175204,0.4615136276133214,0.8783319636912919,0.001040527211066156,0.00011893007683013642,0.0078125,0.007882385266538545,0.0010473018858686042,0.11260624983652044,0.9823465962072454,0.0,-0.0016053891037407398,0.2716188065422272,0.0,-0.021188570464716002,0.0,0.008007732750597994
openvla,lighting_low,episode_000003,lift,38,38,,0.9980392156862745,0.9980392156862745,1.0,1,1,1,0.0008272222533954564,0.0002271748157764951,0.0,0.0008578490854665179,0.0008578490854665179,0.08953832199191691,0.0,0.006295787130814894,0.0002573238228125581,0.0019607843137254832,0.0065990776833791875,0.006301043655325783,0.6422465027521077,0.08828626946847387,0.006380729246568733,9.85178689534503e-05,0.0019607843137254832,0.006675933388933164,0.006381489754635725,0.6501179811759736,0.08626520492781699,0.0,0.0,-0.0842723403737563,-0.030253656854303652,0.0,0.0,0.0
oft,lighting_low,episode_000003,lift,38,38,3,0.98828125,0.9921875,1.0,1,1,1,0.0012454997934436517,0.0,0.00390625,0.004100007170477654,0.0012454997934436517,0.13180882968461202,0.9077177686222204,0.0029165714651052856,8.906734797224952e-05,0.01171875,0.01207656506072986,0.0029179311341327443,0.309367202478948,0.9416201163582275,0.0009289920159975716,8.906734797224952e-05,0.0078125,0.007868043937870585,0.0009332519264711121,0.10050348375146761,0.9859309673605233,0.0,0.0,0.13156535941889133,0.0,0.0,0.0,0.008007732750597994
openvla,lighting_low,episode_000003,lift,39,39,,0.9980392156862745,0.9980392156862745,1.0,1,1,1,0.0039706668162981865,0.00036760777429849885,0.0,0.003987647231360401,0.003987647231360401,0.40808975076689197,0.0,0.0010173707221110308,0.00030217494150446017,0.0019607843137254832,0.002229580230992789,0.001061297734606997,0.11217372135656559,0.7734165086126776,0.0041658389803875704,0.00027329504652911504,0.0019607843137254832,0.004612329099048095,0.004174793958146186,0.42592259376509284,0.18072534927971076,0.0,0.0,-0.40450723379402986,0.015126828427152057,0.05179113390360925,0.0,0.0
oft,lighting_low,episode_000003,lift,39,39,4,0.98828125,0.9921875,1.0,1,1,1,0.00044205679579825593,5.618733745656884e-05,0.00390625,0.003931584959033937,0.00044561331623042783,0.048228763191672984,0.9871536133029756,0.0029319591774455652,8.906734797224952e-05,0.01171875,0.012080290525197731,0.0029333117138623517,0.3110156726131249,0.9410394297657676,0.0016682111257283862,8.964181811919087e-05,0.0078125,0.007989125125166065,0.0016706178544358022,0.1775166887343883,0.9562723849742488,0.0,-0.0032107782074814795,0.046684482374445294,-0.008493516581836988,0.0,0.0,0.008007732750597994
openvla,lighting_low,episode_000003,lift,40,41,,0.9980392156862745,0.9980392156862745,1.0,1,1,1,0.002481666760186362,0.00020847168477818007,0.0,0.0024904076678263195,0.0024904076678263195,0.25458956674351696,0.0,0.005812064833488967,0.00015829896055952945,0.0019607843137254832,0.006135945836995733,0.005814220170374816,0.592424422611804,0.10211666269714732,0.002820979203345717,0.0003083890410360362,0.0019607843137254832,0.003449304653302181,0.002837785662508739,0.2904145521396396,0.3231443293737927,0.0,0.0,0.2528170211212682,0.015126828427152057,-0.025895566951804724,0.0,0.0
oft,lighting_low,episode_000003,lift,40,41,0,0.98828125,0.9921875,1.0,1,1,1,0.002611603082818369,7.055295174315434e-05,0.00390625,0.004699386922108678,0.002612555909676591,0.2762746752215153,0.6909357455248025,0.005013599375572171,5.050216332132734e-05,0.01171875,0.012746286938937857,0.005013853724156479,0.5301808578900925,0.845269497017809,0.0018926661980176412,9.944373675869449e-05,0.0078125,0.00803910633366042,0.0018952768647084483,0.20116145988467599,0.9444185622978079,0.0,0.006421556414962382,0.27586285039444913,-0.008493516581837512,-0.007062856821572001,0.0,0.008007732750597994
openvla,lighting_low,episode_000003,lift,41,42,,0.9980392156862745,0.9980392156862745,1.0,1,1,1,0.0009926667040745449,0.000987926265800435,0.0,0.0014004947311706002,0.0014004947311706002,0.17727654066356274,0.0,0.006076077704136213,0.00043024265214219035,0.0019607843137254832,0.00639910182223845,0.0060912912429487015,0.6219961206202227,0.09389049017802965,0.006476879409727058,0.0006244123737507594,0.0019607843137254832,0.006795920307477958,0.006506908459525106,0.6662030803628544,0.08324594598522261,0.0,0.0,-0.10112680844850729,-0.030253656854303652,0.14242561823492564,0.0,0.0
oft,lighting_low,episode_000003,lift,41,42,1,0.9921875,0.9921875,1.0,1,1,1,0.001607096507669225,7.055295174315157e-05,0.0,0.0016086444305570733,0.0016086444305570733,0.17012077157638722,0.0,0.003063163263557375,8.906734797224952e-05,0.0078125,0.008392023499829006,0.0030644578919740892,0.324275630353702,0.8666558603144674,0.000864375202702948,0.00012743765303529223,0.0078125,0.007861204812015707,0.0008737189745329478,0.09497999135161897,0.9876472027831956,0.0,0.0,0.16976175408889174,-0.008493516581836988,-0.007062856821572001,0.0,0.0
openvla,lighting_low,episode_000003,lift,42,43,,0.9980392156862745,0.9980392156862745,1.0,1,1,1,0.0011581111547536369,0.0009614519799424745,0.0,0.0015051947902182316,0.0015051947902182316,0.18494496029807986,0.0,0.005931849089538672,0.0007975134223071923,0.0019607843137254832,0.006298216922651427,0.0059852202365344,0.6156606985542673,0.09692245784362148,0.006104548666361981,0.00019645361118438722,0.0019607843137254832,0.0064147317610544815,0.006107708935544426,0.6224957836380502,0.09343350621189167,0.0,0.0,-0.11798127652325861,0.0,-0.14242561823492542,0.0,0.0
oft,lighting_low,episode_000003,lift,42,43,2,0.9921875,0.9921875,1.0,1,1,1,0.0009642699665673023,0.0,0.0,0.0009642699665673023,0.0009642699665673023,0.10186970309496315,0.0,0.002923670415524726,8.906734797224952e-05,0.0078125,0.008342118312580405,0.00292502678467896,0.30957423609172763,0.8770560945976609,0.0009742132911337199,8.906734797224952e-05,0.0078125,0.007873511337332054,0.0009782763050878848,0.105172660514442,0.9845621735343256,0.0,0.0016053891037407398,0.10185705245333548,0.0,0.0,0.0,0.0
openvla,lighting_low,episode_000003,lift,43,44,,0.9980392156862745,0.9980392156862745,1.0,1,1,1,0.0011581111547536369,0.0009614519799424745,0.0,0.0015051947902182316,0.0015051947902182316,0.18494496029807986,0.0,0.007581194489830667,0.0007975134223071923,0.0019607843137254832,0.007871163362321411,0.007623026797237367,0.7812464432208885,0.06205571668418266,0.00642309630248129,0.00019645361118438722,0.0019607843137254832,0.006718588784651738,0.006426099916146356,0.6549176518582648,0.08517331027827975,0.0,0.0,-0.11798127652325861,0.0,-0.14242561823492542,0.0,0.0
oft,lighting_low,episode_000003,lift,43,44,3,0.9921875,0.9921875,1.0,1,1,1,0.0006830160157594196,0.0,0.0,0.0006830160157594196,0.0006830160157594196,0.07214874548777889,0.0,0.010910716293051527,8.906734797224952e-05,0.0078125,0.013419643038096611,0.010911079828318317,1.152725483452097,0.33892072999808764,0.010227701514491412,8.906734797224952e-05,0.0078125,0.012870468814771462,0.010228089326066952,1.080590111913092,0.3684608311583755,0.0,0.0,-0.07214874548777889,0.0,0.0,0.0,0.0
openvla,lighting_low,episode_000004,hold,0,0,,0.0019607843137254832,0.0019607843137254832,0.0,0,0,0,6.541553330367909e-05,0.0011763179213691904,0.0,0.001178135409930343,0.001178135409930343,0.1692205225654301,0.0,0.0021435168135720386,0.013281287465087405,0.0019607843137254832,0.013595290956257822,0.013453150599779735,1.3411964218929149,0.020800924365675544,0.0021559405767567104,0.01399998755563004,0.0019607843137254832,0.014300084141474621,0.014165017872502034,1.4470352008774565,0.018801065485190963,0.0,-0.025161227802241504,0.0,-0.06050731370860777,0.15537340171082795,0.014158704085288246,0.0
oft,lighting_low,episode_000004,hold,0,0,0,0.06005859375,0.54296875,0.0,0,1,0,0.0029239345291426164,0.00608934261938001,0.48291015625,0.4829573982206571,0.00675496015287361,1.2216141060597971,0.9998043733866737,0.004106691928779371,0.010964637114165315,0.06005859375,0.06118923817854552,0.01170846640868193,1.3825913164374322,0.9633857673894717,0.00179327622218217,0.004904713234464531,0.54296875,0.542993863250851,0.005222264980003933,1.3107884872337696,0.9999075029321264,-0.2975446910591611,0.2504407001835199,0.26578324624542143,0.2802860472006232,-0.34254855584624205,-0.30746433286970876,0.989955961292677
openvla,lighting_low,episode_000004,hold,1,1,,0.0019607843137254832,0.0019607843137254832,0.0,0,0,0,6.541553330367909e-05,0.0011763179213691904,0.0,0.001178135409930343,0.001178135409930343,0.1692205225654301,0.0,0.0017701719297062582,0.018027592181927465,0.0019607843137254832,0.018220106027780524,0.018114292383049697,1.7357350137181213,0.011581314301752278,0.0013779531720627591,0.027739612913963763,0.0019607843137254832,0.027842944432762404,0.027773816438526108,2.9276912068513794,0.004959402156061616,0.0,-0.025161227802241504,0.0,-0.06050731370860777,0.15537340171082795,0.014158704085288246,0.0
oft,lighting_low,episode_000004,hold,1,1,1,0.11767578125,0.77734375,0.0,0,1,0,0.003206250222385745,0.004955829337526535,0.65966796875,0.6596943756616864,0.005902565959922628,1.5138711900920225,0.9999199435855772,0.001769897252944066,0.011693521083458967,0.11767578125,0.11826859458204925,0.011826705864917684,1.292031424009934,0.9900002597347004,0.0028090927385264336,0.02061964622713717,0.77734375,0.7776222517884943,0.020810113227609648,3.3446873197406966,0.9992838375810504,-0.2587345139644879,0.20227902707130435,0.31087621217528316,0.3312471466916457,-0.31076570014916804,-0.22862732444157843,1.3523058682572362
openvla,lighting_low,episode_000004,alignment,2,2,,0.0019607843137254832,0.0019607843137254832,0.0,0,0,0,6.541553330367909e-05,0.0011763179213691904,0.0,0.001178135409930343,0.001178135409930343,0.1692205225654301,0.0,0.023693373885568275,0.44064225403851726,0.0019607843137254832,0.4412831479734428,0.44127879170681483,56.591815730540105,1.9743537208926666e-05,0.023697843144867906,0.44107252534068486,0.0019607843137254832,0.44171303473550877,0.441708682708556,56.516340830106664,1.9705126048316853e-05,0.0,-0.025161227802241504,0.0,-0.06050731370860777,0.15537340171082795,0.014158704085288246,0.0
oft,lighting_low,episode_000004,alignment,2,2,2,0.2421875,0.89453125,0.0,0,1,0,0.0033025390486459156,0.005483579713023308,0.65234375,0.652375156313221,0.006401281952617917,1.501760893144526,0.9999037193340561,0.024408452272819174,0.4370365007685898,0.2421875,0.5002513975019541,0.43771757509427023,62.979921763395346,0.23438338777947038,0.027554771004456254,0.43644299725509683,0.89453125,0.9957047315769284,0.43731196560135477,63.20319988335061,0.8071047296027435,-0.21733699173017001,0.14448501933664637,0.33130067321410295,0.36522121301899413,-0.296639986506024,-0.26016212781283055,1.337291369349865
openvla,lighting_low,episode_000004,alignment,3,3,,0.0019607843137254832,0.0019607843137254832,0.0,0,0,0,0.0,0.0011763179213691904,0.0,0.0011763179213691904,0.0011763179213691904,0.16733946896294655,0.0,0.023952951504596264,0.4579108907847297,0.0019607843137254832,0.4585411349706492,0.4585369426611624,56.20743923113058,1.8285340190844924e-05,0.023454317446844543,0.4488435447302834,0.0019607843137254832,0.4494602066124077,0.44945592960038167,54.98039055498923,1.9031681173563736e-05,0.0,0.0,0.0,-0.06050731370860777,0.15537340171082795,0.014158704085288246,0.0
oft,lighting_low,episode_000004,alignment,3,3,3,0.39453125,0.94140625,0.0,0,1,0,0.0032001339102671503,0.0048090168361671045,0.546875,0.5469055065776667,0.005776460851956013,1.2690135017451,0.9998884424220782,0.025131141681695616,0.45354492843861893,0.39453125,0.6016556187896693,0.4542406591165276,62.544293417825386,0.429998423350482,0.02762420903920881,0.44307331337336436,0.94140625,1.040827932699616,0.4439336188538704,61.421788913307594,0.8180809444897243,-0.18370150491478654,0.1316419065067222,0.3248019810653877,0.2887795637824607,-0.24013713193344796,-0.2365110252843914,1.1210825850837192
openvla,lighting_low,episode_000004,alignment,4,4,,0.0019607843137254832,0.0019607843137254832,0.0,0,0,0,0.00033729313221503743,0.0013397049199041344,0.0,0.0013815121893978257,0.0013815121893978257,0.16647670657606936,0.0,0.023668445998056602,0.4591899111025262,0.0019607843137254832,0.45980366948234963,0.45979948868426207,54.75918471212397,1.8185061833608295e-05,0.023205871227005615,0.44549355697872867,0.0019607843137254832,0.44610185657996215,0.44609754736936647,53.108745170383955,1.931930889446005e-05,0.0,-0.025161227802241504,0.03370893614950266,0.0,0.15537340171082795,-0.042476112255865006,0.0
oft,lighting_low,episode_000004,alignment,4,4,4,0.53125,0.94921875,0.0,1,1,0,0.003193241813490316,0.0041689732122608065,0.41796875,0.41800173816323594,0.0052513932364631685,1.0033621356354452,0.9998421687828905,0.025103228824451707,0.45434157323373386,0.53125,0.6994876694881169,0.45503454513467123,60.89471517830942,0.5768166125432989,0.02736330459173033,0.44016289853189844,0.94921875,1.0466653538900312,0.4410126162392433,59.33530996667594,0.8224640411291948,-0.1552407083786928,0.11237723726183561,0.32785238758417223,0.1953508813822523,-0.21188570464715994,-0.21285992275595228,0.8568274043139853
openvla,lighting_low,episode_000004,alignment,5,5,,0.0019607843137254832,0.0019607843137254832,0.0,0,0,0,0.0,0.03389579137117982,0.0,0.03389579137117982,0.03389579137117982,1.7275559928551403,0.0,0.023592029929192737,0.45844931555439916,0.0019607843137254832,0.4590601305750718,0.45905594300529107,54.37532076517699,1.8244018167723514e-05,0.02352917562719788,0.4794385077850491,0.0019607843137254832,0.4800195303609792,0.4800155256372965,54.74837236201889,1.668560016417038e-05,0.0,0.0,0.0,0.0,-0.025895566951804467,1.727361898405182,0.0
oft,lighting_low,episode_000004,alignment,5,5,0,0.0693359375,0.53125,0.0,0,1,0,0.003374278921037618,0.007500486897846738,0.4619140625,0.46198727709450577,0.008224540226768265,1.2748046497414107,0.999683070090013,0.021532436253443366,0.4560218887606072,0.0693359375,0.4617651795759443,0.45652996488708186,60.38459502917976,0.022546255404831208,0.024779047117202607,0.45216934256105534,0.53125,0.6980671013793256,0.45284778406008963,60.48134172567195,0.5791666474628799,-0.32535865131034364,0.2793377040508489,0.3116719703975751,0.3057665969461347,-0.4590856934021799,-0.3784176404550262,0.9469143977582127
openvla,lighting_low,episode_000004,alignment,6,6,,0.0019607843137254832,0.0019607843137254832,0.0,0,0,0,6.541553330367909e-05,0.001264851589398438,0.0,0.001266542038465822,0.001266542038465822,0.1725311113181642,0.0,0.02330916620615901,0.4478585561176395,0.0019607843137254832,0.4484690047173028,0.44846471825217554,54.18000233839391,1.9115901420792023e-05,0.02378013100470855,0.4579603459719406,0.0019607843137254832,0.45858152796254836,0.4585773360223339,55.41669999153853,1.828211909699648e-05,0.0,-0.025161227802241504,0.0,0.0,-0.16832118518672992,0.028317408170576847,0.0
oft,lighting_low,episode_000004,alignment,6,6,1,0.1767578125,0.79296875,0.0,0,1,0,0.0032835430839970392,0.005100553786598599,0.6162109375,0.6162407944941193,0.006066078149385325,1.4481605840877159,0.9999031019332143,0.023016869384119787,0.4438064792860006,0.1767578125,0.478264875996833,0.44440293353271293,60.2912333629235,0.1365904267711008,0.026697325517590305,0.45122274708039695,0.79296875,0.912750871349425,0.4520118523585107,61.707640468374244,0.7547578397266791,-0.2846079653609366,0.21833291810870945,0.3140592450644499,0.3057665969461347,-0.35314284107860006,-0.23651102528439147,1.2632198414068336
openvla,lighting_low,episode_000004,alignment,7,7,,0.0019607843137254832,0.0019607843137254832,0.0,0,0,0,0.0001962465999110364,0.0022552818143825493,0.0,0.0022638040529739506,0.0022638040529739506,0.20995619769118465,0.0,0.024006971202103485,0.44904879794782715,0.0019607843137254832,0.4496943431707943,0.4496900683856462,56.434000265283956,1.901186837239919e-05,0.02410417184954056,0.4541127802965042,0.0019607843137254832,0.4547562786859553,0.45475205148429326,57.007343901793156,1.859097812669534e-05,0.0,-0.07548368340672418,0.0,0.015126828427151595,-0.16832118518672992,0.0991109285970187,0.0
oft,lighting_low,episode_000004,alignment,7,7,2,0.322265625,0.921875,0.0,0,1,0,0.0030768348916494453,0.004035958680893256,0.599609375,0.5996308518274515,0.005075024672289691,1.3373294536149445,0.9999283677857105,0.025086381936319888,0.44579647991213883,0.322265625,0.5506532131181562,0.4465017671417538,62.965039437415236,0.3425087028658718,0.028096691073756445,0.4475865825643604,0.921875,1.025171541043711,0.4484675829320745,63.53911276901952,0.8086321274971658,-0.1552407083786928,0.10274490263939291,0.3155181351386516,0.23781846429143827,-0.21894856146873198,-0.19709252107032613,1.229186977216792
openvla,lighting_low,episode_000004,alignment,8,8,,0.0019607843137254832,0.0019607843137254832,0.0,0,0,0,0.0011056472395013337,0.0016875966734891388,0.0,0.0020175327384180227,0.0020175327384180227,0.3485937482485046,0.0,0.02287010698221763,0.4277494462571041,0.0019607843137254832,0.42836488563111963,0.4283603979905673,55.86483827920848,2.095231050016867e-05,0.023144982622867877,0.420910256521389,0.0019607843137254832,0.42155068371506565,0.42154612353278065,54.932481337438844,2.1635157033141948e-05,-0.2318067139804203,-0.07548368340672418,0.03370893614950231,0.015126828427152057,0.24600788604214371,-0.014158704085288246,0.0
oft,lighting_low,episode_000004,alignment,8,8,3,0.466796875,0.9453125,0.0,0,1,0,0.003263137486515089,0.003831437030984685,0.478515625,0.47854208941859955,0.005032690729450872,1.1102813657153978,0.9998893987073876,0.02461403075709096,0.4221837395867904,0.466796875,0.6298764029485178,0.42290065084083034,62.107086386685765,0.5492185567662204,0.0272778831493939,0.4155805940967612,0.9453125,1.032989368655447,0.4164748649065499,61.39770183125329,0.8374504063128752,-0.14489132782011335,0.1123772372618362,0.33640678847380767,0.2208314311277643,-0.19775999100401595,-0.1892088202275131,0.9809472619482542
openvla,lighting_low,episode_000004,alignment,9,9,,0.0019607843137254832,0.0019607843137254832,0.0,0,0,0,0.0003095786462580737,0.0,0.0,0.0003095786462580737,0.0003095786462580737,0.10204641711664027,0.0,0.02337291061655903,0.41982513608992855,0.0019607843137254832,0.4204798241518154,0.4204752523557322,56.643394281274375,2.1745496294981788e-05,0.02258813683954786,0.41152822848018655,0.0019607843137254832,0.412152340084401,0.41214767591474144,55.477320940256675,2.2633103416280695e-05,0.0,-0.10064491120896535,-0.01685446807475133,0.0,0.0,0.0,0.0
oft,lighting_low,episode_000004,alignment,9,9,4,0.58203125,0.95703125,0.0,1,1,0,0.003470152521762011,0.002830590946411391,0.375,0.3750267379849471,0.004478192004614963,0.8876541920749855,0.9998574126637887,0.02528050481103974,0.41367770528200193,0.58203125,0.7145129276279375,0.41444945140618034,62.93864990008646,0.6635481222093667,0.02781969361605741,0.40478971783276235,0.95703125,1.0394890401021941,0.405744563754117,61.733121124492435,0.8476418852415006,-0.09831911530650535,0.07705867697954454,0.36298179743909065,0.08493516581837092,-0.14125713643144003,-0.14979031601344794,0.7687423440574074
openvla,lighting_low,episode_000004,alignment,10,10,,0.0019607843137254832,0.0019607843137254832,0.0,0,0,0,0.0026242622581202093,0.03528565102593102,0.0,0.035383102191910494,0.035383102191910494,2.0524610421324576,0.0,0.021489810196657168,0.40784117616461346,0.0019607843137254832,0.40841165702358284,0.40840695013383854,54.61112216499826,2.3049599785801634e-05,0.02253813414439729,0.39800398054534686,0.0019607843137254832,0.3986464356993258,0.39864161350848926,54.56871918495814,2.4192674204926406e-05,-0.11590335699021034,0.9812878842874163,-0.03370893614950266,0.015126828427152057,-0.03884335042770683,-1.7981554188316242,0.0
oft,lighting_low,episode_000004,alignment,10,10,0,0.06298828125,0.1552734375,0.0,0,0,0,0.0017454510419972122,0.005899308071288444,0.09228515625,0.09248999134580396,0.006152108180126398,0.5736187936458892,0.9955755585779933,0.021028797098460384,0.3937505401194789,0.06298828125,0.3993109336427175,0.39431167640812975,60.32604726604614,0.02488267758140306,0.022307590543058368,0.39374864791856745,0.1552734375,0.42384604130108744,0.39438005316386976,60.545398794517695,0.13420789754610632,-0.14537645503379673,-0.1476957975441273,0.16551771023666947,0.11041571556388188,-0.33725141323006297,-0.3114061832911153,0.1891826862328776
openvla,lighting_low,episode_000004,alignment,11,11,,0.0019607843137254832,0.0019607843137254832,0.0,0,0,0,0.002420374732236121,0.0014606980009294328,0.0,0.002826986468727135,0.002826986468727135,0.9360172542741416,0.0,0.021377700401730086,0.3826769465452892,0.0019607843137254832,0.3832786142831573,0.38327359874075895,52.30473801995861,2.617161195536145e-05,0.022349607435424985,0.3820331207252496,0.0019607843137254832,0.3826913311779033,0.3826863079384873,52.32412100858644,2.6252000184194066e-05,0.0,0.9309654286829336,0.0,0.015126828427152057,-0.06473891737951129,-0.07079352042644159,0.0
oft,lighting_low,episode_000004,alignment,11,11,1,0.09814453125,0.357421875,0.0,0,0,0,0.002395729854807697,0.009453766869079512,0.25927734375,0.2594606987803891,0.009752601168515113,1.0132049712815152,0.9985871444514252,0.02197970887940053,0.3783850792503821,0.09814453125,0.39152359420094135,0.37902292252809877,58.2744036623818,0.06283712876850694,0.02403741857001069,0.37619803437268473,0.357421875,0.519473921661037,0.3769651954191283,58.20233312531976,0.47340708910062523,-0.3125836346833473,0.006421556414961805,0.20901915972194807,0.3397406632734827,-0.49439997751004,-0.49273130267581544,0.5315132613209419
openvla,lighting_low,episode_000004,alignment,12,12,,0.0019607843137254832,0.0019607843137254832,0.0,0,0,0,0.002494759951760964,0.008204686855252899,0.0,0.008575588236947368,0.008575588236947368,1.3822419341018874,0.0,0.02136957833044433,0.3700582525641237,0.0019607843137254832,0.37067993450409314,0.37067474849095644,49.99807755482249,2.7980887964985303e-05,0.023009210301067676,0.368738160832511,0.0019607843137254832,0.36946055227580993,0.36945534914630956,49.91088953745379,2.8165891218028133e-05,-0.13522058315524496,0.9309654286829336,0.0,0.9983706761920234,0.0,0.16990444902346055,0.0
oft,lighting_low,episode_000004,alignment,12,12,2,0.1240234375,0.625,0.0,0,1,0,0.00448801228913908,0.01569323633982774,0.5009765625,0.5012423925561779,0.016322374861678472,1.8244900487939395,0.9989395966117012,0.021581965100092016,0.36750466256280623,0.1240234375,0.38846785101511305,0.36813782503701475,56.07310797047106,0.1019289058746623,0.025998141275208626,0.36996041455336676,0.625,0.7267541617949392,0.37087277021407855,56.72817523742258,0.7395796959872055,-0.5844165834172871,0.05779400773465855,0.3915130453675066,0.586052644146758,-0.8828571026965,-0.8080793363883373,1.0269917252641927
openvla,lighting_low,episode_000004,alignment,13,13,,0.0019607843137254832,0.0019607843137254832,0.0,0,0,0,0.002207702286623925,0.0074084889799149265,0.0,0.0077304371384731806,0.0077304371384731806,1.2938424128994888,0.0,0.021896280133979908,0.36604302190978927,0.0019607843137254832,0.366702584730025,0.3666973424672671,48.96606878745636,2.8591155368312618e-05,0.0225337569814643,0.35425968629287047,0.0019607843137254832,0.35498104204470926,0.35497562667882243,47.470994697103905,3.0510500216961823e-05,-0.09658613082517496,0.8303205174739676,-0.01685446807475133,0.9832438477648713,-0.09063448433131617,0.0,0.0
oft,lighting_low,episode_000004,alignment,13,13,3,0.1728515625,0.70703125,0.0,0,1,0,0.0045055632798703706,0.01573614577951383,0.5341796875,0.5344304116740183,0.01636845699701188,1.849436508309331,0.9990619345163612,0.022064813389223868,0.3639337712527655,0.1728515625,0.4035000724991917,0.36460203763577836,55.1512608599599,0.18350985212788026,0.025766774201553617,0.3556822887337256,0.70703125,0.7918756251130462,0.3566143816107466,54.03603945654256,0.7971926189288814,-0.5860336741295654,0.019264669244886568,0.3936350672936181,0.560572094401247,-0.8616685322317839,-0.8159630372311503,1.0950574536442756
openvla,lighting_low,episode_000004,alignment,14,14,,0.0019607843137254832,0.0019607843137254832,0.0,0,0,0,0.0011369450815173158,0.01637152598737353,0.0,0.016410956927419965,0.016410956927419965,2.1953452247538023,0.0,0.022799304188877125,0.3735176925967892,0.0019607843137254832,0.37421801082985223,0.3742128738489985,50.205472333729304,2.745429373681486e-05,0.02375650830507883,0.3619339985118521,0.0019607843137254832,0.3627181214672788,0.36271282161735974,48.68765153394532,2.9222753901746985e-05,-0.2511239401454553,0.02516122780224117,0.016854468074750977,2.1782632935098682,-0.10358226780721841,0.0,0.0
oft,lighting_low,episode_000004,alignment,14,14,4,0.365234375,0.8125,0.0,0,1,0,0.003572331815183046,0.006141542354936128,0.447265625,0.447322053339354,0.007104934700280037,1.1187698447766978,0.999747721893881,0.023831181774927063,0.36122326964183554,0.365234375,0.5142434486088943,0.36200852994857435,54.994178993917345,0.5044356315617277,0.027164003159650146,0.36417916219746455,0.8125,0.8907977297043952,0.3651908340121705,55.48327354425759,0.8319333536578525,-0.19534455804318834,-0.12682573919550055,0.3644572658095895,0.16987033163674184,-0.29663998650602397,-0.3271735849767415,0.9168853999434703
openvla,lighting_low,episode_000004,alignment,15,15,,0.0019607843137254832,0.0019607843137254832,0.0,0,0,0,0.015551778363834545,0.0019362768489718364,0.0,0.01567185305934485,0.01567185305934485,1.6100078788587198,0.0,0.02453397177269471,0.36375668587157667,0.0019607843137254832,0.3645883801800892,0.36458310751763623,49.788546013522264,2.8923710206224858e-05,0.016807436726445104,0.37227999190973887,0.0019607843137254832,0.37266436237015427,0.37265920397278357,50.93541522949504,2.768368639701546e-05,0.0,0.0,-1.584319999026615,-0.030253656854303652,0.28485123646985094,0.0,0.0
oft,lighting_low,episode_000004,alignment,15,15,0,0.031982421875,0.3828125,0.0,0,0,0,0.004188844655682567,0.015739255678026625,0.350830078125,0.35120793599524674,0.01628712954598611,1.6638633395524443,0.9978493959473591,0.019146621412692955,0.3719705658271193,0.031982421875,0.373833613071723,0.3724630115236522,57.3223570077214,0.0073192401850722955,0.02370814482930521,0.3724471327217491,0.3828125,0.5346254323918285,0.3732009415903174,57.57097710317408,0.5127114209777702,-0.46750092491958456,0.4471008653917322,0.360743727438895,0.6540007768014543,-0.7804456787837059,-0.8159630372311505,0.7191944976630823
openvla,lighting_low,episode_000004,alignment,16,16,,0.0019607843137254832,0.0019607843137254832,0.0,0,0,0,0.01555191594208989,0.0006815244473294853,0.0,0.015566841845478402,0.015566841845478402,1.587117040573168,0.0,0.024511768521484612,0.37531301386273264,0.0019607843137254832,0.3761177074346587,0.37611259640003897,52.22636667130949,2.7177661631080917e-05,0.01582411250611523,0.36511415275959214,0.0019607843137254832,0.36546216186779984,0.3654569018119113,50.76036384050133,2.8785568431798132e-05,0.0,-0.02516122780224117,-1.584319999026615,-0.09076097056291096,0.0,0.0,0.0
oft,lighting_low,episode_000004,alignment,16,16,1,0.046630859375,0.44921875,0.0,0,0,0,0.006562915499932126,0.012641630280682648,0.402587890625,0.40283978496903666,0.014243688988907396,1.6075032388484327,0.9987497978149363,0.01864249016142406,0.38315538446517095,0.046630859375,0.38643243669511335,0.38360864313004184,59.71603741786347,0.014561284647695039,0.023844730420179115,0.36547937244377104,0.44921875,0.5796043721386738,0.3662563895015399,57.22361956032465,0.6006928248475135,-0.4877145588230597,0.32749937716306415,0.6482776984269557,0.569065610983084,-0.625062828709122,-0.6504053195320764,0.8252969566085058
openvla,lighting_low,episode_000004,alignment,17,17,,0.0019607843137254832,0.0019607843137254832,0.0,0,0,0,0.015551778363834545,0.0011465896636308284,0.0,0.015593988525536926,0.015593988525536926,1.59230766046286,0.0,0.024632216137673794,0.39311469021781353,0.0019607843137254832,0.39389053100071536,0.3938856505851674,54.81135896034886,2.4780414501098138e-05,0.01645199751587872,0.3932806259524625,0.0019607843137254832,0.3936294750738925,0.3936245914216021,54.814148524382176,2.481329425038747e-05,0.0,0.0,-1.584319999026615,-0.12101462741721508,0.10358226780721849,0.0,0.0
oft,lighting_low,episode_000004,alignment,17,17,2,0.053466796875,0.5625,0.0,0,1,0,0.006617823450061321,0.010694414285391276,0.509033203125,0.50918853872394,0.01257640982648715,1.6425700010526092,0.9993899630749651,0.020746267282120964,0.4012575123546426,0.053466796875,0.4053352898468746,0.40179347783056074,62.435559552538116,0.017399609467956857,0.02666883258163977,0.3931770490150435,0.5625,0.6868083200598588,0.39408047211635017,61.5407367911694,0.6707705061163345,-0.4760715056946579,0.17659280141145656,0.6620708409466782,0.560572094401247,-0.5579656889041881,-0.5360916573112872,1.043507674062301
openvla,lighting_low,episode_000004,alignment,18,18,,0.0019607843137254832,0.0019607843137254832,0.0,0,0,0,0.01555191594208989,0.0011465896636308284,0.0,0.015594125731395611,0.015594125731395611,1.5925064436143495,0.0,0.01596325240069646,0.14584860240913564,0.0019607843137254832,0.1467326989018856,0.14671959736826728,20.163247042862228,0.00017856890534429827,0.006421761309301209,0.15625740354047848,0.0019607843137254832,0.15640159799263728,0.15638930647434168,21.55338513935887,0.00015717275860872132,0.0,-0.02516122780224117,-1.584319999026615,-0.12101462741721508,0.10358226780721849,0.0,0.0
oft,lighting_low,episode_000004,alignment,18,18,3,0.07177734375,0.7734375,0.0,0,1,0,0.008656017333371801,0.00788090365301614,0.70166015625,0.7017578002040578,0.011706206834998099,1.8981637392180586,0.999721735445352,0.013380526044883205,0.1524834225867971,0.07177734375,0.16906276857080982,0.1530693719887213,23.31748943630436,0.18025146846004184,0.022097660723955616,0.15596724209032953,0.7734375,0.7893159403058984,0.15752487808195414,24.264505759256643,0.9601712609377324,-0.4139752223431807,0.149301186647868,0.8933712308927932,0.4416628622555281,-0.44495997975903595,-0.38630134129783933,1.4383889953261646
openvla,lighting_low,episode_000004,descent_to_grasp,19,19,,0.0019607843137254832,0.0019607843137254832,0.0,0,0,0,0.0001654444506790885,0.026361553871177702,0.0,0.026362073028676342,0.026362073028676342,3.51099295647913,0.0,0.012601808224495017,0.0008711488432905787,0.0019607843137254832,0.012783158684733155,0.012631883107206018,1.2933955816492981,0.02352790660759553,0.01240579346522653,0.025660781326998228,0.0019607843137254832,0.02856963571589302,0.028502270257189658,3.6449527420761108,0.0047103181539173075,0.0,0.0,-0.016854468074750977,-3.5094241950992324,0.10358226780721849,0.0,0.0
oft,lighting_low,episode_000004,descent_to_grasp,19,19,4,0.1748046875,0.86328125,0.0,0,1,0,0.008038040798707116,0.009080164429975888,0.6884765625,0.6885833548654611,0.012126808564378325,1.8761795465150546,0.9996898441314486,0.01166374382687601,0.008916200118055597,0.1748046875,0.17542012517546798,0.014681333202546793,1.545486455903072,0.992995580351799,0.019356592797893726,0.00020442492508117232,0.86328125,0.86349825481923,0.01935767223334112,2.705598803011059,0.9994974453036933,-0.43467398346034003,0.0433455058009942,0.8254665292572366,0.4076887959281796,-0.5297142616178999,-0.4572546488831568,1.4113628972928964
openvla,lighting_low,episode_000004,descent_to_grasp,20,20,,0.0019607843137254832,0.0019607843137254832,0.0,0,0,0,0.015667455920412923,0.002211528919632494,0.0,0.01582276951675821,0.01582276951675821,1.6725772218570456,0.0,0.012662537530187333,0.0005432065704572117,0.0019607843137254832,0.012824960241908843,0.012674183606118012,1.3248381253343355,0.02337478327555582,0.0029578813850732397,0.0016823106812840364,0.0019607843137254832,0.0039273281810255,0.0034028269889204103,0.40356343284707247,0.2492672715363201,-0.42497897563077003,0.0,-1.584319999026615,-0.04538048528145571,0.3236945868975577,0.0,0.0
oft,lighting_low,episode_000004,descent_to_grasp,20,20,0,0.051025390625,0.25390625,0.0,0,0,0,0.0032763787321396106,0.009949480132025245,0.202880859375,0.20315110118636448,0.010475056682136946,1.1456235699507205,0.9973412689848753,0.0063663781560161685,0.01054784000245154,0.051025390625,0.05249169637167916,0.012320215076966665,1.2411574291513356,0.9449122083476375,0.008965151572350531,0.0009094610664903997,0.25390625,0.25406610331016055,0.009011163196096331,1.145532578566815,0.9987420358731376,-0.31565610703667535,0.45191703270295447,0.28010689424667157,0.46714341200103904,-0.533245690028686,-0.504556853940035,0.4159016197341833
openvla,lighting_low,episode_000004,descent_to_grasp,21,21,,0.0019607843137254832,0.0019607843137254832,0.0,0,0,0,0.007279849742428567,0.00048681817120545327,0.0,0.007296108839933317,0.007296108839933317,0.7449364489195168,0.0,0.004239671380078133,0.0005432065704572117,0.0019607843137254832,0.004702612243657074,0.004274328811549423,0.44891309240296806,0.17385264695134434,0.0029900518723700855,0.00048720199093863224,0.0019607843137254832,0.00360866334040602,0.003029484441194313,0.32800632206320796,0.2952343682561984,0.0,-0.02516122780224117,0.7415965952890536,-0.06050731370860777,0.02589556695180453,0.0,0.0
oft,lighting_low,episode_000004,descent_to_grasp,21,21,1,0.03955078125,0.251953125,0.0,0,0,0,0.004991377407953717,0.00626879024181098,0.21240234375,0.21255344553786376,0.008013212809133132,0.9636813047472221,0.9985787284772145,0.006130205960143808,0.006491168037967873,0.03955078125,0.0405460107174093,0.008928308216617432,0.9400530326693904,0.9515111273723184,0.010639825965725363,0.0007417020071583009,0.251953125,0.25217877233366404,0.010665646649329159,1.2591373252423235,0.998211218351503,-0.240623097986974,0.38770146855333354,0.5007971745622307,0.24631198087327527,-0.339017127435456,-0.323231734555335,0.4354204683137659
openvla,lighting_low,episode_000004,descent_to_grasp,22,22,,0.0019607843137254832,0.0019607843137254832,0.0,0,0,0,0.009100089896667267,0.0,0.0,0.009100089896667267,0.009100089896667267,0.9275383292412892,0.0,0.02180819274021027,0.0005432065704572117,0.0019607843137254832,0.021902899787409422,0.021814956886786363,2.2250639646332337,0.008014130600524163,0.01259663697668093,0.0005432065704572117,0.0019607843137254832,0.01275989857426089,0.012608343923786071,1.2910045580250582,0.023613763169436964,-0.019317226165034992,-0.02516122780224117,-0.9269957441113172,0.0,0.0,0.0,0.0
oft,lighting_low,episode_000004,descent_to_grasp,22,22,2,0.06005859375,0.41015625,0.0,0,0,0,0.005625644293850343,0.006342412623955703,0.35009765625,0.3502002898104977,0.008477857725477798,1.1172413548399647,0.9994139438257376,0.008536344427919524,0.006121316252100957,0.06005859375,0.0609702744956741,0.01050427002938843,1.0891655013602413,0.9703178432392773,0.013859328091536359,0.00042311271685073357,0.41015625,0.41039055716912215,0.013865785211087387,1.6902625665006707,0.9988584518931557,-0.25355982368519814,0.18301435782641837,0.5799751176802531,0.3057665969461347,-0.31782855697074,-0.3232317345553349,0.7176930477723452
openvla,lighting_low,episode_000004,descent_to_grasp,23,23,,0.0019607843137254832,0.9980392156862745,0.0,0,1,0,0.01803377064649731,0.0003407622236647444,0.996078431372549,0.9962417249082782,0.018036989843750118,2.7482041043389827,0.9996722077605033,0.0037352320471423827,0.00023226452970370796,0.0019607843137254832,0.004224994719844023,0.003742446426838728,0.3927739790794548,0.2153809591914377,0.021884227084250148,0.0002920634107686501,0.9980392156862745,0.9982791597262686,0.021886175913369093,3.0282454637453657,0.9995193424575421,0.019317226165034798,-0.02516122780224117,1.8371370201478832,-0.04538048528145571,0.0,0.0,2.043156317380581
oft,lighting_low,episode_000004,descent_to_grasp,23,23,3,0.08642578125,0.69140625,0.0,0,1,0,0.007858922268546883,0.004582582262126251,0.60498046875,0.6050488660334651,0.00909740179459038,1.576361311110018,0.9997739243180331,0.009515805299633577,0.0044043495751943705,0.08642578125,0.08705954577387767,0.010485649511644442,1.1231168601545225,0.985493659061937,0.017401173378751602,0.00023305568964385306,0.69140625,0.6916252292166433,0.017402733978080825,2.3226019572165293,0.9993668693931473,-0.25873451396448827,0.08990178980946816,0.8212224854050143,0.24631198087327527,-0.296639986506024,-0.22074362359876532,1.2401976097488643
openvla,lighting_low,episode_000004,descent_to_grasp,24,24,,0.9980392156862745,0.9980392156862745,0.0,1,1,0,0.002488532718330249,0.0018668626978679324,0.0,0.0031109438154506863,0.0031109438154506863,0.3768726982077707,0.0,0.023836487687319056,0.0002939529093453058,0.9980392156862745,0.9983238655873427,0.02383830014033353,3.17772964486114,0.9994298256706531,0.021364640765079698,0.001598897202230918,0.9980392156862745,0.9982691422632266,0.021424386742313235,2.998164434673879,0.9995394025753732,0.03863445233006979,-0.02516122780224117,-0.2528170211212686,0.04538048528145571,0.27190345299394847,0.0,0.0
oft,lighting_low,episode_000004,descent_to_grasp,24,24,4,0.287109375,0.82421875,0.0,0,1,0,0.006329509829812715,0.005012276339915893,0.537109375,0.5371700534483321,0.008073760511272083,1.3809196037062992,0.9997740938057148,0.012117330383838354,0.004871645681019126,0.287109375,0.28740625574291717,0.013059962759230383,1.48601680693452,0.9979351360437888,0.018363347610109864,0.00021943214671674366,0.82421875,0.8244233187734802,0.018364658611494538,2.5738098390065,0.9995037903746173,-0.2328610625680392,0.04495089490473436,0.6599488190205671,0.19535088138225282,-0.31782855697074,-0.2522784269700175,1.1010632532072242
openvla,lighting_low,episode_000004,descent_to_grasp,25,25,,0.9980392156862745,0.9980392156862745,0.0,1,1,0,0.007942072812156833,0.0019229039598849494,0.0,0.00817154087015062,0.00817154087015062,0.8582836817139309,0.0,0.013194102270671346,0.00043024265214219035,0.9980392156862745,0.9981265177777527,0.013201115235791903,2.450960068192804,0.9998250757355047,0.021041170374209044,0.001598897202230918,0.9980392156862745,0.9982622718357405,0.021101832218549037,2.97517813299568,0.9995531610571076,-0.019317226165034798,-0.02516122780224117,0.8090144675880586,0.0,0.28485123646985094,0.0,0.0
oft,lighting_low,episode_000004,descent_to_grasp,25,25,0,0.94140625,0.890625,0.0,1,1,0,0.0006940244278047092,0.00024113402972654365,0.05078125,0.050786564828595976,0.0007347213939186851,0.13361064759275418,0.9997907103772526,0.014584819801047493,0.00029846548104948907,0.94140625,0.9415192688359251,0.014587873397874178,2.470794277474264,0.9997599368247821,0.013798458138815814,0.00018155255320563657,0.890625,0.8907319018836914,0.01379965247164681,2.3375887323655458,0.9997599828444249,-0.005174690279289734,-0.009632334622442706,-0.07320975645083445,-0.016987033163673976,-0.03531428410786001,0.0,-0.10410052575777393
openvla,lighting_low,episode_000004,descent_to_grasp,26,26,,0.9980392156862745,0.9980392156862745,1.0,1,1,1,0.002167320480823694,0.0014902155757313376,0.0,0.0026302130196526156,0.0026302130196526156,0.31729811105410455,0.0,0.011472052039539105,0.00018312070768951769,0.0019607843137254832,0.011639853363184174,0.011473513463254315,1.1707470579776151,0.02837687907143995,0.01414132804844385,0.001598897202230918,0.0019607843137254832,0.014365872975978817,0.014231431102914653,1.4605358267957946,0.018629259987282265,0.05795167849510517,-0.02516122780224117,0.21910808497176626,0.015126828427152057,0.22011231909033924,0.0,0.0
oft,lighting_low,episode_000004,descent_to_grasp,26,26,1,0.984375,0.98828125,1.0,1,1,1,0.0019437348484149907,0.00027829532281346294,0.00390625,0.004371995255045767,0.0019635563265775436,0.2094025290084789,0.798290030347797,0.015408902019092433,0.0005325496307139625,0.015625,0.021951275487842717,0.015418102040885721,1.6315146629732593,0.5066645649254307,0.01398783377039334,0.0007419096014106879,0.01171875,0.018263050813249186,0.014007495259496672,1.4841703174105465,0.41173323439284326,0.005174690279289734,-0.0032107782074809023,-0.2053056213512534,-0.0169870331636745,0.035314284107859965,-0.007883700842813078,0.008007732750597994
openvla,lighting_low,episode_000004,grasp_close,27,27,,0.9980392156862745,0.9980392156862745,1.0,1,1,1,0.006453243314150219,0.0013052940089278422,0.0,0.006583930567781484,0.006583930567781484,0.6852743922863495,0.0,0.00036172154485431115,0.0004265985796014001,0.0019607843137254832,0.002038995818799449,0.0005593110262901327,0.0711108187818257,0.9247556158788921,0.006092591813070301,0.001598897202230918,0.0019607843137254832,0.006597031331511548,0.006298900480559533,0.6643705507282069,0.08834104950021629,-0.019317226165034798,-0.02516122780224117,0.6573242549152981,0.06050731370860777,0.18126896866263245,0.0,0.0
oft,lighting_low,episode_000004,grasp_close,27,27,2,0.984375,0.98828125,1.0,1,1,1,0.00021200685606911587,0.0005242224444723107,0.00390625,0.00394696657457456,0.00056546978549595,0.09076108720419238,0.9794745866562843,0.008178741564396078,0.00018754807898025688,0.015625,0.017637108971118514,0.008180891629835296,0.8651206891945772,0.7848474572972589,0.007978488835010537,0.0006996055148229583,0.01171875,0.014194183087774318,0.00800910306880605,0.8513225842528551,0.6816191340471159,0.0155240708378692,0.0032107782074809023,-0.021220219261111697,-0.0169870331636745,0.08475428185886401,0.0,0.008007732750597994
openvla,lighting_low,episode_000004,grasp_close,28,28,,0.9980392156862745,0.9980392156862745,1.0,1,1,1,0.0018219377911768717,0.0004515437409626327,0.0,0.0018770586205339957,0.0018770586205339957,0.19790388569319878,0.0,0.00036172154485431115,0.0003881135451985662,0.0019607843137254832,0.0020312926241510118,0.0005305417985214632,0.06708707785934595,0.9317827469328822,0.001460928709394332,0.0008321883428911208,0.0019607843137254832,0.0025829295880701766,0.0016813239223827329,0.19264815236966992,0.5762812815494062,-0.019317226165034798,0.0,0.1853991488222636,0.015126828427152057,0.06473891737951165,0.0,0.0
oft,lighting_low,episode_000004,grasp_close,28,28,3,0.9921875,0.9921875,1.0,1,1,1,0.0020893145316063155,0.00012020303519897701,0.0,0.002092769452580089,0.002092769452580089,0.22154881957423395,0.0,0.01066966744903272,0.00014868245363440852,0.0078125,0.013224941065840977,0.010670703348185026,1.1274161388277228,0.34897359704574765,0.012758869163647107,4.9475301102971607e-05,0.0078125,0.01496082706238142,0.01275896508892803,1.3478610477731339,0.2726897759547883,0.0,-0.006421556414962382,0.2206902803155593,-0.016987033163673976,0.007062856821572001,0.0,0.0
openvla,lighting_low,episode_000004,grasp_close,29,29,,0.9980392156862745,0.9980392156862745,1.0,1,1,1,0.006452911752040865,0.0008740472544931576,0.0,0.006511837581106744,0.006511837581106744,0.6702334227868286,0.0,0.00036172154485431115,0.000270222295856813,0.0019607843137254832,0.002012097833143764,0.00045151142310014306,0.05122795508417404,0.9496453829029873,0.006092422331406456,0.0008321883428911208,0.0019607843137254832,0.006454054727627886,0.006148995633618872,0.6325978359292603,0.09229843991460476,-0.019317226165034798,0.0,0.6573242549152981,0.0,0.12947783475902297,0.0,0.0
oft,lighting_low,episode_000004,grasp_close,29,29,4,0.98828125,0.9921875,1.0,1,1,1,0.0018482176221017565,7.055295174315157e-05,0.00390625,0.004321998977342214,0.0018495637587407315,0.19576143852767933,0.8168658679383483,0.010750022019087561,0.0001999798205148971,0.01171875,0.015903838118579445,0.010751881944082187,1.1359598175728902,0.5429485602381904,0.012598161471946425,0.00019581586644131077,0.0078125,0.014825220827251965,0.01259968318358781,1.3309814332186225,0.27770117579849474,0.0,-0.004816167311221642,0.1952260172022257,-0.008493516581836988,-0.007062856821572001,0.0,0.008007732750597994
openvla,lighting_low,episode_000004,grasp_close,30,30,,0.9980392156862745,0.9980392156862745,1.0,1,1,1,0.0014890000561118173,0.0007866425290438421,0.0,0.0016840212693435576,0.0016840212693435576,0.19128296702203826,0.0,0.007581194489830667,0.0002573238228125581,0.0019607843137254832,0.00783488357076081,0.00758556032488212,0.7730485382186897,0.06263175102574975,0.006092212011624648,0.0008321883428911208,0.0019607843137254832,0.006453856192818324,0.006148787248931899,0.6324965303792612,0.09230411860792984,0.0,0.0,-0.15169021267276092,0.0,0.1165300512831207,0.0,0.0
oft,lighting_low,episode_000004,grasp_close,30,30,0,0.98828125,0.984375,1.0,1,1,1,0.0012768626498756055,0.000262111222236155,0.00390625,0.004117993392657337,0.0013034878286618116,0.1425573955401207,0.8998057797734192,0.0029786256743352998,0.0007164770599979612,0.01171875,0.012112582377338565,0.0030635845484191784,0.33717454610428615,0.936028541341267,0.0017020621586763323,0.0004733071385508154,0.015625,0.01572455596318704,0.0017666451934106905,0.19749869123385308,0.987377601378316,-0.010349380558579467,-0.011237723726183447,-0.13474839230805769,-0.008493516581836988,-0.042377140929432004,0.0,-0.008007732750597994
openvla,lighting_low,episode_000004,grasp_close,31,31,,0.9980392156862745,0.9980392156862745,1.0,1,1,1,0.0041361112669772715,0.0008740472544931576,0.0,0.00422745490997874,0.00422745490997874,0.44080629929214926,0.0,0.010228287087725859,0.000270222295856813,0.0019607843137254832,0.010418039737065201,0.010231855982084464,1.042602783719468,0.03542318673848094,0.006092212011624648,0.0008321883428911208,0.0019607843137254832,0.006453856192818324,0.006148787248931899,0.6324965303792612,0.09230411860792984,0.0,0.0,-0.42136170186878047,0.0,0.12947783475902297,0.0,0.0
oft,lighting_low,episode_000004,grasp_close,31,31,1,0.9921875,0.9921875,1.0,1,1,1,0.0019692245352810273,0.0003413574885506986,0.0,0.001998592055758858,0.001998592055758858,0.21576974529511608,0.0,0.009424281297453787,0.0003035172493873473,0.0078125,0.01224517688497038,0.009429167550436936,0.9969396125962378,0.40705203912881,0.007455951482825227,0.0006250004349397301,0.0078125,0.010817439360029645,0.007482101179342508,0.7946668439600674,0.5215922406056002,0.010349380558579467,-0.0032107782074809023,-0.20795814875889249,0.0,0.056502854572576006,0.0,0.0
openvla,lighting_low,episode_000004,grasp_close,32,32,,0.9980392156862745,0.9980392156862745,1.0,1,1,1,0.0014890000561118173,0.0007866425290438421,0.0,0.0016840212693435576,0.0016840212693435576,0.19128296702203826,0.0,0.007581194489830667,0.0002573238228125581,0.0019607843137254832,0.00783488357076081,0.00758556032488212,0.7730485382186897,0.06263175102574975,0.006092212011624648,0.0008321883428911208,0.0019607843137254832,0.006453856192818324,0.006148787248931899,0.6324965303792612,0.09230411860792984,0.0,0.0,-0.15169021267276092,0.0,0.1165300512831207,0.0,0.0
oft,lighting_low,episode_000004,grasp_close,32,32,2,0.9921875,0.9921875,1.0,1,1,1,0.0003215640134516457,8.533937213767466e-05,0.0,0.00033269539098698485,0.00033269539098698485,0.03691350713057847,0.0,0.011553559883454769,0.00011893007683013642,0.0078125,0.013947546257093045,0.011554171988669296,1.2206834915539735,0.31375050958283457,0.011232130945096053,9.30546942353908e-05,0.0078125,0.01368227250839215,0.011232516403010663,1.1866642649193508,0.32603452290511864,0.0,-0.0032107782074809023,-0.03395235081777886,0.0,0.014125713643144001,0.0,0.0
openvla,lighting_low,episode_000004,grasp_close,33,33,,0.9980392156862745,0.9980392156862745,1.0,1,1,1,0.0014890000561118173,0.0007866425290438421,0.0,0.0016840212693435576,0.0016840212693435576,0.19128296702203826,0.0,0.007581194489830667,0.0002573238228125581,0.0019607843137254832,0.00783488357076081,0.00758556032488212,0.7730485382186897,0.06263175102574975,0.006092212011624648,0.0008321883428911208,0.0019607843137254832,0.006453856192818324,0.006148787248931899,0.6324965303792612,0.09230411860792984,0.0,0.0,-0.15169021267276092,0.0,0.1165300512831207,0.0,0.0
oft,lighting_low,episode_000004,grasp_close,33,33,3,0.9921875,0.9921875,1.0,1,1,1,4.8230526801581325e-06,7.055295174315157e-05,0.0,7.071761334227177e-05,7.071761334227177e-05,0.011162483799870686,0.0,0.011714263276066974,8.906734797224952e-05,0.0078125,0.014080733409289666,0.011714601875159316,1.2375926226421492,0.3078431601253494,0.011714269211636041,9.788292771376929e-05,0.0078125,0.014080796869503583,0.011714678153078808,1.2376056781183644,0.3078403853180777,0.0,0.0016053891037407398,0.0,0.008493516581836988,0.007062856821572001,0.0,0.0
openvla,lighting_low,episode_000004,grasp_close,34,34,,0.9980392156862745,0.9980392156862745,1.0,1,1,1,0.0014890000561118173,0.0007866425290438421,0.0,0.0016840212693435576,0.0016840212693435576,0.19128296702203826,0.0,0.007581194489830667,0.0002573238228125581,0.0019607843137254832,0.00783488357076081,0.00758556032488212,0.7730485382186897,0.06263175102574975,0.006092212011624648,0.0008321883428911208,0.0019607843137254832,0.006453856192818324,0.006148787248931899,0.6324965303792612,0.09230411860792984,0.0,0.0,-0.15169021267276092,0.0,0.1165300512831207,0.0,0.0
oft,lighting_low,episode_000004,grasp_close,34,34,4,0.9921875,0.9921875,1.0,1,1,1,8.093173241089546e-05,0.0,0.0,8.093173241089546e-05,8.093173241089546e-05,0.00907506085797668,0.0,0.010991085751652259,8.906734797224952e-05,0.0078125,0.0134850678619964,0.010991446628749471,1.161227594581813,0.33564005844668515,0.01107142567489715,8.906734797224952e-05,0.0078125,0.013550629347644581,0.011071783933370747,1.169698751797871,0.33240008675321736,0.0,-0.0032107782074814795,0.008488087704444532,0.0,0.0,0.0,0.0
openvla,lighting_low,episode_000004,grasp_close,35,35,,0.9980392156862745,0.9980392156862745,1.0,1,1,1,0.006948666928521821,0.0009850848647600713,0.0,0.007018145358590989,0.007018145358590989,0.7221707434313515,0.0,0.0008571807279273367,0.000270222295856813,0.0019607843137254832,0.002156954801209353,0.0008987652026576049,0.09429698058391824,0.8263757391265889,0.006092212011624648,0.0008262776006419155,0.0019607843137254832,0.0064530966979317855,0.00614799006732332,0.6323590809275745,0.09232584728637155,0.0,0.0,0.7078876591395517,-0.06050731370860777,0.12947783475902297,0.0,0.0
oft,lighting_low,episode_000004,grasp_close,35,35,0,0.98828125,0.984375,1.0,1,1,1,0.0010661745633878364,0.0003341767296649912,0.00390625,0.0040629042997300385,0.0011173192409803172,0.12459931133046312,0.9243722169393617,0.0028080520903893346,0.0007578399288754792,0.01171875,0.012074294160017715,0.0029085181622499627,0.32302272157043177,0.9419743444149143,0.0017421926131783525,0.00044000998435013867,0.015625,0.015727983624347432,0.0017968984077406896,0.20112210165012026,0.98694728212718,-0.010349380558579467,-0.011237723726183447,-0.11246716208389078,-0.008493516581836988,-0.04943999775100397,0.00788370084281303,-0.008007732750597994
openvla,lighting_low,episode_000004,grasp_close,36,36,,0.9980392156862745,0.9980392156862745,1.0,1,1,1,0.0041361112669772715,0.0007866425290438421,0.0,0.0042102521161228364,0.0042102521161228364,0.4371783808170319,0.0,0.009398667322557928,0.0002573238228125581,0.0019607843137254832,0.009604469694619113,0.009402189265798952,0.9580618622377651,0.04167857546228632,0.005628244605577065,0.0008321883428911208,0.0019607843137254832,0.006017835981746521,0.005689435365504313,0.5861874015582007,0.10616441093733005,0.0,0.0,-0.42136170186878047,0.0,0.1165300512831207,0.0,0.0
oft,lighting_low,episode_000004,grasp_close,36,36,1,0.9921875,0.9921875,1.0,1,1,1,0.0015675865904706298,0.0003728064085926983,0.0,0.0016113076481265518,0.0016113076481265518,0.17561433971742912,0.0,0.008554475437185897,0.0003167288941913634,0.0078125,0.011589414284071156,0.008560336862403988,0.9052014538137197,0.454419631498048,0.007353564748193476,0.0006148984787702136,0.0078125,0.010746542276242516,0.007379228594173492,0.7837517670412502,0.5284970380685691,0.010349380558579467,-0.0032107782074809023,-0.16551771023666947,-0.008493516581836988,0.056502854572576006,-0.007883700842813078,0.0
openvla,lighting_low,episode_000004,lift,37,37,,0.9980392156862745,0.9980392156862745,1.0,1,1,1,0.0014890000561118173,0.0007866425290438421,0.0,0.0016840212693435576,0.0016840212693435576,0.19128296702203826,0.0,0.005178457368526283,0.0002573238228125581,0.0019607843137254832,0.005543222112849433,0.005184846793052909,0.5286072100997344,0.12512240579255426,0.0066327588510123985,0.0008321883428911208,0.0019607843137254832,0.006966398103660104,0.006684760834444803,0.6866136590739409,0.07922150152035608,0.0,0.0,-0.15169021267276092,0.0,0.1165300512831207,0.0,0.0
oft,lighting_low,episode_000004,lift,37,37,2,0.9921875,0.9921875,1.0,1,1,1,0.0001607820067258194,8.533937213767466e-05,0.0,0.00018202654236026668,0.00018202654236026668,0.0221427999949393,0.0,0.0011258247826731898,0.00011893007683013642,0.0078125,0.007894097925314581,0.0011320891327346787,0.12147384079834996,0.979433697276987,0.0012517791049949359,9.30546942353908e-05,0.0078125,0.007912696528606489,0.0012552330874467756,0.13391529932560176,0.9748348375913944,0.0,-0.0016053891037407398,-0.016976175408889065,0.0,0.014125713643144001,0.0,0.0
openvla,lighting_low,episode_000004,lift,38,38,,0.9980392156862745,0.9980392156862745,1.0,1,1,1,0.0014890000561118173,0.0007866425290438421,0.0,0.0016840212693435576,0.0016840212693435576,0.19128296702203826,0.0,0.005227870992576778,0.0002573238228125581,0.0019607843137254832,0.005589411935952161,0.005234200097895816,0.5336311903914417,0.12306297556733055,0.006700426686739125,0.0008321883428911208,0.0019607843137254832,0.007030855591417138,0.0067519075247229,0.6933988003338974,0.07777558598965628,0.0,0.0,-0.15169021267276092,0.0,0.1165300512831207,0.0,0.0
oft,lighting_low,episode_000004,lift,38,38,3,0.9921875,0.9921875,1.0,1,1,1,0.00024125739161791595,0.0,0.0,0.00024125739161791595,0.00024125739161791595,0.02566588772286508,0.0,0.0010145562248775092,0.00011893007683013642,0.0078125,0.007878998981254695,0.0010215031554589174,0.10999308728301374,0.983191175746726,0.0007570084295137471,0.00011893007683013642,0.0078125,0.007849991234105277,0.0007662937592918868,0.08357221568729863,0.990470892336921,0.0,-0.0032107782074809023,0.025464263113333597,0.0,0.0,0.0,0.0
openvla,lighting_low,episode_000004,lift,39,39,,0.9980392156862745,0.9980392156862745,1.0,1,1,1,0.0009926667040745449,0.0011587486509766298,0.0,0.0015258065478684969,0.0015258065478684969,0.19868048853046555,0.0,0.0025963482789102357,0.0002573238228125581,0.0019607843137254832,0.0032637271730552057,0.002609068786978797,0.2666033575110253,0.36093745615183026,0.0015137329315016784,0.0012360775737989941,0.0019607843137254832,0.0027683840559635845,0.0019542965886378333,0.23727780458549985,0.5016571068220766,0.0,0.0,0.10112680844850729,0.03025365685430319,0.16832118518672995,0.0,0.0
oft,lighting_low,episode_000004,lift,39,39,4,0.9921875,0.9921875,1.0,1,1,1,8.093173241089525e-05,4.266968606883733e-05,0.0,9.149124231445261e-05,9.149124231445261e-05,0.011499594604072044,0.0,0.0016727722204779153,8.906734797224952e-05,0.0078125,0.007990072349114082,0.0016751417534278778,0.17802730052710805,0.9560456660228521,0.0015022598716714311,5.804908989645412e-05,0.0078125,0.007955835007645148,0.0015033809959129028,0.15970204894917203,0.964291913650665,0.0,-0.0032107782074809023,0.008488087704444532,0.0,0.007062856821572001,0.0,0.0
openvla,lighting_low,episode_000004,lift,40,40,,0.9980392156862745,0.9980392156862745,1.0,1,1,1,0.0009926667040745449,0.00011358740788824928,0.0,0.0009991442761728617,0.0009991442761728617,0.10225190621815115,0.0,0.002565923461757056,0.00015829896055952945,0.0019607843137254832,0.003233217731217843,0.002570801776199313,0.2621400350888071,0.3677813851562449,0.001655167303715201,0.0002573238228125581,0.0019607843137254832,0.0025788504179239695,0.0016750505523937828,0.17189880180949998,0.5781058221009578,0.0,0.0,0.10112680844850729,0.015126828427152057,0.0,0.0,0.0
oft,lighting_low,episode_000004,lift,40,40,0,0.98828125,0.98828125,1.0,1,1,1,0.006850577183370679,0.0003341767296649914,0.0,0.006858723046746277,0.006858723046746277,0.7255551513402129,0.0,0.00433424596969433,0.00014673294270223214,0.01171875,0.012495451982412866,0.004336729030304475,0.4591385854843961,0.8795461641929294,0.01126660837400509,0.0004733071385508154,0.01171875,0.016263135781979587,0.011276545743294121,1.1928129298222026,0.5192230965239909,0.0155240708378692,0.0,-0.7236094768039014,-0.008493516581836988,0.04943999775100401,-0.00788370084281303,0.0
openvla,lighting_low,episode_000004,lift,41,41,,0.9980392156862745,0.9980392156862745,1.0,1,1,1,0.002812555661544546,0.0,0.0,0.002812555661544546,0.002812555661544546,0.2865259572707709,0.0,0.0026173667197836887,0.0002573238228125581,0.0019607843137254832,0.003280472408140329,0.002629985569469554,0.268727829122736,0.35726203627864705,0.005328813700469021,0.0002573238228125581,0.0019607843137254832,0.005683937554991709,0.005335023055629021,0.5438948073606612,0.11900386092894266,0.0,0.0,-0.2865259572707709,0.0,0.0,0.0,0.0
oft,lighting_low,episode_000004,lift,41,41,1,0.98828125,0.9921875,1.0,1,1,1,0.0033366017007243997,0.0009404131207876746,0.00390625,0.005222650362557938,0.0034665959884339808,0.38605199415505836,0.5594202263417386,0.0031803891023452118,8.906734797224952e-05,0.01171875,0.012142977781305993,0.0031816360311624258,0.3372318473411674,0.9313484113147945,0.0064152937833396595,0.0008688591563753119,0.0078125,0.01014623411962161,0.006473863650106766,0.6934855031076926,0.5928847807517029,0.02587345139644907,0.0016053891037401623,-0.3522556397344503,0.008493516581836988,0.15538285007458402,0.0,0.008007732750597994
openvla,lighting_low,episode_000004,lift,42,42,,0.9980392156862745,0.9980392156862745,1.0,1,1,1,0.0008272222533954529,0.00024340908560272547,0.0,0.0008622903452240469,0.0008622903452240469,0.0904696424336196,0.0,0.004545739165964661,0.000270222295856813,0.0019607843137254832,0.004957967303151074,0.004553763789895478,0.4644573844123071,0.15640561169319395,0.005327368439932202,0.00019645361118438722,0.0019607843137254832,0.005680151726942245,0.005330989450011419,0.5434090969986999,0.11916254623002143,0.0,0.0,-0.08427234037375596,-0.030253656854303652,-0.012947783475902457,0.0,0.0
oft,lighting_low,episode_000004,lift,42,42,2,0.98828125,0.9921875,1.0,1,1,1,0.0014869279333007122,0.0001397974816417539,0.00390625,0.004182019497468096,0.0014934851906541638,0.1591688749489953,0.8724648978053151,0.0030431704801723455,0.00011893007683013642,0.01171875,0.012108019346576352,0.0030454935453169503,0.32301430993781,0.9367341781122523,0.0015113343035950636,7.188406095289175e-05,0.0078125,0.007957666425871486,0.0015130428597505937,0.16096871673228363,0.9638481105377911,0.005174690279290135,-0.008026945518702545,0.15702962253222458,-0.008493516581836988,0.021188570464716002,0.0,0.008007732750597994
openvla,lighting_low,episode_000004,lift,43,43,,0.9980392156862745,0.9980392156862745,1.0,1,1,1,0.0,0.000243409085602725,0.0,0.000243409085602725,0.000243409085602725,0.03290788431359273,0.0,0.00450303066862669,0.000270222295856813,0.0019607843137254832,0.00491883933633968,0.00451113126518955,0.46011941451417865,0.15890383289149645,0.004621551001046767,9.85178689534503e-05,0.0019607843137254832,0.005021266229820066,0.004622600937327329,0.4709372858640089,0.15248711606874377,0.0,0.0,0.0,-0.030253656854303652,0.012947783475902265,0.0,0.0
oft,lighting_low,episode_000004,lift,43,43,3,0.98828125,0.9921875,1.0,1,1,1,0.00225017540510135,0.00013893403617431903,0.00390625,0.004510142024662939,0.0022544604720710257,0.23812356030693801,0.7501353521924485,0.0029602046817723397,0.00021108108453903116,0.01171875,0.012088691763161845,0.0029677208396742863,0.3143904784807538,0.9397319021737491,0.0008288283857438197,0.00011893007683013642,0.0078125,0.007857242334699211,0.0008373176554865711,0.09083278910126209,0.9886436125373848,0.005174690279289734,-0.008026945518702545,0.23766645572444836,0.0,0.0,0.00788370084281303,0.008007732750597994
openvla,lighting_low,episode_000004,lift,44,44,,0.9980392156862745,0.9980392156862745,1.0,1,1,1,0.0019853334081490898,8.740472544931555e-05,0.0,0.001987256482576859,0.001987256482576859,0.20266763590880313,0.0,0.004536635465487722,0.000270222295856813,0.0019607843137254832,0.004949621860390048,0.004544676164029636,0.4635326868029508,0.15693348008917712,0.006521870668120421,0.0002573238228125581,0.0019607843137254832,0.006815107312906253,0.0065269451170878075,0.6652483813141369,0.08277787059390125,0.0,0.0,-0.20225361689701457,0.0,0.012947783475902265,0.0,0.0
oft,lighting_low,episode_000004,lift,44,44,4,0.98828125,0.9921875,1.0,1,1,1,0.001968787746642337,0.0,0.00390625,0.004374347294606249,0.001968787746642337,0.2082113152684576,0.7974317971896124,0.0033554253627751103,5.804908989645412e-05,0.01171875,0.012189805192228967,0.0033559274518368673,0.35544002422742266,0.9242065637423722,0.0013866397220652217,5.804908989645412e-05,0.0078125,0.007934815414718034,0.0013878542487044242,0.14757277544927008,0.9694075638805847,0.0,-0.006421556414961805,0.20795814875889213,0.0,0.0,0.0,0.008007732750597994
openvla,lighting_low,episode_000004,lift,45,45,,0.9980392156862745,0.9980392156862745,1.0,1,1,1,0.0019853334081490898,8.740472544931555e-05,0.0,0.001987256482576859,0.001987256482576859,0.20266763590880313,0.0,0.008242966518566583,0.000270222295856813,0.0019607843137254832,0.008477275048052867,0.00824739456527865,0.8404966715757322,0.05349917678186566,0.006257654096105481,0.0002573238228125581,0.0019607843137254832,0.00656270717472938,0.0062629426259780295,0.6383670384061734,0.08926754569027699,0.0,0.0,-0.20225361689701457,0.0,0.012947783475902265,0.0,0.0
oft,lighting_low,episode_000004,lift,45,45,0,0.984375,0.98828125,1.0,1,1,1,0.0029781663373990683,0.00034929949417053676,0.00390625,0.004924456714435084,0.0029985804757993034,0.3168406049083207,0.6292213071518329,0.004402775639344556,0.00034623008570004596,0.015625,0.01623714671987199,0.004416368259401578,0.46958967002707525,0.9260205446160954,0.0014262535293397289,0.00043419753181872756,0.01171875,0.011813205669465487,0.001490881157769293,0.16721742564989905,0.9840723933506643,0.0,0.0032107782074809023,-0.3145897505459775,0.025480549745511488,0.021188570464715967,-0.01576740168562611,0.008007732750597994
openvla,lighting_low,episode_000005,hold,0,0,,0.0019607843137254832,0.0019607843137254832,0.0,0,0,0,0.0013263713424488627,0.0,0.0,0.0013263713424488627,0.0013263713424488627,0.13621245628800174,0.0,0.0008571807279273367,0.028208119604127932,0.0019607843137254832,0.028289175412621492,0.028221140487250274,3.7662557280751368,0.0048041777841490805,0.0021831827426781964,0.028208119604127932,0.0019607843137254832,0.028360341563769403,0.02829247777216966,3.7718712115718653,0.004780097264958064,0.019317226165034992,0.0,-0.1348357445980096,0.0,0.0,0.0,0.0
oft,lighting_low,episode_000005,hold,0,0,0,0.04150390625,0.6796875,0.0,0,1,0,0.0048358162940785624,0.008112147248384336,0.63818359375,0.6382534695431545,0.009444154393567763,1.6362660091308179,0.9997810526021442,0.004509421230655403,0.013052745143357847,0.04150390625,0.04374109360340373,0.013809744226919541,1.4628570884807532,0.9003236799061948,0.0011777957482750289,0.004951795673073402,0.6796875,0.679706558111265,0.005089939411478608,1.5010210583239518,0.9999439233185117,-0.20440026603194547,0.4334550580099383,0.48302524093105004,0.2632990140369498,-0.51205711956397,-0.413894294247685,1.3082633381289472
openvla,lighting_low,episode_000005,hold,1,1,,0.0019607843137254832,0.0019607843137254832,0.0,0,0,0,0.0009964179257597838,0.005156878801509635,0.0,0.005252261194593703,0.005252261194593703,0.7708257708832944,0.0,0.0007329264618896091,0.03246643938285107,0.0019607843137254832,0.03253385225459526,0.03247471119808275,4.3350463213044765,0.0036323581859821845,0.0017858756544676026,0.030535748393701212,0.0019607843137254832,0.030650708914176816,0.030587927059816365,4.048348847160295,0.00409240494191842,0.019317226165034992,0.0,-0.10112680844850729,0.0,0.7639192250782362,0.0,0.0
oft,lighting_low,episode_000005,hold,1,1,1,0.0888671875,0.80078125,0.0,0,1,0,0.004482840521175326,0.0049561277027855505,0.7119140625,0.7119454272949568,0.006682743519289801,1.6338425788686612,0.999911891830847,0.0019907723629927856,0.012842186468148685,0.0888671875,0.08981237076285267,0.012995573395735836,1.4132547206014017,0.9790628014441646,0.0026632774901834814,0.008942260812615165,0.80078125,0.8008356057437712,0.009330438115680895,2.059903380364449,0.9998642570367341,-0.0310481416757384,0.33071015537054504,0.4615397689291747,0.2038443979640898,-0.33901712743545587,-0.2443947261272045,1.4594092937964844
openvla,lighting_low,episode_000005,alignment,2,2,,0.0019607843137254832,0.0019607843137254832,0.0,0,0,0,0.0004963333520372724,0.0,0.0,0.0004963333520372724,0.0004963333520372724,0.05056340422425364,0.0,0.022188329340837754,0.4998878598052899,0.0019607843137254832,0.5003838916419828,0.5003800499017228,64.47639083728187,1.5355112650471438e-05,0.0217735980791805,0.5007338495057576,0.0019607843137254832,0.5012108561167579,0.5012070207151615,64.59335469030086,1.5304484628442822e-05,0.0,0.0,-0.05056340422425364,0.0,0.0,0.0,0.0
oft,lighting_low,episode_000005,alignment,2,2,2,0.1357421875,0.875,0.0,0,1,0,0.005357479447559792,0.005384146654750777,0.7392578125,0.7392968314307292,0.007595500064570441,1.718765095944278,0.9998944459129504,0.022350376986522244,0.49576143432954595,0.1357421875,0.5144947818853107,0.49626498881134895,71.15862786487595,0.06960937564282756,0.027661258143742637,0.4955182100673979,0.875,1.0059465401851595,0.49628967520037387,71.54346808055624,0.7565999416973017,-0.147478672959758,0.23278142004237437,0.557030755604176,0.2717925306187862,-0.360205697900172,-0.26016212781283055,1.5154634230506703
openvla,lighting_low,episode_000005,alignment,3,3,,0.0019607843137254832,0.0019607843137254832,0.0,0,0,0,0.000503793900064069,0.06521657955648305,0.0,0.06521852541525931,0.06521852541525931,3.400496663605782,0.0,0.022207613257256464,0.5573367596303542,0.0019607843137254832,0.5577824722927138,0.5577790258891483,64.77201862944032,1.2357480163045928e-05,0.021724256095000127,0.5141019840432138,0.0019607843137254832,0.5145645129380523,0.5145607770711347,63.243831920314484,1.452044694861782e-05,0.019317226165034992,0.0,-0.05056340422425364,0.0,0.7639192250782362,-3.3131367559574816,0.0
oft,lighting_low,episode_000005,alignment,3,3,3,0.3203125,0.9140625,0.0,0,1,0,0.004345561385277202,0.00484034135080147,0.59375,0.5937856307693421,0.006504829601572274,1.3805770761106402,0.9998799913690606,0.023179575035345262,0.5097210606857693,0.3203125,0.6024557660622851,0.5102478342976527,69.70014145125027,0.2826815366531943,0.027466611185296648,0.5081982085341593,0.9140625,1.0461979199910423,0.5089399118632112,69.89580887491447,0.7633506499492578,-0.13712929240117894,0.12361496098801907,0.45305168122472983,0.2038443979640898,-0.289577129684452,-0.2443947261272045,1.2171753780908952
openvla,lighting_low,episode_000005,alignment,4,4,,0.0019607843137254832,0.0019607843137254832,0.0,0,0,0,0.0013263713424488627,0.06501237459187,0.0,0.06502590338481806,0.06502590338481806,3.315935614110213,0.0,0.02313269972522723,0.565542680691264,0.0019607843137254832,0.5660189839176452,0.5660155876652502,63.79848169032482,1.2000453349858886e-05,0.021714095097387955,0.520296927920587,0.0019607843137254832,0.5207535307653938,0.520749839298582,62.43546921229629,1.417735458270669e-05,0.019317226165034992,0.0,-0.1348357445980096,0.0,0.0,-3.3131367559574816,0.0
oft,lighting_low,episode_000005,alignment,4,4,4,0.47265625,0.9453125,0.0,0,1,0,0.004950625105797664,0.004984485592447861,0.47265625,0.4727084560800896,0.00702522494725076,1.2014104097791471,0.9997791315277328,0.023209375233755478,0.5196123974081185,0.47265625,0.7028084015597823,0.5201304823204977,69.2133842582411,0.45228993254398847,0.02793564178005165,0.5143291313550397,0.9453125,1.0765363802948524,0.5150872309056914,68.94013816810512,0.7710692422341286,-0.17593946949585174,0.10595568084687382,0.515651328045009,0.1783638482185783,-0.3178285569707401,-0.25227842697001746,0.9689356628223572
openvla,lighting_low,episode_000005,alignment,5,5,,0.0019607843137254832,0.0019607843137254832,0.0,0,0,0,0.009926667040745452,0.02707429631367738,0.0,0.028836716862684398,0.028836716862684398,3.749382873306305,0.0,0.022377100042821688,0.5204608681950984,0.0019607843137254832,0.5209453854329137,0.5209416953256113,62.92239910387264,1.4166913984270817e-05,0.03170422725347215,0.5121257706398887,0.0019607843137254832,0.5131099372009518,0.5131061907434363,61.84340103898661,1.4602889425611923e-05,0.0,0.0,1.0112680844850732,3.585058337234992,-0.4272768547047764,0.0,0.0
oft,lighting_low,episode_000005,alignment,5,5,0,0.07080078125,0.68359375,0.0,0,1,0,0.0038596160539573795,0.006146590950449537,0.61279296875,0.6128359484934239,0.007257907163646673,1.4528317834187385,0.9998597398328533,0.020219308245259842,0.5179747623940284,0.07080078125,0.5231820195005533,0.5183692457149315,68.89516269129395,0.018313463196586936,0.023852121049949517,0.5140822496510585,0.68359375,0.8556575822862421,0.5146352913324879,68.86198409972292,0.6382578434231492,-0.08020769932899108,0.3018131515032161,0.3945966084788868,0.21233791454592732,-0.367268554721744,-0.31534803371252196,1.2562130752500602
openvla,lighting_low,episode_000005,alignment,6,6,,0.0019607843137254832,0.0019607843137254832,0.0,0,0,0,0.0004963333520372724,0.0006992378035945261,0.0,0.0008574848700241026,0.0008574848700241026,0.11526466956891683,0.0,0.02162107607367316,0.5080289036721175,0.0019607843137254832,0.5084925590134061,0.5084887785358466,63.42882676471143,1.486929725555729e-05,0.022216557125002676,0.5115638274676657,0.0019607843137254832,0.5120497726383453,0.5120460184239851,63.875882187948804,1.4663420621503219e-05,0.0,0.0,0.05056340422425364,0.0,-0.10358226780721838,0.0,0.0
oft,lighting_low,episode_000005,alignment,6,6,1,0.10986328125,0.79296875,0.0,0,1,0,0.004030844023225173,0.005258180590695684,0.68310546875,0.6831375978547961,0.006625418225586888,1.5556386654056553,0.999905938863988,0.021818710632496036,0.5028543609917161,0.10986328125,0.5151781294553063,0.5033274922970646,69.70103463087788,0.04547684168552019,0.025705032927675908,0.5044301892292707,0.79296875,0.940164880752442,0.505084710245411,70.31956550517906,0.711384005546074,0.03622283195502854,0.2664945912209247,0.4169773084808402,0.16137681505490434,-0.339017127435456,-0.2680458286556437,1.4003522647608242
openvla,lighting_low,episode_000005,alignment,7,7,,0.0019607843137254832,0.0019607843137254832,0.0,0,0,0,0.0018198889574700013,0.013380572963031872,0.0,0.013503767201656757,0.013503767201656757,1.7711427626148786,0.0,0.022279290902442295,0.497817276037701,0.0019607843137254832,0.4983194274758282,0.4983155698196799,64.20268901998175,1.548260414475846e-05,0.020643326570106552,0.5059517380675308,0.0019607843137254832,0.5063764931950931,0.5063726969194087,65.18634762245064,1.4993829710926748e-05,0.0,0.0,-0.1853991488222636,-1.754712097549616,-0.10358226780721838,0.11326963268230703,0.0
oft,lighting_low,episode_000005,alignment,7,7,2,0.2158203125,0.87890625,0.0,0,1,0,0.004879596459076027,0.0033392728817106055,0.6630859375,0.6631122994751613,0.005912800096566359,1.4943308497947618,0.99992049174424,0.02316611622256344,0.48908955781568203,0.2158203125,0.5350922086825544,0.48963789120652895,71.22439968227198,0.16267745868147643,0.027854651454029516,0.48928350597453807,0.87890625,1.0063053349334008,0.4900757398875824,71.49336323363426,0.7628261200555582,-0.010349380558579868,0.15732813216657,0.5129988006373699,0.11041571556388188,-0.24013713193344802,-0.16555771769907401,1.3593126344140094
openvla,lighting_low,episode_000005,alignment,8,8,,0.0019607843137254832,0.0019607843137254832,0.0,0,0,0,0.003805222365619091,0.017343448775663843,0.0,0.017755983010970793,0.017755983010970793,1.825538869273512,0.0,0.022539532438960383,0.47926797560095374,0.0019607843137254832,0.4798016961561602,0.47979768961428243,64.91323278132325,1.6700754422958935e-05,0.018694033229372634,0.47059971636890524,0.0019607843137254832,0.47097495113859283,0.4709708695077382,63.24892718828773,1.7332612523733025e-05,0.0,0.0,-0.38765276571927815,1.6639511269867053,-0.20716453561443698,0.6088242756674004,0.0
oft,lighting_low,episode_000005,alignment,8,8,3,0.330078125,0.9140625,0.0,0,1,0,0.004649266815768385,0.00354677044184567,0.583984375,0.5840136518152911,0.005847671544414514,1.3328508332623876,0.9998997417907223,0.023558550084224257,0.473340394706867,0.330078125,0.5775445464609974,0.47392629653071955,71.73502401237354,0.32663484481290134,0.027662716970165147,0.46539427216768803,0.9140625,1.0260932259706783,0.46621567377841716,70.71617676001654,0.7935570296977883,-0.07244566391005668,0.057794007734657975,0.4896565594501474,0.11890923214571887,-0.21894856146873198,-0.1813251193847001,1.1971560462144002
openvla,lighting_low,episode_000005,alignment,9,9,,0.0019607843137254832,0.9980392156862745,0.0,0,1,0,0.0,0.0,0.996078431372549,0.996078431372549,0.0,2.043156317380581,1.0,0.021917317320984363,0.43884487379655085,0.0019607843137254832,0.43939621838516585,0.43939184341093473,60.475630439789235,1.9913473387785986e-05,0.022526013367266055,0.4503535652237645,0.9980392156862745,1.0951748860504662,0.4509165720928626,62.0979465183295,0.8304782444949846,0.0,0.0,0.0,0.0,0.0,0.0,2.043156317380581
oft,lighting_low,episode_000005,alignment,9,9,4,0.47265625,0.9453125,0.0,0,1,0,0.004542199620619966,0.0035596536428385028,0.47265625,0.47269147800178607,0.005770850149720888,1.128252294797659,0.999850952721946,0.023378409991543853,0.4391016983059799,0.47265625,0.6455701218093903,0.43972360808686234,67.92595704522691,0.5360483524846897,0.028391320386988234,0.45019180073746223,0.9453125,1.0474227643033187,0.45108616086569925,69.81169165122732,0.8145294372353874,-0.077620354189346,0.04816167311221527,0.47825069159729977,0.1274027487275564,-0.21894856146873198,-0.18132511938470006,0.9689356628223572
openvla,lighting_low,episode_000005,alignment,10,10,,0.0019607843137254832,0.0019607843137254832,0.0,0,0,0,0.017206222870625454,0.0019229039598849494,0.0,0.01731333778081441,0.01731333778081441,1.775858894315102,0.0,0.009322710819218089,0.4247075973103955,0.0019607843137254832,0.4248144310464426,0.42480990589931844,58.117492038584466,2.130399860456411e-05,0.02225824139792046,0.4201657653668172,0.0019607843137254832,0.4207594851830869,0.4207549164257161,57.55701088407373,2.1716599278422717e-05,0.0,0.0,1.7528646797741272,0.0,-0.28485123646985094,0.0,0.0
oft,lighting_low,episode_000005,alignment,10,10,0,0.11767578125,0.8359375,0.0,0,1,0,0.004324125381883436,0.01312904394308821,0.71826171875,0.718394714956118,0.013822802001685107,1.9175882878558659,0.9996297748505808,0.021046233636656753,0.42676988216065825,0.11767578125,0.4431964189414313,0.4272885164262092,65.64858213174614,0.07049879523589507,0.02502397503391825,0.41987021918675266,0.8359375,0.9357930883441488,0.42061526397223137,64.90814367390162,0.7979725456200293,-0.27167123966271245,0.05618861863091781,0.4392585387050078,0.39919527934634264,-0.7875085356052779,-0.6779982724819221,1.4724218595162062
openvla,lighting_low,episode_000005,alignment,11,11,,0.0019607843137254832,0.0019607843137254832,0.0,0,0,0,0.0004963333520372724,0.0014902155757313376,0.0,0.0015706970613383207,0.0015706970613383207,0.22635130174208645,0.0,0.023814195715449897,0.42678206137582453,0.0019607843137254832,0.42745045152028643,0.4274459542793355,57.38954250110511,2.1042051900990964e-05,0.022417726513269516,0.4105105433834089,0.0019607843137254832,0.4111268725905549,0.4111221967869959,55.2135011162837,2.2746151037117e-05,0.0,0.0,-0.05056340422425364,0.015126828427152057,0.2201123190903392,0.0,0.0
oft,lighting_low,episode_000005,alignment,11,11,1,0.1796875,0.9375,0.0,0,1,0,0.004281139513161129,0.006660290611578534,0.7578125,0.757853859779583,0.007917551803545758,1.7216006600016116,0.9998908532286354,0.023475404119059927,0.427648492680161,0.1796875,0.4644587447195035,0.42829233928494087,65.11007660225116,0.1496723041687419,0.026602774582286198,0.4111442875182976,0.9375,1.0240378815133768,0.4120040446092787,62.71270376532231,0.8381283051307497,-0.025873451396448668,0.027291614763588535,0.4519906702616743,0.1953508813822523,-0.437897122937464,-0.338999136240961,1.553500153616011
openvla,lighting_low,episode_000005,alignment,12,12,,0.0019607843137254832,0.0019607843137254832,0.0,0,0,0,0.00038308722846874766,0.0014902155757313376,0.0,0.0015386676986172644,0.0015386676986172644,0.23437749609348676,0.0,0.02134136609811739,0.39010063954018664,0.0019607843137254832,0.3906888884415853,0.39068396803119076,52.04473433809752,2.518822293519345e-05,0.022142308119664413,0.4030005155723549,0.0019607843137254832,0.4036131093455401,0.40360834649502725,53.76068404895744,2.3600930200230466e-05,0.07726890466013997,0.0,0.016854468074750977,0.015126828427152057,0.2201123190903392,0.0,0.0
oft,lighting_low,episode_000005,alignment,12,12,2,0.169921875,0.96484375,0.0,0,1,0,0.006584218226381734,0.005135911547542492,0.794921875,0.7949657331423742,0.008350420173667774,1.8301417962672313,0.9998896633383751,0.021905789726743615,0.39157495918534957,0.169921875,0.42741578806599567,0.39218721586069133,59.28050611955659,0.15805107814657718,0.028973681302622966,0.4031564521640641,0.96484375,1.0460870236475566,0.40419623839137997,61.088873050397886,0.8507037479588465,-0.05692159307218707,0.028897003867329275,0.6949621808014008,0.19535088138225282,-0.31782855697074,-0.2601621278128306,1.6295736147466917
openvla,lighting_low,episode_000005,alignment,13,13,,0.0019607843137254832,0.0019607843137254832,0.0,0,0,0,0.0006673914575159804,0.00011358740788824928,0.0,0.000676988520431533,0.000676988520431533,0.07174361065837496,0.0,0.022038759248965888,0.4146987974686195,0.0019607843137254832,0.4152886275908334,0.4152839986456894,56.07832767203462,2.2292540843057984e-05,0.02242994303533042,0.4101215279340948,0.0019607843137254832,0.41073910782233725,0.4107344276044615,55.43749920167194,2.2789119039046983e-05,-0.019317226165034798,0.0,0.06741787229900462,0.015126828427152057,0.0,0.0,0.0
oft,lighting_low,episode_000005,alignment,13,13,3,0.2236328125,0.97265625,0.0,0,1,0,0.007603962176846466,0.004973912937608784,0.7490234375,0.7490785472665829,0.00908625614308906,1.7966655812505687,0.9998528652580718,0.023527476005544334,0.41691589842443627,0.2236328125,0.47369192869723514,0.41757922420331967,63.83187904242298,0.22288409678453952,0.030578421336388818,0.41033383925950406,0.97265625,1.0561103541566728,0.4114716265951642,62.869219831053314,0.8482037000083879,-0.062096283351477204,0.03371317117855092,0.8026547935515413,0.2038443979640898,-0.3460799842570279,-0.24439472612720445,1.5354827549271652
openvla,lighting_low,episode_000005,alignment,14,14,,0.0019607843137254832,0.0019607843137254832,0.0,0,0,0,0.0003419780145553711,0.0003407622236647444,0.0,0.00048277101768454876,0.00048277101768454876,0.059739735916915025,0.0,0.022334604778619253,0.4174990494823508,0.0019607843137254832,0.41810062851472546,0.4180960307026168,57.66192473215535,2.199368531984219e-05,0.0229695038549989,0.4227202040318357,0.0019607843137254832,0.42334833610064715,0.42334379528234684,58.36330260645941,2.1451809589511043e-05,-0.019317226165034798,0.0,0.03370893614950231,-0.04538048528145571,0.0,0.0,0.0
oft,lighting_low,episode_000005,alignment,14,14,4,0.474609375,0.9765625,0.0,0,1,0,0.006670605162935253,0.0029870715024104626,0.501953125,0.5020063338909838,0.007308869228566835,1.2783393515376573,0.9997880262956025,0.023537131313537216,0.41926707328182794,0.474609375,0.6337136057610496,0.41992722618184736,65.28265817271574,0.5609014494434325,0.030245407900672892,0.422713874305277,0.9765625,1.064554423519768,0.4237945306740704,65.8859504890711,0.8415198194341724,-0.07244566391005668,-0.011237723726183447,0.7038481476169915,0.08493516581837092,-0.21188570464716,-0.14979031601344794,1.0289936584518422
openvla,lighting_low,episode_000005,alignment,15,15,,0.0019607843137254832,0.0019607843137254832,0.0,0,0,0,0.0003419780145553711,0.0007778511419626762,0.0,0.000849706632604379,0.000849706632604379,0.11957475591239598,0.0,0.022751218844438554,0.4445741242909433,0.0019607843137254832,0.4451602123091096,0.4451558939831827,61.8324909759134,1.9401127334879426e-05,0.0230076854497901,0.4434960453631517,0.0019607843137254832,0.44409676931681924,0.44409244065004216,61.69513996415962,1.9494155238818938e-05,-0.019317226165034798,0.0,0.03370893614950231,-0.04538048528145571,0.10358226780721849,0.0,0.0
oft,lighting_low,episode_000005,alignment,15,15,0,0.07177734375,0.8671875,0.0,0,1,0,0.0070078318200288555,0.01733468655220526,0.79541015625,0.7956298874038923,0.018697621899081574,2.3370879919631893,0.9994477311234498,0.019196578419528702,0.45613925395164145,0.07177734375,0.4621509652639307,0.4565430183658241,70.81288115752689,0.024121651351124426,0.02603685522676435,0.4436124982080932,0.8671875,0.9744147610503316,0.44437592913717205,69.36711390308504,0.7920239413443748,-0.3104814167573856,0.16535507768527252,0.7246704877669571,0.5775591275649214,-1.0099885254847958,-0.894800045659281,1.6305745813405166
openvla,lighting_low,episode_000005,alignment,16,16,,0.0019607843137254832,0.0019607843137254832,0.0,0,0,0,8.637995946520188e-05,8.740472544931555e-05,0.0,0.00012288646560170956,0.00012288646560170956,0.023255113924682304,0.0,0.016400965876458902,0.1753019779822904,0.0019607843137254832,0.17607844797506922,0.1760675301303003,24.153212131347228,0.00012400729800683715,0.016631255820620614,0.18322653177592957,0.0019607843137254832,0.18399023151225072,0.1839797831741484,25.24922496197697,0.00011357169724859268,-0.019317226165034798,0.0,0.0,0.0,0.012947783475902265,0.0,0.0
oft,lighting_low,episode_000005,alignment,16,16,1,0.09814453125,0.91796875,0.0,0,1,0,0.0073377134247333345,0.011976306998922093,0.81982421875,0.8199445247190104,0.014045425149704159,2.140606726643943,0.9997065724827332,0.014755029357296789,0.18413220681163134,0.09814453125,0.2091763119737469,0.18472244172448582,28.028089217394765,0.22014417930013963,0.022295377687660167,0.18352056917935425,0.91796875,0.9363992253065527,0.18486990879575171,28.47257756408564,0.9610228246872734,-0.2871953105005816,0.17980357961893687,0.7618058714739019,0.37371472960083113,-0.738068537854274,-0.6149286657394176,1.6806229110317539
openvla,lighting_low,episode_000005,descent_to_grasp,17,17,,0.0019607843137254832,0.0019607843137254832,0.0,0,0,0,8.637995946520188e-05,0.0006992378035945269,0.0,0.0007045530522060833,0.0007045530522060833,0.10536812340929982,0.0,0.012808929488352511,0.000571338430651412,0.0019607843137254832,0.01297072771146159,0.012821665345809247,1.310362718787457,0.022852355044512454,0.012873305419238042,0.00029772675806562156,0.0019607843137254832,0.013025179797776447,0.012876747789696425,1.3160152964953826,0.02266168475924867,-0.019317226165034798,0.0,0.0,0.0,0.10358226780721849,0.0,0.0
oft,lighting_low,episode_000005,descent_to_grasp,17,17,2,0.078125,0.94140625,0.0,0,1,0,0.00957404532758923,0.015458080873056218,0.86328125,0.8634727159614108,0.018182810789662846,2.4986726118116778,0.9995565702769901,0.011177974944156555,0.015417368283394177,0.078125,0.08041242437358795,0.01904317118123976,1.855606860566158,0.943916871657822,0.020416806267412917,0.0001739684178760504,0.94140625,0.9416276354176496,0.02041754743282086,2.895286122070055,0.9995298366691082,-0.5032386296609294,0.07545328787580438,0.9846181737155727,0.6709878099651289,-0.907577101572002,-0.7804863834384917,1.7697089378821567
openvla,lighting_low,episode_000005,descent_to_grasp,18,18,,0.0019607843137254832,0.0019607843137254832,0.0,0,0,0,0.0004963333520372724,0.0006992378035945269,0.0,0.0008574848700241033,0.0008574848700241033,0.11526466956891693,0.0,0.012359062327055552,0.0005432065704572117,0.0019607843137254832,0.012525420955288632,0.012370994098383187,1.2645303024612802,0.02450614431039561,0.01273450367034034,0.00023934702487587466,0.0019607843137254832,0.012886797346632731,0.012736752754459376,1.3005649411357352,0.0231509943933425,0.0,0.0,0.05056340422425364,0.0,0.10358226780721849,0.0,0.0
oft,lighting_low,episode_000005,descent_to_grasp,18,18,3,0.07568359375,0.97265625,0.0,0,1,0,0.01329456313744429,0.02819461251724564,0.89697265625,0.897514137851986,0.031171807519184976,3.5305772163186773,0.9987937387550445,0.010418505130851321,0.02810749430038098,0.07568359375,0.0814038257572859,0.029976265361240793,2.8537185987490004,0.8643982116228686,0.022007763750849067,0.00014868245363440852,0.97265625,0.9729052083506634,0.022008265987696642,3.0636742055663198,0.9994882821155829,-1.0207076575899048,0.13485268471420309,1.3241416818933562,1.2358066626572943,-1.6487356392857135,-1.423008002127755,1.8387756328560643
openvla,lighting_low,episode_000005,descent_to_grasp,19,19,,0.0019607843137254832,0.0019607843137254832,0.0,0,0,0,0.0005080231153591041,0.0001748094508986311,0.0,0.0005372576940934866,0.0005372576940934866,0.06506520456993924,0.0,0.012743232257860958,0.0005432065704572117,0.0019607843137254832,0.012904639354934638,0.01275480465377561,1.3028385929513648,0.02308702132545469,0.012258919459868662,0.00037940974005645203,0.0019607843137254832,0.012420536751660459,0.012264789361191502,1.2541313251148183,0.024921772049633386,-0.019317226165034798,-0.02516122780224117,-0.05056340422425364,0.0,0.02589556695180453,0.0,0.0
oft,lighting_low,episode_000005,descent_to_grasp,19,19,4,0.3984375,0.98046875,0.0,0,1,0,0.008660098268069698,0.004587724427101277,0.58203125,0.5821137521945295,0.009800230478496184,1.5684077000765684,0.9997165627929031,0.01346142542565003,0.004505733327522759,0.3984375,0.3986902971148898,0.014195478410715378,1.6915722488003406,0.9987322642596256,0.022106118864748645,0.00011893007683013642,0.98046875,0.9807179331296987,0.022106438782073665,3.0820966553210263,0.9994918998322293,-0.1500660180994031,-0.01765928014114525,0.9122041754870294,0.11890923214571887,-0.339017127435456,-0.22862732444157843,1.1931521798391012
openvla,lighting_low,episode_000005,descent_to_grasp,20,20,,0.0019607843137254832,0.9980392156862745,0.0,0,1,0,0.0013251711710831145,0.0020977134107835805,0.996078431372549,0.9960815217269038,0.0024812255412297924,2.0711989471064265,0.9999937949866684,0.011538740000094616,0.0006273379870130511,0.0019607843137254832,0.011720953411079022,0.011555780966240796,1.1815762404896435,0.027985544966993726,0.0128170403002278,0.001499031259416942,0.9980392156862745,0.99812263758741,0.012904402999533634,2.4397578386298884,0.9998328493677177,0.0,-0.02516122780224117,0.1348357445980096,0.0,0.31074680342165545,0.0,2.043156317380581
oft,lighting_low,episode_000005,descent_to_grasp,20,20,0,0.1142578125,0.953125,0.0,0,1,0,0.007142889461413886,0.0007032161061670073,0.8388671875,0.8388978922651493,0.0071774217341570665,1.951366136317682,0.9999267987117024,0.010392763429068455,0.0008690363760280303,0.1142578125,0.11473278726327797,0.010429034275302897,1.2736386888321654,0.9917374690164366,0.01692898348856338,0.00020343463969834893,0.953125,0.9532753523996143,0.016930205775733523,2.6501273651279793,0.9996845810765951,0.36222831955028295,0.4270335015949759,0.7236094768039014,0.025480549745511488,-0.11300570914515201,0.0,1.7196606081909191
openvla,lighting_low,episode_000005,descent_to_grasp,21,21,,0.0019607843137254832,0.9980392156862745,0.0,0,1,0,0.027463992560512792,0.00038298464355692206,0.996078431372549,0.9964570532693313,0.027466662786023027,3.4649880417169414,0.9992402081686947,0.004953519234892495,0.000221462026988444,0.0019607843137254832,0.005332079647267066,0.004958467327697921,0.5139930986234745,0.1352279274025574,0.022666191092632897,0.0002573238228125581,0.9980392156862745,0.9982965984525197,0.02266765171334556,3.0873098946007267,0.9994844225910775,0.019317226165034798,-0.02516122780224117,2.797841700408703,0.04538048528145571,0.025895566951804724,0.0,2.043156317380581
oft,lighting_low,episode_000005,descent_to_grasp,21,21,1,0.140625,0.96875,0.0,0,1,0,0.008875382480354325,0.0008907425742265012,0.828125,0.8281730383570248,0.008919968413964264,1.9697781412326298,0.9998839929300706,0.010934540554039314,0.0008343915117641569,0.140625,0.14105194437271268,0.010966329665062712,1.2561517741322716,0.9939554435160531,0.01977099923946849,0.0002463247277348492,0.96875,0.968951761227977,0.019772533646413584,2.883221641067429,0.9995835907832489,0.1552407083786926,0.31626165343688073,0.9294456036366825,0.008493516581836988,-0.09181713868043598,-0.039418504214065245,1.6976393431267747
openvla,lighting_low,episode_000005,descent_to_grasp,22,22,,0.9980392156862745,0.9980392156862745,0.0,1,1,0,0.014890394803345355,0.0020135151128216422,0.0,0.015025914298606108,0.015025914298606108,1.5462572172510267,0.0,0.0019581942648905066,0.0012271207714196597,0.9980392156862745,0.9980418911036955,0.002310919766391653,2.066268150938412,0.9999946386742704,0.01666906069816555,0.0007975134223071923,0.9980392156862745,0.9981787263110209,0.01668812788235659,2.664317784370854,0.9997204891835385,-0.019317226165034798,-0.02516122780224117,1.51690212672761,0.015126828427152057,0.29779901994575314,0.0,0.0
oft,lighting_low,episode_000005,descent_to_grasp,22,22,2,0.146484375,0.96875,0.0,0,1,0,0.011623584115781616,0.0006499554637804798,0.822265625,0.822348033503116,0.011641741699657692,2.1040378210444644,0.9997995875939861,0.010621623170016263,0.0004685377345736034,0.146484375,0.14686970594889598,0.010631952143164758,1.2024546386483785,0.9947596345405111,0.02201150048538338,0.00021108108453903116,0.96875,0.9690000584152935,0.022012512551780248,3.058881167625884,0.9994839501849163,0.0620962833514768,0.27452153673962726,1.2244066513661322,0.025480549745511488,-0.07769142503729197,-0.023651102528439136,1.6856277440008778
openvla,lighting_low,episode_000005,descent_to_grasp,23,23,,0.9980392156862745,0.9980392156862745,0.0,1,1,0,0.0033100163144008285,0.0016952903734231235,0.0,0.003718900032512404,0.003718900032512404,0.4202162078015781,0.0,0.013524368649270337,0.0008807754056764309,0.9980392156862745,0.9981312340370632,0.013553018581726023,2.4722338874480845,0.9998156272320996,0.01676752586684598,0.0008321883428911208,0.9980392156862745,0.9981804037892186,0.016788164316964282,2.6706292815492683,0.9997171290536283,-0.019317226165034798,0.0,0.33708936149502416,0.04538048528145571,0.2460078860421439,0.0,0.0
oft,lighting_low,episode_000005,descent_to_grasp,23,23,3,0.380859375,0.984375,0.0,0,1,0,0.011325218093967524,0.000509196304534961,0.603515625,0.6036220915977919,0.011336659373575687,1.7258614753638377,0.9996472719934939,0.012434733454701778,0.0004442757460983026,0.380859375,0.38106257163675716,0.01244266760096286,1.536534770052613,0.9989338104767993,0.023677016773591096,0.0001270342171630904,0.984375,0.9846597167986457,0.023677357559264173,3.2146864007394598,0.999421778650015,0.0155240708378692,0.1123772372618362,1.1957593553636314,0.0,-0.07062856821571997,0.01576740168562606,1.2371947099673901
openvla,lighting_low,episode_000005,descent_to_grasp,24,24,,0.9980392156862745,0.9980392156862745,1.0,1,1,1,0.003971606282532136,0.002427305233643621,0.0,0.0046546178318657315,0.0046546178318657315,0.5403082976814639,0.0,0.011016486101753199,0.0008542620433936378,0.0019607843137254832,0.01122218360186004,0.011049557894726126,1.1310352275497286,0.030528460795624313,0.015365204877954947,0.001598897202230918,0.0019607843137254832,0.015572111877641527,0.015448171192889867,1.5852656813757577,0.015854940527951382,-0.019317226165034798,0.0,0.40450723379402914,0.07563414213575982,0.3495901538493622,0.0,0.0
oft,lighting_low,episode_000005,descent_to_grasp,24,24,4,0.70703125,0.98828125,1.0,1,1,1,0.010532235322974995,0.0004682323679536816,0.28125,0.28144752569963893,0.010542638305894863,1.2543545262046478,0.9985968511513068,0.011130010809537808,0.0004845518639384705,0.29296875,0.2931804911785431,0.011140553448068666,1.3239216818008368,0.9985560791190183,0.02203380795811709,0.00011893007683013642,0.01171875,0.024956601111947495,0.022034128925336686,2.3287825005943614,0.22049142465232685,0.010349380558579467,0.03852933848977256,1.1124699947637693,0.0,-0.03531428410786001,0.023651102528439136,0.5765567580430556
openvla,lighting_low,episode_000005,grasp_close,25,25,,0.9980392156862745,0.9980392156862745,1.0,1,1,1,0.0033100163144008285,0.00178099783981482,0.0,0.00375874464509425,0.00375874464509425,0.4279250168893543,0.0,0.00019754619615268968,0.000221462026988444,0.0019607843137254832,0.001983114987579929,0.0002967657814038324,0.03659436767722802,0.9776059907764796,0.0031147088902039556,0.001598897202230918,0.0019607843137254832,0.004012799379357175,0.003501126066570213,0.3956633862752662,0.2387617495222122,-0.019317226165034798,0.0,0.33708936149502416,0.04538048528145571,0.2589556695180462,0.0,0.0
oft,lighting_low,episode_000005,grasp_close,25,25,0,0.9296875,0.96875,1.0,1,1,1,0.0007683470339667674,0.0004137258676666801,0.0390625,0.039072246320223034,0.0008726547187645731,0.14184876237236893,0.9995011751018994,0.0017438063843622643,0.0005581414025316788,0.0703125,0.07033633512475157,0.0018309512640599212,0.2501611101272981,0.9993223677019156,0.000994543948779695,0.00020442492508117232,0.03125,0.031266490164648296,0.0010153360114015222,0.12446608600973146,0.9989454642303853,0.020698761117158935,0.06742634235710125,-0.07771905304382107,0.025480549745511488,-0.04237714092943197,0.01576740168562611,0.08007732750597994
openvla,lighting_low,episode_000005,grasp_close,26,26,,0.9980392156862745,0.9980392156862745,1.0,1,1,1,0.00248316962892411,0.002010308685334265,0.0,0.0031949135225137915,0.0031949135225137915,0.3911187258058532,0.0,0.005595886597666487,0.0005030208418749329,0.0019607843137254832,0.005950769018056061,0.005618449677740647,0.5746318002701842,0.10857090584561817,0.0031147088902039556,0.001598897202230918,0.0019607843137254832,0.004012799379357175,0.003501126066570213,0.3956633862752662,0.2387617495222122,-0.019317226165034798,0.0,-0.2528170211212686,0.0,0.2977990199457532,0.0,0.0
oft,lighting_low,episode_000005,grasp_close,26,26,1,0.9765625,0.9921875,1.0,1,1,1,0.00047416007604073187,0.00052422244447231,0.015625,0.015640980210619777,0.0007068500187447666,0.10807159286757931,0.9979576667183931,0.003920410004203428,0.0005198229426196999,0.0234375,0.023768808063147216,0.003954722555721465,0.42587183181999627,0.9723167398188152,0.0034601535541015013,0.0009962345295047852,0.0078125,0.008602342826564103,0.0036007146312557006,0.40207825404419334,0.8247960415457087,0.020698761117158935,0.01926466924488599,-0.04880650430055643,-0.016987033163673976,0.08475428185886401,0.0,0.032030931002391974
openvla,lighting_low,episode_000005,grasp_close,27,27,,0.9980392156862745,0.9980392156862745,1.0,1,1,1,0.0021525117642936897,0.0010200533333175506,0.0,0.002381977266523545,0.002381977266523545,0.2659435152446599,0.0,0.006092212011624648,0.000221462026988444,0.0019607843137254832,0.006403808847001399,0.006096235939002154,0.621389383600917,0.09375251527892865,0.008243121962936502,0.0008321883428911208,0.0019607843137254832,0.00851388702408259,0.008285022458261052,0.8486210394571367,0.05304004475803264,-0.019317226165034798,0.0,0.21910808497176554,0.04538048528145571,0.14242561823492542,0.0,0.0
oft,lighting_low,episode_000005,grasp_close,27,27,2,0.984375,0.9921875,1.0,1,1,1,0.003053578589727789,0.00017869172887831323,0.0078125,0.008389960023004489,0.0030588025332821786,0.3235868058196917,0.86708221376389,0.006692349858287551,0.00029629679028763507,0.015625,0.017000469505682958,0.006698905762410466,0.7092780860602713,0.844730588983322,0.009745792968966148,0.0003331098301424125,0.0078125,0.012495062985150875,0.00975148413078171,1.0310934098042581,0.39093374633025324,0.0,0.008026945518702545,0.3225473327688944,0.016987033163673976,0.0,-0.007883700842813078,0.016015465501195987
openvla,lighting_low,episode_000005,grasp_close,28,28,,0.9980392156862745,0.9980392156862745,1.0,1,1,1,0.0021507778588281783,0.0007948009610784726,0.0,0.002292935665420377,0.002292935665420377,0.24862909461747568,0.0,0.006092212011624648,0.0007946371670753618,0.0019607843137254832,0.0064491216880155945,0.006143817658580144,0.6315893975721895,0.09243969511804616,0.008242966518566583,9.85178689534503e-05,0.0019607843137254832,0.008473539869597873,0.008243555227977357,0.8398113619790715,0.05354635258285395,0.0,0.0,0.21910808497176554,0.015126828427152057,0.11653005128312073,0.0,0.0
oft,lighting_low,episode_000005,grasp_close,28,28,3,0.98828125,0.9921875,1.0,1,1,1,0.0022901125234286446,0.0,0.00390625,0.004528068510133732,0.0022901125234286446,0.2420429994633998,0.7442075833191639,0.00910275423396673,0.00020006003814359547,0.01171875,0.014840123322444502,0.009104952425074019,0.9623367559599617,0.6235733681435914,0.011392858709187647,0.00020006003814359547,0.0078125,0.013815658139820008,0.01139461511356899,1.2039546908266912,0.3197694014673065,0.0,0.0,0.24191049957667063,0.0,0.0,0.0,0.008007732750597994
openvla,lighting_low,episode_000005,grasp_close,29,29,,0.9980392156862745,0.9980392156862745,1.0,1,1,1,0.0005037939000640688,0.0003407622236647444,0.0,0.0006082163980185886,0.0006082163980185886,0.0706342800475576,0.0,0.0077466374045291435,0.0001419759787906853,0.0019607843137254832,0.007992197656511974,0.007747938322922015,0.7893701875743405,0.06019039811468194,0.008243121962936502,0.0002573238228125581,0.0019607843137254832,0.0084770248537199,0.008247137397038622,0.8404840839646512,0.05350233482106175,-0.019317226165034798,0.0,0.05056340422425364,0.04538048528145571,0.0,0.0,0.0
oft,lighting_low,episode_000005,grasp_close,29,29,4,0.98828125,0.9921875,1.0,1,1,1,0.0016071616413718378,0.00014986555073847135,0.00390625,0.004226608248619118,0.0016141338930817247,0.1704132182831395,0.8541537990221314,0.009625070483803237,0.00022916660553863323,0.01171875,0.01516652896063481,0.009627798250445133,1.0173279047245247,0.5970217887919376,0.011232135064438228,9.788292771376929e-05,0.0078125,0.013682309579282315,0.01123256155884848,1.1866792272803297,0.3260327561897048,0.0,-0.004816167311221642,0.16976175408889174,-0.008493516581836988,0.0,0.00788370084281303,0.008007732750597994
openvla,lighting_low,episode_000005,grasp_close,30,30,,0.9980392156862745,0.9980392156862745,1.0,1,1,1,0.008438109127107428,0.0008572778788569279,0.0,0.008481545319253509,0.008481545319253509,0.8688417083868167,0.0,0.00019754619615268968,0.0007946371670753618,0.0019607843137254832,0.00212488772688438,0.0008188239901907818,0.11882570773771876,0.8515059198703359,0.008243121962936502,0.0002573238228125581,0.0019607843137254832,0.0084770248537199,0.008247137397038622,0.8404840839646512,0.05350233482106175,-0.019317226165034798,0.0,0.8595778718123123,0.04538048528145571,0.11653005128312073,0.0,0.0
oft,lighting_low,episode_000005,grasp_close,30,30,0,0.984375,0.98828125,1.0,1,1,1,0.0029356563566735666,0.0001397974816417537,0.00390625,0.004888395508022166,0.0029389830860947967,0.3112256311493457,0.6385389542619333,0.003799844532293002,0.00032217511786305163,0.015625,0.016083632682829058,0.003813478107471851,0.4054726924690875,0.9437821512493753,0.0008660581526185912,0.00043419753181872756,0.01171875,0.011758728068241676,0.0009688055637508497,0.11621369849435896,0.9932118324318481,0.0,-0.011237723726184024,-0.3100804539529916,-0.008493516581836988,0.021188570464715967,0.0,0.008007732750597994
openvla,lighting_low,episode_000005,grasp_close,31,31,,0.9980392156862745,0.9980392156862745,1.0,1,1,1,0.008437666984633635,0.0015773800978942077,0.0,0.008583842503029118,0.008583842503029118,0.8907412363059406,0.0,0.00019754619615268968,0.0007946371670753618,0.0019607843137254832,0.00212488772688438,0.0008188239901907818,0.11882570773771876,0.8515059198703359,0.008242966518566583,0.0007975134223071923,0.0019607843137254832,0.008510417134895431,0.008281456676513489,0.8479547729216196,0.053083304822523804,0.0,0.0,0.8595778718123123,0.015126828427152057,0.23306010256624143,0.0,0.0
oft,lighting_low,episode_000005,grasp_close,31,31,1,0.98828125,0.9921875,1.0,1,1,1,0.00187174613193601,0.0007985131819869138,0.00390625,0.0044045256210770625,0.0020349586934933794,0.23794547587129722,0.7865417645275936,0.0072546876022162405,0.00026585370550426685,0.01171875,0.0137851467877923,0.007259557176472982,0.7674792529548223,0.7226696049285153,0.0053885935457637455,0.000907940043817038,0.0078125,0.009533963067613236,0.005464548977236199,0.5898877669084502,0.67148007494663,0.025873451396448668,0.008026945518702545,-0.19734803912833684,-0.025480549745510964,0.12713142278829598,0.00788370084281303,0.008007732750597994
openvla,lighting_low,episode_000005,grasp_close,32,32,,0.9980392156862745,0.9980392156862745,1.0,1,1,1,0.0004963333520372724,0.0015031462869077626,0.0,0.0015829704849393588,0.0015829704849393588,0.22786262224228554,0.0,0.0077466374045291435,0.0007405867151425755,0.0019607843137254832,0.008025181299188673,0.007781957321901458,0.7965581186942454,0.0596966475803871,0.008242966518566583,0.0007975134223071923,0.0019607843137254832,0.008510417134895431,0.008281456676513489,0.8479547729216196,0.053083304822523804,0.0,0.0,0.05056340422425364,-0.030253656854303652,0.22011231909033918,0.0,0.0
oft,lighting_low,episode_000005,grasp_close,32,32,2,0.98828125,0.9921875,1.0,1,1,1,0.001044623864117541,4.266968606883733e-05,0.00390625,0.004043741928226018,0.0010454949639252576,0.11087215593151181,0.9331537531835491,0.009504516905389048,0.00011893007683013642,0.01171875,0.015089038654947538,0.00950526096264595,1.0044515266568397,0.6031695886171483,0.010549120213857125,9.788292771376929e-05,0.0078125,0.013127401669940125,0.010549574320983137,1.1145435384889149,0.35417875980462127,0.0,-0.0016053891037407398,0.11034514015777964,0.0,0.007062856821572001,0.0,0.008007732750597994
openvla,lighting_low,episode_000005,grasp_close,33,33,,0.9980392156862745,0.9980392156862745,1.0,1,1,1,0.0021507778588281783,0.0004169433695563582,0.0,0.0021908188358334274,0.0021908188358334274,0.2271694482188879,0.0,0.006092212011624648,0.00035860697209982715,0.0019607843137254832,0.0064100172605051665,0.006102757258405601,0.622827825916393,0.09357099548444565,0.008242966518566583,0.0002573238228125581,0.0019607843137254832,0.008476873698537007,0.008246982028354163,0.8404078380865563,0.05350424288943595,0.0,0.0,0.21910808497176554,0.030253656854303652,0.051791133903609426,0.0,0.0
oft,lighting_low,episode_000005,grasp_close,33,33,3,0.98828125,0.9921875,1.0,1,1,1,0.0008036785133217462,0.00014533880595663404,0.00390625,0.003990715673133323,0.0008167144674192763,0.08604719184650934,0.958116889818614,0.010348260423353373,0.00021108108453903116,0.01171875,0.01563522147512762,0.010350412987595804,1.0936042451063108,0.561764775317202,0.01115178036872655,9.788292771376929e-05,0.0078125,0.013616421802729697,0.011152209936145062,1.1781925926670205,0.32919563506052324,0.0,-0.004816167311221642,0.08488087704444569,0.0,0.007062856821572001,0.00788370084281303,0.008007732750597994
openvla,lighting_low,episode_000005,grasp_close,34,34,,0.9980392156862745,0.9980392156862745,1.0,1,1,1,0.0034754071010861995,0.0001748094508986311,0.0,0.0034798006929138716,0.0034798006929138716,0.3554152080384076,0.0,0.005639102141572821,9.85178689534503e-05,0.0019607843137254832,0.005971084814214769,0.00563996265356379,0.5745771664247011,0.10783336747285023,0.009130579554909181,0.0002047784361348487,0.0019607843137254832,0.00934098990157806,0.0091328756269004,0.9306639254735432,0.044062977698622434,-0.019317226165034798,0.0,0.35394382956977516,0.0,0.02589556695180453,0.0,0.0
oft,lighting_low,episode_000005,grasp_close,34,34,4,0.98828125,0.9921875,1.0,1,1,1,0.0004823460201774616,7.055295174315157e-05,0.00390625,0.003936549817375706,0.00048747861715228876,0.05294391188232137,0.9846651462908541,0.009734450950874197,0.00011893007683013642,0.01171875,0.015234919797644174,0.009735177434343474,1.0287627984350125,0.5916736578012545,0.01023358336186852,5.804908989645412e-05,0.0078125,0.01287496618912648,0.010233747999689556,1.081159893654054,0.36820346087167166,0.0,-0.004816167311221642,0.050928526226667555,-0.008493516581836988,0.007062856821572001,0.0,0.008007732750597994
openvla,lighting_low,episode_000005,lift,35,35,,0.9980392156862745,0.9980392156862745,1.0,1,1,1,0.0005037939000640688,0.0003407622236647444,0.0,0.0006082163980185886,0.0006082163980185886,0.0706342800475576,0.0,0.005075593512762075,0.0001419759787906853,0.0019607843137254832,0.0054430213861694455,0.005077578821184959,0.5173606196158246,0.1297715722565321,0.0045470673653175975,0.0002573238228125581,0.0019607843137254832,0.00495849899661935,0.004554342672057427,0.4645408975299805,0.1563720711464946,-0.019317226165034798,0.0,0.05056340422425364,0.04538048528145571,0.0,0.0,0.0
oft,lighting_low,episode_000005,lift,35,35,0,0.984375,0.98828125,1.0,1,1,1,0.00286045893923938,7.055295174315171e-05,0.00390625,0.004842106166181629,0.0028613288979203616,0.3027757196090321,0.6508058597574551,0.009043089523130743,0.00035828025996484646,0.015625,0.01805675657110206,0.00905018413448243,0.9573324011364084,0.7487909134066174,0.011870656568663158,0.0003958241403580833,0.01171875,0.01668527092029782,0.011877254064860109,1.25563263341062,0.493282891778168,0.0,-0.014448501933664348,-0.3021228717300747,-0.008493516581836988,0.007062856821572036,0.0,0.008007732750597994
openvla,lighting_low,episode_000005,lift,36,36,,0.9980392156862745,0.9980392156862745,1.0,1,1,1,0.0005037939000640688,0.0003496189017972647,0.0,0.0006132223660595644,0.0006132223660595644,0.07491418173135163,0.0,0.005076950385283583,0.00043024265214219035,0.0019607843137254832,0.005459414719482793,0.005095148079727759,0.5207982869547779,0.12899339557464748,0.004522266350167641,0.0002573238228125581,0.0019607843137254832,0.004935765757873579,0.0045295814918870185,0.462021504875948,0.1578158309530584,-0.019317226165034798,0.0,0.05056340422425364,0.0,0.051791133903609426,0.0,0.0
oft,lighting_low,episode_000005,lift,36,36,1,0.98828125,0.9921875,1.0,1,1,1,0.0019106185073407306,0.0007863336667084648,0.00390625,0.004419001332709926,0.0020661035104737858,0.24080038180686364,0.7813971165585009,0.005448524803660251,0.0002006672161938715,0.01171875,0.012925006438306172,0.005452218802263532,0.577004435066662,0.8220553168899472,0.007299368762780164,0.000907940043817038,0.0078125,0.010730344622062113,0.007355619583571279,0.7862712445431695,0.5300937944841847,0.020698761117158935,0.006421556414962382,-0.20159208298055908,-0.025480549745510964,0.12713142278829598,0.0,0.008007732750597994
openvla,lighting_low,episode_000005,lift,37,37,,0.9980392156862745,0.9980392156862745,1.0,1,1,1,0.0019853334081490932,0.0002271748157764951,0.0,0.0019982885523457264,0.0019982885523457264,0.2045038124363026,0.0,0.002573649200170771,9.85178689534503e-05,0.0019607843137254832,0.0032369817887956506,0.002575534114711505,0.2624065628458037,0.3669265484482067,0.004660563887928722,0.0002573238228125581,0.0019607843137254832,0.005062780503656472,0.0046676622953307325,0.47596464682318945,0.14999661204206508,0.0,0.0,-0.20225361689701493,0.030253656854303652,0.0,0.0,0.0
oft,lighting_low,episode_000005,lift,37,37,2,0.98828125,0.9921875,1.0,1,1,1,0.0008437394516036773,7.055295174315157e-05,0.00390625,0.003996956722769481,0.0008466841094482319,0.09017747142842658,0.9551271218458004,0.0030160617502809853,0.00011893007683013642,0.01171875,0.012101234416669352,0.0030184056792755386,0.32008518342607034,0.9377848903410698,0.002274010861055254,0.00014868245363440852,0.0078125,0.008138082582415591,0.0022788663559357766,0.24181581209080708,0.9215860144603516,0.0,-0.0016053891037407398,0.08912492089666794,0.008493516581836988,0.007062856821572001,0.0,0.008007732750597994
openvla,lighting_low,episode_000005,lift,38,38,,0.9980392156862745,0.9980392156862745,1.0,1,1,1,0.0014890000561118139,0.0008187886573613344,0.0,0.0016992751491517087,0.0016992751491517087,0.19366067547597793,0.0,0.0027485896202067168,0.0007880335140380215,0.0019607843137254832,0.0034670472803968407,0.002859325395885403,0.30320702081008777,0.31984540758324725,0.0009855833372354125,0.0002573238228125581,0.0019607843137254832,0.00220958484548,0.001018621649300152,0.105821858873979,0.7874777333519208,0.0,0.0,0.15169021267276056,0.030253656854303652,0.11653005128312073,0.0,0.0
oft,lighting_low,episode_000005,lift,38,38,3,0.98828125,0.9921875,1.0,1,1,1,0.0007634317837605473,0.0,0.00390625,0.003980152905474338,0.0007634317837605473,0.08109705141232386,0.963209053539042,0.0025080703923190113,0.00011893007683013642,0.01171875,0.01198472623878001,0.0025108885789700153,0.26676818403742053,0.9561066582616504,0.0014703315181315865,0.00011893007683013642,0.0078125,0.007950545603063098,0.0014751335995041122,0.15727603642379134,0.9655754046165923,0.0,-0.0032107782074809023,0.08063683319222342,0.0,0.0,0.0,0.008007732750597994
openvla,lighting_low,episode_000005,lift,39,39,,0.9980392156862745,0.9980392156862745,1.0,1,1,1,0.0006617778027163609,0.0002271748157764951,0.0,0.0006996843982047758,0.0006996843982047758,0.073894879784616,0.0,0.005049703025365783,0.0002573238228125581,0.0019607843137254832,0.005423134823985766,0.005056255155169211,0.5155174173558904,0.13072505847453714,0.004437901678479151,9.85178689534503e-05,0.0019607843137254832,0.0048527674788004325,0.0044389950527513765,0.45223326221004445,0.16326033479649804,0.0,0.0,0.06741787229900462,-0.030253656854303652,0.0,0.0,0.0
oft,lighting_low,episode_000005,lift,39,39,4,0.98828125,0.9921875,1.0,1,1,1,0.0004018030747733521,7.055295174315157e-05,0.00390625,0.003927494429327302,0.0004079502787068437,0.044608470612048194,0.9892109473383902,0.0023630126967681153,8.906734797224952e-05,0.01171875,0.011954951424412486,0.002364690676930522,0.2512288254046511,0.9608751174721792,0.002011180982644334,9.788292771376929e-05,0.0078125,0.008067811739405429,0.0020135615243860932,0.21359168499591985,0.9377100048518104,0.0,-0.0016053891037407398,0.042440438522223026,0.008493516581836988,0.007062856821572001,0.0,0.008007732750597994
openvla,lighting_low,episode_000005,lift,40,40,,0.9980392156862745,0.9980392156862745,1.0,1,1,1,0.0009926667040745414,0.00028575929295230885,0.0,0.0010329789731097225,0.0010329789731097225,0.1093812515822302,0.0,0.004358045108701393,0.00015829896055952945,0.0019607843137254832,0.004781452797565012,0.004360919138254041,0.44440674165635496,0.16816666139358125,0.005132840087030993,0.00027560280271094064,0.0019607843137254832,0.005501516099117258,0.005140233872490089,0.5244001663716845,0.1270266577829057,0.0,0.0,-0.10112680844850692,-0.015126828427151595,-0.03884335042770699,0.0,0.0
oft,lighting_low,episode_000005,lift,40,40,0,0.98046875,0.98828125,1.0,1,1,1,0.002029732755376203,0.0003819855474397943,0.0078125,0.008080896253925052,0.0020653638944989694,0.2203209772988172,0.9346758001120171,0.007927189870272472,0.00011559320896619198,0.01953125,0.021078980705712732,0.007928032607735011,0.838485433448783,0.8585406550134648,0.009738388018000935,0.0003584235033607343,0.01171875,0.015241186638821977,0.009744981713523405,1.030379559952714,0.5911871914096598,0.010349380558579868,-0.011237723726183447,-0.2143242145372259,-0.008493516581836988,0.04237714092943197,-0.01576740168562611,0.016015465501195987
openvla,lighting_low,episode_000005,lift,41,41,,0.9980392156862745,0.9980392156862745,1.0,1,1,1,0.0013235556054327288,0.00011358740788824928,0.0,0.0013284206938704204,0.0013284206938704204,0.1356816087742339,0.0,0.00650260574810181,0.00015829896055952945,0.0019607843137254832,0.006793645207185377,0.006504532271897875,0.6627378135201164,0.0833017112137125,0.005326653528428956,0.0002573238228125581,0.0019607843137254832,0.005681912396954341,0.005332865398799365,0.5436751583128697,0.11908870721228078,0.0,0.0,0.13483574459800995,0.015126828427152057,0.0,0.0,0.0
oft,lighting_low,episode_000005,lift,41,41,1,0.9921875,0.9921875,1.0,1,1,1,0.000724574327467203,0.00034805910032775143,0.0,0.000803836484209017,0.000803836484209017,0.09347723441241786,0.0,0.0049832698498431995,0.00022916660553863323,0.0078125,0.009269339349675918,0.004988536431605002,0.527210275049635,0.7103665398698066,0.004408056984356157,0.0002708984043783199,0.0078125,0.008974380679067822,0.004416373209187128,0.4682007571979087,0.7578287641873367,0.010349380558579868,0.0,0.07639278934000115,-0.016987033163673976,0.04943999775100401,0.00788370084281303,0.0
openvla,lighting_low,episode_000005,lift,42,42,,0.9980392156862745,0.9980392156862745,1.0,1,1,1,0.0013235556054327288,0.00034076222366474784,0.0,0.0013667180886156958,0.0013667180886156958,0.14226758754431815,0.0,0.006520640993198815,9.85178689534503e-05,0.0019607843137254832,0.006809782658619868,0.006521385185118876,0.6643694384498617,0.08290737130922378,0.005058382315640958,0.0003441984747774023,0.0019607843137254832,0.005436026063787791,0.005070079313110227,0.5172963297291241,0.13010577892451922,0.0,0.0,0.13483574459800995,-0.045380485281456176,0.0,0.0,0.0
oft,lighting_low,episode_000005,lift,42,42,2,0.9921875,0.9921875,1.0,1,1,1,0.0011251896755210154,0.00015582164614506697,0.0,0.0011359278988150815,0.0011359278988150815,0.11971754246153238,0.0,0.003273663952425489,0.00022969528533603613,0.0078125,0.008473770816319951,0.003281712296578675,0.3471224481863554,0.8500150850602558,0.0020100417834105428,8.906734797224952e-05,0.0078125,0.008067425686892383,0.0020120141558972802,0.21339992753838496,0.9377997519358235,0.005174690279289734,0.0,0.11883322786222418,-0.008493516581836988,0.007062856821572001,0.00788370084281303,0.0
openvla,lighting_low,episode_000005,lift,43,43,,0.9980392156862745,0.9980392156862745,1.0,1,1,1,0.0011581111547536369,0.00011358740788824928,0.0,0.0011636681425542137,0.0011636681425542137,0.11894705775395249,0.0,0.00642309630248129,0.00015829896055952945,0.0019607843137254832,0.00671758139487829,0.006425046666901575,0.6546414924692442,0.0851988579122643,0.007581194489830667,0.0002573238228125581,0.0019607843137254832,0.00783488357076081,0.00758556032488212,0.7730485382186897,0.06263175102574975,0.0,0.0,0.11798127652325861,0.015126828427152057,0.0,0.0,0.0
oft,lighting_low,episode_000005,lift,43,43,3,0.9921875,0.9921875,1.0,1,1,1,0.0005625664827436336,5.618733745656884e-05,0.0,0.0005653654255408631,0.0005653654255408631,0.06010643003591547,0.0,0.010267894658703185,0.00011893007683013642,0.0078125,0.012902672643115464,0.010268583402076462,1.0849153121344977,0.3666238409971473,0.010830361605121568,8.906734797224952e-05,0.0078125,0.013354393349761951,0.010830727837507792,1.1442388816238036,0.3422407606694018,0.0,-0.0032107782074814795,0.05941661393111209,-0.008493516581836988,0.0,0.0,0.0
openvla,extra_object,episode_000001,hold,0,0,,0.0019607843137254832,0.0019607843137254832,0.0,0,0,0,0.00033088890135818047,0.019764402239806272,0.0,0.019767171860483768,0.019767171860483768,2.6323158367431825,0.0,0.0033593914465282443,0.029781283546767606,0.0019607843137254832,0.03003423106571783,0.02997015783381826,3.7828407141907596,0.004262129219122826,0.0030308157812669718,0.01315878172246478,0.0019607843137254832,0.013644927843136511,0.013503309991237339,1.2759227730322376,0.02064986235000161,0.0,0.0,0.03370893614950231,2.6320681463244244,-0.012947783475902298,0.0,0.0
oft,extra_object,episode_000001,hold,0,0,0,0.083984375,0.0255126953125,0.0,0,0,0,0.002565595458118652,0.004401901380287219,0.0584716796875,0.05869323931505309,0.005094999098772597,0.809876086587395,0.9924645001635255,0.003367487192678771,0.007589829930930834,0.083984375,0.08439384297751781,0.008303342000261648,1.1311942851149397,0.9903198001097356,0.005922424713381275,0.01198583991636619,0.0255126953125,0.028803352150312052,0.013369198666577826,1.911954611306556,0.784560820869876,0.3712840275390401,-0.5137245131969637,-0.13474839230805805,-0.2972730803642977,0.30723427173838186,0.19709252107032624,-0.11986574961051372
openvla,extra_object,episode_000001,hold,1,1,,0.0019607843137254832,0.0019607843137254832,0.0,0,0,0,0.00033088890135818047,0.019764402239806272,0.0,0.019767171860483768,0.019767171860483768,2.6323158367431825,0.0,0.0028271980623352775,0.035302848276725,0.0019607843137254832,0.03547011164992422,0.03541587419975875,4.341415604735589,0.003055867620576447,0.002661686965807625,0.01766388130840601,0.0019607843137254832,0.017970585842046364,0.017863294219751445,1.6923940881358837,0.011905158371025688,0.0,0.0,0.03370893614950231,2.6320681463244244,-0.012947783475902298,0.0,0.0
oft,extra_object,episode_000001,hold,1,1,1,0.1513671875,0.0233154296875,0.0,0,0,0,0.0033066059319627524,0.00552233348148104,0.1280517578125,0.12821342554015602,0.006436599247271634,0.9878425693913752,0.9974797365969958,0.0014419627127348123,0.013714531668510787,0.1513671875,0.1519940560910579,0.013790128184737908,1.6659716390991004,0.9917684163302047,0.004746140989237627,0.01471302041510439,0.0233154296875,0.02797513334262692,0.015459586799943912,1.7433187633465521,0.6946123756684983,0.4699265609880014,-0.5779400773465844,-0.20583612683278135,-0.2972730803642977,0.3919885535972459,0.26016212781283043,-0.2625034892305405
openvla,extra_object,episode_000001,alignment,2,2,,0.0019607843137254832,0.0019607843137254832,0.0,0,0,0,0.00033088890135818047,0.019764402239806272,0.0,0.019767171860483768,0.019767171860483768,2.6323158367431825,0.0,0.023862275817553735,0.41955374923375827,0.0019607843137254832,0.4202363637031204,0.42023178925837623,54.231918991451685,2.1770699739084672e-05,0.024404327700808366,0.4185717252068091,0.0019607843137254832,0.41928713911621224,0.41928255431526473,54.07596575926587,2.1869384738526462e-05,0.0,0.0,0.03370893614950231,2.6320681463244244,-0.012947783475902298,0.0,0.0
oft,extra_object,episode_000001,alignment,2,2,2,0.287109375,0.03466796875,0.0,0,0,0,0.00312139914461842,0.0032249980592533724,0.25244140625,0.25248130096024884,0.004488178372370312,0.9293576803192455,0.9996840038592602,0.025499862919790364,0.40931991451065247,0.287109375,0.5006244387131201,0.41011344214002055,59.162329055046946,0.32890513546181904,0.022872976823274587,0.4149300500331788,0.03466796875,0.41700358217471617,0.41556000708597346,59.72853452860423,0.006911578125066143,0.3324738504443669,-0.5394107388568118,-0.23746751616887565,-0.24631198087327527,0.24366856034423412,0.1340229143278218,-0.5174997290073954
openvla,extra_object,episode_000001,alignment,3,3,,0.0019607843137254832,0.0019607843137254832,0.0,0,0,0,0.00033088890135818047,0.019764402239806272,0.0,0.019767171860483768,0.019767171860483768,2.6323158367431825,0.0,0.02370926530227055,0.42841428964266975,0.0019607843137254832,0.42907432631926573,0.4290698460987521,53.14348150921552,2.08830817810781e-05,0.024126435350304207,0.42526581512322237,0.0019607843137254832,0.42595415606641995,0.42594964302735494,52.6223860753562,2.1190144961068803e-05,0.0,0.0,0.03370893614950231,2.6320681463244244,-0.012947783475902298,0.0,0.0
oft,extra_object,episode_000001,alignment,3,3,3,0.41796875,0.08740234375,0.0,0,0,0,0.0026991595772913554,0.004588591444872941,0.33056640625,0.3306092702495072,0.00532359219621909,1.0149414087567696,0.9997407137387092,0.02532772138834394,0.4174042115647802,0.41796875,0.5912407676059761,0.4181719374883271,57.80924332033534,0.499756993674188,0.022920924403723123,0.4221504004584374,0.08740234375,0.43171228738099793,0.4227721956121762,58.103513620927494,0.04098805760884375,0.23415473513786156,-0.45593050546230546,-0.22122078579708726,-0.36097445472807566,0.30017141491681,0.19709252107032624,-0.6776543840193552
openvla,extra_object,episode_000001,alignment,4,4,,0.0019607843137254832,0.0019607843137254832,0.0,0,0,0,0.0024866137967124533,8.740472544931707e-05,0.0,0.00248814946497022,0.00248814946497022,0.25882348430995794,0.0,0.025785015362256972,0.4319444983715389,0.0019607843137254832,0.4327178773355651,0.4327134348395855,51.864573283312886,2.0532884855673172e-05,0.02392215552020675,0.427403626462158,0.0019607843137254832,0.4280770656235415,0.4280725749656673,51.298426864658936,2.098049477804574e-05,0.019317226165034798,0.050322455604482674,-0.2528170211212686,0.0,0.01294778347590249,0.0,0.0
oft,extra_object,episode_000001,alignment,4,4,4,0.52734375,0.11572265625,0.0,1,0,0,0.0023471098180097706,0.0012264975037213602,0.41162109375,0.4116296126866612,0.00264824859566329,0.9394076012152848,0.9999586091561624,0.024903889554767727,0.42837921794708783,0.52734375,0.6798679200756402,0.42910250300355346,57.54052589076986,0.6016425009232775,0.022441017264022065,0.42406623793142556,0.11572265625,0.4401448699902252,0.4246595971000262,56.858168409306195,0.06912664807418327,0.11901787642366468,-0.2697053694284059,-0.2262605878716011,-0.15288329847306736,0.09181713868043605,0.023651102528439185,-0.8438148385942636
openvla,extra_object,episode_000001,alignment,5,5,,0.0019607843137254832,0.0019607843137254832,0.0,0,0,0,0.008142225901492682,0.022034247535082162,0.0,0.02349050674353818,0.02349050674353818,3.6074567730234874,0.0,0.023924626339271143,0.43068789172931093,0.0019607843137254832,0.4313563405153996,0.4313518839969433,51.14447849805716,2.0662709767669236e-05,0.021024229309298852,0.43042709811955404,0.0019607843137254832,0.4309447176712985,0.43094025689609256,51.12909228506775,2.070220116859956e-05,1.7192331286881148,-1.031610339891899,0.0,2.6018144894701205,-1.4889950997287655,0.08495222451173036,0.0
oft,extra_object,episode_000001,alignment,5,5,0,0.2109375,0.037353515625,0.0,0,0,0,0.003599697508392659,0.006631031724704266,0.173583984375,0.17374788641991076,0.007545091376912724,1.1664425533942508,0.9981142246824921,0.024582000822195776,0.4276707563635232,0.2109375,0.47749469056652394,0.4283766457371018,57.13026035535922,0.19515087158792138,0.02138184451663497,0.42804916930016623,0.037353515625,0.4302075775053748,0.42858286784879296,56.61388761045265,0.007538880416425797,0.5362272801914016,-0.6646310889485716,-0.20053107201750353,-0.39070176276450563,0.46614855022375196,0.3074643328697088,-0.35584362410469833
openvla,extra_object,episode_000001,alignment,6,6,,0.0019607843137254832,0.0019607843137254832,0.0,0,0,0,0.0019014846652674023,0.021951219016521882,0.0,0.022033421437524382,0.022033421437524382,2.685734326485416,0.0,0.024116047206381133,0.4305384313505144,0.0019607843137254832,0.4312177747701815,0.43121331681967107,52.671451361981234,2.067599124148663e-05,0.023592593145593824,0.4294248023401353,0.0019607843137254832,0.43007687218835977,0.4300724024117309,51.76678755945256,2.0785834769500582e-05,0.42497897563077025,-0.02516122780224117,0.0,2.6018144894701205,-0.05179113390360906,0.5097133470703815,0.0
oft,extra_object,episode_000001,alignment,6,6,1,0.40234375,0.032470703125,0.0,0,0,0,0.0045030129809087065,0.007754546710362951,0.369873046875,0.36998173052893485,0.008967169039860529,1.4992672217177956,0.9994125780716551,0.025903394421593916,0.4249589553382515,0.40234375,0.5857828887299468,0.42574769472627644,57.705082616812724,0.4717600448162612,0.021853453019388642,0.42666097737714276,0.032470703125,0.42845245895749184,0.4272202745953068,57.265467857574116,0.005743519589753113,0.6277546145063388,-0.7545328787580403,-0.2946957949886857,-0.4331693456736911,0.550902832082616,0.3626502387694001,-0.7582321948222476
openvla,extra_object,episode_000001,alignment,7,7,,0.0019607843137254832,0.0019607843137254832,0.0,0,0,0,0.002667241564355334,0.0022433466999305005,0.0,0.003485223375726979,0.003485223375726979,0.4430865587104207,0.0,0.02536707953780977,0.4278096858501276,0.0019607843137254832,0.4285655850702287,0.42856109953128324,53.26870122370609,2.0932690948468442e-05,0.022981145640563912,0.4204761780823979,0.0019607843137254832,0.4211082925624454,0.42110372758945414,52.21210533243279,2.1680638111011858e-05,0.0,-0.12580613901120752,-0.2696714891960195,0.10588779899006302,0.3107468034216554,0.0,0.0
oft,extra_object,episode_000001,alignment,7,7,2,0.6171875,0.04736328125,0.0,1,0,0,0.0042631788823051,0.005070134207311245,0.56982421875,0.5698627213892049,0.006624270153207807,1.5659074414992744,0.999864875040781,0.026987547864455178,0.4220184820346656,0.6171875,0.7481633090942309,0.42288051139604393,59.102553818999795,0.6805208428968086,0.02257761190010003,0.4178911309836633,0.04736328125,0.4211722050713739,0.4185005924893259,58.07000626989915,0.012646319765123726,0.43855500116980706,-0.6838957581934582,-0.3400540136593114,-0.36522121301899413,0.36020569790017193,0.22074362359876543,-1.1681280149934823
openvla,extra_object,episode_000001,alignment,8,8,,0.0019607843137254832,0.0019607843137254832,0.0,0,0,0,0.006428908522956685,0.0352740997268248,0.0,0.03585516666164761,0.03585516666164761,3.56257991506633,0.0,0.023701430161528873,0.4177132130261576,0.0019607843137254832,0.4183896877355641,0.4183850931000505,53.69614059876484,2.1963305596895774e-05,0.0213090413524596,0.42812719195656534,0.0019607843137254832,0.42866165260155886,0.42865716806787985,53.514027684749735,2.0923309532642233e-05,1.3522058315524494,-0.8303205174739676,-0.03370893614950231,2.329531577781387,-1.6184729344877884,1.4583465207847028,0.0
oft,extra_object,episode_000001,alignment,8,8,3,0.7578125,0.1025390625,0.0,1,0,0,0.0040702618476151356,0.006540692930296471,0.6552734375,0.6553187206150782,0.007703745551131709,1.7266949829621663,0.9998618029697559,0.027153153861607684,0.4128943702823348,0.7578125,0.8634227469390229,0.41378624285430016,60.122512013665315,0.7703295490155853,0.022859160285615538,0.40955339941968305,0.1025390625,0.4228129462582252,0.4101908436145082,59.10183469404975,0.05881419153558965,0.3492915938520588,-0.6485771979111665,-0.3421760355854226,-0.5011174783283875,0.43083426611589193,0.28381323034126976,-1.3432971689128135
openvla,extra_object,episode_000001,alignment,9,9,,0.0019607843137254832,0.0019607843137254832,0.0,0,0,0,0.0028335798851700966,0.0009736363424109033,0.0,0.0029961880269609013,0.0029961880269609013,1.09060299063115,0.0,0.021840136585934793,0.39039513209999005,0.0019607843137254832,0.39101047992168436,0.3910055635581941,52.14593806497143,2.5146807233024426e-05,0.021004708072227395,0.40346361843699463,0.0019607843137254832,0.40401476933225755,0.4040100112168909,53.786183282369855,2.3554026780450448e-05,-0.019317226165034992,-1.0819327954963824,0.03370893614950266,0.12101462741721508,-0.05179113390360906,0.0,0.0
oft,extra_object,episode_000001,alignment,9,9,4,0.83984375,0.142578125,0.0,1,0,0,0.00391968990292366,0.003800015570723096,0.697265625,0.6972869967910728,0.005459311977971187,1.6351704958456847,0.9999387010982588,0.026404372715620697,0.3860257086103588,0.83984375,0.9246894413913773,0.38692769170303,58.209432548347664,0.8249073855027553,0.023611810637681366,0.40009308763273826,0.142578125,0.42539454404306054,0.4007892168872408,60.05052414213076,0.11233677899342569,0.2703775670928897,-0.46556284008474813,-0.366579287735701,-0.3227536301098087,0.28251427286288006,0.14979031601344786,-1.4293802959817419
openvla,extra_object,episode_000001,alignment,10,10,,0.0019607843137254832,0.0019607843137254832,0.0,0,0,0,0.004930141132756858,0.012434152453388986,0.0,0.01337589020674962,0.01337589020674962,2.3371424815833235,0.0,0.024419999213437415,0.38272427599110065,0.0019607843137254832,0.3835075650748254,0.38350255252670284,52.207127795385546,2.6140372818344332e-05,0.01869402576628497,0.37349841659165495,0.0019607843137254832,0.373971093095374,0.3739659527227364,50.94146316319069,2.749055958766815e-05,-0.038634452330069985,-1.4593512125300037,-0.32023489342027356,0.8319755634933528,-1.592577367535984,0.0,0.0
oft,extra_object,episode_000001,alignment,10,10,0,0.1376953125,0.029296875,0.0,0,0,0,0.005558318463143586,0.01741452025183707,0.1083984375,0.10992898467729416,0.01828005524442873,2.0116158799849178,0.9723477436575318,0.02402116374582027,0.3830312233432249,0.1376953125,0.40773757914617537,0.3837837077880078,58.777315152261096,0.11404515292876717,0.018802135293563674,0.37396904501542283,0.029296875,0.37558577423287803,0.3744414065262345,56.45109998315077,0.00608449203905823,0.8900467280378386,-0.8219592211151419,-0.334218453362506,-0.7601697340744182,1.0347085243602978,0.8770617187629515,-0.22221458382909434
openvla,extra_object,episode_000001,alignment,11,11,,0.0019607843137254832,0.0019607843137254832,0.0,0,0,0,0.004201435272302413,0.020672908235661105,0.0,0.02109552543236152,0.02109552543236152,3.1437369299703093,0.0,0.02345247632088969,0.38154248179194766,0.0019607843137254832,0.38226761402539133,0.3822625852179894,52.49996010634117,2.631022948287904e-05,0.02012656654512081,0.37222962196748804,0.0019607843137254832,0.37277850638962434,0.3727733495717662,51.18857392537249,2.7666735615769723e-05,-0.038634452330069985,-1.5096736681344867,-0.15169021267276092,2.7530827737416392,0.0,0.0,0.0
oft,extra_object,episode_000001,alignment,11,11,1,0.32421875,0.0341796875,0.0,0,0,0,0.007722418336907426,0.0235981383309117,0.2900390625,0.2910999238294884,0.024829576670878786,2.7290331424108154,0.9927246406912276,0.02555358483006204,0.3615426985019442,0.32421875,0.4862961097821958,0.3624446282368314,56.24186037543614,0.4445029662125027,0.019479546661980877,0.3718170922387497,0.0341796875,0.3738925699403946,0.37232701059557205,56.90163026834155,0.008356848051912641,1.1229077906058778,-1.1911987149754595,-0.5098157677482034,-0.8451048998927891,1.407274221698221,1.2081771541610997,-0.5945741567319011
openvla,extra_object,episode_000001,alignment,12,12,,0.0019607843137254832,0.0019607843137254832,0.0,0,0,0,0.005240207285512434,0.030093454348852747,0.0,0.030546288924215032,0.030546288924215032,4.1611122069832875,0.0,0.02564872568704185,0.37260627017317915,0.0019607843137254832,0.3734931517134716,0.37348800476285354,51.12677861264304,2.756096132100626e-05,0.02053451964621312,0.34516831937806425,0.0019607843137254832,0.345784152144807,0.3457785927430703,47.22474467696501,3.215507137094781e-05,0.5408823326209802,-1.5851573515412107,-0.2191080849717659,3.7665802783608138,0.0,0.52387205115567,0.0
oft,extra_object,episode_000001,alignment,12,12,2,0.625,0.0517578125,0.0,1,0,0,0.007095662806153394,0.019499295721976066,0.5732421875,0.5736176221962649,0.02075020395831575,2.6075741315123775,0.9986914215320607,0.026671728203497714,0.3498415190984943,0.625,0.7167464471976847,0.35085676503454144,54.21116590577958,0.7603769389253356,0.020095783290042774,0.35003935344488435,0.0517578125,0.35441537864621253,0.35061572906267774,53.69833625817234,0.021326849745733352,0.9353252679816239,-1.0338705828088892,-0.5214868883418144,-0.8790789662201377,1.2205499444779115,0.9696952036660049,-1.1751347811502557
openvla,extra_object,episode_000001,alignment,13,13,,0.0019607843137254832,0.0019607843137254832,0.0,0,0,0,0.005985279731095354,0.036401405416432456,0.0,0.036890186903171675,0.036890186903171675,3.6161787890773462,0.0,0.02549777089473733,0.35159154355567035,0.0019607843137254832,0.35252034621505796,0.3525148930477397,47.64157738904962,3.0937931379160874e-05,0.01968437513399443,0.33872264558210635,0.0019607843137254832,0.3392997935892122,0.33929412793998814,45.278339648816456,3.339584655461892e-05,0.5988340111160851,-1.5096736681344867,-0.3707982976445268,1.7244584406953125,2.214070974379295,1.5574574493817217,0.0
oft,extra_object,episode_000001,alignment,13,13,3,0.6484375,0.06640625,0.0,1,0,0,0.007547812700063678,0.01910524037505387,0.58203125,0.5823936432198641,0.02054214415156877,2.5816683040873682,0.99875589139795,0.026613909167919888,0.3412501266080374,0.6484375,0.7332333465394559,0.342286355368133,52.279577058345446,0.782081170061774,0.019857736993736292,0.3463143246037628,0.06640625,0.353182291718222,0.3468831808322116,52.71408882650615,0.03535249516909314,0.9133328342946426,-1.0338705828088892,-0.5952271502741768,-0.8833257245110562,1.135795662619047,0.9558987271910819,-1.1931521798391012
openvla,extra_object,episode_000001,alignment,14,14,,0.0019607843137254832,0.0019607843137254832,0.0,0,0,0,0.006405285653442462,0.024592912025396936,0.0,0.025413362748583843,0.025413362748583843,3.4456523772317746,0.0,0.0252677554061783,0.34524580918114567,0.0019607843137254832,0.34617477218239845,0.34616921905393394,46.48897702390261,3.2082545411952305e-05,0.019121686323451813,0.3607340747852911,0.0019607843137254832,0.36124583910984703,0.3612405176597062,48.353356255700064,2.9461438001461497e-05,0.5988340111160851,-1.4341899847277617,-0.4550706380182831,-1.9059803818211347,2.278809891758806,-0.6513003879232654,0.0
oft,extra_object,episode_000001,alignment,14,14,4,0.70703125,0.13671875,0.0,1,0,0,0.007366133518876867,0.018244098493894884,0.5703125,0.5706517806062843,0.019675036286443254,2.399842065908838,0.9988112549253642,0.026347895663344216,0.3342391464741219,0.70703125,0.7824980556641649,0.3352760335031956,50.91588796751163,0.8164144539260327,0.019927225386288758,0.34115727976768767,0.13671875,0.36807254781041027,0.34173876550675997,51.754646371779685,0.1379714737605544,0.8214820818372494,-0.8476454467749902,-0.6265269736843162,-0.7898970421108478,1.0638428087492822,0.9223929986091267,-1.1691289815873072
openvla,extra_object,episode_000001,alignment,15,15,,0.0019607843137254832,0.0019607843137254832,0.0,0,0,0,0.020190166341037173,0.0020977134107835805,0.0,0.02029884771194,0.02029884771194,2.1588575393799294,0.0,0.0245916433222639,0.367194828161321,0.0019607843137254832,0.3680226017853203,0.36801737832568654,49.669110978050966,2.8386422678041394e-05,0.01900623193139807,0.3655961836632009,0.0019607843137254832,0.3660951393237173,0.366089888362581,49.472073681163955,2.8686114152180082e-05,-0.5601995587860152,0.30193473362689704,-2.039390637044898,0.0,0.31074680342165545,0.0,0.0
oft,extra_object,episode_000001,alignment,15,15,0,0.359375,0.189453125,0.0,0,0,0,0.003568887218592359,0.013628017954585302,0.169921875,0.17050484870778648,0.014087577128432387,1.4594761745174871,0.993173483469776,0.024567609927911658,0.3446197970437517,0.359375,0.4985145560533279,0.3454943877576691,52.76097285179487,0.5196848263889899,0.02174417210597182,0.34791507480628847,0.189453125,0.3967495366982866,0.3485939016937035,53.11919360593795,0.22801881797960108,0.6002640723976124,-0.4045580541426087,-0.22493432416778156,-0.5520785778194099,0.8067106775889267,0.691794748956845,-0.34833637465101275
openvla,extra_object,episode_000001,alignment,16,16,,0.0019607843137254832,0.0019607843137254832,0.0,0,0,0,0.0,0.04591278416208801,0.0,0.04591278416208801,0.04591278416208801,2.51858835549515,0.0,0.018460589314637846,0.34516234363018083,0.0019607843137254832,0.34566122358929374,0.3456556622104182,47.6123987444033,3.21779462500215e-05,0.01847241834277862,0.3577174243118083,0.0019607843137254832,0.3581994284903731,0.35819406178174557,48.61269773281158,2.9964695627248908e-05,0.0,0.0,0.0,-0.9983706761920229,0.14242561823492542,2.307868765902006,0.0
oft,extra_object,episode_000001,alignment,16,16,1,0.46875,0.255859375,0.0,0,0,0,0.004953177173349641,0.019601430198814995,0.212890625,0.2138484702840781,0.020217567359838533,1.9917209750778866,0.991061893984884,0.02538680692954386,0.3477912303062387,0.46875,0.5842343642272381,0.34871654655895684,53.9895414036822,0.6437368416951758,0.021329999679498987,0.3568021686443555,0.255859375,0.43957567745614995,0.3574391646639222,55.09120473954233,0.33879372755199266,0.6921148248550056,-0.5522538516867357,-0.37851566107007584,-0.6752345682560479,1.1759656607917377,1.0051718574586637,-0.43642143490759067
openvla,extra_object,episode_000001,alignment,17,17,,0.0019607843137254832,0.0019607843137254832,0.0,0,0,0,0.00025913987839560823,0.04668008351292058,0.0,0.04668080280211357,0.04668080280211357,2.7586248023984616,0.0,0.01831232711095199,0.354081196703843,0.0019607843137254832,0.354559839601962,0.3545544178027459,49.51292977614449,3.0583033702545375e-05,0.01834130284110184,0.37152776366109236,0.0019607843137254832,0.3719853857828913,0.3719802179698828,50.7549625308596,2.7784839453641897e-05,-0.05795167849510498,0.0,0.0,-1.4975560142880344,0.19421675213853465,2.307868765902006,0.0
oft,extra_object,episode_000001,alignment,17,17,2,0.8203125,0.5390625,0.0,1,1,0,0.005425964592204387,0.01927390675323736,0.28125,0.2819618539329183,0.020023100990814193,2.077737272714128,0.9949570813688035,0.0273357743551694,0.35731918369896576,0.8203125,0.8951741960395987,0.35836328439014503,56.04605103733132,0.8397375023994408,0.022922459798214924,0.36802592190260885,0.5390625,0.653113234639841,0.3687390925240582,57.25780636423029,0.6812417775253043,0.7813782321727538,-0.468773618292229,-0.42334337425917395,-0.8451048998927887,1.1491488762973314,0.9696952036660049,-0.5765567580430556
openvla,extra_object,episode_000001,alignment,18,18,,0.0019607843137254832,0.0019607843137254832,0.0,0,0,0,0.0,0.001573285058087686,0.0,0.001573285058087686,0.001573285058087686,0.23306010256624166,0.0,0.018763028569719408,0.3749618246841068,0.0019607843137254832,0.3754361009368544,0.37543098062299407,52.493873338960114,2.7276433626425055e-05,0.018602778990851398,0.369532914106252,0.0019607843137254832,0.3700060576114478,0.37000086215310507,51.72664778904622,2.8082901669791867e-05,0.0,0.0,0.0,0.0,-0.23306010256624166,0.0,0.0
oft,extra_object,episode_000001,alignment,18,18,3,0.89453125,0.7421875,0.0,1,1,0,0.003889713329358768,0.01061067386302189,0.15234375,0.15276234625611937,0.011301162312435263,1.167353649830629,0.9945271494983501,0.028280872053305418,0.37748321236913485,0.89453125,0.971328749997229,0.37854112503744797,59.05495102659568,0.8481224264196895,0.024799552746886902,0.38037514085360835,0.7421875,0.8343515750282359,0.3811827194349818,59.17239783849199,0.7912779998308269,0.4566664171473209,-0.23117603093863362,-0.34642007943764486,-0.46714341200103904,0.6144685434767639,0.5360916573112872,-0.31230157727332175
openvla,extra_object,episode_000001,alignment,19,19,,0.0019607843137254832,0.0019607843137254832,0.0,0,0,0,0.0,0.000874047254493158,0.0,0.000874047254493158,0.000874047254493158,0.12947783475902302,0.0,0.008831957763230718,0.14317288966598687,0.0019607843137254832,0.1434584416769027,0.14344504108975095,19.809385328194047,0.0001868131441331467,0.009316804176115887,0.1593552024010918,0.0019607843137254832,0.159639368726746,0.15962732652133538,22.072998275032546,0.00015086192474920271,0.0,0.0,0.0,0.0,0.12947783475902302,0.0,0.0
oft,extra_object,episode_000001,alignment,19,19,4,0.921875,0.65234375,0.0,1,1,0,0.0054731096309443145,0.01733542648055936,0.26953125,0.2701436037866855,0.018178887212786543,1.8230129945231357,0.9954715955136759,0.018910371735782586,0.14837719439702743,0.921875,0.9339308912340991,0.14957738457507122,22.911912180296444,0.9743491129085374,0.01488490780558627,0.17651438606765754,0.65234375,0.6759669053535723,0.17714087323151273,26.48979494455267,0.9313268933141299,0.7205756213910993,-0.3323155444742858,-0.46366179085528586,-0.6115331938922695,1.0011599544578307,0.8928291204485777,-0.5525335597912616
openvla,extra_object,episode_000001,descent_to_grasp,20,20,,0.0019607843137254832,0.0019607843137254832,0.0,0,0,0,0.0,0.000874047254493158,0.0,0.000874047254493158,0.000874047254493158,0.12947783475902302,0.0,0.007380240202726209,0.0015170704666975343,0.0019607843137254832,0.0077855072651571,0.007534550301833685,0.8342510962086261,0.06342870127997267,0.007547303511207333,0.0009668132093457059,0.0019607843137254832,0.007857556439313676,0.007608976151365431,0.8321027456297848,0.062270826426767845,0.0,0.0,0.0,0.0,0.12947783475902302,0.0,0.0
oft,extra_object,episode_000001,descent_to_grasp,20,20,0,0.59375,0.470703125,0.0,1,0,0,0.001390228066431775,0.005557086940029102,0.123046875,0.12318014205464028,0.0057283461256925315,0.6033365394634395,0.997837395501596,0.013757321611869051,0.0041835017896081714,0.59375,0.5939240928646994,0.01437934578331205,1.933876377190044,0.9994138397432553,0.012514191697837448,0.009739192634807162,0.470703125,0.47097015696516664,0.015857391558137986,1.870336474941703,0.9988663559252886,0.14489132782011294,-0.17819819051519672,-0.11830272238069621,-0.1953508813822523,0.339017127435456,0.28381323034126976,-0.2522435816438368
openvla,extra_object,episode_000001,descent_to_grasp,21,21,,0.0019607843137254832,0.0019607843137254832,0.0,0,0,0,8.637995946520188e-05,0.0013338453542494416,0.0,0.0013366394152687657,0.0013366394152687657,0.1843489497047554,0.0,0.007921931131267131,0.001042040982449119,0.0019607843137254832,0.008227242392356917,0.007990171603766897,0.8255075774721367,0.05680035660372052,0.007486365100295965,0.001245746265851468,0.0019607843137254832,0.007838508869597853,0.0075893047226878625,0.789227844391443,0.0625738302373069,0.019317226165034798,0.0,0.0,0.15126828427151873,-0.10358226780721849,0.0,0.0
oft,extra_object,episode_000001,descent_to_grasp,21,21,1,0.76171875,0.67578125,0.0,1,1,0,0.0006407865852746545,0.0018155428865528993,0.0859375,0.08595906415073852,0.0019253060589892678,0.245698205469446,0.9994983322328499,0.014144813362749021,0.0015812327594164116,0.76171875,0.7618517113872417,0.014232921067245994,2.169209402818385,0.9996509825133165,0.013964954561344263,0.003360550759470326,0.67578125,0.6759338807227153,0.01436360878426402,2.0518148481634406,0.9995484366311224,0.03622283195502814,-0.030502392971069436,-0.064920608301963,-0.03397406632734847,0.11300570914515194,0.09460441011375655,-0.17617012051315586
openvla,extra_object,episode_000001,descent_to_grasp,22,22,,0.0019607843137254832,0.0019607843137254832,0.0,0,0,0,0.0014915034912792546,0.0009241485693948072,0.0,0.0017546034431781656,0.0017546034431781656,0.20143702584416465,0.0,0.007580229330811823,0.0012383731396490199,0.0019607843137254832,0.007927049884140754,0.007680719024980931,0.7997618889641692,0.06118380265309647,0.00611224331876527,0.00035860697209982715,0.0019607843137254832,0.0064290584437521805,0.006122754065633315,0.6307440162594868,0.09301755083319214,0.019317226165034798,0.0,0.15169021267276092,-0.015126828427151595,0.12947783475902302,-0.014158704085288512,0.0
oft,extra_object,episode_000001,descent_to_grasp,22,22,2,0.80859375,0.796875,0.0,1,1,0,0.00045217018661329806,0.0006346661251940203,0.01171875,0.011744631136422748,0.0007792682260497322,0.08216327894805617,0.9955975424768739,0.016116879336678387,0.0005746444925463402,0.80859375,0.8087545589082688,0.0161271205069555,2.3782350865796325,0.9996023690518747,0.015650659159281956,0.001190620136865589,0.796875,0.797029564278158,0.01569588189399774,2.328645064805432,0.9996121868043174,0.020698761117158935,-0.011237723726183447,-0.046684482374445294,-0.025480549745511488,0.042377140929432004,0.03153480337125217,-0.02402319825179398
openvla,extra_object,episode_000001,descent_to_grasp,23,23,,0.0019607843137254832,0.0019607843137254832,0.0,0,0,0,8.637995946520188e-05,0.0006118330781452112,0.0,0.000617900649708231,0.000617900649708231,0.09267019465132631,0.0,0.007488532725758762,0.000221462026988444,0.0019607843137254832,0.00774414894866503,0.007491806712279608,0.7691866430790154,0.06410800363189555,0.007663676300613718,0.0004640280837658323,0.0019607843137254832,0.007924136017766458,0.007677711671006652,0.7872903373880593,0.0612288079896177,0.019317226165034798,0.0,0.0,0.0,0.09063448433131621,0.0,0.0
oft,extra_object,episode_000001,descent_to_grasp,23,23,3,0.91796875,0.8984375,0.0,1,1,0,0.0007298910163316024,0.00046420178691860626,0.01953125,0.019550395156037126,0.000864999534508549,0.09952845529354333,0.998042414823224,0.017252637929201602,0.0003800568514765494,0.91796875,0.9181309405173583,0.017256823541036748,2.6210971123636995,0.9996467253536795,0.016348455913018693,0.0007696596957633489,0.8984375,0.898586559989096,0.016366563071921924,2.5273877583890916,0.9996682620629024,0.0155240708378692,-0.024080836556107633,-0.07639278934000115,-0.016987033163673976,0.028251427286288003,0.023651102528439136,-0.04003866375298997
openvla,extra_object,episode_000001,descent_to_grasp,24,24,,0.0019607843137254832,0.9980392156862745,0.0,0,1,0,0.01654467056494201,0.0003496189017972634,0.996078431372549,0.9962158851388974,0.016548364193446814,2.6492025507420136,0.9997240672714693,0.012448661878569838,0.0005386761511587749,0.0019607843137254832,0.012613644583851927,0.012460311174396294,1.2740993998687686,0.024164536451387206,0.004210027339798752,0.000221462026988444,0.9980392156862745,0.9980481197934823,0.004215848150876736,2.0932401946498373,0.9999821570376977,0.019317226165034798,0.0,-1.6854468074751223,0.0,0.05179113390360924,0.0,2.043156317380581
oft,extra_object,episode_000001,descent_to_grasp,24,24,4,0.9609375,0.9453125,0.0,1,1,0,0.0005635507333956505,0.0016908380223899608,0.015625,0.01572632021952594,0.0017822801819776736,0.17468862143779565,0.9871560760048738,0.017072169925233797,0.0004396366326914818,0.9609375,0.9610892420439295,0.017077829672556805,2.6722614169696177,0.9996842539519567,0.01650973059631332,0.0018801149278620099,0.9453125,0.9454585282775522,0.016616438743148713,2.6154416400571336,0.9996911191850711,0.06727097363076694,-0.03371317117855092,-0.04986751526361199,-0.05096109949102245,0.10594285232358004,0.08672070927094352,-0.032030931002391974
openvla,extra_object,episode_000001,descent_to_grasp,25,25,,0.9980392156862745,0.9980392156862745,0.0,1,1,0,0.00033088890135818047,0.0001748094508986324,0.0,0.0003742269487430122,0.0003742269487430122,0.04250732600489737,0.0,0.022228194741556358,0.0002573238228125581,0.9980392156862745,0.9982867498392896,0.022229684141218488,3.053796794405682,0.9995041435461339,0.021927321417899773,0.0003083890410360362,0.9980392156862745,0.9982801102776908,0.021929489924859567,3.0312471369274387,0.9995174389956373,0.0,0.0,-0.03370893614950231,0.0,-0.025895566951804724,0.0,0.0
oft,extra_object,episode_000001,descent_to_grasp,25,25,0,0.98046875,0.98828125,0.0,1,1,0,3.15659427021891e-05,7.055295174315157e-05,0.0078125,0.00781288233481974,7.729248177118755e-05,0.020496546022856416,0.9999021294707129,0.01695335254922786,0.00021943214671674366,0.98046875,0.980615334389427,0.016954772576635274,2.6935168178301234,0.999701058246961,0.017002936330545063,0.00022790659830160254,0.98828125,0.9884275294055911,0.01700446368687112,2.7088817821941666,0.9997040378234199,0.005174690279289734,-0.0032107782074809023,0.002122021926111133,-0.008493516581836988,0.007062856821572001,0.0,0.016015465501195987
openvla,extra_object,episode_000001,descent_to_grasp,26,26,,0.9980392156862745,0.9980392156862745,0.0,1,1,0,0.0,0.0002271748157764951,0.0,0.0002271748157764951,0.0002271748157764951,0.030253656854303652,0.0,0.021790436526517385,0.0002573238228125581,0.9980392156862745,0.9982770984988286,0.021791955845356557,3.020859178359641,0.9995234700466165,0.02187831108522437,9.85178689534503e-05,0.9980392156862745,0.9982789921907534,0.02187853289670847,3.027291779638684,0.9995196779449227,0.0,0.0,0.0,-0.030253656854303652,0.0,0.0,0.0
oft,extra_object,episode_000001,descent_to_grasp,26,26,1,0.984375,0.9921875,0.0,1,1,0,0.0022710143939503598,0.00042356534893187844,0.0078125,0.00814690556176672,0.0023101761799363928,0.24977453357838325,0.9195909670488984,0.020199916976547477,0.00022790659830160254,0.984375,0.9845822612724022,0.020201202619570955,2.938060884783609,0.9995790306902754,0.01801693857913784,0.0005423572739573948,0.9921875,0.9923512177568117,0.018025099921416248,2.7877583436870856,0.9996700679178233,0.015524070837869603,0.0,-0.2397884776505595,0.016987033163673976,0.063565711394148,0.00788370084281303,0.016015465501195987
openvla,extra_object,episode_000001,descent_to_grasp,27,27,,0.9980392156862745,0.9980392156862745,1.0,1,1,1,0.004797889069693639,0.0007866425290438421,0.0,0.004861948785578288,0.004861948785578288,0.5024785816088968,0.0,0.017279088206458217,0.0008321883428911208,0.0019607843137254832,0.017409885175082553,0.017299116355600573,1.765700655468116,0.012684338819563483,0.022566016104477175,0.0002573238228125581,0.0019607843137254832,0.022652504795325882,0.022567483208752147,2.3001366508962526,0.0074925074901905425,0.0,0.0,0.4887795741677858,0.0,-0.1165300512831207,0.0,0.0
oft,extra_object,episode_000001,descent_to_grasp,27,27,2,0.98828125,0.9921875,1.0,1,1,1,0.0010446127299849964,0.0002198114031446925,0.00390625,0.004049484148765018,0.0010674890203646807,0.1141921244800446,0.9305091815152446,0.021674230331040885,8.906734797224952e-05,0.01171875,0.024639587963234844,0.021674413335439728,2.2907228929963477,0.22620161261565802,0.02111944332989084,0.00023305568964385306,0.0078125,0.022519332977886934,0.021120729190038542,2.232277423922044,0.12035635192900068,0.0,0.0,-0.11034514015777964,0.016987033163673976,0.021188570464716002,-0.00788370084281303,0.008007732750597994
openvla,extra_object,episode_000001,grasp_close,28,28,,0.9980392156862745,0.9980392156862745,1.0,1,1,1,0.0006617778027163679,0.0,0.0,0.0006617778027163679,0.0006617778027163679,0.06741787229900532,0.0,0.009566512972570516,0.0002573238228125581,0.0019607843137254832,0.00976877992018956,0.009569973145424538,0.9751507242984552,0.04028830504526021,0.010228287087725859,0.0002573238228125581,0.0019607843137254832,0.010417713157103064,0.010231523459325417,1.0425311717195889,0.03542540770274385,0.0,0.0,0.06741787229900532,0.0,0.0,0.0,0.0
oft,extra_object,episode_000001,grasp_close,28,28,3,0.9921875,0.9921875,1.0,1,1,1,0.0008038591925878917,0.00015582164614506697,0.0,0.0008188223170599441,0.0008188223170599441,0.08611455868032897,0.0,0.01050895883130577,0.00021108108453903116,0.0078125,0.013096485299206415,0.01051107848616543,1.1104231453219127,0.35585292598340995,0.00970542489585473,0.00014868245363440852,0.0078125,0.012460037525268355,0.009706563700975519,1.0256069031276087,0.3931346834269842,0.005174690279289734,0.0,-0.08488087704444569,0.008493516581836988,0.007062856821572001,0.00788370084281303,0.0
openvla,extra_object,episode_000001,grasp_close,29,29,,0.9980392156862745,0.9980392156862745,1.0,1,1,1,0.0006617778027163679,0.0,0.0,0.0006617778027163679,0.0006617778027163679,0.06741787229900532,0.0,0.009566512972570516,0.0002573238228125581,0.0019607843137254832,0.00976877992018956,0.009569973145424538,0.9751507242984552,0.04028830504526021,0.010228287087725859,0.0002573238228125581,0.0019607843137254832,0.010417713157103064,0.010231523459325417,1.0425311717195889,0.03542540770274385,0.0,0.0,0.06741787229900532,0.0,0.0,0.0,0.0
oft,extra_object,episode_000001,grasp_close,29,29,4,0.9921875,0.9921875,1.0,1,1,1,0.000723538900282724,0.0,0.0,0.000723538900282724,0.000723538900282724,0.07656785018943897,0.0,0.00990628806660906,9.788292771376929e-05,0.0078125,0.012616627147386853,0.009906771639953092,1.0466642866559015,0.3834365630317711,0.009183108709003964,9.788292771376929e-05,0.0078125,0.01205712332519338,0.009183630362167364,0.9702965208997261,0.419848547020845,0.005174690279289734,0.0,-0.07639278934000115,0.0,0.0,0.0,0.0
openvla,extra_object,episode_000001,grasp_close,30,30,,0.9980392156862745,0.9980392156862745,1.0,1,1,1,0.0016544445067909128,0.0,0.0,0.0016544445067909128,0.0016544445067909128,0.1685446807475126,0.0,0.008573852867184109,0.0002573238228125581,0.0019607843137254832,0.008798968329461128,0.008577713479588137,0.8740908747858807,0.049658790633995774,0.010228287087725859,0.0002573238228125581,0.0019607843137254832,0.010417713157103064,0.010231523459325417,1.0425311717195889,0.03542540770274385,0.0,0.0,0.1685446807475126,0.0,0.0,0.0,0.0
oft,extra_object,episode_000001,grasp_close,30,30,0,0.98828125,0.9921875,1.0,1,1,1,0.0007634317837605473,7.055295174315157e-05,0.00390625,0.003980778173919703,0.0007666849466733272,0.081845925483075,0.9629064911244787,0.0027750481462195985,0.00032217511786305163,0.01171875,0.012047148649489924,0.002793687351943109,0.29772506901827417,0.9462241770916298,0.0035383526281074387,0.00029846548104948907,0.0078125,0.00858161856611053,0.0035509183268857256,0.37637154696197184,0.8287845496930958,0.0,0.0032107782074809023,0.08063683319222342,0.008493516581836988,-0.007062856821572001,0.0,0.008007732750597994
openvla,extra_object,episode_000001,grasp_close,31,31,,0.9980392156862745,0.9980392156862745,1.0,1,1,1,0.0011581111547536369,0.0003407622236647444,0.0,0.0012072035204727261,0.0012072035204727261,0.12640795091464,0.0,0.011386392820665926,0.0002573238228125581,0.0019607843137254832,0.011556852172683154,0.011389300110906702,1.1604574153492335,0.028785947671289298,0.010228287087725859,0.0001419759787906853,0.0019607843137254832,0.010415502342779487,0.010229272404599121,1.0421393337311224,0.03544044822758072,0.0,0.0,-0.11798127652325861,-0.04538048528145571,0.0,0.0,0.0
oft,extra_object,episode_000001,grasp_close,31,31,1,0.9921875,0.9921875,1.0,1,1,1,8.389543426966578e-05,0.00012020303519897694,0.0,0.00014658517511106743,0.00014658517511106743,0.02179272193702169,0.0,0.0061703469473625054,0.0005835818503307491,0.0078125,0.009972407205728276,0.0061978826406169744,0.6592509730942411,0.6137338159463307,0.006250805706501657,0.0005815017823868683,0.0078125,0.010022268832622321,0.006277795497095519,0.6675594637410126,0.6076422524736453,0.0,0.008026945518702545,0.008488087704444532,0.016987033163673976,-0.007062856821571965,0.0,0.0
openvla,extra_object,episode_000001,grasp_close,32,32,,0.9980392156862745,0.9980392156862745,1.0,1,1,1,0.0028125556615445427,0.0003407622236647444,0.0,0.0028331234075421427,0.0028331234075421427,0.2900974192134632,0.0,0.013040831252489345,0.0002573238228125581,0.0019607843137254832,0.01318992685463576,0.013043369783368472,1.3289404243419831,0.02209911457220986,0.010228287087725859,0.0001419759787906853,0.0019607843137254832,0.010415502342779487,0.010229272404599121,1.0421393337311224,0.03544044822758072,0.0,0.0,-0.2865259572707705,-0.04538048528145571,0.0,0.0,0.0
oft,extra_object,episode_000001,grasp_close,32,32,2,0.9921875,0.9921875,1.0,1,1,1,4.046586620544773e-05,5.618733745656884e-05,0.0,6.924235133367107e-05,6.924235133367107e-05,0.009629590142884326,0.0,0.009986637515404326,9.788292771376929e-05,0.0078125,0.012679813333863353,0.009987117198251901,1.0551390177499687,0.3796245940095498,0.009946467174979596,0.00014868245363440852,0.0078125,0.012648694477493136,0.009947578385464744,1.0510393866310974,0.38149482895809317,0.0,0.0016053891037407398,-0.004244043852222266,0.008493516581836988,0.0,0.0,0.0
openvla,extra_object,episode_000001,grasp_close,33,33,,0.9980392156862745,0.9980392156862745,1.0,1,1,1,0.0011581111547536369,0.0003407622236647444,0.0,0.0012072035204727261,0.0012072035204727261,0.12640795091464,0.0,0.011386392820665926,0.0002573238228125581,0.0019607843137254832,0.011556852172683154,0.011389300110906702,1.1604574153492335,0.028785947671289298,0.010228287087725859,0.0001419759787906853,0.0019607843137254832,0.010415502342779487,0.010229272404599121,1.0421393337311224,0.03544044822758072,0.0,0.0,-0.11798127652325861,-0.04538048528145571,0.0,0.0,0.0
oft,extra_object,episode_000001,grasp_close,33,33,3,0.9921875,0.9921875,1.0,1,1,1,0.00020094495291546235,7.055295174315157e-05,0.0,0.00021297087383459002,0.00021297087383459002,0.023977046316676107,0.0,0.010669658752162662,8.906734797224952e-05,0.0078125,0.013224398176479567,0.010670030500428578,1.1272725789571307,0.3490022498342473,0.010468781041043977,9.788292771376929e-05,0.0078125,0.013062928990194336,0.010469238632912119,1.1060733587224563,0.35768351819381616,0.0,0.0016053891037407398,-0.021220219261111697,0.008493516581836988,0.007062856821572001,0.0,0.0
openvla,extra_object,episode_000001,grasp_close,34,34,,0.9980392156862745,0.9980392156862745,1.0,1,1,1,0.0028125556615445427,0.0003407622236647444,0.0,0.0028331234075421427,0.0028331234075421427,0.2900974192134632,0.0,0.013040831252489345,0.0002573238228125581,0.0019607843137254832,0.01318992685463576,0.013043369783368472,1.3289404243419831,0.02209911457220986,0.010228287087725859,0.0001419759787906853,0.0019607843137254832,0.010415502342779487,0.010229272404599121,1.0421393337311224,0.03544044822758072,0.0,0.0,-0.2865259572707705,-0.04538048528145571,0.0,0.0,0.0
oft,extra_object,episode_000001,grasp_close,34,34,4,0.9921875,0.9921875,1.0,1,1,1,0.0001607820067258194,5.618733745656884e-05,0.0,0.00017031697090202075,0.00017031697090202075,0.01905013463505492,0.0,0.010147353697728036,5.804908989645412e-05,0.0078125,0.012806533996895205,0.010147519734577148,1.0720525914822647,0.3721489921911385,0.009986653769461565,9.788292771376929e-05,0.0078125,0.012679826135583987,0.009987133451528457,1.055156062272698,0.379623827461887,0.0,0.0016053891037407398,-0.016976175408889065,0.008493516581836988,0.0,0.0,0.0
openvla,extra_object,episode_000001,grasp_close,35,35,,0.9980392156862745,0.9980392156862745,1.0,1,1,1,0.0028125556615445427,0.0003407622236647444,0.0,0.0028331234075421427,0.0028331234075421427,0.2900974192134632,0.0,0.013040831252489345,0.0002573238228125581,0.0019607843137254832,0.01318992685463576,0.013043369783368472,1.3289404243419831,0.02209911457220986,0.010228287087725859,0.0001419759787906853,0.0019607843137254832,0.010415502342779487,0.010229272404599121,1.0421393337311224,0.03544044822758072,0.0,0.0,-0.2865259572707705,-0.04538048528145571,0.0,0.0,0.0
oft,extra_object,episode_000001,grasp_close,35,35,0,0.98828125,0.9921875,1.0,1,1,1,0.0007436339146468336,4.2669686068837545e-05,0.00390625,0.00397663188686383,0.0007448571011423516,0.0794225283663351,0.9649155119455975,0.0034387265834919098,0.00047971695302779203,0.01171875,0.012222277628721098,0.003472026623031023,0.371926194446839,0.9193021797032924,0.004181457666215934,0.00044117593345125133,0.0078125,0.008872112525696042,0.004204666980702822,0.44728755168943085,0.775400323696351,-0.005174690279289734,0.0016053891037407398,0.07851481126611265,0.0,-0.007062856821572036,0.0,0.008007732750597994
openvla,extra_object,episode_000001,grasp_close,36,36,,0.9980392156862745,0.9980392156862745,1.0,1,1,1,0.0028125556615445427,0.0003407622236647444,0.0,0.0028331234075421427,0.0028331234075421427,0.2900974192134632,0.0,0.013040831252489345,0.0002573238228125581,0.0019607843137254832,0.01318992685463576,0.013043369783368472,1.3289404243419831,0.02209911457220986,0.010228287087725859,0.0001419759787906853,0.0019607843137254832,0.010415502342779487,0.010229272404599121,1.0421393337311224,0.03544044822758072,0.0,0.0,-0.2865259572707705,-0.04538048528145571,0.0,0.0,0.0
oft,extra_object,episode_000001,grasp_close,36,36,1,0.9921875,0.9921875,1.0,1,1,1,0.0004024971987344182,0.00017387884898209513,0.0,0.00043844936892689445,0.00043844936892689445,0.05064350933865362,0.0,0.00781729187183909,0.00032274642415546434,0.0078125,0.01105664387207197,0.007823951524889877,0.8277114230265494,0.49926763954535336,0.007415625489392738,0.000434618121365768,0.0078125,0.010780331653541591,0.0074283507126650114,0.7867891074340476,0.5251892363432416,0.0,0.008026945518702545,-0.042440438522223026,0.025480549745510964,0.007062856821572036,0.0,0.0
openvla,extra_object,episode_000001,grasp_close,37,37,,0.9980392156862745,0.9980392156862745,1.0,1,1,1,0.0028125556615445427,0.0003407622236647444,0.0,0.0028331234075421427,0.0028331234075421427,0.2900974192134632,0.0,0.012198299603588536,0.0002573238228125581,0.0019607843137254832,0.012357564642503273,0.012201013432034861,1.2431374796598413,0.025176413678030595,0.00974330458513494,0.0001419759787906853,0.0019607843137254832,0.009939658773932684,0.009744338942035273,0.992739453485257,0.03891496972788633,0.0,0.0,-0.2865259572707705,-0.04538048528145571,0.0,0.0,0.0
oft,extra_object,episode_000001,grasp_close,37,37,2,0.9921875,0.9921875,1.0,1,1,1,0.0006026611903759589,0.00012020303519897701,0.0,0.0006145317567517681,0.0006145317567517681,0.0662655460370817,0.0,0.009626239911867597,8.906734797224952e-05,0.0078125,0.012397886274817473,0.009626651953473103,1.0170761987775188,0.3970861725139063,0.009381128839567513,0.00014868245363440852,0.0078125,0.012209129413131146,0.009382307007158959,0.991343429371464,0.40945923095021985,0.0,0.0,-0.06366065778333435,0.016987033163673976,0.007062856821572001,0.0,0.0
openvla,extra_object,episode_000001,lift,38,38,,0.9980392156862745,0.9980392156862745,1.0,1,1,1,0.0011581111547536369,0.0003407622236647444,0.0,0.0012072035204727261,0.0012072035204727261,0.12640795091464,0.0,0.0014190346671558698,0.0002573238228125581,0.0019607843137254832,0.0024340398643672525,0.0014421771515237092,0.1483758664502688,0.6489395962821021,0.0025228153830417436,0.0001419759787906853,0.0019607843137254832,0.0031983479736291277,0.0025268072018786144,0.25759237236101473,0.37584452066221347,0.0,0.0,-0.11798127652325861,-0.04538048528145571,0.0,0.0,0.0
oft,extra_object,episode_000001,lift,38,38,3,0.9921875,0.9921875,1.0,1,1,1,0.0005625664827436335,7.055295174315157e-05,0.0,0.000566973338443894,0.000566973338443894,0.06051997090336729,0.0,0.0018945512013708833,8.906734797224952e-05,0.0078125,0.008039428679768897,0.0018966436795272502,0.20140323388821346,0.9443428296662233,0.0024027321125320274,9.788292771376929e-05,0.0078125,0.008174219162839374,0.00240472507204679,0.25476635028794165,0.9134557322635913,0.0,-0.0032107782074809023,-0.05941661393111209,0.008493516581836988,0.007062856821572001,0.0,0.0
openvla,extra_object,episode_000001,lift,39,39,,0.9980392156862745,0.9980392156862745,1.0,1,1,1,0.0011581111547536369,0.0003407622236647444,0.0,0.0012072035204727261,0.0012072035204727261,0.12640795091464,0.0,0.0014330693024980081,0.0002573238228125581,0.0019607843137254832,0.0024422486156206354,0.0014559887278234665,0.14976923019822885,0.6445845676347371,0.0025680186381478514,0.0001419759787906853,0.0019607843137254832,0.0032341230696094777,0.0025719402995459124,0.26218715707983087,0.36757550554292007,0.0,0.0,-0.11798127652325861,-0.04538048528145571,0.0,0.0,0.0
oft,extra_object,episode_000001,lift,39,39,4,0.9921875,0.9921875,1.0,1,1,1,0.000803562728153694,7.055295174315157e-05,0.0,0.0008066540628283472,0.0008066540628283472,0.08561170674864906,0.0,0.002229877090098781,8.906734797224952e-05,0.0078125,0.008124988681802715,0.0022316551770876743,0.23654556083788658,0.924558788853194,0.0030104309497339995,9.788292771376929e-05,0.0078125,0.008373018083143866,0.0030120218409988614,0.3187949750555895,0.8705946668555414,0.0,0.0016053891037407398,-0.08488087704444569,0.008493516581836988,0.007062856821572001,0.0,0.0
openvla,extra_object,episode_000001,lift,40,40,,0.9980392156862745,0.9980392156862745,1.0,1,1,1,0.002647111210865454,0.00038298464355692206,0.0,0.002674672877173953,0.002674672877173953,0.27468651389781534,0.0,0.005083053106627414,0.0002573238228125581,0.0019607843137254832,0.005454202009417454,0.005089562302848986,0.5189078183924966,0.12924007748598418,0.0024637465360160477,0.000221462026988444,0.0019607843137254832,0.0031565436078218245,0.00247367993546637,0.25284547131362284,0.3858655981684819,0.0,0.0,0.2696714891960195,-0.04538048528145571,-0.025895566951804724,0.0,0.0
oft,extra_object,episode_000001,lift,40,40,0,0.98828125,0.9921875,1.0,1,1,1,0.0005424165145433017,0.00011237467491313768,0.00390625,0.003945330506473587,0.0005539347820918426,0.06031526031364441,0.9802871012923781,0.00968860097528489,0.0003956944364144021,0.01171875,0.015210347284260167,0.009696677933462607,1.0255048449220168,0.5935869149414519,0.009173909740016088,0.0004187013997949526,0.0078125,0.01205699328315946,0.009183459630234802,0.9713104372387673,0.4198576037155196,0.0,0.0016053891037407398,0.057294592005000956,0.016987033163673976,0.0,0.0,0.008007732750597994
openvla,extra_object,episode_000001,lift,41,41,,0.9980392156862745,0.9980392156862745,1.0,1,1,1,0.005956000224447273,0.00011358740788824928,0.0,0.005957083243739904,0.005957083243739904,0.606949380813247,0.0,0.0007710248406346249,0.0002573238228125581,0.0019607843137254832,0.0021225856825142376,0.0008128313814454493,0.08536239814943176,0.8533539181794212,0.005248150187840998,0.00015829896055952945,0.0019607843137254832,0.005604713559139453,0.0052505370158727315,0.5350113449961764,0.122391935824672,0.0,0.0,-0.606760850691044,-0.015126828427152057,0.0,0.0,0.0
oft,extra_object,episode_000001,lift,41,41,1,0.9921875,0.9921875,1.0,1,1,1,0.0008437394516036773,0.00017387884898209513,0.0,0.0008614697419618477,0.0008614697419618477,0.0929783370513111,0.0,0.004749713234087742,0.00044689763251433466,0.0078125,0.009153941749323904,0.004770691071534098,0.50771724448934,0.7283896594563531,0.005655697811440283,0.00046983364924914513,0.0078125,0.00965623206236766,0.005675179414987439,0.6027591484596768,0.6545829243829391,0.0,0.0016053891037401623,-0.08912492089666794,0.025480549745510964,-0.007062856821572036,0.0,0.0
openvla,extra_object,episode_000001,lift,42,42,,0.9980392156862745,0.9980392156862745,1.0,1,1,1,0.002647111210865454,0.0001748094508986324,0.0,0.002652876949052302,0.002652876949052302,0.2709119644330133,0.0,0.005180431214738527,0.0002573238228125581,0.0019607843137254832,0.005545066117313308,0.005186818207767086,0.5288078912854202,0.12503920104582208,0.002489828623112077,0.0003083890410360362,0.0019607843137254832,0.0031841836470359593,0.0025088543945592594,0.25707694532636816,0.3791957250419069,0.0,0.0,0.2696714891960195,0.0,-0.025895566951804724,0.0,0.0
oft,extra_object,episode_000001,lift,42,42,2,0.9921875,0.9921875,1.0,1,1,1,0.0013661086588078882,0.00012020303519897701,0.0,0.0013713867570240474,0.0013713867570240474,0.14554519783076542,0.0,0.001609783118967875,8.906734797224952e-05,0.0078125,0.00797712297339014,0.0016122452302887269,0.1713578353750725,0.9591521100507843,0.0029322374949158916,0.00014868245363440852,0.0078125,0.008345973846628647,0.002936004631912111,0.3110168198235395,0.8762459462248061,0.0,0.004816167311221642,-0.14429749097555777,0.016987033163673976,0.007062856821572001,0.0,0.0
openvla,extra_object,episode_000001,lift,43,43,,0.9980392156862745,0.9980392156862745,1.0,1,1,1,0.0001654444506790885,0.0,0.0,0.0001654444506790885,0.0001654444506790885,0.016854468074750977,0.0,0.005516337219838699,0.0003083890410360362,0.0019607843137254832,0.005862572408811748,0.005524950689699309,0.5635264257437858,0.1118621618672396,0.00536386709987779,0.0003083890410360362,0.0019607843137254832,0.005719339926139591,0.0053727250130434275,0.5480377986168642,0.11753516707970228,0.0,0.0,0.016854468074750977,0.0,0.0,0.0,0.0
oft,extra_object,episode_000001,lift,43,43,3,0.9921875,0.9921875,1.0,1,1,1,0.0014463948982407502,7.055295174315157e-05,0.0,0.0014481146089507355,0.0014481146089507355,0.15319280040904518,0.0,0.0015345320244342189,8.906734797224952e-05,0.0078125,0.00796227842872183,0.0015371146757769871,0.16354325548468163,0.9627318514537848,0.0029938350963096393,9.788292771376929e-05,0.0078125,0.00836706554901019,0.0029954348017329916,0.31704631017536816,0.8718338319674028,0.0,0.0016053891037407398,-0.1527855786800023,0.008493516581836988,0.007062856821572001,0.0,0.0
openvla,extra_object,episode_000001,lift,44,44,,0.9980392156862745,0.9980392156862745,1.0,1,1,1,0.0013235556054327254,0.0002271748157764951,0.0,0.0013429102120378236,0.0013429102120378236,0.13818813905092445,0.0,0.006830642159694369,0.0003083890410360362,0.0019607843137254832,0.007113188542375156,0.006837600172167519,0.6971210260513061,0.07598554928711145,0.005329536827385956,0.00019645361118438722,0.0019607843137254832,0.005682185489823653,0.00533315636521287,0.5436297189041248,0.11907726038595558,0.0,0.0,0.1348357445980096,-0.030253656854303652,0.0,0.0,0.0
oft,extra_object,episode_000001,lift,44,44,4,0.9921875,0.9921875,1.0,1,1,1,0.0016875133652672794,5.618733745656884e-05,0.0,0.0016884485111622908,0.0016884485111622908,0.17851706190402408,0.0,0.002092571550492791,5.804908989645412e-05,0.0078125,0.008088101238286375,0.002093376552550833,0.22191894868088202,0.9330112994305706,0.003602277146884572,9.788292771376929e-05,0.0078125,0.008603553798315245,0.003603606764132939,0.38114035680817454,0.8245638736676328,0.0,-0.004816167311221642,-0.17824984179333664,0.008493516581836988,0.0,0.0,0.0
openvla,extra_object,episode_000001,lift,45,45,,0.9980392156862745,0.9980392156862745,1.0,1,1,1,0.0013235556054327254,0.0003001532529016474,0.0,0.0013571630027007914,0.0013571630027007914,0.13641835602637545,0.0,0.006486663644963338,0.0003083890410360362,0.0019607843137254832,0.0067835524740708026,0.006493990225086591,0.6621451276475585,0.08354977220551853,0.005387888277572972,0.00043068004453177076,0.0019607843137254832,0.005749739169503087,0.005405074041339872,0.5501250021428138,0.1162956204658295,0.0,0.0,0.1348357445980096,-0.015126828427152057,0.0,-0.014158704085288335,0.0
oft,extra_object,episode_000001,lift,45,45,0,0.97265625,0.98046875,1.0,1,1,1,0.0013863010153664346,0.0002545981522674806,0.0078125,0.00793862752460046,0.0014094859787681547,0.1517603298431388,0.9684767730453557,0.008699465681013048,0.00032217511786305163,0.02734375,0.028696082729254075,0.008705429337011121,0.9219512394322149,0.9079687845285609,0.007537958244252599,7.188406095289175e-05,0.01953125,0.020935513090746424,0.007538300989633859,0.7974386039317912,0.8703478479830823,-0.005174690279289734,0.0,0.14641951290166927,0.0,-0.03531428410786001,0.00788370084281303,0.016015465501195987
openvla,extra_object,episode_000001,lift,46,46,,0.9980392156862745,0.9980392156862745,1.0,1,1,1,0.0013235556054327254,0.00014332370795385518,0.0,0.0013312930278244644,0.0013312930278244644,0.13629799725785782,0.0,0.006092212011624648,0.0003083890410360362,0.0019607843137254832,0.006407404007877659,0.006100012376644393,0.6220463159198025,0.09364733670284278,0.007415751643666923,0.00017850238179219235,0.0019607843137254832,0.007672672980507254,0.007417899671797547,0.7558263552654554,0.06530798299962516,0.0,0.0,0.1348357445980096,-0.015126828427152057,0.012947783475902457,0.0,0.0
oft,extra_object,episode_000001,lift,46,46,1,0.984375,0.98828125,1.0,1,1,1,0.00016099887949376588,7.055295174315157e-05,0.00390625,0.003910202989705,0.0001757792883075808,0.02201470377779292,0.9979791373526649,0.005567235402929853,0.0001976614206024877,0.015625,0.016588363544027786,0.0055707432240976705,0.5892317666627407,0.8872233493988729,0.005406534117935247,0.00023305568964385306,0.01171875,0.012907905627380967,0.005411554871095112,0.5722177212718095,0.8242349306975902,0.0,-0.0032107782074809023,-0.016976175408889065,0.008493516581836988,0.007062856821572001,0.0,0.008007732750597994
openvla,extra_object,episode_000002,hold,0,0,,0.0019607843137254832,0.0019607843137254832,0.0,0,0,0,0.009455189362993993,0.013956816811434566,0.0,0.01685803492101073,0.01685803492101073,2.829668499092368,0.0,0.0020792381268076774,0.013514307954577375,0.0019607843137254832,0.013813197522806799,0.013673322591057522,1.3994948484156968,0.02014982151881398,0.011453804285115074,0.024334467598618396,0.0019607843137254832,0.02696665757996124,0.026895277390462605,3.960695743507397,0.005286952477406507,2.1055776519888147,-0.3270959614291389,-0.01685446807475133,-1.8454730681125275,-0.24600788604214394,0.0,0.0
oft,extra_object,episode_000002,hold,0,0,0,0.111328125,0.018798828125,0.0,0,0,0,0.00458637121195984,0.010159507312996672,0.092529296875,0.09319828952249398,0.011146765886871707,1.3543111185067078,0.9856951971695259,0.0035335789781865763,0.007835868346289012,0.111328125,0.11165947532185112,0.008595755530228635,1.2339227304077538,0.994073791254569,0.007989539738445638,0.017919019450538087,0.018798828125,0.027172043393426548,0.019619480199560953,2.514054849312023,0.4786487790544928,0.8809910200490815,-0.276126925843368,-0.25570364209639335,-0.4246758290918536,0.6674399696385539,0.504556853940035,-0.18968316952978997
openvla,extra_object,episode_000002,hold,1,1,,0.0019607843137254832,0.0019607843137254832,0.0,0,0,0,0.009455189362993993,0.013956816811434566,0.0,0.01685803492101073,0.01685803492101073,2.829668499092368,0.0,0.0016370596217113787,0.019471398169588407,0.0019607843137254832,0.019638227669742513,0.01954009495585138,1.8752195957556053,0.009969079667149541,0.011192395380043029,0.027966202900923928,0.0019607843137254832,0.03018646872629865,0.030122719316802302,4.182166277597743,0.004219247726957104,2.1055776519888147,-0.3270959614291389,-0.01685446807475133,-1.8454730681125275,-0.24600788604214394,0.0,0.0
oft,extra_object,episode_000002,hold,1,1,1,0.2080078125,0.0203857421875,0.0,0,0,0,0.005839682433714621,0.012349588888927976,0.1876220703125,0.18811872715123518,0.013660682144467327,1.6673894234057842,0.9947267214877434,0.002161145518912683,0.014629226677579644,0.2080078125,0.20853281488574665,0.014787995913507832,1.7044836771009395,0.9949711366739522,0.007852957243229408,0.023048686153951045,0.0203857421875,0.03175672142118171,0.02434976120801442,2.5408401225849793,0.4120801893452771,1.0659861975336904,-0.4751951747071914,-0.348011595882228,-0.46289665371012056,0.732771395238095,0.6306960674250437,-0.3846214136771599
openvla,extra_object,episode_000002,alignment,2,2,,0.0019607843137254832,0.0019607843137254832,0.0,0,0,0,0.009455189362993993,0.013956816811434566,0.0,0.01685803492101073,0.01685803492101073,2.829668499092368,0.0,0.025486222362643068,0.39860001427792024,0.0019607843137254832,0.3994187822171127,0.39941396935094337,51.45419274603867,2.4099203076288303e-05,0.023545022558889985,0.40878715423717876,0.0019607843137254832,0.40946935200543955,0.40946465727414083,52.79609318346754,2.293067533496153e-05,2.1055776519888147,-0.3270959614291389,-0.01685446807475133,-1.8454730681125275,-0.24600788604214394,0.0,0.0
oft,extra_object,episode_000002,alignment,2,2,2,0.314453125,0.0272216796875,0.0,0,0,0,0.0043864685067757465,0.00746701160541745,0.2872314453125,0.28736196781165046,0.00866010209387709,1.1966210122958276,0.9990917875606643,0.025031805525895953,0.3973782537639546,0.314453125,0.5073626273925207,0.39816587981942414,57.12421374964255,0.38412704267425823,0.021617869042759773,0.40385931936444425,0.0272216796875,0.40535256499061517,0.40443748849415784,57.48845619266275,0.004509869632589599,0.6461894486263088,-0.34034248999298833,-0.34068398891862595,-0.2887795637824607,0.45731997919678713,0.3784176404550265,-0.5888185988174087
openvla,extra_object,episode_000002,alignment,3,3,,0.0019607843137254832,0.0019607843137254832,0.0,0,0,0,0.009455189362993993,0.031349415177262835,0.0,0.032744258089724254,0.032744258089724254,3.0968135702089823,0.0,0.025997062182198664,0.4167852286164354,0.0019607843137254832,0.41759983083100544,0.41759522750500805,51.592780957016494,2.2046467865403902e-05,0.023253319539629908,0.4198692698300433,0.0019607843137254832,0.42051725920864513,0.42051268781955425,49.64438180335717,2.174162483601984e-05,2.1055776519888147,-0.3270959614291389,-0.01685446807475133,-0.4689316812417078,1.6184729344877886,1.4866639289552797,0.0
oft,extra_object,episode_000002,alignment,3,3,3,0.435546875,0.03857421875,0.0,0,0,0,0.003280568399404335,0.005813281192681846,0.39697265625,0.39702877248057106,0.0066750555988964455,1.0984748892184921,0.9997173390509033,0.025050718396465072,0.4161403504581436,0.435546875,0.6029107812055372,0.4168936672241563,57.245672942648305,0.5218716490625908,0.021784458269162817,0.4100634578286612,0.03857421875,0.41244947862817327,0.41064169548217955,55.9052040812803,0.008746871775884449,0.43046954760841705,-0.17980357961893717,-0.2797090151355256,-0.1316495070184749,0.376097125748709,0.299580632026896,-0.8137858407795211
openvla,extra_object,episode_000002,alignment,4,4,,0.0019607843137254832,0.0019607843137254832,0.0,0,0,0,0.009461297166562558,0.0017480945089863168,0.0,0.009621433286488703,0.009621433286488703,2.150554460549545,0.0,0.025471320344913694,0.415956901617644,0.0019607843137254832,0.41674065896980644,0.4167360461532738,50.0533883834633,2.2137465611695465e-05,0.023461851887308212,0.41896674728229716,0.0019607843137254832,0.4196277379981157,0.4196231569185503,50.27257945607863,2.1833897737165106e-05,2.1055776519888147,-0.3522571892313804,-0.01685446807475133,0.0,0.25895566951804616,0.0,0.0
oft,extra_object,episode_000002,alignment,4,4,4,0.51171875,0.0419921875,0.0,1,0,0,0.0037711809147299023,0.007562854189419814,0.4697265625,0.4698025777782072,0.008450950773850708,1.3911145140176153,0.9996764209816307,0.02388710856807427,0.41412986035030247,0.51171875,0.6587337962265687,0.4148181953452669,55.20409523297097,0.6034520539883813,0.02087975227565035,0.42128289952229975,0.0419921875,0.42388511332204604,0.42180000650190685,55.55583299446248,0.009813878314292743,0.539784879758413,-0.3531856028229125,-0.2923085203218106,-0.38645500447358716,0.46879712153184167,0.37053393961221315,-0.9629298632594088
openvla,extra_object,episode_000002,alignment,5,5,,0.0019607843137254832,0.0019607843137254832,0.0,0,0,0,0.01045275210039382,0.013857663762366235,0.0,0.0173578475457957,0.0173578475457957,3.1805408844596283,0.0,0.02409715953566828,0.4257215914959937,0.0019607843137254832,0.4264075412544836,0.42640303301403615,50.69035275138714,2.1145107341577963e-05,0.021449422278037818,0.4259121670481269,0.0019607843137254832,0.426456441422589,0.42645193369909007,50.63754074153397,2.1140258358559953e-05,2.066943199658745,-1.5348348959367284,0.2865259572707709,-1.8454730681125275,0.0,0.0,0.0
oft,extra_object,episode_000002,alignment,5,5,0,0.07568359375,0.015869140625,0.0,0,0,0,0.004688016462957306,0.009733013094769902,0.059814453125,0.06078221651850765,0.010803195928053936,1.3326639237592641,0.9684098681438991,0.023841075368145302,0.4219124852897486,0.07568359375,0.429309385503039,0.42258554414234506,55.99036091895381,0.03107869150675148,0.02046934368270864,0.42105061852004566,0.015869140625,0.42184647327089253,0.4215478826739779,55.04658577661917,0.0014151353248302457,0.9293420323461952,-0.2504407001835196,-0.24297151053972654,-0.36097445472807566,0.6374228281468729,0.488789452254409,-0.12261840774353178
openvla,extra_object,episode_000002,alignment,6,6,,0.0019607843137254832,0.0019607843137254832,0.0,0,0,0,0.0024206483405216613,0.03899703284051356,0.0,0.03907208861518109,0.03907208861518109,3.1535865562099805,0.0,0.025316514484565903,0.4432229049640581,0.0019607843137254832,0.4439496751497298,0.44394534504871846,51.449143972703716,1.950707540400899e-05,0.023964116661189347,0.42257955518579965,0.0019607843137254832,0.42326304353617306,0.4232585018028337,50.84882573897248,2.1460456052894177e-05,0.15453780932027994,-0.05032245560448301,-0.23596255304651723,2.6320681463244244,0.012947783475902233,-1.7132031943198938,0.0
oft,extra_object,episode_000002,alignment,6,6,1,0.154296875,0.01031494140625,0.0,0,0,0,0.006632526205888282,0.012799831998073748,0.14398193359375,0.14470184278178955,0.014416175049253093,1.792797567829216,0.9900745096738723,0.024198624151257616,0.4119203336358344,0.154296875,0.44053542457813377,0.4126305062322355,55.290106194951186,0.1226740170705832,0.019763662787309632,0.42397151775917885,0.01031494140625,0.424557237900859,0.42443191472578046,55.81658612058493,0.000590284028136672,1.2283421050464067,-0.552253851686736,-0.3819639467000065,-0.37796148789175016,0.7654371080378657,0.662230870796296,-0.29516002435407296
openvla,extra_object,episode_000002,alignment,7,7,,0.0019607843137254832,0.0019607843137254832,0.0,0,0,0,0.009288821874703168,0.038554736166349336,0.0,0.03965791084609437,0.03965791084609437,3.7842898752861394,0.0,0.022262299466777935,0.4288925675965732,0.0019607843137254832,0.4294744336887291,0.42946995764212614,50.88961947202286,2.0844189673911928e-05,0.02087801115555067,0.4160576799087975,0.0019607843137254832,0.4165858003293291,0.41658118579804193,51.43277901420651,2.2153927118586688e-05,1.9317226165035002,-0.8303205174739675,0.2696714891960195,-2.6320681463244244,-0.24600788604214394,-1.684885786149317,0.0
oft,extra_object,episode_000002,alignment,7,7,2,0.2451171875,0.0191650390625,0.0,0,0,0,0.005151315616378485,0.008711356210603679,0.2259521484375,0.2261786841484617,0.01012046340873619,1.287661453275949,0.9979978461262741,0.02436434095240936,0.4077490675432904,0.2451171875,0.47637732817628736,0.40847634349184536,56.022731701851306,0.2647557257076063,0.020087106902354247,0.40928455199449204,0.0191650390625,0.4102251029463041,0.40977717892171434,55.49756695689587,0.002182604027257728,0.7975491392955342,-0.3596071592378746,-0.3880647597375759,-0.2080911562550083,0.5279485474125066,0.45331279846175043,-0.4631972912924027
openvla,extra_object,episode_000002,alignment,8,8,,0.0019607843137254832,0.0019607843137254832,0.0,0,0,0,0.008876971864371726,0.03576615069505202,0.0,0.036851298010002545,0.036851298010002545,3.2041844836892204,0.0,0.02392818393081864,0.428407400616372,0.0019607843137254832,0.429079600498822,0.4290751203333791,53.061475375214194,2.0882568401062113e-05,0.02190703786328061,0.4044284071576179,0.0019607843137254832,0.4050260479266934,0.40502130169164086,51.70802962792555,2.3436553119464016e-05,1.8737709380083947,-0.9309654286829336,0.16854468074751225,1.724458440695312,0.012947783475902233,-1.6990444902346056,0.0
oft,extra_object,episode_000002,alignment,8,8,3,0.341796875,0.03857421875,0.0,0,0,0,0.0027072356811713464,0.004163160104341811,0.30322265625,0.30326331840562826,0.0049659870205016245,0.828252194192252,0.9997318539557624,0.024006689913968645,0.4014763883007779,0.341796875,0.527811249674946,0.4021935001012105,57.191079789173315,0.4193521659682924,0.021877994261536447,0.4018258576080103,0.03857421875,0.40426555236316347,0.4024210065035383,56.908693884211985,0.009104598630080922,0.36675617354466195,-0.051372451319696456,-0.23130038994611496,0.0,0.24543427454962705,0.22074362359876512,-0.6216002547651692
openvla,extra_object,episode_000002,alignment,9,9,,0.0019607843137254832,0.0019607843137254832,0.0,0,0,0,0.0025431909947528576,0.01980025211903997,0.0,0.019962910719966136,0.019962910719966136,2.6745659851355827,0.0,0.025681200851459605,0.4034003853424331,0.0019607843137254832,0.40422177037700663,0.4042170146982887,53.55989365942568,2.3529909030792607e-05,0.023184148733718175,0.3894427356312951,0.0019607843137254832,0.39013714737719984,0.3901322200081583,51.667247406093026,2.525951685848802e-05,0.019317226165034992,-0.40257964483586306,-0.23596255304651723,2.6320681463244244,0.06473891737951142,-0.05663481634115351,0.0
oft,extra_object,episode_000002,alignment,9,9,4,0.37890625,0.048095703125,0.0,0,0,0,0.002676571303616538,0.004610028152230988,0.330810546875,0.3308534937358895,0.005330702909345614,0.9159220136459092,0.9997404042918303,0.024092064057219836,0.3916065007759592,0.37890625,0.5454411290777319,0.3923468860594264,57.92431081124095,0.4825782810593908,0.021687825484349922,0.38937525949103724,0.048095703125,0.39293339274874606,0.38997878721534607,57.2585280881912,0.014982168603093428,0.3971574789354892,-0.13485268471420309,-0.21273269809264236,-0.14863654018214886,0.28251427286288006,0.23651102528439139,-0.6781548673162676
openvla,extra_object,episode_000002,alignment,10,10,,0.0019607843137254832,0.0019607843137254832,0.0,0,0,0,0.0005295960516571097,0.019864966269387906,0.0,0.0198720244781917,0.0198720244781917,2.6450316586859066,0.0,0.0233503819410868,0.3852235587340484,0.0019607843137254832,0.3859355842827199,0.3859306032702245,52.421463505847385,2.581249594449807e-05,0.02396862760034777,0.37741336564866157,0.0019607843137254832,0.3781787782972749,0.3781736951181222,51.44783726239827,2.688223286112021e-05,0.038634452330069985,-0.025161227802241504,0.05056340422425364,2.6320681463244244,0.24600788604214371,-0.05663481634115351,0.0
oft,extra_object,episode_000002,alignment,10,10,0,0.08740234375,0.01068115234375,0.0,0,0,0,0.0046918813297623565,0.0179638183751654,0.07672119140625,0.07893575699151147,0.018566435334455098,1.8534392276107716,0.9446765185213791,0.024354144733890346,0.36717601540233824,0.08740234375,0.3782202008690844,0.3679828129851412,56.266864161769554,0.05340190077285596,0.021188221455654795,0.3770822531750617,0.01068115234375,0.3778280738688241,0.3776770662722787,56.853257195472715,0.0007991858211408126,0.8195415729825158,-0.35960715923787434,-0.3045101463969498,-0.7941438004017668,1.029852810295467,0.9085965221342035,-0.15727687605471372
openvla,extra_object,episode_000002,alignment,11,11,,0.0019607843137254832,0.0019607843137254832,0.0,0,0,0,0.0030757432629633197,0.020543463027344427,0.0,0.02077243533569263,0.02077243533569263,2.970603492080707,0.0,0.02556802150137398,0.3776866011402946,0.0019607843137254832,0.3785561214397777,0.3785510433275845,52.05736466321441,2.68286673790713e-05,0.023177389753221384,0.3565537491571937,0.0019607843137254832,0.35731164563857787,0.35730626559553036,49.04221575956564,3.011378223744099e-05,0.019317226165034992,-1.1825777067053478,0.0,2.707702288460183,0.28485123646985067,0.11326963268230694,0.0
oft,extra_object,episode_000002,alignment,11,11,1,0.21875,0.01031494140625,0.0,0,0,0,0.0093611142905324,0.0314612893408834,0.20843505859375,0.21100383133661624,0.03282442973992379,3.375007786459559,0.9758000929807454,0.026186925615802364,0.35793318011845954,0.21875,0.4203016523913761,0.35888983895190063,55.67985706185319,0.2708781212240305,0.01823517248472207,0.3581913930078746,0.01031494140625,0.3588035584504195,0.3586552600206349,54.35338463600369,0.0008264565911099272,1.627440092836629,-1.0435029174313324,-0.5626010631602181,-1.1338844636752494,1.8010284895008601,1.6201005231980812,-0.42728761473893984
openvla,extra_object,episode_000002,alignment,12,12,,0.0019607843137254832,0.0019607843137254832,0.0,0,0,0,0.0027638258094899275,0.02030884429258875,0.0,0.020496045706570265,0.020496045706570265,2.626147903811173,0.0,0.02507322704072929,0.3649671850532176,0.0019607843137254832,0.3658326906593102,0.36582743593107603,50.268346862653104,2.872728779828659e-05,0.024019929433216916,0.35308536944407176,0.0019607843137254832,0.35390688012605565,0.35390144832344694,48.46034434867816,3.0695989424309936e-05,0.019317226165034992,-1.031610339891899,0.06741787229900498,2.3295315777813874,0.3754857208011668,0.5097133470703816,0.0
oft,extra_object,episode_000002,alignment,12,12,2,0.4296875,0.0128173828125,0.0,0,0,0,0.00909349829958762,0.0318599497792453,0.4168701171875,0.41818469928391766,0.033132282011063406,3.4119378706444397,0.993722793420293,0.027121872501738906,0.3448475119013551,0.4296875,0.5516219267657929,0.34591242017677803,53.62091048455651,0.6067676216672777,0.019662321011668496,0.35357004508476825,0.0128173828125,0.35434823119492653,0.35411634196801894,53.99396454868294,0.0013083928808993127,1.4773740747372264,-0.9439687929994205,-0.615121105831469,-1.1890923214571902,1.8363427736087201,1.6348824622783555,-0.8545752294778797
openvla,extra_object,episode_000002,alignment,13,13,,0.0019607843137254832,0.0019607843137254832,0.0,0,0,0,0.0035486098510688485,0.012097573972029148,0.0,0.012607296612827825,0.012607296612827825,1.651829450124644,0.0,0.02568678416323448,0.341576663174163,0.0019607843137254832,0.3425467448115208,0.3425411328670532,46.56091745556061,3.2765738296104945e-05,0.023241733348082657,0.3367156465753784,0.0019607843137254832,0.33752251701601105,0.33751682153294005,45.6721147807892,3.374847442749674e-05,0.2704411663104903,-1.2832226179143138,0.0,0.8168487350662007,0.25895566951804594,0.52387205115567,0.0
oft,extra_object,episode_000002,alignment,13,13,3,0.53125,0.01544189453125,0.0,1,0,0,0.007767283942180403,0.02587069476569202,0.51580810546875,0.5165148838269418,0.02701154470773669,2.941592906882867,0.99726515220895,0.027071311091827664,0.32958217939549445,0.53125,0.6257665949531938,0.3306921058315641,50.748305835913875,0.720730887994788,0.020565846372396956,0.3364284520909989,0.01544189453125,0.3374100021043728,0.33705646027536484,51.29017175041271,0.0020945236023754243,1.2341636316106073,-0.7031604274383442,-0.5533172172334818,-1.1126506722206568,1.5026227887894432,1.3096798025123173,-1.0573960855516196
openvla,extra_object,episode_000002,alignment,14,14,,0.0019607843137254832,0.0019607843137254832,0.0,0,0,0,0.004204071381456613,0.011560179510436615,0.0,0.012300892914496129,0.012300892914496129,1.4152027177864903,0.0,0.026885738898512347,0.3563075979289923,0.0019607843137254832,0.3573258904322109,0.357320510603642,48.06375855553869,3.011138131394436e-05,0.022396240844005176,0.34374952922134266,0.0019607843137254832,0.34448392577733195,0.3444783453917494,46.17446416143392,3.239826282686924e-05,0.6761029157762255,-1.0567715676941407,-0.10112680844850729,-0.12101462741721508,0.25895566951804594,0.5805068674968238,0.0
oft,extra_object,episode_000002,alignment,14,14,4,0.70703125,0.0179443359375,0.0,1,0,0,0.008064558117956085,0.02465057190299656,0.6890869140625,0.6895748421491041,0.02593622549220867,2.95201477998709,0.9985853443798524,0.029153959463037185,0.3450338246154847,0.70703125,0.787268367177117,0.3462633296801171,52.66985417956413,0.8065505948832326,0.021094868620724176,0.3375869543428217,0.0179443359375,0.33872104218194926,0.33824539202269704,51.22721250749608,0.002806534778736232,1.185004073957355,-0.680684979985977,-0.621752424350566,-0.9003127576747302,1.4328770776764195,1.265333985271494,-1.4126141055351773
openvla,extra_object,episode_000002,alignment,15,15,,0.0019607843137254832,0.0019607843137254832,0.0,0,0,0,0.000707082059353026,0.04455532508320189,0.0,0.044560935339245954,0.044560935339245954,2.467146166894304,0.0,0.023846926304852138,0.3117248126833852,0.0019607843137254832,0.31264177489869394,0.312635626147566,42.16513913396139,3.9333775314756336e-05,0.024703540941545157,0.33423150876783375,0.0019607843137254832,0.3351489386278854,0.3351432028078044,44.83521612458453,3.4228191336835744e-05,-0.13522058315524496,-0.12580613901120685,-0.016854468074750977,-0.9832438477648713,0.28485123646985083,2.2370752454755634,0.0
oft,extra_object,episode_000002,alignment,15,15,0,0.54296875,0.1689453125,0.0,1,0,0,0.003998956154356566,0.018720152458292134,0.3740234375,0.3745129738176003,0.019142511809743447,2.0050115343198796,0.997387452993418,0.025355420926729794,0.31245701323831987,0.54296875,0.6269667821892526,0.31348410245526526,47.7863734669328,0.7499988653921288,0.022999763705558635,0.33130397817050194,0.1689453125,0.3726041246387841,0.3321013626622329,50.48382321386882,0.20558762842956657,0.7205756213910993,-0.5964020520395997,-0.1856769185347256,-0.8153775918563592,0.9658456703499709,0.9618115028231917,-0.766740410869758
openvla,extra_object,episode_000002,alignment,16,16,,0.0019607843137254832,0.0019607843137254832,0.0,0,0,0,0.0026098250124688537,0.04697892242252093,0.0,0.047051358519993314,0.047051358519993314,2.6342022123549773,0.0,0.02617263877553292,0.3482301187170908,0.0019607843137254832,0.3492177934718084,0.34921228873307664,47.670285400279546,3.152585835507693e-05,0.024704091584303603,0.34328735823750056,0.0019607843137254832,0.3441806896701392,0.34417510436794774,46.464597522502444,3.245537614666392e-05,0.5795167849510502,-0.10064491120896601,-0.016854468074750977,0.8924828772019596,0.45317242165658067,2.3645035822431595,0.0
oft,extra_object,episode_000002,alignment,16,16,1,0.58203125,0.11572265625,0.0,1,0,0,0.005603131777913707,0.02286755668330531,0.46630859375,0.46690258602784307,0.02354400633674838,2.4459226710770796,0.9974572235927688,0.02735657281381567,0.3359850960736725,0.58203125,0.6726029607698103,0.337096969520274,51.94450355070389,0.7488158988158985,0.02210595724433057,0.34137955458045394,0.11572265625,0.36113765630406497,0.34209453902574544,52.496027035991986,0.10268127126769737,0.8719353120603244,-0.602020913902692,-0.3942981991455275,-0.9385335822929971,1.2368828008777963,1.1746714255791442,-0.9559230971026356
openvla,extra_object,episode_000002,alignment,17,17,,0.0019607843137254832,0.0019607843137254832,0.0,0,0,0,0.020639913325307152,0.04631975335768573,0.0,0.05071021172498721,0.05071021172498721,3.5369960917585095,0.0,0.02086888931104869,0.34381357847716354,0.0019607843137254832,0.34445192982689826,0.34444634892294834,47.91631050769699,3.240428202006861e-05,0.02468259593693275,0.35974468872628806,0.0019607843137254832,0.36059577962600275,0.36059044858254324,49.1470214287396,2.9567756217006986e-05,1.1203991175720298,-0.15096736681344902,2.039390637044898,-1.1798926173178452,0.5955980398915063,2.307868765902006,0.0
oft,extra_object,episode_000002,alignment,17,17,2,0.76171875,0.22265625,0.0,1,0,0,0.006618535892986884,0.02383229478358612,0.5390625,0.5396296528159553,0.024734253415425782,2.6821288815961966,0.9978990970080506,0.029348830600866245,0.3452622073404696,0.76171875,0.8368290146599927,0.3465073529887234,54.108952972552565,0.8285444884359315,0.023580744513994324,0.3575801144593685,0.22265625,0.4218950052236597,0.3583567911573734,55.542329106831154,0.278522967088859,1.0038899141822135,-0.5281730151306283,-0.5007971745622307,-1.0914168807660645,1.3392942247905901,1.204235303739693,-1.1050671195825232
openvla,extra_object,episode_000002,alignment,18,18,,0.0019607843137254832,0.0019607843137254832,0.0,0,0,0,0.02018451381903384,0.0070071238168925,0.0,0.021366197188457052,0.021366197188457052,2.3034191825112096,0.0,0.020307425363455048,0.34506127702955897,0.0019607843137254832,0.3456638845834017,0.3456583232473396,48.4241662714517,3.217745082657916e-05,0.026347019615925334,0.3558091286168656,0.0019607843137254832,0.3567886575058968,0.35678326957655276,50.048227332261945,3.020212974021533e-05,0.019317226165034798,0.02516122780224117,2.056245105119649,0.060507313708607305,1.0358226780721846,0.0,0.0
oft,extra_object,episode_000002,alignment,18,18,3,0.79296875,0.28125,0.0,1,0,0,0.006524655489943215,0.02062686774742116,0.51171875,0.5121758661865029,0.02163420445341241,2.4131717160089337,0.9982157995762193,0.029017765996619416,0.3462725969083022,0.79296875,0.8657633513782024,0.34748631931783175,54.49763270048695,0.8389068675954416,0.023749940808975006,0.36541442423737,0.28125,0.46172862552494887,0.3661854190559182,56.87863875052795,0.3710320808994662,0.937912613121269,-0.5281730151306283,-0.5135293061188978,-0.9045595159656487,1.1794970892025238,1.044590361672729,-1.0490129903283372
openvla,extra_object,episode_000002,alignment,19,19,,0.0019607843137254832,0.0019607843137254832,0.0,0,0,0,0.02018451381903384,0.002061013002875702,0.0,0.02028946457422646,0.02028946457422646,2.078820715269267,0.0,0.018751065263638067,0.32926424979458085,0.0019607843137254832,0.3298035677739619,0.3297977389875639,45.8755840351471,3.534670610013337e-05,0.024628224367109847,0.33181690406316383,0.0019607843137254832,0.3327354082941347,0.332729630867976,46.29506201908197,3.4726547621501456e-05,0.019317226165034798,0.02516122780224117,2.056245105119649,0.060507313708607305,0.29779901994575314,0.0,0.0
oft,extra_object,episode_000002,alignment,19,19,4,0.81640625,0.50390625,0.0,1,1,0,0.004938438314699016,0.011615263489968828,0.3125,0.31275478016959146,0.012621510168339211,1.4058847192226493,0.998371398874441,0.027911558697200533,0.33039022025699805,0.81640625,0.881167360828485,0.33156711650942555,51.5337707927655,0.8584121129975236,0.023434492402307362,0.3396774879058272,0.50390625,0.6081541580991038,0.3404849060151818,52.52197593826362,0.6865499329081493,0.4838335411135927,-0.2969969841919947,-0.46313128537375825,-0.45864989541920204,0.6850971116924841,0.5912775632109785,-0.6406186200478395
openvla,extra_object,episode_000002,descent_to_grasp,20,20,,0.0019607843137254832,0.0019607843137254832,0.0,0,0,0,0.02018451381903384,0.002061013002875702,0.0,0.02028946457422646,0.02028946457422646,2.078820715269267,0.0,0.007557948858725819,0.0005798537462675628,0.0019607843137254832,0.007829654937679396,0.007580159715875084,0.7811147873606122,0.06271542975560467,0.012653976205201447,0.001646487669461199,0.0019607843137254832,0.012910410937396382,0.012760644005985441,1.313390843485953,0.02306638389358604,0.019317226165034798,0.02516122780224117,2.056245105119649,0.060507313708607305,0.29779901994575314,0.0,0.0
oft,extra_object,episode_000002,descent_to_grasp,20,20,0,0.023681640625,0.0247802734375,0.0,0,0,0,0.0033771329574137808,0.015624270536853073,0.0010986328125,0.016022791606880714,0.015985082321365297,1.5541394808839721,0.0047014168885154565,0.009201023059610331,0.014977205701687644,0.023681640625,0.029492297615916537,0.017577699393667705,1.8258836423802869,0.6447722782875221,0.01004328751507899,0.03055148701641466,0.0247802734375,0.04059954352775365,0.032159928218587416,3.2235771321722964,0.3725374067935295,0.6814420261539705,-0.46556284008474874,-0.09336896474889059,-0.6922216014197219,0.7733828219621341,0.8051229485722823,0.002252174836105686
openvla,extra_object,episode_000002,descent_to_grasp,21,21,,0.0019607843137254832,0.0019607843137254832,0.0,0,0,0,0.02018451381903384,0.0008338867391127143,0.0,0.020201731737760402,0.020201731737760402,2.059985581540818,0.0,0.007232269361591048,0.0005798537462675628,0.0019607843137254832,0.007515758485383962,0.007255477274836516,0.7487046548415879,0.06806345897619011,0.012640283146093117,0.0007218822115106869,0.0019607843137254832,0.012811812793888818,0.012660879587955224,1.2935742427215233,0.023422782171243717,0.019317226165034798,0.02516122780224117,2.056245105119649,0.060507313708607305,0.10358226780721849,0.0,0.0
oft,extra_object,episode_000002,descent_to_grasp,21,21,1,0.02197265625,0.018310546875,0.0,0,0,0,0.0037667024295635174,0.01908530398211714,0.003662109375,0.019795148909699037,0.019453454070747847,1.8712001918030878,0.03422512760113434,0.008673963692682874,0.006915434558819311,0.02197265625,0.024614193140543063,0.011093280906895542,1.3472379223914925,0.7968818123787091,0.00939313723662775,0.025901232230292354,0.018310546875,0.03308142961020927,0.027551857617838734,2.935148718224864,0.3063614330293319,0.6913062794988662,-0.6582095325336098,-0.12307727171444663,-0.7516762174925813,1.0192585250631092,0.9854626053516308,-0.007507249453685619
openvla,extra_object,episode_000002,descent_to_grasp,22,22,,0.0019607843137254832,0.0019607843137254832,0.0,0,0,0,0.018199212137933855,0.0001748094508986311,0.0,0.018200051669861883,0.018200051669861883,1.8544436527975074,0.0,0.008052654623515735,0.0008711488432905787,0.0019607843137254832,0.008333595977592612,0.008099638682854677,0.8349721546411535,0.05535983215820974,0.011089195482717381,0.0007796016161016676,0.0019607843137254832,0.011288166824542407,0.011116565797661968,1.137392732281574,0.030172605159208016,0.019317226165034798,0.02516122780224117,1.8539914882226345,0.0,0.02589556695180453,0.0,0.0
oft,extra_object,episode_000002,descent_to_grasp,22,22,2,0.056640625,0.0247802734375,0.0,0,0,0,0.004327654761878363,0.02078431146741823,0.0318603515625,0.03828574409096364,0.021230077694456548,2.116201085574166,0.6925114257006522,0.010222944635852375,0.005417433482899068,0.056640625,0.05781018580630894,0.011569666484792844,1.2405366699028044,0.9599471937993863,0.01074510215768561,0.02617766170586132,0.0247802734375,0.03761368294122348,0.02829712340089745,2.8923612146570368,0.4340307204551204,0.8408871703845859,-0.5586754081016978,-0.174005797941114,-0.9682608903294265,1.1797178034781979,1.0465612868834322,-0.06531307024706488
openvla,extra_object,episode_000002,descent_to_grasp,23,23,,0.0019607843137254832,0.0019607843137254832,0.0,0,0,0,0.003474333464260907,0.0002866474159077068,0.0,0.003486138230467886,0.003486138230467886,0.35617706078765327,0.0,0.0005034592964788784,0.00023226452970370796,0.0019607843137254832,0.0020376685696946416,0.0005544529510873685,0.09773899024344417,0.9259606997802191,0.0027748896338630363,0.00037289458093280216,0.0019607843137254832,0.003418148325272252,0.0027998326465361436,0.2972521425699185,0.32906208044478763,0.0,0.0,0.3539438295697755,-0.030253656854303652,-0.025895566951804706,0.0,0.0
oft,extra_object,episode_000002,descent_to_grasp,23,23,3,0.078125,0.04541015625,0.0,0,0,0,0.0030281436663956154,0.013021170890288876,0.03271484375,0.03534093302397876,0.013368640372844139,1.328905941289763,0.8569069768508978,0.011735537826998666,0.010174396409013225,0.078125,0.07965398179235397,0.01553194097261053,1.6434648125434201,0.9619778665445452,0.010959451850058477,0.023134563492942684,0.04541015625,0.05212868599449022,0.025599172112838856,2.613734176052992,0.7588438816032312,0.5821526564200981,-0.3820826066902421,-0.13050434845583578,-0.518104511492062,0.739834252059667,0.6661727212177027,-0.0670647617862582
openvla,extra_object,episode_000002,descent_to_grasp,24,24,,0.0019607843137254832,0.0019607843137254832,0.0,0,0,0,0.0009964179257597838,0.0001748094508986311,0.0,0.0010116358173270215,0.0010116358173270215,0.10616198472828012,0.0,0.022646277737919055,0.0005386761511587749,0.0019607843137254832,0.022737386448397,0.022652683447635855,2.3103019998339738,0.007436670876685571,0.021523970752001985,0.00037289458093280216,0.0019607843137254832,0.02161631426553745,0.021527200637833196,2.194706265332703,0.008228039283629605,0.019317226165034798,0.0,-0.10112680844850729,0.0,0.02589556695180453,0.0,0.0
oft,extra_object,episode_000002,descent_to_grasp,24,24,4,0.09814453125,0.044677734375,0.0,0,0,0,0.002931421119800114,0.010608990771565662,0.053466796875,0.05458793166117659,0.01100653964571861,1.1547582072213365,0.9593455278951974,0.011646903830211133,0.015878358591151,0.09814453125,0.1001005577140387,0.0196919435399192,2.04568918158825,0.9613006055471428,0.010889776251571113,0.026444438360662497,0.044677734375,0.053047106385770156,0.028598873177455093,2.947562345275331,0.709347243728392,0.5226437182082655,-0.31786704254062115,-0.16976175408889174,-0.44166286225552753,0.6634671126764197,0.5321498068898809,-0.10960584202381005
openvla,extra_object,episode_000002,descent_to_grasp,25,25,,0.9980392156862745,0.9980392156862745,0.0,1,1,0,0.0016566979578208616,0.000625415054334536,0.0,0.0017708167927925477,0.0017708167927925477,0.19202884306575088,0.0,0.02315807796601358,0.0003639597287418833,0.9980392156862745,0.9983079209790124,0.02316093784293092,3.125361966505374,0.9994617509795625,0.02158870460278895,0.0007946371670753618,0.9980392156862745,0.9982729985641842,0.021603324157494337,3.007904367159844,0.9995316802042065,0.019317226165034798,0.0,-0.16854468074751192,-0.04538048528145571,-0.07768670085541375,0.0,0.0
oft,extra_object,episode_000002,descent_to_grasp,25,25,0,0.9609375,0.984375,0.0,1,1,0,0.0009724392746192794,0.0,0.0234375,0.023457664939051843,0.0009724392746192794,0.11714895782609697,0.998281476702858,0.016770182069718732,0.00028212996330544566,0.9609375,0.9610838660128562,0.016772555081671674,2.651635070344247,0.9996954378846685,0.01781763452119378,0.00028212996330544566,0.984375,0.984536280856245,0.017819868047969128,2.7608190190110937,0.9996723987742305,0.02587345139644907,0.01926466924488599,0.10185705245333475,0.0,0.0,0.0,0.04804639650358796
openvla,extra_object,episode_000002,descent_to_grasp,26,26,,0.9980392156862745,0.9980392156862745,0.0,1,1,0,0.0009926667040745449,0.0004882133443187167,0.0,0.0011062275782808373,0.0011062275782808373,0.12234517310618792,0.0,0.024934654994178355,0.0003639597287418833,0.9980392156862745,0.9983507126927075,0.024937311129366965,3.263727161794042,0.9993760741448209,0.023831744422083908,0.00016920937096997742,0.9980392156862745,0.998323723409238,0.023832345121929388,3.1767169392204333,0.9994301103419377,0.0,0.0,-0.10112680844850729,-0.04538048528145571,0.05179113390360925,0.0,0.0
oft,extra_object,episode_000002,descent_to_grasp,26,26,1,0.96875,0.98828125,0.0,1,1,0,0.0012864544684697138,0.000262111222236155,0.01953125,0.01957532615193851,0.0013128851405465082,0.14839932677477366,0.9955018342709966,0.019402876273231465,0.00013319011201049064,0.96875,0.9689442975977929,0.01940333340640896,2.855226766469185,0.9995989901225335,0.02057709149824935,0.0003806573276779277,0.98828125,0.9884955188042538,0.02058061210286129,2.9729853235528285,0.9995665218962503,0.010349380558579868,0.0,0.13580940327111324,0.008493516581836988,0.042377140929432004,0.0,0.04003866375298997
openvla,extra_object,episode_000002,descent_to_grasp,27,27,,0.9980392156862745,0.9980392156862745,0.0,1,1,0,0.0024816667601863657,0.000243409085602725,0.0,0.002493575323018707,0.002493575323018707,0.25494974998738235,0.0,0.02125442146965721,0.0002573238228125581,0.9980392156862745,0.9982655421756446,0.02125597910141079,2.9809559118493905,0.9995466119514911,0.02394461619706484,0.00013483472539969638,0.9980392156862745,0.9983264189997688,0.023944995828521526,3.1855011084770353,0.999424713207988,0.0,0.0,0.2528170211212686,-0.030253656854303652,0.012947783475902265,0.0,0.0
oft,extra_object,episode_000002,descent_to_grasp,27,27,2,0.97265625,0.98828125,0.0,1,1,0,0.0012859529696601965,0.0001021754634308593,0.015625,0.01567816123993835,0.001290005761810849,0.14068341428415135,0.9932299317482008,0.021727182066833443,0.00019581586644131077,0.97265625,0.9728989101897901,0.02172806444253328,3.0414629522496917,0.9995012227372677,0.02322117435677878,0.0001976614206024877,0.98828125,0.9885540405613178,0.023222015600397716,3.182480589741513,0.999448178021683,0.005174690279289734,-0.004816167311221642,0.13580940327111324,0.008493516581836988,0.014125713643144001,0.0,0.032030931002391974
openvla,extra_object,episode_000002,descent_to_grasp,28,28,,0.9980392156862745,0.9980392156862745,1.0,1,1,1,0.0024816667601863657,0.000243409085602725,0.0,0.002493575323018707,0.002493575323018707,0.25494974998738235,0.0,0.013238183919901995,0.0002573238228125581,0.0019607843137254832,0.013385081403259771,0.01324068461398196,1.3492764179136227,0.02145940194052725,0.015626807521299003,0.00013483472539969638,0.0019607843137254832,0.01574991964537764,0.01562738921608151,1.5922496149845982,0.015498974473773441,0.0,0.0,0.2528170211212686,-0.030253656854303652,0.012947783475902265,0.0,0.0
oft,extra_object,episode_000002,descent_to_grasp,28,28,3,0.984375,0.9921875,1.0,1,1,1,0.00176783247542107,0.00014533880595663404,0.0078125,0.00801133642282424,0.0017737967836452652,0.18774955454140704,0.950977236793941,0.013790872520676864,0.00011893007683013642,0.015625,0.020840895715989155,0.013791385327251757,1.4575282388460595,0.5620918535823042,0.01546565522290002,0.0001999798205148971,0.0078125,0.017328059315809944,0.015466948095931136,1.6341053117216366,0.20327323970085817,0.0,-0.0032107782074809023,0.18673792949778079,0.0,0.007062856821572001,-0.00788370084281303,0.016015465501195987
openvla,extra_object,episode_000002,grasp_close,29,29,,0.9980392156862745,0.9980392156862745,1.0,1,1,1,0.0024816667601863657,0.0002271748157764951,0.0,0.0024920429983322874,0.0024920429983322874,0.25462075705191417,0.0,0.0077466374045291435,0.0002573238228125581,0.0019607843137254832,0.007995078595735554,0.007750910051538264,0.7898874262378285,0.060147028025330444,0.010228287087725859,9.85178689534503e-05,0.0019607843137254832,0.010415000607028045,0.010228761534000225,1.042050398684652,0.035443862950038374,0.0,0.0,0.2528170211212686,-0.030253656854303652,0.0,0.0,0.0
oft,extra_object,episode_000002,grasp_close,29,29,4,0.984375,0.98828125,1.0,1,1,1,0.002852683905095388,0.00015582164614506697,0.00390625,0.004839511846281361,0.002856936444479931,0.3017832120042646,0.6515038025240917,0.0064108699211807615,0.0001999798205148971,0.015625,0.01689023001841341,0.006413988234703381,0.6781967553272235,0.8557933826031594,0.009263519076231706,0.00014554923771758867,0.01171875,0.014938643573591577,0.009264662446970688,0.979102259770205,0.615375565693954,0.005174690279290135,0.0,0.3013271135077831,0.008493516581836988,0.007062856821572001,0.00788370084281303,0.008007732750597994
openvla,extra_object,episode_000002,grasp_close,30,30,,0.9980392156862745,0.9980392156862745,1.0,1,1,1,0.0024816667601863657,0.0002271748157764951,0.0,0.0024920429983322874,0.0024920429983322874,0.25462075705191417,0.0,0.0077466374045291435,0.0002573238228125581,0.0019607843137254832,0.007995078595735554,0.007750910051538264,0.7898874262378285,0.060147028025330444,0.010228287087725859,9.85178689534503e-05,0.0019607843137254832,0.010415000607028045,0.010228761534000225,1.042050398684652,0.035443862950038374,0.0,0.0,0.2528170211212686,-0.030253656854303652,0.0,0.0,0.0
oft,extra_object,episode_000002,grasp_close,30,30,0,0.984375,0.98828125,1.0,1,1,1,0.002892773713804607,0.00012020303519897701,0.00390625,0.004862239976744252,0.0028952700269491176,0.3062291613095068,0.6454272388939991,0.001991696963015738,0.0002880502313121704,0.015625,0.015754061531181255,0.0020124188749475365,0.21645474160567893,0.9836825725925703,0.004884242769819094,0.00033167480650493126,0.01171875,0.012700194375453479,0.0048954913555025485,0.5186932446145736,0.8514160702644871,0.0,0.0,0.30557115736000534,0.016987033163673976,0.007062856821572001,0.0,0.008007732750597994
openvla,extra_object,episode_000002,grasp_close,31,31,,0.9980392156862745,0.9980392156862745,1.0,1,1,1,0.003639777914939999,0.000243409085602725,0.0,0.003647907791191949,0.003647907791191949,0.372255700273449,0.0,0.007581194489830667,0.0002573238228125581,0.0019607843137254832,0.00783488357076081,0.00758556032488212,0.7730485382186897,0.06263175102574975,0.01122094907601131,0.00013483472539969638,0.0019607843137254832,0.011391775704189606,0.011221759156639064,1.1432531880497636,0.029626257752473777,0.0,0.0,0.3707982976445268,-0.030253656854303652,0.012947783475902265,0.0,0.0
oft,extra_object,episode_000002,grasp_close,31,31,1,0.9921875,0.9921875,1.0,1,1,1,0.002451348628108048,0.000472717645223073,0.0,0.0024965119804704434,0.0024965119804704434,0.27074332746281415,0.0,0.005969537856462357,0.0007082833413323456,0.0078125,0.009857596246618448,0.006011409777360557,0.6417892571025506,0.6281133275509703,0.008419789199144639,0.0003000593692013736,0.0078125,0.011489910444954662,0.008425134170034222,0.8908524027381953,0.4623243558990757,-0.010349380558579467,-0.008026945518702545,0.25888667498556006,0.008493516581836988,-0.07769142503729201,0.0,0.0
openvla,extra_object,episode_000002,grasp_close,32,32,,0.9980392156862745,0.9980392156862745,1.0,1,1,1,0.0006617778027163679,8.740472544931555e-05,0.0,0.0006675248656035026,0.0006675248656035026,0.06864994247822671,0.0,0.010559174318636625,0.0002573238228125581,0.0019607843137254832,0.010742767472401792,0.010562309304368153,1.0762231532491855,0.03331403953345434,0.01122094907601131,0.00027329504652911504,0.0019607843137254832,0.011394255722680983,0.011224276740569809,1.143691419305979,0.029613362540555896,0.0,0.0,0.06741787229900532,0.0,0.012947783475902265,0.0,0.0
oft,extra_object,episode_000002,grasp_close,32,32,2,0.9921875,0.9921875,1.0,1,1,1,0.001647302162947033,4.266968606883733e-05,0.0,0.0016478547017741542,0.0016478547017741542,0.1741786748149826,0.0,0.010508949490769172,0.00014554923771758867,0.0078125,0.013095585524524583,0.010509957372898228,1.1104247624537178,0.35590182772245993,0.008861667308265098,0.00015460948677238563,0.0078125,0.011814745355942903,0.008863015941302057,0.9365082265088595,0.4372515214621884,0.0,-0.0032107782074809023,-0.174005797941114,0.0,0.007062856821572001,0.0,0.0
openvla,extra_object,episode_000002,grasp_close,33,33,,0.9980392156862745,0.9980392156862745,1.0,1,1,1,0.003639777914939999,8.740472544931555e-05,0.0,0.003640827221403927,0.003640827221403927,0.37102428846777397,0.0,0.007581194489830667,0.0002573238228125581,0.0019607843137254832,0.00783488357076081,0.00758556032488212,0.7730485382186897,0.06263175102574975,0.01122094907601131,0.00027329504652911504,0.0019607843137254832,0.011394255722680983,0.011224276740569809,1.143691419305979,0.029613362540555896,0.0,0.0,0.3707982976445268,0.0,0.012947783475902265,0.0,0.0
oft,extra_object,episode_000002,grasp_close,33,33,3,0.9921875,0.9921875,1.0,1,1,1,0.0017276354780333667,4.266968606883733e-05,0.0,0.0017281623323833883,0.0017281623323833883,0.1826375632740172,0.0,0.01099109631061409,0.00014868245363440852,0.0078125,0.013485601982529865,0.010992101918250823,1.1613691763548586,0.3356134717660002,0.009263463190119257,0.00014554923771758867,0.0078125,0.012118914600957242,0.0092646065677553,0.9789156055164228,0.41557805913227175,0.0,-0.0016053891037401623,-0.18249388564555855,0.0,0.007062856821572001,0.0,0.0
openvla,extra_object,episode_000002,grasp_close,34,34,,0.9980392156862745,0.9980392156862745,1.0,1,1,1,0.0001654444506790885,0.000243409085602725,0.0,0.0002943125026472033,0.0002943125026472033,0.03697298938522015,0.0,0.007581194489830667,0.0002573238228125581,0.0019607843137254832,0.00783488357076081,0.00758556032488212,0.7730485382186897,0.06263175102574975,0.0077466374045291435,0.00013483472539969638,0.0019607843137254832,0.007992073986480327,0.007747810754040373,0.7893705752697887,0.060192260911759374,0.0,0.0,0.016854468074750977,-0.030253656854303652,0.012947783475902265,0.0,0.0
oft,extra_object,episode_000002,grasp_close,34,34,4,0.9921875,0.9921875,1.0,1,1,1,0.0017276893354005588,4.266968606883733e-05,0.0,0.0017282161733319236,0.0017282161733319236,0.18269400020817844,0.0,0.010629501083610743,9.788292771376929e-05,0.0078125,0.013192082117847045,0.010629951756899923,1.123057466480959,0.35071421480503606,0.008901849839257433,9.30546942353908e-05,0.0078125,0.011844270597500161,0.008902336195449305,0.940564043510358,0.43507428888357,0.0,-0.004816167311221642,-0.18249388564555855,0.0,0.007062856821572001,0.0,0.0
openvla,extra_object,episode_000002,grasp_close,35,35,,0.9980392156862745,0.9980392156862745,1.0,1,1,1,0.0001654444506790885,0.000243409085602725,0.0,0.0002943125026472033,0.0002943125026472033,0.03697298938522015,0.0,0.007581194489830667,0.0002573238228125581,0.0019607843137254832,0.00783488357076081,0.00758556032488212,0.7730485382186897,0.06263175102574975,0.0077466374045291435,0.00013483472539969638,0.0019607843137254832,0.007992073986480327,0.007747810754040373,0.7893705752697887,0.060192260911759374,0.0,0.0,0.016854468074750977,-0.030253656854303652,0.012947783475902265,0.0,0.0
oft,extra_object,episode_000002,grasp_close,35,35,0,0.9921875,0.9921875,1.0,1,1,1,0.003234285317818824,0.00022713634021343968,0.0,0.0032422511368035583,0.0032422511368035583,0.3430111969320577,0.0,0.00223392768557561,0.0006098268348424087,0.0078125,0.00814846475864473,0.0023156687312470042,0.2576474365678267,0.9192390759314113,0.005467296132910609,0.00047971695302779203,0.0078125,0.009547597164206372,0.005488301682666648,0.5827430749365619,0.6695636791674044,0.0,0.0016053891037407398,0.3416455301038946,0.008493516581836988,-0.028251427286288003,-0.00788370084281303,0.0
openvla,extra_object,episode_000002,grasp_close,36,36,,0.9980392156862745,0.9980392156862745,1.0,1,1,1,0.002647111210865454,0.000243409085602725,0.0,0.00265827871857778,0.00265827871857778,0.27167193623043895,0.0,0.007581194489830667,0.0002573238228125581,0.0019607843137254832,0.00783488357076081,0.00758556032488212,0.7730485382186897,0.06263175102574975,0.010228287087725859,0.00013483472539969638,0.0019607843137254832,0.010415407446521958,0.010229175780683072,1.0421396273917212,0.03544109403644425,0.0,0.0,0.2696714891960195,-0.030253656854303652,0.012947783475902265,0.0,0.0
oft,extra_object,episode_000002,grasp_close,36,36,1,0.9921875,0.9921875,1.0,1,1,1,0.001046808029393153,0.0004693665467572106,0.0,0.001147219249148464,0.001147219249148464,0.13587977536352502,0.0,0.008259466869769565,0.0005423572739573948,0.0078125,0.011381919901116663,0.008277254640606121,0.8773719519657875,0.47113895109709486,0.009303640432906962,0.00015460948677238563,0.0078125,0.012149764839214842,0.009304925007662408,0.9831958313067332,0.413470297310565,-0.015524070837869603,-0.0032107782074809023,0.11034514015777964,0.0,-0.07769142503729201,0.0,0.0
openvla,extra_object,episode_000002,grasp_close,37,37,,0.9980392156862745,0.9980392156862745,1.0,1,1,1,0.0028125556615445427,0.000243409085602725,0.0,0.0028230687792259357,0.0028230687792259357,0.2884095231436164,0.0,0.010559174318636625,0.0002573238228125581,0.0019607843137254832,0.010742767472401792,0.010562309304368153,1.0762231532491855,0.03331403953345434,0.0077466374045291435,0.00013483472539969638,0.0019607843137254832,0.007992073986480327,0.007747810754040373,0.7893705752697887,0.060192260911759374,0.0,0.0,-0.2865259572707705,-0.030253656854303652,0.012947783475902265,0.0,0.0
oft,extra_object,episode_000002,grasp_close,37,37,2,0.9921875,0.9921875,1.0,1,1,1,0.0011651549503963578,4.266968606883733e-05,0.0,0.0011659360019067736,0.0011659360019067736,0.12329021061433955,0.0,0.010830361605121568,0.00014554923771758867,0.0078125,0.013354889491429406,0.010831339579123701,1.1443602934047863,0.34221533226766204,0.009665226080892753,0.00015460948677238563,0.0078125,0.012428823578206004,0.009666462604705483,1.0213659896652987,0.3951118125206388,0.0,0.0016053891037407398,-0.12307727171444681,0.0,0.007062856821572001,0.0,0.0
openvla,extra_object,episode_000002,grasp_close,38,38,,0.9980392156862745,0.9980392156862745,1.0,1,1,1,0.002647111210865454,0.0002271748157764951,0.0,0.002656841387740837,0.002656841387740837,0.2713632175484674,0.0,0.000708551167858189,0.0002573238228125581,0.0019607843137254832,0.0021006987961656918,0.000753830423411043,0.07954512380631706,0.8712285017559771,0.003554855715635693,9.85178689534503e-05,0.0019607843137254832,0.0040609580217533395,0.003556220596291924,0.3623054791096795,0.2331324068852657,0.0,0.0,0.2696714891960195,-0.030253656854303652,0.0,0.0,0.0
oft,extra_object,episode_000002,grasp_close,38,38,3,0.9921875,0.9921875,1.0,1,1,1,0.0012856862526344586,7.055295174315157e-05,0.0,0.00128762061928695,0.00128762061928695,0.13626736609121912,0.0,0.004037475456363697,9.788292771376929e-05,0.0078125,0.008794654363775592,0.004038661799195009,0.4271094141853874,0.7891190152437129,0.0029516125948482286,0.00014554923771758867,0.0078125,0.008352745521124588,0.00295519906108994,0.3130147692047256,0.8748257552065551,0.0,-0.0016053891037401623,-0.1358094032711136,0.008493516581836988,0.007062856821572001,0.0,0.0
openvla,extra_object,episode_000002,lift,39,39,,0.9980392156862745,0.9980392156862745,1.0,1,1,1,0.004797889069693639,0.000243409085602725,0.0,0.00480405948215045,0.00480405948215045,0.48988611020689166,0.0,0.00041225087122887454,0.0002573238228125581,0.0019607843137254832,0.002020109268224803,0.0004859694749835991,0.05367364339917594,0.9421280309006813,0.0055968167950454185,0.00013483472539969638,0.0019607843137254832,0.005931881132105397,0.005598440732960928,0.5704331797826163,0.10926341456251841,0.0,0.0,-0.4887795741677858,-0.030253656854303652,0.012947783475902265,0.0,0.0
oft,extra_object,episode_000002,lift,39,39,4,0.9921875,0.9921875,1.0,1,1,1,0.0013258633911916954,4.266968606883733e-05,0.0,0.0013265498234938467,0.0013265498234938467,0.14024061206293087,0.0,0.002607405997198006,9.788292771376929e-05,0.0078125,0.008236704641527579,0.002609242629914272,0.27643702706804857,0.8996489444733806,0.004321038230771281,9.30546942353908e-05,0.0078125,0.008928336172989134,0.004322040093278432,0.4569945848682837,0.7656653479270252,0.0,-0.0016053891037407398,-0.14005344712333587,0.0,0.007062856821572001,0.0,0.0
openvla,extra_object,episode_000002,lift,40,40,,0.9980392156862745,0.9980392156862745,1.0,1,1,1,0.002647111210865454,0.0002271748157764951,0.0,0.002656841387740837,0.002656841387740837,0.2713632175484674,0.0,0.005043039136614908,0.0002573238228125581,0.0019607843137254832,0.00541693034920779,0.005049599913182876,0.5148399712991424,0.13102469120959515,0.002205739733740847,9.85178689534503e-05,0.0019607843137254832,0.0029529085100047014,0.0022079387544735635,0.22496267695305827,0.4409198641754964,0.0,0.0,0.2696714891960195,-0.030253656854303652,0.0,0.0,0.0
oft,extra_object,episode_000002,lift,40,40,0,0.9921875,0.9921875,1.0,1,1,1,0.0027324469460467534,0.0004235653489318782,0.0,0.0027650811774296994,0.0027650811774296994,0.2963035505722736,0.0,0.009628899404416602,0.0007375028791283732,0.0078125,0.01242154460955227,0.009657101751410567,1.0247740142996238,0.39557501564905,0.006706194628181796,0.0004187013997949526,0.0078125,0.010304538490550881,0.006719252730270281,0.711462943110426,0.5748082186801529,-0.010349380558579467,-0.0032107782074809023,0.28859498195111627,0.016987033163673976,-0.06356571139414798,-0.00788370084281303,0.0
openvla,extra_object,episode_000002,lift,41,41,,0.9980392156862745,0.9980392156862745,1.0,1,1,1,0.0,0.0002271748157764951,0.0,0.0002271748157764951,0.0002271748157764951,0.030253656854303652,0.0,0.0015861246172547653,0.0002573238228125581,0.0019607843137254832,0.002535090131770537,0.001606862424493287,0.16500505161454435,0.5982364055339483,0.0015205974040100895,9.85178689534503e-05,0.0019607843137254832,0.0024832634496841583,0.001523785495266756,0.15527942006451453,0.6234678381234454,0.0,0.0,0.0,-0.030253656854303652,0.0,0.0,0.0
oft,extra_object,episode_000002,lift,41,41,1,0.9921875,0.9921875,1.0,1,1,1,0.00024593391820928225,0.00037280640859269814,0.0,0.00044661852896353923,0.00044661852896353923,0.06421557364375506,0.0,0.004106350881761459,0.0004300525774858037,0.0078125,0.00883641437651864,0.004128808881934993,0.4398146547952467,0.7816780440599208,0.004281327143059818,0.00020674508860397682,0.0078125,0.008911097681406181,0.004286316091652902,0.4536318884015225,0.7686305678716848,-0.010349380558579868,-0.006421556414961805,-0.02546426311333396,0.008493516581836988,-0.05650285457257597,-0.007883700842813078,0.0
openvla,extra_object,episode_000002,lift,42,42,,0.9980392156862745,0.9980392156862745,1.0,1,1,1,0.004136111266977268,0.0002271748157764951,0.0,0.00414234532719562,0.00414234532719562,0.4224464079085212,0.0,0.005156988841834493,0.00023226452970370796,0.0019607843137254832,0.005522060833739145,0.005162216648549724,0.5263333380483946,0.12608321499005454,0.0009459353420411037,0.000221462026988444,0.0019607843137254832,0.002188267402689206,0.0009715138191092549,0.1010968156651638,0.8028952079415065,0.0,0.0,0.42136170186878014,-0.030253656854303652,0.0,0.0,0.0
oft,extra_object,episode_000002,lift,42,42,2,0.9921875,0.9921875,1.0,1,1,1,0.0019686932218948017,8.533937213767466e-05,0.0,0.0019705420092886597,0.0019705420092886597,0.20843734651245627,0.0,0.0019881542144288664,0.00014868245363440852,0.0078125,0.00806287913231806,0.0019937060095134413,0.21184909497772716,0.9388576767344582,0.003881367706186871,0.00015460948677238563,0.0078125,0.008724911209521296,0.0038844458245714214,0.411001898356075,0.8017851876384646,0.0,0.0,-0.20795814875889249,0.0,0.014125713643144001,0.0,0.0
openvla,extra_object,episode_000002,lift,43,43,,0.9980392156862745,0.9980392156862745,1.0,1,1,1,0.0011581111547536369,0.0011166657469917247,0.0,0.0016087771247967782,0.0016087771247967782,0.19981281689689132,0.0,0.006359545753313677,0.0006681321663988329,0.0019607843137254832,0.006688415201317779,0.006394546331075163,0.655131706124424,0.08594353189533929,0.0052690897415316115,0.0016151561235849857,0.0019607843137254832,0.005849505204102279,0.005511083015875168,0.587219104876801,0.11236249767045016,0.0,0.0,0.11798127652325861,-0.07563414213575982,0.1424256182349253,0.0,0.0
oft,extra_object,episode_000002,lift,43,43,3,0.9921875,0.9921875,1.0,1,1,1,0.0018481672770477857,5.618733745656884e-05,0.0,0.0018490211737134557,0.0018490211737134557,0.1954172840123004,0.0,0.0020327197201374637,9.30546942353908e-05,0.0078125,0.008073150864857844,0.0020348485537638843,0.21589269498036393,0.9364701182418126,0.003948374007711223,0.00014554923771758867,0.0078125,0.008754770021843506,0.003951055793755608,0.41799596252023175,0.7963254146968197,0.0,-0.0016053891037401623,-0.1952260172022257,0.008493516581836988,0.0,0.0,0.0
openvla,extra_object,episode_000002,lift,44,44,,0.9980392156862745,0.9980392156862745,1.0,1,1,1,0.005956626576428405,0.0003588847627299789,0.0,0.005967428126415342,0.005967428126415342,0.6079865441047715,0.0,0.011546514940271172,0.0004760696268725084,0.0019607843137254832,0.01172148986607453,0.011556325088692164,1.177220574225886,0.02798298340834838,0.005339185797156587,0.00019645361118438722,0.0019607843137254832,0.005691236607527218,0.005342798798186771,0.5446114530789167,0.1186988100270417,0.019317226165034798,0.0,0.606760850691044,-0.030253656854303652,0.0,0.014158704085288335,0.0
oft,extra_object,episode_000002,lift,44,44,4,0.9921875,0.9921875,1.0,1,1,1,0.0021695856462540324,0.00014110590348630315,0.0,0.002174169439678107,0.002174169439678107,0.2302463826515383,0.0,0.002617782467886393,5.804908989645412e-05,0.0078125,0.00823961837684314,0.0026184260054489187,0.2771815234285229,0.8990127802007829,0.00453605661306878,0.00015460948677238563,0.0078125,0.009035201709998789,0.004538690746279706,0.48005724337791505,0.7476603600224597,0.0,0.0016053891037401623,-0.22917836802000383,0.016987033163673976,0.014125713643144001,0.0,0.0
openvla,extra_object,episode_000002,lift,45,45,,0.9980392156862745,0.9980392156862745,1.0,1,1,1,0.0,0.0006814922528833947,0.0,0.0006814922528833947,0.0006814922528833947,0.09297257439504851,0.0,0.01115401659889941,0.0003434313084520126,0.0019607843137254832,0.011330256240575522,0.011159302458135484,1.1370992475393598,0.02994885231256771,0.011559109576784824,0.0007977152434661198,0.0019607843137254832,0.011751342006031852,0.011586602772934645,1.1834169708499773,0.027840992662589898,0.0,0.0,0.0,-0.015126828427152057,-0.09063448433131602,-0.014158704085288512,0.0
oft,extra_object,episode_000002,lift,45,45,0,0.984375,0.97265625,1.0,1,1,1,0.0008038736613083043,0.0005733703327882255,0.01171875,0.01176027499526975,0.0009874038696839804,0.09640420603394736,0.9929505587491607,0.009618272706238664,0.0003956944364144021,0.015625,0.018352339603946548,0.009626408672946778,1.018392082212127,0.7248650791231308,0.00922005663125738,0.0005834594217731183,0.02734375,0.028862268331559617,0.00923849929265836,0.978798131156293,0.8975429281707287,0.005174690279289734,-0.0016053891037407398,0.08488087704444605,-0.0169870331636745,0.014125713643144001,0.03153480337125222,-0.02402319825179398
openvla,extra_object,episode_000002,lift,46,46,,0.9980392156862745,0.9980392156862745,1.0,1,1,1,0.0018198889574699978,0.00039919496119469807,0.0,0.0018631565781126588,0.0018631565781126588,0.1901556663005545,0.0,0.001460051377279634,0.0003434313084520126,0.0019607843137254832,0.0024686778268686927,0.0014998983591967884,0.1547069116384178,0.6308568384688562,0.0032797331000590578,0.00035860697209982715,0.0019607843137254832,0.00383795821928972,0.0032992799469068403,0.33817077289848463,0.26101121156384194,0.0,0.0,0.18539914882226324,-0.030253656854303652,-0.025895566951804706,-0.014158704085288512,0.0
oft,extra_object,episode_000002,lift,46,46,1,0.98828125,0.98828125,1.0,1,1,1,0.0010048520949690182,5.618733745656884e-05,0.0,0.0010064217553561146,0.0010064217553561146,0.10687546178354422,0.0,0.00797784270176188,0.0002463247277348492,0.01171875,0.014178707684695702,0.007981644570234191,0.843577032648876,0.6831078575031015,0.006973451462074495,0.00021943214671674366,0.01171875,0.013638411832886613,0.0069769030207479325,0.7374383117533552,0.7383035859790724,0.0,-0.009632334622443284,-0.10610109630555738,-0.008493516581836988,0.0,0.0,0.0
openvla,extra_object,episode_000003,hold,0,0,,0.0019607843137254832,0.0019607843137254832,0.0,0,0,0,0.0025974985497102753,0.03686780686197609,0.0,0.03695919616993473,0.03695919616993473,3.21253485398891,0.0,0.0032033921348582255,0.0300623047356627,0.0019607843137254832,0.030296015617808085,0.03023249720399424,3.7860042516047065,0.004188790267598261,0.004273548016133013,0.04554927983856853,0.0019607843137254832,0.04579131775329655,0.04574931809828885,3.332615594081187,0.0018335525636994068,0.5795167849510502,-0.02516122780224117,-0.01685446807475133,2.1631364650827165,1.6702640683913978,1.5857748575522985,0.0
oft,extra_object,episode_000003,hold,0,0,0,0.125,0.0169677734375,0.0,0,0,0,0.0019265829350668783,0.002840374515159693,0.1080322265625,0.10808673103227515,0.003432120218182861,0.6122267081857234,0.9989917221683424,0.0035199759837496666,0.009946211065588677,0.125,0.12544447913514334,0.010550703554143349,1.3197920773475498,0.9929260866412729,0.005344966577098085,0.012590205101714004,0.0169677734375,0.02179420261537117,0.013677789741530645,1.8264182798269544,0.6061327430036048,0.3926296249411106,-0.16696046678901327,-0.08063683319222378,-0.2887795637824602,0.21188570464715994,0.09460441011375645,-0.22146385888372577
openvla,extra_object,episode_000003,hold,1,1,,0.0019607843137254832,0.0019607843137254832,0.0,0,0,0,0.0025974985497102753,0.03686780686197609,0.0,0.03695919616993473,0.03695919616993473,3.21253485398891,0.0,0.002465028970362346,0.03860707602721758,0.0019607843137254832,0.0387353502929951,0.0386856909877035,4.6931914335729665,0.0025623867049481977,0.003837351013837007,0.048666591257367046,0.0019607843137254832,0.04885700607425697,0.048817644017455725,3.1601280024736966,0.001610667692400625,0.5795167849510502,-0.02516122780224117,-0.01685446807475133,2.1631364650827165,1.6702640683913978,1.5857748575522985,0.0
oft,extra_object,episode_000003,hold,1,1,1,0.1513671875,0.0128173828125,0.0,0,0,0,0.001883569243074846,0.0007748005214211006,0.1385498046875,0.13856477376261922,0.002036700503621472,0.4377849249520067,0.9997839527873881,0.002558111681945643,0.02085877762514674,0.1513671875,0.15281903674298167,0.021015055065181937,2.3292485173993986,0.9810893634067166,0.004367379338534904,0.01641873105049461,0.0128173828125,0.02128224691514756,0.016989665435056027,1.7959320911956633,0.36271352982540084,0.28460796536093697,-0.05779400773465855,-0.14960254579083598,-0.05096109949102245,0.010594285232358055,0.039418504214065245,-0.2840242709977726
openvla,extra_object,episode_000003,alignment,2,2,,0.0019607843137254832,0.0019607843137254832,0.0,0,0,0,0.002721015160927835,0.023446276995448285,0.0,0.02360364015259694,0.02360364015259694,3.2843440258070062,0.0,0.022107088297336208,0.474497585891742,0.0019607843137254832,0.47501634397692283,0.47501229707248355,60.862661338289314,1.7038938772651045e-05,0.02069171659480959,0.4574280159344503,0.0019607843137254832,0.4578999689588247,0.4578957707790799,58.239349715094235,1.833658346472612e-05,0.5795167849510502,-0.02516122780224117,-0.0842723403737563,2.6018144894701205,1.9162719544335418,-0.04247611225586509,0.0
oft,extra_object,episode_000003,alignment,2,2,2,0.291015625,0.012451171875,0.0,0,0,0,0.003158654309762905,0.0029609494170852934,0.278564453125,0.2785980955845345,0.0043294709260048745,0.8628467571387392,0.9997585020946003,0.023441805561276452,0.46469229462544265,0.291015625,0.5487973587093623,0.4652831900383162,66.45891179034892,0.28119564472836844,0.020654986378649785,0.4654236329156612,0.012451171875,0.4660480857377006,0.46588173020490337,66.40328596189929,0.0007137711650051053,0.4450233640189195,-0.2632838130134438,-0.2511943455034071,-0.2165846728368453,0.14831999325301204,0.13796476474922836,-0.5710514417770195
openvla,extra_object,episode_000003,alignment,3,3,,0.0019607843137254832,0.0019607843137254832,0.0,0,0,0,0.002721015160927835,0.023446276995448285,0.0,0.02360364015259694,0.02360364015259694,3.2843440258070062,0.0,0.021787949905181344,0.4818995105577229,0.0019607843137254832,0.48239578948407974,0.4823918044876422,59.077450288338824,1.6521620066693253e-05,0.02066858544987772,0.4708860242933536,0.0019607843137254832,0.47134348725152087,0.47133940881205727,57.092111276182315,1.7305518921720377e-05,0.5795167849510502,-0.02516122780224117,-0.0842723403737563,2.6018144894701205,1.9162719544335418,-0.04247611225586509,0.0
oft,extra_object,episode_000003,alignment,3,3,3,0.5078125,0.029296875,0.0,1,0,0,0.0042134802430120275,0.010982735533893213,0.478515625,0.4786601897637888,0.011763243411818584,1.6972907535209452,0.9993960519960376,0.023864505073913134,0.47075388031396,0.5078125,0.6928580414409022,0.47135838852519957,64.4518255758487,0.5371780400612809,0.02052872774182101,0.4805598219641336,0.029296875,0.4818894873657893,0.480998098903621,65.04879748335283,0.0036961338656912,0.6351932317828182,-0.4559305054623051,-0.3051732782488592,-0.7729100089471743,0.595045687217441,0.5124405547828481,-0.9809472619482542
openvla,extra_object,episode_000003,alignment,4,4,,0.0019607843137254832,0.0019607843137254832,0.0,0,0,0,0.0024252135276572355,0.0216621809219595,0.0,0.021797516898730412,0.021797516898730412,2.9861250807766755,0.0,0.022029073257327562,0.4941594712112108,0.0019607843137254832,0.49465412939896214,0.4946502431580522,58.90060427242377,1.5712900844516114e-05,0.020813116855590133,0.47957808656107104,0.0019607843137254832,0.48003351093225516,0.4800295063252077,56.59131946699089,1.668462827025003e-05,0.5215651064559452,0.025161227802241504,-0.06741787229900498,2.6320681463244244,1.3077261310661337,-0.04247611225586509,0.0
oft,extra_object,episode_000003,alignment,4,4,4,0.66796875,0.0390625,0.0,1,0,0,0.0049890495793169605,0.013576871039245621,0.62890625,0.6290725660303298,0.014464509771201693,2.1121617226480778,0.9994713040951003,0.023894381996157496,0.4840914563348336,0.66796875,0.8252864536413529,0.48468080175240935,64.48151903308893,0.655092846377776,0.019473924748350174,0.4885778753430822,0.0390625,0.49052365174995877,0.4889658209117124,64.0598251094824,0.006341619255672092,0.7179882762514542,-0.6549987543261286,-0.35659915336445946,-0.8578451747655447,0.7539599657028109,0.6504053195320766,-1.289244972846277
openvla,extra_object,episode_000003,alignment,5,5,,0.0019607843137254832,0.0019607843137254832,0.0,0,0,0,0.0023022437868655088,0.024135439276691695,0.0,0.02424499444283362,0.02424499444283362,3.2561196840781546,0.0,0.02201649827385665,0.4876705611541991,0.0019607843137254832,0.4881712272223949,0.48816728937188547,57.73174029067447,1.6133005828447997e-05,0.020702907120369443,0.47957607991640017,0.0019607843137254832,0.4800267403659311,0.48002273570239995,56.38732984818137,1.668509893227551e-05,0.4636134279608398,-0.050322455604482674,-0.10112680844850729,3.176633969701891,0.5308591225119945,-0.04247611225586509,0.0
oft,extra_object,episode_000003,alignment,5,5,0,0.16015625,0.0260009765625,0.0,0,0,0,0.002187510868282386,0.005122813063708036,0.1341552734375,0.1342708673114721,0.005570315743703517,0.7671328151619505,0.9982789398941659,0.022313418206827033,0.4835749325411156,0.16015625,0.509894722887264,0.48408945868942166,64.39275416720939,0.09865673718952453,0.02074249586108833,0.48813596935328313,0.0260009765625,0.4892678473936544,0.4885764788761496,64.61500196262267,0.0028241383364029826,0.38551442580708695,-0.2375975873535957,-0.12944333749277984,-0.3312471466916457,0.35667426948938596,0.232569174862985,-0.27501557165334983
openvla,extra_object,episode_000003,alignment,6,6,,0.0019607843137254832,0.0019607843137254832,0.0,0,0,0,0.010932885881605734,0.02812902469559886,0.0,0.03017896658313244,0.03017896658313244,4.928279110994657,0.0,0.022098065207936817,0.47564181023621827,0.0019607843137254832,0.47615890289465956,0.4761548657009827,58.4504922778215,1.695726589293381e-05,0.015708133204016487,0.45945707721115076,0.0019607843137254832,0.4597296987614499,0.4597255172906639,55.92915227036174,1.8190914274099595e-05,1.8544537118433602,-2.5916064636308684,-0.23596255304651723,3.7211997930793586,0.47906798860838556,0.0,0.0
oft,extra_object,episode_000003,alignment,6,6,1,0.2490234375,0.02099609375,0.0,0,0,0,0.0035358930118628384,0.009657035663316558,0.22802734375,0.22825912988284736,0.010284010754268411,1.2353768538958088,0.9979701276426562,0.023421845568267322,0.47792031801222884,0.2490234375,0.5394155037103124,0.4784939009211441,65.51758544159591,0.21312460836609706,0.020216544838794648,0.47745195286381187,0.02099609375,0.4783407905786893,0.4778797714683963,64.70867227049304,0.0019266470977484117,0.564688076727495,-0.3596071592378746,-0.24509353246583768,-0.4883772034556315,0.577388545163511,0.4769639009901893,-0.4674513993161579
openvla,extra_object,episode_000003,alignment,7,7,,0.0019607843137254832,0.0019607843137254832,0.0,0,0,0,0.0025347226254453107,0.013130049013863655,0.0,0.013372471944050071,0.013372471944050071,2.0028957262390175,0.0,0.021883751099131606,0.469840718189432,0.0019607843137254832,0.47035416837321103,0.4703500813552922,59.785248995937756,1.7378394567767224e-05,0.02024579428294843,0.45594113460794156,0.0019607843137254832,0.45639462648989365,0.45639041446301715,57.608743362154016,1.8457743346660846e-05,0.5215651064559452,0.0,-0.10112680844850729,-0.015126828427152057,1.9292197379094438,-0.08495222451173036,0.0
oft,extra_object,episode_000003,alignment,7,7,2,0.50390625,0.0341796875,0.0,1,0,0,0.005096467273230524,0.014300025955535927,0.4697265625,0.46997181643058394,0.01518106455411184,1.9432360431150528,0.9989565759930491,0.02488429813321248,0.46371396510500545,0.50390625,0.685252784391316,0.4643811685748991,66.39975481399716,0.5407516735613449,0.02013483589986357,0.4650554476229256,0.0341796875,0.4667442897541135,0.4654911180468153,65.56747842763156,0.005362633891988436,0.7205756213910993,-0.5683077427241411,-0.38620799055222876,-0.8111308335654407,0.8475428185886401,0.6937656741675483,-0.9629298632594088
openvla,extra_object,episode_000003,alignment,8,8,,0.0019607843137254832,0.0019607843137254832,0.0,0,0,0,0.0043745068244859684,0.013066675573651817,0.0,0.013779489123495955,0.013779489123495955,1.8608521756376148,0.0,0.024473089520792815,0.45867001066856716,0.0019607843137254832,0.45932663266190127,0.4593224475217777,60.52322176853822,1.8222853889068942e-05,0.02061701205776606,0.44959072809732353,0.0019607843137254832,0.4500674712222564,0.45006319998114885,59.2426236200806,1.8980357893308886e-05,0.5408823326209802,-0.07548368340672418,-0.3707982976445268,1.7395852691224643,0.025895566951804724,-0.014158704085288246,0.0
oft,extra_object,episode_000003,alignment,8,8,3,0.62890625,0.06005859375,0.0,1,0,0,0.0040650577485833,0.011309441653356136,0.56884765625,0.5689745901058572,0.012017826967051237,1.7747839528846336,0.9995538651494087,0.02518464781212018,0.4538943036056028,0.62890625,0.776000886996979,0.4545924607063294,67.80805939621861,0.6568215390439521,0.021367884719658805,0.45487846746227056,0.06005859375,0.45932346047360145,0.45538006835852685,67.23056108978317,0.017096730353041628,0.5695393488643291,-0.44950894904734306,-0.3106109594345192,-0.6455072602196179,0.6709713980493399,0.5479172085755069,-1.1661260818058328
openvla,extra_object,episode_000003,alignment,9,9,,0.0019607843137254832,0.0019607843137254832,0.0,0,0,0,0.0029647833222790562,0.030683763418074803,0.0,0.03082666504253176,0.03082666504253176,3.82909151003885,0.0,0.023517719790041375,0.41897972068305434,0.0019607843137254832,0.4196438182112279,0.4196392373072055,57.555320800085106,2.1832224475285782e-05,0.02137632656706121,0.44028954879656484,0.0019607843137254832,0.4408125211380789,0.4408081602205026,59.82734216385389,1.9785717492540483e-05,0.5215651064559452,-0.07548368340672418,-0.1853991488222636,-3.7211997930793586,0.3107468034216554,0.6371416838379771,0.0
oft,extra_object,episode_000003,alignment,9,9,4,0.75390625,0.0673828125,0.0,1,0,0,0.004215943913903773,0.009418545138281019,0.6865234375,0.686600985589464,0.01031906854357598,1.8258792623616775,0.9997741229279876,0.02451356089413927,0.42142171863044064,0.75390625,0.864043872375823,0.422134077753911,64.75618161521503,0.761312741245955,0.02048328019252561,0.4247559879800164,0.0673828125,0.43055505746969863,0.4252495903493916,64.76290558486689,0.024492937721463152,0.43111638389332824,-0.5683077427241411,-0.3564996835866729,-0.4076887959281796,0.5720914025473319,0.47302205056878294,-1.4073590309175974
openvla,extra_object,episode_000003,alignment,10,10,,0.0019607843137254832,0.0019607843137254832,0.0,0,0,0,0.004422851490737088,0.012911345206777095,0.0,0.013647873473830315,0.013647873473830315,0.9773107963794323,0.0,0.024537986743006602,0.4341236742094624,0.0019607843137254832,0.43482102292512076,0.43481660191685806,59.75645123510564,2.0334737993117828e-05,0.020216446577547172,0.4261843580139752,0.0019607843137254832,0.42666808692838976,0.4266635814409369,58.3295355777049,2.1119290626951587e-05,0.5601995587860152,-0.07548368340672418,-0.3707982976445268,0.0,0.27190345299394864,0.6513003879232654,0.0
oft,extra_object,episode_000003,alignment,10,10,0,0.81640625,0.1953125,0.0,1,0,0,0.003681689706938042,0.009701891907409835,0.62109375,0.6211804309818072,0.010376971893632457,1.7637234176822587,0.9997209347569564,0.026601514920011834,0.41365971943082763,0.81640625,0.9156097253277147,0.414514178377086,64.28126876622873,0.7950452507812797,0.022576695526112297,0.40715866572693876,0.1953125,0.45214473226354174,0.4077841172206439,62.92169835815421,0.18659720195937313,0.4825398685437704,-0.44308739263238095,-0.2880644764695883,-0.6540007768014549,0.589748544601262,0.44937094804034367,-1.273229507345081
openvla,extra_object,episode_000003,alignment,11,11,,0.0019607843137254832,0.0019607843137254832,0.0,0,0,0,0.0023264183221239935,0.0308430846888892,0.0,0.030930698267829418,0.030930698267829418,3.7980461745289658,0.0,0.023621838615459672,0.3888774103426182,0.0019607843137254832,0.38959912244444395,0.3895941882707645,53.05364202560838,2.5329330330559717e-05,0.021547711340526014,0.41666483357668394,0.0019607843137254832,0.41722623608616144,0.41722162863818596,56.56135328111596,2.208596745283537e-05,0.2511239401454553,-0.1761285946156902,-0.20225361689701457,-3.7211997930793586,0.0,0.6654590920085539,0.0
oft,extra_object,episode_000003,alignment,11,11,1,0.8671875,0.35546875,0.0,1,0,0,0.0030695062214282595,0.005604260829537784,0.51171875,0.5117586430236928,0.006389804996154289,1.2596603688745776,0.9998441004588787,0.027236707054298547,0.38945806971310987,0.8671875,0.9510171325649571,0.3904093060825051,60.055012705965396,0.8314752696468216,0.024344125365282958,0.3926156255664334,0.35546875,0.5301864748419041,0.39336963009200704,60.437773800099066,0.44951642463907754,0.2509724785455535,-0.19906824886382343,-0.29668519054441467,-0.3567276964371572,0.31076570014916804,0.26804582865564364,-1.0490129903283372
openvla,extra_object,episode_000003,alignment,12,12,,0.0019607843137254832,0.0019607843137254832,0.0,0,0,0,0.00033829173405853233,0.019282900326957113,0.0,0.01928586752823671,0.01928586752823671,2.2543335230546058,0.0,0.023944585708706178,0.39893264556192215,0.0019607843137254832,0.39965540601238053,0.399650595995797,53.55649491363263,2.407067471567015e-05,0.024344023769898727,0.42302664547644325,0.0019607843137254832,0.423731069136412,0.4237265324196277,56.72031621731883,2.141307460479824e-05,0.019317226165034992,-0.12580613901120752,0.0,-2.102629151374109,0.6085458233674086,0.52387205115567,0.0
oft,extra_object,episode_000003,alignment,12,12,2,0.94921875,0.57421875,0.0,1,1,0,0.004466480237783731,0.0038268630619430317,0.375,0.3750461229323793,0.005881694195499849,1.008959110502201,0.9997540564028,0.030276666820344487,0.3869777163421582,0.94921875,1.0255167794096323,0.38816031417333485,58.927529299481165,0.8567361163143605,0.026652255361356677,0.397623203285576,0.57421875,0.6989576005441904,0.3985154382290973,60.49122942899607,0.6749212081317439,0.17335212435620667,-0.15251196485534893,-0.4626007798922303,-0.2802860472006232,0.22601141829030397,0.17344141854188708,-0.7687423440574074
openvla,extra_object,episode_000003,alignment,13,13,,0.0019607843137254832,0.0019607843137254832,0.0,0,0,0,0.0,0.01390691283890207,0.0,0.01390691283890207,0.01390691283890207,1.403456654066871,0.0,0.0239062397059752,0.39414823579114033,0.0019607843137254832,0.39487743003275444,0.3948725618147555,52.830197831961975,2.465670418169761e-05,0.022950490734070184,0.37122869767055616,0.0019607843137254832,0.37194262416969204,0.3719374557625406,49.76115501131749,2.7791228572708343e-05,0.0,0.0,0.0,1.1950194457449974,0.5308591225119945,0.5097133470703816,0.0
oft,extra_object,episode_000003,alignment,13,13,3,0.97265625,0.61328125,0.0,1,1,0,0.006241641481824102,0.004086803433811448,0.359375,0.35945243172872576,0.007460566378917918,1.080883319370192,0.9995692148285381,0.031191924063720778,0.37664340695402454,0.97265625,1.0435005379935338,0.37793278784557954,57.28843071883097,0.8688272004425988,0.02444874547308631,0.36390267952755284,0.61328125,0.7135382210674514,0.36472304742439926,55.27766393236803,0.7387285633816485,0.15006601809940268,-0.14609040844038654,-0.6541132587237614,-0.24631198087327474,0.23307427511187598,0.19709252107032624,-0.7367114130550154
openvla,extra_object,episode_000003,alignment,14,14,,0.0019607843137254832,0.0019607843137254832,0.0,0,0,0,0.0,0.00906867731018084,0.0,0.00906867731018084,0.00906867731018084,1.2106988157753857,0.0,0.023634289855819453,0.39484779953203497,0.0019607843137254832,0.39555936233061645,0.3955545025053804,53.69856754052623,2.4571762648500845e-05,0.024083018192646927,0.39356650260936266,0.0019607843137254832,0.39430753025596377,0.39430265500175476,53.538668696813055,2.4728029245647253e-05,0.0,0.0,0.0,1.1950194457449974,0.19421675213853468,0.0,0.0
oft,extra_object,episode_000003,alignment,14,14,4,0.98046875,0.5625,0.0,1,1,0,0.007158517626664263,0.0029739136688697538,0.41796875,0.4180406254345188,0.007751679632257341,1.1888585440442376,0.9996561613813232,0.03199114230640749,0.3784570101127005,0.98046875,1.0514618925173065,0.37980671622486284,58.333655972503486,0.869521725267883,0.025876244913681408,0.3864853447517056,0.5625,0.6829690708653486,0.38735061863727227,59.448963573546294,0.6783330547528327,0.09314442502721561,-0.13003651740298086,-0.7538482892509849,-0.16987033163674184,0.190697134182444,0.1419066151706349,-0.8568274043139853
openvla,extra_object,episode_000003,alignment,15,15,,0.0019607843137254832,0.0019607843137254832,0.0,0,0,0,0.012904956250461161,0.0006938722395395797,0.0,0.012923596810142301,0.012923596810142301,1.3184726838765173,0.0,0.015500316507242212,0.39909235605001175,0.0019607843137254832,0.39939806352121815,0.3993932504053793,55.35633673860814,2.4101703423966937e-05,0.023969670955250873,0.39636041627646157,0.0019607843137254832,0.39708937204573713,0.3970845309459346,54.98007475626198,2.4382774424579712e-05,0.019317226165034798,0.0,1.3146485098305953,-0.06050731370860777,0.07768670085541396,0.0,0.0
oft,extra_object,episode_000003,alignment,15,15,0,0.474609375,0.369140625,0.0,0,0,0,0.0014949126966434419,0.0020993115164242696,0.10546875,0.10550023269820819,0.0025771831160352836,0.3646801833125129,0.9994032619649953,0.024202578058444706,0.4009540175226126,0.474609375,0.6217748368904046,0.4016838171400469,62.61841756431528,0.5826481082914206,0.02486390941224586,0.398811718576945,0.369140625,0.543997979675428,0.39958603687510996,62.222630224300296,0.46045703517033404,0.11901787642366468,-0.11077184815809488,0.14404881653109197,-0.1189092321457194,0.12006856596672405,0.10248811095656968,-0.21620878426614584
openvla,extra_object,episode_000003,alignment,16,16,,0.0019607843137254832,0.0019607843137254832,0.0,0,0,0,0.0001654444506790885,0.0005245854191360779,0.0,0.0005500561137108467,0.0005500561137108467,0.07385129639190048,0.0,0.024110605643980227,0.4187657543781693,0.0019607843137254832,0.41946385186278173,0.41945926899335145,58.381731714129586,2.1850962245231967e-05,0.02413915384962182,0.416225647306677,0.0019607843137254832,0.4169296498206417,0.41692503909508477,58.0350853292581,2.2117400690783476e-05,0.0,0.0,0.016854468074750977,-0.06050731370860777,-0.03884335042770717,0.0,0.0
oft,extra_object,episode_000003,alignment,16,16,1,0.5703125,0.46484375,0.0,1,0,0,0.00033386517107911455,0.0015496709611609878,0.10546875,0.10548066255291927,0.0015852274411974157,0.27070406209712794,0.9997741409666272,0.025812815217020283,0.4199494142186033,0.5703125,0.7087172635037375,0.4207419778581359,65.68483343212525,0.6475596167742284,0.02551566715491848,0.41824341518285707,0.46484375,0.6258261064610862,0.41902100617293675,65.38917919535851,0.5517046449598,0.05433424793254281,-0.07866406608328529,-0.0023872746668751163,-0.09342868240020791,0.04943999775100397,0.07883700842813049,-0.21620878426614584
openvla,extra_object,episode_000003,alignment,17,17,,0.0019607843137254832,0.0019607843137254832,0.0,0,0,0,0.0001654444506790885,0.0005245854191360779,0.0,0.0005500561137108467,0.0005500561137108467,0.07385129639190048,0.0,0.015902176765959578,0.1622245932573822,0.0019607843137254832,0.1630139336331219,0.1630021407326263,22.411246441283502,0.00014468056400390557,0.01672478549090134,0.18225799044960514,0.0019607843137254832,0.1830342541918588,0.1830237512795676,25.17791686003482,0.00011476115219339914,0.0,0.0,0.016854468074750977,-0.06050731370860777,-0.03884335042770717,0.0,0.0
oft,extra_object,episode_000003,alignment,17,17,2,0.61328125,0.625,0.0,1,1,0,0.00010699494690684426,0.0006055061859363457,0.01171875,0.011734870566920233,0.0006148867049065045,0.06255951392896525,0.9972544231895446,0.01837929383318832,0.16330460388597118,0.61328125,0.6349173833607984,0.16433560810780062,25.284299021473654,0.9330070785739393,0.01900530096763057,0.18367112752647358,0.625,0.6517064404712573,0.1846517927118942,28.41474698738597,0.9197208009301814,0.0155240708378692,-0.027291614763588535,0.001591516444583533,-0.03397406632734847,0.014125713643144001,0.03153480337125217,0.02402319825179398
openvla,extra_object,episode_000003,descent_to_grasp,18,18,,0.0019607843137254832,0.0019607843137254832,0.0,0,0,0,0.0001654444506790885,0.0005245854191360779,0.0,0.0005500561137108467,0.0005500561137108467,0.07385129639190048,0.0,0.012570933542104677,0.00017850238179219235,0.0019607843137254832,0.012724185960023919,0.012572200810531063,1.2837940117169762,0.02374650135221944,0.012648706872297329,0.00048720199093863224,0.0019607843137254832,0.012809052519457798,0.01265808640045075,1.293254926309319,0.02343287819869515,0.0,0.0,0.016854468074750977,-0.06050731370860777,-0.03884335042770717,0.0,0.0
oft,extra_object,episode_000003,descent_to_grasp,18,18,3,0.76953125,0.828125,0.0,1,1,0,0.0017581421431292746,0.0002811251816183701,0.05859375,0.058620795237063164,0.0017804761057613663,0.22208517200578504,0.9990774946613821,0.015936292250507574,0.0003753359263602519,0.76953125,0.7696963368850821,0.015940711645067933,2.3084692347865774,0.9995710797284717,0.01760675938306647,0.0004948460944718501,0.828125,0.8283122952568255,0.017613711949229022,2.5195851146420627,0.999547817694839,-0.005174690279289734,-0.009632334622443284,0.18567691853472523,0.0,-0.007062856821572036,0.01576740168562611,0.1201159912589699
openvla,extra_object,episode_000003,descent_to_grasp,19,19,,0.0019607843137254832,0.0019607843137254832,0.0,0,0,0,0.00017790744295253637,0.00011358740788824581,0.0,0.0002110761888245112,0.0002110761888245112,0.033852347287352993,0.0,0.01241745781101005,0.00037940974005645203,0.0019607843137254832,0.012577038020297788,0.012423252804280535,1.269104120067692,0.02430540713372049,0.012688525760862972,0.00035860697209982715,0.0019607843137254832,0.012844141079475645,0.012693592278961928,1.2959416518335949,0.023305021794811837,0.0,0.02516122780224117,0.016854468074750977,-0.015126828427151595,0.0,0.0,0.0
oft,extra_object,episode_000003,descent_to_grasp,19,19,4,0.890625,0.87890625,0.0,1,1,0,0.0026117878367503218,0.00030275309296817255,0.01171875,0.012010087289524532,0.002629276542986439,0.2781798694547508,0.9520730043110683,0.015011985810877688,0.0002679487146909806,0.890625,0.8907515490525401,0.015014376926789122,2.4197261204795355,0.9997158802288604,0.017728721068790695,0.0002464884306081445,0.87890625,0.8790850724454056,0.01773043449217776,2.6001163271827332,0.9995932037453827,0.005174690279289734,-0.009632334622443284,0.27586285039444913,-0.016987033163673976,0.007062856821572001,0.01576740168562611,-0.02402319825179398
openvla,extra_object,episode_000003,descent_to_grasp,20,20,,0.0019607843137254832,0.0019607843137254832,0.0,0,0,0,0.016875555044848244,0.00011358740788824581,0.0,0.016875937312366796,0.016875937312366796,1.7193308137186722,0.0,0.00430845133686173,0.00037940974005645203,0.0019607843137254832,0.004748829308146087,0.004325124815881656,0.4537061219756985,0.17048513924228695,0.012706325087180406,0.00035860697209982715,0.0019607843137254832,0.012861725051737837,0.012711384510805609,1.2983840211841018,0.023241342198395343,0.019317226165034798,0.0,1.7191557436246245,-0.015126828427151595,0.0,0.0,0.0
oft,extra_object,episode_000003,descent_to_grasp,20,20,0,0.1787109375,0.30859375,0.0,0,0,0,0.0035289432516906892,0.0015593756629843235,0.1298828125,0.12994010187714228,0.003858120388474296,0.4808395402038462,0.9991184130666478,0.009162384354792295,0.0022894501487069905,0.1787109375,0.17896030300370322,0.00944409175349102,1.0686597147130785,0.9972151168160832,0.012762000123093335,0.0037247568272643825,0.30859375,0.30887998478312995,0.013294452247613924,1.5281154182982977,0.9981474865816518,0.10608115072544014,-0.05297784042343691,0.3692318151433397,-0.03397406632734795,0.03531428410786004,0.08672070927094352,0.2662571139573833
openvla,extra_object,episode_000003,descent_to_grasp,21,21,,0.0019607843137254832,0.0019607843137254832,0.0,0,0,0,0.010919675403974332,0.0006938722395395797,0.0,0.010941698662134946,0.010941698662134946,1.1169117742926047,0.0,0.0019815272510103955,0.00015829896055952945,0.0019607843137254832,0.0027921647394741874,0.0019878402368930562,0.22405989684388272,0.49314833491705806,0.01270022560888603,0.0006232875799442408,0.0019607843137254832,0.01286580324149523,0.012715510918713304,1.2992156124273806,0.023226610497641933,0.019317226165034798,0.0,1.1123948929335807,-0.06050731370860777,-0.07768670085541396,0.0,0.0
oft,extra_object,episode_000003,descent_to_grasp,21,21,1,0.263671875,0.421875,0.0,0,0,0,0.0023985128404936844,0.0009161695742982659,0.158203125,0.15822395833217076,0.0025675339403565724,0.42772013037732043,0.9997366775445514,0.01175007369343509,0.0006540469522620851,0.263671875,0.2639343662262127,0.011768262795201281,1.3605401888649047,0.998011924691919,0.013957705183271935,0.0010365914840404472,0.421875,0.4221071045136387,0.013996144322202505,1.7179590937642404,0.9989005600835853,0.09831911530650535,-0.009632334622443284,0.24933757631805958,-0.04246758290918494,0.042377140929432004,0.04730220505687827,0.32431317639921875
openvla,extra_object,episode_000003,descent_to_grasp,22,22,,0.0019607843137254832,0.9980392156862745,0.0,0,1,0,0.0011581111547536369,0.0001433237079538544,0.996078431372549,0.9960791149345166,0.0011669460707446784,2.046656733528473,0.9999986274951,0.021640157572277094,0.00019645361118438722,0.0019607843137254832,0.021729696014884354,0.021641049276186427,2.206710828140879,0.008142398360917234,0.023875896896466752,0.0002939529093453058,0.9980392156862745,0.9983248073190396,0.02387770635809946,3.1810209931213445,0.9994279401233944,0.0,0.0,0.11798127652325861,-0.015126828427152057,-0.012947783475902265,0.0,2.043156317380581
oft,extra_object,episode_000003,descent_to_grasp,22,22,2,0.37890625,0.5703125,0.0,0,1,0,0.0012126190463548259,0.0006186868087065112,0.19140625,0.19141109099887957,0.0013613296143292902,0.4181146919004192,0.9999494184204564,0.013442962760614626,0.00032322321010077915,0.37890625,0.37914477974790756,0.01344684799597361,1.6207793445091037,0.9987421442781749,0.01571896593051939,0.0007768385768611012,0.5703125,0.570529610996966,0.015738150085042677,2.0340830011967888,0.9992390589979663,0.03622283195502814,-0.024080836556107633,0.12679081008514112,-0.025480549745510964,0.03531428410786004,0.03153480337125222,0.3923789047793017
openvla,extra_object,episode_000003,descent_to_grasp,23,23,,0.9980392156862745,0.9980392156862745,0.0,1,1,0,0.009926667040745456,0.00046268042288734383,0.0,0.009937443922435254,0.009937443922435254,1.0131593748306733,0.0,0.012352893655794424,0.00027329504652911504,0.9980392156862745,0.9981156970609809,0.012355916471627003,2.4044285447743197,0.9998467543498017,0.021767811680064905,0.0002375137576342896,0.9980392156862745,0.9982765999891001,0.021769107425979494,3.0190103823622154,0.9995244683116226,0.0,0.0,1.0112680844850737,-0.06050731370860777,-0.012947783475902265,0.0,0.0
oft,extra_object,episode_000003,descent_to_grasp,23,23,3,0.58203125,0.7890625,0.0,1,1,0,0.0013867120592345843,0.00029605825602076836,0.20703125,0.20703610578203185,0.0014179636194855917,0.44970627401272567,0.9999530929634687,0.014345008223117357,0.0003477896080105521,0.58203125,0.5822081038555674,0.014349223621253687,1.9299836949368145,0.9993925642962364,0.01522117713914466,0.00022926420279590834,0.7890625,0.7892093294569102,0.015222903651271779,2.2818603979151466,0.99962794206076,0.005174690279289734,-0.011237723726183447,0.1464195129016689,-0.008493516581836988,0.014125713643144001,0.01576740168562606,0.42440983578169367
openvla,extra_object,episode_000003,descent_to_grasp,24,24,,0.9980392156862745,0.9980392156862745,0.0,1,1,0,0.008768555885991819,0.0002271748157764951,0.0,0.008771498202854793,0.008771498202854793,0.8937989735011259,0.0,0.012764530346024636,0.0008321883428911208,0.9980392156862745,0.9981211859388952,0.012791628996833346,2.429541961369691,0.999835757645684,0.021202159461993015,0.0007975134223071923,0.9980392156862745,0.9982647162156862,0.021217153284796245,2.9792219829090314,0.9995482659933622,0.0,0.0,0.8932868079618149,-0.030253656854303652,0.0,0.0,0.0
oft,extra_object,episode_000003,descent_to_grasp,24,24,4,0.8125,0.88671875,0.0,1,1,0,0.002349457768644629,0.0002200770323207242,0.07421875,0.07425625385965347,0.0023597427204675716,0.29290794510926565,0.9989901351911546,0.014062538577442777,0.00033287496734535083,0.8125,0.8126217544448253,0.014066477774693689,2.2335420631933527,0.9997003641042698,0.016079999440667438,0.00029846548104948907,0.88671875,0.8868645877839625,0.01608276915382557,2.4891646876290605,0.9996711430469929,0.015524070837869603,-0.0016053891037401623,0.24807762579943132,0.0,0.028251427286288003,0.00788370084281303,0.1521469222613619
openvla,extra_object,episode_000003,descent_to_grasp,25,25,,0.9980392156862745,0.9980392156862745,1.0,1,1,1,0.0024816667601863657,0.0,0.0,0.0024816667601863657,0.0024816667601863657,0.2528170211212686,0.0,0.022160430325655445,0.00016920937096997742,0.0019607843137254832,0.02224765109296722,0.022161076328316133,2.258627127121942,0.007767679857429959,0.01996294376250782,0.00016920937096997742,0.0019607843137254832,0.020059721598298063,0.01996366087360417,2.034934320211441,0.009554541369497127,0.0,0.0,-0.2528170211212686,0.0,0.0,0.0,0.0
oft,extra_object,episode_000003,descent_to_grasp,25,25,0,0.90625,0.91796875,1.0,1,1,1,0.0005338884924956505,0.0,0.01171875,0.011730905271330055,0.0005338884924956505,0.062389049881198325,0.9979287235631642,0.013131613532114495,0.00027108782446953246,0.09375,0.09466559703802321,0.01313441139013805,1.402826002328772,0.9807497278646964,0.013947035670890224,0.00027108782446953246,0.08203125,0.08320888936391448,0.01394966998224904,1.4848564176517225,0.9718946876601463,0.005174690279289734,0.011237723726184024,0.05623358104194539,0.0,0.0,0.0,0.02402319825179398
openvla,extra_object,episode_000003,grasp_close,26,26,,0.9980392156862745,0.9980392156862745,1.0,1,1,1,0.0029780001122236346,0.0,0.0,0.0029780001122236346,0.0029780001122236346,0.30338042534552184,0.0,0.010228287087725859,0.00016920937096997742,0.0019607843137254832,0.010415909162675886,0.010229686630594486,1.0422285548241617,0.03543767984746381,0.0072503088707295445,0.00016920937096997742,0.0019607843137254832,0.007512675000101861,0.007252283125485628,0.7389461347874112,0.06811934206545757,0.0,0.0,-0.30338042534552184,0.0,0.0,0.0,0.0
oft,extra_object,episode_000003,grasp_close,26,26,1,0.98046875,0.984375,1.0,1,1,1,0.0006232257107044527,0.00013893403617431903,0.00390625,0.003958093229749744,0.0006385240425314908,0.06701286435247844,0.9739754954558318,0.003960056736296901,0.00035004797064261444,0.01953125,0.019931741256070466,0.003975497822467203,0.42321101257674526,0.9602174553990797,0.004582917526752439,0.0003035172493873473,0.015625,0.01628606400508393,0.0045929571931044985,0.4876927848678799,0.9204660556639713,0.005174690279290135,0.0032107782074809023,0.06578267970944549,0.0,0.0,0.00788370084281303,0.008007732750597994
openvla,extra_object,episode_000003,grasp_close,27,27,,0.9980392156862745,0.9980392156862745,1.0,1,1,1,0.0029780001122236346,0.0,0.0,0.0029780001122236346,0.0029780001122236346,0.30338042534552184,0.0,0.010228287087725859,0.00016920937096997742,0.0019607843137254832,0.010415909162675886,0.010229686630594486,1.0422285548241617,0.03543767984746381,0.0072503088707295445,0.00016920937096997742,0.0019607843137254832,0.007512675000101861,0.007252283125485628,0.7389461347874112,0.06811934206545757,0.0,0.0,-0.30338042534552184,0.0,0.0,0.0,0.0
oft,extra_object,episode_000003,grasp_close,27,27,2,0.984375,0.984375,1.0,1,1,1,0.0004823460201774616,4.266968606883733e-05,0.0,0.0004842296823721666,0.0004842296823721666,0.05164101274831925,0.0,0.006893067676679679,0.00031875860436862246,0.015625,0.01708088446314023,0.0069004339749863,0.730200178209544,0.8367955112198289,0.007375189464612135,0.00035004797064261444,0.015625,0.017281683315599695,0.007383491939501041,0.7813602059809636,0.817462740832733,0.0,-0.004816167311221642,0.050928526226667555,0.0,0.007062856821572001,0.0,0.0
openvla,extra_object,episode_000003,grasp_close,28,28,,0.9980392156862745,0.9980392156862745,1.0,1,1,1,0.0029780001122236346,0.0,0.0,0.0029780001122236346,0.0029780001122236346,0.30338042534552184,0.0,0.010228287087725859,0.00016920937096997742,0.0019607843137254832,0.010415909162675886,0.010229686630594486,1.0422285548241617,0.03543767984746381,0.0072503088707295445,0.00016920937096997742,0.0019607843137254832,0.007512675000101861,0.007252283125485628,0.7389461347874112,0.06811934206545757,0.0,0.0,-0.30338042534552184,0.0,0.0,0.0,0.0
oft,extra_object,episode_000003,grasp_close,28,28,3,0.9921875,0.9921875,1.0,1,1,1,0.001325889707937206,0.00011237467491313768,0.0,0.001330643297497734,0.001330643297497734,0.14111639324873076,0.0,0.009665226080892753,0.00023305568964385306,0.0078125,0.012430046918626045,0.009668035485518495,1.0214139243754055,0.3950340441150362,0.010991066773300718,0.00031354085025715576,0.0078125,0.013488402905086096,0.010995538035036532,1.161834266659566,0.3354741031914434,0.0,-0.0032107782074809023,0.14005344712333587,0.016987033163673976,0.0,0.0,0.0
openvla,extra_object,episode_000003,grasp_close,29,29,,0.9980392156862745,0.9980392156862745,1.0,1,1,1,0.0013235556054327288,8.740472544931555e-05,0.0,0.0013264384745261528,0.0013264384745261528,0.13545598221650684,0.0,0.010228287087725859,0.0002573238228125581,0.0019607843137254832,0.010417713157103064,0.010231523459325417,1.0425311717195889,0.03542540770274385,0.008904739405514166,0.00027329504652911504,0.0019607843137254832,0.009122157046857175,0.00890893226276719,0.9078782598920127,0.046202402397322116,0.0,0.0,-0.13483574459800995,0.0,0.012947783475902265,0.0,0.0
oft,extra_object,episode_000003,grasp_close,29,29,4,0.98828125,0.9921875,1.0,1,1,1,0.0015671046538549937,0.0,0.00390625,0.004208872302486021,0.0015671046538549937,0.16590559978540598,0.8613676765937998,0.010549159808968004,0.00021108108453903116,0.01171875,0.015768907047157582,0.010551271387818438,1.1148288749216329,0.5522800970780847,0.012116033011962662,0.00021108108453903116,0.0078125,0.014417973762676195,0.012117871561095998,1.280116558335389,0.29361051104721275,0.0,-0.008026945518702545,0.16551771023666947,0.0,0.0,0.0,0.008007732750597994
openvla,extra_object,episode_000003,grasp_close,30,30,,0.9980392156862745,0.9980392156862745,1.0,1,1,1,0.0013235556054327254,8.740472544931555e-05,0.0,0.0013264384745261494,0.0013264384745261494,0.13545598221650648,0.0,0.007581194489830667,0.0002573238228125581,0.0019607843137254832,0.00783488357076081,0.00758556032488212,0.7730485382186897,0.06263175102574975,0.008904739405514166,0.00027329504652911504,0.0019607843137254832,0.009122157046857175,0.00890893226276719,0.9078782598920127,0.046202402397322116,0.0,0.0,0.1348357445980096,0.0,0.012947783475902265,0.0,0.0
oft,extra_object,episode_000003,grasp_close,30,30,0,0.96875,0.953125,1.0,1,1,1,0.00020212723105125048,4.2669686068837545e-05,0.015625,0.01562636557615499,0.0002065819925396663,0.0394073548000654,0.9998252291641321,0.0018410882888225718,0.00035828025996484646,0.03125,0.03130623693183069,0.0018756254508616862,0.2115250196694855,0.9964105285875823,0.0020424756003916606,0.0003956944364144021,0.046875,0.04692114561330749,0.0020804520338629745,0.24385791070260868,0.9980340240522709,0.005174690279289734,0.0,0.02122021926111133,0.0,0.007062856821572036,0.0,-0.032030931002391974
openvla,extra_object,episode_000003,grasp_close,31,31,,0.9980392156862745,0.9980392156862745,1.0,1,1,1,0.0013235556054327254,8.740472544931555e-05,0.0,0.0013264384745261494,0.0013264384745261494,0.13545598221650648,0.0,0.007581194489830667,0.0002573238228125581,0.0019607843137254832,0.00783488357076081,0.00758556032488212,0.7730485382186897,0.06263175102574975,0.008904739405514166,0.00027329504652911504,0.0019607843137254832,0.009122157046857175,0.00890893226276719,0.9078782598920127,0.046202402397322116,0.0,0.0,0.1348357445980096,0.0,0.012947783475902265,0.0,0.0
oft,extra_object,episode_000003,grasp_close,31,31,1,0.98828125,0.98828125,1.0,1,1,1,0.0006633743062422014,0.00017246011636026996,0.0,0.0006854253875640439,0.0006854253875640439,0.07262683304261214,0.0,0.005306101848137699,0.0004551500947352554,0.01171875,0.012872100838404267,0.00532558714430135,0.5653537127023223,0.8288266601322132,0.005969186550213253,0.0005198229426196999,0.01171875,0.013161706026401767,0.005991778030177737,0.6367940553764794,0.7927535692744817,0.005174690279289734,-0.0032107782074809023,0.07002672356166775,0.008493516581836988,0.014125713643144001,0.00788370084281303,0.0
openvla,extra_object,episode_000003,grasp_close,32,32,,0.9980392156862745,0.9980392156862745,1.0,1,1,1,0.0013235556054327254,8.740472544931555e-05,0.0,0.0013264384745261494,0.0013264384745261494,0.13545598221650648,0.0,0.007581194489830667,0.0002573238228125581,0.0019607843137254832,0.00783488357076081,0.00758556032488212,0.7730485382186897,0.06263175102574975,0.008904739405514166,0.00027329504652911504,0.0019607843137254832,0.009122157046857175,0.00890893226276719,0.9078782598920127,0.046202402397322116,0.0,0.0,0.1348357445980096,0.0,0.012947783475902265,0.0,0.0
oft,extra_object,episode_000003,grasp_close,32,32,2,0.98828125,0.98828125,1.0,1,1,1,5.1918933799686535e-05,0.00015582164614506697,0.0,0.0001642436029020756,0.0001642436029020756,0.017128855520825704,0.0,0.008982204461503909,0.00010667093755607208,0.01171875,0.01476551649078622,0.008982837840970958,0.9492581230625364,0.6298908400770442,0.008942095564413065,0.0002463247277348492,0.01171875,0.014742823695516726,0.008945487630900256,0.9453462397085437,0.6318314431978831,0.005174690279290135,-0.008026945518702545,-0.004244043852222266,0.008493516581836988,0.007062856821572001,-0.00788370084281303,0.0
openvla,extra_object,episode_000003,grasp_close,33,33,,0.9980392156862745,0.9980392156862745,1.0,1,1,1,0.0013235556054327288,8.740472544931555e-05,0.0,0.0013264384745261528,0.0013264384745261528,0.13545598221650684,0.0,0.010228287087725859,0.0002573238228125581,0.0019607843137254832,0.010417713157103064,0.010231523459325417,1.0425311717195889,0.03542540770274385,0.008904739405514166,0.00027329504652911504,0.0019607843137254832,0.009122157046857175,0.00890893226276719,0.9078782598920127,0.046202402397322116,0.0,0.0,-0.13483574459800995,0.0,0.012947783475902265,0.0,0.0
oft,extra_object,episode_000003,grasp_close,33,33,3,0.98828125,0.9921875,1.0,1,1,1,0.0008036785133217462,0.0001837156391784148,0.00390625,0.0039922975404338016,0.0008244092362739428,0.08770791595046448,0.9573577712924957,0.010508958320636955,0.00021108108453903116,0.01171875,0.015742041219982714,0.010511077975599595,1.1105612655962862,0.554166780317612,0.011312485671910354,0.00020235095819045134,0.0078125,0.013749488508212138,0.011314295293453217,1.195461392313054,0.3228545980620803,0.0,-0.004816167311221642,0.08488087704444569,0.016987033163673976,0.007062856821572001,0.00788370084281303,0.008007732750597994
openvla,extra_object,episode_000003,grasp_close,34,34,,0.9980392156862745,0.9980392156862745,1.0,1,1,1,0.006617778027163634,0.0007778511419626759,0.0,0.006663335382213808,0.006663335382213808,0.6835975608360225,0.0,0.002287138552028496,0.0008040392196967595,0.0019607843137254832,0.003118037355122208,0.002424351835642999,0.26140625841256204,0.39545495362194727,0.008904739405514166,0.00027329504652911504,0.0019607843137254832,0.009122157046857175,0.00890893226276719,0.9078782598920127,0.046202402397322116,0.0,0.0,0.6741787229900487,0.04538048528145571,-0.10358226780721844,0.0,0.0
oft,extra_object,episode_000003,grasp_close,34,34,4,0.98828125,0.9921875,1.0,1,1,1,0.00044205679579825593,0.00014986555073847135,0.00390625,0.003934039013089419,0.0004667696369833478,0.0488688688019013,0.9859224243222323,0.010549135601243771,8.906734797224952e-05,0.01171875,0.015767729592062504,0.010549511596557615,1.1146959134214065,0.5523625831824324,0.010991070982991307,0.00021108108453903116,0.0078125,0.013486413638451242,0.010993097678880312,1.1613153797485865,0.3355730763766967,0.0,-0.0032107782074814795,0.046684482374445294,0.008493516581836988,0.0,-0.00788370084281303,0.008007732750597994
openvla,extra_object,episode_000003,grasp_close,35,35,,0.9980392156862745,0.9980392156862745,1.0,1,1,1,0.0013235556054327254,8.740472544931555e-05,0.0,0.0013264384745261494,0.0013264384745261494,0.13545598221650648,0.0,0.0066306701392689765,0.0002573238228125581,0.0019607843137254832,0.006919297447756676,0.006635661387200234,0.6763184375276674,0.08030371680260007,0.00815226705982832,0.00027329504652911504,0.0019607843137254832,0.008389208754237263,0.008156846718997435,0.8312871873025647,0.05462829488391125,0.0,0.0,0.1348357445980096,0.0,0.012947783475902265,0.0,0.0
oft,extra_object,episode_000003,grasp_close,35,35,0,0.96875,0.95703125,1.0,1,1,1,0.00040251124416119,4.2669686068837545e-05,0.01171875,0.011725738252506125,0.0004047666040885812,0.04965153913898133,0.9988084042228975,0.0007306109650363701,0.00035828025996484646,0.03125,0.031260592718739544,0.0008137303772822139,0.11353778132798174,0.9993224105408284,0.0013306444154390633,0.0003956944364144021,0.04296875,0.04299116961900256,0.0013882322022444509,0.17660873881313283,0.9989572847932497,0.005174690279289734,-0.0032107782074809023,0.04244043852222266,0.0,0.007062856821572036,0.0,-0.02402319825179398
openvla,extra_object,episode_000003,lift,36,36,,0.9980392156862745,0.9980392156862745,1.0,1,1,1,0.0013235556054327254,8.740472544931555e-05,0.0,0.0013264384745261494,0.0013264384745261494,0.13545598221650648,0.0,0.005875724636576826,0.0002573238228125581,0.0019607843137254832,0.006199599235403418,0.005881356608356846,0.5995152277880436,0.10003049449863118,0.003839323762010147,0.00027329504652911504,0.0019607843137254832,0.004319695852365652,0.0038490384685000356,0.39278901576122427,0.20604083865605366,0.0,0.0,0.1348357445980096,0.0,0.012947783475902265,0.0,0.0
oft,extra_object,episode_000003,lift,36,36,1,0.98828125,0.98828125,1.0,1,1,1,0.0009042681867866854,7.055295174315144e-05,0.0,0.0009070163574236967,0.0009070163574236967,0.09626697110670838,0.0,0.008271430605429125,0.0004606982726555922,0.01171875,0.014351233700325471,0.00828425054901513,0.8773491641787742,0.666782365460381,0.0066547336877125565,0.0005198229426196999,0.01171875,0.013486467213786943,0.006675005344271281,0.7085745876063081,0.7550334230326807,0.005174690279289734,0.0,0.09549098667500135,0.008493516581836988,0.007062856821571965,0.0,0.0
openvla,extra_object,episode_000003,lift,37,37,,0.9980392156862745,0.9980392156862745,1.0,1,1,1,0.0013235556054327254,0.0003829846435569215,0.0,0.0013778521973973879,0.0013778521973973879,0.14460514117221243,0.0,0.005841683980172303,0.00016420023734706128,0.0019607843137254832,0.006164163249549647,0.005843991225365294,0.5954925744479392,0.10118389284650961,0.0036782249848400527,0.00027329504652911504,0.0019607843137254832,0.004177164630046423,0.0036883640305098624,0.37644973116702013,0.22034158230898757,0.0,0.0,0.1348357445980096,0.04538048528145571,0.02589556695180453,0.0,0.0
oft,extra_object,episode_000003,lift,37,37,2,0.98828125,0.98828125,1.0,1,1,1,4.986200108796385e-05,0.00014110590348630315,0.0,0.00014965659073753486,0.00014965659073753486,0.02396081793529958,0.0,0.004360238737283526,0.00010667093755607208,0.01171875,0.012504085816145333,0.004361543366175204,0.4615136276133214,0.8783319636912919,0.0035606044032631093,0.00024311883908254356,0.01171875,0.012250147429682367,0.0035688948550571626,0.3788274114679801,0.9151240055962899,0.005174690279290135,-0.006421556414962382,-0.004244043852222266,0.016987033163673976,0.014125713643144001,0.0,0.0
openvla,extra_object,episode_000003,lift,38,38,,0.9980392156862745,0.9980392156862745,1.0,1,1,1,0.0,0.0009084272432026866,0.0,0.0009084272432026866,0.0009084272432026866,0.1313026574913037,0.0,0.006295787130814894,0.0002573238228125581,0.0019607843137254832,0.0065990776833791875,0.006301043655325783,0.6422465027521077,0.08828626946847387,0.005481275884197065,0.0008262776006419155,0.0019607843137254832,0.005879778492167438,0.005543204848461121,0.5713988504900412,0.11120843195864011,0.0,0.0,0.0,-0.06050731370860777,0.1165300512831207,0.0,0.0
oft,extra_object,episode_000003,lift,38,38,3,0.98828125,0.9921875,1.0,1,1,1,0.0007633860772534068,0.00012020303519897701,0.00390625,0.003981958831418953,0.0007727917394844427,0.08311102915639812,0.9623355689843548,0.0029165714651052856,8.906734797224952e-05,0.01171875,0.01207656506072986,0.0029179311341327443,0.309367202478948,0.9416201163582275,0.0013387343586476102,0.00014868245363440852,0.0078125,0.007927765915126554,0.0013469655359519693,0.14407730818976613,0.9711323566353945,0.0,-0.0016053891037407398,0.08063683319222342,0.016987033163673976,0.007062856821572001,0.0,0.008007732750597994
openvla,extra_object,episode_000003,lift,39,39,,0.9980392156862745,0.9980392156862745,1.0,1,1,1,0.00016544445067909197,0.0004299711238615612,0.0,0.0004607027605900365,0.0004607027605900365,0.062066636858403045,0.0,0.0010173707221110308,0.00030217494150446017,0.0019607843137254832,0.002229580230992789,0.001061297734606997,0.11217372135656559,0.7734165086126776,0.0003993220754960195,0.0002375137576342896,0.0019607843137254832,0.0020150796584740573,0.0004646190967276407,0.05097166306737494,0.9468369762467079,0.0,0.0,-0.01685446807475133,-0.04538048528145571,0.03884335042770699,0.0,0.0
oft,extra_object,episode_000003,lift,39,39,4,0.98828125,0.9921875,1.0,1,1,1,0.0004423724141007075,0.00014986555073847135,0.00390625,0.003934074490722746,0.0004670685560551397,0.049184282327491044,0.9859046422305996,0.0029319591774455652,8.906734797224952e-05,0.01171875,0.012080290525197731,0.0029333117138623517,0.3110156726131249,0.9410394297657676,0.0017056364534529193,0.00021108108453903116,0.0078125,0.007999306669055614,0.0017186479964197514,0.18205713278510274,0.9538396408766543,0.0,-0.006421556414962382,0.046684482374445294,0.008493516581836988,0.0,-0.00788370084281303,0.008007732750597994
openvla,extra_object,episode_000003,lift,40,41,,0.9980392156862745,0.9980392156862745,1.0,1,1,1,0.0014890000561118173,0.00020847168477818007,0.0,0.0015035230661533756,0.0015035230661533756,0.15462639472847878,0.0,0.005812064833488967,0.00015829896055952945,0.0019607843137254832,0.006135945836995733,0.005814220170374816,0.592424422611804,0.10211666269714732,0.003883118534890683,0.0003083890410360362,0.0019607843137254832,0.004361007736933587,0.0038953450882614617,0.39779534509827436,0.20215567310935248,0.0,0.0,0.15169021267276092,0.015126828427152057,-0.025895566951804724,0.0,0.0
oft,extra_object,episode_000003,lift,40,41,0,0.98828125,0.98828125,1.0,1,1,1,0.0009243951002991941,0.0001021754634308593,0.0,0.0009300247990158477,0.0009300247990158477,0.0993197206619874,0.0,0.005013599375572171,5.050216332132734e-05,0.01171875,0.012746286938937857,0.005013853724156479,0.5301808578900925,0.845269497017809,0.0036495993521560217,8.906734797224952e-05,0.01171875,0.012274225433249646,0.0036506860209736557,0.3865659798739783,0.9115371809776526,0.0,0.008026945518703121,0.09761300860111286,0.008493516581836988,-0.014125713643144001,0.0,0.0
openvla,extra_object,episode_000003,lift,41,42,,0.9980392156862745,0.9980392156862745,1.0,1,1,1,0.0,0.0011419247516574157,0.0,0.0011419247516574157,0.0011419247516574157,0.16899953349323185,0.0,0.006076077704136213,0.00043024265214219035,0.0019607843137254832,0.00639910182223845,0.0060912912429487015,0.6219961206202227,0.09389049017802965,0.005098008550418066,0.0008070814389956123,0.0019607843137254832,0.005521389929561112,0.005161498971162054,0.5327849404924808,0.12611385759854524,0.0,0.0,0.0,-0.015126828427152057,0.16832118518673012,0.0,0.0
oft,extra_object,episode_000003,lift,41,42,1,0.9921875,0.98828125,1.0,1,1,1,0.0013258633911916954,0.0,0.00390625,0.004125130639701286,0.0013258633911916954,0.1402913721834256,0.8966948090167062,0.003063163263557375,8.906734797224952e-05,0.0078125,0.008392023499829006,0.0030644578919740892,0.324275630353702,0.8666558603144674,0.003410945168971875,8.906734797224952e-05,0.01171875,0.012205391493135622,0.0034121078438712022,0.3614039422600724,0.921847644893586,0.0,0.0016053891037407398,-0.14005344712333587,0.0,0.0,0.0,-0.008007732750597994
openvla,extra_object,episode_000003,lift,42,43,,0.9980392156862745,0.9980392156862745,1.0,1,1,1,0.00016544445067909197,0.00011358740788824928,0.0,0.0002006837449602683,0.0002006837449602683,0.022647163891916077,0.0,0.005931849089538672,0.0007975134223071923,0.0019607843137254832,0.006298216922651427,0.0059852202365344,0.6156606985542673,0.09692245784362148,0.00535626036750066,0.0008040392196967595,0.0019607843137254832,0.005760267295553288,0.005416272167392336,0.5583838451311804,0.11587089849219562,0.0,0.0,-0.01685446807475133,-0.015126828427152057,0.0,0.0,0.0
oft,extra_object,episode_000003,lift,42,43,2,0.9921875,0.9921875,1.0,1,1,1,0.0018481861566037336,7.055295174315157e-05,0.0,0.001849532316144098,0.001849532316144098,0.19556464573063603,0.0,0.002923670415524726,8.906734797224952e-05,0.0078125,0.008342118312580405,0.00292502678467896,0.30957423609172763,0.8770560945976609,0.004030809630022942,9.788292771376929e-05,0.0078125,0.008791596191308124,0.0040319979341541705,0.4263791916647733,0.7896681036509172,0.0,0.0032107782074814795,-0.19522601720222532,0.008493516581836988,0.007062856821572001,0.0,0.0
openvla,extra_object,episode_000003,lift,43,44,,0.9980392156862745,0.9980392156862745,1.0,1,1,1,0.00016544445067909197,0.00011358740788824928,0.0,0.0002006837449602683,0.0002006837449602683,0.022647163891916077,0.0,0.007581194489830667,0.0007975134223071923,0.0019607843137254832,0.007871163362321411,0.007623026797237367,0.7812464432208885,0.06205571668418266,0.007415751643666923,0.0008040392196967595,0.0019607843137254832,0.0077126212555985885,0.007459212525954682,0.7647100137029665,0.06463319694408631,0.0,0.0,-0.01685446807475133,-0.015126828427152057,0.0,0.0,0.0
oft,extra_object,episode_000003,lift,43,44,3,0.9921875,0.98828125,1.0,1,1,1,0.0022499402801772097,4.266968606883733e-05,0.00390625,0.00450808618251394,0.002250344855010697,0.23791159950931937,0.7508196831705969,0.010910716293051527,8.906734797224952e-05,0.0078125,0.013419643038096611,0.010911079828318317,1.152725483452097,0.33892072999808764,0.008660794023367011,5.804908989645412e-05,0.01171875,0.01457195334793958,0.008660988558590038,0.9152263300903585,0.6467359973336179,0.0,0.0016053891037407398,-0.23766645572444872,0.0,0.007062856821572001,0.0,-0.008007732750597994
openvla,extra_object,episode_000004,hold,0,0,,0.0019607843137254832,0.0019607843137254832,0.0,0,0,0,0.0022590664513127945,0.0012236661562904224,0.0,0.002569190552196851,0.002569190552196851,0.3236490791111883,0.0,0.0021435168135720386,0.013281287465087405,0.0019607843137254832,0.013595290956257822,0.013453150599779735,1.3411964218929149,0.020800924365675544,0.00400601507614354,0.013560644589896724,0.0019607843137254832,0.014275290316092926,0.014139987216535402,1.4855288571118457,0.018866430901575776,0.15453780932027994,0.0,-0.2191080849717659,0.0,0.18126896866263242,0.0,0.0
oft,extra_object,episode_000004,hold,0,0,0,0.06005859375,0.00860595703125,0.0,0,0,0,0.00367149212190787,0.006574903755470868,0.05145263671875,0.052000798446818076,0.0075305520245820285,1.0764684786693985,0.9790283016553838,0.004106691928779371,0.010964637114165315,0.06005859375,0.06118923817854552,0.01170846640868193,1.3825913164374322,0.9633857673894717,0.007764717085341302,0.01753429362811016,0.00860595703125,0.021019152715461606,0.019176607740999857,2.4347468349851416,0.1676362493789434,0.6364869043526404,-0.5265676260268876,-0.19522601720222532,-0.38220824618266863,0.42906855191049903,0.3114061832911154,-0.10547685482428296
openvla,extra_object,episode_000004,hold,1,1,,0.0019607843137254832,0.0019607843137254832,0.0,0,0,0,0.0022590664513127945,0.001398475607189054,0.0,0.0026568995568801196,0.0026568995568801196,0.33883245450495314,0.0,0.0017701719297062582,0.018027592181927465,0.0019607843137254832,0.018220106027780524,0.018114292383049697,1.7357350137181213,0.011581314301752278,0.0035255311028263487,0.018056361358191258,0.0019607843137254832,0.01850151967216559,0.018397324671119396,1.7611963874334449,0.011231683171338968,0.15453780932027994,0.0,-0.2191080849717659,0.0,0.207164535614437,0.0,0.0
oft,extra_object,episode_000004,hold,1,1,1,0.11767578125,0.010986328125,0.0,0,0,0,0.0048358198888537336,0.012608939144194121,0.106689453125,0.10754073604198083,0.013504462238068725,1.6006188069721623,0.984230839248468,0.001769897252944066,0.011693521083458967,0.11767578125,0.11826859458204925,0.011826705864917684,1.292031424009934,0.9900002597347004,0.006572152205024385,0.02305505678767029,0.010986328125,0.02637097331838313,0.023973502624537554,2.436732106536105,0.1735612674477867,0.8822846926189042,-0.6325233068737617,-0.24191049957667063,-0.6794813265469664,0.646251399173838,0.6306960674250439,-0.2187112007507077
openvla,extra_object,episode_000004,alignment,2,2,,0.0019607843137254832,0.0019607843137254832,0.0,0,0,0,0.0022590664513127945,0.0012236661562904224,0.0,0.002569190552196851,0.002569190552196851,0.3236490791111883,0.0,0.023693373885568275,0.44064225403851726,0.0019607843137254832,0.4412831479734428,0.44127879170681483,56.591815730540105,1.9743537208926666e-05,0.02182123506357676,0.4411444666195121,0.0019607843137254832,0.44168818345506894,0.44168383118325,56.596469206848596,1.970734350129894e-05,0.15453780932027994,0.0,-0.2191080849717659,0.0,0.18126896866263242,0.0,0.0
oft,extra_object,episode_000004,alignment,2,2,2,0.2421875,0.016357421875,0.0,0,0,0,0.003988583891400886,0.010217515539296233,0.225830078125,0.22609628615083024,0.010968428568145148,1.4032860341177635,0.9976465663159249,0.024408452272819174,0.4370365007685898,0.2421875,0.5002513975019541,0.43771757509427023,62.979921763395346,0.23438338777947038,0.02080068347897889,0.4416190232343402,0.016357421875,0.4424111157803815,0.44210861800653173,62.94096796545702,0.0013670287518545274,0.6623603557490891,-0.44950894904734306,-0.25649940031868496,-0.7219489094561513,0.54737140367183,0.4769639009901893,-0.4629470496439465
openvla,extra_object,episode_000004,alignment,3,3,,0.0019607843137254832,0.0019607843137254832,0.0,0,0,0,0.0022600133679791337,0.001398475607189054,0.0,0.002657704732912816,0.002657704732912816,0.3397653890707048,0.0,0.023952951504596264,0.4579108907847297,0.0019607843137254832,0.4585411349706492,0.4585369426611624,56.20743923113058,1.8285340190844924e-05,0.02135211832444528,0.4449175030572692,0.0019607843137254832,0.4454338807935261,0.4454295651207453,54.539958104653245,1.937729508364075e-05,0.15453780932027994,0.025161227802241504,-0.2191080849717659,0.0,0.207164535614437,0.0,0.0
oft,extra_object,episode_000004,alignment,3,3,3,0.39453125,0.02978515625,0.0,0,0,0,0.004368060407927991,0.011716757991182115,0.36474609375,0.36496037493875283,0.012504493974217348,1.6229522395233098,0.9988260737470838,0.025131141681695616,0.45354492843861893,0.39453125,0.6016556187896693,0.4542406591165276,62.544293417825386,0.429998423350482,0.020299979467378746,0.4460260376246355,0.02978515625,0.447480134685715,0.4464877550454309,60.660426613414614,0.0044304949427529,0.6707692274529351,-0.45271972725482396,-0.3139266186940677,-0.7771567672380922,0.639188542352266,0.5558009094183198,-0.7477220455870877
openvla,extra_object,episode_000004,alignment,4,4,,0.0019607843137254832,0.0019607843137254832,0.0,0,0,0,0.0022590664513127945,0.0010731769590185992,0.0,0.002501017796181265,0.002501017796181265,0.31136227311888326,0.0,0.023668445998056602,0.4591899111025262,0.0019607843137254832,0.45980366948234963,0.45979948868426207,54.75918471212397,1.8185061833608295e-05,0.021996044327863937,0.46350993173075766,0.0019607843137254832,0.46403569631468006,0.46403155364600474,55.23933394790234,1.785487718454985e-05,0.15453780932027994,0.0,-0.2191080849717659,-0.030253656854303652,0.15537340171082795,0.0,0.0
oft,extra_object,episode_000004,alignment,4,4,4,0.53125,0.048828125,0.0,1,0,0,0.004733075877926351,0.01213854163803565,0.482421875,0.482597774216666,0.01302866840335318,1.7703494801103001,0.9992711646434035,0.025103228824451707,0.45434157323373386,0.53125,0.6994876694881169,0.45503454513467123,60.89471517830942,0.5768166125432989,0.020751548228286874,0.4642804370769308,0.048828125,0.4673019760253882,0.46474396285074737,61.31330409242361,0.010918044508919922,0.6338995592129958,-0.5233568478194067,-0.3724148480325064,-0.7261956677470703,0.685097111692484,0.5873357127895721,-0.9889549946988523
openvla,extra_object,episode_000004,alignment,5,5,,0.0019607843137254832,0.0019607843137254832,0.0,0,0,0,0.0006941289688659083,0.001305294008927842,0.0,0.0014783800171680374,0.0014783800171680374,0.2470518081420854,0.0,0.023592029929192737,0.45844931555439916,0.0019607843137254832,0.4590601305750718,0.45905594300529107,54.37532076517699,1.8244018167723514e-05,0.023000891270841706,0.45335123027653523,0.0019607843137254832,0.4539385681649292,0.45393433334844935,53.809278264089805,1.865801684828486e-05,0.15453780932027994,0.025161227802241504,0.0,-0.06050731370860777,-0.18126896866263242,0.0,0.0
oft,extra_object,episode_000004,alignment,5,5,0,0.0693359375,0.0113525390625,0.0,0,0,0,0.0031429066866910057,0.007132613860982596,0.0579833984375,0.05850492746165066,0.00779435968705115,1.0065079972164366,0.9822509138955154,0.021532436253443366,0.4560218887606072,0.0693359375,0.4617651795759443,0.45652996488708186,60.38459502917976,0.022546255404831208,0.018380861007456794,0.4529136545035158,0.0113525390625,0.45342862131792155,0.4532864816946403,59.40123635368761,0.0006268565230341201,0.5388146253310458,-0.4559305054623051,-0.16976175408889174,-0.4416628622555281,0.3990514104188181,0.3429409866623677,-0.11886478301668897
openvla,extra_object,episode_000004,alignment,6,6,,0.0019607843137254832,0.0019607843137254832,0.0,0,0,0,0.000691039675721622,0.0028848863678017796,0.0,0.002966497124311768,0.002966497124311768,0.4216475422096528,0.0,0.02330916620615901,0.4478585561176395,0.0019607843137254832,0.4484690047173028,0.44846471825217554,54.18000233839391,1.9115901420792023e-05,0.02338795595220516,0.4543343041886027,0.0019607843137254832,0.45494010718037275,0.45493588168681975,54.97348311100175,1.857595697997008e-05,0.15453780932027994,0.0,0.0,0.34791705382449317,-0.18126896866263242,0.0,0.0
oft,extra_object,episode_000004,alignment,6,6,1,0.1767578125,0.016357421875,0.0,0,0,0,0.004190530061914269,0.011598103987855607,0.160400390625,0.16087374512631172,0.012331932464659356,1.4517882226977445,0.9941238627546577,0.023016869384119787,0.4438064792860006,0.1767578125,0.478264875996833,0.44440293353271293,60.2912333629235,0.1365904267711008,0.019652856796429495,0.455210256866312,0.016357421875,0.4559278210275739,0.4556342971469057,60.9397189067237,0.0012871747789311282,0.7348060196591458,-0.5715185209316219,-0.22493432416778156,-0.6412605019286994,0.579154259368904,0.579452011946759,-0.3288175260714301
openvla,extra_object,episode_000004,alignment,7,7,,0.0019607843137254832,0.0019607843137254832,0.0,0,0,0,0.0001308310666073573,0.0013937894385980616,0.0,0.0013999163429066462,0.0013999163429066462,0.08816401199298188,0.0,0.024006971202103485,0.44904879794782715,0.0019607843137254832,0.4496943431707943,0.4496900683856462,56.434000265283956,1.901186837239919e-05,0.02351204125590386,0.44245470457123676,0.0019607843137254832,0.44308331762363234,0.44307897905592375,55.46543508657422,1.9583434062695643e-05,0.0,-0.050322455604482674,0.0,0.015126828427151595,0.0,0.07079352042644185,0.0
oft,extra_object,episode_000004,alignment,7,7,2,0.322265625,0.0240478515625,0.0,0,0,0,0.0038549157502424684,0.01020479976994453,0.2982177734375,0.29841722253885783,0.010908634826875789,1.448518977555729,0.9986637336269921,0.025086381936319888,0.44579647991213883,0.322265625,0.5506532131181562,0.4465017671417538,62.965039437415236,0.3425087028658718,0.021003336966726797,0.4423168571388391,0.0240478515625,0.443467745656536,0.4428152462064942,61.73053062525526,0.002940549460715945,0.6102900348137362,-0.44308739263238095,-0.2616718287635806,-0.7559229757834998,0.543839975261044,0.4690802001473765,-0.6113403471784656
openvla,extra_object,episode_000004,alignment,8,8,,0.0019607843137254832,0.0019607843137254832,0.0,0,0,0,0.0019466719423011914,0.002021089385312283,0.0,0.0028061243654486654,0.0028061243654486654,0.3630304463482206,0.0,0.02287010698221763,0.4277494462571041,0.0019607843137254832,0.42836488563111963,0.4283603979905673,55.86483827920848,2.095231050016867e-05,0.02218094021444995,0.433964588487233,0.0019607843137254832,0.43453550239861355,0.4345310784854065,56.55589693278743,2.036146949163674e-05,-0.15453780932027994,0.0,-0.1853991488222636,0.10588779899006302,0.24600788604214371,0.04247611225586527,0.0
oft,extra_object,episode_000004,alignment,8,8,3,0.466796875,0.0289306640625,0.0,0,0,0,0.00473287636399023,0.013282409682630362,0.4378662109375,0.43809318781101503,0.0141004441651336,1.8312682517140169,0.9989640648096613,0.02461403075709096,0.4221837395867904,0.466796875,0.6298764029485178,0.42290065084083034,62.107086386685765,0.5492185567662204,0.020475855060120358,0.4338433629735069,0.0289306640625,0.43528876341998807,0.4343262877568029,62.93718297459452,0.004417350822785602,0.6992300239890288,-0.5522538516867357,-0.34264022788175963,-0.8238711084381962,0.74159996626506,0.6385797682678568,-0.8976167930123439
openvla,extra_object,episode_000004,alignment,9,9,,0.0019607843137254832,0.0019607843137254832,0.0,0,0,0,0.0013347829150319678,0.0018581171763681094,0.0,0.002287847213293631,0.002287847213293631,0.28635187974839876,0.0,0.02337291061655903,0.41982513608992855,0.0019607843137254832,0.4204798241518154,0.4204752523557322,56.643394281274375,2.1745496294981788e-05,0.02190161056047078,0.4132684142793549,0.0019607843137254832,0.4138530022377994,0.4138483572350083,55.64659910108181,2.2447471438890378e-05,0.038634452330069596,0.0,-0.13483574459800995,0.0,0.24600788604214371,0.04247611225586527,0.0
oft,extra_object,episode_000004,alignment,9,9,4,0.58203125,0.031982421875,0.0,1,0,0,0.005609561857190412,0.016014280634708587,0.550048828125,0.5503104920771207,0.016968334287043262,2.1573226958969465,0.9990492576560049,0.02528050481103974,0.41367770528200193,0.58203125,0.7145129276279375,0.41444945140618034,62.93864990008646,0.6635481222093667,0.019408437743007073,0.4120428658417093,0.031982421875,0.4137377019993023,0.4124997099958654,61.76383889778491,0.005975475904533358,0.7542111082064824,-0.6710526453635337,-0.4327764248525897,-0.8281178667291147,0.9287656720367178,0.7923119347027113,-1.12758886794358
openvla,extra_object,episode_000004,alignment,10,10,,0.0019607843137254832,0.0019607843137254832,0.0,0,0,0,0.003337957148238328,0.03615647068946833,0.0,0.03631022350030164,0.03631022350030164,2.111111919836257,0.0,0.021489810196657168,0.40784117616461346,0.0019607843137254832,0.40841165702358284,0.40840695013383854,54.61112216499826,2.3049599785801634e-05,0.020844251284442682,0.394180279423423,0.0019607843137254832,0.39473588660402004,0.39473101664036586,54.03587716133241,2.467439003335926e-05,-0.019317226165034992,0.9812878842874163,-0.21910808497176626,0.12101462741721508,0.20716453561443687,-1.8406315310874894,0.0
oft,extra_object,episode_000004,alignment,10,10,0,0.06298828125,0.018798828125,0.0,0,0,0,0.0023116768543976324,0.008043964519760118,0.044189453125,0.04497507067877592,0.008369540911801397,1.0496239149831723,0.965369436032977,0.021028797098460384,0.3937505401194789,0.06298828125,0.3993109336427175,0.39431167640812975,60.32604726604614,0.02488267758140306,0.018848640022448203,0.3960071208682763,0.018798828125,0.3969008779883848,0.39645543382463233,60.336513063076666,0.002243352061708709,0.38939544351655436,-0.31786704254062115,-0.1336873813450021,-0.7495528383471217,0.3866914109810669,0.33407182321420276,-0.0905874767411398
openvla,extra_object,episode_000004,alignment,11,11,,0.0019607843137254832,0.0019607843137254832,0.0,0,0,0,0.0027023710353464357,0.0015492847023115546,0.0,0.0031149787000067865,0.0031149787000067865,1.0550164139474454,0.0,0.021377700401730086,0.3826769465452892,0.0019607843137254832,0.3832786142831573,0.38327359874075895,52.30473801995861,2.617161195536145e-05,0.02267935561830306,0.3798634922535483,0.0019607843137254832,0.38054496527144854,0.38053991369936874,51.999516554715946,2.6548970618726716e-05,0.0,1.031610339891899,0.03370893614950231,0.12101462741721508,0.18126896866263242,-0.014158704085288246,0.0
oft,extra_object,episode_000004,alignment,11,11,1,0.09814453125,0.0240478515625,0.0,0,0,0,0.002856999606224801,0.011427870880405429,0.0740966796875,0.07502717254649252,0.011779587412519464,1.3226810825016673,0.9753496551977525,0.02197970887940053,0.3783850792503821,0.09814453125,0.39152359420094135,0.37902292252809877,58.2744036623818,0.06283712876850694,0.01960946225360835,0.3816174525795834,0.0240478515625,0.38287688659408303,0.3821209378236245,58.440262093559454,0.003944884256983029,0.5619390225166221,-0.30502392971069753,-0.12626030460361315,-0.8451048998927891,0.5506545285224825,0.5331352694952323,-0.1518966806129057
openvla,extra_object,episode_000004,alignment,12,12,,0.0019607843137254832,0.0019607843137254832,0.0,0,0,0,0.00286108690600319,0.0019295507221059125,0.0,0.0034509396217381662,0.0034509396217381662,1.077889330431554,0.0,0.02136957833044433,0.3700582525641237,0.0019607843137254832,0.37067993450409314,0.37067474849095644,49.99807755482249,2.7980887964985303e-05,0.023256059413591892,0.3697453682536051,0.0019607843137254832,0.37048120913153954,0.37047602033659693,50.04152388229608,2.8010913799343097e-05,-0.1931722616503503,1.031610339891899,0.05056340422425364,0.015126828427152057,0.23306010256624146,0.05663481634115351,0.0
oft,extra_object,episode_000004,alignment,12,12,2,0.1240234375,0.033203125,0.0,0,0,0,0.002661265994930611,0.01113723570073713,0.0908203125,0.09153933317622105,0.011450779700507197,1.300579071828572,0.9843521515986875,0.021581965100092016,0.36750466256280623,0.1240234375,0.38846785101511305,0.36813782503701475,56.07310797047106,0.1019289058746623,0.019436461244653164,0.37312057582295644,0.033203125,0.3750989038079625,0.37362647139645966,56.738427253663566,0.007835493070525622,0.510030410652497,-0.3018131515032161,-0.12519929364055796,-0.8705854496383006,0.520885690590935,0.510592812397814,-0.18617978645140337
openvla,extra_object,episode_000004,alignment,13,13,,0.0019607843137254832,0.0019607843137254832,0.0,0,0,0,0.002426022611334769,0.012662775318790922,0.0,0.012893078161745864,0.012893078161745864,1.1640165689194304,0.0,0.021896280133979908,0.36604302190978927,0.0019607843137254832,0.366702584730025,0.3666973424672671,48.96606878745636,2.8591155368312618e-05,0.02303205163795285,0.3668491160830755,0.0019607843137254832,0.36757665057605615,0.36757142077912847,49.124274183783506,2.8455342390701157e-05,0.0,0.930965428682933,0.01685446807475133,-0.16639511269867033,0.23306010256624146,0.6371416838379771,0.0
oft,extra_object,episode_000004,alignment,13,13,3,0.1728515625,0.0390625,0.0,0,0,0,0.003153758531977819,0.011394655382026806,0.1337890625,0.13431045234374756,0.011823043777013402,1.3640601788944058,0.9922511193515026,0.022064813389223868,0.3639337712527655,0.1728515625,0.4035000724991917,0.36460203763577836,55.1512608599599,0.18350985212788026,0.019332368326597432,0.36920867306829597,0.0390625,0.3717723276956168,0.3697144637878901,55.81814087808705,0.011039920555911308,0.5627475678727615,-0.4141903887650517,-0.16657872119972503,-0.8259944875836557,0.5482542607745268,0.5353525603572735,-0.2742648467079813
openvla,extra_object,episode_000004,alignment,14,14,,0.0019607843137254832,0.0019607843137254832,0.0,0,0,0,0.0013801023664999192,0.014890376786068424,0.0,0.014954196848146145,0.014954196848146145,1.2829525190553266,0.0,0.022799304188877125,0.3735176925967892,0.0019607843137254832,0.37421801082985223,0.3742128738489985,50.205472333729304,2.745429373681486e-05,0.023726245269655284,0.36392326036577904,0.0019607843137254832,0.36470113630886786,0.3646958652766089,48.90209747612319,2.8905828049524468e-05,-0.2704411663104903,0.02516122780224117,0.06741787229900462,1.0740048183277822,-0.09063448433131617,0.6371416838379771,0.0
oft,extra_object,episode_000004,alignment,14,14,4,0.365234375,0.054931640625,0.0,0,0,0,0.005279951099652747,0.01943116492577978,0.310302734375,0.3109553585558374,0.02013574071117272,2.18142218093059,0.9958068622491903,0.023831181774927063,0.36122326964183554,0.365234375,0.5142434486088943,0.36200852994857435,54.994178993917345,0.5044356315617277,0.019131508174414894,0.3686774848692325,0.054931640625,0.3732379771624064,0.3691735397540442,55.92339222420901,0.02166074981679201,0.9198011971437546,-0.48322212022589395,-0.33368794788097805,-1.0871701224751456,1.0276456675387258,0.9618115028231917,-0.6361142703756282
openvla,extra_object,episode_000004,alignment,15,15,,0.0019607843137254832,0.0019607843137254832,0.0,0,0,0,0.0001654444506790885,0.00953503823973493,0.0,0.009536473462421417,0.009536473462421417,1.2999683567618148,0.0,0.02453397177269471,0.36375668587157667,0.0019607843137254832,0.3645883801800892,0.36458310751763623,49.788546013522264,2.8923710206224858e-05,0.024609801980903432,0.37578152030896744,0.0019607843137254832,0.3765916064311354,0.37658650182827613,51.38662170215197,2.7109304489499733e-05,0.0,0.0,-0.016854468074750977,-1.1345121320363896,0.634441390319213,0.0,0.0
oft,extra_object,episode_000004,alignment,15,15,0,0.031982421875,0.03369140625,0.0,0,0,0,0.0022748392702974466,0.012980363047064935,0.001708984375,0.013288541911484887,0.013178191019229318,1.2605556811631455,0.016539467503660175,0.019146621412692955,0.3719705658271193,0.031982421875,0.373833613071723,0.3724630115236522,57.3223570077214,0.0073192401850722955,0.018615489019312554,0.3812831383355916,0.03369140625,0.38322118791315357,0.381737302356563,58.57051424858246,0.007729283755836787,0.4975788121679558,-0.16214429947779163,0.05941661393111209,-0.6709878099651294,0.6581699700602408,0.6543471699534829,0.0035033830783866224
openvla,extra_object,episode_000004,alignment,16,16,,0.0019607843137254832,0.0019607843137254832,0.0,0,0,0,0.0001654444506790885,0.014180568374866668,0.0,0.014181533460826061,0.014181533460826061,1.4216157750683094,0.0,0.024511768521484612,0.37531301386273264,0.0019607843137254832,0.3761177074346587,0.37611259640003897,52.22636667130949,2.7177661631080917e-05,0.0241725920841032,0.38226872116258376,0.0019607843137254832,0.38303724892295604,0.3830322302200451,52.956207614746475,2.620460566979678e-05,0.0,0.0,-0.016854468074750977,-1.210146274172149,0.5308591225119945,0.52387205115567,0.0
oft,extra_object,episode_000004,alignment,16,16,1,0.046630859375,0.025146484375,0.0,0,0,0,0.0029809088558885423,0.016706089070032893,0.021484375,0.02737804957924527,0.01696995078434193,1.5926347558712213,0.6158010670587476,0.01864249016142406,0.38315538446517095,0.046630859375,0.38643243669511335,0.38360864313004184,59.71603741786347,0.014561284647695039,0.017963233123535656,0.3893428108921583,0.025146484375,0.39056734094657675,0.38975697830527345,60.31651525799267,0.004145364305724954,0.6351932317828182,-0.09953412443191201,0.11883322786222436,-0.8196243501472782,0.8457771043832468,0.8484833032077543,-0.044042530128288966
openvla,extra_object,episode_000004,alignment,17,17,,0.0019607843137254832,0.0019607843137254832,0.0,0,0,0,0.00017790744295253637,0.0007778511419626762,0.0,0.0007979370008406362,0.0007979370008406362,0.11707192288104704,0.0,0.024632216137673794,0.39311469021781353,0.0019607843137254832,0.39389053100071536,0.3938856505851674,54.81135896034886,2.4780414501098138e-05,0.024521944776019607,0.3928926973474017,0.0019607843137254832,0.3936620912402413,0.3936572079925822,54.80451224406182,2.480918269876089e-05,0.0,0.02516122780224117,-0.016854468074750977,-0.04538048528145571,0.10358226780721849,0.0,0.0
oft,extra_object,episode_000004,alignment,17,17,2,0.053466796875,0.0439453125,0.0,0,0,0,0.0020502261003883604,0.010385646294674528,0.009521484375,0.014238108748150843,0.010586079350770067,0.9743169173937332,0.4472029984229689,0.020746267282120964,0.4012575123546426,0.053466796875,0.4053352898468746,0.40179347783056074,62.435559552538116,0.017399609467956857,0.020893771135996744,0.40703970175097887,0.0439453125,0.40993787207884547,0.4075755984769074,63.04943081559259,0.011491825676514201,0.3868080983769097,-0.025686225659848374,0.12519929364055796,-0.47988368687379507,0.519119976385542,0.5321498068898807,-0.01951884857958261
openvla,extra_object,episode_000004,alignment,18,18,,0.0019607843137254832,0.0019607843137254832,0.0,0,0,0,0.0001654444506790885,0.004306864247664637,0.0,0.004310040778701795,0.004310040778701795,0.637543007064222,0.0,0.01596325240069646,0.14584860240913564,0.0019607843137254832,0.1467326989018856,0.14671959736826728,20.163247042862228,0.00017856890534429827,0.016220014049786177,0.16655701325539587,0.0019607843137254832,0.16735642262984213,0.16734493574749545,23.091543827933084,0.0001372697617724354,0.0,0.0,-0.016854468074750977,-0.060507313708607305,0.634441390319213,0.0,0.0
oft,extra_object,episode_000004,alignment,18,18,3,0.07177734375,0.0439453125,0.0,0,0,0,0.0028211074344433595,0.01710596319384563,0.02783203125,0.03279015991798225,0.017337030424668262,1.5602181273608733,0.7204481612397148,0.013380526044883205,0.1524834225867971,0.07177734375,0.16906276857080982,0.1530693719887213,23.31748943630436,0.18025146846004184,0.01289884345211975,0.18180123542887278,0.0439453125,0.18748135869090926,0.18225824910238417,27.156866373580257,0.05494256489616008,0.6416615946319302,-0.009632334622442706,-0.05517257007888982,-0.6879748431288029,0.8696142461560524,0.8869163448164679,-0.0570550958480107
openvla,extra_object,episode_000004,descent_to_grasp,19,19,,0.0019607843137254832,0.0019607843137254832,0.0,0,0,0,0.00017790744295253637,0.004296366482645129,0.0,0.00430004837315284,0.00430004837315284,0.6367828724715792,0.0,0.012601808224495017,0.0008711488432905787,0.0019607843137254832,0.012783158684733155,0.012631883107206018,1.2933955816492981,0.02352790660759553,0.012646929742775356,0.0037808303735692127,0.0019607843137254832,0.013344818670830691,0.013199981448183913,1.4077815224857566,0.021589087864467154,0.0,0.02516122780224117,-0.016854468074750977,-0.04538048528145571,0.634441390319213,0.0,0.0
oft,extra_object,episode_000004,descent_to_grasp,19,19,4,0.1748046875,0.056640625,0.0,0,0,0,0.0040186898690313085,0.019960224973716197,0.1181640625,0.1199054048647046,0.020360757580817533,1.8757668997227661,0.9711656379904064,0.01166374382687601,0.008916200118055597,0.1748046875,0.17542012517546798,0.014681333202546793,1.545486455903072,0.992995580351799,0.011183625457535326,0.02886014342166236,0.056640625,0.06454565637658338,0.030951273910670516,2.9201417846963773,0.7700555063772297,0.8305377898260065,-0.025686225659847794,-0.19098197335000305,-0.7516762174925813,1.04552352386833,1.0367066608299156,-0.2422339157055893
openvla,extra_object,episode_000004,descent_to_grasp,20,20,,0.0019607843137254832,0.0019607843137254832,0.0,0,0,0,0.0019086685931579601,0.0007778511419626762,0.0,0.002061084228642834,0.002061084228642834,0.44080944279273837,0.0,0.012662537530187333,0.0005432065704572117,0.0019607843137254832,0.012824960241908843,0.012674183606118012,1.3248381253343355,0.02337478327555582,0.012368497116354196,0.00029772675806562156,0.0019607843137254832,0.012526493414546716,0.012372079943959719,1.2640517662127657,0.024501948289144922,-0.42497897563077003,0.02516122780224117,-0.016854468074750977,-0.04538048528145571,0.10358226780721849,0.0,0.0
oft,extra_object,episode_000004,descent_to_grasp,20,20,0,0.051025390625,0.059326171875,0.0,0,0,0,0.0015058482762644895,0.006304838986207979,0.00830078125,0.01053192969182231,0.006482173530008032,0.6358156549877328,0.6211865384846751,0.0063663781560161685,0.01054784000245154,0.051025390625,0.05249169637167916,0.012320215076966665,1.2411574291513356,0.9449122083476375,0.00710243120380835,0.01683046828861405,0.059326171875,0.0620749857926759,0.01826770899206777,1.8078685828387437,0.9133966061741274,0.3392782649571245,-0.04174011669725288,0.03395235081777831,-0.3057665969461347,0.29663998650602397,0.3232317345553351,0.017016432095020736
openvla,extra_object,episode_000004,descent_to_grasp,21,21,,0.0019607843137254832,0.0019607843137254832,0.0,0,0,0,0.01670988951858818,0.00028664741590770607,0.0,0.016712347963840083,0.016712347963840083,1.7027670119189944,0.0,0.004239671380078133,0.0005432065704572117,0.0019607843137254832,0.004702612243657074,0.004274328811549423,0.44891309240296806,0.17385264695134434,0.012687297795060013,0.0005020656601048589,0.0019607843137254832,0.012847734056733237,0.012697227857591246,1.2978268420388888,0.023291988725414683,0.0,0.0,1.7023012755498736,0.030253656854303652,0.02589556695180453,0.0,0.0
oft,extra_object,episode_000004,descent_to_grasp,21,21,1,0.03955078125,0.046630859375,0.0,0,0,0,0.0012676812325740354,0.003953750648179395,0.007080078125,0.008207719911857552,0.004152006731136092,0.4135077020804775,0.7440995542716965,0.006130205960143808,0.006491168037967873,0.03955078125,0.0405460107174093,0.008928308216617432,0.9400530326693904,0.9515111273723184,0.0074686040430066,0.010380067707463051,0.046630859375,0.04835248595484783,0.012787722704325887,1.316931538733128,0.9300562673164502,0.1733521243562071,-0.06421556414962036,0.10610109630555738,-0.23781846429143827,0.17303999212851404,0.19709252107032613,0.014514015610458864
openvla,extra_object,episode_000004,descent_to_grasp,22,22,,0.0019607843137254832,0.0019607843137254832,0.0,0,0,0,0.009264889238029088,0.00011358740788824581,0.0,0.00926558550185459,0.00926558550185459,0.9439714211680089,0.0,0.02180819274021027,0.0005432065704572117,0.0019607843137254832,0.021902899787409422,0.021814956886786363,2.2250639646332337,0.008014130600524163,0.012277788114406349,0.0005288861765794106,0.0019607843137254832,0.012444616373958118,0.012289174161433086,1.256547682356507,0.024825420944276495,0.0,0.0,-0.9438502121860682,-0.015126828427151595,0.0,0.0,0.0
oft,extra_object,episode_000004,descent_to_grasp,22,22,2,0.06005859375,0.04736328125,0.0,0,0,0,0.0011374767263041703,0.00469031815257569,0.0126953125,0.013581748677836774,0.004826275756239451,0.4729001552930272,0.8737263061476677,0.008536344427919524,0.006121316252100957,0.06005859375,0.0609702744956741,0.01050427002938843,1.0891655013602413,0.9703178432392773,0.009082183242033769,0.010810898847084083,0.04736328125,0.04942309173949323,0.01411954625063295,1.4252065808137697,0.9183828057647256,0.2095749563112352,-0.028897003867329275,0.07214874548777889,-0.22083143112776377,0.26132570239816394,0.23651102528439147,-0.02602513143944348
openvla,extra_object,episode_000004,descent_to_grasp,23,23,,0.0019607843137254832,0.0019607843137254832,0.0,0,0,0,0.0006673914575159855,0.00028664741590770683,0.0,0.0007263457156284998,0.0007263457156284998,0.0806485515855643,0.0,0.0037352320471423827,0.00023226452970370796,0.0019607843137254832,0.004224994719844023,0.003742446426838728,0.3927739790794548,0.2153809591914377,0.0033849495885425267,0.0001419759787906853,0.0019607843137254832,0.00391442409818861,0.0033879257511828377,0.3537923553143654,0.2509134229083982,0.019317226165034798,0.0,-0.06741787229900516,-0.030253656854303652,0.025895566951804724,0.0,0.0
oft,extra_object,episode_000004,descent_to_grasp,23,23,3,0.08642578125,0.078125,0.0,0,0,0,0.001523727713783428,0.002547834849705654,0.00830078125,0.008815677961874394,0.0029687048635939385,0.2661742822978938,0.8865975038639896,0.009515805299633577,0.0044043495751943705,0.08642578125,0.08705954577387767,0.010485649511644442,1.1231168601545225,0.985493659061937,0.011352533676230674,0.006922405053798068,0.078125,0.07924844060042317,0.013296605303565289,1.3852355573964892,0.9718485930888946,0.0465722125136076,-0.035318560282291654,0.15915164445833607,-0.07644164923653342,0.134194279609868,0.1340229143278218,-0.017016432095020736
openvla,extra_object,episode_000004,descent_to_grasp,24,24,,0.9980392156862745,0.9980392156862745,0.0,1,1,0,0.0003419780145553711,8.740472544931674e-05,0.0,0.00035297103063864043,0.00035297103063864043,0.04095232227824425,0.0,0.023836487687319056,0.0002939529093453058,0.9980392156862745,0.9983238655873427,0.02383830014033353,3.17772964486114,0.9994298256706531,0.02339247536623849,0.00037289458093280216,0.9980392156862745,0.9983133891728602,0.023395447294902567,3.143018270804744,0.9994508020417053,0.019317226165034798,0.0,-0.03370893614950231,0.0,-0.012947783475902442,0.0,0.0
oft,extra_object,episode_000004,descent_to_grasp,24,24,4,0.287109375,0.2158203125,0.0,0,0,0,0.00044025046838780575,0.0024211965580168133,0.0712890625,0.07133152490572717,0.002460896838038553,0.2613373559126174,0.9988097894382445,0.012117330383838354,0.004871645681019126,0.287109375,0.28740625574291717,0.013059962759230383,1.48601680693452,0.9979351360437888,0.012281228873922665,0.007276579415593692,0.2158203125,0.21629189646919916,0.014275054838602674,1.5303374929382645,0.995644128359592,0.08279504446863614,-0.017659280141145827,0.026525274076389528,-0.1019221989820449,0.11300570914515201,0.12613921348500876,-0.1461411226984134
openvla,extra_object,episode_000004,descent_to_grasp,25,25,,0.9980392156862745,0.9980392156862745,0.0,1,1,0,0.007445000280559087,0.000382984643556922,0.0,0.007454844492994156,0.007454844492994156,0.7602486332442971,0.0,0.013194102270671346,0.00043024265214219035,0.9980392156862745,0.9981265177777527,0.013201115235791903,2.450960068192804,0.9998250757355047,0.020612567578833733,0.000221462026988444,0.9980392156862745,0.9982520738948131,0.02061375724173993,2.9338026885511526,0.9995735836265638,0.0,0.0,0.7584510633638046,-0.04538048528145571,0.025895566951804706,0.0,0.0
oft,extra_object,episode_000004,descent_to_grasp,25,25,0,0.94140625,0.9453125,0.0,1,1,0,0.00028662950247680165,0.00017033609877166832,0.00390625,0.003920454045226758,0.0003334229419743794,0.04170395477201876,0.9927670040255033,0.014584819801047493,0.00029846548104948907,0.94140625,0.9415192688359251,0.014587873397874178,2.470794277474264,0.9997599368247821,0.01484647064745581,0.0003958241403580833,0.9453125,0.9454291602355439,0.014851746275635642,2.494750753179127,0.9997532273323758,0.0,-0.004816167311221642,0.03023881244708383,-0.016987033163673976,0.021188570464716002,0.0,0.008007732750597994
openvla,extra_object,episode_000004,descent_to_grasp,26,26,,0.9980392156862745,0.9980392156862745,1.0,1,1,1,0.0,0.00034693611976978876,0.0,0.00034693611976978876,0.00034693611976978876,0.049235044688794576,0.0,0.011472052039539105,0.00018312070768951769,0.0019607843137254832,0.011639853363184174,0.011473513463254315,1.1707470579776151,0.02837687907143995,0.011893701250083846,0.000221462026988444,0.0019607843137254832,0.012056278446543766,0.011895762895066624,1.2139206034258267,0.02645045263998969,0.0,0.0,0.0,-0.030253656854303652,-0.03884335042770699,0.0,0.0
oft,extra_object,episode_000004,descent_to_grasp,26,26,1,0.984375,0.98046875,1.0,1,1,1,0.0003818072912156351,0.0002200770323207247,0.00390625,0.00393103037005319,0.00044069343968400316,0.050599441499009204,0.9874321678206437,0.015408902019092433,0.0005325496307139625,0.015625,0.021951275487842717,0.015418102040885721,1.6315146629732593,0.5066645649254307,0.01621210326259984,0.0003551946310601553,0.01953125,0.025385590046040574,0.016215993815463,1.7151973479522453,0.5919507203845468,0.0,0.0032107782074809023,0.04031841659611189,0.0,-0.028251427286288003,-0.007883700842813078,-0.008007732750597994
openvla,extra_object,episode_000004,grasp_close,27,27,,0.9980392156862745,0.9980392156862745,1.0,1,1,1,0.0076104447312381855,0.0005365884795092988,0.0,0.0076293378614119035,0.0076293378614119035,0.7793347878205398,0.0,0.00036172154485431115,0.0004265985796014001,0.0019607843137254832,0.002038995818799449,0.0005593110262901327,0.0711108187818257,0.9247556158788921,0.0072503088707295445,0.000221462026988444,0.0019607843137254832,0.007514033489100862,0.00725369038148013,0.7392491812338716,0.06809471321287479,0.0,0.0,0.7753055314385566,0.015126828427152057,-0.07768670085541378,0.0,0.0
oft,extra_object,episode_000004,grasp_close,27,27,2,0.984375,0.984375,1.0,1,1,1,0.0016074329025371245,0.00015582164614506697,0.0,0.001614967777253244,0.001614967777253244,0.170570920542076,0.0,0.008178741564396078,0.00018754807898025688,0.015625,0.017637108971118514,0.008180891629835296,0.8651206891945772,0.7848474572972589,0.006571822879663584,0.00029846548104948907,0.015625,0.016953423329966365,0.006578596932860978,0.6962292460430122,0.8494253912732922,0.005174690279289734,-0.008026945518702545,-0.1697617540888921,0.008493516581836988,0.007062856821572001,-0.00788370084281303,0.0
openvla,extra_object,episode_000004,grasp_close,28,28,,0.9980392156862745,0.9980392156862745,1.0,1,1,1,0.0076104447312381855,0.0005715185859046179,0.0,0.0076318741146107405,0.0076318741146107405,0.7797750793158751,0.0,0.00036172154485431115,0.0003881135451985662,0.0019607843137254832,0.0020312926241510118,0.0005305417985214632,0.06708707785934595,0.9317827469328822,0.0072503088707295445,0.000221462026988444,0.0019607843137254832,0.007514033489100862,0.00725369038148013,0.7392491812338716,0.06809471321287479,0.0,0.0,0.7753055314385566,-0.030253656854303652,-0.07768670085541378,0.0,0.0
oft,extra_object,episode_000004,grasp_close,28,28,3,0.9921875,0.9921875,1.0,1,1,1,0.001165184896891736,0.00017246011636026996,0.0,0.001177878744047792,0.001177878744047792,0.12446747470002925,0.0,0.01066966744903272,0.00014868245363440852,0.0078125,0.013224941065840977,0.010670703348185026,1.1274161388277228,0.34897359704574765,0.009504509589829107,0.00027047068738999744,0.0078125,0.012306259106076496,0.009508357215412697,1.004652026956239,0.40302125495764635,0.0,-0.0032107782074814795,-0.12307727171444681,0.008493516581836988,0.014125713643144001,-0.00788370084281303,0.0
openvla,extra_object,episode_000004,grasp_close,29,29,,0.9980392156862745,0.9980392156862745,1.0,1,1,1,0.0076104447312381855,0.0003829846435569215,0.0,0.007620075212518016,0.007620075212518016,0.7770641131279701,0.0,0.00036172154485431115,0.000270222295856813,0.0019607843137254832,0.002012097833143764,0.00045151142310014306,0.05122795508417404,0.9496453829029873,0.0072503088707295445,0.00016920937096997742,0.0019607843137254832,0.007512675000101861,0.007252283125485628,0.7389461347874112,0.06811934206545757,0.0,0.0,0.7753055314385566,-0.04538048528145571,0.02589556695180453,0.0,0.0
oft,extra_object,episode_000004,grasp_close,29,29,4,0.98828125,0.9921875,1.0,1,1,1,0.0006430014200049817,0.00013893403617431903,0.00390625,0.00396125517418862,0.0006578400204731464,0.06899652523546145,0.9724212268476293,0.010750022019087561,0.0001999798205148971,0.01171875,0.015903838118579445,0.010751881944082187,1.1359598175728902,0.5429485602381904,0.010107164934262803,9.788292771376929e-05,0.0078125,0.01277495676415108,0.010107638897187089,1.067863644092223,0.37399102722915684,0.0,-0.004816167311221642,-0.067904701635557,0.0,0.0,0.00788370084281303,0.008007732750597994
openvla,extra_object,episode_000004,grasp_close,30,30,,0.9980392156862745,0.9980392156862745,1.0,1,1,1,0.0006617778027163609,0.00035179323345938804,0.0,0.0007494720403563472,0.0007494720403563472,0.08229339613021303,0.0,0.007581194489830667,0.0002573238228125581,0.0019607843137254832,0.00783488357076081,0.00758556032488212,0.7730485382186897,0.06263175102574975,0.008242966518566583,0.00016920937096997742,0.0019607843137254832,0.008474656568993558,0.008244703077578583,0.8400324105659024,0.05353224198391705,0.0,0.0,0.06741787229900462,-0.04538048528145571,0.012947783475902265,0.0,0.0
oft,extra_object,episode_000004,grasp_close,30,30,0,0.98828125,0.98828125,1.0,1,1,1,0.0012055682868081373,7.055295174315171e-05,0.0,0.0012076309921317764,0.0012076309921317764,0.12794462741443854,0.0,0.0029786256743352998,0.0007164770599979612,0.01171875,0.012112582377338565,0.0030635845484191784,0.33717454610428615,0.936028541341267,0.004182397151648942,0.0006798604063534594,0.01171875,0.012461290369329666,0.004237293488330525,0.45624850521551613,0.8843751827248464,-0.005174690279289734,-0.0032107782074809023,0.12732131556666906,0.008493516581836988,-0.007062856821572036,0.0,0.0
openvla,extra_object,episode_000004,grasp_close,31,31,,0.9980392156862745,0.9980392156862745,1.0,1,1,1,0.0019853334081490932,0.0003829846435569215,0.0,0.002021936195509966,0.002021936195509966,0.20889350009050137,0.0,0.010228287087725859,0.000270222295856813,0.0019607843137254832,0.010418039737065201,0.010231855982084464,1.042602783719468,0.03542318673848094,0.008242966518566583,0.00016920937096997742,0.0019607843137254832,0.008474656568993558,0.008244703077578583,0.8400324105659024,0.05353224198391705,0.0,0.0,-0.20225361689701493,-0.04538048528145571,0.02589556695180453,0.0,0.0
oft,extra_object,episode_000004,grasp_close,31,31,1,0.9921875,0.9921875,1.0,1,1,1,0.00032309707302109714,0.00013893403617431903,0.0,0.00035170212538807206,0.00035170212538807206,0.036140339495904984,0.0,0.009424281297453787,0.0003035172493873473,0.0078125,0.01224517688497038,0.009429167550436936,0.9969396125962378,0.40705203912881,0.009102925440771056,0.00035004797064261444,0.0078125,0.012000872527111848,0.009109653405151479,0.9630840218103915,0.42379362092490525,0.005174690279289734,-0.008026945518702545,-0.0339523508177785,0.0,0.0,-0.00788370084281303,0.0
openvla,extra_object,episode_000004,grasp_close,32,32,,0.9980392156862745,0.9980392156862745,1.0,1,1,1,0.0006617778027163609,0.00035179323345938804,0.0,0.0007494720403563472,0.0007494720403563472,0.08229339613021303,0.0,0.007581194489830667,0.0002573238228125581,0.0019607843137254832,0.00783488357076081,0.00758556032488212,0.7730485382186897,0.06263175102574975,0.008242966518566583,0.00016920937096997742,0.0019607843137254832,0.008474656568993558,0.008244703077578583,0.8400324105659024,0.05353224198391705,0.0,0.0,0.06741787229900462,-0.04538048528145571,0.012947783475902265,0.0,0.0
oft,extra_object,episode_000004,grasp_close,32,32,2,0.9921875,0.9921875,1.0,1,1,1,0.0011652348060070912,0.00017246011636026996,0.0,0.0011779281153217209,0.0011779281153217209,0.12451922995696071,0.0,0.011553559883454769,0.00011893007683013642,0.0078125,0.013947546257093045,0.011554171988669296,1.2206834915539735,0.31375050958283457,0.01038840419091389,0.0002271463001581197,0.0078125,0.013000218972212459,0.010390887213105182,1.0977271666447166,0.3611426044237333,0.0,-0.004816167311221642,-0.12307727171444681,0.008493516581836988,0.014125713643144001,-0.00788370084281303,0.0
openvla,extra_object,episode_000004,grasp_close,33,33,,0.9980392156862745,0.9980392156862745,1.0,1,1,1,0.0006617778027163609,0.00035179323345938804,0.0,0.0007494720403563472,0.0007494720403563472,0.08229339613021303,0.0,0.007581194489830667,0.0002573238228125581,0.0019607843137254832,0.00783488357076081,0.00758556032488212,0.7730485382186897,0.06263175102574975,0.008242966518566583,0.00016920937096997742,0.0019607843137254832,0.008474656568993558,0.008244703077578583,0.8400324105659024,0.05353224198391705,0.0,0.0,0.06741787229900462,-0.04538048528145571,0.012947783475902265,0.0,0.0
oft,extra_object,episode_000004,grasp_close,33,33,3,0.9921875,0.9921875,1.0,1,1,1,0.0008839162377105367,0.0001837156391784148,0.0,0.000902806375346942,0.000902806375346942,0.09550359591983298,0.0,0.011714263276066974,8.906734797224952e-05,0.0078125,0.014080733409289666,0.011714601875159316,1.2375926226421492,0.3078431601253494,0.010830368025111803,0.00022916660553863323,0.0078125,0.013356067727533364,0.010832792294346747,1.1444208432892535,0.342154956312259,0.0,0.0016053891037407398,-0.09336896474889059,0.016987033163673976,0.007062856821572001,-0.00788370084281303,0.0
openvla,extra_object,episode_000004,grasp_close,34,34,,0.9980392156862745,0.9980392156862745,1.0,1,1,1,0.0006617778027163609,0.00035179323345938804,0.0,0.0007494720403563472,0.0007494720403563472,0.08229339613021303,0.0,0.007581194489830667,0.0002573238228125581,0.0019607843137254832,0.00783488357076081,0.00758556032488212,0.7730485382186897,0.06263175102574975,0.008242966518566583,0.00016920937096997742,0.0019607843137254832,0.008474656568993558,0.008244703077578583,0.8400324105659024,0.05353224198391705,0.0,0.0,0.06741787229900462,-0.04538048528145571,0.012947783475902265,0.0,0.0
oft,extra_object,episode_000004,grasp_close,34,34,4,0.9921875,0.9921875,1.0,1,1,1,0.0006428566958748845,0.00015582164614506697,0.0,0.0006614719320111263,0.0006614719320111263,0.06926616986505976,0.0,0.010991085751652259,8.906734797224952e-05,0.0078125,0.0134850678619964,0.010991446628749471,1.161227594581813,0.33564005844668515,0.01034824024146972,0.0001999798205148971,0.0078125,0.012967699266785395,0.01035017236686358,1.093379312898798,0.3629561839453994,0.0,-0.0016053891037407398,-0.06790470163555662,0.008493516581836988,0.007062856821572001,-0.00788370084281303,0.0
openvla,extra_object,episode_000004,grasp_close,35,35,,0.9980392156862745,0.9980392156862745,1.0,1,1,1,0.00909944478735,0.00028664741590770607,0.0,0.009103958599371903,0.009103958599371903,0.9278507281569099,0.0,0.0008571807279273367,0.000270222295856813,0.0019607843137254832,0.002156954801209353,0.0008987652026576049,0.09429698058391824,0.8263757391265889,0.008242966518566583,0.00013483472539969638,0.0019607843137254832,0.008474039919326272,0.008244069227595272,0.8399220757251566,0.05354003327133195,0.0,0.0,0.9269957441113172,-0.030253656854303652,0.02589556695180453,0.0,0.0
oft,extra_object,episode_000004,grasp_close,35,35,0,0.98828125,0.98828125,1.0,1,1,1,0.0012557802183181521,0.0001021754634308593,0.0,0.0012599300703001325,0.0012599300703001325,0.13378533644135865,0.0,0.0028080520903893346,0.0007578399288754792,0.01171875,0.012074294160017715,0.0029085181622499627,0.32302272157043177,0.9419743444149143,0.00406190693221726,0.0006798604063534594,0.01171875,0.012421368670988786,0.004118409656423425,0.443935320769217,0.8900689988785438,-0.005174690279289734,-0.0032107782074809023,0.13262637038194655,0.008493516581836988,-0.014125713643144001,0.0,0.0
openvla,extra_object,episode_000004,grasp_close,36,36,,0.9980392156862745,0.9980392156862745,1.0,1,1,1,0.0014890000561118139,0.000243409085602725,0.0,0.0015087641134567521,0.0015087641134567521,0.15521871494991876,0.0,0.009398667322557928,0.0002573238228125581,0.0019607843137254832,0.009604469694619113,0.009402189265798952,0.9580618622377651,0.04167857546228632,0.011288911279125227,0.00013483472539969638,0.0019607843137254832,0.011458724771809746,0.011289716483204279,1.1501759693553766,0.02928107866987354,0.0,0.0,0.15169021267276056,-0.030253656854303652,0.012947783475902265,0.0,0.0
oft,extra_object,episode_000004,grasp_close,36,36,1,0.9921875,0.9921875,1.0,1,1,1,0.0003217448118197181,0.0002778680723486389,0.0,0.0004251239696413909,0.0004251239696413909,0.03774345704276529,0.0,0.008554475437185897,0.0003167288941913634,0.0078125,0.011589414284071156,0.008560336862403988,0.9052014538137197,0.454419631498048,0.008634268096644656,0.00035004797064261444,0.0078125,0.011649389485998259,0.008641360954530644,0.9136168528333627,0.4497526482572933,0.0,-0.004816167311221642,-0.0339523508177785,0.0,0.0,-0.01576740168562611,0.0
openvla,extra_object,episode_000004,lift,37,37,,0.9980392156862745,0.9980392156862745,1.0,1,1,1,0.0006617778027163609,0.00035179323345938804,0.0,0.0007494720403563472,0.0007494720403563472,0.08229339613021303,0.0,0.005178457368526283,0.0002573238228125581,0.0019607843137254832,0.005543222112849433,0.005184846793052909,0.5286072100997344,0.12512240579255426,0.004555363108886389,0.00016920937096997742,0.0019607843137254832,0.0049623220361015505,0.004558504674235525,0.46459603562043567,0.1561312216753828,0.0,0.0,0.06741787229900462,-0.04538048528145571,0.012947783475902265,0.0,0.0
oft,extra_object,episode_000004,lift,37,37,2,0.9921875,0.9921875,1.0,1,1,1,0.0012054092243200562,8.533937213767466e-05,0.0,0.0012084263347481021,0.0012084263347481021,0.12819301326954255,0.0,0.0011258247826731898,0.00011893007683013642,0.0078125,0.007894097925314581,0.0011320891327346787,0.12147384079834996,0.979433697276987,0.0023696310430043332,9.30546942353908e-05,0.0078125,0.008164494271299911,0.0023714574539909095,0.2511778326072645,0.9156330988314685,0.0,-0.004816167311221642,-0.12732131556666906,0.0,0.014125713643144001,0.0,0.0
openvla,extra_object,episode_000004,lift,38,38,,0.9980392156862745,0.9980392156862745,1.0,1,1,1,0.0006617778027163609,0.00035179323345938804,0.0,0.0007494720403563472,0.0007494720403563472,0.08229339613021303,0.0,0.005227870992576778,0.0002573238228125581,0.0019607843137254832,0.005589411935952161,0.005234200097895816,0.5336311903914417,0.12306297556733055,0.00455772460747686,0.00016920937096997742,0.0019607843137254832,0.004964489957062665,0.004560864546204387,0.4648363396962949,0.1559948909560587,0.0,0.0,0.06741787229900462,-0.04538048528145571,0.012947783475902265,0.0,0.0
oft,extra_object,episode_000004,lift,38,38,3,0.9921875,0.9921875,1.0,1,1,1,0.0008839162377105367,0.00015582164614506697,0.0,0.0008975457095299985,0.0008975457095299985,0.09436375025316088,0.0,0.0010145562248775092,0.00011893007683013642,0.0078125,0.007878998981254695,0.0010215031554589174,0.10999308728301374,0.983191175746726,0.0018900004282323929,0.00022916660553863323,0.0078125,0.008041130219180183,0.0019038432056796926,0.20186382295236724,0.9439432175490905,0.0,0.0016053891037407398,-0.09336896474889059,0.008493516581836988,0.007062856821572001,-0.00788370084281303,0.0
openvla,extra_object,episode_000004,lift,39,39,,0.9980392156862745,0.9980392156862745,1.0,1,1,1,0.0014890000561118139,0.000243409085602725,0.0,0.0015087641134567521,0.0015087641134567521,0.15521871494991876,0.0,0.0025963482789102357,0.0002573238228125581,0.0019607843137254832,0.0032637271730552057,0.002609068786978797,0.2666033575110253,0.36093745615183026,0.0011092740257053586,0.00012849245072916676,0.0019607843137254832,0.002256473864007929,0.0011166911721684559,0.11416890558331935,0.7550905457059772,0.0,0.0,0.15169021267276056,-0.030253656854303652,-0.012947783475902265,0.0,0.0
oft,extra_object,episode_000004,lift,39,39,4,0.9921875,0.9921875,1.0,1,1,1,0.0007633860772534068,0.00015582164614506697,0.0,0.0007791268756445916,0.0007791268756445916,0.08178662880221811,0.0,0.0016727722204779153,8.906734797224952e-05,0.0078125,0.007990072349114082,0.0016751417534278778,0.17802730052710805,0.9560456660228521,0.0024377743384041495,0.0001999798205148971,0.0078125,0.008186445620878146,0.0024459631341446995,0.25867931691327195,0.9107292771577907,0.0,0.0016053891037407398,-0.08063683319222342,0.008493516581836988,0.007062856821572001,-0.00788370084281303,0.0
openvla,extra_object,episode_000004,lift,40,40,,0.9980392156862745,0.9980392156862745,1.0,1,1,1,0.0,0.00028664741590770683,0.0,0.00028664741590770683,0.00028664741590770683,0.039822909748200915,0.0,0.002565923461757056,0.00015829896055952945,0.0019607843137254832,0.003233217731217843,0.002570801776199313,0.2621400350888071,0.3677813851562449,0.0025588131720911947,0.000221462026988444,0.0019607843137254832,0.003231291599966977,0.0025683789204603807,0.26246187298088264,0.36821997531757283,0.0,0.0,0.0,-0.030253656854303652,-0.025895566951804724,0.0,0.0
oft,extra_object,episode_000004,lift,40,40,0,0.98828125,0.98828125,1.0,1,1,1,0.0008440769236102548,7.055295174315157e-05,0.0,0.0008470204082376195,0.0008470204082376195,0.09001312021827468,0.0,0.00433424596969433,0.00014673294270223214,0.01171875,0.012495451982412866,0.004336729030304475,0.4591385854843961,0.8795461641929294,0.005170709681395361,0.00018782157759450588,0.01171875,0.012810176310917264,0.005174119785459727,0.5475785284052639,0.8368591415153955,-0.005174690279290135,-0.0032107782074814795,-0.08912492089666832,-0.008493516581836988,0.007062856821572001,0.0,0.0
openvla,extra_object,episode_000004,lift,41,41,,0.9980392156862745,0.9980392156862745,1.0,1,1,1,0.0021507778588281817,0.0004868181712054537,0.0,0.0022051841940847845,0.0022051841940847845,0.22877951896964435,0.0,0.0026173667197836887,0.0002573238228125581,0.0019607843137254832,0.003280472408140329,0.002629985569469554,0.268727829122736,0.35726203627864705,0.0003968371576376481,0.0002920634107686501,0.0019607843137254832,0.00202174575319046,0.0004927278818899381,0.05667018221094125,0.9406034530786207,0.0,0.0,0.2191080849717659,-0.06050731370860777,-0.025895566951804724,0.0,0.0
oft,extra_object,episode_000004,lift,41,41,1,0.98828125,0.9921875,1.0,1,1,1,0.0009242818536154166,0.00015582164614506697,0.00390625,0.004017134101922676,0.0009373245597604434,0.09908499446507196,0.9455563374504241,0.0031803891023452118,8.906734797224952e-05,0.01171875,0.012142977781305993,0.0031816360311624258,0.3372318473411674,0.9313484113147945,0.004033405097526607,0.0001999798205148971,0.0078125,0.008794515612548924,0.004038359643390715,0.42672981525090226,0.7891439153291521,0.0,-0.006421556414962382,-0.09761300860111248,0.008493516581836988,0.007062856821572001,-0.00788370084281303,0.008007732750597994
openvla,extra_object,episode_000004,lift,42,42,,0.9980392156862745,0.9980392156862745,1.0,1,1,1,0.0,0.00035179323345938836,0.0,0.00035179323345938836,0.00035179323345938836,0.04719145623223839,0.0,0.004545739165964661,0.000270222295856813,0.0019607843137254832,0.004957967303151074,0.004553763789895478,0.4644573844123071,0.15640561169319395,0.004549590169801831,0.000221462026988444,0.0019607843137254832,0.004959081695990418,0.004554977073768351,0.46449104520487555,0.15633532541014608,0.0,0.0,0.0,-0.04538048528145571,-0.012947783475902457,0.0,0.0
oft,extra_object,episode_000004,lift,42,42,2,0.98828125,0.98828125,1.0,1,1,1,0.0010450134840203297,0.00014533880595663404,0.0,0.0010550718223425399,0.0010550718223425399,0.11126935118072609,0.0,0.0030431704801723455,0.00011893007683013642,0.01171875,0.012108019346576352,0.0030454935453169503,0.32301430993781,0.9367341781122523,0.004091463102297726,0.0001999798205148971,0.01171875,0.012414071202010117,0.004096347427413464,0.4332073920022109,0.8911157400936919,0.0,-0.009632334622443284,-0.11034514015777964,0.0,0.007062856821572001,-0.00788370084281303,0.0
openvla,extra_object,episode_000004,lift,43,43,,0.9980392156862745,0.9980392156862745,1.0,1,1,1,0.0008272222533954564,0.00035179323345938836,0.0,0.0008989188704329598,0.0008989188704329598,0.09658602845851727,0.0,0.00450303066862669,0.000270222295856813,0.0019607843137254832,0.00491883933633968,0.00451113126518955,0.46011941451417865,0.15890383289149645,0.0037841474162906416,0.000221462026988444,0.0019607843137254832,0.004267726821455291,0.0037906222573103974,0.38671545846099,0.21108939889011846,0.0,0.0,0.0842723403737563,-0.04538048528145571,-0.012947783475902457,0.0,0.0
oft,extra_object,episode_000004,lift,43,43,3,0.98828125,0.98828125,1.0,1,1,1,0.0006834498740945849,7.055295174315157e-05,0.0,0.0006870818360279766,0.0006870818360279766,0.07324310043992215,0.0,0.0029602046817723397,0.00021108108453903116,0.01171875,0.012088691763161845,0.0029677208396742863,0.3143904784807538,0.9397319021737491,0.0037514841767694925,0.00022916660553863323,0.01171875,0.012306715744834036,0.0037584771998305346,0.3977810579060049,0.9067305317211046,0.005174690279289734,-0.0032107782074809023,-0.07214874548777925,0.008493516581836988,0.007062856821572001,0.0,0.0
openvla,extra_object,episode_000004,lift,44,44,,0.9980392156862745,0.9980392156862745,1.0,1,1,1,0.0004963333520372759,0.00024340908560272547,0.0,0.0005528062764644712,0.0005528062764644712,0.060328987201362115,0.0,0.004536635465487722,0.000270222295856813,0.0019607843137254832,0.004949621860390048,0.004544676164029636,0.4635326868029508,0.15693348008917712,0.003976725770782335,0.00019645361118438722,0.0019607843137254832,0.004438199747904961,0.003981575300977209,0.406047570470389,0.19518478425599778,0.0,0.0,0.050563404224254,-0.030253656854303652,-0.012947783475902457,0.0,0.0
oft,extra_object,episode_000004,lift,44,44,4,0.98828125,0.98828125,1.0,1,1,1,0.000602680489332883,0.00014986555073847135,0.0,0.0006210341822481824,0.0006210341822481824,0.0647267269872819,0.0,0.0033554253627751103,5.804908989645412e-05,0.01171875,0.012189805192228967,0.0033559274518368673,0.35544002422742266,0.9242065637423722,0.003894443665666445,0.0001999798205148971,0.01171875,0.012350537840764777,0.00389957477087729,0.4125029127900351,0.9003074367235666,0.0,-0.0016053891037401623,-0.06366065778333435,0.008493516581836988,0.0,-0.00788370084281303,0.0
openvla,extra_object,episode_000004,lift,45,45,,0.9980392156862745,0.9980392156862745,1.0,1,1,1,0.0,0.00024340908560272547,0.0,0.00024340908560272547,0.00024340908560272547,0.032907884313592796,0.0,0.008242966518566583,0.000270222295856813,0.0019607843137254832,0.008477275048052867,0.00824739456527865,0.8404966715757322,0.05349917678186566,0.008242966518566583,0.00019645361118438722,0.0019607843137254832,0.008475244313440706,0.008245307213655358,0.8401887020950415,0.05352481749304879,0.0,0.0,0.0,-0.030253656854303652,-0.012947783475902457,0.0,0.0
oft,extra_object,episode_000004,lift,45,45,0,0.984375,0.98046875,1.0,1,1,1,0.0009466589031302682,0.0004396218074010434,0.00390625,0.004043293147289516,0.001043757832266835,0.106563888508702,0.9333609134566746,0.004402775639344556,0.00034623008570004596,0.015625,0.01623714671987199,0.004416368259401578,0.46958967002707525,0.9260205446160954,0.0034611937564384457,0.0006971925914316969,0.01953125,0.019847812632420123,0.003530713770493967,0.3780562783210638,0.9683553920199589,0.0155240708378692,-0.004816167311221642,-0.09973503052722398,-0.008493516581836988,0.021188570464715967,0.023651102528439136,-0.008007732750597994
openvla,extra_object,episode_000005,hold,0,0,,0.0019607843137254832,0.0019607843137254832,0.0,0,0,0,0.007965479069368212,0.028348555766493384,0.0,0.029446382984171897,0.029446382984171897,4.715354631592597,0.0,0.0008571807279273367,0.028208119604127932,0.0019607843137254832,0.028289175412621492,0.028221140487250274,3.7662557280751368,0.0048041777841490805,0.008282347302217063,0.0020478583496332235,0.0019607843137254832,0.008754180474473705,0.008531764217013077,2.8429727507298925,0.05016821585818784,0.4829306541258748,-2.7677350582465587,-0.2696714891960195,3.7665802783608138,-0.28485123646985067,0.0,0.0
oft,extra_object,episode_000005,hold,0,0,0,0.04150390625,0.016357421875,0.0,0,0,0,0.0023877689205998327,0.007547972041294014,0.025146484375,0.026363212982799682,0.007916648429375818,0.9426581428894568,0.9098250228199927,0.004509421230655403,0.013052745143357847,0.04150390625,0.04374109360340373,0.013809744226919541,1.4628570884807532,0.9003236799061948,0.006313954957051865,0.0205261168886344,0.016357421875,0.026995420947306798,0.0214752765226798,2.337295776833246,0.3671550462314122,0.4877145588230601,-0.3018131515032161,-0.07002672356166811,-0.46289665371012056,0.45731997919678674,0.3587083883479937,-0.051549779581974584
openvla,extra_object,episode_000005,hold,1,1,,0.0019607843137254832,0.0019607843137254832,0.0,0,0,0,0.009287067427317662,0.028733997665046394,0.0,0.03019755359651567,0.03019755359651567,4.791035385825972,0.0,0.0007329264618896091,0.03246643938285107,0.0019607843137254832,0.03253385225459526,0.03247471119808275,4.3350463213044765,0.0036323581859821845,0.00954638321118024,0.009181974169034199,0.0019607843137254832,0.013389800490689437,0.013245455147163318,3.035022766198205,0.021444278347239706,0.4829306541258748,-2.7677350582465587,-0.5561974464667904,3.7665802783608138,0.7509714416023339,0.0,0.0
oft,extra_object,episode_000005,hold,1,1,1,0.0888671875,0.01361083984375,0.0,0,0,0,0.0034644032756896022,0.009264823946082098,0.07525634765625,0.07590360278252192,0.009891362535490503,1.1404033840625147,0.9830180538637443,0.0019907723629927856,0.012842186468148685,0.0888671875,0.08981237076285267,0.012995573395735836,1.4132547206014017,0.9790628014441646,0.00504688941572023,0.021627530216399047,0.01361083984375,0.02604757411522185,0.022208582936238022,2.1124328755557547,0.27304566296706084,0.5543386961689155,-0.48803828753711564,-0.2143242145372259,-0.45864989541920204,0.508525691153184,0.46513834972596974,-0.15427397627323947
openvla,extra_object,episode_000005,alignment,2,2,,0.0019607843137254832,0.0019607843137254832,0.0,0,0,0,0.008983914809471746,0.02828339961873528,0.0,0.029675940074358566,0.029675940074358566,4.724220061167851,0.0,0.022188329340837754,0.4998878598052899,0.0019607843137254832,0.5003838916419828,0.5003800499017228,64.47639083728187,1.5355112650471438e-05,0.01638013272522506,0.48013137414536655,0.0019607843137254832,0.4804147061258001,0.48041070469631914,61.84953533356481,1.6658161233567884e-05,0.4636134279608398,-2.7677350582465587,-0.5056340422425368,3.7665802783608138,-0.012947783475902362,0.0,0.0
oft,extra_object,episode_000005,alignment,2,2,2,0.1357421875,0.0203857421875,0.0,0,0,0,0.002237585239146268,0.006586914475655674,0.1153564453125,0.11556601449019453,0.006956596151283149,0.8101996564942568,0.9963764578947782,0.022350376986522244,0.49576143432954595,0.1357421875,0.5144947818853107,0.49626498881134895,71.15862786487595,0.06960937564282756,0.019780910560034004,0.4865041734394398,0.0203857421875,0.48733271353471835,0.4869061461889515,69.40373417345144,0.0017498544404195178,0.2871953105005816,-0.2825484822583298,-0.17506680890416956,-0.4161823125100166,0.3672685547217439,0.31534803371252185,-0.23647835779109702
openvla,extra_object,episode_000005,alignment,3,3,,0.0019607843137254832,0.0019607843137254832,0.0,0,0,0,0.00900424003879889,0.07107919155342522,0.0,0.07164724565930516,0.07164724565930516,5.820412821882261,0.0,0.022207613257256464,0.5573367596303542,0.0019607843137254832,0.5577824722927138,0.5577790258891483,64.77201862944032,1.2357480163045928e-05,0.017011736964640797,0.5080078804331037,0.0019607843137254832,0.5082964198691681,0.5082926379328041,62.308292705476745,1.4880774865151475e-05,0.4829306541258748,-2.7677350582465587,-0.5056340422425368,3.7665802783608138,0.7509714416023339,-3.3131367559574816,0.0
oft,extra_object,episode_000005,alignment,3,3,3,0.3203125,0.0517578125,0.0,0,0,0,0.0024591316794543155,0.008656128570702486,0.2685546875,0.2687054075910496,0.008998660480839783,1.105197749565379,0.9988784905964819,0.023179575035345262,0.5097210606857693,0.3203125,0.6024557660622851,0.5102478342976527,69.70014145125027,0.2826815366531943,0.02102807072472575,0.516079383651898,0.0517578125,0.5190943855829228,0.5165076088393344,70.00000466145806,0.009941665864744062,0.2820206202212919,-0.29860237329573547,-0.2047751158697258,-0.543585061237573,0.49086854909925404,0.413894294247685,-0.5505316266036121
openvla,extra_object,episode_000005,alignment,4,4,,0.0019607843137254832,0.0019607843137254832,0.0,0,0,0,0.0020386991931996487,0.0565479195856369,0.0,0.05658465784878451,0.05658465784878451,3.7794036245964393,0.0,0.02313269972522723,0.565542680691264,0.0019607843137254832,0.5660189839176452,0.5660155876652502,63.79848169032482,1.2000453349858886e-05,0.021692859409901403,0.5206910067082081,0.0019607843137254832,0.5211463799080924,0.5211426912239918,61.574880219970574,1.4155988369326604e-05,0.42497897563077025,-0.12580613901120719,-0.06741787229900498,2.6018144894701205,-0.012947783475902362,-2.704312480290081,0.0
oft,extra_object,episode_000005,alignment,4,4,4,0.47265625,0.05029296875,0.0,0,0,0,0.00302167947057897,0.010248205057451823,0.42236328125,0.4224983995259498,0.01068439299738172,1.4179487171647396,0.9993604867134961,0.023209375233755478,0.5196123974081185,0.47265625,0.7028084015597823,0.5201304823204977,69.2133842582411,0.45228993254398847,0.02017718069897511,0.5198768481188656,0.05029296875,0.522693446043332,0.5202682537220248,68.50962577100714,0.009258069477049241,0.31565610703667535,-0.3885041631052039,-0.25676465305944857,-0.6370137436377808,0.540308546850258,0.49667315309722204,-0.8658361036584081
openvla,extra_object,episode_000005,alignment,5,5,,0.0019607843137254832,0.0019607843137254832,0.0,0,0,0,0.001908886311033038,0.023407369631381406,0.0,0.02348507611247121,0.02348507611247121,2.70544201156097,0.0,0.022377100042821688,0.5204608681950984,0.0019607843137254832,0.5209453854329137,0.5209416953256113,62.92239910387264,1.4166913984270817e-05,0.0213607560320268,0.5231517325605394,0.0019607843137254832,0.5235913118592389,0.523587640399727,62.23252737625457,1.40240930530865e-05,0.40566174946573524,-0.12580613901120719,-0.05056340422425364,2.5866876610429688,0.05179113390360919,0.6654590920085539,0.0
oft,extra_object,episode_000005,alignment,5,5,0,0.07080078125,0.0240478515625,0.0,0,0,0,0.0021463809132630652,0.0059140138156431,0.0467529296875,0.04717434625726949,0.006291463298505161,0.8113132118954104,0.9822134566936649,0.020219308245259842,0.5179747623940284,0.07080078125,0.5231820195005533,0.5183692457149315,68.89516269129395,0.018313463196586936,0.0191102104224354,0.5214736389221107,0.0240478515625,0.5223775027677108,0.5218236830894681,68.89438137816967,0.00211925704350803,0.4204435851922932,-0.32749937716306443,-0.06153863585722359,-0.3567276964371572,0.39728569621342485,0.2759295294984566,-0.09584255135871975
openvla,extra_object,episode_000005,alignment,6,6,,0.0019607843137254832,0.0019607843137254832,0.0,0,0,0,0.000503793900064069,0.022885181093025023,0.0,0.022890725675572012,0.022890725675572012,2.773416795076558,0.0,0.02162107607367316,0.5080289036721175,0.0019607843137254832,0.5084925590134061,0.5084887785358466,63.42882676471143,1.486929725555729e-05,0.02243310295450094,0.5134203624082508,0.0019607843137254832,0.5139139590619346,0.5139102184658201,63.356398921605525,1.4557232530504047e-05,-0.019317226165034992,0.0,0.05056340422425364,2.7228291168873353,-0.025895566951804724,0.52387205115567,0.0
oft,extra_object,episode_000005,alignment,6,6,1,0.10986328125,0.018798828125,0.0,0,0,0,0.003656865254786203,0.007529065139542228,0.091064453125,0.09144831386265388,0.008370154441056186,1.0517359514961406,0.9916224787481721,0.021818710632496036,0.5028543609917161,0.10986328125,0.5151781294553063,0.5033274922970646,69.70103463087788,0.04547684168552019,0.01904362622667614,0.5125709771998891,0.018798828125,0.5132689960502036,0.5129246205511201,70.46963941983068,0.0013414407382678338,0.505825974800574,-0.5650969645166601,-0.25252060920722663,-0.3397406632734832,0.413177124061962,0.38235949087643284,-0.18668026974831572
openvla,extra_object,episode_000005,alignment,7,7,,0.0019607843137254832,0.0019607843137254832,0.0,0,0,0,0.001518016120076588,0.00689560362256396,0.0,0.007060716837568943,0.007060716837568943,0.9221790056645969,0.0,0.022279290902442295,0.497817276037701,0.0019607843137254832,0.4983194274758282,0.4983155698196799,64.20268901998175,1.548260414475846e-05,0.021337022322626475,0.4924591115616023,0.0019607843137254832,0.4929250346216592,0.4929211347483885,63.649299208984345,1.5823330403131938e-05,0.3283928448055949,-0.07548368340672418,-0.03370893614950266,0.8168487350662005,-0.22011231909033938,-0.14158704085288387,0.0
oft,extra_object,episode_000005,alignment,7,7,2,0.2158203125,0.03369140625,0.0,0,0,0,0.002673485188036141,0.0054932963968150105,0.18212890625,0.1822313428589473,0.00610932306838568,0.8412708338657076,0.9988760680100013,0.02316611622256344,0.48908955781568203,0.2158203125,0.5350922086825544,0.48963789120652895,71.22439968227198,0.16267745868147643,0.020620267240678062,0.4883598592175172,0.03369140625,0.4899547513507066,0.4887949953876678,70.74856882954185,0.004728531969646915,0.294957345919516,-0.41419038876505226,-0.2106106761665316,-0.3312471466916462,0.289577129684452,0.2680458286556436,-0.37336053949663145
openvla,extra_object,episode_000005,alignment,8,8,,0.0019607843137254832,0.0019607843137254832,0.0,0,0,0,0.00133728246059473,0.04582159157524465,0.0,0.045841101414210654,0.045841101414210654,2.5231834340137196,0.0,0.022539532438960383,0.47926797560095374,0.0019607843137254832,0.4798016961561602,0.47979768961428243,64.91323278132325,1.6700754422958935e-05,0.02152685632027383,0.485652539357141,0.0019607843137254832,0.48613335536887203,0.4861294010107526,63.57041110334524,1.6268548507605835e-05,0.28975839247552526,0.0,-0.03370893614950266,0.6958341076489861,0.6862325242228225,2.307868765902006,0.0
oft,extra_object,episode_000005,alignment,8,8,3,0.330078125,0.05029296875,0.0,0,0,0,0.0032376833936546764,0.012201074061789755,0.27978515625,0.28006978141144706,0.012623343535641656,1.4891217554318654,0.9979685024732361,0.023558550084224257,0.473340394706867,0.330078125,0.5775445464609974,0.47392629653071955,71.73502401237354,0.32663484481290134,0.020427838095764737,0.47151993376924606,0.05029296875,0.4746343089334245,0.47196222784352243,70.79795267083492,0.011227841904030294,0.3790460629579749,-0.5297784042343691,-0.2424410050581986,-0.7686632506562557,0.68862854010327,0.5833938623681655,-0.5735538582615813
openvla,extra_object,episode_000005,alignment,9,9,,0.0019607843137254832,0.0019607843137254832,0.0,0,0,0,6.541553330367822e-05,0.013744404895941979,0.0,0.013744560565386994,0.013744560565386994,0.9410820072426179,0.0,0.021917317320984363,0.43884487379655085,0.0019607843137254832,0.43939621838516585,0.43939184341093473,60.475630439789235,1.9913473387785986e-05,0.022262499429626603,0.4509272445811626,0.0019607843137254832,0.4514807232446793,0.45147646537379305,61.720048642537975,1.8861716964878774e-05,0.0,0.02516122780224117,0.0,-0.6504536223675301,0.19421675213853468,0.6513003879232654,0.0
oft,extra_object,episode_000005,alignment,9,9,4,0.47265625,0.040283203125,0.0,0,0,0,0.005408957583546469,0.01941340570166621,0.432373046875,0.43284245263958226,0.020152844540612398,2.3510454851417215,0.9978322309520028,0.023378409991543853,0.4391016983059799,0.47265625,0.6455701218093903,0.43972360808686234,67.92595704522691,0.5360483524846897,0.01898050363641224,0.45099898255140325,0.040283203125,0.45319209860135773,0.45139820755148413,69.01926381502398,0.00790102314152492,0.6869199209418122,-0.789851439040332,-0.4066324515910485,-1.2103261129117833,1.0691399513654611,0.9342185498733464,-0.8863559188318154
openvla,extra_object,episode_000005,alignment,10,10,,0.0019607843137254832,0.0019607843137254832,0.0,0,0,0,0.002647111210865454,0.010981246147419323,0.0,0.011295794116081493,0.011295794116081493,0.7821007880708203,0.0,0.009322710819218089,0.4247075973103955,0.0019607843137254832,0.4248144310464426,0.42480990589931844,58.117492038584466,2.130399860456411e-05,0.008548655468360157,0.42637371107249433,0.0019607843137254832,0.42646390899954545,0.4264594013549796,58.178484692855264,2.1139518013969554e-05,0.0,0.0,-0.2696714891960195,-0.5143121665231635,0.0,0.52387205115567,0.0
oft,extra_object,episode_000005,alignment,10,10,0,0.11767578125,0.018798828125,0.0,0,0,0,0.0053606899467907865,0.01892881669935827,0.098876953125,0.10081512266335331,0.01967325845770162,2.020500161114314,0.9619196238730732,0.021046233636656753,0.42676988216065825,0.11767578125,0.4431964189414313,0.4272885164262092,65.64858213174614,0.07049879523589507,0.01676122576102488,0.42748457208032153,0.018798828125,0.42822586796523743,0.42781304100705914,65.24841208258007,0.0019271510581273413,0.900396108596418,-0.6887119255046795,-0.3225473327688944,-0.7219489094561513,1.091211378932874,0.9696952036660049,-0.20269573524951173
openvla,extra_object,episode_000005,alignment,11,11,,0.0019607843137254832,0.0019607843137254832,0.0,0,0,0,0.02018422298284909,0.010380018938153242,0.0,0.02269686433359889,0.02269686433359889,2.1325014399927826,0.0,0.023814195715449897,0.42678206137582453,0.0019607843137254832,0.42745045152028643,0.4274459542793355,57.38954250110511,2.1042051900990964e-05,0.008682394098402518,0.4133865162236721,0.0019607843137254832,0.4134823338885825,0.41347768472170815,55.517285372667644,2.2487735779141756e-05,0.0,0.0,-2.056245105119649,-0.04538048528145571,0.20716453561443698,0.52387205115567,0.0
oft,extra_object,episode_000005,alignment,11,11,1,0.1796875,0.02001953125,0.0,0,0,0,0.007322074242013841,0.024929110835367804,0.15966796875,0.1617681476156496,0.025982173470431896,2.5596213416820355,0.9742032537892107,0.023475404119059927,0.427648492680161,0.1796875,0.4644587447195035,0.42829233928494087,65.11007660225116,0.1496723041687419,0.01627466090412726,0.417263147288584,0.02001953125,0.4180600199782186,0.4175804098287165,63.2223618293199,0.002293139814886728,1.0194139850200827,-0.9519957385181236,-0.5389935692322316,-0.6285202270559439,1.454948505243832,1.3025351986235183,-0.327316076180693
openvla,extra_object,episode_000005,alignment,12,12,,0.0019607843137254832,0.0019607843137254832,0.0,0,0,0,0.0005006255969703903,0.01672000635722991,0.0,0.016727499471652977,0.016727499471652977,1.8337615548347836,0.0,0.02134136609811739,0.39010063954018664,0.0019607843137254832,0.3906888884415853,0.39068396803119076,52.04473433809752,2.518822293519345e-05,0.021619563133825757,0.4155638048149746,0.0019607843137254832,0.41613041952916724,0.4161257999480395,55.42340423090118,2.220244072203803e-05,0.0,0.02516122780224117,-0.05056340422425364,-1.7547120975496162,-0.07768670085541396,0.52387205115567,0.0
oft,extra_object,episode_000005,alignment,12,12,2,0.169921875,0.0225830078125,0.0,0,0,0,0.005437041838640736,0.023537169795714,0.1473388671875,0.14930606675565186,0.024156982136587367,2.3098198571153605,0.9738223626612157,0.021905789726743615,0.39157495918534957,0.169921875,0.42741578806599567,0.39218721586069133,59.28050611955659,0.15805107814657718,0.017872563896513535,0.4101468876098905,0.0225830078125,0.4111567708285667,0.410536110416995,61.97303682429355,0.003016814984390585,0.8111327012786699,-0.6132586376288754,-0.39363506729361775,-0.7983905586926853,1.3975627935685593,1.210148079371803,-0.3020416696866181
openvla,extra_object,episode_000005,alignment,13,13,,0.0019607843137254832,0.0019607843137254832,0.0,0,0,0,0.0005006255969703938,0.013654771743502343,0.0,0.013663945892585055,0.013663945892585055,1.8341253224554859,0.0,0.022038759248965888,0.4146987974686195,0.0019607843137254832,0.4152886275908334,0.4152839986456894,56.07832767203462,2.2292540843057984e-05,0.02137224369881117,0.4242783585287445,0.0019607843137254832,0.42482083634361933,0.4248163112647244,57.32900667787725,2.130335618120958e-05,0.0,0.02516122780224117,-0.050563404224254,-1.7547120975496162,0.5308591225119945,0.0,0.0
oft,extra_object,episode_000005,alignment,13,13,3,0.2236328125,0.0194091796875,0.0,0,0,0,0.005873785875588528,0.02328066090015214,0.2042236328125,0.20563020870386473,0.024010217251414778,2.333782370708911,0.986366155173024,0.023527476005544334,0.41691589842443627,0.2236328125,0.47369192869723514,0.41757922420331967,63.83187904242298,0.22288409678453952,0.018003652668923176,0.42234686000019467,0.0194091796875,0.42317575298874216,0.4227304125106771,64.4947993320031,0.0021036467323926164,0.849942878373343,-0.5345945715455901,-0.4535821867062578,-0.8705854496383006,1.371959937590361,1.1904388272647701,-0.4186542778672014
openvla,extra_object,episode_000005,alignment,14,14,,0.0019607843137254832,0.0019607843137254832,0.0,0,0,0,0.0014904362982356577,0.01938606161806602,0.0,0.019443270954717238,0.019443270954717238,1.9885450471716546,0.0,0.022334604778619253,0.4174990494823508,0.0019607843137254832,0.41810062851472546,0.4180960307026168,57.66192473215535,2.199368531984219e-05,0.02160636797914175,0.4430833394644919,0.0019607843137254832,0.44361416289764827,0.44360982952168254,60.934884997890926,1.953659356793791e-05,0.0,0.02516122780224117,-0.15169021267276128,-1.7547120975496162,0.6085458233674086,0.6937765001791308,0.0
oft,extra_object,episode_000005,alignment,14,14,4,0.474609375,0.056640625,0.0,0,0,0,0.005641002803678347,0.020221969984574643,0.41796875,0.4184956689850573,0.020994022546623713,2.1345538901082546,0.9974834278686915,0.023537131313537216,0.41926707328182794,0.474609375,0.6337136057610496,0.41992722618184736,65.28265817271574,0.5609014494434325,0.01881471104948675,0.4405846100430086,0.056640625,0.4446087632503618,0.440986158466029,68.27916120204986,0.016229309295319565,0.7357762740865129,-0.27452153673962726,-0.4844841310052514,-0.7134553928743144,1.1741999465863446,1.0406485112513224,-0.8568274043139853
openvla,extra_object,episode_000005,alignment,15,15,,0.0019607843137254832,0.0019607843137254832,0.0,0,0,0,0.00943056057042114,0.01942385609443654,0.0,0.021592166594618555,0.021592166594618555,2.2105299874232682,0.0,0.022751218844438554,0.4445741242909433,0.0019607843137254832,0.4451602123091096,0.4451558939831827,61.8324909759134,1.9401127334879426e-05,0.014222617211105388,0.4542759458582546,0.0019607843137254832,0.4545027640189556,0.4544985344594034,62.737193911831845,1.8611723435395863e-05,0.0,0.02516122780224117,-0.9607046802608199,-1.7547120975496162,0.634441390319213,0.6937765001791308,0.0
oft,extra_object,episode_000005,alignment,15,15,0,0.07177734375,0.0255126953125,0.0,0,0,0,0.002626850596095895,0.007518980811692217,0.0462646484375,0.04694521393652686,0.007964635365213218,0.9873104142829421,0.971216132251075,0.019196578419528702,0.45613925395164145,0.07177734375,0.4621509652639307,0.4565430183658241,70.81288115752689,0.024121651351124426,0.01745500056395541,0.4560327922225851,0.0255126953125,0.4570792953625482,0.45636672164720243,70.58378175968001,0.0031155131348930007,0.4288524568961387,-0.5683077427241411,-0.07851481126611229,-0.22083143112776377,0.5091878339802067,0.3803885656657295,-0.09484158476489499
openvla,extra_object,episode_000005,alignment,16,16,,0.0019607843137254832,0.0019607843137254832,0.0,0,0,0,0.008272481178175192,0.019194333627553725,0.0,0.020901109737262818,0.020901109737262818,2.1251993067102637,0.0,0.016400965876458902,0.1753019779822904,0.0019607843137254832,0.17607844797506922,0.1760675301303003,24.153212131347228,0.00012400729800683715,0.008625316387019634,0.19544306058414546,0.0019607843137254832,0.19564312072853238,0.1956332947462526,26.364543001798598,0.00010044549987826185,0.0,0.02516122780224117,-0.8427234037375613,-1.7093316122681605,0.634441390319213,0.6937765001791308,0.0
oft,extra_object,episode_000005,alignment,16,16,1,0.09814453125,0.048095703125,0.0,0,0,0,0.001872925061396409,0.006232566451114862,0.050048828125,0.050470168709238136,0.0065078977291571855,0.7615069766299029,0.983373075454779,0.014755029357296789,0.18413220681163134,0.09814453125,0.2091763119737469,0.18472244172448582,28.028089217394765,0.22014417930013963,0.013628222393431156,0.19434961101489415,0.048095703125,0.20067559992767836,0.19482684555072355,29.383781587307073,0.05744118839534953,0.18240783234496383,-0.42382272338749527,-0.11883322786222454,-0.24631198087327527,0.432599980321285,0.30746433286970914,-0.1025990758670368
openvla,extra_object,episode_000005,descent_to_grasp,17,17,,0.0019607843137254832,0.0019607843137254832,0.0,0,0,0,0.004798334994254055,0.019194333627553725,0.0,0.01978500599249146,0.01978500599249146,2.01126697137859,0.0,0.012808929488352511,0.000571338430651412,0.0019607843137254832,0.01297072771146159,0.012821665345809247,1.310362718787457,0.022852355044512454,0.00804325058899699,0.019162188038404325,0.0019607843137254832,0.020874098916636333,0.020781802868292402,2.1174733968920707,0.008823566710661274,0.0,0.02516122780224117,-0.48877957416778545,-1.7093316122681605,0.634441390319213,0.6937765001791308,0.0
oft,extra_object,episode_000005,descent_to_grasp,17,17,2,0.078125,0.0390625,0.0,0,0,0,0.001353499431006692,0.003706835883711578,0.0390625,0.039261323197626784,0.003946212485220131,0.5228030763129797,0.9898974486149572,0.011177974944156555,0.015417368283394177,0.078125,0.08041242437358795,0.01904317118123976,1.855606860566158,0.943916871657822,0.010713064476573816,0.01909540414213345,0.0390625,0.04478038762762818,0.02189530109020278,2.141597416198141,0.7609294139135625,0.09314442502721561,-0.3692394938603176,-0.07002672356166775,-0.09342868240020791,0.271919987630522,0.18526696980610644,-0.08007732750597994
openvla,extra_object,episode_000005,descent_to_grasp,18,18,,0.0019607843137254832,0.0019607843137254832,0.0,0,0,0,0.0008298047050421295,0.018822849516221565,0.0,0.018841131594435415,0.018841131594435415,1.868461849223945,0.0,0.012359062327055552,0.0005432065704572117,0.0019607843137254832,0.012525420955288632,0.012370994098383187,1.2645303024612802,0.02450614431039561,0.011449372149178723,0.018642147891745262,0.0019607843137254832,0.021965028471482653,0.02187733531827155,2.183120282627591,0.007968858342715704,0.0,0.02516122780224117,-0.08427234037375596,-1.7244584406953125,0.16832118518673017,0.6937765001791308,0.0
oft,extra_object,episode_000005,descent_to_grasp,18,18,3,0.07568359375,0.0272216796875,0.0,0,0,0,0.0018120848434353182,0.0013194566891297124,0.0484619140625,0.048513727253587026,0.002241565844292142,0.5549893483844796,0.9978651187821926,0.010418505130851321,0.02810749430038098,0.07568359375,0.0814038257572859,0.029976265361240793,2.8537185987490004,0.8643982116228686,0.009828574464050534,0.02884491767179967,0.0272216796875,0.04086135088928335,0.030473433536250673,2.9890004871994296,0.44381747465845045,0.09702544273668301,-0.49124906574459626,-0.10185705245333511,0.09342868240020791,0.16465284965289745,0.03449119118730704,-0.09934593443710636
openvla,extra_object,episode_000005,descent_to_grasp,19,19,,0.0019607843137254832,0.0019607843137254832,0.0,0,0,0,0.004797889069693636,0.0007003275009519372,0.0,0.004848731600498758,0.004848731600498758,0.4991787959419207,0.0,0.012743232257860958,0.0005432065704572117,0.0019607843137254832,0.012904639354934638,0.01275480465377561,1.3028385929513648,0.02308702132545469,0.008184863888946636,0.00025473008800697724,0.0019607843137254832,0.008420306373480159,0.008188826796209496,0.8380697013443924,0.05422553687429974,0.0,0.0,-0.48877957416778545,-0.04538048528145571,0.09063448433131623,0.0,0.0
oft,extra_object,episode_000005,descent_to_grasp,19,19,4,0.3984375,0.08251953125,0.0,0,0,0,0.0031710916325592992,0.011307677422560048,0.31591796875,0.3161361769395599,0.011743908669380985,1.358607472009905,0.9986200068323149,0.01346142542565003,0.004505733327522759,0.3984375,0.3986902971148898,0.014195478410715378,1.6915722488003406,0.9987322642596256,0.011820709715701611,0.015806198102726838,0.08251953125,0.08484714558761099,0.019737402986348736,1.9822952127655278,0.9458865100508116,0.45213856315294276,-0.42221733428375424,-0.22732159883465666,-0.3482341798553202,0.734537109443488,0.5755101615253525,-0.6476253862046127
openvla,extra_object,episode_000005,descent_to_grasp,20,20,,0.0019607843137254832,0.0019607843137254832,0.0,0,0,0,0.007610444731238182,0.0007084035609781115,0.0,0.007643343810953258,0.007643343810953258,0.7823405743163095,0.0,0.011538740000094616,0.0006273379870130511,0.0019607843137254832,0.011720953411079022,0.011555780966240796,1.1815762404896435,0.027985544966993726,0.0036957785153693087,0.00013483472539969638,0.0019607843137254832,0.0041858851349255745,0.0036982373149703337,0.3842967531009285,0.219424458092591,0.0,0.0,-0.7753055314385563,-0.015126828427151595,0.10358226780721849,0.0,0.0
oft,extra_object,episode_000005,descent_to_grasp,20,20,0,0.1142578125,0.057373046875,0.0,0,0,0,0.00210402714043502,0.0011381373404876355,0.056884765625,0.056935040590348936,0.002392130183225703,0.3352942396819833,0.998234733203107,0.010392763429068455,0.0008690363760280303,0.1142578125,0.11473278726327797,0.010429034275302897,1.2736386888321654,0.9917374690164366,0.008140565585248833,0.0016471051064061576,0.057373046875,0.05797109858369284,0.008305526068786186,0.9965993317599131,0.9794736736139436,0.21216230145088008,0.04816167311221527,-0.19947006105444778,-0.06794813265469643,0.06356571139414798,0.055185905899691357,-0.11661260818058329
openvla,extra_object,episode_000005,descent_to_grasp,21,21,,0.0019607843137254832,0.0019607843137254832,0.0,0,0,0,0.005294222421730908,0.0005244283526958945,0.0,0.0053201330949394126,0.0053201330949394126,0.5449092326531034,0.0,0.004953519234892495,0.000221462026988444,0.0019607843137254832,0.005332079647267066,0.004958467327697921,0.5139930986234745,0.1352279274025574,0.0006651949515986472,0.0007088090796627639,0.0019607843137254832,0.002188508569779112,0.0009720569093652393,0.155585810559655,0.802718264396807,0.0,0.0,0.539342978392039,0.0,-0.07768670085541377,0.0,0.0
oft,extra_object,episode_000005,descent_to_grasp,21,21,1,0.140625,0.11572265625,0.0,0,0,0,0.0004631345677436073,0.0001021754634308593,0.02490234375,0.024906859651435995,0.00047427149731600875,0.1009403806591295,0.9996374097652908,0.010934540554039314,0.0008343915117641569,0.140625,0.14105194437271268,0.010966329665062712,1.2561517741322716,0.9939554435160531,0.010676621755611019,0.0008990663938636431,0.11572265625,0.11621760512955266,0.01071440957276515,1.2033574133740592,0.9915005143670177,0.06727097363076694,0.03852933848977198,-0.036074372743889624,-0.008493516581836988,0.014125713643144001,0.0,-0.05104929628506221
openvla,extra_object,episode_000005,descent_to_grasp,22,22,,0.9980392156862745,0.9980392156862745,0.0,1,1,0,0.00430155571765636,0.0010200533333175506,0.0,0.004420847248538946,0.004420847248538946,0.46300956445192276,0.0,0.0019581942648905066,0.0012271207714196597,0.9980392156862745,0.9980418911036955,0.002310919766391653,2.066268150938412,0.9999946386742704,0.0021856797680854683,0.0003639597287418833,0.9980392156862745,0.9980416753374615,0.002215775876022666,2.061342553021665,0.9999950710512059,0.0,0.0,-0.43821616994353146,0.04538048528145571,0.14242561823492547,0.0,0.0
oft,extra_object,episode_000005,descent_to_grasp,22,22,2,0.146484375,0.125,0.0,0,0,0,0.0008515513199834587,0.0007921519722855852,0.021484375,0.021515831695251442,0.0011630324147509877,0.19717264350017805,0.9970780864573694,0.010621623170016263,0.0004685377345736034,0.146484375,0.14686970594889598,0.010631952143164758,1.2024546386483785,0.9947596345405111,0.011408813210617416,0.001214758182207202,0.125,0.12552544226696036,0.011473301892480553,1.2499613154435156,0.9916456373788861,0.10866849586508481,0.1252203500917598,0.06366065778333435,-0.025480549745510964,0.056502854572576006,0.039418504214065245,-0.044042530128288966
openvla,extra_object,episode_000005,descent_to_grasp,23,23,,0.9980392156862745,0.9980392156862745,0.0,1,1,0,0.00016544445067909197,0.0010634018513373214,0.0,0.0010761948539591468,0.0010761948539591468,0.15566073633358982,0.0,0.013524368649270337,0.0008807754056764309,0.9980392156862745,0.9981312340370632,0.013553018581726023,2.4722338874480845,0.9998156272320996,0.012842616423601455,0.00037636600509548295,0.9980392156862745,0.9981219116398795,0.012848130135297873,2.4311549018146685,0.9998343037520838,0.0,0.0,-0.01685446807475133,0.060507313708607305,0.14242561823492547,0.0,0.0
oft,extra_object,episode_000005,descent_to_grasp,23,23,3,0.380859375,0.357421875,0.0,0,0,0,0.0011202600303473003,0.0007582467147532384,0.0234375,0.023476505848742224,0.0013527455843682554,0.16247538237068412,0.9966797916872036,0.012434733454701778,0.0004442757460983026,0.380859375,0.38106257163675716,0.01244266760096286,1.536534770052613,0.9989338104767993,0.012987325351185646,0.0007158148121134443,0.357421875,0.35765846800982976,0.013007036965534862,1.5603473222677742,0.9986774267788574,0.05174690279289774,0.0658209532533611,0.11405867852847394,-0.008493516581836988,0.04943999775100404,0.039418504214065245,-0.04804639650358796
openvla,extra_object,episode_000005,descent_to_grasp,24,24,,0.9980392156862745,0.9980392156862745,1.0,1,1,1,0.0004963333520372724,0.0010408083593093675,0.0,0.0011530953287360122,0.0011530953287360122,0.15612003227105,0.0,0.011016486101753199,0.0008542620433936378,0.0019607843137254832,0.01122218360186004,0.011049557894726126,1.1310352275497286,0.030528460795624313,0.011918158155056603,0.0003649338804784379,0.0019607843137254832,0.012083887854122743,0.011923743981906992,1.216979084740416,0.02632972211703973,0.0,0.0,0.05056340422425364,0.09076097056291142,0.11653005128312073,0.0,0.0
oft,extra_object,episode_000005,descent_to_grasp,24,24,4,0.70703125,0.703125,1.0,1,1,1,0.0009362419500027388,0.0009331591576666468,0.00390625,0.004123848210710726,0.001321867997374192,0.13946702671181102,0.8972526017212789,0.011130010809537808,0.0004845518639384705,0.29296875,0.2931804911785431,0.011140553448068666,1.3239216818008368,0.9985560791190183,0.012432988952742936,0.000649871842013848,0.296875,0.2971359405603941,0.01244996175536577,1.4518715901577683,0.9982443996323281,0.05692159307218747,-0.011237723726183447,0.0953583603046199,-0.025480549745511488,0.063565711394148,0.04730220505687832,-0.008007732750597994
openvla,extra_object,episode_000005,grasp_close,25,25,,0.9980392156862745,0.9980392156862745,1.0,1,1,1,0.00016544445067909197,0.0004868181712054505,0.0,0.0005141632017913435,0.0005141632017913435,0.06793959445029114,0.0,0.00019754619615268968,0.000221462026988444,0.0019607843137254832,0.001983114987579929,0.0002967657814038324,0.03659436767722802,0.9776059907764796,0.00036172154485431115,0.0003649338804784379,0.0019607843137254832,0.002026991449928873,0.0005138279995609816,0.06051901261936578,0.9357413349818787,0.0,0.0,-0.01685446807475133,0.060507313708607305,0.025895566951804724,0.0,0.0
oft,extra_object,episode_000005,grasp_close,25,25,0,0.9296875,0.94921875,1.0,1,1,1,0.0006105384032589407,0.0001837156391784175,0.01953125,0.01954165384864937,0.0006375802521508264,0.09053730511196756,0.998935496528651,0.0017438063843622643,0.0005581414025316788,0.0703125,0.07033633512475157,0.0018309512640599212,0.2501611101272981,0.9993223677019156,0.002323865485706026,0.000415707830646473,0.05078125,0.05083609461159085,0.002360754920807431,0.271738616150236,0.9978434603442294,0.010349380558579467,0.046556284008475106,0.06259964682027878,0.0169870331636745,-0.007062856821571965,0.007883700842813078,0.04003866375298997
openvla,extra_object,episode_000005,grasp_close,26,26,,0.9980392156862745,0.9980392156862745,1.0,1,1,1,0.005956000224447273,0.0004925424323800361,0.0,0.005976331376464227,0.005976331376464227,0.6109542872489304,0.0,0.005595886597666487,0.0005030208418749329,0.0019607843137254832,0.005950769018056061,0.005618449677740647,0.5746318002701842,0.10857090584561817,0.00036172154485431115,9.85178689534503e-05,0.0019607843137254832,0.001996302424851213,0.0003748976480519965,0.03837671379058902,0.9647326552581199,0.0,0.0,-0.606760850691044,-0.030253656854303652,0.06473891737951169,0.0,0.0
oft,extra_object,episode_000005,grasp_close,26,26,1,0.9765625,0.9765625,1.0,1,1,1,0.0016085143782525264,0.0001021754634308593,0.0,0.0016117562875237752,0.0016117562875237752,0.17203451543040862,0.0,0.003920410004203428,0.0005198229426196999,0.0234375,0.023768808063147216,0.003954722555721465,0.42587183181999627,0.9723167398188152,0.005527071494840934,0.00042041734938292035,0.0234375,0.02408405439926478,0.005543037980813892,0.5898888633146394,0.9470292027076744,0.0,0.022475447452366893,0.16976175408889174,-0.008493516581836988,-0.014125713643144001,0.0,0.0
openvla,extra_object,episode_000005,grasp_close,27,27,,0.9980392156862745,0.9980392156862745,1.0,1,1,1,0.006783222477842729,0.00020847168477818007,0.0,0.006786425246568705,0.006786425246568705,0.6916836505796712,0.0,0.006092212011624648,0.000221462026988444,0.0019607843137254832,0.006403808847001399,0.006096235939002154,0.621389383600917,0.09375251527892865,0.0006918884493685442,9.85178689534503e-05,0.0019607843137254832,0.002081607677211211,0.0006988672240652998,0.07129542353211941,0.8872824386167988,0.0,0.0,-0.6910331910648003,0.015126828427152057,0.025895566951804724,0.0,0.0
oft,extra_object,episode_000005,grasp_close,27,27,2,0.984375,0.984375,1.0,1,1,1,0.0014063954166917496,0.00017246011636027066,0.0,0.001416929977037171,0.001416929977037171,0.1497590418354985,0.0,0.006692349858287551,0.00029629679028763507,0.015625,0.017000469505682958,0.006698905762410466,0.7092780860602713,0.844730588983322,0.008098379223473189,0.00018754807898025688,0.015625,0.017599987083208653,0.008100550618884582,0.8566354047761479,0.7881617489482269,-0.005174690279289734,0.0016053891037401623,0.14854153482778004,-0.008493516581836988,-0.014125713643144001,-0.007883700842813078,0.0
openvla,extra_object,episode_000005,grasp_close,28,28,,0.9980392156862745,0.9980392156862745,1.0,1,1,1,0.006783222477842729,0.0007948009610784726,0.0,0.006829627790124592,0.006829627790124592,0.7009528835403361,0.0,0.006092212011624648,0.0007946371670753618,0.0019607843137254832,0.0064491216880155945,0.006143817658580144,0.6315893975721895,0.09243969511804616,0.0006918884493685442,9.85178689534503e-05,0.0019607843137254832,0.002081607677211211,0.0006988672240652998,0.07129542353211941,0.8872824386167988,0.0,0.0,-0.6910331910648003,0.015126828427152057,0.11653005128312073,0.0,0.0
oft,extra_object,episode_000005,grasp_close,28,28,3,0.98828125,0.98828125,1.0,1,1,1,0.0017276354780333702,7.055295174315157e-05,0.0,0.0017290754940022899,0.0017290754940022899,0.1828349510968751,0.0,0.00910275423396673,0.00020006003814359547,0.01171875,0.014840123322444502,0.009104952425074019,0.9623367559599617,0.6235733681435914,0.010830387308574546,0.00014868245363440852,0.01171875,0.015957709650455836,0.010831407836738092,1.1445383538702731,0.5392888747623328,0.0,0.0016053891037401623,0.1824938856455589,-0.008493516581836988,-0.007062856821572001,0.0,0.0
openvla,extra_object,episode_000005,grasp_close,29,29,,0.9980392156862745,0.9980392156862745,1.0,1,1,1,0.008437666984633635,0.00011358740788824928,0.0,0.008438431503710108,0.008438431503710108,0.8597109622702553,0.0,0.0077466374045291435,0.0001419759787906853,0.0019607843137254832,0.007992197656511974,0.007747938322922015,0.7893701875743405,0.06019039811468194,0.0006918884493685442,9.85178689534503e-05,0.0019607843137254832,0.002081607677211211,0.0006988672240652998,0.07129542353211941,0.8872824386167988,0.0,0.0,-0.8595778718123123,0.015126828427152057,0.0,0.0,0.0
oft,extra_object,episode_000005,grasp_close,29,29,4,0.98828125,0.9921875,1.0,1,1,1,0.0016874582256335834,0.0,0.00390625,0.004255150329395947,0.0016874582256335834,0.17843684360952144,0.8427334914940372,0.009625070483803237,0.00022916660553863323,0.01171875,0.01516652896063481,0.009627798250445133,1.0173279047245247,0.5970217887919376,0.01131250411103551,0.00022916660553863323,0.0078125,0.013749924466893968,0.01131482508018968,1.1953416202838036,0.32283412536290507,0.0,-0.0016053891037401623,0.17824984179333628,0.0,0.0,0.0,0.008007732750597994
openvla,extra_object,episode_000005,grasp_close,30,30,,0.9980392156862745,0.9980392156862745,1.0,1,1,1,0.0004963333520372724,0.0007948009610784726,0.0,0.0009370460842860498,0.0009370460842860498,0.12792471081482465,0.0,0.00019754619615268968,0.0007946371670753618,0.0019607843137254832,0.00212488772688438,0.0008188239901907818,0.11882570773771876,0.8515059198703359,0.0006918884493685442,9.85178689534503e-05,0.0019607843137254832,0.002081607677211211,0.0006988672240652998,0.07129542353211941,0.8872824386167988,0.0,0.0,-0.05056340422425364,0.015126828427152057,0.11653005128312073,0.0,0.0
oft,extra_object,episode_000005,grasp_close,30,30,0,0.984375,0.984375,1.0,1,1,1,0.001004435317293266,0.00024113402972654346,0.0,0.0010329743108704037,0.0010329743108704037,0.11310658952950342,0.0,0.003799844532293002,0.00032217511786305163,0.015625,0.016083632682829058,0.003813478107471851,0.4054726924690875,0.9437821512493753,0.00480416510759537,0.0005308364291260629,0.015625,0.01635550105302568,0.004833403531211122,0.5153832951292976,0.9126669950919324,0.0,0.0,0.10610109630555738,0.016987033163673976,0.035314284107859965,0.0,0.0
openvla,extra_object,episode_000005,grasp_close,31,31,,0.9980392156862745,0.9980392156862745,1.0,1,1,1,0.0004963333520372724,0.0007948009610784726,0.0,0.0009370460842860498,0.0009370460842860498,0.12792471081482465,0.0,0.00019754619615268968,0.0007946371670753618,0.0019607843137254832,0.00212488772688438,0.0008188239901907818,0.11882570773771876,0.8515059198703359,0.0006918884493685442,9.85178689534503e-05,0.0019607843137254832,0.002081607677211211,0.0006988672240652998,0.07129542353211941,0.8872824386167988,0.0,0.0,-0.05056340422425364,0.015126828427152057,0.11653005128312073,0.0,0.0
oft,extra_object,episode_000005,grasp_close,31,31,1,0.98828125,0.984375,1.0,1,1,1,0.0015671082613594755,0.00015582164614506697,0.00390625,0.004211757085911826,0.0015748360829713284,0.16637758025457106,0.860188117487366,0.0072546876022162405,0.00026585370550426685,0.01171875,0.0137851467877923,0.007259557176472982,0.7674792529548223,0.7226696049285153,0.008821542570195766,0.00020343463969834893,0.015625,0.017944403695035544,0.008823887973586547,0.9330210970007565,0.7581968748779931,-0.005174690279290135,0.0032107782074809023,0.16551771023666947,-0.008493516581836988,0.007062856821572001,0.00788370084281303,-0.008007732750597994
openvla,extra_object,episode_000005,grasp_close,32,32,,0.9980392156862745,0.9980392156862745,1.0,1,1,1,0.008437666984633635,0.0007352155485969966,0.0,0.008469637893468364,0.008469637893468364,0.8663248164900554,0.0,0.0077466374045291435,0.0007405867151425755,0.0019607843137254832,0.008025181299188673,0.007781957321901458,0.7965581186942454,0.0596966475803871,0.0006918884493685442,9.85178689534503e-05,0.0019607843137254832,0.002081607677211211,0.0006988672240652998,0.07129542353211941,0.8872824386167988,0.0,0.0,-0.8595778718123123,-0.030253656854303652,0.10358226780721849,0.0,0.0
oft,extra_object,episode_000005,grasp_close,32,32,2,0.98828125,0.98828125,1.0,1,1,1,0.001325889707937206,0.00014986555073847135,0.0,0.0013343324926389057,0.0013343324926389057,0.1405687366050203,0.0,0.009504516905389048,0.00011893007683013642,0.01171875,0.015089038654947538,0.00950526096264595,1.0044515266568397,0.6031695886171483,0.010830387308574546,0.00019581586644131077,0.01171875,0.01595821840525385,0.010832157361637744,1.1444487067942006,0.5392544897925154,0.0,0.0032107782074809023,0.14005344712333587,-0.008493516581836988,0.0,-0.00788370084281303,0.0
openvla,extra_object,episode_000005,grasp_close,33,33,,0.9980392156862745,0.9980392156862745,1.0,1,1,1,0.006783222477842729,0.0003496189017972647,0.0,0.0067922264803527265,0.0067922264803527265,0.6929712784121882,0.0,0.006092212011624648,0.00035860697209982715,0.0019607843137254832,0.0064100172605051665,0.006102757258405601,0.622827825916393,0.09357099548444565,0.0006918884493685442,9.85178689534503e-05,0.0019607843137254832,0.002081607677211211,0.0006988672240652998,0.07129542353211941,0.8872824386167988,0.0,0.0,-0.6910331910648003,0.0,0.051791133903609426,0.0,0.0
oft,extra_object,episode_000005,grasp_close,33,33,3,0.98828125,0.98828125,1.0,1,1,1,0.0011250089101781874,0.0,0.0,0.0011250089101781874,0.0011250089101781874,0.11887659627047291,0.0,0.010348260423353373,0.00021108108453903116,0.01171875,0.01563522147512762,0.010350412987595804,1.0936042451063108,0.561764775317202,0.01147324973871145,0.00021108108453903116,0.01171875,0.016401497381446382,0.011475191274706165,1.2124164778490472,0.5104998054489391,0.0,0.0032107782074809023,0.11883322786222454,0.0,0.0,0.0,0.0
openvla,extra_object,episode_000005,grasp_close,34,34,,0.9980392156862745,0.9980392156862745,1.0,1,1,1,0.006783222477842729,0.0,0.0,0.006783222477842729,0.006783222477842729,0.6910331910648003,0.0,0.005639102141572821,9.85178689534503e-05,0.0019607843137254832,0.005971084814214769,0.00563996265356379,0.5745771664247011,0.10783336747285023,0.0013066680455519392,9.85178689534503e-05,0.0019607843137254832,0.0023583388808060576,0.001310376721317062,0.1335460444204164,0.6912692297266242,0.0,0.0,-0.6910331910648003,0.0,0.0,0.0,0.0
oft,extra_object,episode_000005,grasp_close,34,34,4,0.98828125,0.9921875,1.0,1,1,1,0.0010446238641175372,0.00014986555073847135,0.00390625,0.004046293089147399,0.0010553192411692305,0.11125216212426739,0.9319774296439145,0.009734450950874197,0.00011893007683013642,0.01171875,0.015234919797644174,0.009735177434343474,1.0287627984350125,0.5916736578012545,0.010617011581855783,0.00019581586644131077,0.0078125,0.013183111735580868,0.010618817202627136,1.1217745551213152,0.3511916606448153,0.0,-0.0016053891037407398,0.11034514015777928,-0.008493516581836988,0.0,-0.00788370084281303,0.008007732750597994
openvla,extra_object,episode_000005,lift,35,35,,0.9980392156862745,0.9980392156862745,1.0,1,1,1,0.008437666984633635,0.00011358740788824928,0.0,0.008438431503710108,0.008438431503710108,0.8597109622702553,0.0,0.005075593512762075,0.0001419759787906853,0.0019607843137254832,0.0054430213861694455,0.005077578821184959,0.5173606196158246,0.1297715722565321,0.01336584785154816,9.85178689534503e-05,0.0019607843137254832,0.013509266067636302,0.013366210927605388,1.3616729503980574,0.021066681882513698,0.0,0.0,-0.8595778718123123,0.015126828427152057,0.0,0.0,0.0
oft,extra_object,episode_000005,lift,35,35,0,0.984375,0.98828125,1.0,1,1,1,0.001104878849022592,0.00024710719883672035,0.00390625,0.004067014666955901,0.0011321745619534197,0.12179689878343347,0.9225047099000129,0.009043089523130743,0.00035828025996484646,0.015625,0.01805675657110206,0.00905018413448243,0.9573324011364084,0.7487909134066174,0.0077909037848069036,0.000501374563985807,0.01171875,0.014081145542889275,0.0078070198051196525,0.8275560686019626,0.692606565431702,0.0,0.0,0.11671120593611305,0.016987033163673976,0.028251427286288003,0.00788370084281303,0.008007732750597994
openvla,extra_object,episode_000005,lift,36,36,,0.9980392156862745,0.9980392156862745,1.0,1,1,1,0.008437666984633635,0.0004169433695563582,0.0,0.008447962234586128,0.008447962234586128,0.8616679888527039,0.0,0.005076950385283583,0.00043024265214219035,0.0019607843137254832,0.005459414719482793,0.005095148079727759,0.5207982869547779,0.12899339557464748,0.013471138979228654,9.85178689534503e-05,0.0019607843137254832,0.013613447994286702,0.01347149921754059,1.3723990364582699,0.020745474591889655,0.0,0.0,-0.8595778718123123,-0.030253656854303652,0.051791133903609426,0.0,0.0
oft,extra_object,episode_000005,lift,36,36,1,0.98828125,0.98828125,1.0,1,1,1,0.0014866346841669086,0.00013893403617431903,0.0,0.001493112638274732,0.001493112638274732,0.15730114608343354,0.0,0.005448524803660251,0.0002006672161938715,0.01171875,0.012925006438306172,0.005452218802263532,0.577004435066662,0.8220553168899472,0.00391875171055865,0.00026585370550426685,0.01171875,0.012359465794452311,0.003927759305473884,0.416213602475012,0.8990072187184911,0.0,0.004816167311221642,0.15702962253222494,0.0,0.0,-0.00788370084281303,0.0
openvla,extra_object,episode_000005,lift,37,37,,0.9980392156862745,0.9980392156862745,1.0,1,1,1,0.01091933374482,0.0,0.0,0.01091933374482,0.01091933374482,1.1123948929335807,0.0,0.002573649200170771,9.85178689534503e-05,0.0019607843137254832,0.0032369817887956506,0.002575534114711505,0.2624065628458037,0.3669265484482067,0.013623692004282493,9.85178689534503e-05,0.0019607843137254832,0.013764423879080655,0.013624048208886148,1.3879397364504849,0.020292874572723937,0.0,0.0,-1.1123948929335807,0.0,0.0,0.0,0.0
oft,extra_object,episode_000005,lift,37,37,2,0.98828125,0.98828125,1.0,1,1,1,0.001044623864117541,0.00014986555073847135,0.0,0.001055319241169234,0.001055319241169234,0.11096359670414145,0.0,0.0030160617502809853,0.00011893007683013642,0.01171875,0.012101234416669352,0.0030184056792755386,0.32008518342607034,0.9377848903410698,0.00210243764060877,0.00019581586644131077,0.01171875,0.011907463602661095,0.002111536854094366,0.2241727145184561,0.9685544781529717,0.0,0.0016053891037401623,0.11034514015777964,-0.008493516581836988,0.0,-0.00788370084281303,0.0
openvla,extra_object,episode_000005,lift,38,38,,0.9980392156862745,0.9980392156862745,1.0,1,1,1,0.002647111210865454,0.0007866425290438423,0.0,0.0027615220859500767,0.0027615220859500767,0.29377196077441703,0.0,0.0027485896202067168,0.0007880335140380215,0.0019607843137254832,0.0034670472803968407,0.002859325395885403,0.30320702081008777,0.31984540758324725,0.005092272525923448,9.85178689534503e-05,0.0019607843137254832,0.00545762039479935,0.005093225426856532,0.5188802430992931,0.12907822891420528,0.0,0.0,-0.2696714891960195,0.0,0.11653005128312073,0.0,0.0
oft,extra_object,episode_000005,lift,38,38,3,0.98828125,0.98828125,1.0,1,1,1,0.0009240930783018651,0.00013893403617431903,0.0,0.0009344788300293934,0.0009344788300293934,0.09794401187063066,0.0,0.0025080703923190113,0.00011893007683013642,0.01171875,0.01198472623878001,0.0025108885789700153,0.26676818403742053,0.9561066582616504,0.001280945280358865,0.00021108108453903116,0.01171875,0.011790440093483526,0.0012982203339663974,0.1393184242063812,0.987876255303442,0.0,0.0016053891037407398,0.09761300860111248,0.0,0.0,-0.00788370084281303,0.0
openvla,extra_object,episode_000005,lift,39,39,,0.9980392156862745,0.9980392156862745,1.0,1,1,1,0.00992666704074546,0.00028664741590770683,0.0,0.009930804865612292,0.009930804865612292,1.0120518775433025,0.0,0.005049703025365783,0.0002573238228125581,0.0019607843137254832,0.005423134823985766,0.005056255155169211,0.5155174173558904,0.13072505847453714,0.01513988475570649,0.00019645361118438722,0.0019607843137254832,0.015267592461235435,0.01514115928314015,1.542601519507258,0.016493716680713644,0.0,0.0,-1.0112680844850739,-0.030253656854303652,-0.025895566951804724,0.0,0.0
oft,extra_object,episode_000005,lift,39,39,4,0.98828125,0.9921875,1.0,1,1,1,0.001044612729984993,0.00013893403617431903,0.00390625,0.004045900083362711,0.001053811378783882,0.11091585314653593,0.9321584970468517,0.0023630126967681153,8.906734797224952e-05,0.01171875,0.011954951424412486,0.002364690676930522,0.2512288254046511,0.9608751174721792,0.0014820783086917806,0.00019581586644131077,0.0078125,0.007954247683888454,0.001494958182239507,0.15842099519020014,0.9646768139577392,0.0,0.0,0.11034514015777928,0.0,0.0,-0.00788370084281303,0.008007732750597994
openvla,extra_object,episode_000005,lift,40,40,,0.9980392156862745,0.9980392156862745,1.0,1,1,1,0.00033088890135818047,0.00014332370795385163,0.0,0.00036059554947844914,0.00036059554947844914,0.03915045863760159,0.0,0.004358045108701393,0.00015829896055952945,0.0019607843137254832,0.004781452797565012,0.004360919138254041,0.44440674165635496,0.16816666139358125,0.004328567108366749,0.00013483472539969638,0.0019607843137254832,0.004753877232297865,0.004330666647850893,0.44130888491379955,0.17012327077318878,0.0,0.0,-0.03370893614950231,-0.015126828427151595,0.012947783475902265,0.0,0.0
oft,extra_object,episode_000005,lift,40,40,0,0.98046875,0.96484375,1.0,1,1,1,0.0005631138090650291,0.00026072444463163326,0.015625,0.0156373175256496,0.0006205436310109062,0.07738009216801595,0.9984252191121987,0.007927189870272472,0.00011559320896619198,0.01953125,0.021078980705712732,0.007928032607735011,0.838485433448783,0.8585406550134648,0.007004528059262511,0.0003584450932444793,0.03515625,0.03584904197158366,0.007013693479035628,0.7450646776763848,0.9617229503392007,0.005174690279290135,0.004816167311221642,0.05941661393111209,-0.008493516581836988,0.03531428410786001,0.00788370084281303,-0.032030931002391974
openvla,extra_object,episode_000005,lift,41,41,,0.9980392156862745,0.9980392156862745,1.0,1,1,1,0.0019853334081490898,0.00046078775127098026,0.0,0.0020381055157263684,0.0020381055157263684,0.2098049974108939,0.0,0.00650260574810181,0.00015829896055952945,0.0019607843137254832,0.006793645207185377,0.006504532271897875,0.6627378135201164,0.0833017112137125,0.00449169607234655,0.00038915321331391015,0.0019607843137254832,0.004916446781438591,0.004508522355469246,0.46061763515026055,0.15905852943091756,0.0,0.0,0.20225361689701457,-0.015126828427151595,-0.051791133903609426,0.014158704085288512,0.0
oft,extra_object,episode_000005,lift,41,41,1,0.9921875,0.98046875,1.0,1,1,1,0.0003628004663732192,0.00027829532281346126,0.01171875,0.011727667032602881,0.00045724442599169433,0.06084326686694215,0.9984798950067599,0.0049832698498431995,0.00022916660553863323,0.0078125,0.009269339349675918,0.004988536431605002,0.527210275049635,0.7103665398698066,0.004596286450800226,0.00018754807898025688,0.01953125,0.020065660965496227,0.004600111239930934,0.4882751000484259,0.9474431015994869,0.005174690279290135,0.006421556414962382,0.03819639467000039,-0.016987033163673976,0.03531428410786001,0.00788370084281303,-0.02402319825179398
openvla,extra_object,episode_000005,lift,42,42,,0.9980392156862745,0.9980392156862745,1.0,1,1,1,0.0019853334081490898,0.0002912549776871477,0.0,0.0020065837145607506,0.0020065837145607506,0.20316160943012326,0.0,0.006520640993198815,9.85178689534503e-05,0.0019607843137254832,0.006809782658619868,0.006521385185118876,0.6643694384498617,0.08290737130922378,0.004477768673793557,0.00020253806103433234,0.0019607843137254832,0.004892454300974755,0.0044823469256823996,0.4565622438629672,0.16062239317833435,0.0,0.0,0.20225361689701457,0.0,0.012947783475902265,0.014158704085288512,0.0
oft,extra_object,episode_000005,lift,42,42,2,0.9921875,0.98828125,1.0,1,1,1,0.00012268287378430334,0.00017246011636026996,0.00390625,0.003911979376448063,0.000211644936757233,0.024277849992848807,0.9970730004663902,0.003273663952425489,0.00022969528533603613,0.0078125,0.008473770816319951,0.003281712296578675,0.3471224481863554,0.8500150850602558,0.003095577071283405,5.804908989645412e-05,0.01171875,0.012120852637648614,0.00309612129947994,0.32797645851459584,0.93475164128301,0.005174690279289734,-0.0016053891037401623,0.012732131556666798,-0.008493516581836988,0.014125713643144001,0.00788370084281303,-0.008007732750597994
openvla,extra_object,episode_000005,lift,43,43,,0.9980392156862745,0.9980392156862745,1.0,1,1,1,0.008272222533954546,0.00011358740788824581,0.0,0.008273002341985415,0.008273002341985415,0.842859155580151,0.0,0.00642309630248129,0.00015829896055952945,0.0019607843137254832,0.00671758139487829,0.006425046666901575,0.6546414924692442,0.0851988579122643,0.001849505941335109,9.85178689534503e-05,0.0019607843137254832,0.0026972306394687333,0.0018521279646765763,0.18872088050146837,0.5284738214580336,0.0,0.0,-0.8427234037375613,-0.015126828427151595,0.0,0.0,0.0
oft,extra_object,episode_000005,lift,43,43,3,0.9921875,0.98828125,1.0,1,1,1,0.00036228716373359974,0.00013893403617431903,0.00390625,0.003925473693443101,0.0003880137309604173,0.040149950287104726,0.9902296516860223,0.010267894658703185,0.00011893007683013642,0.0078125,0.012902672643115464,0.010268583402076462,1.0849153121344977,0.3666238409971473,0.01062947975216257,0.00021108108453903116,0.01171875,0.01582275249722324,0.010631575378366285,1.1232827165844175,0.548527631002081,-0.005174690279289734,0.0,0.03819639467000039,0.0,0.0,-0.00788370084281303,-0.008007732750597994
openvla,distractor_swap,episode_000001,hold,0,0,,0.0019607843137254832,0.0019607843137254832,0.0,0,0,0,0.0019333827798140033,0.018120429599203642,0.0,0.018223280106308432,0.018223280106308432,2.5778848445415226,0.0,0.0033593914465282443,0.029781283546767606,0.0019607843137254832,0.03003423106571783,0.02997015783381826,3.7828407141907596,0.004262129219122826,0.0036083753291250883,0.022488859688230684,0.0019607843137254832,0.022860749281633744,0.022776505056587716,2.967978183679829,0.007356626825285141,0.42497897563077025,-0.050322455604482674,0.03370893614950231,1.754712097549616,1.8385852535781282,-0.042476112255865006,0.0
oft,distractor_swap,episode_000001,hold,0,0,0,0.083984375,0.03564453125,0.0,0,0,0,0.0011753757594470077,0.003375506448687415,0.04833984375,0.0484718067100396,0.0035742904136382026,0.49692420134637727,0.9945624751172845,0.003367487192678771,0.007589829930930834,0.083984375,0.08439384297751781,0.008303342000261648,1.1311942851149397,0.9903198001097356,0.004506807005174939,0.010946546070339088,0.03564453125,0.037558897591438656,0.011837997307481956,1.5996472569077054,0.9006584800537321,0.17949706906286356,-0.2697053694284059,-0.03713538370694519,-0.2548054974551123,0.20835427623637393,0.14979031601344786,-0.09909569278865017
openvla,distractor_swap,episode_000001,hold,1,1,,0.0019607843137254832,0.0019607843137254832,0.0,0,0,0,0.0019333827798140033,0.013179068143281365,0.0,0.013320127855937983,0.013320127855937983,1.8065134336148523,0.0,0.0028271980623352775,0.035302848276725,0.0019607843137254832,0.03547011164992422,0.03541587419975875,4.341415604735589,0.003055867620576447,0.0031795369097720482,0.0227975121258079,0.0019607843137254832,0.023101530018851846,0.023018167044466444,2.5405499082850165,0.007204073901623369,0.42497897563077025,-0.050322455604482674,0.03370893614950231,1.754712097549616,0.0,0.014158704085288246,0.0
oft,distractor_swap,episode_000001,hold,1,1,1,0.1513671875,0.04345703125,0.0,0,0,0,0.001525433157987941,0.0038966240719767236,0.10791015625,0.10799126097688282,0.004184569927459395,0.6045338884590833,0.9984985031179547,0.0014419627127348123,0.013714531668510787,0.1513671875,0.1519940560910579,0.013790128184737908,1.6659716390991004,0.9917684163302047,0.0029918168304020366,0.01417935847246101,0.04345703125,0.04580959222368941,0.014491555287036266,1.5871196952032776,0.8999269481543062,0.22639269971892714,-0.29539159508825424,-0.08063683319222342,-0.3057665969461347,0.21894856146873198,0.17344141854188705,-0.22121361723526958
openvla,distractor_swap,episode_000001,alignment,2,2,,0.0019607843137254832,0.0019607843137254832,0.0,0,0,0,0.0019333827798140033,0.013179068143281365,0.0,0.013320127855937983,0.013320127855937983,1.8065134336148523,0.0,0.023862275817553735,0.41955374923375827,0.0019607843137254832,0.4202363637031204,0.42023178925837623,54.231918991451685,2.1770699739084672e-05,0.023728405191796736,0.4183296290054219,0.0019607843137254832,0.4190066352599741,0.41900204738969954,54.02370211310158,2.1898675444629958e-05,0.42497897563077025,-0.050322455604482674,0.03370893614950231,1.754712097549616,0.0,0.014158704085288246,0.0
oft,distractor_swap,episode_000001,alignment,2,2,2,0.287109375,0.061767578125,0.0,0,0,0,0.002221415234497069,0.005911886657978513,0.225341796875,0.22543027859707446,0.006315464313955073,0.9561468094409526,0.9992151510611551,0.025499862919790364,0.40931991451065247,0.287109375,0.5006244387131201,0.41011344214002055,59.162329055046946,0.32890513546181904,0.02367301171281013,0.41376080809243493,0.061767578125,0.41901509698850664,0.414437471516343,59.42667583901126,0.021730104003303757,0.294957345919516,-0.404558054142609,-0.14303754045692949,-0.5011174783283875,0.33901712743545603,0.2522784269700175,-0.4619460830501218
openvla,distractor_swap,episode_000001,alignment,3,3,,0.0019607843137254832,0.0019607843137254832,0.0,0,0,0,0.0019333827798140033,0.013202475379004767,0.0,0.01334328764235068,0.01334328764235068,1.8069572593290415,0.0,0.02370926530227055,0.42841428964266975,0.0019607843137254832,0.42907432631926573,0.4290698460987521,53.14348150921552,2.08830817810781e-05,0.023515414618727835,0.42548180322847057,0.0019607843137254832,0.4261356407041854,0.4261311295871749,52.72734859463365,2.11720996885974e-05,0.42497897563077025,-0.050322455604482674,0.03370893614950231,1.754712097549616,0.0,-0.042476112255865006,0.0
oft,distractor_swap,episode_000001,alignment,3,3,3,0.41796875,0.06103515625,0.0,0,0,0,0.003940196360672023,0.012733780661427819,0.35693359375,0.35718239691309545,0.013329453000555054,1.7861242517765954,0.9986073417356564,0.02532772138834394,0.4174042115647802,0.41796875,0.5912407676059761,0.4181719374883271,57.80924332033534,0.499756993674188,0.02201025154480814,0.42417244573675905,0.06103515625,0.4291060535506711,0.42474311636019424,57.84720302803579,0.020231628361079262,0.5569260413085605,-0.6999496492308632,-0.24350201602125415,-0.9873713026385601,0.7027542537464141,0.5715683111039459,-0.7317065800858917
openvla,distractor_swap,episode_000001,alignment,4,4,,0.0019607843137254832,0.0019607843137254832,0.0,0,0,0,0.00201410515816979,0.0016280180919980005,0.0,0.002589799701914989,0.002589799701914989,0.49321067733295076,0.0,0.025785015362256972,0.4319444983715389,0.0019607843137254832,0.4327178773355651,0.4327134348395855,51.864573283312886,2.0532884855673172e-05,0.02507426373518877,0.43164557326703534,0.0019607843137254832,0.43237768709545404,0.4323732411041291,51.925281269994116,2.0565207684230125e-05,0.44429620179580503,0.0,-0.03370893614950266,0.0,-0.2071645356144369,-0.042476112255865006,0.0
oft,distractor_swap,episode_000001,alignment,4,4,4,0.52734375,0.0517578125,0.0,1,0,0,0.005415164991400523,0.01646803188824626,0.4755859375,0.4759017798179686,0.017335515168473807,2.3339999525364052,0.998673098006231,0.024903889554767727,0.42837921794708783,0.52734375,0.6798679200756402,0.42910250300355346,57.54052589076986,0.6016425009232775,0.020258906657783172,0.43428676045470394,0.0517578125,0.4378290588346042,0.4347590293544346,57.08191359033518,0.013974705391656048,0.7839655773123989,-1.001762800734079,-0.31326348684215827,-1.1391929115388977,0.9477470997446927,0.7647189817528656,-0.9749414623853058
openvla,distractor_swap,episode_000001,alignment,5,5,,0.0019607843137254832,0.0019607843137254832,0.0,0,0,0,0.0024446713874147472,0.020307529009965273,0.0,0.020454147566765658,0.020454147566765658,2.563342930625443,0.0,0.023924626339271143,0.43068789172931093,0.0019607843137254832,0.4313563405153996,0.4313518839969433,51.14447849805716,2.0662709767669236e-05,0.023586593119362755,0.441936541926115,0.0019607843137254832,0.4425698579204374,0.4425655143191697,52.23479603460486,1.962890095128487e-05,0.5408823326209802,-0.050322455604482674,0.03370893614950231,1.754712097549616,-1.7091074188191049,0.5238720511556703,0.0
oft,distractor_swap,episode_000001,alignment,5,5,0,0.2109375,0.111328125,0.0,0,0,0,0.001157507711361792,0.0030923708945459517,0.099609375,0.09966408665984915,0.0033019057907967245,0.4726307865006171,0.9989023800968109,0.024582000822195776,0.4276707563635232,0.2109375,0.47749469056652394,0.4283766457371018,57.13026035535922,0.19515087158792138,0.02360741053566656,0.4299230849356126,0.111328125,0.4447303904713159,0.4305707477206893,57.18363436816735,0.06266372011672758,0.15653438094851554,-0.22154369631619034,-0.07002672356166775,-0.19535088138225282,0.21188570464716008,0.14190661517063483,-0.20419718514024884
openvla,distractor_swap,episode_000001,alignment,6,6,,0.0019607843137254832,0.0019607843137254832,0.0,0,0,0,0.003237273320162455,0.02188799060729382,0.0,0.022126094806233162,0.022126094806233162,2.7538794589370843,0.0,0.024116047206381133,0.4305384313505144,0.0019607843137254832,0.4312177747701815,0.43121331681967107,52.671451361981234,2.067599124148663e-05,0.025072733046483855,0.43191125716047524,0.0019607843137254832,0.43264283269168735,0.43263838942512073,52.21499988139378,2.0540008591712706e-05,0.5408823326209802,-0.02516122780224117,0.2191080849717659,2.6320681463244244,-0.3107468034216554,0.46723723481451657,0.0
oft,distractor_swap,episode_000001,alignment,6,6,1,0.40234375,0.20703125,0.0,0,0,0,0.0010153310682386922,0.00309103401958689,0.1953125,0.19533959671489642,0.003253519400337765,0.5681773449310625,0.999722587371132,0.025903394421593916,0.4249589553382515,0.40234375,0.5857828887299468,0.42574769472627644,57.705082616812724,0.4717600448162612,0.025037522047769815,0.4272201481188725,0.20703125,0.4754007477334953,0.42795318957685535,57.78311945204047,0.18964966837912725,0.1319546021218888,-0.19906824886382316,-0.062334394079515174,-0.2123379145459268,0.19069713418244405,0.14190661517063483,-0.4003866375298997
openvla,distractor_swap,episode_000001,alignment,7,7,,0.0019607843137254832,0.0019607843137254832,0.0,0,0,0,0.0005479643825628393,0.0014858803326383704,0.0,0.0015836998855461814,0.0015836998855461814,0.25059964416480435,0.0,0.02536707953780977,0.4278096858501276,0.0019607843137254832,0.4285655850702287,0.42856109953128324,53.26870122370609,2.0932690948468442e-05,0.025500096876712057,0.4262081578973574,0.0019607843137254832,0.42697481597174486,0.42697031372096633,53.02581069409469,2.1088958285184283e-05,-0.11590335699020995,-0.025161227802241504,0.01685446807475133,0.0,0.2201123190903394,0.0,0.0
oft,distractor_swap,episode_000001,alignment,7,7,2,0.6171875,0.41015625,0.0,1,0,0,0.0009437069208024102,0.002955414120474764,0.20703125,0.20705449411190854,0.003102427336114738,0.5811578201335567,0.9997754909179205,0.026987547864455178,0.4220184820346656,0.6171875,0.7481633090942309,0.42288051139604393,59.102553818999795,0.6805208428968086,0.02604864983881695,0.42251783381192703,0.41015625,0.5894302346008482,0.423320035017891,58.98144434775941,0.48421010599702874,0.09831911530650535,-0.18943591424138073,-0.06565005333906368,-0.24631198087327527,0.17657142053929997,0.12613921348500876,-0.42440983578169367
openvla,distractor_swap,episode_000001,alignment,8,8,,0.0019607843137254832,0.0019607843137254832,0.0,0,0,0,0.0008016235552613523,0.02262542870614665,0.0,0.02263962509542229,0.02263962509542229,3.1071392027552225,0.0,0.023701430161528873,0.4177132130261576,0.0019607843137254832,0.4183896877355641,0.4183850931000505,53.69614059876484,2.1963305596895774e-05,0.02267855181954424,0.40846992201691734,0.0019607843137254832,0.4091037014990982,0.4090990025716737,52.71710405757228,2.297168381293135e-05,-0.11590335699020995,-0.22645105022017287,-0.016854468074750977,2.6320681463244244,-1.6314207179636908,0.0,0.0
oft,distractor_swap,episode_000001,alignment,8,8,3,0.7578125,0.50390625,0.0,1,1,0,0.001627106481214987,0.005319304033809404,0.25390625,0.253967175556149,0.005562595698530751,0.8840935154282672,0.9995202667578171,0.027153153861607684,0.4128943702823348,0.7578125,0.8634227469390229,0.41378624285430016,60.122512013665315,0.7703295490155853,0.02506499411815773,0.4057096238329126,0.50390625,0.6474179960349027,0.4064831519273422,58.71780896953309,0.6058009578381792,0.20440026603194547,-0.34034248999298833,-0.09578110686021188,-0.4416628622555281,0.31076570014916804,0.22862732444157835,-0.5205026287888697
openvla,distractor_swap,episode_000001,alignment,9,9,,0.0019607843137254832,0.0019607843137254832,0.0,0,0,0,0.0020297204257983792,0.013098240086574058,0.0,0.013254571225522113,0.013254571225522113,2.058240714304327,0.0,0.021840136585934793,0.39039513209999005,0.0019607843137254832,0.39101047992168436,0.3910055635581941,52.14593806497143,2.5146807233024426e-05,0.020891651055095193,0.39174250790122495,0.0019607843137254832,0.392304089012177,0.39229918886042725,51.953796842700925,2.4981239216564618e-05,-0.019317226165034992,-0.7799980618694848,0.0,-0.7563414213575934,1.7479507692468121,0.014158704085288246,0.0
oft,distractor_swap,episode_000001,alignment,9,9,4,0.83984375,0.5625,0.0,1,1,0,0.002452212677903213,0.005826075711594789,0.27734375,0.2774157749106518,0.006321115820399431,1.032128983241182,0.9994808113501679,0.026404372715620697,0.3860257086103588,0.83984375,0.9246894413913773,0.38692769170303,58.209432548347664,0.8249073855027553,0.024575070391226427,0.39467423885218195,0.5625,0.6875884953213535,0.395438603196859,59.15474137556682,0.6692491843788719,0.2936636733496937,-0.46556284008474813,-0.16525245749590586,-0.4501563788373651,0.381394268364888,0.2522784269700175,-0.5685490252924575
openvla,distractor_swap,episode_000001,alignment,10,10,,0.0019607843137254832,0.0019607843137254832,0.0,0,0,0,0.0009317690475692284,0.014493229195628255,0.0,0.014523150005250902,0.014523150005250902,1.9403493634358224,0.0,0.024419999213437415,0.38272427599110065,0.0019607843137254832,0.3835075650748254,0.38350255252670284,52.207127795385546,2.6140372818344332e-05,0.02328611648698033,0.38660699944292864,0.0019607843137254832,0.38731261264569583,0.3873076493426251,52.620270141709184,2.5629277782217447e-05,-0.038634452330069985,-0.1509673668134487,-0.0842723403737563,-1.9211072102482867,0.20716453561443676,0.0,0.0
oft,distractor_swap,episode_000001,alignment,10,10,0,0.1376953125,0.0517578125,0.0,0,0,0,0.001369401734940676,0.004503396824855566,0.0859375,0.0860663101935001,0.004706999476713135,0.6679316014435724,0.9970089619960865,0.02402116374582027,0.3830312233432249,0.1376953125,0.40773757914617537,0.3837837077880078,58.777315152261096,0.11404515292876717,0.022562634158426957,0.37984153502487644,0.0517578125,0.3840150196867391,0.3805110565939201,58.064547474168144,0.018165836626467122,0.174969215068485,-0.3531856028229125,-0.04456246044833416,-0.38220824618266813,0.275451416041308,0.1892088202275131,-0.17617012051315586
openvla,distractor_swap,episode_000001,alignment,11,11,,0.0019607843137254832,0.0019607843137254832,0.0,0,0,0,0.000395537890246286,0.0008334919819470484,0.0,0.0009225828453805662,0.0009225828453805662,0.08345946880740185,0.0,0.02345247632088969,0.38154248179194766,0.0019607843137254832,0.38226761402539133,0.3822625852179894,52.49996010634117,2.631022948287904e-05,0.02355248109870719,0.3840086637457184,0.0019607843137254832,0.38473525686217286,0.38473026030932006,52.87003360787414,2.597381091848418e-05,-0.038634452330069985,0.05032245560448301,-0.03370893614950231,0.0,0.0,-0.042476112255865006,0.0
oft,distractor_swap,episode_000001,alignment,11,11,1,0.32421875,0.119140625,0.0,0,0,0,0.0014606104729193972,0.004684712047462613,0.205078125,0.2051368257125884,0.004907128480205422,0.7434332697379726,0.9994277739877842,0.02555358483006204,0.3615426985019442,0.32421875,0.4862961097821958,0.3624446282368314,56.24186037543614,0.4445029662125027,0.024398787400959267,0.365637475817964,0.119140625,0.38533174418228255,0.36645063043903936,56.706790539134936,0.095598300460686,0.19146354033372096,-0.266494591220925,-0.09496048119347411,-0.3652212130189947,0.289577129684452,0.20497622191313924,-0.4204059694063947
openvla,distractor_swap,episode_000001,alignment,12,12,,0.0019607843137254832,0.0019607843137254832,0.0,0,0,0,0.002647111210865454,0.011278358091212214,0.0,0.011584841776921323,0.011584841776921323,0.688921752598378,0.0,0.02564872568704185,0.37260627017317915,0.0019607843137254832,0.3734931517134716,0.37348800476285354,51.12677861264304,2.756096132100626e-05,0.023925995690289116,0.3729777247732416,0.0019607843137254832,0.37374948979486333,0.3737443463743575,51.01557005931167,2.7523168620915473e-05,0.0,0.0,-0.2696714891960195,0.0,0.2848512364698509,0.5663481634115352,0.0
oft,distractor_swap,episode_000001,alignment,12,12,2,0.625,0.2421875,0.0,1,0,0,0.0017728666189407328,0.00489563258185692,0.3828125,0.382847907700532,0.00520675277165081,1.0471337908054454,0.9998150384918986,0.026671728203497714,0.3498415190984943,0.625,0.7167464471976847,0.35085676503454144,54.21116590577958,0.7603769389253356,0.024966242861019658,0.3519908812267552,0.2421875,0.4279902789849708,0.3528751815435355,54.402373161732775,0.3202105514590028,0.18370150491478654,-0.32107782074810204,-0.13289162312271052,-0.4416628622555281,0.303702843327596,0.19709252107032624,-0.7847578095586034
openvla,distractor_swap,episode_000001,alignment,13,13,,0.0019607843137254832,0.0019607843137254832,0.0,0,0,0,0.003465325939652225,0.015456891925472685,0.0,0.015840580540616853,0.015840580540616853,2.1466421312366544,0.0,0.02549777089473733,0.35159154355567035,0.0019607843137254832,0.35252034621505796,0.3525148930477397,47.64157738904962,3.0937931379160874e-05,0.023346465030602205,0.3661789203286126,0.0019607843137254832,0.3669276547189902,0.3669224156718332,49.516642320033455,2.8556091031499893e-05,0.5408823326209802,0.0,-0.2528170211212682,-2.0421218376655013,0.2848512364698509,0.0141587040852886,0.0
oft,distractor_swap,episode_000001,alignment,13,13,3,0.6484375,0.25,0.0,1,0,0,0.0026183698678944435,0.006363715028359882,0.3984375,0.39849691860286357,0.006881331973337065,1.218110285385139,0.999701808620188,0.026613909167919888,0.3412501266080374,0.6484375,0.7332333465394559,0.342286355368133,52.279577058345446,0.782081170061774,0.024098203183467205,0.3441720130646569,0.25,0.42606935817264546,0.34501463443403385,52.59532413038723,0.3442860399869998,0.25873451396448827,-0.46877361829222935,-0.20106157749903114,-0.49262396174655054,0.413177124061962,0.2759295294984567,-0.8167887405609954
openvla,distractor_swap,episode_000001,alignment,14,14,,0.0019607843137254832,0.0019607843137254832,0.0,0,0,0,0.01020179263429204,0.019961826972743676,0.0,0.022417651729002577,0.022417651729002577,3.293552520630677,0.0,0.0252677554061783,0.34524580918114567,0.0019607843137254832,0.34617477218239845,0.34616921905393394,46.48897702390261,3.2082545411952305e-05,0.020373963496623942,0.3650438006338694,0.0019607843137254832,0.3656171760802642,0.3656119182545639,48.928647336093455,2.876116462050187e-05,2.028308747328675,-1.4341899847277617,-0.2865259572707709,-2.0421218376655013,0.0,-0.6513003879232654,0.0
oft,distractor_swap,episode_000001,alignment,14,14,4,0.70703125,0.302734375,0.0,1,0,0,0.0026360220549945944,0.006682799249846509,0.404296875,0.4043606948664197,0.007183899921920335,1.250105301494823,0.9996843667996654,0.026347895663344216,0.3342391464741219,0.70703125,0.7824980556641649,0.3352760335031956,50.91588796751163,0.8164144539260327,0.02422478207139241,0.34209386698078476,0.302734375,0.4574528999786906,0.3429505123079324,52.01385730251787,0.43795622550251107,0.30530672647809587,-0.4944598439520777,-0.1830243911270865,-0.47563692858287604,0.43436569452667795,0.29958063202689583,-0.8288003396868924
openvla,distractor_swap,episode_000001,alignment,15,15,,0.0019607843137254832,0.0019607843137254832,0.0,0,0,0,0.0025944597371872014,0.002185118136232896,0.0,0.00339204401462885,0.00339204401462885,0.6863075853966479,0.0,0.0245916433222639,0.367194828161321,0.0019607843137254832,0.3680226017853203,0.36801737832568654,49.669110978050966,2.8386422678041394e-05,0.025628967052486257,0.3662672110455815,0.0019607843137254832,0.3671680249074134,0.3671627892900995,49.60725958817462,2.851871421373384e-05,-0.5601995587860152,0.22645105022017287,0.03370893614950231,0.0,0.3236945868975577,0.0,0.0
oft,distractor_swap,episode_000001,alignment,15,15,0,0.359375,0.408203125,0.0,0,0,0,0.0008884177758046657,0.0027082966674864596,0.048828125,0.048911245618968945,0.002850290684032766,0.3205518148863313,0.9966040533375373,0.024567609927911658,0.3446197970437517,0.359375,0.4985145560533279,0.3454943877576691,52.76097285179487,0.5196848263889899,0.02469407733220812,0.34472890718946975,0.408203125,0.5348622328853484,0.3456122348924226,52.75920329633154,0.5824635920558856,0.024579778826626337,-0.1380634629216837,0.08222834963680695,-0.1953508813822523,0.10594285232357997,0.13008106390641544,0.10009665938247493
openvla,distractor_swap,episode_000001,alignment,16,16,,0.0019607843137254832,0.0019607843137254832,0.0,0,0,0,0.02035418535723532,0.027084763232949758,0.0,0.03388033737939515,0.03388033737939515,4.164598265640627,0.0,0.018460589314637846,0.34516234363018083,0.0019607843137254832,0.34566122358929374,0.3456556622104182,47.6123987444033,3.21779462500215e-05,0.02503881039870667,0.3706810602154602,0.0019607843137254832,0.3715309342487715,0.37152576011447713,50.94855447643072,2.7852853092630758e-05,0.038634452330069985,-0.15096736681344902,2.0730995731944004,-3.6001851656621437,0.24600788604214394,0.0,0.0
oft,distractor_swap,episode_000001,alignment,16,16,1,0.46875,0.546875,0.0,0,1,0,0.0008339553105853991,0.002324425669690975,0.078125,0.07816402024687556,0.002469501195377708,0.2847729928639362,0.9990018295602751,0.02538680692954386,0.3477912303062387,0.46875,0.5842343642272381,0.34871654655895684,53.9895414036822,0.6437368416951758,0.02597872461327729,0.34983073989772145,0.546875,0.649714326712071,0.35079401464380733,54.29270833753909,0.7084859691766948,-0.10090646044615001,-0.028897003867329275,0.074536020154654,-0.14438978189123036,0.06356571139414804,0.11825551264219573,0.16015465501195988
openvla,distractor_swap,episode_000001,alignment,17,17,,0.0019607843137254832,0.0019607843137254832,0.0,0,0,0,0.02053654152942848,0.0007035864669187727,0.0,0.020548590508995303,0.020548590508995303,2.1653546884278017,0.0,0.01831232711095199,0.354081196703843,0.0019607843137254832,0.354559839601962,0.3545544178027459,49.51292977614449,3.0583033702545375e-05,0.02589157632412981,0.35744324132918454,0.0019607843137254832,0.35838511293242475,0.35837974900440717,50.0443114181122,2.9933653398094212e-05,-0.6181512372811202,0.0,2.0730995731944004,0.09076097056291096,0.02589556695180453,0.0,0.0
oft,distractor_swap,episode_000001,alignment,17,17,2,0.8203125,0.84765625,0.0,1,1,0,0.0008890701405983922,0.0002531839991088108,0.02734375,0.027359371555553104,0.0009244175746427451,0.11997087723071179,0.998858373208493,0.0273357743551694,0.35731918369896576,0.8203125,0.8951741960395987,0.35836328439014503,56.04605103733132,0.8397375023994408,0.02825946323289639,0.3611061670002125,0.84765625,0.9218011603767156,0.3622102443440781,56.65008108548173,0.8456001203362209,-0.03622283195502814,-0.01605389103740509,0.09230795378583465,-0.025480549745510964,-0.021188570464716037,-0.00788370084281303,0.05605412925418596
openvla,distractor_swap,episode_000001,alignment,18,18,,0.0019607843137254832,0.0019607843137254832,0.0,0,0,0,0.02043035694762495,0.0017369200679094028,0.0,0.02050405755770485,0.02050405755770485,2.1272184489246726,0.0,0.018763028569719408,0.3749618246841068,0.0019607843137254832,0.3754361009368544,0.37543098062299407,52.493873338960114,2.7276433626425055e-05,0.025602608623312956,0.36769501094469054,0.0019607843137254832,0.368590503563317,0.3685852881517854,51.48596965082369,2.8299017924754147e-05,-0.40566174946573524,0.0,2.0730995731944004,0.09076097056291096,-0.23306010256624166,0.014158704085288512,0.0
oft,distractor_swap,episode_000001,alignment,18,18,3,0.89453125,0.89453125,0.0,1,1,0,0.000928784157554346,0.0027090476124607,0.0,0.00286383990088534,0.00286383990088534,0.2539125035828366,0.0,0.028280872053305418,0.37748321236913485,0.89453125,0.971328749997229,0.37854112503744797,59.05495102659568,0.8481224264196895,0.028337875239329124,0.37340046981585107,0.89453125,0.9697510522079059,0.3744742261248137,58.31515878648657,0.8508843091582359,0.043984867373962934,-0.08348023339450635,0.09230795378583502,-0.11890923214571887,0.11300570914515201,0.14190661517063483,0.0
openvla,distractor_swap,episode_000001,alignment,19,19,,0.0019607843137254832,0.0019607843137254832,0.0,0,0,0,0.019936032566773614,0.0011426390731072776,0.0,0.019968751051451603,0.019968751051451603,2.0689167557310806,0.0,0.008831957763230718,0.14317288966598687,0.0019607843137254832,0.1434584416769027,0.14344504108975095,19.809385328194047,0.0001868131441331467,0.015729054872276396,0.14183079299250392,0.0019607843137254832,0.14271377537989294,0.1427003048632258,19.680713237712776,0.00018876777523988507,-0.40566174946573524,0.0,2.022536168970147,0.09076097056291096,0.12947783475902302,0.014158704085288512,0.0
oft,distractor_swap,episode_000001,alignment,19,19,4,0.921875,0.921875,0.0,1,1,0,0.0011782774173829233,0.00374302466635616,0.0,0.003924101339831226,0.003924101339831226,0.356070627426197,0.0,0.018910371735782586,0.14837719439702743,0.921875,0.9339308912340991,0.14957738457507122,22.911912180296444,0.9743491129085374,0.019654654390580884,0.14914635323548034,0.921875,0.9340687639288962,0.1504358339048774,22.880436885922006,0.9740614976306222,0.11384318614437494,-0.11398262636557636,0.10716210726861294,-0.11890923214571887,0.190697134182444,0.19709252107032624,0.0
openvla,distractor_swap,episode_000001,descent_to_grasp,20,20,,0.0019607843137254832,0.0019607843137254832,0.0,0,0,0,0.02043035694762495,0.0011426390731072776,0.0,0.020462285040013458,0.020462285040013458,2.118373391952228,0.0,0.007380240202726209,0.0015170704666975343,0.0019607843137254832,0.0077855072651571,0.007534550301833685,0.8342510962086261,0.06342870127997267,0.012806075901811279,0.0004451373248728672,0.0019607843137254832,0.012962962715594705,0.012813810020479722,1.3088284691252672,0.022879741004560687,-0.40566174946573524,0.0,2.0730995731944004,0.09076097056291096,0.12947783475902302,0.014158704085288512,0.0
oft,distractor_swap,episode_000001,descent_to_grasp,20,20,0,0.59375,0.6875,0.0,1,1,0,0.0006027432553718192,0.0017368072352812191,0.09375,0.09376802386103923,0.00183842291228689,0.2692144568155114,0.9996156018214779,0.013757321611869051,0.0041835017896081714,0.59375,0.5939240928646994,0.01437934578331205,1.933876377190044,0.9994138397432553,0.013993325312387325,0.005918622102212151,0.6875,0.6876678654996808,0.015193526282173405,2.1166056206806694,0.9995118427967551,0.03363548681538347,-0.0754532878758038,0.05696302607904607,-0.059454616072859436,0.12006856596672398,0.08672070927094352,0.19218558601435184
openvla,distractor_swap,episode_000001,descent_to_grasp,21,21,,0.0019607843137254832,0.0019607843137254832,0.0,0,0,0,0.020349850764872814,0.0007564547523995814,0.0,0.020363905567081737,0.020363905567081737,2.075385168751133,0.0,0.007921931131267131,0.001042040982449119,0.0019607843137254832,0.008227242392356917,0.007990171603766897,0.8255075774721367,0.05680035660372052,0.012827303028510496,0.0004451373248728672,0.0019607843137254832,0.012983933354272172,0.012835024356160353,1.3109924059667475,0.022805893534999108,0.019317226165034798,0.0,2.0730995731944004,0.09076097056291096,0.02589556695180453,0.014158704085288512,0.0
oft,distractor_swap,episode_000001,descent_to_grasp,21,21,1,0.76171875,0.8203125,0.0,1,1,0,0.0010533057656619356,0.00046614569342779934,0.05859375,0.05860507046242652,0.0011518441055446524,0.18406920940814495,0.9996137068353541,0.014144813362749021,0.0015812327594164116,0.76171875,0.7618517113872417,0.014232921067245994,2.169209402818385,0.9996509825133165,0.015571383117324146,0.0017163218949599439,0.8203125,0.820462071877356,0.015665686484594488,2.365228325925177,0.9996354292322435,0.0,-0.044950894904733786,0.11034514015777964,0.03397406632734795,0.06356571139414798,-0.00788370084281303,0.1201159912589699
openvla,distractor_swap,episode_000001,descent_to_grasp,22,22,,0.0019607843137254832,0.0019607843137254832,0.0,0,0,0,0.020349850764872814,0.0009171414716845477,0.0,0.020370507471137736,0.020370507471137736,2.0772770576407895,0.0,0.007580229330811823,0.0012383731396490199,0.0019607843137254832,0.007927049884140754,0.007680719024980931,0.7997618889641692,0.06118380265309647,0.012966900270273335,0.00037940974005645203,0.0019607843137254832,0.013119799140803043,0.01297244982145101,1.324991232124345,0.022335993542936212,0.019317226165034798,0.0,2.0730995731944004,0.0,0.12947783475902302,-0.014158704085288512,0.0
oft,distractor_swap,episode_000001,descent_to_grasp,22,22,2,0.80859375,0.88671875,0.0,1,1,0,0.0025136166980333696,0.00044905861602082334,0.078125,0.07816671636665605,0.0025534139001060357,0.3162283449907777,0.9989329157752815,0.016116879336678387,0.0005746444925463402,0.80859375,0.8087545589082688,0.0161271205069555,2.3782350865796325,0.9996023690518747,0.01880628088518333,0.0001724094783185635,0.88671875,0.8869181740878486,0.018807071163810328,2.6942155557122547,0.9995503493482017,-0.02587345139644907,0.004816167311221642,0.26525274076389344,0.04246758290918546,-0.03531428410786001,-0.01576740168562611,0.16015465501195988
openvla,distractor_swap,episode_000001,descent_to_grasp,23,23,,0.0019607843137254832,0.0019607843137254832,0.0,0,0,0,0.01935730399434444,0.0002271748157764951,0.0,0.019358636995573483,0.019358636995573483,1.9724599137279943,0.0,0.007488532725758762,0.000221462026988444,0.0019607843137254832,0.00774414894866503,0.007491806712279608,0.7691866430790154,0.06410800363189555,0.01159195743087375,0.00023226452970370796,0.0019607843137254832,0.011758915724500262,0.011594284104288097,1.1843927275563035,0.02780514038851631,0.019317226165034798,-0.02516122780224117,1.9719727647458931,0.030253656854303652,0.0,0.0,0.0
oft,distractor_swap,episode_000001,descent_to_grasp,23,23,3,0.91796875,0.953125,0.0,1,1,0,0.0034579443124557684,0.00040526627470276096,0.03515625,0.035328225736427195,0.0034816116413891787,0.3786059988501253,0.9902878138407312,0.017252637929201602,0.0003800568514765494,0.91796875,0.9181309405173583,0.017256823541036748,2.6210971123636995,0.9996467253536795,0.020412649995747118,5.892673348074648e-05,0.953125,0.9533435610404094,0.020412735049688796,2.911240369070168,0.9995415378128617,-0.031048141675738803,-0.008026945518702545,0.3649877712911174,0.025480549745511488,-0.05650285457257597,-0.007883700842813078,0.07206959475538195
openvla,distractor_swap,episode_000001,descent_to_grasp,24,24,,0.0019607843137254832,0.9980392156862745,0.0,0,1,0,0.009596166922148649,0.00048821334431871664,0.996078431372549,0.9961247744220928,0.00960857803565703,2.2661033716423566,0.999906955488475,0.012448661878569838,0.0005386761511587749,0.0019607843137254832,0.012613644583851927,0.012460311174396294,1.2740993998687686,0.024164536451387206,0.02189940049044452,0.0003083890410360362,0.9980392156862745,0.9982794973820285,0.021901571761896745,3.029147270765009,0.999518666307412,0.019317226165034798,0.0,0.9775591483355709,0.04538048528145571,0.05179113390360924,0.0,2.043156317380581
oft,distractor_swap,episode_000001,descent_to_grasp,24,24,4,0.9609375,0.96484375,0.0,1,1,0,0.002935223137725455,0.00042331771045891206,0.00390625,0.004904438990825255,0.002965591467519935,0.31812679198412075,0.634368188576761,0.017072169925233797,0.0004396366326914818,0.9609375,0.9610892420439295,0.017077829672556805,2.6722614169696177,0.9996842539519567,0.019867083865870164,7.188406095289175e-05,0.96484375,0.965048272420978,0.01986721391266872,2.885004525264229,0.9995761854517926,-0.02587345139644907,-0.009632334622443284,0.3098152012122276,0.05096109949102245,-0.04237714092943197,0.0,0.008007732750597994
openvla,distractor_swap,episode_000001,descent_to_grasp,25,25,,0.9980392156862745,0.9980392156862745,0.0,1,1,0,0.0,0.0001748094508986324,0.0,0.0001748094508986324,0.0001748094508986324,0.025895566951804724,0.0,0.022228194741556358,0.0002573238228125581,0.9980392156862745,0.9982867498392896,0.022229684141218488,3.053796794405682,0.9995041435461339,0.022376185769978248,0.0003083890410360362,0.9980392156862745,0.9982900704910809,0.02237831078104887,3.0651193031021498,0.9994974941767718,0.0,0.0,0.0,0.0,-0.025895566951804724,0.0,0.0
oft,distractor_swap,episode_000001,descent_to_grasp,25,25,0,0.98046875,0.98046875,0.0,1,1,0,0.00014312027044299197,0.0001021754634308593,0.0,0.00017585004162349815,0.00017585004162349815,0.023287214788381708,0.0,0.01695335254922786,0.00021943214671674366,0.98046875,0.980615334389427,0.016954772576635274,2.6935168178301234,0.999701058246961,0.017242552659973633,0.00018126959616709357,0.98046875,0.980620369055967,0.0172435054701316,2.7140758516295955,0.9996907930134289,-0.005174690279289734,-0.004816167311221642,0.01485415348277793,-0.008493516581836988,-0.014125713643144001,0.0,0.0
openvla,distractor_swap,episode_000001,descent_to_grasp,26,26,,0.9980392156862745,0.9980392156862745,0.0,1,1,0,0.0018198889574699978,0.0,0.0,0.0018198889574699978,0.0018198889574699978,0.18539914882226324,0.0,0.021790436526517385,0.0002573238228125581,0.9980392156862745,0.9982770984988286,0.021791955845356557,3.020859178359641,0.9995234700466165,0.019916204485923412,0.0002573238228125581,0.9980392156862745,0.998237946315581,0.01991786677018658,2.8834510913791984,0.999601876790495,0.0,0.0,-0.18539914882226324,0.0,0.0,0.0,0.0
oft,distractor_swap,episode_000001,descent_to_grasp,26,26,1,0.984375,0.984375,0.0,1,1,0,0.0016876063132513597,8.533937213767466e-05,0.0,0.0016897626688274004,0.0016897626688274004,0.17889073922072798,0.0,0.020199916976547477,0.00022790659830160254,0.984375,0.9845822612724022,0.020201202619570955,2.938060884783609,0.9995790306902754,0.01845773931096423,0.00028787197272067065,0.984375,0.9845480748220191,0.018459984039651618,2.807288831288779,0.999648448635602,0.005174690279290135,-0.0016053891037401623,-0.17824984179333628,0.0,0.014125713643144001,0.0,0.0
openvla,distractor_swap,episode_000001,descent_to_grasp,27,27,,0.9980392156862745,0.9980392156862745,1.0,1,1,1,0.0041361112669772715,0.0007866425290438421,0.0,0.0042102521161228364,0.0042102521161228364,0.4371783808170319,0.0,0.017279088206458217,0.0008321883428911208,0.0019607843137254832,0.017409885175082553,0.017299116355600573,1.765700655468116,0.012684338819563483,0.021463500315147464,0.0002573238228125581,0.0019607843137254832,0.021554413386893043,0.021465042774896165,2.187800178093714,0.008275366408661545,0.0,0.0,0.42136170186878047,0.0,-0.1165300512831207,0.0,0.0
oft,distractor_swap,episode_000001,descent_to_grasp,27,27,2,0.98828125,0.98828125,1.0,1,1,1,0.0016472809810528703,8.533937213767466e-05,0.0,0.0016494900542214127,0.0016494900542214127,0.1745855972788887,0.0,0.021674230331040885,8.906734797224952e-05,0.01171875,0.024639587963234844,0.021674413335439728,2.2907228929963477,0.22620161261565802,0.020076055120283345,4.9475301102971607e-05,0.01171875,0.023246065012396705,0.02007611608349768,2.1219864054055386,0.254134532792096,0.0,-0.0016053891037407398,-0.174005797941114,0.0,0.014125713643144001,0.0,0.0
openvla,distractor_swap,episode_000001,grasp_close,28,28,,0.9980392156862745,0.9980392156862745,1.0,1,1,1,0.0,0.0,0.0,0.0,0.0,0.0,0.0,0.009566512972570516,0.0002573238228125581,0.0019607843137254832,0.00976877992018956,0.009569973145424538,0.9751507242984552,0.04028830504526021,0.009566512972570516,0.0002573238228125581,0.0019607843137254832,0.00976877992018956,0.009569973145424538,0.9751507242984552,0.04028830504526021,0.0,0.0,0.0,0.0,0.0,0.0,0.0
oft,distractor_swap,episode_000001,grasp_close,28,28,3,0.9921875,0.9921875,1.0,1,1,1,0.001125200012325028,0.00014533880595663404,0.0,0.0011345476791449283,0.0011345476791449283,0.11942666127493172,0.0,0.01050895883130577,0.00021108108453903116,0.0078125,0.013096485299206415,0.01051107848616543,1.1104231453219127,0.35585292598340995,0.009383994922847009,9.788292771376929e-05,0.0078125,0.012210818892668758,0.009384505409426553,0.9915110638181611,0.4093459338582449,0.005174690279289734,-0.0016053891037401623,-0.11883322786222418,0.0,0.007062856821572001,0.00788370084281303,0.0
openvla,distractor_swap,episode_000001,grasp_close,29,29,,0.9980392156862745,0.9980392156862745,1.0,1,1,1,0.0,0.0,0.0,0.0,0.0,0.0,0.0,0.009566512972570516,0.0002573238228125581,0.0019607843137254832,0.00976877992018956,0.009569973145424538,0.9751507242984552,0.04028830504526021,0.009566512972570516,0.0002573238228125581,0.0019607843137254832,0.00976877992018956,0.009569973145424538,0.9751507242984552,0.04028830504526021,0.0,0.0,0.0,0.0,0.0,0.0,0.0
oft,distractor_swap,episode_000001,grasp_close,29,29,4,0.9921875,0.9921875,1.0,1,1,1,0.0009645290942688588,5.618733745656884e-05,0.0,0.000966164266872649,0.000966164266872649,0.10235406026176189,0.0,0.00990628806660906,9.788292771376929e-05,0.0078125,0.012616627147386853,0.009906771639953092,1.0466642866559015,0.3834365630317711,0.008942058281292105,0.00014868245363440852,0.0078125,0.011875086064026798,0.008943294291145935,0.9450044617125164,0.4328192110299472,0.005174690279289734,0.0016053891037401623,-0.10185705245333511,0.008493516581836988,0.0,0.0,0.0
openvla,distractor_swap,episode_000001,grasp_close,30,30,,0.9980392156862745,0.9980392156862745,1.0,1,1,1,0.0028125556615445496,0.0,0.0,0.0028125556615445496,0.0028125556615445496,0.28652595727077124,0.0,0.008573852867184109,0.0002573238228125581,0.0019607843137254832,0.008798968329461128,0.008577713479588137,0.8740908747858807,0.049658790633995774,0.011386392820665926,0.0002573238228125581,0.0019607843137254832,0.011556852172683154,0.011389300110906702,1.1604574153492335,0.028785947671289298,0.0,0.0,0.28652595727077124,0.0,0.0,0.0,0.0
oft,distractor_swap,episode_000001,grasp_close,30,30,0,0.98828125,0.9921875,1.0,1,1,1,0.001285686252634455,0.0001630505285012579,0.00390625,0.004115624336301573,0.0012959840334887493,0.13701307820694472,0.900841979365274,0.0027750481462195985,0.00032217511786305163,0.01171875,0.012047148649489924,0.002793687351943109,0.29772506901827417,0.9462241770916298,0.004060649343936444,0.00018754807898025688,0.0078125,0.008806770328919715,0.004064978152012709,0.43039806001379727,0.7869492387267272,0.0,-0.0016053891037407398,0.13580940327111324,0.0,-0.014125713643144001,0.00788370084281303,0.008007732750597994
openvla,distractor_swap,episode_000001,grasp_close,31,31,,0.9980392156862745,0.9980392156862745,1.0,1,1,1,0.0,0.0,0.0,0.0,0.0,0.0,0.0,0.011386392820665926,0.0002573238228125581,0.0019607843137254832,0.011556852172683154,0.011389300110906702,1.1604574153492335,0.028785947671289298,0.011386392820665926,0.0002573238228125581,0.0019607843137254832,0.011556852172683154,0.011389300110906702,1.1604574153492335,0.028785947671289298,0.0,0.0,0.0,0.0,0.0,0.0,0.0
oft,distractor_swap,episode_000001,grasp_close,31,31,1,0.9921875,0.9921875,1.0,1,1,1,0.00028278789702067085,0.00012800905820651177,0.0,0.00031041152311776646,0.00031041152311776646,0.037410597794943636,0.0,0.0061703469473625054,0.0005835818503307491,0.0078125,0.009972407205728276,0.0061978826406169744,0.6592509730942411,0.6137338159463307,0.006451392978687099,0.0004606982726555922,0.0078125,0.01014237992356237,0.006467821446505851,0.6860340225328474,0.5933354695212038,-0.005174690279289734,0.006421556414961805,0.02970830696555586,0.0,-0.021188570464715967,0.0,0.0
openvla,distractor_swap,episode_000001,grasp_close,32,32,,0.9980392156862745,0.9980392156862745,1.0,1,1,1,0.00430155571765636,0.0,0.0,0.00430155571765636,0.00430155571765636,0.43821616994353146,0.0,0.013040831252489345,0.0002573238228125581,0.0019607843137254832,0.01318992685463576,0.013043369783368472,1.3289404243419831,0.02209911457220986,0.008739296113981864,0.0002573238228125581,0.0019607843137254832,0.008960255980863342,0.008743083673261133,0.8909331277932754,0.04788713048901707,0.0,0.0,-0.43821616994353146,0.0,0.0,0.0,0.0
oft,distractor_swap,episode_000001,grasp_close,32,32,2,0.9921875,0.9921875,1.0,1,1,1,0.00024149831924065232,0.0,0.0,0.00024149831924065232,0.00024149831924065232,0.025915712675417216,0.0,0.009986637515404326,9.788292771376929e-05,0.0078125,0.012679813333863353,0.009987117198251901,1.0551390177499687,0.3796245940095498,0.010227728732498291,9.788292771376929e-05,0.0078125,0.012870554469140361,0.010228197108635956,1.0806264770613607,0.36845592691357165,0.0,0.004816167311221642,0.02546426311333396,0.0,0.0,0.0,0.0
openvla,distractor_swap,episode_000001,grasp_close,33,33,,0.9980392156862745,0.9980392156862745,1.0,1,1,1,0.0,0.0,0.0,0.0,0.0,0.0,0.0,0.011386392820665926,0.0002573238228125581,0.0019607843137254832,0.011556852172683154,0.011389300110906702,1.1604574153492335,0.028785947671289298,0.011386392820665926,0.0002573238228125581,0.0019607843137254832,0.011556852172683154,0.011389300110906702,1.1604574153492335,0.028785947671289298,0.0,0.0,0.0,0.0,0.0,0.0,0.0
oft,distractor_swap,episode_000001,grasp_close,33,33,3,0.9921875,0.9921875,1.0,1,1,1,0.00032156401345163877,7.055295174315157e-05,0.0,0.00032921290033471835,0.00032921290033471835,0.035848221617802455,0.0,0.010669658752162662,8.906734797224952e-05,0.0078125,0.013224398176479567,0.010670030500428578,1.1272725789571307,0.3490022498342473,0.01099109631061409,9.788292771376929e-05,0.0078125,0.01348513757537284,0.010991532157835526,1.161245947423501,0.33563658817563574,0.0,0.0032107782074809023,0.03395235081777813,0.008493516581836988,0.007062856821572001,0.0,0.0
openvla,distractor_swap,episode_000001,grasp_close,34,34,,0.9980392156862745,0.9980392156862745,1.0,1,1,1,0.00430155571765636,0.0,0.0,0.00430155571765636,0.00430155571765636,0.43821616994353146,0.0,0.013040831252489345,0.0002573238228125581,0.0019607843137254832,0.01318992685463576,0.013043369783368472,1.3289404243419831,0.02209911457220986,0.008739296113981864,0.0002573238228125581,0.0019607843137254832,0.008960255980863342,0.008743083673261133,0.8909331277932754,0.04788713048901707,0.0,0.0,-0.43821616994353146,0.0,0.0,0.0,0.0
oft,distractor_swap,episode_000001,grasp_close,34,34,4,0.9921875,0.9921875,1.0,1,1,1,0.0006026804893328865,0.0,0.0,0.0006026804893328865,0.0006026804893328865,0.0636808968496932,0.0,0.010147353697728036,5.804908989645412e-05,0.0078125,0.012806533996895205,0.010147519734577148,1.0720525914822647,0.3721489921911385,0.010750022019087561,5.804908989645412e-05,0.0078125,0.01328914968527728,0.01075017874770951,1.135713095119719,0.34560950202565205,0.0,0.0016053891037407398,0.06366065778333473,0.0,0.0,0.0,0.0
openvla,distractor_swap,episode_000001,grasp_close,35,35,,0.9980392156862745,0.9980392156862745,1.0,1,1,1,0.0016544445067909058,0.0,0.0,0.0016544445067909058,0.0016544445067909058,0.16854468074751192,0.0,0.013040831252489345,0.0002573238228125581,0.0019607843137254832,0.01318992685463576,0.013043369783368472,1.3289404243419831,0.02209911457220986,0.011386392820665926,0.0002573238228125581,0.0019607843137254832,0.011556852172683154,0.011389300110906702,1.1604574153492335,0.028785947671289298,0.0,0.0,-0.16854468074751192,0.0,0.0,0.0,0.0
oft,distractor_swap,episode_000001,grasp_close,35,35,0,0.98828125,0.98828125,1.0,1,1,1,0.0018687908892410015,0.0002200770323207242,0.0,0.001881704888622355,0.001881704888622355,0.199790468698113,0.0,0.0034387265834919098,0.00047971695302779203,0.01171875,0.012222277628721098,0.003472026623031023,0.371926194446839,0.9193021797032924,0.005306093128169902,0.00028212996330544566,0.01171875,0.012867141219536941,0.005313588392132626,0.5629491801254038,0.829465723074892,-0.010349380558579467,-0.0016053891037401623,0.19734803912833684,0.0,-0.028251427286288003,0.00788370084281303,0.0
openvla,distractor_swap,episode_000001,grasp_close,36,36,,0.9980392156862745,0.9980392156862745,1.0,1,1,1,0.0016544445067909058,0.0,0.0,0.0016544445067909058,0.0016544445067909058,0.16854468074751192,0.0,0.013040831252489345,0.0002573238228125581,0.0019607843137254832,0.01318992685463576,0.013043369783368472,1.3289404243419831,0.02209911457220986,0.011386392820665926,0.0002573238228125581,0.0019607843137254832,0.011556852172683154,0.011389300110906702,1.1604574153492335,0.028785947671289298,0.0,0.0,-0.16854468074751192,0.0,0.0,0.0,0.0
oft,distractor_swap,episode_000001,grasp_close,36,36,1,0.9921875,0.9921875,1.0,1,1,1,0.00020218476542411043,0.00017968931698314277,0.0,0.00027049386316046234,0.00027049386316046234,0.03674146658462339,0.0,0.00781729187183909,0.00032274642415546434,0.0078125,0.01105664387207197,0.007823951524889877,0.8277114230265494,0.49926763954535336,0.007616277936017896,0.0002006672161938715,0.0078125,0.01091252093607742,0.007618920982024162,0.8053607495370853,0.5125424975880016,-0.005174690279289734,0.0016053891037407398,-0.021220219261111697,0.008493516581836988,-0.028251427286287968,0.0,0.0
openvla,distractor_swap,episode_000001,grasp_close,37,37,,0.9980392156862745,0.9980392156862745,1.0,1,1,1,0.0016544445067909058,0.0,0.0,0.0016544445067909058,0.0016544445067909058,0.16854468074751192,0.0,0.012198299603588536,0.0002573238228125581,0.0019607843137254832,0.012357564642503273,0.012201013432034861,1.2431374796598413,0.025176413678030595,0.010639432814876922,0.0002573238228125581,0.0019607843137254832,0.010821664442081847,0.010642544158802758,1.0843954836964422,0.03283004827808906,0.0,0.0,-0.16854468074751192,0.0,0.0,0.0,0.0
oft,distractor_swap,episode_000001,grasp_close,37,37,2,0.9921875,0.9921875,1.0,1,1,1,0.0006428566958748845,7.055295174315157e-05,0.0,0.000646716669362129,0.000646716669362129,0.06881605589392888,0.0,0.009626239911867597,8.906734797224952e-05,0.0078125,0.012397886274817473,0.009626651953473103,1.0170761987775188,0.3970861725139063,0.009078984399606528,9.788292771376929e-05,0.0078125,0.01197800880972445,0.009079512035117115,0.9593005941315331,0.42541304622806825,0.0,0.0016053891037407398,-0.06790470163555662,0.008493516581836988,0.007062856821572001,0.0,0.0
openvla,distractor_swap,episode_000001,lift,38,38,,0.9980392156862745,0.9980392156862745,1.0,1,1,1,0.0,0.0,0.0,0.0,0.0,0.0,0.0,0.0014190346671558698,0.0002573238228125581,0.0019607843137254832,0.0024340398643672525,0.0014421771515237092,0.1483758664502688,0.6489395962821021,0.0014316672670006685,0.0002573238228125581,0.0019607843137254832,0.002441426189369637,0.0014546087835524823,0.14963000472348809,0.6450189142155908,0.0,0.0,0.0,0.0,0.0,0.0,0.0
oft,distractor_swap,episode_000001,lift,38,38,3,0.9921875,0.9921875,1.0,1,1,1,0.0004017741269173071,4.266968606883733e-05,0.0,0.0004040336015350425,0.0004040336015350425,0.04302411845047634,0.0,0.0018945512013708833,8.906734797224952e-05,0.0078125,0.008039428679768897,0.0018966436795272502,0.20140323388821346,0.9443428296662233,0.002308915795322796,5.804908989645412e-05,0.0078125,0.008146755065468024,0.0023096453941522936,0.2446902225671057,0.9196249428623454,0.0,0.0,-0.042440438522223026,0.0,0.007062856821572001,0.0,0.0
openvla,distractor_swap,episode_000001,lift,39,39,,0.9980392156862745,0.9980392156862745,1.0,1,1,1,0.0,0.0,0.0,0.0,0.0,0.0,0.0,0.0014330693024980081,0.0002573238228125581,0.0019607843137254832,0.0024422486156206354,0.0014559887278234665,0.14976923019822885,0.6445845676347371,0.0014236511697646014,0.0002573238228125581,0.0019607843137254832,0.002436734152079562,0.001446719808034364,0.14883411832229176,0.6475053295504583,0.0,0.0,0.0,0.0,0.0,0.0,0.0
oft,distractor_swap,episode_000001,lift,39,39,4,0.9921875,0.9921875,1.0,1,1,1,0.00016070965076692145,4.266968606883733e-05,0.0,0.00016627776146808986,0.00016627776146808986,0.018386801733727264,0.0,0.002229877090098781,8.906734797224952e-05,0.0078125,0.008124988681802715,0.0022316551770876743,0.23654556083788658,0.924558788853194,0.0023811583494135046,5.804908989645412e-05,0.0078125,0.008167523555632971,0.0023818658194406025,0.25221490070963054,0.9149540194004334,0.0,0.0,-0.016976175408889065,0.0,0.007062856821572001,0.0,0.0
openvla,distractor_swap,episode_000001,lift,40,40,,0.9980392156862745,0.9980392156862745,1.0,1,1,1,0.0,0.0,0.0,0.0,0.0,0.0,0.0,0.005083053106627414,0.0002573238228125581,0.0019607843137254832,0.005454202009417454,0.005089562302848986,0.5189078183924966,0.12924007748598418,0.0051509690879110335,0.0002573238228125581,0.0019607843137254832,0.005517551378950069,0.005157392567412519,0.525812505188464,0.12628939300680825,0.0,0.0,0.0,0.0,0.0,0.0,0.0
oft,distractor_swap,episode_000001,lift,40,40,0,0.98828125,0.98828125,1.0,1,1,1,0.0008841989145863928,0.0001453388059566341,0.0,0.0008960642215113017,0.0008960642215113017,0.09412308408356346,0.0,0.00968860097528489,0.0003956944364144021,0.01171875,0.015210347284260167,0.009696677933462607,1.0255048449220168,0.5935869149414519,0.008872510341955174,0.00031297585147280373,0.01171875,0.014701989498506882,0.00887802870302336,0.9389780345529463,0.6353460912434511,-0.005174690279289734,0.0016053891037407398,0.09336896474889059,0.0,-0.007062856821572036,0.00788370084281303,0.0
openvla,distractor_swap,episode_000001,lift,41,41,,0.9980392156862745,0.9980392156862745,1.0,1,1,1,0.0031434445629027266,0.00011358740788824928,0.0,0.003145496116556733,0.003145496116556733,0.3205919648122177,0.0,0.0007710248406346249,0.0002573238228125581,0.0019607843137254832,0.0021225856825142376,0.0008128313814454493,0.08536239814943176,0.8533539181794212,0.002347895665601142,0.00015829896055952945,0.0019607843137254832,0.0030630618247783985,0.00235322600220694,0.23999714286780618,0.40977751310274874,0.0,0.0,-0.32023489342027317,-0.015126828427152057,0.0,0.0,0.0
oft,distractor_swap,episode_000001,lift,41,41,1,0.9921875,0.9921875,1.0,1,1,1,0.00048429391392508655,0.0002206231393593759,0.0,0.0005321796357299532,0.0005321796357299532,0.06348521122466944,0.0,0.004749713234087742,0.00044689763251433466,0.0078125,0.009153941749323904,0.004770691071534098,0.50771724448934,0.7283896594563531,0.005205733850525167,0.0002668261358706836,0.0078125,0.009391805862521183,0.005212567611963155,0.5518823234350789,0.6919613658712999,-0.010349380558579467,-0.0032107782074809023,-0.050928526226667555,0.008493516581836988,-0.03531428410786001,0.0,0.0
openvla,distractor_swap,episode_000001,lift,42,42,,0.9980392156862745,0.9980392156862745,1.0,1,1,1,0.0014890000561118173,0.0,0.0,0.0014890000561118173,0.0014890000561118173,0.15169021267276092,0.0,0.005180431214738527,0.0002573238228125581,0.0019607843137254832,0.005545066117313308,0.005186818207767086,0.5288078912854202,0.12503920104582208,0.006714940031933511,0.0002573238228125581,0.0019607843137254832,0.007000093592745887,0.006719868687872561,0.684892980563655,0.07846065953846217,0.0,0.0,-0.15169021267276092,0.0,0.0,0.0,0.0
oft,distractor_swap,episode_000001,lift,42,42,2,0.9921875,0.9921875,1.0,1,1,1,0.001125060601552682,5.618733745656884e-05,0.0,0.001126462770825801,0.001126462770825801,0.11923368372926718,0.0,0.001609783118967875,8.906734797224952e-05,0.0078125,0.00797712297339014,0.0016122452302887269,0.1713578353750725,0.9591521100507843,0.002780317748961081,0.00011893007683013642,0.0078125,0.008293338736501895,0.002782860245927351,0.29476532163168356,0.8874037348456237,0.0,0.004816167311221642,-0.11883322786222418,0.008493516581836988,0.0,0.0,0.0
openvla,distractor_swap,episode_000001,lift,43,43,,0.9980392156862745,0.9980392156862745,1.0,1,1,1,0.00033088890135818047,0.0002271748157764951,0.0,0.0004013674899205318,0.0004013674899205318,0.045294327783831585,0.0,0.005516337219838699,0.0003083890410360362,0.0019607843137254832,0.005862572408811748,0.005524950689699309,0.5635264257437858,0.1118621618672396,0.005195221075202349,0.00019645361118438722,0.0019607843137254832,0.005556400918447656,0.005198934125527467,0.5299642450898037,0.12452957300025475,0.0,0.0,0.03370893614950231,-0.030253656854303652,0.0,0.0,0.0
oft,distractor_swap,episode_000001,lift,43,43,3,0.9921875,0.9921875,1.0,1,1,1,0.0007232577564765904,7.055295174315157e-05,0.0,0.00072669078795814,0.00072669078795814,0.0772540686970686,0.0,0.0015345320244342189,8.906734797224952e-05,0.0078125,0.00796227842872183,0.0015371146757769871,0.16354325548468163,0.9627318514537848,0.0022675269756609957,9.788292771376929e-05,0.0078125,0.008135503420372222,0.0022696386613045086,0.24062775458594396,0.9221704396194184,0.0,0.0032107782074809023,-0.07639278934000115,0.008493516581836988,0.007062856821572001,0.0,0.0
openvla,distractor_swap,episode_000001,lift,44,44,,0.9980392156862745,0.9980392156862745,1.0,1,1,1,0.004963764582094214,0.0003991949611946957,0.0,0.004979790702780206,0.004979790702780206,0.5080208707339019,0.0,0.006830642159694369,0.0003083890410360362,0.0019607843137254832,0.007113188542375156,0.006837600172167519,0.6971210260513061,0.07598554928711145,0.011598678343145104,0.0005100367138138289,0.0019607843137254832,0.011774300483771134,0.011609887026030066,1.183018905620161,0.027732525303149392,0.0,-0.02516122780224117,-0.5056340422425368,-0.030253656854303652,-0.025895566951804706,-0.014158704085288335,0.0
oft,distractor_swap,episode_000001,lift,44,44,4,0.9921875,0.9921875,1.0,1,1,1,0.0008437394516036808,0.0,0.0,0.0008437394516036808,0.0008437394516036808,0.0891393784980117,0.0,0.002092571550492791,5.804908989645412e-05,0.0078125,0.008088101238286375,0.002093376552550833,0.22191894868088202,0.9330112994305706,0.0027408470042391783,5.804908989645412e-05,0.0078125,0.008279539132553495,0.00274146165347697,0.2901516514191647,0.8903642921936116,0.0,-0.0016053891037401623,-0.08912492089666832,0.0,0.0,0.0,0.0
openvla,distractor_swap,episode_000001,lift,45,45,,0.9980392156862745,0.9980392156862745,1.0,1,1,1,0.0014904362982356542,0.0003282502400915346,0.0,0.0015261548346149384,0.0015261548346149384,0.15656965636531836,0.0,0.006486663644963338,0.0003083890410360362,0.0019607843137254832,0.0067835524740708026,0.006493990225086591,0.6621451276475585,0.08354977220551853,0.005166627889711177,0.0005627141625388055,0.0019607843137254832,0.0055547606703093,0.00519718106086974,0.530462303129945,0.12460312776524754,0.0,-0.02516122780224117,0.15169021267276092,0.0,-0.025895566951804706,-0.014158704085288335,0.0
oft,distractor_swap,episode_000001,lift,45,45,0,0.97265625,0.96484375,1.0,1,1,1,0.0006639351240680828,0.00012800905820651198,0.0078125,0.007841705963497625,0.0006761628265101674,0.07568851931505705,0.9925649914180104,0.008699465681013048,0.00032217511786305163,0.02734375,0.028696082729254075,0.008705429337011121,0.9219512394322149,0.9079687845285609,0.008205220427035058,0.00022790659830160254,0.03515625,0.03610179355290098,0.008208384961354016,0.8703110904995541,0.9483038887482438,-0.005174690279289734,0.009632334622443284,0.07002672356166775,0.0,-0.021188570464716002,0.0,-0.016015465501195987
openvla,distractor_swap,episode_000001,lift,46,46,,0.9980392156862745,0.9980392156862745,1.0,1,1,1,0.0014904362982356542,0.0003282502400915346,0.0,0.0015261548346149384,0.0015261548346149384,0.15656965636531836,0.0,0.006092212011624648,0.0003083890410360362,0.0019607843137254832,0.006407404007877659,0.006100012376644393,0.6220463159198025,0.09364733670284278,0.007581330689866393,0.0005627141625388055,0.0019607843137254832,0.007850980663763205,0.0076021853606599065,0.7751517340657283,0.062375182934546095,0.0,-0.02516122780224117,0.15169021267276092,0.0,-0.025895566951804706,-0.014158704085288335,0.0
oft,distractor_swap,episode_000001,lift,46,46,1,0.984375,0.984375,1.0,1,1,1,0.0030133213912529873,0.00012020303519897701,0.0,0.003015717920604294,0.003015717920604294,0.3188506485394908,0.0,0.005567235402929853,0.0001976614206024877,0.015625,0.016588363544027786,0.0055707432240976705,0.5892317666627407,0.8872233493988729,0.008580497234196663,0.00018889373302292178,0.015625,0.017826980636900684,0.008582576165023642,0.9070935946316344,0.7682179781729713,0.0,-0.0032107782074809023,0.31830328891667214,-0.016987033163673976,0.007062856821572001,0.0,0.0
openvla,distractor_swap,episode_000002,hold,0,0,,0.0019607843137254832,0.0019607843137254832,0.0,0,0,0,0.0019946887429827345,0.010759359628027427,0.0,0.010942696321593162,0.010942696321593162,1.6279112058449277,0.0,0.0020792381268076774,0.013514307954577375,0.0019607843137254832,0.013813197522806799,0.013673322591057522,1.3994948484156968,0.02014982151881398,0.000858736362121755,0.020687961790836012,0.0019607843137254832,0.0207984101874079,0.020705776759124998,2.640885933681741,0.008887904296269117,-0.44429620179580503,0.025161227802241504,-0.01685446807475133,-0.5899463086589228,1.4501517493010587,-0.02831740817057667,0.0
oft,distractor_swap,episode_000002,hold,0,0,0,0.111328125,0.140625,0.0,0,0,0,0.0006208237098705029,0.0008438233828807959,0.029296875,0.02931559900029093,0.001047597241421418,0.1978773189248658,0.9987229992646147,0.0035335789781865763,0.007835868346289012,0.111328125,0.11165947532185112,0.008595755530228635,1.2339227304077538,0.994073791254569,0.002918873407522444,0.007012918039498469,0.140625,0.14083000911168708,0.007596106989627301,1.068532001597303,0.9970906784000051,-0.120311548993487,0.09953412443191172,0.016976175408889065,0.07644164923653393,-0.06356571139414804,-0.03153480337125222,0.06005799562948495
openvla,distractor_swap,episode_000002,hold,1,1,,0.0019607843137254832,0.0019607843137254832,0.0,0,0,0,0.0019946887429827345,0.010759359628027427,0.0,0.010942696321593162,0.010942696321593162,1.6279112058449277,0.0,0.0016370596217113787,0.019471398169588407,0.0019607843137254832,0.019638227669742513,0.01954009495585138,1.8752195957556053,0.009969079667149541,0.00043342041861869256,0.020952690766263275,0.0019607843137254832,0.021048700167252174,0.020957173082406175,2.26062508302968,0.008677788964352905,-0.44429620179580503,0.025161227802241504,-0.01685446807475133,-0.5899463086589228,1.4501517493010587,-0.02831740817057667,0.0
oft,distractor_swap,episode_000002,hold,1,1,1,0.2080078125,0.283203125,0.0,0,0,0,0.0009154326274627918,0.001814503368738836,0.0751953125,0.07522277222585753,0.0020323482404814423,0.356009291095769,0.9992700424878783,0.002161145518912683,0.014629226677579644,0.2080078125,0.20853281488574665,0.014787995913507832,1.7044836771009395,0.9949711366739522,0.0013745665164919057,0.01175004481244263,0.283203125,0.28345010671363013,0.011830172703839563,1.4098823919654893,0.9982580771350588,-0.1733521243562071,0.16053891037405088,0.022281230224167264,0.16987033163674184,-0.11300570914515187,-0.07095330758531745,0.15414885544901138
openvla,distractor_swap,episode_000002,alignment,2,2,,0.0019607843137254832,0.0019607843137254832,0.0,0,0,0,0.0019946887429827345,0.010745001633375391,0.0,0.010928579197801599,0.010928579197801599,1.6276648974865764,0.0,0.025486222362643068,0.39860001427792024,0.0019607843137254832,0.3994187822171127,0.39941396935094337,51.45419274603867,2.4099203076288303e-05,0.026371571515479603,0.3951134654717904,0.0019607843137254832,0.39599741799214894,0.39599256354295814,50.723805755327575,2.451742973747417e-05,-0.44429620179580503,0.025161227802241504,-0.01685446807475133,-0.5899463086589228,1.4501517493010587,0.0,0.0
oft,distractor_swap,episode_000002,alignment,2,2,2,0.314453125,0.498046875,0.0,0,0,0,0.0015596403812378865,0.0052511875316404175,0.18359375,0.18367545423293158,0.005477905494917162,0.749835360345125,0.9991105391729962,0.025031805525895953,0.3973782537639546,0.314453125,0.5073626273925207,0.39816587981942414,57.12421374964255,0.38412704267425823,0.02655874969457106,0.3988263814684963,0.498046875,0.6386067173447669,0.399709706838092,57.7067188235265,0.6082378943320749,-0.2800801113665584,0.2408083655610769,0.07045775926540918,0.37371472960083163,-0.2825142728628799,-0.2443947261272045,0.3763634392781057
openvla,distractor_swap,episode_000002,alignment,3,3,,0.0019607843137254832,0.0019607843137254832,0.0,0,0,0,0.0019946887429827345,0.010745001633375391,0.0,0.010928579197801599,0.010928579197801599,1.6276648974865764,0.0,0.025997062182198664,0.4167852286164354,0.0019607843137254832,0.41759983083100544,0.41759522750500805,51.592780957016494,2.2046467865403902e-05,0.02635316560058028,0.4060293867224864,0.0019607843137254832,0.40688843298198457,0.40688370847136407,49.9133172388486,2.322249938129657e-05,-0.44429620179580503,0.025161227802241504,-0.01685446807475133,-0.5899463086589228,1.4501517493010587,0.0,0.0
oft,distractor_swap,episode_000002,alignment,3,3,3,0.435546875,0.7265625,0.0,0,1,0,0.001885164757061474,0.00604438115998869,0.291015625,0.29108449354767957,0.006331539289027027,0.9604444374007449,0.9995268700167922,0.025050718396465072,0.4161403504581436,0.435546875,0.6029107812055372,0.4168936672241563,57.245672942648305,0.5218716490625908,0.02637262953465481,0.4090041816159188,0.7265625,0.8341900278558415,0.4098535545385445,56.694342237417516,0.7586054703279207,-0.32244788802824303,0.2504407001835199,0.1080904918612867,0.45440313712828356,-0.3248914137923121,-0.2759295294984566,0.5965760899195506
openvla,distractor_swap,episode_000002,alignment,4,4,,0.0019607843137254832,0.0019607843137254832,0.0,0,0,0,0.001986739067699664,0.0033706623033366856,0.0,0.00391260737696221,0.00391260737696221,0.6380648272247396,0.0,0.025471320344913694,0.415956901617644,0.0019607843137254832,0.41674065896980644,0.4167360461532738,50.0533883834633,2.2137465611695465e-05,0.026475495875595986,0.4179197657169569,0.0019607843137254832,0.4187621367004183,0.41875754615143934,50.23242710373845,2.19242544413141e-05,-0.44429620179580503,0.0,0.0,0.4084243675331,0.20716453561443698,0.0,0.0
oft,distractor_swap,episode_000002,alignment,4,4,4,0.51171875,0.8046875,0.0,1,1,0,0.0022151553132633154,0.007713063007912187,0.29296875,0.2930786357457473,0.00802485227439746,1.0717829160139267,0.9992502684789424,0.02388710856807427,0.41412986035030247,0.51171875,0.6587337962265687,0.4148181953452669,55.20409523297097,0.6034520539883813,0.025989125082870358,0.41475348073155427,0.8046875,0.9056587972618402,0.415566943345489,55.90346911350011,0.7894512013905703,-0.40459609621196796,0.31786704254062115,0.10238755793486308,0.45864989541920204,-0.3990514104188181,-0.3784176404550264,0.6005799562948495
openvla,distractor_swap,episode_000002,alignment,5,5,,0.0019607843137254832,0.0019607843137254832,0.0,0,0,0,0.0034434868189685886,0.015219985737069015,0.0,0.01560466492139433,0.01560466492139433,1.8576378282475365,0.0,0.02409715953566828,0.4257215914959937,0.0019607843137254832,0.4264075412544836,0.42640303301403615,50.69035275138714,2.1145107341577963e-05,0.026400071251063036,0.40973338304262213,0.0019607843137254832,0.4105876929679435,0.41058301102409644,48.942854679199904,2.280593029496779e-05,-0.44429620179580503,0.0,0.2865259572707709,-0.5899463086589228,1.6055251510118866,-0.4955546429850932,0.0
oft,distractor_swap,episode_000002,alignment,5,5,0,0.07568359375,0.09130859375,0.0,0,0,0,0.00026184935876798747,0.002806834866256548,0.015625,0.015877263997714487,0.002819022357683709,0.2629893443956122,0.9684756813679607,0.023841075368145302,0.4219124852897486,0.07568359375,0.429309385503039,0.42258554414234506,55.99036091895381,0.03107869150675148,0.02336128263321198,0.41937524079169913,0.09130859375,0.42983555158684467,0.42002540651175435,55.42345675089247,0.04512514832363862,0.016170907122780367,-0.07705867697954454,-0.010610109630555664,-0.1189092321457194,0.165977135306942,0.14190661517063483,0.032030931002391974
openvla,distractor_swap,episode_000002,alignment,6,6,,0.0019607843137254832,0.0019607843137254832,0.0,0,0,0,0.000691039675721622,0.03900672877057431,0.0,0.03901284948852841,0.03901284948852841,3.146981785159707,0.0,0.025316514484565903,0.4432229049640581,0.0019607843137254832,0.4439496751497298,0.44394534504871846,51.449143972703716,1.950707540400899e-05,0.02572511219043581,0.424429213386121,0.0019607843137254832,0.4252126329824843,0.42520811207310233,51.06521837130817,2.126411587001399e-05,0.15453780932027994,0.0,0.0,2.6320681463244244,0.12947783475902322,-1.7132031943198938,0.0
oft,distractor_swap,episode_000002,alignment,6,6,1,0.154296875,0.16796875,0.0,0,0,0,0.00020442922412070052,0.002266066306643296,0.013671875,0.013859906703488432,0.0022752687344088788,0.19491783673284027,0.9730508678371439,0.024198624151257616,0.4119203336358344,0.154296875,0.44053542457813377,0.4126305062322355,55.290106194951186,0.1226740170705832,0.024672734783657634,0.42248655466180224,0.16796875,0.45532091286066273,0.42320637130329775,56.55361463393989,0.1360886120439316,-0.014230398268046868,-0.04495089490473436,-0.01485415348277793,-0.06794813265469694,0.1271314227882961,0.11825551264219573,0.02802706462709298
openvla,distractor_swap,episode_000002,alignment,7,7,,0.0019607843137254832,0.0019607843137254832,0.0,0,0,0,0.0014302241479506024,0.0016669839638941003,0.0,0.0021964463684008115,0.0021964463684008115,0.3272138692870422,0.0,0.022262299466777935,0.4288925675965732,0.0019607843137254832,0.4294744336887291,0.42946995764212614,50.88961947202286,2.0844189673911928e-05,0.023005865718076675,0.42303983342223844,0.0019607843137254832,0.4236694645528261,0.42366492717636356,50.31100286170338,2.1419302287277965e-05,0.09658613082517535,0.27677350582465554,0.11798127652325861,0.0,0.0,-0.08495222451173018,0.0
oft,distractor_swap,episode_000002,alignment,7,7,2,0.2451171875,0.318359375,0.0,0,0,0,0.0001905344549141316,0.0020542569634640724,0.0732421875,0.07327123790980745,0.002063074174732953,0.23474786306413353,0.9992072018511877,0.02436434095240936,0.4077490675432904,0.2451171875,0.47637732817628736,0.40847634349184536,56.022731701851306,0.2647557257076063,0.02398044869306522,0.40354760362190933,0.318359375,0.5145662464240119,0.40425948388195715,55.28917395062521,0.3827830489378933,0.0360206956159939,-0.03210778207481018,0.005570307556041816,-0.04246758290918546,0.13066285119908197,0.10642996137797624,0.15014498907371238
openvla,distractor_swap,episode_000002,alignment,8,8,,0.0019607843137254832,0.0019607843137254832,0.0,0,0,0,0.004089958953707486,0.032784484008776864,0.0,0.03303861613271291,0.03303861613271291,2.0836735972807,0.0,0.02392818393081864,0.428407400616372,0.0019607843137254832,0.429079600498822,0.4290751203333791,53.061475375214194,2.0882568401062113e-05,0.024053522898985682,0.4114347476670729,0.0019607843137254832,0.4121419272857894,0.41213726299828796,52.67399079411707,2.2634247085048108e-05,-0.3090756186405599,-1.1825777067053478,0.23596255304651723,0.0,-0.025895566951804467,-1.6707270820640285,0.0
oft,distractor_swap,episode_000002,alignment,8,8,3,0.341796875,0.5078125,0.0,0,1,0,0.0001766632976302839,0.0019782167825657675,0.166015625,0.16602750463613003,0.001986089514486813,0.37208613929551804,0.9998569006846316,0.024006689913968645,0.4014763883007779,0.341796875,0.527811249674946,0.4021935001012105,57.191079789173315,0.4193521659682924,0.02414651150627964,0.4023885152614966,0.5078125,0.6483618637678534,0.4031123555936664,57.19384001048629,0.6134396592866568,-0.005498108421745317,-0.012843112829924187,0.018037186371944996,0.0169870331636745,0.10241142391279395,0.10642996137797604,0.34032864190041473
openvla,distractor_swap,episode_000002,alignment,9,9,,0.0019607843137254832,0.0019607843137254832,0.0,0,0,0,0.0003698997019787377,0.0008334919819470502,0.0,0.0009118852304396539,0.0009118852304396539,0.13828964398003407,0.0,0.025681200851459605,0.4034003853424331,0.0019607843137254832,0.40422177037700663,0.4042170146982887,53.55989365942568,2.3529909030792607e-05,0.02527723407336392,0.4011523593523878,0.0019607843137254832,0.4019527318622326,0.40194794933720823,53.28425788004635,2.3796313314936066e-05,0.038634452330069985,-0.12580613901120752,0.0,0.0,0.0,-0.04247611225586509,0.0
oft,distractor_swap,episode_000002,alignment,9,9,4,0.37890625,0.59765625,0.0,0,1,0,0.0007724427144239783,0.001908659428081188,0.21875,0.21875969041064094,0.0020590406891244015,0.5253754584182453,0.9999114078467161,0.024092064057219836,0.3916065007759592,0.37890625,0.5454411290777319,0.3923468860594264,57.92431081124095,0.4825782810593908,0.024611473132209263,0.3889578424243204,0.59765625,0.7135032732631171,0.3897357153163153,57.65224243813457,0.7016345902041053,-0.1364824561162674,0.128431128299241,0.033421845336250526,0.15288329847306736,-0.08828571026965003,-0.08672070927094343,0.44843303403348767
openvla,distractor_swap,episode_000002,alignment,10,10,,0.0019607843137254832,0.0019607843137254832,0.0,0,0,0,0.0019534383643325616,0.006987535581173344,0.0,0.0072554513947382885,0.0072554513947382885,0.9688673812162105,0.0,0.0233503819410868,0.3852235587340484,0.0019607843137254832,0.3859355842827199,0.3859306032702245,52.421463505847385,2.581249594449807e-05,0.024766256375456628,0.38169413850762274,0.0019607843137254832,0.38250180065073697,0.3824967749222615,52.017225908895114,2.6278022483306017e-05,-0.2318067139804203,-0.025161227802241504,0.16854468074751225,0.9227365340562635,-0.05179113390360941,-0.04247611225586509,0.0
oft,distractor_swap,episode_000002,alignment,10,10,0,0.08740234375,0.083984375,0.0,0,0,0,0.0003778612199389646,0.002996432316182669,0.00341796875,0.004561128818941004,0.003020163195424644,0.264162101366683,0.5615539665335288,0.024354144733890346,0.36717601540233824,0.08740234375,0.3782202008690844,0.3679828129851412,56.266864161769554,0.05340190077285596,0.024052017722151976,0.3686036850106383,0.083984375,0.37881466630011723,0.36938756903816966,56.334281304083945,0.049152251856368935,0.03169497796064997,-0.10595568084687323,-0.015915164445833498,-0.1019221989820449,0.1483199932530119,0.15767401685626098,-0.007006766156773245
openvla,distractor_swap,episode_000002,alignment,11,11,,0.0019607843137254832,0.0019607843137254832,0.0,0,0,0,0.0004963333520372724,0.0033339679277882023,0.0,0.003370710450315321,0.003370710450315321,0.17726866515182807,0.0,0.02556802150137398,0.3776866011402946,0.0019607843137254832,0.3785561214397777,0.3785510433275845,52.05736466321441,2.68286673790713e-05,0.02520764193408615,0.37806610173369165,0.0019607843137254832,0.3789106057728025,0.3789055324114273,52.01680952385998,2.6778492517320462e-05,0.0,0.0,-0.05056340422425364,0.0,0.0,0.16990444902346047,0.0
oft,distractor_swap,episode_000002,alignment,11,11,1,0.21875,0.23046875,0.0,0,0,0,7.521900209672866e-05,0.0007349224761522205,0.01171875,0.011742013051718608,0.0007387617641906887,0.06371827711602054,0.9960415633231474,0.026186925615802364,0.35793318011845954,0.21875,0.4203016523913761,0.35888983895190063,55.67985706185319,0.2708781212240305,0.026093384784806835,0.357708412467352,0.23046875,0.426323841470312,0.358658853340387,55.61825401232733,0.29224349400762445,0.010349380558579467,-0.01926466924488599,-0.0018567691853475163,-0.025480549745511488,0.028251427286288003,0.03941850421406515,0.02402319825179398
openvla,distractor_swap,episode_000002,alignment,12,12,,0.0019607843137254832,0.0019607843137254832,0.0,0,0,0,0.0,0.002278463964260121,0.0,0.002278463964260121,0.002278463964260121,0.3036428093888461,0.0,0.02507322704072929,0.3649671850532176,0.0019607843137254832,0.3658326906593102,0.36582743593107603,50.268346862653104,2.872728779828659e-05,0.025070889079975543,0.36679516967091197,0.0019607843137254832,0.36765621257949455,0.3676509839143281,50.500486152522654,2.8443028065486057e-05,0.0,0.0,0.0,-0.302536568543037,0.02589556695180453,0.0,0.0
oft,distractor_swap,episode_000002,alignment,12,12,2,0.4296875,0.478515625,0.0,0,0,0,0.00012785460474504844,0.0010197004863794403,0.048828125,0.048838938634019294,0.001027684719102595,0.12781777440874398,0.9995572206450141,0.027121872501738906,0.3448475119013551,0.4296875,0.5516219267657929,0.34591242017677803,53.62091048455651,0.6067676216672777,0.02711171849843798,0.34494324763529693,0.478515625,0.5905066407232563,0.346007065490178,53.61369385007185,0.6566631941431706,0.015524070837869603,-0.022475447452366893,0.009018593185972498,-0.025480549745510964,0.042377140929432004,0.055185905899691405,0.10009665938247493
openvla,distractor_swap,episode_000002,alignment,13,13,,0.0019607843137254832,0.0019607843137254832,0.0,0,0,0,6.541553330367995e-05,0.0002778306606490196,0.0,0.00028542786828562405,0.00028542786828562405,0.028871374852803132,0.0,0.02568678416323448,0.341576663174163,0.0019607843137254832,0.3425467448115208,0.3425411328670532,46.56091745556061,3.2765738296104945e-05,0.025830948849816248,0.3438579847489785,0.0019607843137254832,0.3448324176599925,0.3448268429141075,46.86552561493872,3.2332811750610294e-05,0.0,-0.025161227802241837,0.0,0.0,0.0,0.014158704085288512,0.0
oft,distractor_swap,episode_000002,alignment,13,13,3,0.53125,0.59765625,0.0,1,1,0,0.00045766621936219195,0.0007085972029761009,0.06640625,0.06641160747510115,0.0008435451169978021,0.15157290626804798,0.9998386649801436,0.027071311091827664,0.32958217939549445,0.53125,0.6257665949531938,0.3306921058315641,50.748305835913875,0.720730887994788,0.02758060810307525,0.3318916786278425,0.59765625,0.6841825556456442,0.3330356982152852,51.100660181080016,0.7630604373534949,-0.005174690279289734,-0.0032107782074814795,0.048275998819028824,-0.008493516581836988,0.021188570464715967,0.039418504214065245,0.1361314567601659
openvla,distractor_swap,episode_000002,alignment,14,14,,0.0019607843137254832,0.0019607843137254832,0.0,0,0,0,0.0004625032985728423,0.002362659585241855,0.0,0.0024075027760993286,0.0024075027760993286,0.3633937951706746,0.0,0.026885738898512347,0.3563075979289923,0.0019607843137254832,0.3573258904322109,0.357320510603642,48.06375855553869,3.011138131394436e-05,0.025156108562337725,0.3386931000001053,0.0019607843137254832,0.33963169825681233,0.33962603814442943,45.68925779839685,3.3330606346605325e-05,0.09658613082517535,0.0,-0.01685446807475133,0.015126828427152057,-0.3495901538493626,0.0,0.0
oft,distractor_swap,episode_000002,alignment,14,14,4,0.70703125,0.73046875,0.0,1,1,0,0.000997076885272239,0.0005812547196090053,0.0234375,0.023465899207450198,0.001154131432815142,0.124707944985501,0.997580998506032,0.029153959463037185,0.3450338246154847,0.70703125,0.787268367177117,0.3462633296801171,52.66985417956413,0.8065505948832326,0.028330462587463367,0.32740929472877145,0.73046875,0.8009894232209148,0.3286327150257734,49.98666271571405,0.8316674793327531,0.010349380558579467,-0.01926466924488599,0.10504008534250181,-0.016987033163673976,0.021188570464716037,0.03153480337125212,0.04804639650358796
openvla,distractor_swap,episode_000002,alignment,15,15,,0.0019607843137254832,0.0019607843137254832,0.0,0,0,0,0.0003270776665183937,0.004579239206960366,0.0,0.004590905304457729,0.004590905304457729,0.6398913341478916,0.0,0.023846926304852138,0.3117248126833852,0.0019607843137254832,0.31264177489869394,0.312635626147566,42.16513913396139,3.9333775314756336e-05,0.024853886500412967,0.3301012361117987,0.0019607843137254832,0.3310413666474899,0.3310355596559271,44.60001426551371,3.508287009356816e-05,0.0,-0.12580613901120685,0.0,-0.5294389949503151,-0.33664237037345995,0.0,0.0
oft,distractor_swap,episode_000002,alignment,15,15,0,0.54296875,0.470703125,0.0,1,0,0,0.0007924568461264854,0.00024113402972654384,0.072265625,0.0722703721459485,0.0008283317410705072,0.1800474712528328,0.9998686324728314,0.025355420926729794,0.31245701323831987,0.54296875,0.6269667821892526,0.31348410245526526,47.7863734669328,0.7499988653921288,0.026022829788796522,0.3273767610387954,0.470703125,0.5739461326842745,0.3284093959351182,50.049512586149426,0.6725923066477855,0.04915955765325307,-0.004013472759350984,-0.08063683319222378,-0.016987033163673976,0.03531428410786004,0.0,-0.14814305588606289
openvla,distractor_swap,episode_000002,alignment,16,16,,0.0019607843137254832,0.0019607843137254832,0.0,0,0,0,0.00019776894512314413,0.002415563720283611,0.0,0.0024236461462856986,0.0024236461462856986,0.3289924577849167,0.0,0.02617263877553292,0.3482301187170908,0.0019607843137254832,0.3492177934718084,0.34921228873307664,47.670285400279546,3.152585835507693e-05,0.026168125846430124,0.34461623998048857,0.0019607843137254832,0.3456139006807007,0.3456083385403256,47.174846667735885,3.218675873271993e-05,-0.019317226165034992,-0.02516122780224117,0.01685446807475133,0.28740974011588566,-0.1553734017108279,0.014158704085288512,0.0
oft,distractor_swap,episode_000002,alignment,16,16,1,0.58203125,0.50390625,0.0,1,1,0,0.0008710719597914898,0.0005685872247896889,0.078125,0.07813192486296065,0.0010402200687013433,0.18855912458102128,0.9998227470756378,0.02735657281381567,0.3359850960736725,0.58203125,0.6726029607698103,0.337096969520274,51.94450355070389,0.7488158988158985,0.026642219045726046,0.33464154817788605,0.50390625,0.6054884659443442,0.3357004224045196,51.7299849583424,0.6926083782547677,0.0077620354189344,-0.008026945518702545,-0.09191007467468885,0.016987033163673976,0.007062856821572036,-0.03153480337125222,-0.16015465501195988
openvla,distractor_swap,episode_000002,alignment,17,17,,0.0019607843137254832,0.0019607843137254832,0.0,0,0,0,0.0,0.000594231289055668,0.0,0.000594231289055668,0.000594231289055668,0.07994437969218124,0.0,0.02086888931104869,0.34381357847716354,0.0019607843137254832,0.34445192982689826,0.34444634892294834,47.91631050769699,3.240428202006861e-05,0.020683674857703276,0.3404338774953541,0.0019607843137254832,0.3410672719966927,0.3410616357084757,47.43086411774952,3.3050615574390856e-05,0.0,0.0,0.0,-0.07563414213575936,-0.02589556695180453,0.0,0.0
oft,distractor_swap,episode_000002,alignment,17,17,2,0.76171875,0.671875,0.0,1,1,0,0.0009755184775126182,0.0001397974816417555,0.08984375,0.08984915466323733,0.0009854844675802423,0.2125630513923483,0.9998796983520831,0.029348830600866245,0.3452622073404696,0.76171875,0.8368290146599927,0.3465073529887234,54.108952972552565,0.8285444884359315,0.028341301148116532,0.3416438498857205,0.671875,0.7542809590202479,0.34281737049849875,53.52656560343637,0.7934337574620376,0.010349380558579868,-0.006421556414962382,-0.10291806341639068,-0.008493516581837512,0.021188570464716037,0.0,-0.18417785326375385
openvla,distractor_swap,episode_000002,alignment,18,18,,0.0019607843137254832,0.0019607843137254832,0.0,0,0,0,0.0,0.00020847168477817902,0.0,0.00020847168477817902,0.00020847168477817902,0.0299900204404713,0.0,0.020307425363455048,0.34506127702955897,0.0019607843137254832,0.3456638845834017,0.3456583232473396,48.4241662714517,3.217745082657916e-05,0.02061149957114549,0.3514799305922647,0.0019607843137254832,0.35208922192938463,0.35208376208469844,49.32718967490459,3.1013743183741885e-05,0.0,0.0,0.0,-0.015126828427152057,0.02589556695180453,0.0,0.0
oft,distractor_swap,episode_000002,alignment,18,18,3,0.79296875,0.7109375,0.0,1,1,0,0.0007639417751171149,0.0001630505285012579,0.08203125,0.08203496918432476,0.0007811482001602692,0.18737820005662237,0.9999093289104828,0.029017765996619416,0.3462725969083022,0.79296875,0.8657633513782024,0.34748631931783175,54.49763270048695,0.8389068675954416,0.028928675569184614,0.35252293468967244,0.7109375,0.7940663805115138,0.35370791304748356,55.47913974965695,0.8015843456955118,0.005174690279289734,-0.006421556414962382,-0.08063683319222378,0.0,0.014125713643144001,-0.00788370084281303,-0.16816238776255787
openvla,distractor_swap,episode_000002,alignment,19,19,,0.0019607843137254832,0.0019607843137254832,0.0,0,0,0,8.637995946520188e-05,0.0,0.0,8.637995946520188e-05,8.637995946520188e-05,0.019317226165034798,0.0,0.018751065263638067,0.32926424979458085,0.0019607843137254832,0.3298035677739619,0.3297977389875639,45.8755840351471,3.534670610013337e-05,0.01867617141350284,0.32853711139911557,0.0019607843137254832,0.32907336206424603,0.3290675203436848,45.77251028694161,3.550374708781308e-05,0.019317226165034798,0.0,0.0,0.0,0.0,0.0,0.0
oft,distractor_swap,episode_000002,alignment,19,19,4,0.81640625,0.78515625,0.0,1,1,0,0.0003827808595193849,4.2669686068837545e-05,0.03125,0.031252373380089446,0.000385151773361635,0.07663003782524413,0.9998481209768936,0.027911558697200533,0.33039022025699805,0.81640625,0.881167360828485,0.33156711650942555,51.5337707927655,0.8584121129975236,0.027540634912517833,0.3296967310144698,0.78515625,0.8520145291760434,0.33084501056085497,51.420495375987414,0.8492160286836188,0.0,-0.009632334622442706,-0.04031841659611189,0.0,0.007062856821572036,0.0,-0.06406186200478395
openvla,distractor_swap,episode_000002,descent_to_grasp,20,20,,0.0019607843137254832,0.0019607843137254832,0.0,0,0,0,8.637995946520188e-05,0.0,0.0,8.637995946520188e-05,8.637995946520188e-05,0.019317226165034798,0.0,0.007557948858725819,0.0005798537462675628,0.0019607843137254832,0.007829654937679396,0.007580159715875084,0.7811147873606122,0.06271542975560467,0.007514645690823029,0.0005798537462675628,0.0019607843137254832,0.007787862694643349,0.00753698415983911,0.7749691821615162,0.06339033921686855,0.019317226165034798,0.0,0.0,0.0,0.0,0.0,0.0
oft,distractor_swap,episode_000002,descent_to_grasp,20,20,0,0.023681640625,0.03564453125,0.0,0,0,0,0.0007992812531709129,0.0016360712580197395,0.011962890625,0.012100674848482693,0.0018208733297483265,0.22117525266063684,0.9773566704670766,0.009201023059610331,0.014977205701687644,0.023681640625,0.029492297615916537,0.017577699393667705,1.8258836423802869,0.6447722782875221,0.008787138847462501,0.013360832592438907,0.03564453125,0.03906735548664625,0.0159914244733783,1.6576323250324005,0.8324492894820272,-0.17626288763830733,0.009632334622442706,-0.025464263113333777,0.04246758290918546,-0.08475428185886401,-0.08672070927094362,0.024523681548706357
openvla,distractor_swap,episode_000002,descent_to_grasp,21,21,,0.0019607843137254832,0.0019607843137254832,0.0,0,0,0,0.0,0.0,0.0,0.0,0.0,0.0,0.0,0.007232269361591048,0.0005798537462675628,0.0019607843137254832,0.007515758485383962,0.007255477274836516,0.7487046548415879,0.06806345897619011,0.0076105943693020525,0.0005798537462675628,0.0019607843137254832,0.007880485527305062,0.007632652030658324,0.7863603341372872,0.06190898677404743,0.0,0.0,0.0,0.0,0.0,0.0,0.0
oft,distractor_swap,episode_000002,descent_to_grasp,21,21,1,0.02197265625,0.03173828125,0.0,0,0,0,0.0014186527697158536,0.0024617298632418475,0.009765625,0.010170551668480141,0.0028412478949572826,0.3748608004100359,0.9219578486207153,0.008673963692682874,0.006915434558819311,0.02197265625,0.024614193140543063,0.011093280906895542,1.3472379223914925,0.7968818123787091,0.008560528256489154,0.004497904771873447,0.03173828125,0.033178792745835295,0.00967025291122167,1.1564952755835944,0.9150517364176803,-0.29317854613601074,-0.07063712056458274,0.06366065778333435,0.08493516581837092,-0.14831999325301204,-0.12613921348500876,0.020019331876494986
openvla,distractor_swap,episode_000002,descent_to_grasp,22,22,,0.0019607843137254832,0.0019607843137254832,0.0,0,0,0,0.020184407816895955,0.0001748094508986311,0.0,0.020185164781663142,0.020185164781663142,2.0564988859571462,0.0,0.008052654623515735,0.0008711488432905787,0.0019607843137254832,0.008333595977592612,0.008099638682854677,0.8349721546411535,0.05535983215820974,0.012678518559444294,0.0007796016161016676,0.0019607843137254832,0.012852909657620473,0.012702464782159474,1.2988243726073054,0.023273234097984794,0.019317226165034798,0.0,2.056245105119649,0.0,0.02589556695180453,0.0,0.0
oft,distractor_swap,episode_000002,descent_to_grasp,22,22,2,0.056640625,0.083984375,0.0,0,0,0,0.0007130678688393948,0.0011532345580528357,0.02734375,0.027377346105748792,0.001355881901737196,0.182138512377145,0.9975472062272733,0.010222944635852375,0.005417433482899068,0.056640625,0.05781018580630894,0.011569666484792844,1.2405366699028044,0.9599471937993863,0.011187713295381553,0.004270215770352405,0.083984375,0.08483380762199495,0.011974960188035011,1.2810671276930214,0.980074453739928,-0.12160522156330934,0.0,0.050928526226667555,0.06794813265469694,-0.07062856821572001,-0.0551859058996913,0.05605412925418596
openvla,distractor_swap,episode_000002,descent_to_grasp,23,23,,0.0019607843137254832,0.0019607843137254832,0.0,0,0,0,0.022996778644393635,0.0005365884795092979,0.0,0.023003037956226158,0.023003037956226158,2.3441075690338957,0.0,0.0005034592964788784,0.00023226452970370796,0.0019607843137254832,0.0020376685696946416,0.0005544529510873685,0.09773899024344417,0.9259606997802191,0.02263697587631168,0.0007013978210416188,0.0019607843137254832,0.02273256058725085,0.02264783953775898,2.309706535715599,0.007439828651212881,0.0,0.0,2.34277106239042,-0.015126828427151595,-0.07768670085541377,0.0,0.0
oft,distractor_swap,episode_000002,descent_to_grasp,23,23,3,0.078125,0.1337890625,0.0,0,0,0,0.001002453369143257,0.003400251790753462,0.0556640625,0.05577682743758142,0.003544943581755398,0.39532738466499534,0.9959606541503377,0.011735537826998666,0.010174396409013225,0.078125,0.07965398179235397,0.01553194097261053,1.6434648125434201,0.9619778665445452,0.012184210103614595,0.006778761833007221,0.1337890625,0.13451364180805814,0.013942976290507685,1.4965436797525808,0.9892556953033014,-0.18887619519407628,0.03531856028229108,0.06047762489416766,0.2038443979640898,-0.1836342773608721,-0.16555771769907401,0.1141101916960214
openvla,distractor_swap,episode_000002,descent_to_grasp,24,24,,0.0019607843137254832,0.0019607843137254832,0.0,0,0,0,0.0,0.0003496189017972634,0.0,0.0003496189017972634,0.0003496189017972634,0.05179113390360924,0.0,0.022646277737919055,0.0005386761511587749,0.0019607843137254832,0.022737386448397,0.022652683447635855,2.3103019998339738,0.007436670876685571,0.02247629124563874,0.000221462026988444,0.0019607843137254832,0.022562743377371613,0.022477382267252,2.291812908002396,0.007552240995560013,0.0,0.0,0.0,0.0,0.05179113390360924,0.0,0.0
oft,distractor_swap,episode_000002,descent_to_grasp,24,24,4,0.09814453125,0.1708984375,0.0,0,0,0,0.0009903824873435016,0.003918909678245468,0.07275390625,0.07286610724590185,0.0040421170860679805,0.4521796567315868,0.9969227226419914,0.011646903830211133,0.015878358591151,0.09814453125,0.1001005577140387,0.0196919435399192,2.04568918158825,0.9613006055471428,0.011830755342723182,0.011964083943364446,0.1708984375,0.17172472744635425,0.01682575634505754,1.7758880055632056,0.9903997284031044,-0.19146354033372134,0.051372451319696165,0.05517257007888982,0.24631198087327527,-0.20835427623637406,-0.1892088202275131,0.14914402247988764
openvla,distractor_swap,episode_000002,descent_to_grasp,25,25,,0.9980392156862745,0.0019607843137254832,0.0,1,0,0,0.0016544445067909128,0.0,0.996078431372549,0.996079805353077,0.0016544445067909128,2.050096350579762,0.9999972412259077,0.02315807796601358,0.0003639597287418833,0.9980392156862745,0.9983079209790124,0.02316093784293092,3.125361966505374,0.9994617509795625,0.024851187409155786,0.0003639597287418833,0.0019607843137254832,0.02493107814463869,0.02485385246454016,2.533891759553433,0.006185538691874706,0.0,0.0,0.1685446807475126,0.0,0.0,0.0,-2.043156317380581
oft,distractor_swap,episode_000002,descent_to_grasp,25,25,0,0.9609375,0.97265625,0.0,1,1,0,0.0003763044799423477,0.00014986555073847135,0.01171875,0.011725748006307437,0.00040504906483391134,0.050245454911829406,0.9988067425507098,0.016770182069718732,0.00028212996330544566,0.9609375,0.9610838660128562,0.016772555081671674,2.651635070344247,0.9996954378846685,0.016436217660216385,0.00032217511786305163,0.97265625,0.972795165341524,0.01643937492061602,2.645773314465164,0.9997144199973358,0.010349380558579467,0.01284311282992361,-0.039257405633056325,-0.008493516581836988,0.0,-0.00788370084281303,0.02402319825179398
openvla,distractor_swap,episode_000002,descent_to_grasp,26,26,,0.9980392156862745,0.9980392156862745,0.0,1,1,0,0.0,0.0,0.0,0.0,0.0,0.0,0.0,0.024934654994178355,0.0003639597287418833,0.9980392156862745,0.9983507126927075,0.024937311129366965,3.263727161794042,0.9993760741448209,0.02491569292054091,0.0003639597287418833,0.9980392156862745,0.9983502392788158,0.024918351076964107,3.2622211518304085,0.9993770219457229,0.0,0.0,0.0,0.0,0.0,0.0,0.0
oft,distractor_swap,episode_000002,descent_to_grasp,26,26,1,0.96875,0.98046875,0.0,1,1,0,0.0007245743274672064,0.00017968931698314296,0.01171875,0.011742503896919193,0.0007465227435667469,0.08596723191411665,0.9959582945404418,0.019402876273231465,0.00013319011201049064,0.96875,0.9689442975977929,0.01940333340640896,2.855226766469185,0.9995989901225335,0.018659968603375633,0.0002708984043783199,0.98046875,0.980646336627424,0.01866193490033815,2.816534926585422,0.9996378499748884,0.010349380558579868,0.0,-0.07639278934000152,-0.008493516581836988,0.028251427286288003,0.0,0.02402319825179398
openvla,distractor_swap,episode_000002,descent_to_grasp,27,27,,0.9980392156862745,0.9980392156862745,0.0,1,1,0,0.0018198889574699978,0.00026221417634794794,0.0,0.001838682161712314,0.001838682161712314,0.18942452390456035,0.0,0.02125442146965721,0.0002573238228125581,0.9980392156862745,0.9982655421756446,0.02125597910141079,2.9809559118493905,0.9995466119514911,0.023312274489384693,0.0003639597287418833,0.9980392156862745,0.9983115098285837,0.023315115452267488,3.1368114306124055,0.9994545650232873,0.0,0.0,0.18539914882226324,0.0,-0.03884335042770699,0.0,0.0
oft,distractor_swap,episode_000002,descent_to_grasp,27,27,2,0.97265625,0.984375,0.0,1,1,0,0.0001629010547891951,0.0001630505285012579,0.01171875,0.011721016329269232,0.0002304825991175296,0.034306938040602086,0.999613325312183,0.021727182066833443,0.00019581586644131077,0.97265625,0.9728989101897901,0.02172806444253328,3.0414629522496917,0.9995012227372677,0.021804356589028812,4.9475301102971607e-05,0.984375,0.9846164598660063,0.02180441272006525,3.063294431493017,0.9995095953217217,0.005174690279289734,-0.004816167311221642,-0.01697617540888943,0.0,0.014125713643144001,0.00788370084281303,0.02402319825179398
openvla,distractor_swap,episode_000002,descent_to_grasp,28,28,,0.9980392156862745,0.9980392156862745,1.0,1,1,1,0.0018198889574699978,0.00026221417634794794,0.0,0.001838682161712314,0.001838682161712314,0.18942452390456035,0.0,0.013238183919901995,0.0002573238228125581,0.0019607843137254832,0.013385081403259771,0.01324068461398196,1.3492764179136227,0.02145940194052725,0.014828481251760398,0.0003639597287418833,0.0019607843137254832,0.014961985097001916,0.014832947209437357,1.5116733656790937,0.017174385706147016,0.0,0.0,0.18539914882226324,0.0,-0.03884335042770699,0.0,0.0
oft,distractor_swap,episode_000002,descent_to_grasp,28,28,3,0.984375,0.98828125,1.0,1,1,1,0.0005632583730578846,0.0001630505285012579,0.00390625,0.003950017029351184,0.0005863833811290652,0.06264311714807955,0.9779623454644453,0.013790872520676864,0.00011893007683013642,0.015625,0.020840895715989155,0.013791385327251757,1.4575282388460595,0.5620918535823042,0.012999166462029565,0.0001976614206024877,0.01171875,0.017502756934473177,0.013000669165267948,1.3738457007699127,0.4482803016348037,-0.005174690279289734,-0.006421556414962382,-0.05941661393111209,0.0,0.014125713643144001,-0.00788370084281303,0.008007732750597994
openvla,distractor_swap,episode_000002,grasp_close,29,29,,0.9980392156862745,0.9980392156862745,1.0,1,1,1,0.0018198889574699978,0.00026221417634794794,0.0,0.001838682161712314,0.001838682161712314,0.18942452390456035,0.0,0.0077466374045291435,0.0002573238228125581,0.0019607843137254832,0.007995078595735554,0.007750910051538264,0.7898874262378285,0.060147028025330444,0.009566512972570516,0.0003639597287418833,0.0019607843137254832,0.009772170294436019,0.009573433926157627,0.975895879445717,0.04026035450143366,0.0,0.0,0.18539914882226324,0.0,-0.03884335042770699,0.0,0.0
oft,distractor_swap,episode_000002,grasp_close,29,29,4,0.984375,0.98828125,1.0,1,1,1,0.0008440769236102548,8.533937213767466e-05,0.00390625,0.003997316315218024,0.0008483800218111011,0.09079646254538058,0.9549552860315079,0.0064108699211807615,0.0001999798205148971,0.015625,0.01689023001841341,0.006413988234703381,0.6781967553272235,0.8557933826031594,0.005567109993863222,0.00020442492508117232,0.01171875,0.012975500175186552,0.005570861983011804,0.5888527325545584,0.8156697626466212,-0.005174690279289734,-0.0032107782074809023,-0.08912492089666832,0.0,0.014125713643144001,0.0,0.008007732750597994
openvla,distractor_swap,episode_000002,grasp_close,30,30,,0.9980392156862745,0.9980392156862745,1.0,1,1,1,0.0034743334642609106,0.0,0.0,0.0034743334642609106,0.0034743334642609106,0.3539438295697758,0.0,0.0077466374045291435,0.0002573238228125581,0.0019607843137254832,0.007995078595735554,0.007750910051538264,0.7898874262378285,0.060147028025330444,0.01122094907601131,0.0002573238228125581,0.0019607843137254832,0.011393883834811458,0.011223899220690906,1.143610114074203,0.029615295688232308,0.0,0.0,0.3539438295697758,0.0,0.0,0.0,0.0
oft,distractor_swap,episode_000002,grasp_close,30,30,0,0.984375,0.98828125,1.0,1,1,1,0.0014264733504514278,8.533937213767444e-05,0.00390625,0.004159434828253109,0.0014290238024557093,0.15162435267117474,0.881965143236808,0.001991696963015738,0.0002880502313121704,0.015625,0.015754061531181255,0.0020124188749475365,0.21645474160567893,0.9836825725925703,0.003418159369459875,0.0003584235033607343,0.01171875,0.01221234549320022,0.0034368998942051997,0.36585806075723026,0.9207980998357647,0.005174690279289734,0.0,0.15066355675389154,0.0,0.014125713643143965,0.0,0.008007732750597994
openvla,distractor_swap,episode_000002,grasp_close,31,31,,0.9980392156862745,0.9980392156862745,1.0,1,1,1,0.0019853334081490932,0.0,0.0,0.0019853334081490932,0.0019853334081490932,0.20225361689701493,0.0,0.007581194489830667,0.0002573238228125581,0.0019607843137254832,0.00783488357076081,0.00758556032488212,0.7730485382186897,0.06263175102574975,0.005595886597666487,0.0002573238228125581,0.0019607843137254832,0.005935051599496183,0.005601799921786772,0.5710535884487126,0.10914671007885317,0.0,0.0,-0.20225361689701493,0.0,0.0,0.0,0.0
oft,distractor_swap,episode_000002,grasp_close,31,31,1,0.9921875,0.9921875,1.0,1,1,1,0.0005228068534518628,0.0002986878024818615,0.0,0.0006021141165656898,0.0006021141165656898,0.07428109154011052,0.0,0.005969537856462357,0.0007082833413323456,0.0078125,0.009857596246618448,0.006011409777360557,0.6417892571025506,0.6281133275509703,0.006491521484045947,0.00042041734938292035,0.0078125,0.010166206675820251,0.006505121207594233,0.68949653090408,0.5905575031085755,-0.005174690279289734,-0.0016053891037407398,0.05517257007888982,0.0,-0.04943999775100404,0.0,0.0
openvla,distractor_swap,episode_000002,grasp_close,32,32,,0.9980392156862745,0.9980392156862745,1.0,1,1,1,0.0028125556615445427,0.0,0.0,0.0028125556615445427,0.0028125556615445427,0.2865259572707705,0.0,0.010559174318636625,0.0002573238228125581,0.0019607843137254832,0.010742767472401792,0.010562309304368153,1.0762231532491855,0.03331403953345434,0.0077466374045291435,0.0002573238228125581,0.0019607843137254832,0.007995078595735554,0.007750910051538264,0.7898874262378285,0.060147028025330444,0.0,0.0,-0.2865259572707705,0.0,0.0,0.0,0.0
oft,distractor_swap,episode_000002,grasp_close,32,32,2,0.9921875,0.9921875,1.0,1,1,1,0.0014865642695940338,0.0,0.0,0.0014865642695940338,0.0014865642695940338,0.15702962253222494,0.0,0.010508949490769172,0.00014554923771758867,0.0078125,0.013095585524524583,0.010509957372898228,1.1104247624537178,0.35590182772245993,0.009022389480464243,0.00014554923771758867,0.0078125,0.011935654685344747,0.009023563404652954,0.9534511417288,0.42843759181393115,0.0,0.0,-0.15702962253222494,0.0,0.0,0.0,0.0
openvla,distractor_swap,episode_000002,grasp_close,33,33,,0.9980392156862745,0.9980392156862745,1.0,1,1,1,0.0001654444506790885,0.0,0.0,0.0001654444506790885,0.0001654444506790885,0.016854468074750977,0.0,0.007581194489830667,0.0002573238228125581,0.0019607843137254832,0.00783488357076081,0.00758556032488212,0.7730485382186897,0.06263175102574975,0.0077466374045291435,0.0002573238228125581,0.0019607843137254832,0.007995078595735554,0.007750910051538264,0.7898874262378285,0.060147028025330444,0.0,0.0,0.016854468074750977,0.0,0.0,0.0,0.0
oft,distractor_swap,episode_000002,grasp_close,33,33,3,0.9921875,0.9921875,1.0,1,1,1,0.0016071037448776525,4.266968606883733e-05,0.0,0.0016076700995257044,0.0016076700995257044,0.16991619808597938,0.0,0.01099109631061409,0.00014868245363440852,0.0078125,0.013485601982529865,0.010992101918250823,1.1613691763548586,0.3356134717660002,0.009383994922847009,0.00014554923771758867,0.0078125,0.012211294015894408,0.009385123616267322,0.9916426497963505,0.40931408039921,0.0,-0.0016053891037401623,-0.16976175408889174,0.0,0.007062856821572001,0.0,0.0
openvla,distractor_swap,episode_000002,grasp_close,34,34,,0.9980392156862745,0.9980392156862745,1.0,1,1,1,0.0001654444506790885,0.0,0.0,0.0001654444506790885,0.0001654444506790885,0.016854468074750977,0.0,0.007581194489830667,0.0002573238228125581,0.0019607843137254832,0.00783488357076081,0.00758556032488212,0.7730485382186897,0.06263175102574975,0.0077466374045291435,0.0002573238228125581,0.0019607843137254832,0.007995078595735554,0.007750910051538264,0.7898874262378285,0.060147028025330444,0.0,0.0,0.016854468074750977,0.0,0.0,0.0,0.0
oft,distractor_swap,episode_000002,grasp_close,34,34,4,0.9921875,0.9921875,1.0,1,1,1,0.0013660660886224024,4.266968606883733e-05,0.0,0.001366732329533959,0.001366732329533959,0.14450591318358164,0.0,0.010629501083610743,9.788292771376929e-05,0.0078125,0.013192082117847045,0.010629951756899923,1.123057466480959,0.35071421480503606,0.00926345317305309,9.30546942353908e-05,0.0078125,0.01211839016187656,0.009263920545075213,0.9787589016624695,0.41561402927158986,0.0,-0.0032107782074809023,-0.14429749097555777,0.0,0.007062856821572001,0.0,0.0
openvla,distractor_swap,episode_000002,grasp_close,35,35,,0.9980392156862745,0.9980392156862745,1.0,1,1,1,0.0001654444506790885,0.0,0.0,0.0001654444506790885,0.0001654444506790885,0.016854468074750977,0.0,0.007581194489830667,0.0002573238228125581,0.0019607843137254832,0.00783488357076081,0.00758556032488212,0.7730485382186897,0.06263175102574975,0.0077466374045291435,0.0002573238228125581,0.0019607843137254832,0.007995078595735554,0.007750910051538264,0.7898874262378285,0.060147028025330444,0.0,0.0,0.016854468074750977,0.0,0.0,0.0,0.0
oft,distractor_swap,episode_000002,grasp_close,35,35,0,0.9921875,0.9921875,1.0,1,1,1,0.0011450664191776537,0.0001453388059566341,0.0,0.0011542532100216288,0.0011542532100216288,0.12142811211162759,0.0,0.00223392768557561,0.0006098268348424087,0.0078125,0.00814846475864473,0.0023156687312470042,0.2576474365678267,0.9192390759314113,0.0033784650994315123,0.0005934996730663555,0.0078125,0.008532375082004228,0.003430199453385568,0.36985027760304784,0.838378598161349,0.0,0.0016053891037407398,0.12095524978833531,0.0,-0.007062856821572036,-0.00788370084281303,0.0
openvla,distractor_swap,episode_000002,grasp_close,36,36,,0.9980392156862745,0.9980392156862745,1.0,1,1,1,0.0019853334081490932,0.0,0.0,0.0019853334081490932,0.0019853334081490932,0.20225361689701493,0.0,0.007581194489830667,0.0002573238228125581,0.0019607843137254832,0.00783488357076081,0.00758556032488212,0.7730485382186897,0.06263175102574975,0.005595886597666487,0.0002573238228125581,0.0019607843137254832,0.005935051599496183,0.005601799921786772,0.5710535884487126,0.10914671007885317,0.0,0.0,-0.20225361689701493,0.0,0.0,0.0,0.0
oft,distractor_swap,episode_000002,grasp_close,36,36,1,0.9921875,0.9921875,1.0,1,1,1,0.000643245316110878,0.00017968931698314296,0.0,0.0006678718345135179,0.0006678718345135179,0.07423399602280183,0.0,0.008259466869769565,0.0005423572739573948,0.0078125,0.011381919901116663,0.008277254640606121,0.8773719519657875,0.47113895109709486,0.007616478588800484,0.0004046473024459041,0.0078125,0.010918316801734275,0.007627220039636523,0.8075362273822747,0.5119984871784683,-0.005174690279289734,0.0016053891037401623,-0.067904701635557,0.008493516581836988,-0.028251427286288003,0.0,0.0
openvla,distractor_swap,episode_000002,grasp_close,37,37,,0.9980392156862745,0.9980392156862745,1.0,1,1,1,0.0028125556615445427,0.0,0.0,0.0028125556615445427,0.0028125556615445427,0.2865259572707705,0.0,0.010559174318636625,0.0002573238228125581,0.0019607843137254832,0.010742767472401792,0.010562309304368153,1.0762231532491855,0.03331403953345434,0.0077466374045291435,0.0002573238228125581,0.0019607843137254832,0.007995078595735554,0.007750910051538264,0.7898874262378285,0.060147028025330444,0.0,0.0,-0.2865259572707705,0.0,0.0,0.0,0.0
oft,distractor_swap,episode_000002,grasp_close,37,37,2,0.9921875,0.9921875,1.0,1,1,1,0.0011651549503963578,0.0,0.0,0.0011651549503963578,0.0011651549503963578,0.12308774141581352,0.0,0.010830361605121568,0.00014554923771758867,0.0078125,0.013354889491429406,0.010831339579123701,1.1443602934047863,0.34221533226766204,0.009665226080892753,0.00014554923771758867,0.0078125,0.012428714174256708,0.009666321936257329,1.0213295134824818,0.3951187685069699,0.0,0.0016053891037407398,-0.12307727171444681,0.0,0.0,0.0,0.0
openvla,distractor_swap,episode_000002,grasp_close,38,38,,0.9980392156862745,0.9980392156862745,1.0,1,1,1,0.0001654444506790885,0.0,0.0,0.0001654444506790885,0.0001654444506790885,0.016854468074750977,0.0,0.000708551167858189,0.0002573238228125581,0.0019607843137254832,0.0021006987961656918,0.000753830423411043,0.07954512380631706,0.8712285017559771,0.0007884006590577857,0.0002573238228125581,0.0019607843137254832,0.002128958964832703,0.0008293317484514986,0.08699397764895656,0.848252340465514,0.0,0.0,0.016854468074750977,0.0,0.0,0.0,0.0
oft,distractor_swap,episode_000002,grasp_close,38,38,3,0.9921875,0.9921875,1.0,1,1,1,0.0011651449680601875,7.055295174315157e-05,0.0,0.001167279107838244,0.001167279107838244,0.12357199756854158,0.0,0.004037475456363697,9.788292771376929e-05,0.0078125,0.008794654363775592,0.004038661799195009,0.4271094141853874,0.7891190152437129,0.002786866989985507,0.00014554923771758867,0.0078125,0.008295960972091844,0.002790665189604631,0.29572367037424313,0.8868428320397774,0.0,0.0,-0.12307727171444645,0.008493516581836988,0.007062856821572001,0.0,0.0
openvla,distractor_swap,episode_000002,lift,39,39,,0.9980392156862745,0.9980392156862745,1.0,1,1,1,0.004797889069693639,0.0,0.0,0.004797889069693639,0.004797889069693639,0.4887795741677858,0.0,0.00041225087122887454,0.0002573238228125581,0.0019607843137254832,0.002020109268224803,0.0004859694749835991,0.05367364339917594,0.9421280309006813,0.005036623099602126,0.0002573238228125581,0.0019607843137254832,0.005410957671446387,0.005043192222911258,0.5141877252333967,0.13131410399412652,0.0,0.0,-0.4887795741677858,0.0,0.0,0.0,0.0
oft,distractor_swap,episode_000002,lift,39,39,4,0.9921875,0.9921875,1.0,1,1,1,0.0011651848968917326,4.266968606883733e-05,0.0,0.0011659659283417378,0.0011659659283417378,0.12332156281790846,0.0,0.002607405997198006,9.788292771376929e-05,0.0078125,0.008236704641527579,0.002609242629914272,0.27643702706804857,0.8996489444733806,0.0036001140810473717,9.30546942353908e-05,0.0078125,0.008602594772664512,0.00360131650548446,0.3809215442887353,0.8247477302840978,0.0,-0.0032107782074809023,-0.12307727171444645,0.0,0.007062856821572001,0.0,0.0
openvla,distractor_swap,episode_000002,lift,40,40,,0.9980392156862745,0.9980392156862745,1.0,1,1,1,0.0001654444506790885,0.0,0.0,0.0001654444506790885,0.0001654444506790885,0.016854468074750977,0.0,0.005043039136614908,0.0002573238228125581,0.0019607843137254832,0.00541693034920779,0.005049599913182876,0.5148399712991424,0.13102469120959515,0.005313484949291681,0.0002573238228125581,0.0019607843137254832,0.00566956902957253,0.005319712196739227,0.5423361676891537,0.1196078139718876,0.0,0.0,0.016854468074750977,0.0,0.0,0.0,0.0
oft,distractor_swap,episode_000002,lift,40,40,0,0.9921875,0.9921875,1.0,1,1,1,0.0004426217527176292,0.00021334843034418642,0.0,0.0004913568649252336,0.0004913568649252336,0.058852579151679955,0.0,0.009628899404416602,0.0007375028791283732,0.0078125,0.01242154460955227,0.009657101751410567,1.0247740142996238,0.39557501564905,0.009622612707516654,0.0005247996164571342,0.0078125,0.012405855319416495,0.009636912885166835,1.0204180247003591,0.39657619057500154,-0.005174690279289734,-0.0032107782074809023,0.046684482374445294,0.0,-0.035314284107859965,0.0,0.0
openvla,distractor_swap,episode_000002,lift,41,41,,0.9980392156862745,0.9980392156862745,1.0,1,1,1,0.0009926667040745449,0.0,0.0,0.0009926667040745449,0.0009926667040745449,0.10112680844850729,0.0,0.0015861246172547653,0.0002573238228125581,0.0019607843137254832,0.002535090131770537,0.001606862424493287,0.16500505161454435,0.5982364055339483,0.0022573641157655673,0.0002573238228125581,0.0019607843137254832,0.0030010970370657536,0.0022719833408132487,0.232382498708933,0.4268738702738655,0.0,0.0,-0.10112680844850729,0.0,0.0,0.0,0.0
oft,distractor_swap,episode_000002,lift,41,41,1,0.9921875,0.9921875,1.0,1,1,1,0.0016474326802045428,0.00015582164614506768,0.0,0.0016547854305659336,0.0016547854305659336,0.1746182949182927,0.0,0.004106350881761459,0.0004300525774858037,0.0078125,0.00883641437651864,0.004128808881934993,0.4398146547952467,0.7816780440599208,0.005431916703558752,0.0004046473024459041,0.0078125,0.009523897036601002,0.0054469678274960765,0.5778599890654107,0.672900231250133,-0.005174690279289734,-0.0016053891037401623,-0.17400579794111437,0.008493516581836988,-0.007062856821571965,-0.007883700842813078,0.0
openvla,distractor_swap,episode_000002,lift,42,42,,0.9980392156862745,0.9980392156862745,1.0,1,1,1,0.003805222365619091,0.0,0.0,0.003805222365619091,0.003805222365619091,0.38765276571927815,0.0,0.005156988841834493,0.00023226452970370796,0.0019607843137254832,0.005522060833739145,0.005162216648549724,0.5263333380483946,0.12608321499005454,0.0013517349613891188,0.00023226452970370796,0.0019607843137254832,0.002392866344481455,0.0013715444643175544,0.1413652825754906,0.6714640489999811,0.0,0.0,0.38765276571927815,0.0,0.0,0.0,0.0
oft,distractor_swap,episode_000002,lift,42,42,2,0.9921875,0.9921875,1.0,1,1,1,0.0017678127377191097,4.266968606883733e-05,0.0,0.0017683276217237422,0.0017683276217237422,0.18687834420760135,0.0,0.0019881542144288664,0.00014868245363440852,0.0078125,0.00806287913231806,0.0019937060095134413,0.21184909497772716,0.9388576767344582,0.0037555915666033753,0.00014554923771758867,0.0078125,0.008669533369550092,0.0037584109136365815,0.39767891887735946,0.8120609289246267,0.0,0.0016053891037407398,-0.18673792949778117,0.0,0.007062856821572001,0.0,0.0
openvla,distractor_swap,episode_000002,lift,43,43,,0.9980392156862745,0.9980392156862745,1.0,1,1,1,0.008272222533954546,0.0009614519799424759,0.0,0.008327908234424818,0.008327908234424818,0.8546740852141368,0.0,0.006359545753313677,0.0006681321663988329,0.0019607843137254832,0.006688415201317779,0.006394546331075163,0.655131706124424,0.08594353189533929,0.014692447006395305,0.00043024265214219035,0.0019607843137254832,0.014828950836131618,0.014698745108867515,1.4980207658607507,0.017483919456764883,0.0,0.0,-0.8427234037375613,0.0,-0.14242561823492564,0.0,0.0
oft,distractor_swap,episode_000002,lift,43,43,3,0.9921875,0.9921875,1.0,1,1,1,0.0015669190949774946,5.618733745656884e-05,0.0,0.001567926167616176,0.001567926167616176,0.16573548873405486,0.0,0.0020327197201374637,9.30546942353908e-05,0.0078125,0.008073150864857844,0.0020348485537638843,0.21589269498036393,0.9364701182418126,0.003660261037560727,0.00014554923771758867,0.0078125,0.008628664537092939,0.0036631537564897954,0.38766383581881525,0.819771641917306,0.0,0.0,-0.16551771023666947,0.008493516581836988,0.0,0.0,0.0
openvla,distractor_swap,episode_000002,lift,44,44,,0.9980392156862745,0.9980392156862745,1.0,1,1,1,0.0,0.0004482726347932478,0.0,0.0004482726347932478,0.0004482726347932478,0.04926969091331944,0.0,0.011546514940271172,0.0004760696268725084,0.0019607843137254832,0.01172148986607453,0.011556325088692164,1.177220574225886,0.02798298340834838,0.011344702920390769,0.00016420023734706128,0.0019607843137254832,0.01151407491702306,0.01134589115362331,1.155967295144269,0.0290002369267037,0.0,0.0,0.0,-0.04538048528145571,0.012947783475902457,0.014158704085288335,0.0
oft,distractor_swap,episode_000002,lift,44,44,4,0.9921875,0.9921875,1.0,1,1,1,0.001888338396511341,7.055295174315157e-05,0.0,0.0018896559524788352,0.0018896559524788352,0.19977569678885657,0.0,0.002617782467886393,5.804908989645412e-05,0.0078125,0.00823961837684314,0.0026184260054489187,0.2771815234285229,0.8990127802007829,0.0043042514775559725,9.30546942353908e-05,0.0078125,0.00892022399988711,0.004305257246456013,0.45519810576525577,0.7670585941325156,0.0,0.0,-0.19947006105444795,0.008493516581836988,0.007062856821572001,0.0,0.0
openvla,distractor_swap,episode_000002,lift,45,45,,0.9980392156862745,0.9980392156862745,1.0,1,1,1,0.0,0.0002778306606490196,0.0,0.0002778306606490196,0.0002778306606490196,0.014158704085288512,0.0,0.01115401659889941,0.0003434313084520126,0.0019607843137254832,0.011330256240575522,0.011159302458135484,1.1370992475393598,0.02994885231256771,0.011331354163474772,0.0003083890410360362,0.0019607843137254832,0.011503884826600105,0.011335549875446193,1.1551271826644933,0.029051636245105154,0.0,0.0,0.0,0.0,0.0,-0.014158704085288512,0.0
oft,distractor_swap,episode_000002,lift,45,45,0,0.984375,0.98046875,1.0,1,1,1,0.0002023572703934007,8.533937213767466e-05,0.00390625,0.003912418732167854,0.00021961619548184602,0.02740517818600993,0.9968490749826039,0.009618272706238664,0.0003956944364144021,0.015625,0.018352339603946548,0.009626408672946778,1.018392082212127,0.7248650791231308,0.009996343751546769,0.00032217511786305163,0.01953125,0.021943117640120288,0.010001534142603234,1.0577830376874366,0.792252129466874,-0.005174690279289734,0.0032107782074809023,-0.02122021926111133,0.0,-0.014125713643144001,0.0,-0.008007732750597994
openvla,distractor_swap,episode_000002,lift,46,46,,0.9980392156862745,0.9980392156862745,1.0,1,1,1,0.0,0.0002778306606490196,0.0,0.0002778306606490196,0.0002778306606490196,0.014158704085288512,0.0,0.001460051377279634,0.0003434313084520126,0.0019607843137254832,0.0024686778268686927,0.0014998983591967884,0.1547069116384178,0.6308568384688562,0.001460051377279634,0.0003083890410360362,0.0019607843137254832,0.002464047270220114,0.001492264663163771,0.15451507285201335,0.6332301396715584,0.0,0.0,0.0,0.0,0.0,-0.014158704085288512,0.0
oft,distractor_swap,episode_000002,lift,46,46,1,0.98828125,0.98828125,1.0,1,1,1,0.0003214554856207329,0.0,0.0,0.0003214554856207329,0.0003214554856207329,0.03399028390919843,0.0,0.00797784270176188,0.0002463247277348492,0.01171875,0.014178707684695702,0.007981644570234191,0.843577032648876,0.6831078575031015,0.0076564244279708074,0.0002463247277348492,0.01171875,0.014000379011127584,0.007660385818790184,0.8096578934164904,0.7006207462051197,0.0,-0.0016053891037407398,-0.0339523508177785,0.0,0.0,0.0,0.0
openvla,distractor_swap,episode_000003,hold,0,0,,0.0019607843137254832,0.0019607843137254832,0.0,0,0,0,0.0,0.01179963793565764,0.0,0.01179963793565764,0.01179963793565764,1.747950769246812,0.0,0.0032033921348582255,0.0300623047356627,0.0019607843137254832,0.030296015617808085,0.03023249720399424,3.7860042516047065,0.004188790267598261,0.0032033921348582255,0.03283522578893742,0.0019607843137254832,0.033049333562193424,0.03299111658886635,4.261587132186697,0.003519931687235563,0.0,0.0,0.0,0.0,1.747950769246812,0.0,0.0
oft,distractor_swap,episode_000003,hold,0,0,0,0.125,0.1435546875,0.0,0,0,0,0.00040832189253588326,0.0009690291202332647,0.0185546875,0.018584460509426696,0.001051543724142815,0.13442733240143848,0.9967984907963955,0.0035199759837496666,0.009946211065588677,0.125,0.12544447913514334,0.010550703554143349,1.3197920773475498,0.9929260866412729,0.0038702983151156748,0.010566680869531775,0.1435546875,0.14399507719664995,0.011253175269519088,1.387611540707529,0.9938926209326178,0.040103849664495934,-0.025686225659848082,-0.03819639467000076,0.07644164923653393,0.07415999662650595,0.03941850421406515,0.038036730565340474
openvla,distractor_swap,episode_000003,hold,1,1,,0.0019607843137254832,0.0019607843137254832,0.0,0,0,0,0.0,0.01179963793565764,0.0,0.01179963793565764,0.01179963793565764,1.747950769246812,0.0,0.002465028970362346,0.03860707602721758,0.0019607843137254832,0.0387353502929951,0.0386856909877035,4.6931914335729665,0.0025623867049481977,0.0027751100582287668,0.03421519350862544,0.0019607843137254832,0.034383504443161676,0.03432755019904518,4.184744858311248,0.003252066143368948,0.0,0.0,0.0,0.0,1.747950769246812,0.0,0.0
oft,distractor_swap,episode_000003,hold,1,1,1,0.1513671875,0.259765625,0.0,0,0,0,0.00137564398227937,0.005311175011419267,0.1083984375,0.10853719283641582,0.0054864356706249544,0.6608408938428668,0.9974448087426426,0.002558111681945643,0.02085877762514674,0.1513671875,0.15281903674298167,0.021015055065181937,2.3292485173993986,0.9810893634067166,0.0014774129942127334,0.011384380009247876,0.259765625,0.26001916619547694,0.011479845702379074,1.3839331528363041,0.9980507776647526,-0.244504115696441,0.23117603093863362,0.057294592005000956,0.3482341798553202,-0.29310855809523795,-0.25227842697001746,0.22221458382909434
openvla,distractor_swap,episode_000003,alignment,2,2,,0.0019607843137254832,0.0019607843137254832,0.0,0,0,0,0.00016544445067909197,0.011829039026758722,0.0,0.011830195947778779,0.011830195947778779,1.748548021907599,0.0,0.022107088297336208,0.474497585891742,0.0019607843137254832,0.47501634397692283,0.47501229707248355,60.862661338289314,1.7038938772651045e-05,0.022061719670356035,0.46700921315583765,0.0019607843137254832,0.4675341370663461,0.46753002539649574,59.49624929695473,1.758866976593689e-05,0.0,0.0,-0.01685446807475133,0.0,1.747950769246812,0.04247611225586527,0.0
oft,distractor_swap,episode_000003,alignment,2,2,2,0.291015625,0.43359375,0.0,0,0,0,0.001521367573298596,0.0058194252450956266,0.142578125,0.14270494734938927,0.0060150036971177955,0.742122604972506,0.9982233833090262,0.023441805561276452,0.46469229462544265,0.291015625,0.5487973587093623,0.4652831900383162,66.45891179034892,0.28119564472836844,0.024660369590421248,0.46446995859775847,0.43359375,0.6358805047390603,0.46512415145651126,66.87097267095109,0.4649593723583781,-0.2729649122325348,0.24080836556107663,0.06684369067250143,0.37371472960083163,-0.3354856990246699,-0.2759295294984567,0.2922822453968268
openvla,distractor_swap,episode_000003,alignment,3,3,,0.0019607843137254832,0.0019607843137254832,0.0,0,0,0,0.0,0.01179963793565764,0.0,0.01179963793565764,0.01179963793565764,1.747950769246812,0.0,0.021787949905181344,0.4818995105577229,0.0019607843137254832,0.48239578948407974,0.4823918044876422,59.077450288338824,1.6521620066693253e-05,0.022078974190082812,0.4787429217252383,0.0019607843137254832,0.4792557885706013,0.4792517774649396,58.21873687359889,1.6738822866772606e-05,0.0,0.0,0.0,0.0,1.747950769246812,0.0,0.0
oft,distractor_swap,episode_000003,alignment,3,3,3,0.5078125,0.5859375,0.0,1,1,0,0.0007563357367321642,0.0030060690988166056,0.078125,0.07818647018617426,0.003099757276548966,0.4089408376800464,0.9984282185369328,0.023864505073913134,0.47075388031396,0.5078125,0.6928580414409022,0.47135838852519957,64.4518255758487,0.5371780400612809,0.02447397808872479,0.47502672349747205,0.5859375,0.7547000182499541,0.4756567708340029,65.25789732951684,0.6027731051603529,-0.14489132782011294,0.14127424112916517,-0.0007957582222915833,0.24631198087327527,-0.1483199932530119,-0.1340229143278218,0.16015465501195988
openvla,distractor_swap,episode_000003,alignment,4,4,,0.0019607843137254832,0.0019607843137254832,0.0,0,0,0,0.0,0.010051543426671326,0.0,0.010051543426671326,0.010051543426671326,1.4889950997287662,0.0,0.022029073257327562,0.4941594712112108,0.0019607843137254832,0.49465412939896214,0.4946502431580522,58.90060427242377,1.5712900844516114e-05,0.022092781238994573,0.4883357534790093,0.0019607843137254832,0.48883917987811776,0.4888352474083531,57.74400236595001,1.6088947486647025e-05,0.0,0.0,0.0,0.0,1.4889950997287662,0.0,0.0
oft,distractor_swap,episode_000003,alignment,4,4,4,0.66796875,0.6953125,0.0,1,1,0,0.0004576715944662177,0.0012730852451495404,0.02734375,0.027377196229568482,0.00135285229415436,0.2037581646791812,0.9975581283810933,0.023894381996157496,0.4840914563348336,0.66796875,0.8252864536413529,0.48468080175240935,64.48151903308893,0.655092846377776,0.024182989273202532,0.4848540774737774,0.6953125,0.8480140128968303,0.4854567884097776,64.67504587259886,0.6722859211774658,-0.06338995592129953,0.12200957188427891,0.0010610109630555665,0.1019221989820449,-0.07769142503729197,-0.0551859058996913,0.05605412925418596
openvla,distractor_swap,episode_000003,alignment,5,5,,0.0019607843137254832,0.0019607843137254832,0.0,0,0,0,0.0,0.0003496189017972613,0.0,0.0003496189017972613,0.0003496189017972613,0.051791133903608934,0.0,0.02201649827385665,0.4876705611541991,0.0019607843137254832,0.4881712272223949,0.48816728937188547,57.73174029067447,1.6133005828447997e-05,0.022045528230014544,0.48797204280416173,0.0019607843137254832,0.4884737091681926,0.4884697737561732,57.755174629690316,1.611303164364498e-05,0.0,0.0,0.0,0.0,0.051791133903608934,0.0,0.0
oft,distractor_swap,episode_000003,alignment,5,5,0,0.16015625,0.2255859375,0.0,0,0,0,0.0003599826507364033,0.0011455121563399018,0.0654296875,0.06544070439685692,0.0012007437733145645,0.20787972883177064,0.9996633297390358,0.022313418206827033,0.4835749325411156,0.16015625,0.509894722887264,0.48408945868942166,64.39275416720939,0.09865673718952453,0.022190640403991276,0.48429625941313353,0.2255859375,0.5347189042860242,0.4848043846780806,64.39528794573467,0.17798072434882417,0.03363548681538347,-0.109166459054355,0.0031830328891666996,0.06794813265469694,0.06709713980493406,0.0551859058996913,0.1341295235725164
openvla,distractor_swap,episode_000003,alignment,6,6,,0.0019607843137254832,0.0019607843137254832,0.0,0,0,0,0.00016544445067909197,0.011424541135358046,0.0,0.011425739014162219,0.011425739014162219,0.595009920924805,0.0,0.022098065207936817,0.47564181023621827,0.0019607843137254832,0.47615890289465956,0.4761548657009827,58.4504922778215,1.695726589293381e-05,0.0218927645532142,0.48018923037032896,0.0019607843137254832,0.4806920373571381,0.48068803823626743,58.303940737146924,1.6638945206164774e-05,0.0,0.0,-0.01685446807475133,0.0,0.1294778347590231,0.5805068674968238,0.0
oft,distractor_swap,episode_000003,alignment,6,6,1,0.2490234375,0.345703125,0.0,0,0,0,0.0004376287644911708,0.002698501672918729,0.0966796875,0.09671833024464345,0.0027337575266023952,0.3803651402297333,0.9992010816376997,0.023421845568267322,0.47792031801222884,0.2490234375,0.5394155037103124,0.4784939009211441,65.51758544159591,0.21312460836609706,0.023491223835741953,0.47540140263016456,0.345703125,0.5882762802075181,0.4759814399953309,65.33050833238053,0.3453376549213838,-0.10090646044615041,0.009632334622442996,0.0026525274076390996,0.2548054974551123,-0.134194279609868,-0.11037181179938271,0.19819138557730034
openvla,distractor_swap,episode_000003,alignment,7,7,,0.0019607843137254832,0.0019607843137254832,0.0,0,0,0,0.0001962465999110364,0.02479330152124715,0.0,0.02479407818515246,0.02479407818515246,3.4405515565178777,0.0,0.021883751099131606,0.469840718189432,0.0019607843137254832,0.47035416837321103,0.4703500813552922,59.785248995937756,1.7378394567767224e-05,0.02239042807694624,0.4736485321163289,0.0019607843137254832,0.47418151368494627,0.4741774596555829,59.950300081122286,1.7098988114725348e-05,0.0,0.07548368340672418,0.0,-2.6320681463244244,2.2140709743792946,-0.04247611225586527,0.0
oft,distractor_swap,episode_000003,alignment,7,7,2,0.50390625,0.6484375,0.0,1,1,0,0.0004000621756787092,0.0016530025783460837,0.14453125,0.14454125602688986,0.0017007255123704067,0.37698345302667274,0.9998615525999177,0.02488429813321248,0.46371396510500545,0.50390625,0.685252784391316,0.4643811685748991,66.39975481399716,0.5407516735613449,0.025436318601583324,0.4703360709988197,0.6484375,0.8014575580733255,0.47102338157102985,67.45854710372627,0.6545987743154676,-0.0853823896082808,0.051372451319696456,-0.0013262637038195498,0.1953508813822523,-0.056502854572575936,-0.055185905899691405,0.29628611177212577
openvla,distractor_swap,episode_000003,alignment,8,8,,0.0019607843137254832,0.0019607843137254832,0.0,0,0,0,0.0001308310666073573,0.033820494507291174,0.0,0.03382074755953366,0.03382074755953366,4.452561730312277,0.0,0.024473089520792815,0.45867001066856716,0.0019607843137254832,0.45932663266190127,0.4593224475217777,60.52322176853822,1.8222853889068942e-05,0.02375823542994999,0.4391271157153019,0.0019607843137254832,0.439773717020822,0.43976934580207505,58.790304085398084,1.9879300892514454e-05,0.0,0.050322455604482674,0.0,3.6909461362250546,-2.434183293469635,-0.5238720511556699,0.0
oft,distractor_swap,episode_000003,alignment,8,8,3,0.62890625,0.73046875,0.0,1,1,0,0.00026607621104396,0.0011323027080207165,0.1015625,0.10156916024179129,0.0011631448631509997,0.2711493662938968,0.9998688573695429,0.02518464781212018,0.4538943036056028,0.62890625,0.776000886996979,0.4545924607063294,67.80805939621861,0.6568215390439521,0.02417804777663111,0.43944771133208305,0.73046875,0.8528091601969677,0.4401123367837976,65.64644064523903,0.7336679868951741,-0.012936725698224133,-0.01926466924488599,-0.026790526817153146,0.16987033163674134,0.0,-0.00788370084281303,0.20820105151554785
openvla,distractor_swap,episode_000003,alignment,9,9,,0.0019607843137254832,0.0019607843137254832,0.0,0,0,0,0.0004218465799322067,0.014185894863386405,0.0,0.014192165712534973,0.014192165712534973,2.1008719900215653,0.0,0.023517719790041375,0.41897972068305434,0.0019607843137254832,0.4196438182112279,0.4196392373072055,57.555320800085106,2.1832224475285782e-05,0.024786106730986548,0.4237584317673303,0.0019607843137254832,0.4244872250797566,0.4244826964444923,57.966893457855896,2.133685463264842e-05,0.0,0.10064491120896601,0.03370893614950231,-0.030253656854304114,2.097540923096174,0.04247611225586518,0.0
oft,distractor_swap,episode_000003,alignment,9,9,4,0.75390625,0.8125,0.0,1,1,0,0.00038334445981105174,0.0013558132855416055,0.05859375,0.058610687777082254,0.0014089650954225057,0.2257420082373755,0.999422107799154,0.02451356089413927,0.42142171863044064,0.75390625,0.864043872375823,0.422134077753911,64.75618161521503,0.761312741245955,0.025320098540709813,0.4356058631315529,0.8125,0.9222525822054913,0.4363411227293349,66.90791725694994,0.7761523549798119,0.046572212513608005,-0.09953412443191172,0.013793142519722364,0.1274027487275564,0.07062856821571993,0.0551859058996913,0.1201159912589699
openvla,distractor_swap,episode_000003,alignment,10,10,,0.0019607843137254832,0.0019607843137254832,0.0,0,0,0,0.001622601410063005,0.05310638648221055,0.0,0.05313116901154965,0.05313116901154965,4.369869386950697,0.0,0.024537986743006602,0.4341236742094624,0.0019607843137254832,0.43482102292512076,0.43481660191685806,59.75645123510564,2.0334737993117828e-05,0.023416057463125,0.41897183400831606,0.0019607843137254832,0.4196302588166555,0.41962567776461,56.65245063024902,2.183363541514357e-05,0.3283928448055949,0.07548368340672484,-0.06741787229900498,3.6909461362250546,-0.16832118518672998,2.307868765902006,0.0
oft,distractor_swap,episode_000003,alignment,10,10,0,0.81640625,0.70703125,0.0,1,1,0,0.0011568107682073411,0.0017740041378085682,0.109375,0.10939550231538042,0.0021178531191757325,0.32557013286851066,0.999625205904634,0.026601514920011834,0.41365971943082763,0.81640625,0.9156097253277147,0.414514178377086,64.28126876622873,0.7950452507812797,0.025200439272251775,0.4094360801354997,0.70703125,0.8174143100856507,0.410210879738992,63.55512878913128,0.748157004414168,0.06468362849112227,-0.10435029174313308,-0.11385973897290123,-0.1019221989820449,0.09887999550200802,0.08672070927094352,-0.22421651701674383
openvla,distractor_swap,episode_000003,alignment,11,11,,0.0019607843137254832,0.0019607843137254832,0.0,0,0,0,0.0015007370475911797,0.0,0.0,0.0015007370475911797,0.0015007370475911797,0.34388272967082106,0.0,0.023621838615459672,0.3888774103426182,0.0019607843137254832,0.38959912244444395,0.3895941882707645,53.05364202560838,2.5329330330559717e-05,0.023158667520117814,0.3795535989775729,0.0019607843137254832,0.38026451721566207,0.3802594619179589,51.781091899438266,2.6588145206166332e-05,-0.3283928448055949,-0.10064491120896601,-0.016854468074750977,0.0,0.0,0.0,0.0
oft,distractor_swap,episode_000003,alignment,11,11,1,0.8671875,0.77734375,0.0,1,1,0,0.0014714271032554888,0.0006732854971823818,0.08984375,0.08985832084533636,0.0016181505124403495,0.25408447105056586,0.9996757192023581,0.027236707054298547,0.38945806971310987,0.8671875,0.9510171325649571,0.3904093060825051,60.055012705965396,0.8314752696468216,0.025299934930475568,0.3803177742104307,0.77734375,0.8657626705696688,0.3811583609051,58.62255869903019,0.8061734842493874,0.0310481416757384,-0.03531856028229108,-0.15437709512458583,-0.04246758290918546,0.042377140929432004,0.03153480337125222,-0.18417785326375385
openvla,distractor_swap,episode_000003,alignment,12,12,,0.0019607843137254832,0.0019607843137254832,0.0,0,0,0,0.0014211371498654877,0.004316321499753417,0.0,0.004544255944372124,0.004544255944372124,0.6535147016466417,0.0,0.023944585708706178,0.39893264556192215,0.0019607843137254832,0.39965540601238053,0.399650595995797,53.55649491363263,2.407067471567015e-05,0.024231772760151017,0.39775493508434373,0.0019607843137254832,0.39849719179710047,0.3984923678002505,53.410239464976286,2.4210798725223517e-05,-0.3090756186405599,0.0,0.03370893614950231,-0.5748194802317708,0.0,0.0,0.0
oft,distractor_swap,episode_000003,alignment,12,12,2,0.94921875,0.91015625,0.0,1,1,0,0.0022123235913624503,0.0003053414009795269,0.0390625,0.03912628931158756,0.002233295556806351,0.25230235185984784,0.996741969992666,0.030276666820344487,0.3869777163421582,0.94921875,1.0255167794096323,0.38816031417333485,58.927529299481165,0.8567361163143605,0.027925034110647676,0.3816885063036812,0.91015625,0.9873450879953162,0.38270866644801255,58.11793912547969,0.8497554753272661,0.020698761117158935,-0.019264669244886568,-0.23342241187222645,-0.025480549745510964,0.035314284107859965,0.00788370084281303,-0.08007732750597994
openvla,distractor_swap,episode_000003,alignment,13,13,,0.0019607843137254832,0.0019607843137254832,0.0,0,0,0,0.0,0.0,0.0,0.0,0.0,0.0,0.0,0.0239062397059752,0.39414823579114033,0.0019607843137254832,0.39487743003275444,0.3948725618147555,52.830197831961975,2.465670418169761e-05,0.024103366467182228,0.39708672446299964,0.0019607843137254832,0.3978224273403027,0.39781759516115606,53.214383508236175,2.429299842003797e-05,0.0,0.0,0.0,0.0,0.0,0.0,0.0
oft,distractor_swap,episode_000003,alignment,13,13,3,0.97265625,0.9453125,0.0,1,1,0,0.0020507126398345197,0.0003449202327205406,0.02734375,0.027422710594699005,0.0020795173233510355,0.22765121627994855,0.9942495169925515,0.031191924063720778,0.37664340695402454,0.97265625,1.0435005379935338,0.37793278784557954,57.28843071883097,0.8688272004425988,0.029525692931397986,0.37969789093034384,0.9453125,1.019145709688404,0.38084413467983264,57.72861017996667,0.8603560959898578,0.0155240708378692,-0.01605389103740509,-0.21644623646333702,-0.016987033163673976,0.028251427286288003,0.01576740168562611,-0.05605412925418596
openvla,distractor_swap,episode_000003,alignment,14,14,,0.0019607843137254832,0.0019607843137254832,0.0,0,0,0,0.0,0.0,0.0,0.0,0.0,0.0,0.0,0.023634289855819453,0.39484779953203497,0.0019607843137254832,0.39555936233061645,0.3955545025053804,53.69856754052623,2.4571762648500845e-05,0.024030964864456123,0.40083776618065486,0.0019607843137254832,0.40156225761908826,0.40155747044353945,54.50190646317669,2.384261430510366e-05,0.0,0.0,0.0,0.0,0.0,0.0,0.0
oft,distractor_swap,episode_000003,alignment,14,14,4,0.98046875,0.953125,0.0,1,1,0,0.002491478066519893,0.00014986555073847135,0.02734375,0.02745743226708841,0.002495981297856186,0.2697214670600982,0.9917365232042928,0.03199114230640749,0.3784570101127005,0.98046875,1.0514618925173065,0.37980671622486284,58.333655972503486,0.869521725267883,0.030127048291882598,0.38447094762896067,0.953125,1.028189094590335,0.38564951524602287,59.23072911607084,0.8593176568608739,0.005174690279289734,-0.014448501933664348,-0.26313071883778233,-0.008493516581836988,0.0,-0.00788370084281303,-0.05605412925418596
openvla,distractor_swap,episode_000003,alignment,15,15,,0.0019607843137254832,0.0019607843137254832,0.0,0,0,0,0.0039706668162981795,0.0005244283526958958,0.0,0.004005149193620988,0.004005149193620988,0.4118996548693576,0.0,0.015500316507242212,0.39909235605001175,0.0019607843137254832,0.39939806352121815,0.3993932504053793,55.35633673860814,2.4101703423966937e-05,0.014263312721954358,0.4009446918694575,0.0019607843137254832,0.40120310654732405,0.4011983150863155,55.61413536618067,2.388532052109162e-05,0.0,0.0,-0.40450723379402914,0.0,0.07768670085541396,0.0,0.0
oft,distractor_swap,episode_000003,alignment,15,15,0,0.474609375,0.62109375,0.0,0,1,0,0.00046706487689351234,0.0002997311014769427,0.146484375,0.14648542626306907,0.0005549669651611105,0.3080485854315324,0.9999856469094072,0.024202578058444706,0.4009540175226126,0.474609375,0.6217748368904046,0.4016838171400469,62.61841756431528,0.5826481082914206,0.024673824149756385,0.40236053610412287,0.62109375,0.7404459770308923,0.40311635865115947,62.84922654868441,0.7036028051943752,-0.04139752223431787,-0.020870058348626732,0.045092965929862124,0.016987033163673976,0.0,-0.01576740168562606,0.30028997814742475
openvla,distractor_swap,episode_000003,alignment,16,16,,0.0019607843137254832,0.0019607843137254832,0.0,0,0,0,8.637995946520188e-05,0.00026221417634794664,0.0,0.0002760756629531875,0.0002760756629531875,0.043381575572594575,0.0,0.024110605643980227,0.4187657543781693,0.0019607843137254832,0.41946385186278173,0.41945926899335145,58.381731714129586,2.1850962245231967e-05,0.02378538140704381,0.4129703963634353,0.0019607843137254832,0.4136594460620673,0.4136547988857997,57.57833854241567,2.2468483231420074e-05,-0.019317226165034798,0.0,0.0,0.0,0.03884335042770679,0.0,0.0
oft,distractor_swap,episode_000003,alignment,16,16,1,0.5703125,0.6875,0.0,1,1,0,0.0007338284596778646,0.0001738788489820985,0.1171875,0.11718992659060913,0.0007541472418278321,0.25451792717187927,0.99995858747323,0.025812815217020283,0.4199494142186033,0.5703125,0.7087172635037375,0.4207419778581359,65.68483343212525,0.6475596167742284,0.026096336239761955,0.41381994194209737,0.6875,0.8028600208716956,0.41464196979333817,64.73649974938323,0.7332730780304324,-0.020698761117158935,-0.004816167311221642,0.07692329482152913,0.025480549745511488,-0.007062856821572036,0.0,0.2402319825179398
openvla,distractor_swap,episode_000003,alignment,17,17,,0.0019607843137254832,0.0019607843137254832,0.0,0,0,0,0.0,0.017608000746636612,0.0,0.017608000746636612,0.017608000746636612,2.344980138013287,0.0,0.015902176765959578,0.1622245932573822,0.0019607843137254832,0.1630139336331219,0.1630021407326263,22.411246441283502,0.00014468056400390557,0.016216885883256826,0.17845873014172323,0.0019607843137254832,0.17920477233230123,0.17919404496675376,24.56778752249241,0.00011971829023073739,0.0,0.0,0.0,-2.3446584062085387,0.03884335042770679,0.0,0.0
oft,distractor_swap,episode_000003,alignment,17,17,2,0.61328125,0.7109375,0.0,1,1,0,0.0006639351240680828,7.055295174315171e-05,0.09765625,0.09765853240567601,0.0006676732494049555,0.2126562718357498,0.9999532579704322,0.01837929383318832,0.16330460388597118,0.61328125,0.6349173833607984,0.16433560810780062,25.284299021473654,0.9330070785739393,0.019333979746860724,0.16967442093709242,0.7109375,0.7311602702550513,0.17077239792539556,26.28824617064931,0.945448061987262,-0.005174690279289734,0.009632334622443284,0.07002672356166775,0.008493516581836988,0.007062856821572036,0.0,0.20019331876494986
openvla,distractor_swap,episode_000003,descent_to_grasp,18,18,,0.0019607843137254832,0.0019607843137254832,0.0,0,0,0,0.0,0.017608000746636612,0.0,0.017608000746636612,0.017608000746636612,2.344980138013287,0.0,0.012570933542104677,0.00017850238179219235,0.0019607843137254832,0.012724185960023919,0.012572200810531063,1.2837940117169762,0.02374650135221944,0.012440478480889658,0.01748286913304292,0.0019607843137254832,0.021546714206150678,0.021457311526763632,2.65225148832632,0.008281281456710369,0.0,0.0,0.0,-2.3446584062085387,0.03884335042770679,0.0,0.0
oft,distractor_swap,episode_000003,descent_to_grasp,18,18,3,0.76953125,0.86328125,0.0,1,1,0,0.0012175598430777049,0.00012020303519898033,0.09375,0.09375798313072412,0.0012234789500218026,0.2325715870967653,0.9998297149620512,0.015936292250507574,0.0003753359263602519,0.76953125,0.7696963368850821,0.015940711645067933,2.3084692347865774,0.9995710797284717,0.017021971223595205,0.0003258041671697113,0.86328125,0.8634491127184363,0.01702508891877656,2.5242036833734645,0.9996112187761629,-0.0155240708378692,0.009632334622442706,0.12838232652972428,0.0169870331636745,-0.007062856821572036,0.0,0.19218558601435184
openvla,distractor_swap,episode_000003,descent_to_grasp,19,19,,0.0019607843137254832,0.0019607843137254832,0.0,0,0,0,0.01654444506790909,0.0005244283526958958,0.0,0.016552754686219837,0.016552754686219837,1.687236250297474,0.0,0.01241745781101005,0.00037940974005645203,0.0019607843137254832,0.012577038020297788,0.012423252804280535,1.269104120067692,0.02430540713372049,0.00406964241806587,0.00023934702487587466,0.0019607843137254832,0.004523709930376822,0.004076674675423335,0.42477275754988986,0.18787549992622268,0.0,0.0,-1.6854468074751223,0.0,0.07768670085541396,0.0,0.0
oft,distractor_swap,episode_000003,descent_to_grasp,19,19,4,0.890625,0.9296875,0.0,1,1,0,0.0011252827033388045,4.266968606883733e-05,0.0390625,0.03907872807697997,0.0011260914103849212,0.14364390435446103,0.9991696399400897,0.015011985810877688,0.0002679487146909806,0.890625,0.8907515490525401,0.015014376926789122,2.4197261204795355,0.9997158802288604,0.016219442744732412,0.00024114889228321243,0.9296875,0.9298290037055136,0.01622123533328773,2.5642348557556245,0.9996956581527235,-0.005174690279290135,-0.004816167311221642,0.11883322786222418,0.0,-0.007062856821572001,0.0,0.08007732750597994
openvla,distractor_swap,episode_000003,descent_to_grasp,20,20,,0.0019607843137254832,0.0019607843137254832,0.0,0,0,0,0.01670988951858818,0.00043702362724658023,0.0,0.01671560341041253,0.01671560341041253,1.7035318488840172,0.0,0.00430845133686173,0.00037940974005645203,0.0019607843137254832,0.004748829308146087,0.004325124815881656,0.4537061219756985,0.17048513924228695,0.012561520277706989,0.00018312070768951769,0.0019607843137254832,0.012714951828685017,0.012562854965366294,1.2839550222309506,0.023781005287403036,0.0,0.0,1.7023012755498736,0.0,0.06473891737951169,0.0,0.0
oft,distractor_swap,episode_000003,descent_to_grasp,20,20,0,0.1787109375,0.515625,0.0,0,1,0,0.0035587303048344398,0.0010178420882754292,0.3369140625,0.336934394317578,0.003701427278660478,0.7985208181515714,0.9998793165407045,0.009162384354792295,0.0022894501487069905,0.1787109375,0.17896030300370322,0.00944409175349102,1.0686597147130785,0.9972151168160832,0.012836451717209301,0.0012864964085567206,0.515625,0.5157863609971647,0.012900758338077453,1.732061089640286,0.9993744085966468,-0.08796973474792587,-0.04655628400847452,0.37347585899556196,0.04246758290918546,-0.08475428185886394,-0.04730220505687832,0.6906669497390769
openvla,distractor_swap,episode_000003,descent_to_grasp,21,21,,0.0019607843137254832,0.0019607843137254832,0.0,0,0,0,0.009926667040745456,8.740472544931555e-05,0.0,0.009927051834449793,0.009927051834449793,1.0113509696416219,0.0,0.0019815272510103955,0.00015829896055952945,0.0019607843137254832,0.0027921647394741874,0.0019878402368930562,0.22405989684388272,0.49314833491705806,0.011374917447331635,0.00018312070768951769,0.0019607843137254832,0.01154413077074867,0.011376391349069984,1.1627182640966678,0.028849425708553478,0.0,0.0,1.0112680844850737,0.0,0.012947783475902265,0.0,0.0
oft,distractor_swap,episode_000003,descent_to_grasp,21,21,1,0.263671875,0.59375,0.0,0,1,0,0.0032159341041509094,0.0004538857216382252,0.330078125,0.3300941030190121,0.0032478060918946445,0.7598022308917932,0.9999031934702107,0.01175007369343509,0.0006540469522620851,0.263671875,0.2639343662262127,0.011768262795201281,1.3605401888649047,0.998011924691919,0.014473961126488353,0.0004078125884547289,0.59375,0.5939265311145802,0.01447970516959507,1.9566839871157469,0.9994056339617451,-0.010349380558579467,0.05297784042343691,0.3392582554370195,0.008493516581837512,-0.028251427286288003,0.023651102528439136,0.6766534174255305
openvla,distractor_swap,episode_000003,descent_to_grasp,22,22,,0.0019607843137254832,0.9980392156862745,0.0,0,1,0,0.0016544445067909058,0.00020847168477818,0.996078431372549,0.9960798271688205,0.0016675272319829912,2.0503156947130066,0.9999971974228261,0.021640157572277094,0.00019645361118438722,0.0019607843137254832,0.021729696014884354,0.021641049276186427,2.206710828140879,0.008142398360917234,0.023253470574010133,0.00037289458093280216,0.9980392156862745,0.9983101416853276,0.02325646026601736,3.1327755033809814,0.9994573044484478,0.0,0.0,0.16854468074751192,-0.015126828427152057,-0.025895566951804706,0.0,2.043156317380581
oft,distractor_swap,episode_000003,descent_to_grasp,22,22,2,0.37890625,0.703125,0.0,0,1,0,0.0023062806118494057,0.00014110590348630577,0.32421875,0.324226983289021,0.0023105932434314687,0.7084034882398798,0.9999492134528654,0.013442962760614626,0.00032322321010077915,0.37890625,0.37914477974790756,0.01344684799597361,1.6207793445091037,0.9987421442781749,0.015708140357919873,0.0002290401964781271,0.703125,0.7033004789973598,0.01570981008528473,2.199567687154265,0.9995010465344332,-0.0155240708378692,0.008026945518702545,0.24350201602125415,0.0169870331636745,-0.014125713643143965,0.0,0.6646418182996335
openvla,distractor_swap,episode_000003,descent_to_grasp,23,23,,0.9980392156862745,0.9980392156862745,0.0,1,1,0,0.0,0.0,0.0,0.0,0.0,0.0,0.0,0.012352893655794424,0.00027329504652911504,0.9980392156862745,0.9981156970609809,0.012355916471627003,2.4044285447743197,0.9998467543498017,0.01276648080828121,0.00027329504652911504,0.9980392156862745,0.998120901379229,0.012769405718774458,2.426824779820017,0.9998363277428928,0.0,0.0,0.0,0.0,0.0,0.0,0.0
oft,distractor_swap,episode_000003,descent_to_grasp,23,23,3,0.58203125,0.87109375,0.0,1,1,0,0.0006988723822070478,0.0001021754634308593,0.2890625,0.28906336289589163,0.0007063019410557108,0.5976720940232243,0.9999940297200237,0.014345008223117357,0.0003477896080105521,0.58203125,0.5822081038555674,0.014349223621253687,1.9299836949368145,0.9993925642962364,0.015453526348037015,0.00033287496734535083,0.87109375,0.8712308784538091,0.01545711106039416,2.4210048093032337,0.9996852323179781,-0.020698761117159337,0.0032107782074814795,0.07320975645083445,0.008493516581836988,-0.014125713643144001,0.0,0.5925722235442515
openvla,distractor_swap,episode_000003,descent_to_grasp,24,24,,0.9980392156862745,0.9980392156862745,0.0,1,1,0,0.0,0.0016606897835370013,0.0,0.0016606897835370013,0.0016606897835370013,0.2460078860421439,0.0,0.012764530346024636,0.0008321883428911208,0.9980392156862745,0.9981211859388952,0.012791628996833346,2.429541961369691,0.999835757645684,0.012615049362483682,0.0009065449169664883,0.9980392156862745,0.9981193502491464,0.012647580563268918,2.421982100950197,0.9998394353420197,0.0,0.0,0.0,0.0,-0.2460078860421439,0.0,0.0
oft,distractor_swap,episode_000003,descent_to_grasp,24,24,4,0.8125,0.9453125,0.0,1,1,0,0.0008691900474018021,0.00016305052850125863,0.1328125,0.13281544425654476,0.0008843510690596167,0.2882555719395588,0.9999556644345534,0.014062538577442777,0.00033287496734535083,0.8125,0.8126217544448253,0.014066477774693689,2.2335420631933527,0.9997003641042698,0.014781155515877147,0.0004654349033001244,0.9453125,0.9454281685269822,0.014788481600007331,2.4906713284999418,0.9997553247193339,-0.010349380558579467,-0.014448501933664348,0.09157850874873434,0.0,-0.014125713643144001,-0.007883700842813078,0.2722629135203318
openvla,distractor_swap,episode_000003,descent_to_grasp,25,25,,0.9980392156862745,0.9980392156862745,1.0,1,1,1,0.0,8.740472544931555e-05,0.0,8.740472544931555e-05,8.740472544931555e-05,0.012947783475902265,0.0,0.022160430325655445,0.00016920937096997742,0.0019607843137254832,0.02224765109296722,0.022161076328316133,2.258627127121942,0.007767679857429959,0.022395168279559816,0.0001419759787906853,0.0019607843137254832,0.022481289877880846,0.02239561830913261,2.2825310891043427,0.007607066218592966,0.0,0.0,0.0,0.0,-0.012947783475902265,0.0,0.0
oft,distractor_swap,episode_000003,descent_to_grasp,25,25,0,0.90625,0.87109375,1.0,1,1,1,0.00043624926971914024,0.00019802409551964546,0.03515625,0.03515951423200037,0.00047908972827316685,0.10433753573619156,0.9998143273281802,0.013131613532114495,0.00027108782446953246,0.09375,0.09466559703802321,0.01313441139013805,1.402826002328772,0.9807497278646964,0.012976953844410555,0.00041931393680007267,0.12890625,0.1295584749999785,0.012983726555097988,1.40228275991513,0.9899569166727407,-0.020698761117159337,-0.05458322952717707,-0.041644680299931444,-0.0169870331636745,0.014125713643144001,-0.00788370084281303,-0.07206959475538195
openvla,distractor_swap,episode_000003,grasp_close,26,26,,0.9980392156862745,0.9980392156862745,1.0,1,1,1,0.01025755594210364,8.740472544931555e-05,0.0,0.01025792832356595,0.01025792832356595,1.0450572322850336,0.0,0.010228287087725859,0.00016920937096997742,0.0019607843137254832,0.010415909162675886,0.010229686630594486,1.0422285548241617,0.03543767984746381,0.020485816338455063,0.0001419759787906853,0.0019607843137254832,0.020579929624671166,0.020486308311442204,2.0870415137122342,0.009077617459973384,0.0,0.0,1.0449770206345763,0.0,-0.012947783475902265,0.0,0.0
oft,distractor_swap,episode_000003,grasp_close,26,26,1,0.98046875,0.9765625,1.0,1,1,1,0.0002035607119788466,8.533937213767466e-05,0.00390625,0.0039124811609000994,0.00022072555787263845,0.028375456808120977,0.9968172631859792,0.003960056736296901,0.00035004797064261444,0.01953125,0.019931741256070466,0.003975497822467203,0.42321101257674526,0.9602174553990797,0.003759298010154404,0.0002903823654864007,0.0234375,0.023738851061020968,0.003770496445739783,0.4019707734184912,0.9747722987055119,-0.005174690279289734,-0.008026945518702545,-0.02122021926111133,0.0,-0.014125713643144001,0.0,-0.008007732750597994
openvla,distractor_swap,episode_000003,grasp_close,27,27,,0.9980392156862745,0.9980392156862745,1.0,1,1,1,0.005790555773768177,0.00035179323345938804,0.0,0.005801232166378775,0.005801232166378775,0.5917909882659238,0.0,0.010228287087725859,0.00016920937096997742,0.0019607843137254832,0.010415909162675886,0.010229686630594486,1.0422285548241617,0.03543767984746381,0.01601882359201513,0.0002573238228125581,0.0019607843137254832,0.016140433697606742,0.01602089026308736,1.6322419307100873,0.014758059179008173,0.0,0.0,0.5899063826162924,0.04538048528145571,-0.012947783475902265,0.0,0.0
oft,distractor_swap,episode_000003,grasp_close,27,27,2,0.984375,0.984375,1.0,1,1,1,0.0009651077358899226,0.000141105903486303,0.0,0.0009753685548925896,0.0009753685548925896,0.10495722019063737,0.0,0.006893067676679679,0.00031875860436862246,0.015625,0.01708088446314023,0.0069004339749863,0.730200178209544,0.8367955112198289,0.005929070350213063,0.00035828025996484646,0.015625,0.01671594642736259,0.0059398855176220474,0.6294827491052836,0.8737317364232282,0.005174690279289734,-0.011237723726184024,-0.10185705245333511,-0.016987033163673976,0.014125713643143965,0.0,0.0
openvla,distractor_swap,episode_000003,grasp_close,28,28,,0.9980392156862745,0.9980392156862745,1.0,1,1,1,0.0,0.0,0.0,0.0,0.0,0.0,0.0,0.010228287087725859,0.00016920937096997742,0.0019607843137254832,0.010415909162675886,0.010229686630594486,1.0422285548241617,0.03543767984746381,0.010228287087725859,0.00016920937096997742,0.0019607843137254832,0.010415909162675886,0.010229686630594486,1.0422285548241617,0.03543767984746381,0.0,0.0,0.0,0.0,0.0,0.0,0.0
oft,distractor_swap,episode_000003,grasp_close,28,28,3,0.9921875,0.9921875,1.0,1,1,1,4.046586620544773e-05,8.533937213767466e-05,0.0,9.44473121089728e-05,9.44473121089728e-05,0.01483660905739919,0.0,0.009665226080892753,0.00023305568964385306,0.0078125,0.012430046918626045,0.009668035485518495,1.0214139243754055,0.3950340441150362,0.009625058426272481,0.00026585370550426685,0.0078125,0.012399499350856439,0.00962872929840118,1.0174022337442505,0.3969828637417975,0.0,0.0016053891037407398,-0.004244043852222266,0.0,0.014125713643144001,0.0,0.0
openvla,distractor_swap,episode_000003,grasp_close,29,29,,0.9980392156862745,0.9980392156862745,1.0,1,1,1,0.0,8.740472544931555e-05,0.0,8.740472544931555e-05,8.740472544931555e-05,0.012947783475902265,0.0,0.010228287087725859,0.0002573238228125581,0.0019607843137254832,0.010417713157103064,0.010231523459325417,1.0425311717195889,0.03542540770274385,0.010228287087725859,0.00027329504652911504,0.0019607843137254832,0.010418119890668794,0.010231937594189913,1.0426203592815229,0.03542264167177498,0.0,0.0,0.0,0.0,0.012947783475902265,0.0,0.0
oft,distractor_swap,episode_000003,grasp_close,29,29,4,0.98828125,0.9921875,1.0,1,1,1,0.0008438497241154486,7.055295174315157e-05,0.00390625,0.0039969800022503724,0.0008467939984963227,0.09029171914754953,0.9551159960464124,0.010549159808968004,0.00021108108453903116,0.01171875,0.015768907047157582,0.010551271387818438,1.1148288749216329,0.5522800970780847,0.011392850564374384,0.0002157511376692848,0.0078125,0.013815887549686096,0.011394893265650683,1.2037859834211213,0.31975878215005205,0.0,-0.004816167311221642,0.08912492089666794,-0.008493516581836988,-0.007062856821572001,0.0,0.008007732750597994
openvla,distractor_swap,episode_000003,grasp_close,30,30,,0.9980392156862745,0.9980392156862745,1.0,1,1,1,0.0001654444506790885,8.740472544931555e-05,0.0,0.00018711347437150427,0.00018711347437150427,0.02125366300244849,0.0,0.007581194489830667,0.0002573238228125581,0.0019607843137254832,0.00783488357076081,0.00758556032488212,0.7730485382186897,0.06263175102574975,0.0077466374045291435,0.00027329504652911504,0.0019607843137254832,0.007995608568749429,0.007751456718559898,0.7900051365085758,0.06013905483729466,0.0,0.0,0.016854468074750977,0.0,0.012947783475902265,0.0,0.0
oft,distractor_swap,episode_000003,grasp_close,30,30,0,0.96875,0.96875,1.0,1,1,1,0.00023454196321456912,5.618733745656884e-05,0.0,0.00024117825233424891,0.00024117825233424891,0.02864825288684452,0.0,0.0018410882888225718,0.00035828025996484646,0.03125,0.03130623693183069,0.0018756254508616862,0.2115250196694855,0.9964105285875823,0.002071843998310175,0.0003584235033607343,0.03125,0.03132065620259408,0.0021026185962021915,0.23409681790483697,0.9954932932727849,-0.005174690279290135,-0.011237723726183447,0.02440325215027803,-0.008493516581836988,0.0,0.0,0.0
openvla,distractor_swap,episode_000003,grasp_close,31,31,,0.9980392156862745,0.9980392156862745,1.0,1,1,1,0.002647111210865454,8.740472544931555e-05,0.0,0.0026485538221301904,0.0026485538221301904,0.26998214233933643,0.0,0.007581194489830667,0.0002573238228125581,0.0019607843137254832,0.00783488357076081,0.00758556032488212,0.7730485382186897,0.06263175102574975,0.010228287087725859,0.00027329504652911504,0.0019607843137254832,0.010418119890668794,0.010231937594189913,1.0426203592815229,0.03542264167177498,0.0,0.0,0.2696714891960195,0.0,0.012947783475902265,0.0,0.0
oft,distractor_swap,episode_000003,grasp_close,31,31,1,0.98828125,0.98828125,1.0,1,1,1,0.0003016777819640405,8.533937213767466e-05,0.0,0.0003135160164450864,0.0003135160164450864,0.035155384948105724,0.0,0.005306101848137699,0.0004551500947352554,0.01171875,0.012872100838404267,0.00532558714430135,0.5653537127023223,0.8288266601322132,0.0050047666828761045,0.0003835381595896547,0.01171875,0.01274848589568142,0.005019441310533285,0.5322561084613476,0.8449779250188397,0.0,-0.004816167311221642,-0.03183032889166736,0.0,-0.014125713643144001,0.0,0.0
openvla,distractor_swap,episode_000003,grasp_close,32,32,,0.9980392156862745,0.9980392156862745,1.0,1,1,1,0.002647111210865454,0.00043702362724658023,0.0,0.002682943796180108,0.002682943796180108,0.2773334446269871,0.0,0.007581194489830667,0.0002573238228125581,0.0019607843137254832,0.00783488357076081,0.00758556032488212,0.7730485382186897,0.06263175102574975,0.010228287087725859,0.0005030208418749329,0.0019607843137254832,0.010426675493236183,0.010240648744894049,1.0444954518850815,0.03536453346546618,0.0,0.0,0.2696714891960195,0.0,-0.06473891737951169,0.0,0.0
oft,distractor_swap,episode_000003,grasp_close,32,32,2,0.98828125,0.98828125,1.0,1,1,1,0.0007232095109939333,4.266968606883733e-05,0.0,0.0007244671827635102,0.0007244671827635102,0.07673538612532178,0.0,0.008982204461503909,0.00010667093755607208,0.01171875,0.01476551649078622,0.008982837840970958,0.9492581230625364,0.6298908400770442,0.008259007401340508,0.00013319011201049064,0.01171875,0.01433729557565982,0.008260081286605759,0.872998406821662,0.6680794320038616,0.0,-0.0016053891037401623,-0.07639278934000115,0.0,0.007062856821572001,0.0,0.0
openvla,distractor_swap,episode_000003,grasp_close,33,33,,0.9980392156862745,0.9980392156862745,1.0,1,1,1,0.0,8.740472544931555e-05,0.0,8.740472544931555e-05,8.740472544931555e-05,0.012947783475902265,0.0,0.010228287087725859,0.0002573238228125581,0.0019607843137254832,0.010417713157103064,0.010231523459325417,1.0425311717195889,0.03542540770274385,0.010228287087725859,0.00027329504652911504,0.0019607843137254832,0.010418119890668794,0.010231937594189913,1.0426203592815229,0.03542264167177498,0.0,0.0,0.0,0.0,0.012947783475902265,0.0,0.0
oft,distractor_swap,episode_000003,grasp_close,33,33,3,0.98828125,0.98828125,1.0,1,1,1,0.00048215307577966523,0.00014533880595663404,0.0,0.0005035821253784647,0.0005035821253784647,0.052041605886595864,0.0,0.010508958320636955,0.00021108108453903116,0.01171875,0.015742041219982714,0.010511077975599595,1.1105612655962862,0.554166780317612,0.010026842610309126,9.788292771376929e-05,0.01171875,0.015423237512336653,0.01002732036984201,1.0595625747992659,0.577313197374586,0.0,0.0016053891037401623,-0.050928526226667555,0.0,0.007062856821572001,0.00788370084281303,0.0
openvla,distractor_swap,episode_000003,grasp_close,34,34,,0.9980392156862745,0.9980392156862745,1.0,1,1,1,0.007941333632596363,0.0007778511419626759,0.0,0.00797933783363374,0.00797933783363374,0.8168800912099993,0.0,0.002287138552028496,0.0008040392196967595,0.0019607843137254832,0.003118037355122208,0.002424351835642999,0.26140625841256204,0.39545495362194727,0.010228287087725859,0.00027329504652911504,0.0019607843137254832,0.010418119890668794,0.010231937594189913,1.0426203592815229,0.03542264167177498,0.0,0.0,0.8090144675880586,0.04538048528145571,-0.10358226780721844,0.0,0.0
oft,distractor_swap,episode_000003,grasp_close,34,34,4,0.98828125,0.98828125,1.0,1,1,1,0.00024106447615038218,0.00013893403617431903,0.0,0.0002782350590226637,0.0002782350590226637,0.026656733387346112,0.0,0.010549135601243771,8.906734797224952e-05,0.01171875,0.015767729592062504,0.010549511596557615,1.1146959134214065,0.5523625831824324,0.010308071933047532,0.00019581586644131077,0.01171875,0.015608452594441656,0.010309931659833273,1.0892851809355646,0.5636933084967605,0.0,0.0,-0.025464263113333597,0.0,0.0,-0.00788370084281303,0.0
openvla,distractor_swap,episode_000003,grasp_close,35,35,,0.9980392156862745,0.9980392156862745,1.0,1,1,1,0.0001654444506790885,8.740472544931555e-05,0.0,0.00018711347437150427,0.00018711347437150427,0.02125366300244849,0.0,0.0066306701392689765,0.0002573238228125581,0.0019607843137254832,0.006919297447756676,0.006635661387200234,0.6763184375276674,0.08030371680260007,0.007129518037553242,0.00027329504652911504,0.0019607843137254832,0.007399283259560098,0.007134754209519372,0.7272081295905948,0.07022315557255766,0.0,0.0,0.016854468074750977,0.0,0.012947783475902265,0.0,0.0
oft,distractor_swap,episode_000003,grasp_close,35,35,0,0.96875,0.97265625,1.0,1,1,1,0.0005433909868671387,5.618733745656884e-05,0.00390625,0.0039442641701588526,0.0005462881853920156,0.0592464611145447,0.9808172164119658,0.0007306109650363701,0.00035828025996484646,0.03125,0.031260592718739544,0.0008137303772822139,0.11353778132798174,0.9993224105408284,0.0016053043856562763,0.0003584235033607343,0.02734375,0.02739317677161356,0.0016448311701717769,0.18615915931935448,0.9963945634692878,-0.005174690279290135,-0.008026945518702545,0.057294592005000956,-0.008493516581836988,0.0,0.0,0.008007732750597994
openvla,distractor_swap,episode_000003,lift,36,36,,0.9980392156862745,0.9980392156862745,1.0,1,1,1,0.002647111210865454,8.740472544931555e-05,0.0,0.0026485538221301904,0.0026485538221301904,0.26998214233933643,0.0,0.005875724636576826,0.0002573238228125581,0.0019607843137254832,0.006199599235403418,0.005881356608356846,0.5995152277880436,0.10003049449863118,0.0025160531997057726,0.00027329504652911504,0.0019607843137254832,0.0032015447851246625,0.0025308524030861635,0.2588494268393195,0.37509431768151497,0.0,0.0,0.2696714891960195,0.0,0.012947783475902265,0.0,0.0
oft,distractor_swap,episode_000003,lift,36,36,1,0.98828125,0.98828125,1.0,1,1,1,4.046586620545118e-05,0.0001280090582065122,0.0,0.0001342527664917029,0.0001342527664917029,0.021668980149795583,0.0,0.008271430605429125,0.0004606982726555922,0.01171875,0.014351233700325471,0.00828425054901513,0.8773491641787742,0.666782365460381,0.007598929047935302,0.0003416001445931602,0.01171875,0.0139710241176816,0.007606603271785704,0.8050023966674686,0.7035680253372185,0.0,-0.0016053891037407398,-0.004244043852222632,0.0,-0.021188570464716037,0.0,0.0
openvla,distractor_swap,episode_000003,lift,37,37,,0.9980392156862745,0.9980392156862745,1.0,1,1,1,0.002647111210865454,0.0003829846435569215,0.0,0.002674672877173953,0.002674672877173953,0.2746865138978153,0.0,0.005841683980172303,0.00016420023734706128,0.0019607843137254832,0.006164163249549647,0.005843991225365294,0.5954925744479392,0.10118389284650961,0.002573728264950785,0.00027329504652911504,0.0019607843137254832,0.0032470667515799305,0.002588197705791412,0.26466886505724774,0.3646508366583653,0.0,0.0,0.2696714891960195,0.04538048528145571,0.02589556695180453,0.0,0.0
oft,distractor_swap,episode_000003,lift,37,37,2,0.98828125,0.98828125,1.0,1,1,1,0.0006830330443112012,4.266968606883733e-05,0.0,0.000684364553239164,0.000684364553239164,0.07251139700844779,0.0,0.004360238737283526,0.00010667093755607208,0.01171875,0.012504085816145333,0.004361543366175204,0.4615136276133214,0.8783319636912919,0.004422275132851264,0.00013319011201049064,0.01171875,0.012526107077582884,0.00442428038855722,0.46822500704459474,0.87524641192309,0.0,-0.0016053891037407398,-0.07214874548777889,0.0,0.007062856821572001,0.0,0.0
openvla,distractor_swap,episode_000003,lift,38,38,,0.9980392156862745,0.9980392156862745,1.0,1,1,1,0.008106778083275458,0.0004882133443187158,0.0,0.00812146557962577,0.00812146557962577,0.8287347035621382,0.0,0.006295787130814894,0.0002573238228125581,0.0019607843137254832,0.0065990776833791875,0.006301043655325783,0.6422465027521077,0.08828626946847387,0.013824802996405606,0.00038174696017904996,0.0019607843137254832,0.013968377993023504,0.013830072618429428,1.4094707692484012,0.01970460304062727,0.0,0.0,-0.8258689356628103,-0.04538048528145571,0.05179113390360906,0.0,0.0
oft,distractor_swap,episode_000003,lift,38,38,3,0.98828125,0.9921875,1.0,1,1,1,0.00048222543897565,5.618733745656884e-05,0.00390625,0.003936303780627928,0.00048548778654639366,0.05234775532961216,0.984788242167106,0.0029165714651052856,8.906734797224952e-05,0.01171875,0.01207656506072986,0.0029179311341327443,0.309367202478948,0.9416201163582275,0.002821062552907793,0.00011893007683013642,0.0078125,0.008307087006923272,0.002823568361239631,0.2990925191327405,0.8844688502685212,0.0,0.0032107782074809023,-0.050928526226667555,0.008493516581836988,0.0,0.0,0.008007732750597994
openvla,distractor_swap,episode_000003,lift,39,39,,0.9980392156862745,0.9980392156862745,1.0,1,1,1,0.0021507778588281817,0.00026221417634794794,0.0,0.002166702949714928,0.002166702949714928,0.22252451274510013,0.0,0.0010173707221110308,0.00030217494150446017,0.0019607843137254832,0.002229580230992789,0.001061297734606997,0.11217372135656559,0.7734165086126776,0.0021372615101988832,0.00015829896055952945,0.0019607843137254832,0.002904758242753388,0.002143115798059414,0.21861833692442598,0.45565869527572417,0.0,0.0,-0.2191080849717659,0.0,0.03884335042770699,0.0,0.0
oft,distractor_swap,episode_000003,lift,39,39,4,0.98828125,0.9921875,1.0,1,1,1,0.00024111271948782325,5.618733745656884e-05,0.00390625,0.003914087559430585,0.00024757293953352834,0.028058324572405053,0.9959992144494938,0.0029319591774455652,8.906734797224952e-05,0.01171875,0.012080290525197731,0.0029333117138623517,0.3110156726131249,0.9410394297657676,0.002142517502909952,0.00011893007683013642,0.0078125,0.008101832006617411,0.0021458158386614447,0.22776135099441838,0.9298514940546319,0.0,0.0016053891037401623,-0.025464263113333597,0.008493516581836988,0.0,0.0,0.008007732750597994
openvla,distractor_swap,episode_000003,lift,40,41,,0.9980392156862745,0.9980392156862745,1.0,1,1,1,0.0,0.00011358740788824928,0.0,0.00011358740788824928,0.00011358740788824928,0.015126828427152057,0.0,0.005812064833488967,0.00015829896055952945,0.0019607843137254832,0.006135945836995733,0.005814220170374816,0.592424422611804,0.10211666269714732,0.005411056417007928,0.0002573238228125581,0.0019607843137254832,0.005761112932652984,0.005417171503453583,0.5522575980531946,0.11583688508526958,0.0,0.0,0.0,0.015126828427152057,0.0,0.0,0.0
oft,distractor_swap,episode_000003,lift,40,41,0,0.98828125,0.98828125,1.0,1,1,1,0.0014062838822660982,7.055295174315157e-05,0.0,0.0014080525830099816,0.0014080525830099816,0.14902955011329244,0.0,0.005013599375572171,5.050216332132734e-05,0.01171875,0.012746286938937857,0.005013853724156479,0.5301808578900925,0.845269497017809,0.003206411053335005,5.804908989645412e-05,0.01171875,0.012149631397795025,0.0032069364726771098,0.3396638405357844,0.9303286045193006,0.0,0.004816167311221642,0.1485415348277804,0.008493516581836988,-0.007062856821572001,0.0,0.0
openvla,distractor_swap,episode_000003,lift,41,42,,0.9980392156862745,0.9980392156862745,1.0,1,1,1,0.00016544445067909197,0.00011358740788824928,0.0,0.0002006837449602683,0.0002006837449602683,0.022647163891916077,0.0,0.006076077704136213,0.00043024265214219035,0.0019607843137254832,0.00639910182223845,0.0060912912429487015,0.6219961206202227,0.09389049017802965,0.005110348247889963,0.00037940974005645203,0.0019607843137254832,0.0054867372900945085,0.005124413231342854,0.5234806354401049,0.1277118850582355,0.0,0.0,0.01685446807475133,-0.015126828427152057,0.0,0.0,0.0
oft,distractor_swap,episode_000003,lift,41,42,1,0.9921875,0.9921875,1.0,1,1,1,0.00016070965076692145,0.0,0.0,0.00016070965076692145,0.00016070965076692145,0.016976175408889065,0.0,0.003063163263557375,8.906734797224952e-05,0.0078125,0.008392023499829006,0.0030644578919740892,0.324275630353702,0.8666558603144674,0.0024235883655865185,8.906734797224952e-05,0.0078125,0.008180273211102497,0.0024252244346206686,0.25690135679553755,0.9121041738035203,0.0,0.0,-0.016976175408889065,0.0,0.0,0.0,0.0
openvla,distractor_swap,episode_000003,lift,42,43,,0.9980392156862745,0.9980392156862745,1.0,1,1,1,0.0,0.0009614519799424745,0.0,0.0009614519799424745,0.0009614519799424745,0.14242561823492542,0.0,0.005931849089538672,0.0007975134223071923,0.0019607843137254832,0.006298216922651427,0.0059852202365344,0.6156606985542673,0.09692245784362148,0.005211548046394028,0.00019645361118438722,0.0019607843137254832,0.0055716696049005554,0.005215249472577587,0.531625325265769,0.12384798280473637,0.0,0.0,0.0,0.0,-0.14242561823492542,0.0,0.0
oft,distractor_swap,episode_000003,lift,42,43,2,0.9921875,0.9921875,1.0,1,1,1,0.0003214554856207329,0.0,0.0,0.0003214554856207329,0.0003214554856207329,0.03399028390919843,0.0,0.002923670415524726,8.906734797224952e-05,0.0078125,0.008342118312580405,0.00292502678467896,0.30957423609172763,0.8770560945976609,0.00188201258225852,8.906734797224952e-05,0.0078125,0.008036483099108352,0.001884118985694426,0.19998317480642736,0.9450352090847107,0.0,0.0016053891037407398,0.0339523508177785,0.0,0.0,0.0,0.0
openvla,distractor_swap,episode_000003,lift,43,44,,0.9980392156862745,0.9980392156862745,1.0,1,1,1,0.0,0.0009614519799424745,0.0,0.0009614519799424745,0.0009614519799424745,0.14242561823492542,0.0,0.007581194489830667,0.0007975134223071923,0.0019607843137254832,0.007871163362321411,0.007623026797237367,0.7812464432208885,0.06205571668418266,0.007581194489830667,0.00019645361118438722,0.0019607843137254832,0.00783312064498806,0.007583739441330131,0.7728103022429786,0.06265994606017357,0.0,0.0,0.0,0.0,-0.14242561823492542,0.0,0.0
oft,distractor_swap,episode_000003,lift,43,44,3,0.9921875,0.9921875,1.0,1,1,1,0.00016070965076692145,0.0,0.0,0.00016070965076692145,0.00016070965076692145,0.016976175408889065,0.0,0.010910716293051527,8.906734797224952e-05,0.0078125,0.013419643038096611,0.010911079828318317,1.152725483452097,0.33892072999808764,0.010750006919246498,8.906734797224952e-05,0.0078125,0.013289309162116831,0.010750375889071153,1.135752302003069,0.34560120718056725,0.0,0.0,-0.016976175408889065,0.0,0.0,0.0,0.0
openvla,distractor_swap,episode_000004,hold,0,0,,0.0019607843137254832,0.0019607843137254832,0.0,0,0,0,6.541553330367909e-05,0.000786642529043844,0.0,0.0007893577519084105,0.0007893577519084105,0.11921552011614553,0.0,0.0021435168135720386,0.013281287465087405,0.0019607843137254832,0.013595290956257822,0.013453150599779735,1.3411964218929149,0.020800924365675544,0.0021559405767567104,0.013448764626466755,0.0019607843137254832,0.013760887503121353,0.013620475386292855,1.3801984351962429,0.02030330594277831,0.0,-0.025161227802241504,0.0,0.0,0.116530051283121,0.0,0.0
oft,distractor_swap,episode_000004,hold,0,0,0,0.06005859375,0.058349609375,0.0,0,0,0,0.00023824784852089986,0.00019948067624887445,0.001708984375,0.0017370037914511548,0.0003107323245520908,0.0649546551849252,0.9679984263353109,0.004106691928779371,0.010964637114165315,0.06005859375,0.06118923817854552,0.01170846640868193,1.3825913164374322,0.9633857673894717,0.004048505613712229,0.011064445766940968,0.058349609375,0.05952721454972444,0.011781865634687798,1.3727791828283937,0.9608260820968781,-0.031694977960649566,0.04495089490473436,-0.01485415348277793,-0.025480549745511488,0.017657142053929948,0.0,-0.0035033830783866224
openvla,distractor_swap,episode_000004,hold,1,1,,0.0019607843137254832,0.0019607843137254832,0.0,0,0,0,6.541553330367909e-05,0.0,0.0,6.541553330367909e-05,6.541553330367909e-05,0.025161227802241504,0.0,0.0017701719297062582,0.018027592181927465,0.0019607843137254832,0.018220106027780524,0.018114292383049697,1.7357350137181213,0.011581314301752278,0.0016257631934398936,0.020975066986224918,0.0019607843137254832,0.021129155595118285,0.02103797853972112,2.0977615685352315,0.008611828356704888,0.0,-0.025161227802241504,0.0,0.0,0.0,0.0,0.0
oft,distractor_swap,episode_000004,hold,1,1,1,0.11767578125,0.09521484375,0.0,0,0,0,0.00019431461981591827,0.0008442417919283078,0.0224609375,0.022477638126672,0.0008663154014055879,0.09994733754172914,0.998514575028646,0.001769897252944066,0.011693521083458967,0.11767578125,0.11826859458204925,0.011826705864917684,1.292031424009934,0.9900002597347004,0.0016788804294404543,0.015472077786606746,0.09521484375,0.09647834109720213,0.015562899168572931,1.7556642530256956,0.9739791575802151,0.005174690279289734,-0.009632334622443284,-0.020159208298055762,-0.05096109949102245,0.056502854572576006,0.039418504214065245,-0.046044463315938464
openvla,distractor_swap,episode_000004,alignment,2,2,,0.0019607843137254832,0.0019607843137254832,0.0,0,0,0,6.541553330367909e-05,0.0001748094508986324,0.0,0.0001866481613112921,0.0001866481613112921,0.036106339779485984,0.0,0.023693373885568275,0.44064225403851726,0.0019607843137254832,0.4412831479734428,0.44127879170681483,56.591815730540105,1.9743537208926666e-05,0.02342001215618585,0.43638324969800685,0.0019607843137254832,0.43701565448106533,0.43701125567471244,56.01774463636174,2.0131014390547592e-05,0.0,-0.025161227802241504,0.0,0.0,0.025895566951804724,0.0,0.0
oft,distractor_swap,episode_000004,alignment,2,2,2,0.2421875,0.2216796875,0.0,0,0,0,0.00013473601050257328,0.00039604819103928896,0.0205078125,0.020512078917001755,0.0004183395297502289,0.06684127968962288,0.9995840525651669,0.024408452272819174,0.4370365007685898,0.2421875,0.5002513975019541,0.43771757509427023,62.979921763395346,0.23438338777947038,0.0240367622975075,0.43298289817149443,0.2216796875,0.4870255023105374,0.43364957748248023,62.352508472388514,0.20718027024075947,0.01811141597751427,-0.006421556414961805,-0.011405867852847248,-0.03397406632734847,0.028251427286288003,0.01576740168562606,-0.04204059694063947
openvla,distractor_swap,episode_000004,alignment,3,3,,0.0019607843137254832,0.0019607843137254832,0.0,0,0,0,6.541553330367909e-05,0.0001748094508986324,0.0,0.0001866481613112921,0.0001866481613112921,0.036106339779485984,0.0,0.023952951504596264,0.4579108907847297,0.0019607843137254832,0.4585411349706492,0.4585369426611624,56.20743923113058,1.8285340190844924e-05,0.02353308287535622,0.4497835310297291,0.0019607843137254832,0.45040301447738407,0.45039874641831507,55.210461142429985,1.8952088283366346e-05,0.0,0.025161227802241504,0.0,0.0,0.025895566951804724,0.0,0.0
oft,distractor_swap,episode_000004,alignment,3,3,3,0.39453125,0.361328125,0.0,0,0,0,0.0004209464120539773,0.0017887152192333365,0.033203125,0.033253935222511084,0.0018375793907578742,0.2263884563979646,0.9969464423064964,0.025131141681695616,0.45354492843861893,0.39453125,0.6016556187896693,0.4542406591165276,62.544293417825386,0.429998423350482,0.024336511277679083,0.4461925986080954,0.361328125,0.5746634795685465,0.4468557942265195,61.423964872233725,0.3953450800641817,0.08279504446863614,-0.051372451319696165,-0.016843549038506888,-0.14438978189123036,0.09887999550200802,0.07883700842813049,-0.06806572838008294
openvla,distractor_swap,episode_000004,alignment,4,4,,0.0019607843137254832,0.0019607843137254832,0.0,0,0,0,0.0,0.0013615595780013486,0.0,0.0013615595780013486,0.0013615595780013486,0.12956371125451377,0.0,0.023668445998056602,0.4591899111025262,0.0019607843137254832,0.45980366948234963,0.45979948868426207,54.75918471212397,1.8185061833608295e-05,0.023482360845391355,0.45590610651290303,0.0019607843137254832,0.45651466997430945,0.45651045905502285,54.27873782887555,1.8448037457010445e-05,0.0,0.0,0.0,0.0,0.116530051283121,0.05663481634115369,0.0
oft,distractor_swap,episode_000004,alignment,4,4,4,0.53125,0.53515625,0.0,1,1,0,0.0004319270493627646,0.0016133275994726934,0.00390625,0.004248314487145643,0.0016701457778264589,0.17890228854482995,0.8454477105043102,0.025103228824451707,0.45434157323373386,0.53125,0.6994876694881169,0.45503454513467123,60.89471517830942,0.5768166125432989,0.024494206040120425,0.45152614280003206,0.53515625,0.7006197511314346,0.45219003058604773,60.41134651600126,0.5834403365050326,0.05692159307218747,-0.06742634235710125,-0.030806101023522565,-0.08493516581837092,0.09887999550200793,0.07883700842813049,0.008007732750597994
openvla,distractor_swap,episode_000004,alignment,5,5,,0.0019607843137254832,0.0019607843137254832,0.0,0,0,0,0.0,0.0004370236272465784,0.0,0.0004370236272465784,0.0004370236272465784,0.06473891737951142,0.0,0.023592029929192737,0.45844931555439916,0.0019607843137254832,0.4590601305750718,0.45905594300529107,54.37532076517699,1.8244018167723514e-05,0.023551944561598023,0.4580929588012166,0.0019607843137254832,0.458702188430588,0.45869799759306307,54.34043942036204,1.827250223023386e-05,0.0,0.0,0.0,0.0,-0.06473891737951142,0.0,0.0
oft,distractor_swap,episode_000004,alignment,5,5,0,0.0693359375,0.078125,0.0,0,0,0,0.00025393256989626,0.00028174562603306514,0.0087890625,0.00879724286221252,0.0003792919032129249,0.05670507667328124,0.9981411087607017,0.021532436253443366,0.4560218887606072,0.0693359375,0.4617651795759443,0.45652996488708186,60.38459502917976,0.022546255404831208,0.021348608714740407,0.45545459161822804,0.078125,0.4625993555390906,0.45595465577202077,60.29949865816228,0.028521345782516874,-0.01617090712278077,0.012843112829924187,-0.025464263113333597,-0.04246758290918546,-0.0035314284107858746,0.0,0.018017398688845488
openvla,distractor_swap,episode_000004,alignment,6,6,,0.0019607843137254832,0.0019607843137254832,0.0,0,0,0,6.541553330367822e-05,0.0,0.0,6.541553330367822e-05,6.541553330367822e-05,0.02516122780224117,0.0,0.02330916620615901,0.4478585561176395,0.0019607843137254832,0.4484690047173028,0.44846471825217554,54.18000233839391,1.9115901420792023e-05,0.023935543298698434,0.4585282618232299,0.0019607843137254832,0.4591567507929741,0.4591525641043904,55.467566114473,1.8236340808994923e-05,0.0,0.02516122780224117,0.0,0.0,0.0,0.0,0.0
oft,distractor_swap,episode_000004,alignment,6,6,1,0.1767578125,0.1474609375,0.0,0,0,0,0.00025799395322939123,0.0005511469175352464,0.029296875,0.029303194511353818,0.0006085423605728142,0.09190487566810919,0.9995687275719962,0.023016869384119787,0.4438064792860006,0.1767578125,0.478264875996833,0.44440293353271293,60.2912333629235,0.1365904267711008,0.02336880036726261,0.45473984257077726,0.1474609375,0.47862214046184615,0.4553399007904977,61.7304066116287,0.09492233479699837,0.01811141597751427,-0.01605389103740509,-0.025464263113333597,-0.05096109949102245,0.021188570464715967,0.023651102528439088,-0.06005799562948495
openvla,distractor_swap,episode_000004,alignment,7,7,,0.0019607843137254832,0.0019607843137254832,0.0,0,0,0,0.0005440817033978218,0.0015221657973624762,0.0,0.0016164818633787447,0.0016164818633787447,0.1546619742106836,0.0,0.024006971202103485,0.44904879794782715,0.0019607843137254832,0.4496943431707943,0.4496900683856462,56.434000265283956,1.901186837239919e-05,0.02302452334378854,0.44094060316071054,0.0019607843137254832,0.44154568151672013,0.4415413278402599,55.30352018891616,1.9720066025554904e-05,0.09658613082517496,0.0,-0.03370893614950231,0.015126828427151595,-0.09063448433131614,0.07079352042644185,0.0
oft,distractor_swap,episode_000004,alignment,7,7,2,0.322265625,0.349609375,0.0,0,0,0,7.058432642138195e-05,0.00032778730871418476,0.02734375,0.027345805724633358,0.00033530086025903433,0.06504008467366539,0.9998496553815698,0.025086381936319888,0.44579647991213883,0.322265625,0.5506532131181562,0.4465017671417538,62.965039437415236,0.3425087028658718,0.024563875225779144,0.43668610564490506,0.349609375,0.5599329012634563,0.4373764269247039,61.61234779303655,0.3898469724512702,0.010349380558579467,0.0,0.005769247111614894,-0.025480549745511488,0.007062856821571965,0.015767401685626157,0.05605412925418596
openvla,distractor_swap,episode_000004,alignment,8,8,,0.0019607843137254832,0.0019607843137254832,0.0,0,0,0,0.0,0.0011028233228954944,0.0,0.0011028233228954944,0.0011028233228954944,0.16186501290759103,0.0,0.02287010698221763,0.4277494462571041,0.0019607843137254832,0.42836488563111963,0.4283603979905673,55.86483827920848,2.095231050016867e-05,0.024215527576999005,0.4496628199750082,0.0019607843137254832,0.45031865175543634,0.45031438289678133,58.744691078797445,1.895918991911804e-05,0.0,0.0,0.0,-0.04538048528145571,0.15537340171082756,0.0,0.0
oft,distractor_swap,episode_000004,alignment,8,8,3,0.466796875,0.470703125,0.0,0,0,0,0.00028210807287708825,0.0012146219858739581,0.00390625,0.00410044882858582,0.0012469528994115305,0.14317123375904597,0.907522239138138,0.02461403075709096,0.4221837395867904,0.466796875,0.6298764029485178,0.42290065084083034,62.107086386685765,0.5492185567662204,0.02575863646644922,0.44517410338324465,0.470703125,0.6483863983462732,0.4459187029893302,65.45022056830199,0.5270191201910234,0.05950893821183214,-0.03210778207481018,-0.006830258074670461,-0.09342868240020791,0.06356571139414804,0.0551859058996913,0.008007732750597994
openvla,distractor_swap,episode_000004,alignment,9,9,,0.0019607843137254832,0.0019607843137254832,0.0,0,0,0,0.00042184657993220564,0.0017736871712449728,0.0,0.0018231622852723484,0.0018231622852723484,0.20610117774174755,0.0,0.02337291061655903,0.41982513608992855,0.0019607843137254832,0.4204798241518154,0.4204752523557322,56.643394281274375,2.1745496294981788e-05,0.022257957036124137,0.3990106639651579,0.0019607843137254832,0.39963579830198276,0.399630988049398,53.716748068843735,2.4073036778324623e-05,0.0,-0.10064491120896535,0.03370893614950231,0.04538048528145571,0.15537340171082756,0.07079352042644194,0.0
oft,distractor_swap,episode_000004,alignment,9,9,4,0.58203125,0.61328125,0.0,1,1,0,0.0002446917559306478,0.0009475035630986728,0.03125,0.031265318438447175,0.000978589320146661,0.12047136961030618,0.9990203403273229,0.02528050481103974,0.41367770528200193,0.58203125,0.7145129276279375,0.41444945140618034,62.93864990008646,0.6635481222093667,0.024026082180023507,0.39356457610204254,0.61328125,0.7290982236906521,0.3942972586606477,59.81615641144138,0.7075339665856678,0.03363548681538347,-0.04174011669725288,0.016031212519917855,-0.05096109949102245,0.04943999775100397,0.04730220505687827,0.06406186200478395
openvla,distractor_swap,episode_000004,alignment,10,10,,0.0019607843137254832,0.0019607843137254832,0.0,0,0,0,0.0025077162338060606,0.03389635482774959,0.0,0.03398899103118534,0.03398899103118534,1.9749942808910248,0.0,0.021489810196657168,0.40784117616461346,0.0019607843137254832,0.40841165702358284,0.40840695013383854,54.61112216499826,2.3049599785801634e-05,0.022640552330975366,0.3957152119563073,0.0019607843137254832,0.3963672139047348,0.39636236398462055,54.20375562835629,2.447170337233857e-05,0.0,0.9561266564851751,0.03370893614950231,0.0,-0.03884335042770683,-1.7273618984051824,0.0
oft,distractor_swap,episode_000004,alignment,10,10,0,0.06298828125,0.048828125,0.0,0,0,0,0.0005163826846261488,0.0028771322065603683,0.01416015625,0.014458719370519046,0.002923104652763675,0.33885779412001515,0.9591277005749049,0.021028797098460384,0.3937505401194789,0.06298828125,0.3993109336427175,0.39431167640812975,60.32604726604614,0.02488267758140306,0.020384933511265642,0.3927457847484723,0.048828125,0.39629406094839187,0.3932744549954295,60.03334682205915,0.01518116035757884,0.06727097363076694,-0.11237723726183561,-0.027586285039444727,-0.23781846429143827,0.15361713586919115,0.12613921348500887,-0.029028031220917728
openvla,distractor_swap,episode_000004,alignment,11,11,,0.0019607843137254832,0.0019607843137254832,0.0,0,0,0,0.0024807738196819455,0.0006199180751078038,0.0,0.0025570563474950478,0.0025570563474950478,0.9400068016861015,0.0,0.021377700401730086,0.3826769465452892,0.0019607843137254832,0.3832786142831573,0.38327359874075895,52.30473801995861,2.617161195536145e-05,0.022976956787237695,0.385476850400828,0.0019607843137254832,0.38616601017343544,0.3861610321331567,52.77918584311094,2.5781700417901452e-05,-0.09658613082517496,0.9309654286829336,0.03370893614950231,-0.04538048528145571,-0.06473891737951129,-0.014158704085288246,0.0
oft,distractor_swap,episode_000004,alignment,11,11,1,0.09814453125,0.083984375,0.0,0,0,0,0.0011533634275362023,0.005707690517362048,0.01416015625,0.015310715308645013,0.0058230557474544834,0.5808391583805852,0.8553524995261965,0.02197970887940053,0.3783850792503821,0.09814453125,0.39152359420094135,0.37902292252809877,58.2744036623818,0.06283712876850694,0.0210026914487951,0.38188565351089604,0.083984375,0.39157520433459275,0.3824627634234965,58.64921138052909,0.04600093114976403,0.1576663444471097,-0.19906824886382374,-0.07533177837694559,-0.2548054974551128,0.34607998425702824,0.2857841555519731,-0.029028031220917728
openvla,distractor_swap,episode_000004,alignment,12,12,,0.0019607843137254832,0.0019607843137254832,0.0,0,0,0,0.0016110492524117838,0.0037869018881107825,0.0,0.004115349997736957,0.004115349997736957,0.5430109171052516,0.0,0.02136957833044433,0.3700582525641237,0.0019607843137254832,0.37067993450409314,0.37067474849095644,49.99807755482249,2.7980887964985303e-05,0.02254114633797246,0.37401330650835013,0.0019607843137254832,0.37469707951712666,0.37469194910424614,50.56607965008555,2.7384135280162395e-05,-0.3477100709706303,0.10064491120896601,0.03370893614950231,-0.10588779899006302,-0.36253793732526485,0.1415870408528837,0.0
oft,distractor_swap,episode_000004,alignment,12,12,2,0.1240234375,0.12353515625,0.0,0,0,0,0.0009407809895901746,0.0032911216696043066,0.00048828125,0.0034575958835027076,0.003422944743128832,0.40428120342829976,0.019943052403229633,0.021581965100092016,0.36750466256280623,0.1240234375,0.38846785101511305,0.36813782503701475,56.07310797047106,0.1019289058746623,0.020971654321011904,0.3706743259453923,0.12353515625,0.39128020781754713,0.3712671089660798,56.50010535849931,0.09967939119000349,0.1439210733927466,-0.21833291810870945,-0.027586285039445095,-0.17836384821857884,0.19069713418244427,0.16161586727766755,-0.0010009665938247492
openvla,distractor_swap,episode_000004,alignment,13,13,,0.0019607843137254832,0.0019607843137254832,0.0,0,0,0,0.0031001365944637684,0.020544326615572404,0.0,0.020776915146182073,0.020776915146182073,2.947474315897663,0.0,0.021896280133979908,0.36604302190978927,0.0019607843137254832,0.366702584730025,0.3666973424672671,48.96606878745636,2.8591155368312618e-05,0.023479691655805553,0.3832987843390804,0.0019607843137254832,0.3840222632494027,0.3840172574195964,51.33971850589524,2.6070348826968185e-05,-0.3477100709706303,1.031610339891899,0.0,-2.7228291168873353,0.29779901994575303,0.0,0.0
oft,distractor_swap,episode_000004,alignment,13,13,3,0.1728515625,0.17578125,0.0,0,0,0,0.0009922282695438796,0.0034110908403828986,0.0029296875,0.004604685277831961,0.003552472049182956,0.42532561664064855,0.40480203919291985,0.022064813389223868,0.3639337712527655,0.1728515625,0.4035000724991917,0.36460203763577836,55.1512608599599,0.18350985212788026,0.020952143809074765,0.3624920933233252,0.17578125,0.4034086735603053,0.36309710829490566,54.89016523606717,0.1898692494857289,0.13324827469171113,-0.21833291810870945,-0.04986751526361199,-0.22083143112776377,0.1951114196959266,0.16161586727766755,0.006005799562948495
openvla,distractor_swap,episode_000004,alignment,14,14,,0.0019607843137254832,0.0019607843137254832,0.0,0,0,0,0.00275834168639184,0.0046217457184344266,0.0,0.005382284119660902,0.005382284119660902,0.8703697109718338,0.0,0.022799304188877125,0.3735176925967892,0.0019607843137254832,0.37421801082985223,0.3742128738489985,50.205472333729304,2.745429373681486e-05,0.02464803944648962,0.37135490459048304,0.0019607843137254832,0.37217715632086745,0.3721719911706985,49.9327588816171,2.7756213619049177e-05,-0.5988340111160851,0.0,0.06741787229900462,0.5596926518046187,-0.28485123646985083,0.0,0.0
oft,distractor_swap,episode_000004,alignment,14,14,4,0.365234375,0.37109375,0.0,0,0,0,0.000632822777850838,0.0003778674923884202,0.005859375,0.005905550262303739,0.0007370539396616532,0.11092931846540786,0.984423215791133,0.023831181774927063,0.36122326964183554,0.365234375,0.5142434486088943,0.36200852994857435,54.994178993917345,0.5044356315617277,0.02343548202955608,0.36386311720218206,0.37109375,0.5202462505074967,0.3646170455122011,55.378359301307626,0.5088026472230832,-0.0038810177094674007,-0.069031731460842,-0.06313015230180676,-0.05096109949102245,0.028251427286288003,0.0,0.01201159912589699
openvla,distractor_swap,episode_000004,alignment,15,15,,0.0019607843137254832,0.0019607843137254832,0.0,0,0,0,8.637995946520188e-05,0.0,0.0,8.637995946520188e-05,8.637995946520188e-05,0.019317226165034798,0.0,0.02453397177269471,0.36375668587157667,0.0019607843137254832,0.3645883801800892,0.36458310751763623,49.788546013522264,2.8923710206224858e-05,0.02405038392973277,0.35714662942529796,0.0019607843137254832,0.35796086455385545,0.3579554942685175,48.85524681820016,3.0004649032887075e-05,0.019317226165034798,0.0,0.0,0.0,0.0,0.0,0.0
oft,distractor_swap,episode_000004,alignment,15,15,0,0.031982421875,0.10498046875,0.0,0,0,0,0.0017529051584559176,0.007638389045341181,0.072998046875,0.0734175218273351,0.007836942241877858,0.7435492254102664,0.988605537326931,0.019146621412692955,0.3719705658271193,0.031982421875,0.373833613071723,0.3724630115236522,57.3223570077214,0.0073192401850722955,0.020385663505165227,0.3615978818652373,0.10498046875,0.3770802331930721,0.3621720633151761,55.783887736315044,0.07750852660300118,-0.22170313665332078,0.1790008850670668,0.14429749097555797,0.36522121301899413,-0.37786283995410197,-0.390243191719246,0.14964450577680002
openvla,distractor_swap,episode_000004,alignment,16,16,,0.0019607843137254832,0.0019607843137254832,0.0,0,0,0,0.015551778363834545,0.0009008251699108869,0.0,0.015577846329469848,0.015577846329469848,1.5895029628712216,0.0,0.024511768521484612,0.37531301386273264,0.0019607843137254832,0.3761177074346587,0.37611259640003897,52.22636667130949,2.7177661631080917e-05,0.016456039372098236,0.3757233108459804,0.0019607843137254832,0.3760886228271286,0.3760835113972444,52.216560758225036,2.7181865332755036e-05,0.0,0.0,-1.584319999026615,-0.07563414213575936,-0.10358226780721849,0.0,0.0
oft,distractor_swap,episode_000004,alignment,16,16,1,0.046630859375,0.08642578125,0.0,0,0,0,0.0015737450728297072,0.00884792568441764,0.039794921875,0.04079703750897345,0.00898679378150145,0.837165046913737,0.9514764801485415,0.01864249016142406,0.38315538446517095,0.046630859375,0.38643243669511335,0.38360864313004184,59.71603741786347,0.014561284647695039,0.020238137649782162,0.3785845743634136,0.08642578125,0.3888512283973543,0.37912512731479375,59.167469396138365,0.04939917291287819,-0.24191677055679636,0.24241375466481707,0.09761300860111286,0.4161823125100166,-0.43436569452667795,-0.4533127984617501,0.08157877739671707
openvla,distractor_swap,episode_000004,alignment,17,17,,0.0019607843137254832,0.0019607843137254832,0.0,0,0,0,0.009099444787349998,0.0005679370394412395,0.0,0.009117151305029457,0.009117151305029457,0.9300761436877664,0.0,0.024632216137673794,0.39311469021781353,0.0019607843137254832,0.39389053100071536,0.3938856505851674,54.81135896034886,2.4780414501098138e-05,0.018671725858073175,0.3914092777990737,0.0019607843137254832,0.39185928694983924,0.3918543812358253,54.55851957621942,2.5037984143018365e-05,0.0,0.0,-0.926995744111317,-0.07563414213575936,0.0,0.0,0.0
oft,distractor_swap,episode_000004,alignment,17,17,2,0.053466796875,0.12158203125,0.0,0,0,0,0.0016251885494830993,0.006342412623955703,0.068115234375,0.06842917937309394,0.006547322789803756,0.6370665196168943,0.9908452847260263,0.020746267282120964,0.4012575123546426,0.053466796875,0.4053352898468746,0.40179347783056074,62.435559552538116,0.017399609467956857,0.022188813951749084,0.39507077491829423,0.12158203125,0.41395102485922514,0.39569339223586597,61.69061486678771,0.08626623920139269,-0.23803575284732895,0.12040418278053816,0.12732131556666906,0.3057665969461347,-0.31782855697074,-0.3232317345553349,0.13963483983855252
openvla,distractor_swap,episode_000004,alignment,18,18,,0.0019607843137254832,0.0019607843137254832,0.0,0,0,0,0.009099679919097619,0.0005679370394412395,0.0,0.009117385980136946,0.009117385980136946,0.9304164231362336,0.0,0.01596325240069646,0.14584860240913564,0.0019607843137254832,0.1467326989018856,0.14671959736826728,20.163247042862228,0.00017856890534429827,0.00915301926235392,0.16146184838276056,0.0019607843137254832,0.16173296176079732,0.16172107545027822,22.273767256548798,0.00014698146385042923,0.0,-0.02516122780224117,-0.926995744111317,-0.07563414213575936,0.0,0.0,0.0
oft,distractor_swap,episode_000004,alignment,18,18,3,0.07177734375,0.2001953125,0.0,0,0,0,0.0018369632848593907,0.005082618974592188,0.12841796875,0.1285316387027987,0.005404391709601179,0.618931052502572,0.9982320354644458,0.013380526044883205,0.1524834225867971,0.07177734375,0.16906276857080982,0.1530693719887213,23.31748943630436,0.18025146846004184,0.015896770248983352,0.1640613950281926,0.2001953125,0.2593202880414841,0.1648297565457937,25.320806062116404,0.5959842984871664,-0.24838513340590843,0.12040418278053874,0.15278557868000267,0.2802860472006237,-0.268388559219736,-0.2522784269700175,0.26325421417590905
openvla,distractor_swap,episode_000004,descent_to_grasp,19,19,,0.0019607843137254832,0.0019607843137254832,0.0,0,0,0,0.009099444787349998,0.0010222866709942331,0.0,0.00915668965706076,0.00915668965706076,0.9369394887611036,0.0,0.012601808224495017,0.0008711488432905787,0.0019607843137254832,0.012783158684733155,0.012631883107206018,1.2933955816492981,0.02352790660759553,0.003173846427076466,0.0006232875799442408,0.0019607843137254832,0.0037823886202941535,0.0032344688203751163,0.349692340216752,0.2687369298458401,0.0,0.0,-0.926995744111317,-0.13614145584436713,0.0,0.0,0.0
oft,distractor_swap,episode_000004,descent_to_grasp,19,19,4,0.1748046875,0.427734375,0.0,0,0,0,0.00257269262411085,0.007567850859434062,0.2529296875,0.25305595810574477,0.007993191726012285,0.9304034499056123,0.9990022831056756,0.01166374382687601,0.008916200118055597,0.1748046875,0.17542012517546798,0.014681333202546793,1.545486455903072,0.992995580351799,0.013304692268940465,0.0013901989873752974,0.427734375,0.4279435045029149,0.013377125610373236,1.664122100743912,0.9990228691333968,-0.3467042487124142,0.03371317117855092,0.2206902803155593,0.3312471466916457,-0.4096456956511759,-0.38630134129783933,0.5185006956012201
openvla,distractor_swap,episode_000004,descent_to_grasp,20,20,,0.0019607843137254832,0.0019607843137254832,0.0,0,0,0,0.009295765712316587,0.0,0.0,0.009295765712316587,0.009295765712316587,1.019768718547825,0.0,0.012662537530187333,0.0005432065704572117,0.0019607843137254832,0.012824960241908843,0.012674183606118012,1.3248381253343355,0.02337478327555582,0.003549443651968504,0.0005432065704572117,0.0019607843137254832,0.004091246599954507,0.003590769223535174,0.38379388048804125,0.2296933030229436,-0.42497897563077003,0.0,-0.926995744111317,0.0,0.0,0.0,0.0
oft,distractor_swap,episode_000004,descent_to_grasp,20,20,0,0.051025390625,0.10498046875,0.0,0,0,0,0.0015383163638724893,0.005726590592625364,0.053955078125,0.05427992918681598,0.005929608507389269,0.589660239080978,0.988066344496042,0.0063663781560161685,0.01054784000245154,0.051025390625,0.05249169637167916,0.012320215076966665,1.2411574291513356,0.9449122083476375,0.0071604569376144895,0.004862336551978242,0.10498046875,0.10533666635730343,0.008655313992001396,0.9364538927041036,0.9932484029413061,-0.2846079653609366,0.008026945518702545,0.09761300860111286,0.2717925306187862,-0.29310855809523806,-0.2916969311840827,0.11060680861763479
openvla,distractor_swap,episode_000004,descent_to_grasp,21,21,,0.0019607843137254832,0.0019607843137254832,0.0,0,0,0,0.005625491675324256,0.0,0.0,0.005625491675324256,0.005625491675324256,0.5736040307949749,0.0,0.004239671380078133,0.0005432065704572117,0.0019607843137254832,0.004702612243657074,0.004274328811549423,0.44891309240296806,0.17385264695134434,0.0012770735606485,0.0005432065704572117,0.0019607843137254832,0.0024022209270687903,0.0013878005106986104,0.18235388961073273,0.6662446823976917,0.0,-0.02516122780224117,0.5730519145415416,0.0,0.0,0.0,0.0
oft,distractor_swap,episode_000004,descent_to_grasp,21,21,1,0.03955078125,0.07470703125,0.0,0,0,0,0.000911358177360053,0.005612138944589751,0.03515625,0.03561303962488069,0.005685655394131973,0.5054827918664234,0.9745115760860921,0.006130205960143808,0.006491168037967873,0.03955078125,0.0405460107174093,0.008928308216617432,0.9400530326693904,0.9515111273723184,0.006276338118030086,0.0012333385813056716,0.07470703125,0.0749803578440144,0.006396369613145767,0.7197428358132056,0.9927226697264471,-0.1733521243562071,0.06421556414962036,0.050928526226667555,0.2293249477096013,-0.275451416041308,-0.2916969311840828,0.07206959475538195
openvla,distractor_swap,episode_000004,descent_to_grasp,22,22,,0.0019607843137254832,0.0019607843137254832,0.0,0,0,0,0.0008272222533954564,0.0005732948318154155,0.0,0.0010064609384863984,0.0010064609384863984,0.11595380077998173,0.0,0.02180819274021027,0.0005432065704572117,0.0019607843137254832,0.021902899787409422,0.021814956886786363,2.2250639646332337,0.008014130600524163,0.022626208671026774,0.0006110646103468145,0.0019607843137254832,0.022719229606388888,0.022634458658931197,2.3083552609188778,0.007448562161381288,0.0,0.0,0.0842723403737563,0.06050731370860777,0.05179113390360924,0.0,0.0
oft,distractor_swap,episode_000004,descent_to_grasp,22,22,2,0.06005859375,0.125,0.0,0,0,0,0.0017433278032049934,0.004892013355914922,0.06494140625,0.06514873162411848,0.005193359847331738,0.5024489342098584,0.9936454485265611,0.008536344427919524,0.006121316252100957,0.06005859375,0.0609702744956741,0.01050427002938843,1.0891655013602413,0.9703178432392773,0.010004817148048966,0.0013124352219378986,0.125,0.12540661406950465,0.010090532809404954,1.100744860218202,0.9935257820838773,-0.18628885005443122,0.08187484429076618,0.1612736663844472,0.22932494770960077,-0.22601141829030402,-0.25227842697001746,0.13312855697869164
openvla,distractor_swap,episode_000004,descent_to_grasp,23,23,,0.0019607843137254832,0.9980392156862745,0.0,0,1,0,0.023493111996430904,0.0002271748157764951,0.996078431372549,0.9963554683772613,0.02349421034369465,3.1469751969297404,0.9994439765758645,0.0037352320471423827,0.00023226452970370796,0.0019607843137254832,0.004224994719844023,0.003742446426838728,0.3927739790794548,0.2153809591914377,0.027268270706809972,0.000221462026988444,0.9980392156862745,0.9984116804607422,0.027269170005140765,3.4521365526550896,0.9992540245543948,0.0,0.0,2.3933344666146734,-0.030253656854303652,0.0,0.0,2.043156317380581
oft,distractor_swap,episode_000004,descent_to_grasp,23,23,3,0.08642578125,0.2392578125,0.0,0,0,0,0.0027320697978692396,0.0037982929960933857,0.15283203125,0.1529036330865476,0.004678807012968299,0.5739746682387042,0.9990636576748411,0.009515805299633577,0.0044043495751943705,0.08642578125,0.08705954577387767,0.010485649511644442,1.1231168601545225,0.985493659061937,0.012158728637502841,0.0007074781053360089,0.2392578125,0.23956760225380042,0.012179294205739571,1.3789227854612602,0.9974154313591438,-0.1811141597751419,0.05939939683839871,0.27586285039444913,0.19535088138225282,-0.21188570464716003,-0.1892088202275131,0.3133025438671465
openvla,distractor_swap,episode_000004,descent_to_grasp,24,24,,0.9980392156862745,0.9980392156862745,0.0,1,1,0,0.0019853334081490932,8.740472544931555e-05,0.0,0.0019872564825768623,0.0019872564825768623,0.2026676359088035,0.0,0.023836487687319056,0.0002939529093453058,0.9980392156862745,0.9983238655873427,0.02383830014033353,3.17772964486114,0.9994298256706531,0.021816478756441524,0.000221462026988444,0.9980392156862745,0.9982776586894218,0.021817602772982694,3.0232476831546964,0.9995223482675533,0.0,0.0,-0.20225361689701493,0.0,0.012947783475902265,0.0,0.0
oft,distractor_swap,episode_000004,descent_to_grasp,24,24,4,0.287109375,0.5078125,0.0,0,1,0,0.0018604414023480073,0.0043012589852344865,0.220703125,0.22075287417344142,0.004686370778078814,0.6361516787938153,0.9995493280179807,0.012117330383838354,0.004871645681019126,0.287109375,0.28740625574291717,0.013059962759230383,1.48601680693452,0.9979351360437888,0.013753802827772684,0.0006846530321728197,0.5078125,0.5079991840527401,0.013770833017639539,1.7908310070108964,0.9992651572819703,-0.18111415977514148,0.01284311282992361,0.17824984179333664,0.16987033163674134,-0.24013713193344802,-0.22074362359876532,0.45243690040878665
openvla,distractor_swap,episode_000004,descent_to_grasp,25,25,,0.9980392156862745,0.9980392156862745,0.0,1,1,0,0.0009926667040745484,0.0006304151318489261,0.0,0.0011759295998665592,0.0011759295998665592,0.13445777710004087,0.0,0.013194102270671346,0.00043024265214219035,0.9980392156862745,0.9981265177777527,0.013201115235791903,2.450960068192804,0.9998250757355047,0.012125307063085861,0.00025473008800697724,0.9980392156862745,0.9981129014327316,0.012127982469968197,2.3924227579616457,0.9998523553268895,0.0,0.0,-0.10112680844850763,-0.06050731370860777,0.06473891737951169,0.0,0.0
oft,distractor_swap,episode_000004,descent_to_grasp,25,25,0,0.94140625,0.9375,0.0,1,1,0,0.0005492305583003902,5.618733745656884e-05,0.00390625,0.003945072912578603,0.0005520971137955863,0.06059478916298209,0.9804151213428299,0.014584819801047493,0.00029846548104948907,0.94140625,0.9415192688359251,0.014587873397874178,2.470794277474264,0.9997599368247821,0.015056252535187263,0.00028787197272067065,0.9375,0.9376209381251445,0.01505900430559773,2.4961929971243655,0.999742048581289,-0.005174690279289734,-0.012843112829924187,0.05782509748652892,-0.008493516581836988,0.0,0.0,-0.008007732750597994
openvla,distractor_swap,episode_000004,descent_to_grasp,26,26,,0.9980392156862745,0.9980392156862745,1.0,1,1,1,0.0006617778027163644,0.0007778511419626759,0.0,0.0010212748206142842,0.0010212748206142842,0.13165805768653768,0.0,0.011472052039539105,0.00018312070768951769,0.0019607843137254832,0.011639853363184174,0.011473513463254315,1.1707470579776151,0.02837687907143995,0.011506836660556569,0.0008262776006419155,0.0019607843137254832,0.011701910088998426,0.011536464996091794,1.180523390830448,0.028076704681168903,0.0,0.0,-0.06741787229900498,-0.04538048528145571,0.10358226780721844,0.0,0.0
oft,distractor_swap,episode_000004,descent_to_grasp,26,26,1,0.984375,0.98046875,1.0,1,1,1,0.001105199725307286,0.0002200770323207247,0.00390625,0.004065549089049891,0.0011268985459988836,0.12081348494524326,0.9231699318324598,0.015408902019092433,0.0005325496307139625,0.015625,0.021951275487842717,0.015418102040885721,1.6315146629732593,0.5066645649254307,0.017210315204066854,0.0003551946310601553,0.01953125,0.026034416436935333,0.017213980151297627,1.8208148348415132,0.5628133407735743,-0.005174690279289734,-0.004816167311221642,0.11671120593611341,0.0,-0.028251427286288003,-0.007883700842813078,-0.008007732750597994
openvla,distractor_swap,episode_000004,grasp_close,27,27,,0.9980392156862745,0.9980392156862745,1.0,1,1,1,0.0006617778027163644,0.0004370236272465799,0.0,0.0007930570666350921,0.0007930570666350921,0.09346815997330951,0.0,0.00036172154485431115,0.0004265985796014001,0.0019607843137254832,0.002038995818799449,0.0005593110262901327,0.0711108187818257,0.9247556158788921,0.001022522228028067,0.0008262776006419155,0.0019607843137254832,0.0023607120758546473,0.0013146430618742272,0.15980743891915097,0.6898800792797893,0.0,0.0,-0.06741787229900498,0.0,0.06473891737951165,0.0,0.0
oft,distractor_swap,episode_000004,grasp_close,27,27,2,0.984375,0.984375,1.0,1,1,1,4.456920332573646e-05,0.0001021754634308593,0.0,0.0001114730425367573,0.0001114730425367573,0.018191313994986028,0.0,0.008178741564396078,0.00018754807898025688,0.015625,0.017637108971118514,0.008180891629835296,0.8651206891945772,0.7848474572972589,0.008218901592072336,0.00010784664259150114,0.015625,0.01765510122538207,0.00821960913173415,0.868969918635428,0.7832486016001268,0.0,-0.006421556414962382,0.004244043852222266,-0.008493516581836988,-0.014125713643144001,0.0,0.0
openvla,distractor_swap,episode_000004,grasp_close,28,28,,0.9980392156862745,0.9980392156862745,1.0,1,1,1,0.0004963333520372724,0.0005541737487906648,0.0,0.0007439457911657636,0.0007439457911657636,0.093846543434465,0.0,0.00036172154485431115,0.0003881135451985662,0.0019607843137254832,0.0020312926241510118,0.0005305417985214632,0.06708707785934595,0.9317827469328822,0.00014007049790248495,0.0008262776006419155,0.0019607843137254832,0.002132376501150096,0.0008380658790961548,0.12202868842640852,0.8455355499417364,0.0,0.0,0.05056340422425364,-0.04538048528145571,0.06473891737951165,0.0,0.0
oft,distractor_swap,episode_000004,grasp_close,28,28,3,0.9921875,0.98828125,1.0,1,1,1,8.03548253834642e-05,5.618733745656884e-05,0.00390625,0.003907480387327986,9.805057293491643e-05,0.014432991395039637,0.9993703391987279,0.01066966744903272,0.00014868245363440852,0.0078125,0.013224941065840977,0.010670703348185026,1.1274161388277228,0.34897359704574765,0.010589312882852885,9.788292771376929e-05,0.01171875,0.015794689929244952,0.010589765266449105,1.1189461199922315,0.5504785105098596,0.0,0.0,-0.008488087704444898,-0.008493516581836988,0.0,0.0,-0.008007732750597994
openvla,distractor_swap,episode_000004,grasp_close,29,29,,0.9980392156862745,0.9980392156862745,1.0,1,1,1,0.0014890000561118173,0.0,0.0,0.0014890000561118173,0.0014890000561118173,0.15169021267276092,0.0,0.00036172154485431115,0.000270222295856813,0.0019607843137254832,0.002012097833143764,0.00045151142310014306,0.05122795508417404,0.9496453829029873,0.001849505941335109,0.000270222295856813,0.0019607843137254832,0.0027089421258424677,0.0018691421337640418,0.19174749531086677,0.5239142296671541,0.0,0.0,-0.15169021267276092,0.0,0.0,0.0,0.0
oft,distractor_swap,episode_000004,grasp_close,29,29,4,0.98828125,0.9921875,1.0,1,1,1,0.00048212895230076436,4.266968606883733e-05,0.00390625,0.003936122214979592,0.00048401345927137797,0.052035781092507435,0.9848790969880851,0.010750022019087561,0.0001999798205148971,0.01171875,0.015903838118579445,0.010751881944082187,1.1359598175728902,0.5429485602381904,0.011232149516134594,0.00021108108453903116,0.0078125,0.013683599461656745,0.011234132720288325,1.1867883145470406,0.32597129223270704,0.0,0.0,0.050928526226667194,0.0,-0.007062856821572001,0.0,0.008007732750597994
openvla,distractor_swap,episode_000004,grasp_close,30,30,,0.9980392156862745,0.9980392156862745,1.0,1,1,1,0.0001654444506790885,0.0,0.0,0.0001654444506790885,0.0001654444506790885,0.016854468074750977,0.0,0.007581194489830667,0.0002573238228125581,0.0019607843137254832,0.00783488357076081,0.00758556032488212,0.7730485382186897,0.06263175102574975,0.0077466374045291435,0.0002573238228125581,0.0019607843137254832,0.007995078595735554,0.007750910051538264,0.7898874262378285,0.060147028025330444,0.0,0.0,0.016854468074750977,0.0,0.0,0.0,0.0
oft,distractor_swap,episode_000004,grasp_close,30,30,0,0.98828125,0.98828125,1.0,1,1,1,0.00012296695910463926,8.533937213767466e-05,0.0,0.0001496785938880191,0.0001496785938880191,0.01996821163971839,0.0,0.0029786256743352998,0.0007164770599979612,0.01171875,0.012112582377338565,0.0030635845484191784,0.33717454610428615,0.936028541341267,0.0030981028599599823,0.0006342709433430337,0.01171875,0.012137942268892265,0.0031623631923707756,0.3441860771522347,0.9321213247435737,-0.005174690279289734,-0.0032107782074809023,0.012732131556666798,0.0,-0.014125713643144001,0.0,0.0
openvla,distractor_swap,episode_000004,grasp_close,31,31,,0.9980392156862745,0.9980392156862745,1.0,1,1,1,0.0024816667601863657,8.740472544931555e-05,0.0,0.0024832054878009516,0.0024832054878009516,0.253148358212276,0.0,0.010228287087725859,0.000270222295856813,0.0019607843137254832,0.010418039737065201,0.010231855982084464,1.042602783719468,0.03542318673848094,0.0077466374045291435,0.0002573238228125581,0.0019607843137254832,0.007995078595735554,0.007750910051538264,0.7898874262378285,0.060147028025330444,0.0,0.0,-0.2528170211212686,0.0,0.012947783475902265,0.0,0.0
oft,distractor_swap,episode_000004,grasp_close,31,31,1,0.9921875,0.9921875,1.0,1,1,1,0.0007233381584634733,7.055295174315157e-05,0.0,0.0007267708101520039,0.0007267708101520039,0.07733742626389525,0.0,0.009424281297453787,0.0003035172493873473,0.0078125,0.01224517688497038,0.009429167550436936,0.9969396125962378,0.40705203912881,0.008701052119273103,0.00024222052411542553,0.0078125,0.011696244483363441,0.008704422942654482,0.9201493952110541,0.4461564597912289,0.0,-0.004816167311221064,-0.07639278934000115,-0.008493516581836988,-0.007062856821572001,0.0,0.0
openvla,distractor_swap,episode_000004,grasp_close,32,32,,0.9980392156862745,0.9980392156862745,1.0,1,1,1,0.0001654444506790885,0.0,0.0,0.0001654444506790885,0.0001654444506790885,0.016854468074750977,0.0,0.007581194489830667,0.0002573238228125581,0.0019607843137254832,0.00783488357076081,0.00758556032488212,0.7730485382186897,0.06263175102574975,0.0077466374045291435,0.0002573238228125581,0.0019607843137254832,0.007995078595735554,0.007750910051538264,0.7898874262378285,0.060147028025330444,0.0,0.0,0.016854468074750977,0.0,0.0,0.0,0.0
oft,distractor_swap,episode_000004,grasp_close,32,32,2,0.9921875,0.9921875,1.0,1,1,1,0.0008035482538346142,0.0,0.0,0.0008035482538346142,0.0008035482538346142,0.08488087704444605,0.0,0.011553559883454769,0.00011893007683013642,0.0078125,0.013947546257093045,0.011554171988669296,1.2206834915539735,0.31375050958283457,0.010750013387225168,0.00011893007683013642,0.0078125,0.0132895480900855,0.01075067124363382,1.1358215671702712,0.3455887804145766,0.0,0.0,-0.08488087704444605,0.0,0.0,0.0,0.0
openvla,distractor_swap,episode_000004,grasp_close,33,33,,0.9980392156862745,0.9980392156862745,1.0,1,1,1,0.0001654444506790885,0.0,0.0,0.0001654444506790885,0.0001654444506790885,0.016854468074750977,0.0,0.007581194489830667,0.0002573238228125581,0.0019607843137254832,0.00783488357076081,0.00758556032488212,0.7730485382186897,0.06263175102574975,0.0077466374045291435,0.0002573238228125581,0.0019607843137254832,0.007995078595735554,0.007750910051538264,0.7898874262378285,0.060147028025330444,0.0,0.0,0.016854468074750977,0.0,0.0,0.0,0.0
oft,distractor_swap,episode_000004,grasp_close,33,33,3,0.9921875,0.9921875,1.0,1,1,1,0.0007232577564765939,5.618733745656884e-05,0.0,0.0007254369712070197,0.0007254369712070197,0.07693053479451073,0.0,0.011714263276066974,8.906734797224952e-05,0.0078125,0.014080733409289666,0.011714601875159316,1.2375926226421492,0.3078431601253494,0.010991085751652259,0.00011893007683013642,0.0078125,0.013485298165533758,0.010991729179858287,1.1612887066315891,0.33562859434233544,0.0,0.0032107782074814795,-0.07639278934000152,0.008493516581836988,0.0,0.0,0.0
openvla,distractor_swap,episode_000004,grasp_close,34,34,,0.9980392156862745,0.9980392156862745,1.0,1,1,1,0.0001654444506790885,0.0,0.0,0.0001654444506790885,0.0001654444506790885,0.016854468074750977,0.0,0.007581194489830667,0.0002573238228125581,0.0019607843137254832,0.00783488357076081,0.00758556032488212,0.7730485382186897,0.06263175102574975,0.0077466374045291435,0.0002573238228125581,0.0019607843137254832,0.007995078595735554,0.007750910051538264,0.7898874262378285,0.060147028025330444,0.0,0.0,0.016854468074750977,0.0,0.0,0.0,0.0
oft,distractor_swap,episode_000004,grasp_close,34,34,4,0.9921875,0.9921875,1.0,1,1,1,0.000602680489332883,5.618733745656884e-05,0.0,0.0006052939691695116,0.0006052939691695116,0.06424481650302347,0.0,0.010991085751652259,8.906734797224952e-05,0.0078125,0.0134850678619964,0.010991446628749471,1.161227594581813,0.33564005844668515,0.010388437656460234,0.00011893007683013642,0.0078125,0.012998805235687465,0.010389118408476046,1.0976557380240524,0.3612211636828901,0.0,0.0016053891037401623,-0.06366065778333435,0.008493516581836988,0.0,0.0,0.0
openvla,distractor_swap,episode_000004,grasp_close,35,35,,0.9980392156862745,0.9980392156862745,1.0,1,1,1,0.008603111435312727,8.740472544931555e-05,0.0,0.00860355542519716,0.00860355542519716,0.8765279753076066,0.0,0.0008571807279273367,0.000270222295856813,0.0019607843137254832,0.002156954801209353,0.0008987652026576049,0.09429698058391824,0.8263757391265889,0.0077466374045291435,0.0002573238228125581,0.0019607843137254832,0.007995078595735554,0.007750910051538264,0.7898874262378285,0.060147028025330444,0.0,0.0,0.8764323398870636,0.0,0.012947783475902265,0.0,0.0
oft,distractor_swap,episode_000004,grasp_close,35,35,0,0.98828125,0.98828125,1.0,1,1,1,0.00019269172756245735,0.00012800905820651177,0.0,0.00023133616417223314,0.00023133616417223314,0.030088570663939558,0.0,0.0028080520903893346,0.0007578399288754792,0.01171875,0.012074294160017715,0.0029085181622499627,0.32302272157043177,0.9419743444149143,0.002997684674441823,0.0006342709433430337,0.01171875,0.012112700549400725,0.0030640517353583705,0.3340818126601493,0.9360102775555901,-0.005174690279289734,-0.004816167311221064,0.020159208298055762,0.0,-0.021188570464715967,0.0,0.0
openvla,distractor_swap,episode_000004,grasp_close,36,36,,0.9980392156862745,0.9980392156862745,1.0,1,1,1,0.0024816667601863657,0.0,0.0,0.0024816667601863657,0.0024816667601863657,0.2528170211212686,0.0,0.009398667322557928,0.0002573238228125581,0.0019607843137254832,0.009604469694619113,0.009402189265798952,0.9580618622377651,0.04167857546228632,0.0069555837153224345,0.0002573238228125581,0.0019607843137254832,0.007231254074888907,0.006960341972248599,0.7093800872735742,0.0735245551845232,0.0,0.0,-0.2528170211212686,0.0,0.0,0.0,0.0
oft,distractor_swap,episode_000004,grasp_close,36,36,1,0.9921875,0.9921875,1.0,1,1,1,0.0006428566958748845,0.00015582164614506773,0.0,0.0006614719320111265,0.0006614719320111265,0.06926616986505978,0.0,0.008554475437185897,0.0003167288941913634,0.0078125,0.011589414284071156,0.008560336862403988,0.9052014538137197,0.454419631498048,0.007950193018745394,0.00024222052411542553,0.0078125,0.011148963901081155,0.00795388205957385,0.8409455651502806,0.49103340950104746,0.0,-0.0016053891037407398,-0.06790470163555662,-0.008493516581836988,-0.007062856821572001,-0.007883700842813078,0.0
openvla,distractor_swap,episode_000004,lift,37,37,,0.9980392156862745,0.9980392156862745,1.0,1,1,1,0.0001654444506790885,0.0,0.0,0.0001654444506790885,0.0001654444506790885,0.016854468074750977,0.0,0.005178457368526283,0.0002573238228125581,0.0019607843137254832,0.005543222112849433,0.005184846793052909,0.5286072100997344,0.12512240579255426,0.004828745017111179,0.0002573238228125581,0.0019607843137254832,0.005218013905214783,0.004835596549554452,0.49305708523448916,0.14120471013186175,0.0,0.0,0.016854468074750977,0.0,0.0,0.0,0.0
oft,distractor_swap,episode_000004,lift,37,37,2,0.9921875,0.9921875,1.0,1,1,1,0.0008839162377105367,4.266968606883733e-05,0.0,0.0008849455448769507,0.0008849455448769507,0.09364947836980199,0.0,0.0011258247826731898,0.00011893007683013642,0.0078125,0.007894097925314581,0.0011320891327346787,0.12147384079834996,0.979433697276987,0.0018254106754495962,9.788292771376929e-05,0.0078125,0.0080235192684746,0.001828033151117115,0.19413176612816505,0.9480915172589391,0.0,0.0016053891037407398,-0.09336896474889059,0.0,0.007062856821572001,0.0,0.0
openvla,distractor_swap,episode_000004,lift,38,38,,0.9980392156862745,0.9980392156862745,1.0,1,1,1,0.0001654444506790885,0.0,0.0,0.0001654444506790885,0.0001654444506790885,0.016854468074750977,0.0,0.005227870992576778,0.0002573238228125581,0.0019607843137254832,0.005589411935952161,0.005234200097895816,0.5336311903914417,0.12306297556733055,0.0046381505895518186,0.0002573238228125581,0.0019607843137254832,0.005042155448426662,0.004645283246600443,0.47368698070884196,0.15122625116838287,0.0,0.0,0.016854468074750977,0.0,0.0,0.0,0.0
oft,distractor_swap,episode_000004,lift,38,38,3,0.9921875,0.9921875,1.0,1,1,1,0.0006428386030676927,0.0,0.0,0.0006428386030676927,0.0006428386030676927,0.067904701635557,0.0,0.0010145562248775092,0.00011893007683013642,0.0078125,0.007878998981254695,0.0010215031554589174,0.10999308728301374,0.983191175746726,0.001233058149784712,0.00011893007683013642,0.0078125,0.007910103223974091,0.0012387803533820349,0.1325834911654861,0.9754741359758753,0.0,0.0,-0.067904701635557,0.0,0.0,0.0,0.0
openvla,distractor_swap,episode_000004,lift,39,39,,0.9980392156862745,0.9980392156862745,1.0,1,1,1,0.0013235556054327288,0.0,0.0,0.0013235556054327288,0.0013235556054327288,0.13483574459800995,0.0,0.0025963482789102357,0.0002573238228125581,0.0019607843137254832,0.0032637271730552057,0.002609068786978797,0.2666033575110253,0.36093745615183026,0.003993543994404581,0.0002573238228125581,0.0019607843137254832,0.004456375692194687,0.004001825731467047,0.40820837116923564,0.19359585496336917,0.0,0.0,-0.13483574459800995,0.0,0.0,0.0,0.0
oft,distractor_swap,episode_000004,lift,39,39,4,0.9921875,0.9921875,1.0,1,1,1,0.0006429109712414624,4.266968606883733e-05,0.0,0.0006443253984221432,0.0006443253984221432,0.06834648160215438,0.0,0.0016727722204779153,8.906734797224952e-05,0.0078125,0.007990072349114082,0.0016751417534278778,0.17802730052710805,0.9560456660228521,0.00238936311238297,5.804908989645412e-05,0.0078125,0.008169919340461951,0.0023900681537676366,0.25316144694107673,0.914417487406265,0.0,0.0032107782074809023,-0.06790470163555662,0.0,0.007062856821572001,0.0,0.0
openvla,distractor_swap,episode_000004,lift,40,40,,0.9980392156862745,0.9980392156862745,1.0,1,1,1,0.0,0.00011358740788824928,0.0,0.00011358740788824928,0.00011358740788824928,0.015126828427152057,0.0,0.002565923461757056,0.00015829896055952945,0.0019607843137254832,0.003233217731217843,0.002570801776199313,0.2621400350888071,0.3677813851562449,0.00274553790381563,0.0002573238228125581,0.0019607843137254832,0.0033836177467360447,0.0027575702948565415,0.2816884233179161,0.3358126559171305,0.0,0.0,0.0,0.015126828427152057,0.0,0.0,0.0
oft,distractor_swap,episode_000004,lift,40,40,0,0.98828125,0.98828125,1.0,1,1,1,0.0030535690142552245,0.00025601811641302375,0.0,0.0030642827873339786,0.0030642827873339786,0.3253643475295685,0.0,0.00433424596969433,0.00014673294270223214,0.01171875,0.012495451982412866,0.004336729030304475,0.4591385854843961,0.8795461641929294,0.007567434970481857,0.0003975097136941676,0.01171875,0.013955399942941548,0.007577868170201495,0.8025113734890011,0.7051443074067064,0.005174690279289734,0.0016053891037401623,-0.3225473327688944,0.0,0.04237714092943197,0.0,0.0
openvla,distractor_swap,episode_000004,lift,41,41,,0.9980392156862745,0.9980392156862745,1.0,1,1,1,0.0029780001122236346,8.740472544931555e-05,0.0,0.0029792825066506956,0.0029792825066506956,0.3036565948234429,0.0,0.0026173667197836887,0.0002573238228125581,0.0019607843137254832,0.003280472408140329,0.002629985569469554,0.268727829122736,0.35726203627864705,0.005347361685633085,0.00027329504652911504,0.0019607843137254832,0.00570207350920575,0.0053543409659298,0.5459511475688787,0.11824805996691676,0.0,0.0,-0.30338042534552184,0.0,0.012947783475902265,0.0,0.0
oft,distractor_swap,episode_000004,lift,41,41,1,0.98828125,0.98828125,1.0,1,1,1,0.0014463948982407502,0.00024113402972654365,0.0,0.0014663573309221158,0.0014663573309221158,0.15773924142239304,0.0,0.0031803891023452118,8.906734797224952e-05,0.01171875,0.012142977781305993,0.0031816360311624258,0.3372318473411674,0.9313484113147945,0.004378860955852835,0.0002006672161938715,0.01171875,0.012511746167695674,0.004383456467486293,0.4643781321758298,0.8772567705392399,0.0,0.0016053891037401623,-0.1527855786800023,0.016987033163673976,0.03531428410786001,0.0,0.0
openvla,distractor_swap,episode_000004,lift,42,42,,0.9980392156862745,0.9980392156862745,1.0,1,1,1,0.002978000112223638,8.740472544931555e-05,0.0,0.002979282506650699,0.002979282506650699,0.3036565948234433,0.0,0.004545739165964661,0.000270222295856813,0.0019607843137254832,0.004957967303151074,0.004553763789895478,0.4644573844123071,0.15640561169319395,0.001606486922953253,0.0002573238228125581,0.0019607843137254832,0.0025478796887527075,0.001626965206575322,0.16703696728058842,0.5922455611682889,0.0,0.0,0.30338042534552223,0.0,0.012947783475902265,0.0,0.0
oft,distractor_swap,episode_000004,lift,42,42,2,0.98828125,0.98828125,1.0,1,1,1,0.00036162887823829693,7.055295174315157e-05,0.0,0.000368446963042933,0.000368446963042933,0.03979403988499833,0.0,0.0030431704801723455,0.00011893007683013642,0.01171875,0.012108019346576352,0.0030454935453169503,0.32301430993781,0.9367341781122523,0.003443231448501555,0.00014868245363440852,0.01171875,0.01221503380439321,0.0034464400879703197,0.36527636216583526,0.920392841940764,0.0,-0.0016053891037407398,-0.03819639467000076,0.008493516581836988,0.007062856821572001,0.0,0.0
openvla,distractor_swap,episode_000004,lift,43,43,,0.9980392156862745,0.9980392156862745,1.0,1,1,1,0.0004963333520372724,8.740472544931555e-05,0.0,0.0005039706165794046,0.0005039706165794046,0.05219485552891318,0.0,0.00450303066862669,0.000270222295856813,0.0019607843137254832,0.00491883933633968,0.00451113126518955,0.46011941451417865,0.15890383289149645,0.005061007254663214,0.0002573238228125581,0.0019607843137254832,0.005433662218659941,0.005067544768577833,0.5166666056248594,0.13021900525220068,0.0,0.0,-0.05056340422425364,0.0,0.012947783475902265,0.0,0.0
oft,distractor_swap,episode_000004,lift,43,43,3,0.98828125,0.9921875,1.0,1,1,1,0.00024209891971891374,0.00015582164614506697,0.00390625,0.003916845840065246,0.0002879101810225257,0.03038924823985636,0.9945969238620411,0.0029602046817723397,0.00021108108453903116,0.01171875,0.012088691763161845,0.0029677208396742863,0.3143904784807538,0.9397319021737491,0.003262948073538724,0.00014868245363440852,0.0078125,0.00846782692623254,0.003266333816778196,0.34585509287942856,0.851208819773282,0.005174690279289734,0.0,-0.02546426311333396,0.008493516581836988,0.007062856821572001,0.00788370084281303,0.008007732750597994
openvla,distractor_swap,episode_000004,lift,44,44,,0.9980392156862745,0.9980392156862745,1.0,1,1,1,0.0004963333520372724,0.0005746234130281798,0.0,0.0007593015627171519,0.0007593015627171519,0.09189573657301213,0.0,0.004536635465487722,0.000270222295856813,0.0019607843137254832,0.004949621860390048,0.004544676164029636,0.4635326868029508,0.15693348008917712,0.005079998352054612,0.0003441984747774023,0.0019607843137254832,0.005456146164818954,0.0050916456914161514,0.5194900490809035,0.12914799123254683,0.0,0.0,-0.05056340422425364,-0.07563414213575982,0.012947783475902265,0.0,0.0
oft,distractor_swap,episode_000004,lift,44,44,4,0.98828125,0.98828125,1.0,1,1,1,0.0010446127299849964,5.618733745656884e-05,0.0,0.0010461227330180553,0.0010461227330180553,0.11067154006503196,0.0,0.0033554253627751103,5.804908989645412e-05,0.01171875,0.012189805192228967,0.0033559274518368673,0.35544002422742266,0.9242065637423722,0.004447045328546905,9.788292771376929e-05,0.01171875,0.012534548048660896,0.004448122437803244,0.4706569969319015,0.87406799814323,0.0,0.0,-0.11034514015777964,0.008493516581836988,0.0,0.0,0.0
openvla,distractor_swap,episode_000004,lift,45,45,,0.9980392156862745,0.9980392156862745,1.0,1,1,1,0.0004963333520372724,0.0005746234130281798,0.0,0.0007593015627171519,0.0007593015627171519,0.09189573657301213,0.0,0.008242966518566583,0.000270222295856813,0.0019607843137254832,0.008477275048052867,0.00824739456527865,0.8404966715757322,0.05349917678186566,0.0077466374045291435,0.0003441984747774023,0.0019607843137254832,0.007998346003533545,0.007754280344899139,0.7904738665396517,0.06009789668565609,0.0,0.0,-0.05056340422425364,-0.07563414213575982,0.012947783475902265,0.0,0.0
oft,distractor_swap,episode_000004,lift,45,45,0,0.984375,0.984375,1.0,1,1,1,0.00030466803328068297,0.00014533880595663486,0.0,0.0003375588526761218,0.0003375588526761218,0.035141051135864215,0.0,0.004402775639344556,0.00034623008570004596,0.015625,0.01623714671987199,0.004416368259401578,0.46958967002707525,0.9260205446160954,0.004100864624185124,0.0003012544881190284,0.015625,0.016156994458515633,0.004111914995778105,0.43709895795272535,0.935231013087813,-0.010349380558579467,-0.0016053891037407398,-0.03183032889166736,0.0,-0.007062856821572001,-0.007883700842813078,0.0
openvla,distractor_swap,episode_000005,hold,0,0,,0.0019607843137254832,0.0019607843137254832,0.0,0,0,0,0.0,0.021587965322819237,0.0,0.021587965322819237,0.021587965322819237,2.878722081284767,0.0,0.0008571807279273367,0.028208119604127932,0.0019607843137254832,0.028289175412621492,0.028221140487250274,3.7662557280751368,0.0048041777841490805,0.0008571807279273367,0.006675529433482923,0.0019607843137254832,0.007010144587851151,0.00673033818003426,0.8997612169764716,0.07823583040671285,0.0,0.0,0.0,2.8589705727317023,-0.3366423703734601,0.0,0.0
oft,distractor_swap,episode_000005,hold,0,0,0,0.04150390625,0.0272216796875,0.0,0,0,0,0.0005961242689779471,0.0029455567192253266,0.0142822265625,0.014594987636610678,0.0030052734534877124,0.285596788846295,0.9576005202865554,0.004509421230655403,0.013052745143357847,0.04150390625,0.04374109360340373,0.013809744226919541,1.4628570884807532,0.9003236799061948,0.005073623764830269,0.01598623818804912,0.0272216796875,0.03197375978080996,0.016772044285420024,1.7409349037839963,0.724840453273824,0.05692159307218747,-0.1348526847142028,-0.03819639467000076,-0.11041571556388188,0.1483199932530119,0.1537321664348544,-0.029278272869373914
openvla,distractor_swap,episode_000005,hold,1,1,,0.0019607843137254832,0.0019607843137254832,0.0,0,0,0,0.00033088890135818047,0.02166091862802673,0.0,0.0216634457848939,0.0216634457848939,2.890919324140433,0.0,0.0007329264618896091,0.03246643938285107,0.0019607843137254832,0.03253385225459526,0.03247471119808275,4.3350463213044765,0.0036323581859821845,0.0002945931882407264,0.018387761806625155,0.0019607843137254832,0.018494357099631566,0.0183901215168291,2.4035815626283266,0.01124038456312364,0.0,0.0,0.03370893614950231,2.8589705727317023,0.42727685470477617,0.0,0.0
oft,distractor_swap,episode_000005,hold,1,1,1,0.0888671875,0.048095703125,0.0,0,0,0,0.0005723737618971681,0.003125921186254625,0.040771484375,0.040895145593662495,0.003177891594435505,0.3242134093945859,0.9939614225733701,0.0019907723629927856,0.012842186468148685,0.0888671875,0.08981237076285267,0.012995573395735836,1.4132547206014017,0.9790628014441646,0.0021503048686991864,0.02065352983877872,0.048095703125,0.05238691406179418,0.020765165682692596,2.304970054650794,0.8428822798935384,0.09314442502721561,-0.109166459054355,-0.025464263113333597,-0.14438978189123036,0.17657142053930006,0.15767401685626098,-0.08358071058436656
openvla,distractor_swap,episode_000005,alignment,2,2,,0.0019607843137254832,0.0019607843137254832,0.0,0,0,0,0.0008317199973006908,0.021587965322819237,0.0,0.021603981228772526,0.021603981228772526,2.8800201047658125,0.0,0.022188329340837754,0.4998878598052899,0.0019607843137254832,0.5003838916419828,0.5003800499017228,64.47639083728187,1.5355112650471438e-05,0.02262305276479417,0.48763067037391444,0.0019607843137254832,0.4881591112340697,0.488155173285823,62.89236320424058,1.613380667280999e-05,-0.019317226165034992,0.0,0.08427234037375596,2.8589705727317023,-0.3366423703734601,0.0,0.0
oft,distractor_swap,episode_000005,alignment,2,2,2,0.1357421875,0.0673828125,0.0,0,0,0,0.00029625921323566496,0.001638324586420825,0.068359375,0.06837964629451167,0.0016648954837760784,0.2192596095355765,0.999407183544362,0.022350376986522244,0.49576143432954595,0.1357421875,0.5144947818853107,0.49626498881134895,71.15862786487595,0.06960937564282756,0.021724295287208005,0.4889344761922648,0.0673828125,0.4940337138652992,0.4894168642528884,70.04101119153101,0.018603090295571206,0.028460796536093735,-0.051372451319696165,-0.02334224118722283,-0.11041571556388188,0.07769142503729197,0.07883700842813049,-0.1401353231354649
openvla,distractor_swap,episode_000005,alignment,3,3,,0.0019607843137254832,0.0019607843137254832,0.0,0,0,0,0.0008272222533954529,0.06852593848962317,0.0,0.0685309312831814,0.0685309312831814,4.397755704599879,0.0,0.022207613257256464,0.5573367596303542,0.0019607843137254832,0.5577824722927138,0.5577790258891483,64.77201862944032,1.2357480163045928e-05,0.022986636641296705,0.50886508101199,0.0019607843137254832,0.5093877705761526,0.5093839967425539,62.546710635402036,1.4817079786262995e-05,0.0,0.0,0.08427234037375596,2.8589705727317023,0.42727685470477617,-3.3131367559574816,0.0
oft,distractor_swap,episode_000005,alignment,3,3,3,0.3203125,0.1513671875,0.0,0,0,0,0.0008341108321775797,0.0029257155012726945,0.1689453125,0.168972702433847,0.003042293883690941,0.4445947969924753,0.9996758326813476,0.023179575035345262,0.5097210606857693,0.3203125,0.6024557660622851,0.5102478342976527,69.70014145125027,0.2826815366531943,0.022364470944257777,0.5111058964454395,0.1513671875,0.5335179775729896,0.5115949637573779,69.67306907713873,0.08049434426671855,0.0620962833514768,-0.06742634235710183,-0.08063683319222378,-0.12740274872755586,0.15538285007458402,0.14979031601344794,-0.34633444146336323
openvla,distractor_swap,episode_000005,alignment,4,4,,0.0019607843137254832,0.0019607843137254832,0.0,0,0,0,0.0,0.06972571217123476,0.0,0.06972571217123476,0.06972571217123476,4.793022402902473,0.0,0.02313269972522723,0.565542680691264,0.0019607843137254832,0.5660189839176452,0.5660155876652502,63.79848169032482,1.2000453349858886e-05,0.0230343882322326,0.5051414527262308,0.0019607843137254832,0.5056701642164831,0.5056663626380541,59.81011891925276,1.5035746255452557e-05,0.0,0.0,0.0,2.8589705727317023,1.9551153048612486,-3.3131367559574816,0.0
oft,distractor_swap,episode_000005,alignment,4,4,4,0.47265625,0.193359375,0.0,0,0,0,0.0011177295287317936,0.003346552148134653,0.279296875,0.27931915995030704,0.003528275865005975,0.6547827822597632,0.9998404401521921,0.023209375233755478,0.5196123974081185,0.47265625,0.7028084015597823,0.5201304823204977,69.2133842582411,0.45228993254398847,0.022013476350097413,0.5189141901063093,0.193359375,0.554206078760504,0.5193809101562199,68.85754618660972,0.12172727424181248,0.04139752223431787,-0.09632334622443053,-0.11246716208389078,-0.1358962653093934,0.16950856371772788,0.17344141854188705,-0.5725528916677566
openvla,distractor_swap,episode_000005,alignment,5,5,,0.0019607843137254832,0.0019607843137254832,0.0,0,0,0,0.000667391457515984,0.006112487398269811,0.0,0.006148813995525686,0.006148813995525686,0.8233876081211103,0.0,0.022377100042821688,0.5204608681950984,0.0019607843137254832,0.5209453854329137,0.5209416953256113,62.92239910387264,1.4166913984270817e-05,0.022947600397091518,0.5157705568138581,0.0019607843137254832,0.5162845187638175,0.5162807953430592,62.226686551923386,1.4423858149944543e-05,-0.019317226165034992,0.0,0.06741787229900498,0.7865950782118969,0.2330601025662416,0.0,0.0
oft,distractor_swap,episode_000005,alignment,5,5,0,0.07080078125,0.053466796875,0.0,0,0,0,0.0008811285705321838,0.0034220934769857107,0.017333984375,0.017690509479259788,0.0035337107016613907,0.3120534305184681,0.9600992276498413,0.020219308245259842,0.5179747623940284,0.07080078125,0.5231820195005533,0.5183692457149315,68.89516269129395,0.018313463196586936,0.01930474948530834,0.5178492271652663,0.053466796875,0.5209598773383863,0.5182089302861868,68.59192621279912,0.01053318666162578,0.09831911530650535,-0.08990178980946872,-0.07639278934000152,-0.0849351658183704,0.18010284895008608,0.18132511938470017,-0.035534314080778596
openvla,distractor_swap,episode_000005,alignment,6,6,,0.0019607843137254832,0.0019607843137254832,0.0,0,0,0,0.0013263713424488627,0.019764402239806272,0.0,0.01980885803964804,0.01980885803964804,2.6356221666317503,0.0,0.02162107607367316,0.5080289036721175,0.0019607843137254832,0.5084925590134061,0.5084887785358466,63.42882676471143,1.486929725555729e-05,0.023613538638537823,0.5163578692032379,0.0019607843137254832,0.516901241022177,0.5168975220439171,64.37816951701514,1.4389460060002866e-05,-0.019317226165034992,0.0,0.1348357445980096,2.6320681463244244,-0.012947783475902362,0.0,0.0
oft,distractor_swap,episode_000005,alignment,6,6,1,0.10986328125,0.08740234375,0.0,0,0,0,0.00026919985508469605,0.0007685202119665089,0.0224609375,0.02247569365463689,0.0008143045365087125,0.1007288950510603,0.9986873543595216,0.021818710632496036,0.5028543609917161,0.10986328125,0.5151781294553063,0.5033274922970646,69.70103463087788,0.04547684168552019,0.022481450143657104,0.5182031892247274,0.08740234375,0.5260029758625264,0.5186906215878984,71.93037590695059,0.027610212869972613,0.062096283351477204,-0.003210778207481191,0.002122021926111133,-0.04246758290918546,-0.028251427286288003,-0.039418504214065245,-0.046044463315938464
openvla,distractor_swap,episode_000005,alignment,7,7,,0.0019607843137254832,0.0019607843137254832,0.0,0,0,0,0.0005610827642184627,0.01262989358319236,0.0,0.012642350485217002,0.012642350485217002,1.8669258264819337,0.0,0.022279290902442295,0.497817276037701,0.0019607843137254832,0.4983194274758282,0.4983155698196799,64.20268901998175,1.548260414475846e-05,0.02199972462837068,0.47334808132877065,0.0019607843137254832,0.4738631011763604,0.47385904442286697,60.60993239253545,1.7121975179614104e-05,0.0,-0.10064491120896601,0.05056340422425364,0.30253656854303723,1.8385852535781282,0.028317408170576847,0.0
oft,distractor_swap,episode_000005,alignment,7,7,2,0.2158203125,0.1337890625,0.0,0,0,0,0.00047709240923522414,0.0003477576979641935,0.08203125,0.08203337448347436,0.0005903834207049058,0.19054342931001028,0.9999482050816993,0.02316611622256344,0.48908955781568203,0.2158203125,0.5350922086825544,0.48963789120652895,71.22439968227198,0.16267745868147643,0.021996146191820228,0.47489356357946205,0.1337890625,0.4938696593445698,0.4754027000096786,69.16791875190212,0.0733865596352296,0.04139752223431787,-0.03852933848977256,-0.045092965929862124,-0.05096109949102245,-0.014125713643144001,0.0,-0.16816238776255787
openvla,distractor_swap,episode_000005,alignment,8,8,,0.0019607843137254832,0.0019607843137254832,0.0,0,0,0,0.0001654444506790885,0.013911546570043416,0.0,0.013912530317549975,0.013912530317549975,1.0083422808719207,0.0,0.022539532438960383,0.47926797560095374,0.0019607843137254832,0.4798016961561602,0.47979768961428243,64.91323278132325,1.6700754422958935e-05,0.02256509971176083,0.4766361496623245,0.0019607843137254832,0.4771740223074308,0.47716999370237806,63.93036403209636,1.6885194324894092e-05,0.0,0.0,0.016854468074750977,0.5445658233774674,0.5438069059878969,0.6513003879232654,0.0
oft,distractor_swap,episode_000005,alignment,8,8,3,0.330078125,0.23046875,0.0,0,0,0,0.00045587071237334124,0.0012018130606345457,0.099609375,0.09961766791402886,0.0012853687171825647,0.2527070680884271,0.9998335120863467,0.023558550084224257,0.473340394706867,0.330078125,0.5775445464609974,0.47392629653071955,71.73502401237354,0.32663484481290134,0.022997069627957997,0.4714816151596073,0.23046875,0.5252995558455648,0.47204213651430016,71.37119963738952,0.19249082128028777,0.043984867373962934,-0.061004785942139456,-0.039257405633056325,-0.09342868240020791,0.056502854572576006,0.0551859058996913,-0.20419718514024884
openvla,distractor_swap,episode_000005,alignment,9,8,,0.0019607843137254832,0.0019607843137254832,0.0,0,0,0,0.00017790744295253637,0.015610717144952855,0.0,0.015611730872583697,0.015611730872583697,1.3809572950496471,0.0,0.021917317320984363,0.43884487379655085,0.0019607843137254832,0.43939621838516585,0.43939184341093473,60.475630439789235,1.9913473387785986e-05,0.02256509971176083,0.4766361496623245,0.0019607843137254832,0.4771740223074308,0.47716999370237806,63.93036403209636,1.6885194324894092e-05,0.0,0.02516122780224117,0.016854468074750977,-1.089131646754934,0.5438069059878969,0.6513003879232654,0.0
oft,distractor_swap,episode_000005,alignment,9,8,4,0.47265625,0.23046875,0.0,0,0,0,0.0008920258949665068,0.0013940446061633984,0.2421875,0.242193154789336,0.0016550137646751044,0.5327679687099901,0.9999533040202877,0.023378409991543853,0.4391016983059799,0.47265625,0.6455701218093903,0.43972360808686234,67.92595704522691,0.5360483524846897,0.022997069627957997,0.4714816151596073,0.23046875,0.5252995558455648,0.47204213651430016,71.37119963738952,0.19249082128028777,0.028460796536093735,-0.08990178980946872,-0.08885966815590433,-0.11890923214571887,0.04943999775100404,0.06306960674250443,-0.4964794305370756
openvla,distractor_swap,episode_000005,alignment,10,9,,0.0019607843137254832,0.0019607843137254832,0.0,0,0,0,0.016710017561792703,0.002231854577920852,0.0,0.016858406264306444,0.016858406264306444,1.7340421104235777,0.0,0.009322710819218089,0.4247075973103955,0.0019607843137254832,0.4248144310464426,0.42480990589931844,58.117492038584466,2.130399860456411e-05,0.0456620489805512,0.8556039963741848,0.0019607843137254832,0.8568238243674736,0.8568215808023152,118.24702222547461,5.236927726048448e-06,0.0,0.02516122780224117,1.7023012755498736,0.06050731370860777,0.3236945868975576,0.0,0.0
oft,distractor_swap,episode_000005,alignment,10,9,0,0.11767578125,0.3359375,0.0,0,0,0,0.001704395502849931,0.009389177104959397,0.21826171875,0.21847022561997442,0.009542620747909288,0.9404107360717737,0.9980921210619347,0.021046233636656753,0.42676988216065825,0.11767578125,0.4431964189414313,0.4272885164262092,65.64858213174614,0.07049879523589507,0.04614551984850375,0.8590588042164344,0.3359375,0.9235612822168916,0.8602972963481048,133.64444381712883,0.1323078267277709,-0.1500660180994031,-0.14287963023290565,0.16021265542139163,0.16987033163674184,-0.5897485446012619,-0.488789452254409,0.4474320674396629
openvla,distractor_swap,episode_000005,alignment,11,10,,0.0019607843137254832,0.0019607843137254832,0.0,0,0,0,0.00017790744295253637,0.000451543740962632,0.0,0.0004853275267903506,0.0004853275267903506,0.0730555188903261,0.0,0.023814195715449897,0.42678206137582453,0.0019607843137254832,0.42745045152028643,0.4274459542793355,57.38954250110511,2.1042051900990964e-05,0.02274356185088173,0.41117911381314387,0.0019607843137254832,0.41181230908868205,0.4118076410678015,55.313736379009924,2.267049488697723e-05,0.0,0.02516122780224117,-0.016854468074750977,-0.015126828427151595,0.06473891737951168,0.0,0.0
oft,distractor_swap,episode_000005,alignment,11,10,1,0.1796875,0.1142578125,0.0,0,0,0,0.00367831792075136,0.017668926658218575,0.0654296875,0.06787315373789024,0.01804774201886839,1.566408771644753,0.9292950710318636,0.023475404119059927,0.427648492680161,0.1796875,0.4644587447195035,0.42829233928494087,65.11007660225116,0.1496723041687419,0.019266658415854582,0.4152563113115111,0.1142578125,0.43111930590944425,0.41570302886863336,63.039911389864045,0.07023876510101844,0.5802121475653641,0.004816167311221064,-0.284350938098894,-0.5690656109830845,0.9124328156368329,0.9283057742412364,-0.1341295235725164
openvla,distractor_swap,episode_000005,alignment,12,11,,0.0019607843137254832,0.0019607843137254832,0.0,0,0,0,0.0008298047050421295,0.0005365884795092992,0.0,0.0009881816861550092,0.0009881816861550092,0.11831719724811567,0.0,0.02134136609811739,0.39010063954018664,0.0019607843137254832,0.3906888884415853,0.39068396803119076,52.04473433809752,2.518822293519345e-05,0.023160925668336597,0.40785631664259103,0.0019607843137254832,0.4085181124236729,0.4085134067605073,54.41262664545302,2.3037588398391472e-05,0.0,0.02516122780224117,0.08427234037375596,-0.015126828427151595,-0.07768670085541396,0.0,0.0
oft,distractor_swap,episode_000005,alignment,12,11,2,0.169921875,0.1142578125,0.0,0,0,0,0.0025015823715569246,0.013732908978772456,0.0556640625,0.057387616759932106,0.013958893343705063,1.2183784149649808,0.9408349005163745,0.021905789726743615,0.39157495918534957,0.169921875,0.42741578806599567,0.39218721586069133,59.28050611955659,0.15805107814657718,0.020644111452096357,0.41214697831308394,0.1142578125,0.42818939593074634,0.41266367791489994,62.34539878194064,0.0712032791066716,0.37775239038815256,-0.1252203500917598,-0.1962870281652809,-0.37371472960083113,0.7875085356052781,0.7174167766959875,-0.1141101916960214
openvla,distractor_swap,episode_000005,alignment,13,12,,0.0019607843137254832,0.0019607843137254832,0.0,0,0,0,0.0004963333520372724,0.0,0.0,0.0004963333520372724,0.0004963333520372724,0.05056340422425364,0.0,0.022038759248965888,0.4146987974686195,0.0019607843137254832,0.4152886275908334,0.4152839986456894,56.07832767203462,2.2292540843057984e-05,0.02212186469355884,0.40816515291679517,0.0019607843137254832,0.40876890002571853,0.4087641972496013,55.18107194206267,2.300932906048973e-05,0.0,0.0,0.05056340422425364,0.0,0.0,0.0,0.0
oft,distractor_swap,episode_000005,alignment,13,12,3,0.2236328125,0.09814453125,0.0,0,0,0,0.003739180538701996,0.017665988522335183,0.12548828125,0.12678082407308838,0.01805737028396677,1.606713369836651,0.9797137456292906,0.023527476005544334,0.41691589842443627,0.2236328125,0.47369192869723514,0.41757922420331967,63.83187904242298,0.22288409678453952,0.019859170058203274,0.41655504159390044,0.09814453125,0.42842133271696337,0.4170281636924499,63.66212346958138,0.05247954179524524,0.6093197803863695,-0.13003651740298144,-0.27745436683903263,-0.535091544655736,0.9517199567068272,0.9263348490305331,-0.25724841461296055
openvla,distractor_swap,episode_000005,alignment,14,13,,0.0019607843137254832,0.0019607843137254832,0.0,0,0,0,0.0,0.0,0.0,0.0,0.0,0.0,0.0,0.022334604778619253,0.4174990494823508,0.0019607843137254832,0.41810062851472546,0.4180960307026168,57.66192473215535,2.199368531984219e-05,0.02262326346862042,0.4223623482569109,0.0019607843137254832,0.422972351283376,0.4229678064286485,58.320315149308044,2.1489964043175503e-05,0.0,0.0,0.0,0.0,0.0,0.0,0.0
oft,distractor_swap,episode_000005,alignment,14,13,4,0.474609375,0.12158203125,0.0,0,0,0,0.004233967835667562,0.020694642797222808,0.35302734375,0.353658734035113,0.021123321806432654,2.0493060705715025,0.9964325684006751,0.023537131313537216,0.41926707328182794,0.474609375,0.6337136057610496,0.41992722618184736,65.28265817271574,0.5609014494434325,0.020168747057196963,0.4347109177763016,0.12158203125,0.4518435024592559,0.4351785385238703,67.35615669141485,0.07240402449485772,0.7022014281728399,-0.18783052513764,-0.30623428921191476,-0.7474294592016628,1.1636056613539871,1.068241464201168,-0.7236988473352937
openvla,distractor_swap,episode_000005,alignment,15,14,,0.0019607843137254832,0.0019607843137254832,0.0,0,0,0,0.0,0.0001748094508986311,0.0,0.0001748094508986311,0.0001748094508986311,0.02589556695180453,0.0,0.022751218844438554,0.4445741242909433,0.0019607843137254832,0.4451602123091096,0.4451558939831827,61.8324909759134,1.9401127334879426e-05,0.022558819743554632,0.44086289428056524,0.0019607843137254832,0.4414440356112924,0.44143968093235464,61.320680671104576,1.9729148466708088e-05,0.0,0.0,0.0,0.0,0.02589556695180453,0.0,0.0
oft,distractor_swap,episode_000005,alignment,15,14,0,0.07177734375,0.388671875,0.0,0,0,0,0.003872197920161607,0.005116632413822565,0.31689453125,0.31695948917826755,0.00641668481313237,0.9289064260035724,0.9995901604197347,0.019196578419528702,0.45613925395164145,0.07177734375,0.4621509652639307,0.4565430183658241,70.81288115752689,0.024121651351124426,0.022447501911993906,0.4486201551858884,0.388671875,0.5939947477857992,0.44918140431355746,69.78628877222091,0.4281550010010175,0.147478672959758,0.12200957188427891,0.40159264951653467,0.23781846429143827,-0.35314284107859983,-0.24833657654861108,0.6496273193922623
openvla,distractor_swap,episode_000005,alignment,16,15,,0.0019607843137254832,0.0019607843137254832,0.0,0,0,0,0.00033088890135818047,0.0,0.0,0.00033088890135818047,0.00033088890135818047,0.03370893614950231,0.0,0.016400965876458902,0.1753019779822904,0.0019607843137254832,0.17607844797506922,0.1760675301303003,24.153212131347228,0.00012400729800683715,0.016251278965724026,0.18287169128539393,0.0019607843137254832,0.183602843705448,0.18359237332090406,25.19577907814684,0.00011405145784716802,0.0,0.0,-0.03370893614950231,0.0,0.0,0.0,0.0
oft,distractor_swap,episode_000005,alignment,16,15,1,0.09814453125,0.05419921875,0.0,0,0,0,0.0034107257177671216,0.012266667004072276,0.0439453125,0.04575253719776959,0.012732013560730822,1.0930230507686132,0.9225602718978629,0.014755029357296789,0.18413220681163134,0.09814453125,0.2091763119737469,0.18472244172448582,28.028089217394765,0.22014417930013963,0.011695750902980742,0.20028129694640917,0.05419921875,0.20781468622027333,0.20062250246600033,30.012097963309333,0.06801952289362263,0.3221244698857874,0.009632334622442706,-0.328913398547228,-0.38220824618266863,0.6427199707630519,0.6444925438999668,-0.09008699344422744
openvla,distractor_swap,episode_000005,descent_to_grasp,17,16,,0.0019607843137254832,0.0019607843137254832,0.0,0,0,0,0.00033088890135818047,0.0003829846435569215,0.0,0.0005061271601509307,0.0005061271601509307,0.062179266708984535,0.0,0.012808929488352511,0.000571338430651412,0.0019607843137254832,0.01297072771146159,0.012821665345809247,1.310362718787457,0.022852355044512454,0.01251339252886342,0.00037940974005645203,0.0019607843137254832,0.012671764654428224,0.012519143114936602,1.278885034573261,0.023943379603374372,0.0,0.0,-0.03370893614950231,0.04538048528145571,0.02589556695180453,0.0,0.0
oft,distractor_swap,episode_000005,descent_to_grasp,17,16,2,0.078125,0.0927734375,0.0,0,0,0,0.0008005740130734335,0.0025348548554803216,0.0146484375,0.014887683805084219,0.0026582715980051144,0.31756415413091166,0.9681180828023558,0.011177974944156555,0.015417368283394177,0.078125,0.08041242437358795,0.01904317118123976,1.855606860566158,0.943916871657822,0.010767041389833433,0.01744282832326019,0.0927734375,0.09501101065545782,0.020498327741674784,1.9413537643000052,0.9534532900052498,0.05433424793254241,-0.18622513603389926,-0.05517257007888982,0.15288329847306736,0.1447885648422262,0.1221973630636022,0.030028997814742477
openvla,distractor_swap,episode_000005,descent_to_grasp,18,17,,0.0019607843137254832,0.0019607843137254832,0.0,0,0,0,0.0004963333520372724,0.0001748094508986311,0.0,0.0005262177690538737,0.0005262177690538737,0.05680878659591896,0.0,0.012359062327055552,0.0005432065704572117,0.0019607843137254832,0.012525420955288632,0.012370994098383187,1.2645303024612802,0.02450614431039561,0.012814579604328172,0.00037940974005645203,0.0019607843137254832,0.012969274355624727,0.012820195091593312,1.3094603943678365,0.022857477068089986,0.0,0.0,0.05056340422425364,0.0,0.02589556695180453,0.0,0.0
oft,distractor_swap,episode_000005,descent_to_grasp,18,17,3,0.07568359375,0.078125,0.0,0,0,0,0.0013737553697623474,0.007233550839766249,0.00244140625,0.007757056532279042,0.00736284330727158,0.734098127415186,0.09905723265504525,0.010418505130851321,0.02810749430038098,0.07568359375,0.0814038257572859,0.029976265361240793,2.8537185987490004,0.8643982116228686,0.010698265550632748,0.02089545698397216,0.078125,0.08157566201607491,0.02347494426747136,2.226953282983293,0.917189019679107,-0.2654454404204418,0.046556284008475106,0.07851481126611265,0.3779614878917496,-0.43745569438611587,-0.3547665379265868,0.005004832969123746
openvla,distractor_swap,episode_000005,descent_to_grasp,19,18,,0.0019607843137254832,0.0019607843137254832,0.0,0,0,0,0.0005006255969703903,0.0,0.0,0.0005006255969703903,0.0005006255969703903,0.056477829555158586,0.0,0.012743232257860958,0.0005432065704572117,0.0019607843137254832,0.012904639354934638,0.01275480465377561,1.3028385929513648,0.02308702132545469,0.012327987317684351,0.0005432065704572117,0.0019607843137254832,0.012494759693892715,0.012339949136166407,1.2613654617824201,0.024626564589485072,0.0,-0.02516122780224117,-0.05056340422425364,0.0,0.0,0.0,0.0
oft,distractor_swap,episode_000005,descent_to_grasp,19,18,4,0.3984375,0.061767578125,0.0,0,0,0,0.006280215853222849,0.025353998632904245,0.336669921875,0.3376816587455691,0.026120228900995145,2.5811168715205053,0.9940167243394806,0.01346142542565003,0.004505733327522759,0.3984375,0.3986902971148898,0.014195478410715378,1.6915722488003406,0.9987322642596256,0.010347640859563112,0.029801126637025194,0.061767578125,0.06935715195726026,0.03154648665373868,2.992961320031081,0.7931195296205849,1.034938055857952,-0.2167275290049687,-0.46074401070688314,-1.125390947093413,1.3869685083362018,1.2904632817079604,-0.6901664664421646
openvla,distractor_swap,episode_000005,descent_to_grasp,20,19,,0.0019607843137254832,0.0019607843137254832,0.0,0,0,0,0.0009926667040745449,0.0006118330781452113,0.0,0.0011660732828132478,0.0011660732828132478,0.13579853142425619,0.0,0.011538740000094616,0.0006273379870130511,0.0019607843137254832,0.011720953411079022,0.011555780966240796,1.1815762404896435,0.027985544966993726,0.012550859879882822,0.00015829896055952945,0.0019607843137254832,0.012704086642113173,0.012551858120826832,1.2810518309914636,0.023821700153342507,0.0,0.0,0.10112680844850729,0.0,0.09063448433131623,0.0,0.0
oft,distractor_swap,episode_000005,descent_to_grasp,20,19,0,0.1142578125,0.267578125,0.0,0,0,0,0.004278548363331433,0.008857850390022697,0.1533203125,0.1536355613610568,0.009837046794103977,1.1405943219569228,0.995900357644546,0.010392763429068455,0.0008690363760280303,0.1142578125,0.11473278726327797,0.010429034275302897,1.2736386888321654,0.9917374690164366,0.012901359992893708,0.009130205715771158,0.267578125,0.26804450884991876,0.015805244258743318,1.6825651468174443,0.9965231288654532,0.7218692939609213,0.3724502720677988,0.28594245454347716,-0.2123379145459268,0.43789712293746397,0.4730220505687828,0.31430351046097127
openvla,distractor_swap,episode_000005,descent_to_grasp,21,20,,0.0019607843137254832,0.0019607843137254832,0.0,0,0,0,0.027629223263408182,0.0,0.0,0.027629223263408182,0.027629223263408182,2.8146961684834544,0.0,0.004953519234892495,0.000221462026988444,0.0019607843137254832,0.005332079647267066,0.004958467327697921,0.5139930986234745,0.1352279274025574,0.022730534588594125,0.000221462026988444,0.0019607843137254832,0.02281602338790929,0.022731613407602016,2.317712361994107,0.0073854972556677825,0.0,0.0,2.8146961684834544,0.0,0.0,0.0,0.0
oft,distractor_swap,episode_000005,descent_to_grasp,21,20,1,0.140625,0.251953125,0.0,0,0,0,0.0014621566994777538,0.00164129021261765,0.111328125,0.11134982331279869,0.0021981209647929227,0.31702513769506113,0.9996103056471985,0.010934540554039314,0.0008343915117641569,0.140625,0.14105194437271268,0.010966329665062712,1.2561517741322716,0.9939554435160531,0.009557127004562654,0.0010268234232199498,0.251953125,0.25213641196818326,0.00961212998891577,1.1912522932403637,0.9985466569637482,-0.05174690279289754,0.07705867697954454,-0.15066355675389154,-0.03397406632734847,-0.09181713868043598,-0.08672070927094352,0.2282203833920428
openvla,distractor_swap,episode_000005,descent_to_grasp,22,21,,0.9980392156862745,0.0019607843137254832,0.0,1,0,0,0.0014915034912792546,0.0012702274422824909,0.996078431372549,0.9960803579561327,0.0019590968377356244,2.057374210138737,0.9999961316741062,0.0019581942648905066,0.0012271207714196597,0.9980392156862745,0.9980418911036955,0.002310919766391653,2.066268150938412,0.9999946386742704,0.0005224526449159888,0.0002573238228125581,0.0019607843137254832,0.0020454455360430636,0.0005823850238172177,0.11148055379677022,0.9189329150366626,-0.019317226165034798,0.0,-0.15169021267276092,0.04538048528145571,0.18126896866263245,0.0,-2.043156317380581
oft,distractor_swap,episode_000005,descent_to_grasp,22,21,2,0.146484375,0.42578125,0.0,0,0,0,0.0017373916465896126,0.0009077714432764499,0.279296875,0.27930375393734413,0.001960249659320867,0.6279107700944343,0.9999507428558555,0.010621623170016263,0.0004685377345736034,0.146484375,0.14686970594889598,0.010631952143164758,1.2024546386483785,0.9947596345405111,0.012069577959136248,0.0005987008931116855,0.42578125,0.425952703954833,0.012084417854041636,1.5553603069154354,0.9991951244984496,-0.005174690279289734,0.17338202320397508,0.17506680890416956,0.0169870331636745,-0.05650285457257597,-0.04730220505687827,0.5725528916677566
openvla,distractor_swap,episode_000005,descent_to_grasp,23,22,,0.9980392156862745,0.9980392156862745,0.0,1,1,0,0.0,0.0,0.0,0.0,0.0,0.0,0.0,0.013524368649270337,0.0008807754056764309,0.9980392156862745,0.9981312340370632,0.013553018581726023,2.4722338874480845,0.9998156272320996,0.013517863077957753,0.0008807754056764309,0.9980392156862745,0.9981311459097866,0.013546526769237122,2.4718633551994578,0.9998158037841139,0.0,0.0,0.0,0.0,0.0,0.0,0.0
oft,distractor_swap,episode_000005,descent_to_grasp,23,22,3,0.380859375,0.5703125,0.0,0,1,0,0.0018394908002137443,0.00029665629814621823,0.189453125,0.1894622872859634,0.0018632582653247023,0.4434353368229386,0.9999032835024507,0.012434733454701778,0.0004442757460983026,0.380859375,0.38106257163675716,0.01244266760096286,1.536534770052613,0.9989338104767993,0.014243061436638551,0.00018889373302292178,0.5703125,0.5704903576189349,0.014244313950844932,1.9077427022508218,0.9993765717794404,0.010349380558579467,0.08187484429076618,0.1925071766093957,-0.008493516581836988,-0.04237714092943197,0.00788370084281303,0.3883750384040027
openvla,distractor_swap,episode_000005,descent_to_grasp,24,23,,0.9980392156862745,0.9980392156862745,1.0,1,1,1,0.006783772452058517,0.0009702365429470157,0.0,0.006852804362491155,0.006852804362491155,0.705123962639599,0.0,0.011016486101753199,0.0008542620433936378,0.0019607843137254832,0.01122218360186004,0.011049557894726126,1.1310352275497286,0.030528460795624313,0.018081767059646085,0.0002573238228125581,0.0019607843137254832,0.018189590173339282,0.018083597970235045,1.8442618410871032,0.011620205794216661,-0.019317226165034798,0.0,0.6910331910648,0.07563414213575982,0.11653005128312073,0.0,0.0
oft,distractor_swap,episode_000005,descent_to_grasp,24,23,4,0.70703125,0.84375,1.0,1,1,1,0.004225657523191561,0.00019709389204402997,0.13671875,0.1367841790159523,0.004230251470726829,0.5292146051114576,0.9990435536062189,0.011130010809537808,0.0004845518639384705,0.29296875,0.2931804911785431,0.011140553448068666,1.3239216818008368,0.9985560791190183,0.015632914994242474,0.0003472918593434751,0.15625,0.15703047838828224,0.015636772136626453,1.6842271103068014,0.990084233127853,0.0,0.043345505800993625,0.44615510996486885,0.008493516581836988,-0.021188570464716002,0.007883700842813078,0.2802706462709298
openvla,distractor_swap,episode_000005,grasp_close,25,24,,0.9980392156862745,0.9980392156862745,1.0,1,1,1,0.0,0.0003407622236647444,0.0,0.0003407622236647444,0.0003407622236647444,0.04538048528145571,0.0,0.00019754619615268968,0.000221462026988444,0.0019607843137254832,0.001983114987579929,0.0002967657814038324,0.03659436767722802,0.9776059907764796,0.00019754619615268968,0.0003083890410360362,0.0019607843137254832,0.001994693817405929,0.00036623530720770623,0.04643275614442248,0.9662892870263206,0.0,0.0,0.0,0.04538048528145571,0.0,0.0,0.0
oft,distractor_swap,episode_000005,grasp_close,25,24,0,0.9296875,0.92578125,1.0,1,1,1,0.0014472319192994853,0.0004329462923049359,0.00390625,0.004188163294662693,0.0015106034291831405,0.1833681759364287,0.8699070625798274,0.0017438063843622643,0.0005581414025316788,0.0703125,0.07033633512475157,0.0018309512640599212,0.2501611101272981,0.9993223677019156,0.0031567931838847965,0.0003734314847841486,0.07421875,0.07428679321280567,0.0031788039070772523,0.3683923177995541,0.9981689329241175,0.010349380558579467,0.08026945518702544,0.15066355675389154,0.04246758290918546,-0.04943999775100397,0.007883700842813078,-0.008007732750597994
openvla,distractor_swap,episode_000005,grasp_close,26,25,,0.9980392156862745,0.9980392156862745,1.0,1,1,1,0.0,0.00043702362724658023,0.0,0.00043702362724658023,0.00043702362724658023,0.06473891737951169,0.0,0.005595886597666487,0.0005030208418749329,0.0019607843137254832,0.005950769018056061,0.005618449677740647,0.5746318002701842,0.10857090584561817,0.005595886597666487,0.0002573238228125581,0.0019607843137254832,0.005935051599496183,0.005601799921786772,0.5710535884487126,0.10914671007885317,0.0,0.0,0.0,0.0,0.06473891737951169,0.0,0.0
oft,distractor_swap,episode_000005,grasp_close,26,25,1,0.9765625,0.95703125,1.0,1,1,1,0.0011961529298678128,0.0003796172478444566,0.01953125,0.019571525685265122,0.001254946646870835,0.13969245343051023,0.9958884917998364,0.003920410004203428,0.0005198229426196999,0.0234375,0.023768808063147216,0.003954722555721465,0.42587183181999627,0.9723167398188152,0.002725336208863212,0.00047507151459642486,0.04296875,0.043057712746473444,0.002766432792482378,0.30789319358162104,0.9958720128593254,-0.010349380558579868,-0.0032107782074809023,-0.12626030460361315,-0.03397406632734795,-0.021188570464715967,-0.01576740168562606,-0.04003866375298997
openvla,distractor_swap,episode_000005,grasp_close,27,26,,0.9980392156862745,0.9980392156862745,1.0,1,1,1,0.00018663698362789076,0.0001748094508986324,0.0,0.0002557180239662408,0.0002557180239662408,0.03643910960148902,0.0,0.006092212011624648,0.000221462026988444,0.0019607843137254832,0.006403808847001399,0.006096235939002154,0.621389383600917,0.09375251527892865,0.005926986249757877,0.0001419759787906853,0.0019607843137254832,0.006244517460006372,0.005928686463574585,0.6041376944940509,0.09859658644266683,-0.019317226165034798,0.0,-0.016854468074751685,0.0,0.025895566951804724,0.0,0.0
oft,distractor_swap,episode_000005,grasp_close,27,26,2,0.984375,0.98046875,1.0,1,1,1,0.0006838071577427155,0.0002866851663941124,0.00390625,0.003975999204742198,0.0007414719236832848,0.07570607148330966,0.9652226213455983,0.006692349858287551,0.00029629679028763507,0.015625,0.017000469505682958,0.006698905762410466,0.7092780860602713,0.844730588983322,0.006009200518160913,0.00031875860436862246,0.01953125,0.020437265582210953,0.006017648869394459,0.6376091774896544,0.9133021936958932,-0.005174690279289734,-0.008026945518702545,-0.07214874548777925,0.008493516581836988,-0.007062856821572001,-0.01576740168562611,-0.008007732750597994
openvla,distractor_swap,episode_000005,grasp_close,28,27,,0.9980392156862745,0.9980392156862745,1.0,1,1,1,0.00016544445067909544,0.0008572778788569279,0.0,0.0008730963451062782,0.0008730963451062782,0.1261852384017639,0.0,0.006092212011624648,0.0007946371670753618,0.0019607843137254832,0.0064491216880155945,0.006143817658580144,0.6315893975721895,0.09243969511804616,0.005926770059246647,0.0002573238228125581,0.0019607843137254832,0.006247999200537825,0.005932353570461675,0.6047074052179936,0.0984867298083939,0.0,0.0,-0.016854468074751685,0.04538048528145571,0.11653005128312073,0.0,0.0
oft,distractor_swap,episode_000005,grasp_close,28,27,3,0.98828125,0.984375,1.0,1,1,1,0.0012056840532259543,0.00012020303519897701,0.00390625,0.004089854749055816,0.0012116611761851628,0.12915610024267202,0.912229895307203,0.00910275423396673,0.00020006003814359547,0.01171875,0.014840123322444502,0.009104952425074019,0.9623367559599617,0.6235733681435914,0.007897485940552106,0.00010667093755607208,0.015625,0.01750777792497201,0.007898206307139444,0.8350291147820397,0.7964857195096815,0.005174690279290135,-0.006421556414962382,-0.1273213155666687,-0.016987033163673976,0.007062856821572001,0.0,-0.008007732750597994
openvla,distractor_swap,episode_000005,grasp_close,29,28,,0.9980392156862745,0.9980392156862745,1.0,1,1,1,0.0004963333520372724,0.0003407622236647444,0.0,0.0006020512348808001,0.0006020512348808001,0.06794149167574767,0.0,0.0077466374045291435,0.0001419759787906853,0.0019607843137254832,0.007992197656511974,0.007747938322922015,0.7893701875743405,0.06019039811468194,0.008242966518566583,0.0002573238228125581,0.0019607843137254832,0.008476873698537007,0.008246982028354163,0.8404078380865563,0.05350424288943595,0.0,0.0,0.05056340422425364,0.04538048528145571,0.0,0.0,0.0
oft,distractor_swap,episode_000005,grasp_close,29,28,4,0.98828125,0.98828125,1.0,1,1,1,4.0465866205447525e-05,0.00013893403617431903,0.0,0.00014470712745212022,0.00014470712745212022,0.009096258646991309,0.0,0.009625070483803237,0.00022916660553863323,0.01171875,0.01516652896063481,0.009627798250445133,1.0173279047245247,0.5970217887919376,0.009665235681560825,0.00014868245363440852,0.01171875,0.015191049628469894,0.009666379221411463,1.0215088907827201,0.5950959761269566,0.0,-0.0016053891037401623,0.004244043852222266,0.0,0.0,0.00788370084281303,0.0
openvla,distractor_swap,episode_000005,grasp_close,30,29,,0.9980392156862745,0.9980392156862745,1.0,1,1,1,0.010423000392782728,0.0008572778788569279,0.0,0.010458195951000648,0.010458195951000648,1.0691701229042518,0.0,0.00019754619615268968,0.0007946371670753618,0.0019607843137254832,0.00212488772688438,0.0008188239901907818,0.11882570773771876,0.8515059198703359,0.010228287087725859,0.0002573238228125581,0.0019607843137254832,0.010417713157103064,0.010231523459325417,1.0425311717195889,0.03542540770274385,0.0,0.0,1.0618314887093272,0.04538048528145571,0.11653005128312073,0.0,0.0
oft,distractor_swap,episode_000005,grasp_close,30,29,0,0.984375,0.98828125,1.0,1,1,1,0.006308012261394978,0.0003341767296649914,0.00390625,0.007427077610948936,0.006316857824627603,0.6683751679310409,0.2766203617774368,0.003799844532293002,0.00032217511786305163,0.015625,0.016083632682829058,0.003813478107471851,0.4054726924690875,0.9437821512493753,0.010107185572324763,9.788292771376929e-05,0.01171875,0.015475589902276671,0.010107659534281301,1.0680353940432448,0.5734138172695523,-0.010349380558579868,0.0,0.6663148847989001,0.008493516581836988,-0.04943999775100401,0.00788370084281303,0.008007732750597994
openvla,distractor_swap,episode_000005,grasp_close,31,30,,0.9980392156862745,0.9980392156862745,1.0,1,1,1,0.008437666984633635,0.0,0.0,0.008437666984633635,0.008437666984633635,0.8595778718123123,0.0,0.00019754619615268968,0.0007946371670753618,0.0019607843137254832,0.00212488772688438,0.0008188239901907818,0.11882570773771876,0.8515059198703359,0.008242966518566583,0.0007946371670753618,0.0019607843137254832,0.008510148082052343,0.00828118018482313,0.8478695735268067,0.05308666138922868,0.0,0.0,0.8595778718123123,0.0,0.0,0.0,0.0
oft,distractor_swap,episode_000005,grasp_close,31,30,1,0.98828125,0.984375,1.0,1,1,1,0.0030136994160165223,0.00017033609877166832,0.00390625,0.004936617021720754,0.0030185093269100693,0.3197920705673521,0.6261252190981917,0.0072546876022162405,0.00026585370550426685,0.01171875,0.0137851467877923,0.007259557176472982,0.7674792529548223,0.7226696049285153,0.004242260789324509,0.00032217511786305163,0.015625,0.01619386298605772,0.0042544768669262115,0.45206810870200476,0.9309773844808797,0.010349380558579467,0.006421556414961805,-0.31830328891667214,-0.016987033163673976,0.021188570464716002,0.0,-0.008007732750597994
openvla,distractor_swap,episode_000005,grasp_close,32,31,,0.9980392156862745,0.9980392156862745,1.0,1,1,1,0.0004963333520372724,0.0007778511419626762,0.0,0.0009227129539554511,0.0009227129539554511,0.12387627898517142,0.0,0.0077466374045291435,0.0007405867151425755,0.0019607843137254832,0.008025181299188673,0.007781957321901458,0.7965581186942454,0.0596966475803871,0.008242966518566583,0.0001419759787906853,0.0019607843137254832,0.00847415655565291,0.008244189117479248,0.8399217113635342,0.05353855945625848,0.0,0.0,0.05056340422425364,-0.04538048528145571,0.10358226780721849,0.0,0.0
oft,distractor_swap,episode_000005,grasp_close,32,31,2,0.98828125,0.98828125,1.0,1,1,1,0.0017679540946838315,0.0002200770323207242,0.0,0.0017815991639716334,0.0017815991639716334,0.1891050102177902,0.0,0.009504516905389048,0.00011893007683013642,0.01171875,0.015089038654947538,0.00950526096264595,1.0044515266568397,0.6031695886171483,0.007736808179818669,0.00021943214671674366,0.01171875,0.01404405400305844,0.00773991933280456,0.8179930743754984,0.696269862159776,0.005174690279290135,0.0016053891037407398,-0.18673792949778079,0.0,0.028251427286288003,-0.00788370084281303,0.0
openvla,distractor_swap,episode_000005,grasp_close,33,32,,0.9980392156862745,0.9980392156862745,1.0,1,1,1,0.0021507778588281783,0.0004515437409626305,0.0,0.0021976662958757068,0.0021976662958757068,0.22897227181851107,0.0,0.006092212011624648,0.00035860697209982715,0.0019607843137254832,0.0064100172605051665,0.006102757258405601,0.622827825916393,0.09357099548444565,0.008242966518566583,0.0007946371670753618,0.0019607843137254832,0.008510148082052343,0.00828118018482313,0.8478695735268067,0.05308666138922868,0.0,0.0,0.21910808497176554,-0.015126828427152057,-0.0647389173795113,0.0,0.0
oft,distractor_swap,episode_000005,grasp_close,33,32,3,0.98828125,0.98828125,1.0,1,1,1,0.00024125739161791942,0.00014986555073847135,0.0,0.00028401551420376224,0.00028401551420376224,0.028160794653341117,0.0,0.010348260423353373,0.00021108108453903116,0.01171875,0.01563522147512762,0.010350412987595804,1.0936042451063108,0.561764775317202,0.010107176391458833,8.906734797224952e-05,0.01171875,0.015475530658527921,0.01010756882739552,1.0680178526074442,0.5734182075873895,0.0,-0.0032107782074809023,-0.02546426311333396,-0.008493516581836988,0.0,0.00788370084281303,0.0
openvla,distractor_swap,episode_000005,grasp_close,34,33,,0.9980392156862745,0.9980392156862745,1.0,1,1,1,0.0021507778588281783,0.0007948009610784726,0.0,0.002292935665420377,0.002292935665420377,0.24862909461747568,0.0,0.005639102141572821,9.85178689534503e-05,0.0019607843137254832,0.005971084814214769,0.00563996265356379,0.5745771664247011,0.10783336747285023,0.0076750377135899875,0.0007946371670753618,0.0019607843137254832,0.007961301856937601,0.007716064549517855,0.7906073954454675,0.06065847202716016,0.0,0.0,0.21910808497176554,-0.015126828427152057,-0.11653005128312073,0.0,0.0
oft,distractor_swap,episode_000005,grasp_close,34,33,4,0.98828125,0.98828125,1.0,1,1,1,0.0004821289523007678,0.0,0.0,0.0004821289523007678,0.0004821289523007678,0.050928526226667555,0.0,0.009734450950874197,0.00011893007683013642,0.01171875,0.015234919797644174,0.009735177434343474,1.0287627984350125,0.5916736578012545,0.010101760949746803,0.00011893007683013642,0.01171875,0.01547219506765295,0.010102461019425132,1.0675449801820194,0.573665476278998,0.0,0.0,0.050928526226667555,0.0,0.0,0.0,0.0
openvla,distractor_swap,episode_000005,lift,35,34,,0.9980392156862745,0.9980392156862745,1.0,1,1,1,0.0004963333520372724,0.0003407622236647444,0.0,0.0006020512348808001,0.0006020512348808001,0.06794149167574767,0.0,0.005075593512762075,0.0001419759787906853,0.0019607843137254832,0.0054430213861694455,0.005077578821184959,0.5173606196158246,0.1297715722565321,0.004452736469195843,0.0002573238228125581,0.0019607843137254832,0.00487214046788939,0.0044601656487056095,0.4548471547982594,0.1619645788398633,0.0,0.0,0.05056340422425364,0.04538048528145571,0.0,0.0,0.0
oft,distractor_swap,episode_000005,lift,35,34,0,0.984375,0.98828125,1.0,1,1,1,0.006770041692216819,0.0004083865047402404,0.00390625,0.007826815004464327,0.006782347974824641,0.7181034653956982,0.24908635162551904,0.009043089523130743,0.00035828025996484646,0.015625,0.01805675657110206,0.00905018413448243,0.9573324011364084,0.7487909134066174,0.0021466371947071895,8.906734797224952e-05,0.01171875,0.011914070916386018,0.002148484172195635,0.22858496076272228,0.9674804928107401,-0.010349380558579868,0.0,0.7151213890994566,0.0,-0.06356571139414798,0.00788370084281303,0.008007732750597994
openvla,distractor_swap,episode_000005,lift,36,35,,0.9980392156862745,0.9980392156862745,1.0,1,1,1,0.0004963333520372724,0.0003496189017972647,0.0,0.0006071080404989546,0.0006071080404989546,0.07238079439856178,0.0,0.005076950385283583,0.00043024265214219035,0.0019607843137254832,0.005459414719482793,0.005095148079727759,0.5207982869547779,0.12899339557464748,0.00458147033510747,0.0002573238228125581,0.0019607843137254832,0.00499006624266738,0.004588691096735172,0.4679273119682655,0.1543999040251551,0.0,0.0,0.05056340422425364,0.0,0.051791133903609426,0.0,0.0
oft,distractor_swap,episode_000005,lift,36,35,1,0.98828125,0.984375,1.0,1,1,1,0.0034955063974524787,0.0003492994941705344,0.00390625,0.005253509700548672,0.00351291547169285,0.371173624341661,0.5528674126851008,0.005448524803660251,0.0002006672161938715,0.01171875,0.012925006438306172,0.005452218802263532,0.577004435066662,0.8220553168899472,0.008944847253239772,0.0004158312921627003,0.015625,0.01800899311586666,0.008954507694303063,0.9467408332236905,0.7527680673543636,0.005174690279289734,0.0,-0.3692318151433397,-0.025480549745510964,0.021188570464716002,-0.01576740168562606,-0.008007732750597994
openvla,distractor_swap,episode_000005,lift,37,36,,0.9980392156862745,0.9980392156862745,1.0,1,1,1,0.0024816667601863657,0.0,0.0,0.0024816667601863657,0.0024816667601863657,0.2528170211212686,0.0,0.002573649200170771,9.85178689534503e-05,0.0019607843137254832,0.0032369817887956506,0.002575534114711505,0.2624065628458037,0.3669265484482067,0.005085995800842369,9.85178689534503e-05,0.0019607843137254832,0.005451764318240588,0.005086949877548367,0.5182409453313157,0.12935567963348255,0.0,0.0,-0.2528170211212686,0.0,0.0,0.0,0.0
oft,distractor_swap,episode_000005,lift,37,36,2,0.98828125,0.98828125,1.0,1,1,1,0.002370572769828362,0.00021334843034418664,0.0,0.002380153946655981,0.002380153946655981,0.25292949332554254,0.0,0.0030160617502809853,0.00011893007683013642,0.01171875,0.012101234416669352,0.0030184056792755386,0.32008518342607034,0.9377848903410698,0.005417372725639931,0.00016655908013095207,0.01171875,0.012911420167362747,0.005419932580363106,0.5734524965879674,0.8237862717089394,0.005174690279290135,0.0,-0.2503985872811155,0.0,0.03531428410786001,0.0,0.0
openvla,distractor_swap,episode_000005,lift,38,37,,0.9980392156862745,0.9980392156862745,1.0,1,1,1,0.0,0.0007866425290438423,0.0,0.0007866425290438423,0.0007866425290438423,0.11653005128312073,0.0,0.0027485896202067168,0.0007880335140380215,0.0019607843137254832,0.0034670472803968407,0.002859325395885403,0.30320702081008777,0.31984540758324725,0.0024394708997898746,9.85178689534503e-05,0.0019607843137254832,0.003131357399974756,0.002441459408105068,0.248749329934214,0.39209776774162847,0.0,0.0,0.0,0.0,0.11653005128312073,0.0,0.0
oft,distractor_swap,episode_000005,lift,38,37,3,0.98828125,0.98828125,1.0,1,1,1,0.000482671103082831,5.618733745656884e-05,0.0,0.0004859304586477938,0.0004859304586477938,0.051915405239748365,0.0,0.0025080703923190113,0.00011893007683013642,0.01171875,0.01198472623878001,0.0025108885789700153,0.26676818403742053,0.9561066582616504,0.0026812275367963994,8.906734797224952e-05,0.01171875,0.012021897340230871,0.002682706487215867,0.284742673534763,0.9502033314643624,0.005174690279290135,-0.0016053891037401623,-0.050928526226667555,-0.008493516581836988,0.0,0.0,0.0
openvla,distractor_swap,episode_000005,lift,39,38,,0.9980392156862745,0.9980392156862745,1.0,1,1,1,0.0,0.00011358740788824928,0.0,0.00011358740788824928,0.00011358740788824928,0.015126828427152057,0.0,0.005049703025365783,0.0002573238228125581,0.0019607843137254832,0.005423134823985766,0.005056255155169211,0.5155174173558904,0.13072505847453714,0.005352015959270213,0.00015829896055952945,0.0019607843137254832,0.0057020880836890974,0.005354356486936342,0.5455855349183428,0.11824745548583786,0.0,0.0,0.0,-0.015126828427152057,0.0,0.0,0.0
oft,distractor_swap,episode_000005,lift,39,38,4,0.98828125,0.98828125,1.0,1,1,1,0.0003616288782382934,7.055295174315157e-05,0.0,0.0003684469630429296,0.0003684469630429296,0.03979403988499795,0.0,0.0023630126967681153,8.906734797224952e-05,0.01171875,0.011954951424412486,0.002364690676930522,0.2512288254046511,0.9608751174721792,0.002303789360378462,0.0001494960301488022,0.01171875,0.01194398995489042,0.0023086347654021097,0.24580850613386762,0.9626395925674724,0.0,0.0016053891037401623,0.03819639467000039,0.008493516581836988,-0.007062856821572001,0.0,0.0
openvla,distractor_swap,episode_000005,lift,40,39,,0.9980392156862745,0.9980392156862745,1.0,1,1,1,0.0013235556054327219,0.0001748094508986324,0.0,0.0013350497312069915,0.0013350497312069915,0.1372998849564521,0.0,0.004358045108701393,0.00015829896055952945,0.0019607843137254832,0.004781452797565012,0.004360919138254041,0.44440674165635496,0.16816666139358125,0.005425687204466998,0.00023226452970370796,0.0019607843137254832,0.0057737945562192725,0.005430656355586809,0.5536586838562937,0.11532859318325614,0.0,0.0,-0.13483574459800923,0.0,-0.025895566951804724,0.0,0.0
oft,distractor_swap,episode_000005,lift,40,39,0,0.98046875,0.98828125,1.0,1,1,1,0.0054641366404507615,0.00018891528628092911,0.0078125,0.009535598274933102,0.005467401413002994,0.5778634500629841,0.6712497978405133,0.007927189870272472,0.00011559320896619198,0.01953125,0.021078980705712732,0.007928032607735011,0.838485433448783,0.8585406550134648,0.002207291857975677,8.906734797224952e-05,0.01171875,0.011925148716106669,0.0022090881238104845,0.23494216527137674,0.9656838565788929,0.0,-0.0032107782074809023,0.5771899639022322,0.0,-0.021188570464716002,-0.007883700842813078,0.016015465501195987
openvla,distractor_swap,episode_000005,lift,41,40,,0.9980392156862745,0.9980392156862745,1.0,1,1,1,0.0016544445067909093,0.00011358740788824581,0.0,0.0016583391466408147,0.0016583391466408147,0.16922213314618542,0.0,0.00650260574810181,0.00015829896055952945,0.0019607843137254832,0.006793645207185377,0.006504532271897875,0.6627378135201164,0.0833017112137125,0.004794543068209529,9.85178689534503e-05,0.0019607843137254832,0.005180928886635203,0.0047955551298488035,0.4885562597327415,0.1432334277983241,0.0,0.0,0.16854468074751225,-0.015126828427151595,0.0,0.0,0.0
oft,distractor_swap,episode_000005,lift,41,40,1,0.9921875,0.9609375,1.0,1,1,1,0.004912231832336134,0.0011158230287339102,0.03125,0.031653397647110004,0.005037368619236568,0.5333964118998136,0.9746739886330364,0.0049832698498431995,0.00022916660553863323,0.0078125,0.009269339349675918,0.004988536431605002,0.527210275049635,0.7103665398698066,0.009841706782264514,0.0009170621770104346,0.0390625,0.040293660812522045,0.009884340920090447,1.0466010961766878,0.939824185145149,0.015524070837869603,0.009632334622443284,-0.5188343609341757,-0.04246758290918546,0.07769142503729201,0.055185905899691357,-0.06406186200478395
openvla,distractor_swap,episode_000005,lift,42,41,,0.9980392156862745,0.9980392156862745,1.0,1,1,1,0.00016544445067909197,0.00011358740788824581,0.0,0.00020068374496026633,0.00020068374496026633,0.02264716389191577,0.0,0.006520640993198815,9.85178689534503e-05,0.0019607843137254832,0.006809782658619868,0.006521385185118876,0.6643694384498617,0.08290737130922378,0.006413261554106957,0.00015829896055952945,0.0019607843137254832,0.0067081784000764715,0.006415214908504672,0.6536400418269335,0.08543787537624138,0.0,0.0,0.01685446807475133,0.015126828427151595,0.0,0.0,0.0
oft,distractor_swap,episode_000005,lift,42,41,2,0.9921875,0.98828125,1.0,1,1,1,0.0046610649271147725,0.000669726189541448,0.00390625,0.006118239002052563,0.004708934000783738,0.5007066577109117,0.40763098934643377,0.003273663952425489,0.00022969528533603613,0.0078125,0.008473770816319951,0.003281712296578675,0.3471224481863554,0.8500150850602558,0.007992514307429295,0.0005005841210220573,0.01171875,0.014193659534425272,0.008008175161463528,0.8478525769617532,0.6816694199598162,0.015524070837869603,-0.0016053891037401623,-0.4923090868577861,0.016987033163673976,0.08475428185886397,0.023651102528439136,-0.008007732750597994
openvla,distractor_swap,episode_000005,lift,43,42,,0.9980392156862745,0.9980392156862745,1.0,1,1,1,0.0,0.0003496189017972647,0.0,0.0003496189017972647,0.0003496189017972647,0.051791133903609426,0.0,0.00642309630248129,0.00015829896055952945,0.0019607843137254832,0.00671758139487829,0.006425046666901575,0.6546414924692442,0.0851988579122643,0.00642309630248129,0.00037940974005645203,0.0019607843137254832,0.006726424978155218,0.0064342923357427985,0.6566311805541108,0.08497497438164422,0.0,0.0,0.0,0.0,-0.051791133903609426,0.0,0.0
oft,distractor_swap,episode_000005,lift,43,42,3,0.9921875,0.9921875,1.0,1,1,1,0.0050222136409202155,0.00012800905820651198,0.0,0.005023844760144168,0.005023844760144168,0.5309672850902942,0.0,0.010267894658703185,0.00011893007683013642,0.0078125,0.012902672643115464,0.010268583402076462,1.0849153121344977,0.3666238409971473,0.00524570790434892,0.00010667093755607208,0.0078125,0.00941084408311326,0.005246792363593954,0.5545773059462903,0.6891645098742191,0.0,-0.006421556414962382,-0.5305054815277869,0.0,0.021188570464716002,0.0,0.0
