Warning: running in conda env, please deactivate before executing this script
If conda is desired please source setup_conda_env.sh in your python 3.11 conda env and run python normally
A0509_CONTROL_ARGS={'scene': PosixPath('/home/ubuntu/a0509_vla_linux_field_bundle_20260903/validation/a0509_project/USD/version_1/a0509_version_1_scaled_85x60.usda'), 'urdf': PosixPath('/home/ubuntu/a0509_vla_linux_field_bundle_20260903/validation/a0509_project/urdf/a0509.urdf'), 'descriptor': PosixPath('/home/ubuntu/a0509_vla_linux_field_bundle_20260903/isaac_sim/config/a0509_robot_descriptor.yaml'), 'rrt_config': PosixPath('/home/ubuntu/a0509_vla_linux_field_bundle_20260903/isaac_sim/config/a0509_rrt_config.yaml'), 'home_config': PosixPath('/home/ubuntu/a0509_vla_linux_field_bundle_20260903/isaac_sim/config/a0509_home_pose.json'), 'output_root': PosixPath('/home/ubuntu/a0509_vla_linux_field_bundle_20260903/data/openvla_a0509'), 'robot_prim': '/World/a0509/base', 'base_yaw_deg': 0.0, 'cube_prim': '/World/Cube_7cm', 'yellow_cube_prim': '/World/Environment/Objects/YellowCube', 'blue_cube_prim': '/World/Environment/Objects/BlueCube', 'orange_cube_label': 'orange', 'orange_cube_display_color': None, 'end_effector_frame': 'tool0', 'enable_camera': True, 'primary_camera': '/World/a0509/link_6/tool0/left_Camera', 'secondary_camera': '', 'disable_secondary_camera': False, 'camera_width': 1280, 'camera_height': 720, 'camera_preview_hz': 2.0, 'camera_preview_width': 384, 'record_hz': 5.0, 'physics_hz': 60.0, 'render_hz': 5.0, 'uncapped_simulation': True, 'physics_only_between_renders': False, 'motion_speed_scale': 1.7126963727221802, 'scene_settle_seconds': 1.5, 'camera_warmup_seconds': 1.5, 'instruction': 'Pick up the red cube.', 'grasp_dz_m': 0.2644, 'headless': True, 'auto_start': False, 'move_home_on_start': False, 'auto_collect_episodes': 0, 'auto_collect_seed': 2026, 'auto_collect_corrective_fraction': 0.0, 'auto_collect_corrective_xy_min_m': 0.06, 'auto_collect_corrective_xy_max_m': 0.1, 'auto_collect_corrective_height_m': 0.04, 'auto_collect_corrective_height_max_m': None, 'auto_collect_corrective_rotation_max_deg': 0.0, 'auto_collect_corrective_joint_jitter_max_deg': 0.0, 'auto_collect_start_state_diversity': False, 'auto_collect_weak_grasp_closedness_min': 0.25, 'auto_collect_weak_grasp_closedness_max': 0.45, 'auto_collect_trajectory_profile': 'continuous_approach', 'auto_collect_gripper_action_mode': 'continuous', 'auto_collect_setup_speed_scale': 4.0, 'auto_collect_layout_manifest': None, 'manual_layout_json': None, 'vla_validate_episodes': 1, 'vla_validation_seed': 9406, 'vla_server_url': 'http://127.0.0.1:8765', 'vla_expected_variant': 'oftplus_h5_vision', 'vla_statistics': PosixPath('/home/ubuntu/a0509_vla_linux_field_bundle_20260903/models/oft_mixed480_step28560/dataset_statistics.json'), 'vla_validation_output': PosixPath('/home/ubuntu/a0509_vla_linux_field_bundle_20260903/lhj/phase9_sim_policy_shadow_replay/01_sim_policy_rollout_episode4_sim_baseline/episode4_sim_baseline_redprompt_k5_seed9406_1ep.json'), 'vla_max_policy_steps': 500, 'vla_stagnation_policy_steps': 25, 'vla_policy_hold_steps': 12, 'vla_actions_per_inference': 5, 'vla_apply_policy_motion_limits': False, 'vla_continuous_gripper': True, 'vla_lock_eef_orientation': False, 'vla_gripper_full_travel_duration_s': 0.6, 'vla_layout_manifest': PosixPath('/home/ubuntu/a0509_vla_linux_field_bundle_20260903/lhj/phase9_sim_policy_shadow_replay/00_inputs_episode4_sim_baseline/vla_layout_manifest.json'), 'vla_video_frames_dir': PosixPath('/home/ubuntu/a0509_vla_linux_field_bundle_20260903/lhj/phase9_sim_policy_shadow_replay/01_sim_policy_rollout_episode4_sim_baseline/episode4_sim_baseline_redprompt_k5_seed9406_1ep_20260923_112314_video_frames'), 'vla_video_fps': 5, 'smoke_test': False, 'smoke_plan': False, 'smoke_home_cycle': False, 'capture_camera_preview': False, 'capture_home_camera_preview': False, 'camera_preview_dir': PosixPath('/home/ubuntu/a0509_vla_linux_field_bundle_20260903/outputs/isaac_sim/zed2i_preview'), 'real_replay_manifest': None, 'real_replay_output': PosixPath('/home/ubuntu/a0509_vla_linux_field_bundle_20260903/outputs/isaac_sim/real_episode_replay.json'), 'real_replay_waypoint_stride': 1, 'joint_replay_steps_jsonl': None, 'joint_replay_output': PosixPath('/home/ubuntu/a0509_vla_linux_field_bundle_20260903/outputs/isaac_sim/joint_episode_replay.json'), 'joint_replay_rate_hz': 5.0, 'joint_replay_home_timeout_s': 20.0, 'joint_replay_home_tolerance_rad': 0.01, 'joint_replay_home_relative': False, 'joint_replay_snap_before_capture': False, 'joint_replay_place_cubes_from_real': False, 'joint_replay_orange_cube_offset_m': (0.0, 0.0, 0.0), 'joint_replay_prepare_only': False, 'joint_replay_attach_cube_on_close': False, 'joint_replay_attach_distance_m': 0.3, 'smoke_report': PosixPath('/home/ubuntu/a0509_vla_linux_field_bundle_20260903/outputs/isaac_sim/a0509_control_smoke.json'), 'steps': 0}
[Info] [carb] Logging to file: /home/ubuntu/Downloads/isaac-sim-standalone-5.1.0-linux-x86_64/kit/logs/Kit/Isaac-Sim Python/5.1/kit_20260923_112314.log
2026-09-23T02:23:14Z [1ms] [Warning] [carb.crashreporter-breakpad.plugin] [previous crash] preventing upload of minidump due to user opt-out: '/home/ubuntu/Downloads/isaac-sim-standalone-5.1.0-linux-x86_64/kit/data/Kit/Isaac-Sim Python/5.1/8d36a7e2-48b3-41c6-41305aaf-753d20a0.dmp'
[0.087s] [ext: omni.kit.async_engine-0.0.3] startup
[0.677s] [ext: omni.metrics.core-0.0.3] startup
[0.677s] [ext: omni.client.lib-1.1.0] startup
[0.702s] [ext: omni.blobkey-1.1.2] startup
[0.703s] [ext: omni.stats-1.0.1] startup
[0.704s] [ext: omni.datastore-0.0.0] startup
[0.715s] [ext: omni.client-1.3.0] startup
[0.719s] [ext: omni.ujitso.default-1.0.0] startup
[0.722s] [ext: omni.hsscclient-1.1.2] startup
[0.728s] [ext: omni.gpu_foundation.shadercache.vulkan-1.0.0] startup
[0.732s] [ext: omni.assets.plugins-0.0.0] startup
[0.735s] [ext: omni.gpu_foundation-0.0.0] startup
[0.753s] [ext: carb.windowing.plugins-1.0.0] startup
[0.769s] [ext: omni.kit.renderer.init-0.0.0] startup

|---------------------------------------------------------------------------------------------|
| Driver Version: 580.178.04    | Graphics API: Vulkan
|=============================================================================================|
| GPU | Name                             | Active | LDA | GPU Memory | Vendor-ID | LUID       |
|     |                                  |        |     |            | Device-ID | UUID       |
|     |                                  |        |     |            | Bus-ID    |            |
|---------------------------------------------------------------------------------------------|
| 0   | NVIDIA GeForce RTX 3090          | Yes: 0 |     | 24822   MB | 10de      | 0          |
|     |                                  |        |     |            | 2204      | a3ab2618.. |
|     |                                  |        |     |            | 1         |            |
|=============================================================================================|
| OS: 22.04.5 LTS (Jammy Jellyfish) ubuntu, Version: 22.04.5, Kernel: 6.8.0-138-generic
| XServer Vendor: The X.Org Foundation, XServer Version: 12101004 (1.21.1.4)
| Processor: Intel(R) Core(TM) i9-10900 CPU @ 2.80GHz
| Cores: 10 | Logical Cores: 20
|---------------------------------------------------------------------------------------------|
| Total Memory (MB): 31931 | Free Memory: 20259
| Total Page/Swap (MB): 2047 | Free Page/Swap: 0
|---------------------------------------------------------------------------------------------|
2026-09-23T02:23:16Z [1,612ms] [Warning] [gpu.foundation.plugin] CPU performance profile is set to powersave. This profile sets the CPU to the lowest frequency reducing performance.
[1.855s] [ext: omni.kit.pipapi-0.0.0] startup
[1.858s] [ext: omni.kit.pip_archive-0.0.0] startup
[1.859s] [ext: omni.pip.compute-1.6.3] startup
[1.859s] [ext: omni.materialx.libs-1.0.7] startup
[1.873s] [ext: omni.pip.cloud-1.4.3] startup
[1.879s] [ext: omni.isaac.core_archive-3.0.0] startup
[1.879s] [ext: omni.usd.config-1.0.6] startup
[1.884s] [ext: omni.gpucompute.plugins-0.0.0] startup
[1.885s] [ext: omni.usd.libs-1.0.1] startup
[2.041s] [ext: omni.kit.telemetry-0.5.2] startup
[2.070s] [ext: omni.mdl-56.0.3] startup
[2.107s] [ext: omni.iray.libs-0.0.0] startup
[2.125s] [ext: omni.mdl.neuraylib-0.2.12] startup
[2.130s] [ext: omni.kit.usd.mdl-1.1.5] startup
[2.265s] [ext: omni.isaac.ml_archive-3.0.4] startup
[2.266s] [ext: omni.kit.loop-isaac-1.3.7] startup
[2.268s] [ext: omni.kit.test-2.0.1] startup
[2.344s] [ext: omni.appwindow-1.1.10] startup
[2.346s] [ext: omni.kit.renderer.core-1.1.0] startup
[2.796s] [ext: omni.kit.renderer.capture-0.0.0] startup
[2.800s] [ext: omni.kit.renderer.imgui-2.0.5] startup
[3.002s] [ext: omni.ui-2.27.1] startup
[3.015s] [ext: omni.kit.mainwindow-1.0.3] startup
[3.016s] [ext: carb.audio-0.1.0] startup
[3.020s] [ext: omni.uiaudio-1.0.0] startup
[3.022s] [ext: omni.kit.uiapp-0.0.0] startup
[3.022s] [ext: omni.usd.schema.metrics.assembler-107.3.1] startup
[3.026s] [ext: omni.usd.schema.audio-0.0.0] startup
[3.030s] [ext: omni.anim.graph.schema-107.3.3] startup
[3.042s] [ext: omni.usd_resolver-1.0.0] startup
[3.048s] [ext: omni.usd.core-1.5.3] startup
[3.051s] [ext: omni.usd.schema.render_settings.rtx-0.0.0] startup
[3.076s] [ext: omni.usd.schema.semantics-0.0.0] startup
[3.079s] [ext: isaacsim.robot.schema-3.6.0] startup
[3.088s] [ext: omni.usd.schema.geospatial-0.0.0] startup
[3.091s] [ext: omni.usd.schema.anim-0.0.0] startup
[3.112s] [ext: omni.kit.window.popup_dialog-2.0.24] startup
[3.118s] [ext: usdrt.scenegraph-7.6.1] startup
[3.166s] [ext: omni.timeline-1.0.14] startup
[3.169s] [ext: omni.resourcemonitor-107.0.1] startup
[3.171s] [ext: omni.activity.core-1.0.3] startup
[3.173s] [ext: omni.kit.widget.nucleus_connector-2.0.1] startup
[3.175s] [ext: omni.hydra.usdrt_delegate-7.5.1] startup
[3.183s] [ext: omni.kit.actions.core-1.0.0] startup
[3.186s] [ext: omni.graph.exec-0.9.6] startup
[3.187s] [ext: omni.kit.commands-1.4.10] startup
[3.191s] [ext: omni.kit.usd_undo-0.1.8] startup
[3.192s] [ext: omni.kit.exec.core-0.13.4] startup
[3.194s] [ext: omni.kit.audiodeviceenum-1.0.2] startup
[3.196s] [ext: omni.hydra.scene_delegate-0.3.4] startup
[3.201s] [ext: omni.usd-1.13.10] startup
[3.231s] [ext: omni.kit.asset_converter-5.0.17] startup
[3.250s] [ext: omni.usd.schema.flow-107.1.1] startup
[3.251s] [ext: omni.usd.schema.omnigraph-1.0.0] startup
[3.259s] [ext: omni.usd.schema.omni_sensors-0.0.0] startup
[3.259s] [ext: omni.anim.navigation.schema-107.3.3] startup
[3.263s] [ext: omni.inspect-1.0.2] startup
[3.265s] [ext: omni.kit.notification_manager-1.0.10] startup
[3.267s] [ext: omni.graph.core-2.184.5] startup
[3.270s] [ext: isaacsim.core.deprecation_manager-0.2.7] startup
[3.271s] [ext: omni.usd.schema.physx-107.3.26] startup
[3.310s] [ext: omni.usd.schema.isaac-3.0.5] startup
[3.310s] [ext: omni.usd.schema.omniscripting-1.0.0] startup
[3.317s] [ext: omni.usd.schema.omni_lens_distortion-0.0.0] startup
[3.318s] [ext: omni.kvdb-107.3.26] startup
[3.320s] [ext: omni.usdphysics-107.3.26] startup
[3.323s] [ext: omni.physx.foundation-107.3.26] startup
[3.326s] [ext: omni.localcache-107.3.26] startup
[3.328s] [ext: omni.convexdecomposition-107.3.26] startup
[3.331s] [ext: omni.physx.cooking-107.3.26] startup
[3.335s] [ext: omni.physx-107.3.26] startup
[3.349s] [ext: omni.physics-107.3.26] startup
[3.354s] [ext: omni.kit.usd.layers-2.2.11] startup
[3.367s] [ext: omni.physics.physx-107.3.26] startup
2026-09-23T02:23:18Z [3,351ms] [Warning] [carb] Acquiring non optional plugin interface which is not listed as dependency: [omni::physx::IPhysxBenchmarks v1.0] (plugin: <default plugin>), by client: omni.physics.physx.plugin. Add it to CARB_PLUGIN_IMPL_DEPS() macro of a client.
[3.370s] [ext: omni.physics.stageupdate-107.3.26] startup
[3.374s] [ext: omni.kit.numpy.common-0.1.3] startup
[3.376s] [ext: isaacsim.core.version-2.0.6] startup
[3.377s] [ext: omni.isaac.dynamic_control-2.0.7] startup
2026-09-23T02:23:18Z [3,367ms] [Warning] [omni.isaac.dynamic_control] omni.isaac.dynamic_control is deprecated as of Isaac Sim 4.5. No action is needed from end-users.
[3.387s] [ext: isaacsim.storage.native-1.5.1] startup
[3.390s] [ext: omni.kit.menu.core-1.1.2] startup
[3.391s] [ext: omni.kit.helper.file_utils-0.1.9] startup
[3.393s] [ext: omni.usd.metrics.assembler-107.3.1] startup
[3.401s] [ext: omni.kit.widget.context_menu-1.2.5] startup
[3.403s] [ext: omni.warp.core-1.8.2] startup
[3.761s] [ext: omni.usd.metrics.assembler.physics-107.3.26] startup
[3.765s] [ext: omni.physics.tensors-107.3.26] startup
[3.774s] [ext: omni.kit.context_menu-1.8.6] startup
[3.779s] [ext: omni.kit.clipboard-1.0.5] startup
[3.781s] [ext: isaacsim.core.utils-3.5.1] startup
[3.785s] [ext: omni.kit.widget.filebrowser-2.12.3] startup
[3.793s] [ext: omni.kit.widget.options_menu-1.1.6] startup
[3.798s] [ext: omni.kit.widget.path_field-2.0.11] startup
[3.800s] [ext: omni.index.libs-380600.8087.0] startup
[3.800s] [ext: omni.ui.scene-1.11.5] startup
[3.808s] [ext: omni.kit.widget.options_button-1.0.3] startup
[3.809s] [ext: omni.kit.widget.browser_bar-2.0.10] startup
[3.811s] [ext: omni.index-1.0.1] startup
[3.813s] [ext: omni.hydra.rtx.shadercache.vulkan-1.0.0] startup
[3.814s] [ext: omni.kit.window.filepicker-2.13.4] startup
[3.839s] [ext: omni.volume-0.5.2] startup
[3.847s] [ext: omni.ujitso.client-0.0.0] startup
[3.847s] [ext: omni.graph.tools-1.79.2] startup
[3.888s] [ext: omni.graph.image.core-0.6.1] startup
[3.890s] [ext: omni.hydra.rtx-1.0.0] startup
2026-09-23T02:23:18Z [3,906ms] [Warning] [omni.log] Source: omni.hydra was already registered.
[3.961s] [ext: omni.kit.window.file_importer-1.1.18] startup
[3.964s] [ext: omni.kit.menu.utils-2.0.5] startup
[3.979s] [ext: omni.graph.image.nodes-1.3.1] startup
[3.981s] [ext: omni.kit.widget.searchable_combobox-1.0.6] startup
[3.983s] [ext: omni.kit.hydra_texture-1.4.6] startup
[3.989s] [ext: omni.kit.material.library-2.0.7] startup
[3.997s] [ext: omni.hydra.engine.stats-1.0.3] startup
[4.000s] [ext: omni.kit.viewport.scene_camera_model-1.0.6] startup
[4.007s] [ext: omni.kit.widget.settings-1.2.6] startup
[4.010s] [ext: omni.kit.viewport.legacy_gizmos-1.0.19] startup
[4.013s] [ext: omni.kit.widget.viewport-107.1.3] startup
[4.019s] [ext: omni.kit.viewport.registry-104.0.6] startup
[4.020s] [ext: omni.kit.raycast.query-1.1.0] startup
[4.030s] [ext: omni.physx.tensors-107.3.26] startup
[4.038s] [ext: omni.kit.window.drop_support-1.0.5] startup
[4.039s] [ext: omni.kit.primitive.mesh-1.0.17] startup
[4.048s] [ext: omni.kit.viewport.window-107.2.0] startup
[4.079s] [ext: omni.kit.window.preferences-1.8.0] startup
[4.088s] [ext: isaacsim.core.simulation_manager-1.4.4] startup
[6.529s] [ext: omni.graph.action_core-1.1.7] startup
[6.532s] [ext: omni.graph-1.141.2] startup
[6.607s] [ext: omni.kit.viewport.utility-1.1.2] startup
[6.608s] [ext: omni.kit.viewport.menubar.core-107.2.1] startup
[6.632s] [ext: isaacsim.core.prims-0.6.1] startup
[6.680s] [ext: omni.graph.action_nodes-1.50.4] startup
[6.686s] [ext: omni.kit.stage_template.core-1.1.22] startup
[6.691s] [ext: omni.syntheticdata-0.6.13] startup
[6.762s] [ext: omni.graph.nodes-1.170.10] startup
[6.778s] [ext: omni.graph.action-1.130.0] startup
[6.781s] [ext: omni.kit.stage_templates-2.0.0] startup
[6.797s] [ext: omni.kit.widget.filter-1.1.4] startup
[6.801s] [ext: omni.kit.widget.graph-2.0.0] startup
[6.814s] [ext: omni.kit.property.adapter.core-1.0.2] startup
[6.819s] [ext: omni.kit.window.file_exporter-1.0.33] startup
[6.821s] [ext: omni.kit.widget.searchfield-1.1.8] startup
[6.824s] [ext: omni.kit.hotkeys.core-1.3.10] startup
[6.826s] [ext: omni.kit.graph.delegate.default-1.2.3] startup
[6.827s] [ext: omni.kit.property.adapter.fabric-1.0.3] startup
[6.830s] [ext: omni.kit.widget.stage-3.1.4] startup
[6.850s] [ext: omni.kit.property.adapter.usd-1.0.2] startup
[6.853s] [ext: omni.kit.graph.editor.core-1.5.3] startup
[6.857s] [ext: omni.kit.widget.material_preview-1.0.16] startup
[6.861s] [ext: omni.kit.widget.highlight_label-1.0.3] startup
[6.862s] [ext: omni.kit.window.file-2.0.5] startup
[6.869s] [ext: omni.kit.window.content_browser_registry-0.0.6] startup
[6.872s] [ext: omni.kit.window.property-1.12.1] startup
[6.878s] [ext: omni.kit.window.content_browser-3.1.3] startup
[6.895s] [ext: omni.kit.graph.usd.commands-1.3.1] startup
[6.898s] [ext: omni.kit.property.usd-4.5.12] startup
[6.924s] [ext: omni.graph.ui_nodes-1.50.5] startup
[6.931s] [ext: omni.videoencoding-0.1.2] startup
[6.937s] [ext: omni.kit.window.material_graph-1.9.1] startup
[6.963s] [ext: omni.warp-1.8.2] startup
[6.976s] [ext: isaacsim.core.api-4.8.0] startup
[7.048s] [ext: omni.graph.scriptnode-1.50.0] startup
[7.070s] [ext: isaacsim.test.docstring-1.1.0] startup
[7.085s] [ext: isaacsim.core.experimental.utils-0.3.0] startup
[7.100s] [ext: omni.replicator.core-1.12.27] startup
2026-09-23T02:23:22Z [7,126ms] [Warning] [pxr.Semantics] pxr.Semantics is deprecated - please use Semantics instead
2026-09-23T02:23:22Z [7,336ms] [Warning] [omni.graph.core.plugin] Found duplicate of category 'Replicator' - was 'Annotators', adding 'Fabric Reader'
2026-09-23T02:23:22Z [7,336ms] [Warning] [omni.graph.core.plugin] Category 'Replicator' not accepted on node type 'omni.replicator.core.FabricReader' in extension 'omni.replicator.core'
2026-09-23T02:23:22Z [7,338ms] [Warning] [omni.replicator.core.scripts.extension] No material configuration file, adding configuration to material settings directly.
[7.363s] [ext: isaacsim.core.experimental.prims-0.8.1] startup
[7.451s] [ext: omni.kit.window.extensions-1.4.27] startup
[7.476s] [ext: isaacsim.core.experimental.objects-0.4.0] startup
[7.501s] [ext: omni.ui_query-1.1.8] startup
[7.510s] [ext: omni.kit.manipulator.viewport-107.0.1] startup
[7.518s] [ext: isaacsim.robot.surface_gripper-3.3.1] startup
[7.540s] [ext: omni.kit.ui_test-1.3.7] startup
[7.554s] [ext: omni.graph.visualization.nodes-2.1.3] startup
[7.593s] [ext: isaacsim.robot_motion.lula-4.0.8] startup
[7.618s] [ext: isaacsim.core.nodes-3.4.3] startup
[7.637s] [ext: isaacsim.gui.components-1.2.1] startup
[7.658s] [ext: isaacsim.robot_motion.motion_generation-8.0.26] startup
[7.697s] [ext: isaacsim.robot.manipulators-3.3.6] startup
[7.714s] [ext: isaacsim.core.experimental.materials-0.4.0] startup
[7.744s] [ext: isaacsim.robot.manipulators.examples-1.1.2] startup
[7.753s] [ext: isaacsim.cortex.framework-1.0.12] startup
[7.771s] [ext: isaacsim.cortex.behaviors-2.0.14] startup
[7.773s] [ext: omni.isaac.cortex.sample_behaviors-2.0.5] startup
2026-09-23T02:23:22Z [7,758ms] [Warning] [omni.isaac.cortex] omni.isaac.cortex has been deprecated in favor of isaacsim.cortex.framework. Please update your code accordingly.
2026-09-23T02:23:22Z [7,759ms] [Warning] [omni.isaac.cortex.sample_behaviors] omni.isaac.cortex.sample_behaviors has been deprecated in favor of isaacsim.cortex.behaviors. Please update your code accordingly.
[7.778s] [ext: omni.kit.widget.zoombar-1.0.6] startup
[7.801s] [ext: isaacsim.gui.content_browser-0.1.11] startup
[7.807s] [ext: omni.kit.browser.core-2.3.13] startup
[7.834s] [ext: omni.kit.widget.stage_icons-1.0.8] startup
[7.842s] [ext: omni.kit.widget.prompt-1.0.7] startup
[7.852s] [ext: omni.kit.usd.collect-2.4.5] startup
[7.896s] [ext: omni.kit.browser.folder.core-1.10.9] startup
[7.969s] [ext: omni.kit.window.stage-2.6.1] startup
[8.090s] [ext: omni.kit.usdz_export-1.0.9] startup
[8.099s] [ext: omni.kit.tool.collect-2.2.18] startup
[8.118s] [ext: omni.kit.menu.stage-1.2.7] startup
[8.142s] [ext: omni.kit.tool.asset_importer-4.3.2] startup
[8.309s] [ext: isaacsim.robot.wheeled_robots-4.0.24] startup
[8.446s] [ext: isaacsim.examples.browser-0.2.1] startup
[8.524s] [ext: isaacsim.asset.importer.urdf-2.4.30] startup
[8.756s] [ext: omni.isaac.wheeled_robots-3.0.7] startup
2026-09-23T02:23:23Z [8,740ms] [Warning] [omni.isaac.wheeled_robots] omni.isaac.wheeled_robots has been deprecated in favor of isaacsim.robot.wheeled_robots. Please update your code accordingly.
2026-09-23T02:23:23Z [8,741ms] [Warning] [omni.isaac.wheeled_robots.controllers] omni.isaac.wheeled_robots has been deprecated in favor of isaacsim.robot.wheeled_robots. Please update your code accordingly.
2026-09-23T02:23:23Z [8,741ms] [Warning] [omni.isaac.wheeled_robots.controllers.ackermann_controller] omni.isaac.wheeled_robots has been deprecated in favor of isaacsim.robot.wheeled_robots. Please update your code accordingly.
2026-09-23T02:23:23Z [8,741ms] [Warning] [omni.isaac.wheeled_robots.controllers.differential_controller] omni.isaac.wheeled_robots has been deprecated in favor of isaacsim.robot.wheeled_robots. Please update your code accordingly.
2026-09-23T02:23:23Z [8,742ms] [Warning] [omni.isaac.wheeled_robots.controllers.holonomic_controller] omni.isaac.wheeled_robots has been deprecated in favor of isaacsim.robot.wheeled_robots. Please update your code accordingly.
2026-09-23T02:23:23Z [8,742ms] [Warning] [omni.isaac.wheeled_robots.controllers.quintic_path_planner] omni.isaac.wheeled_robots has been deprecated in favor of isaacsim.robot.wheeled_robots. Please update your code accordingly.
2026-09-23T02:23:23Z [8,745ms] [Warning] [omni.isaac.wheeled_robots.controllers.stanley_control] omni.isaac.wheeled_robots has been deprecated in favor of isaacsim.robot.wheeled_robots. Please update your code accordingly.
2026-09-23T02:23:23Z [8,748ms] [Warning] [omni.isaac.wheeled_robots.controllers.wheel_base_pose_controller] omni.isaac.wheeled_robots has been deprecated in favor of isaacsim.robot.wheeled_robots. Please update your code accordingly.
2026-09-23T02:23:23Z [8,751ms] [Warning] [omni.isaac.wheeled_robots.impl] omni.isaac.wheeled_robots has been deprecated in favor of isaacsim.robot.wheeled_robots. Please update your code accordingly.
2026-09-23T02:23:23Z [8,756ms] [Warning] [omni.isaac.wheeled_robots.robots] omni.isaac.wheeled_robots has been deprecated in favor of isaacsim.robot.wheeled_robots. Please update your code accordingly.
2026-09-23T02:23:23Z [8,758ms] [Warning] [omni.isaac.wheeled_robots.robots.holonomic_robot_usd_setup] omni.isaac.wheeled_robots has been deprecated in favor of isaacsim.robot.wheeled_robots. Please update your code accordingly.
2026-09-23T02:23:23Z [8,758ms] [Warning] [omni.isaac.wheeled_robots.robots.wheeled_robot] omni.isaac.wheeled_robots has been deprecated in favor of isaacsim.robot.wheeled_robots. Please update your code accordingly.
[8.778s] [ext: isaacsim.simulation_app-2.12.2] startup
[8.781s] [ext: omni.isaac.franka-1.0.7] startup
2026-09-23T02:23:23Z [8,764ms] [Warning] [omni.isaac.franka] omni.isaac.franka has been deprecated in favor of isaacsim.robot.manipulators.examples.franka. Please update your code accordingly.
2026-09-23T02:23:23Z [8,764ms] [Warning] [omni.isaac.franka.franka] omni.isaac.franka has been deprecated in favor of isaacsim.robot.manipulators.examples.franka. Please update your code accordingly.
2026-09-23T02:23:23Z [8,798ms] [Warning] [omni.isaac.franka.kinematics_solver] omni.isaac.franka has been deprecated in favor of isaacsim.robot.manipulators.examples.franka. Please update your code accordingly.
[8.818s] [ext: omni.isaac.kit-2.0.6] startup
2026-09-23T02:23:23Z [8,803ms] [Warning] [omni.isaac.kit] omni.isaac.kit has been deprecated in favor of isaacsim.simulation_app. Please update your code accordingly.
[8.822s] [ext: omni.kit.selection-0.1.6] startup
[8.827s] [ext: omni.isaac.lula-4.0.6] startup
2026-09-23T02:23:23Z [8,809ms] [Warning] [omni.isaac.lula] omni.isaac.lula has been deprecated in favor of isaacsim.robot_motion.lula. Please update your code accordingly.
[8.829s] [ext: isaacsim.robot_motion.lula_test_widget-1.0.12] startup
[8.834s] [ext: isaacsim.asset.browser-1.3.23] startup
[9.042s] [ext: omni.kit.viewport.actions-107.0.2] startup
[9.051s] [ext: isaacsim.gui.menu-2.4.4] startup
[9.061s] [ext: omni.isaac.manipulators-3.0.7] startup
2026-09-23T02:23:24Z [9,045ms] [Warning] [omni.isaac.manipulators] omni.isaac.manipulators has been deprecated in favor of isaacsim.robot.manipulators. Please update your code accordingly.
2026-09-23T02:23:24Z [9,046ms] [Warning] [omni.isaac.manipulators.controllers] omni.isaac.manipulators has been deprecated in favor of isaacsim.robot.manipulators. Please update your code accordingly.
2026-09-23T02:23:24Z [9,046ms] [Warning] [omni.isaac.manipulators.controllers.pick_place_controller] omni.isaac.manipulators has been deprecated in favor of isaacsim.robot.manipulators. Please update your code accordingly.
2026-09-23T02:23:24Z [9,050ms] [Warning] [omni.isaac.manipulators.controllers.stacking_controller] omni.isaac.manipulators has been deprecated in favor of isaacsim.robot.manipulators. Please update your code accordingly.
2026-09-23T02:23:24Z [9,051ms] [Warning] [omni.isaac.manipulators.grippers] omni.isaac.manipulators has been deprecated in favor of isaacsim.robot.manipulators. Please update your code accordingly.
2026-09-23T02:23:24Z [9,051ms] [Warning] [omni.isaac.manipulators.grippers.gripper] omni.isaac.manipulators has been deprecated in favor of isaacsim.robot.manipulators. Please update your code accordingly.
2026-09-23T02:23:24Z [9,051ms] [Warning] [omni.isaac.manipulators.grippers.parallel_gripper] omni.isaac.manipulators has been deprecated in favor of isaacsim.robot.manipulators. Please update your code accordingly.
2026-09-23T02:23:24Z [9,051ms] [Warning] [omni.isaac.manipulators.grippers.surface_gripper] omni.isaac.manipulators has been deprecated in favor of isaacsim.robot.manipulators. Please update your code accordingly.
2026-09-23T02:23:24Z [9,052ms] [Warning] [omni.isaac.manipulators.manipulators] omni.isaac.manipulators has been deprecated in favor of isaacsim.robot.manipulators. Please update your code accordingly.
2026-09-23T02:23:24Z [9,052ms] [Warning] [omni.isaac.manipulators.manipulators.single_manipulator] omni.isaac.manipulators has been deprecated in favor of isaacsim.robot.manipulators. Please update your code accordingly.
[9.071s] [ext: omni.isaac.lula_test_widget-1.0.6] startup
2026-09-23T02:23:24Z [9,056ms] [Warning] [omni.isaac.lula_test_widget] omni.isaac.lula_test_widget has been deprecated in favor of isaacsim.robot_motion.lula_test_widget. Please update your code accordingly.
[9.075s] [ext: omni.isaac.asset_browser-1.0.6] startup
2026-09-23T02:23:24Z [9,059ms] [Warning] [omni.isaac.asset_browser] omni.isaac.asset_browser has been deprecated in favor of isaacsim.asset.browser. Please update your code accordingly.
[9.079s] [ext: omni.kit.viewport.menubar.display-107.0.3] startup
[9.089s] [ext: omni.isaac.menu-1.0.6] startup
2026-09-23T02:23:24Z [9,072ms] [Warning] [omni.isaac.menu] omni.isaac.menu has been deprecated in favor of isaacsim.gui.menu. Please update your code accordingly.
[9.091s] [ext: omni.isaac.motion_generation-8.0.7] startup
2026-09-23T02:23:24Z [9,078ms] [Warning] [omni.isaac.motion_generation] omni.isaac.motion_generation has been deprecated in favor of isaacsim.robot_motion.motion_generation. Please update your code accordingly.
2026-09-23T02:23:24Z [9,079ms] [Warning] [omni.isaac.motion_generation.articulation_kinematics_solver] omni.isaac.motion_generation has been deprecated in favor of isaacsim.robot_motion.motion_generation. Please update your code accordingly.
2026-09-23T02:23:24Z [9,079ms] [Warning] [omni.isaac.motion_generation.articulation_motion_policy] omni.isaac.motion_generation has been deprecated in favor of isaacsim.robot_motion.motion_generation. Please update your code accordingly.
2026-09-23T02:23:24Z [9,080ms] [Warning] [omni.isaac.motion_generation.articulation_trajectory] omni.isaac.motion_generation has been deprecated in favor of isaacsim.robot_motion.motion_generation. Please update your code accordingly.
2026-09-23T02:23:24Z [9,080ms] [Warning] [omni.isaac.motion_generation.kinematics_interface] omni.isaac.motion_generation has been deprecated in favor of isaacsim.robot_motion.motion_generation. Please update your code accordingly.
2026-09-23T02:23:24Z [9,080ms] [Warning] [omni.isaac.motion_generation.lula] omni.isaac.motion_generation has been deprecated in favor of isaacsim.robot_motion.motion_generation. Please update your code accordingly.
2026-09-23T02:23:24Z [9,080ms] [Warning] [omni.isaac.motion_generation.lula.kinematics] omni.isaac.motion_generation has been deprecated in favor of isaacsim.robot_motion.motion_generation. Please update your code accordingly.
2026-09-23T02:23:24Z [9,081ms] [Warning] [omni.isaac.motion_generation.lula.motion_policies] omni.isaac.motion_generation has been deprecated in favor of isaacsim.robot_motion.motion_generation. Please update your code accordingly.
2026-09-23T02:23:24Z [9,081ms] [Warning] [omni.isaac.motion_generation.lula.path_planners] omni.isaac.motion_generation has been deprecated in favor of isaacsim.robot_motion.motion_generation. Please update your code accordingly.
2026-09-23T02:23:24Z [9,081ms] [Warning] [omni.isaac.motion_generation.lula.trajectory_generator] omni.isaac.motion_generation has been deprecated in favor of isaacsim.robot_motion.motion_generation. Please update your code accordingly.
2026-09-23T02:23:24Z [9,081ms] [Warning] [omni.isaac.motion_generation.motion_policy_controller] omni.isaac.motion_generation has been deprecated in favor of isaacsim.robot_motion.motion_generation. Please update your code accordingly.
2026-09-23T02:23:24Z [9,082ms] [Warning] [omni.isaac.motion_generation.motion_policy_interface] omni.isaac.motion_generation has been deprecated in favor of isaacsim.robot_motion.motion_generation. Please update your code accordingly.
2026-09-23T02:23:24Z [9,082ms] [Warning] [omni.isaac.motion_generation.path_planner_visualizer] omni.isaac.motion_generation has been deprecated in favor of isaacsim.robot_motion.motion_generation. Please update your code accordingly.
2026-09-23T02:23:24Z [9,082ms] [Warning] [omni.isaac.motion_generation.path_planning_interface] omni.isaac.motion_generation has been deprecated in favor of isaacsim.robot_motion.motion_generation. Please update your code accordingly.
2026-09-23T02:23:24Z [9,082ms] [Warning] [omni.isaac.motion_generation.trajectory] omni.isaac.motion_generation has been deprecated in favor of isaacsim.robot_motion.motion_generation. Please update your code accordingly.
2026-09-23T02:23:24Z [9,083ms] [Warning] [omni.isaac.motion_generation.world_interface] omni.isaac.motion_generation has been deprecated in favor of isaacsim.robot_motion.motion_generation. Please update your code accordingly.
[9.102s] [ext: omni.isaac.assets_check-0.3.13] startup
2026-09-23T02:23:24Z [9,086ms] [Warning] [omni.isaac.assets_check] omni.isaac.assets_check has been deprecated in favor of isaacsim.asset.browser. Please update your code accordingly.
[9.105s] [ext: isaacsim.gui.sensors.icon-2.0.3] startup
[9.136s] [ext: isaacsim.asset.importer.mjcf-2.5.13] startup
[9.147s] [ext: omni.sensors.nv.common-3.0.0] startup
[9.169s] [ext: isaacsim.sensors.physics-0.4.3] startup
[9.180s] [ext: omni.sensors.net-1.0.0] startup
[9.186s] [ext: omni.isaac.nucleus-1.0.6] startup
2026-09-23T02:23:24Z [9,168ms] [Warning] [omni.isaac.nucleus] omni.isaac.nucleus has been deprecated in favor of isaacsim.storage.native. Please update your code accordingly.
2026-09-23T02:23:24Z [9,169ms] [Warning] [omni.isaac.nucleus.nucleus] omni.isaac.nucleus.nucleus has been deprecated in favor of isaacsim.storage.native. Please update your code accordingly.
[9.188s] [ext: omni.sensors.nv.materials-2.0.0] startup
[9.195s] [ext: isaacsim.robot.policy.examples-4.1.11] startup
[9.203s] [ext: omni.sensors.nv.wpm-3.0.0] startup
[9.209s] [ext: omni.sensors.nv.lidar-3.0.0] startup
[9.219s] [ext: isaacsim.util.debug_draw-3.1.0] startup
[9.224s] [ext: omni.sensors.nv.radar-3.0.0] startup
[9.229s] [ext: omni.sensors.nv.ids-2.0.0] startup
[9.231s] [ext: isaacsim.core.cloner-1.4.10] startup
[9.234s] [ext: isaacsim.sensors.physx-2.3.2] startup
[9.241s] [ext: isaacsim.sensors.rtx-15.8.4] startup
[9.257s] [ext: isaacsim.sensors.camera-1.3.6] startup
[9.276s] [ext: omni.isaac.quadruped-3.0.7] startup
2026-09-23T02:23:24Z [9,261ms] [Warning] [omni.isaac.quadruped] omni.isaac.quadruped has been deprecated in favor of isaacsim.robot.policy.examples. Please update your code accordingly.
[9.280s] [ext: omni.isaac.cloner-1.0.7] startup
2026-09-23T02:23:24Z [9,265ms] [Warning] [omni.isaac.cloner] omni.isaac.cloner has been deprecated in favor of isaacsim.core.cloner. Please update your code accordingly.
[9.284s] [ext: omni.isaac.range_sensor-4.0.6] startup
2026-09-23T02:23:24Z [9,273ms] [Warning] [omni.isaac.range_sensor] omni.isaac.range_sensor has been deprecated in favor of isaacsim.sensors.physx. Please update your code accordingly.
2026-09-23T02:23:24Z [9,273ms] [Warning] [omni.isaac.range_sensor.commands] omni.isaac.range_sensor.commands has been deprecated in favor of isaacsim.sensors.physx.commands. Please update your code accordingly.
[9.296s] [ext: omni.isaac.sensor-13.0.7] startup
2026-09-23T02:23:24Z [9,280ms] [Warning] [omni.isaac.sensor] omni.isaac.sensor has been deprecated in favor of isaacsim.sensors.camera, isaacsim.sensors.physics, isaacsim.sensors.physx, and isaacsim.sensors.rtx. Please update your code accordingly.
2026-09-23T02:23:24Z [9,283ms] [Warning] [omni.isaac.sensor.camera] omni.isaac.sensor.camera has been deprecated in favor of isaacsim.sensors.camera.camera. Please update your code accordingly.
2026-09-23T02:23:24Z [9,284ms] [Warning] [omni.isaac.sensor.camera_view] omni.isaac.sensor.camera_view has been deprecated in favor of isaacsim.sensors.camera.camera_view. Please update your code accordingly.
2026-09-23T02:23:24Z [9,284ms] [Warning] [omni.isaac.sensor.commands] omni.isaac.sensor.commands has been deprecated in favor of isaacsim.sensors.physics.commands, isaacsim.sensors.physx.commands, and isaacsim.sensors.rtx.commands. Please update your code accordingly.
2026-09-23T02:23:24Z [9,285ms] [Warning] [omni.isaac.sensor.contact_sensor] omni.isaac.sensor.contact_sensor has been deprecated in favor of isaacsim.sensors.physics.contact_sensor. Please update your code accordingly.
2026-09-23T02:23:24Z [9,285ms] [Warning] [omni.isaac.sensor.imu_sensor] omni.isaac.sensor.imu_sensor has been deprecated in favor of isaacsim.sensors.physics.imu_sensor. Please update your code accordingly.
2026-09-23T02:23:24Z [9,285ms] [Warning] [omni.isaac.sensor.lidar_rtx] omni.isaac.sensor.lidar_rtx has been deprecated in favor of isaacsim.sensors.rtx.lidar_rtx. Please update your code accordingly.
2026-09-23T02:23:24Z [9,285ms] [Warning] [omni.isaac.sensor.rotating_lidar_physX] omni.isaac.sensor.imu_sensor has been deprecated in favor of isaacsim.sensors.physix.rotating_lidar_physX. Please update your code accordingly.
2026-09-23T02:23:24Z [9,286ms] [Warning] [omni.isaac.sensor.scripts.samples.contact_sensor] omni.isaac.sensor.scripts.samples.contact_sensor has been deprecated in favor of isaacsim.sensors.physics.scripts.samples.contact_sensor. Please update your code accordingly.
2026-09-23T02:23:24Z [9,286ms] [Warning] [omni.isaac.sensor.scripts.samples.imu_sensor] omni.isaac.sensor.scripts.samples.imu_sensor has been deprecated in favor of isaacsim.sensors.physics.scripts.samples.imu_sensor. Please update your code accordingly.
2026-09-23T02:23:24Z [9,287ms] [Warning] [omni.isaac.sensor.scripts.samples.lightbeam_sensor] omni.isaac.sensor.scripts.samples.lightbeam_sensor has been deprecated in favor of isaacsim.sensors.physx.scripts.samples.lightbeam_sensor. Please update your code accordingly.
[9.310s] [ext: omni.kit.menu.create-2.0.1] startup
[9.320s] [ext: omni.kit.widget.toolbar-2.0.1] startup
[9.342s] [ext: omni.kit.manipulator.transform-107.0.0] startup
[9.351s] [ext: omni.isaac.core-4.0.7] startup
2026-09-23T02:23:24Z [9,335ms] [Warning] [omni.isaac.core.physics_context.physics_context] omni.isaac.core.physics_context.physics_context has been deprecated in favor of isaacsim.core.api.physics_context.physics_context. Please update your code accordingly.
2026-09-23T02:23:24Z [9,335ms] [Warning] [omni.isaac.core.simulation_context.simulation_context] omni.isaac.core.simulation_context.simulation_context has been deprecated in favor of isaacsim.core.api.simulation_context.simulation_context. Please update your code accordingly.
2026-09-23T02:23:24Z [9,335ms] [Warning] [omni.isaac.core.world.world] omni.isaac.core.world.world has been deprecated in favor of isaacsim.core.api.world.world. Please update your code accordingly.
2026-09-23T02:23:24Z [9,336ms] [Warning] [omni.isaac.core] omni.isaac.core has been deprecated in favor of isaacsim.core.api. Please update your code accordingly.
[9.355s] [ext: omni.kit.scripting-107.3.2] startup
[9.369s] [ext: omni.kit.manipulator.tool.snap-1.5.13] startup
[9.379s] [ext: omni.kit.manipulator.selector-1.1.3] startup
[9.382s] [ext: isaacsim.app.about-2.0.11] startup
[9.391s] [ext: isaacsim.replicator.behavior-1.1.16] startup
[9.393s] [ext: omni.kit.viewport.manipulator.transform-107.0.4] startup
[9.398s] [ext: omni.isaac.window.about-2.0.7] startup
2026-09-23T02:23:24Z [9,383ms] [Warning] [omni.isaac.window.about] omni.isaac.window.about has been deprecated in favor of isaacsim.app.about. Please update your code accordingly.
2026-09-23T02:23:24Z [9,383ms] [Warning] [omni.isaac.window.about.about] omni.isaac.window.about.about has been deprecated in favor of isaacsim.app.about.about. Please update your code accordingly.
[9.403s] [ext: omni.fabric.commands-1.1.6] startup
[9.408s] [ext: omni.kit.manipulator.prim.core-107.0.8] startup
[9.420s] [ext: omni.kit.property.audio-1.0.16] startup
[9.423s] [ext: omni.kit.property.camera-1.0.10] startup
[9.426s] [ext: omni.kit.property.geometry-2.0.4] startup
[9.432s] [ext: omni.hydra.scene_api-0.1.2] startup
[9.440s] [ext: omni.kit.property.light-1.0.12] startup
[9.457s] [ext: omni.kit.manipulator.prim.fabric-107.0.4] startup
[9.461s] [ext: omni.kit.manipulator.prim.usd-107.0.3] startup
[9.464s] [ext: omni.kit.property.material-1.11.9] startup
[9.477s] [ext: omni.kit.property.render-1.2.1] startup
[9.481s] [ext: omni.kit.property.transform-1.5.13] startup
[9.488s] [ext: isaacsim.gui.property-1.1.3] startup
[9.492s] [ext: omni.kit.manipulator.camera-106.0.4] startup
[9.498s] [ext: omni.kit.manipulator.prim-107.0.0] startup
[9.499s] [ext: omni.isaac.surface_gripper-2.0.6] startup
2026-09-23T02:23:24Z [9,481ms] [Warning] [omni.isaac.surface_gripper] omni.isaac.surface_gripper has been deprecated in favor of isaacsim.robot.surface_gripper. Please update your code accordingly.
[9.500s] [ext: omni.kit.manipulator.selection-106.0.1] startup
[9.508s] [ext: omni.kit.property.bundle-1.4.1] startup
[9.511s] [ext: omni.kit.property.isaac-1.0.6] startup
2026-09-23T02:23:24Z [9,495ms] [Warning] [omni.kit.property.isaac] omni.kit.property.isaac has been deprecated in favor of isaacsim.gui.property. Please update your code accordingly.
2026-09-23T02:23:24Z [9,495ms] [Warning] [omni.kit.property.isaac.widgets] omni.kit.property.isaac.widgets has been deprecated in favor of isaacsim.gui.property.widgets. Please update your code accordingly.
[9.514s] [ext: omni.isaac.universal_robots-1.0.6] startup
2026-09-23T02:23:24Z [9,497ms] [Warning] [omni.isaac.universal_robots] omni.isaac.universal_robots has been deprecated in favor of isaacsim.robot.manipulators.examples.universal_robots. Please update your code accordingly.
2026-09-23T02:23:24Z [9,497ms] [Warning] [omni.isaac.universal_robots.kinematics_solver] omni.isaac.franka has been deprecated in favor of isaacsim.robot.manipulators.examples.universal_robots. Please update your code accordingly.
2026-09-23T02:23:24Z [9,499ms] [Warning] [omni.isaac.universal_robots.ur10] omni.isaac.franka has been deprecated in favor of isaacsim.robot.manipulators.examples.universal_robots. Please update your code accordingly.
[9.518s] [ext: omni.isaac.core_nodes-2.0.6] startup
2026-09-23T02:23:24Z [9,504ms] [Warning] [omni.isaac.core_nodes] omni.isaac.core_nodes has been deprecated in favor of isaacsim.core.nodes. Please update your code accordingly.
[9.523s] [ext: omni.kit.viewport.menubar.camera-107.0.6] startup
[9.538s] [ext: omni.kit.viewport.menubar.lighting-107.3.1] startup
[9.542s] [ext: isaacsim.replicator.writers-1.0.17] startup
[9.576s] [ext: omni.kit.viewport.menubar.render-107.0.10] startup
[9.587s] [ext: omni.kit.viewport.menubar.settings-107.0.3] startup
[9.599s] [ext: omni.kit.window.console-1.1.4] startup
[9.608s] [ext: isaacsim.replicator.domain_randomization-1.0.16] startup
[9.612s] [ext: isaacsim.replicator.examples-1.3.6] startup
[9.620s] [ext: omni.ocio-0.1.1] startup
[9.627s] [ext: omni.rtx.window.settings-0.6.19] startup
[9.643s] [ext: omni.kit.window.status_bar-0.1.9] startup
[9.656s] [ext: omni.kit.window.toolbar-2.0.0] startup
[9.666s] [ext: omni.replicator.isaac-2.0.8] startup
2026-09-23T02:23:24Z [9,649ms] [Warning] [omni.replicator.isaac] omni.replicator.isaac has been deprecated in favor of isaacsim.replicator.domain_randomization, isaacsim.replicator.examples, isaacsim.replicator.writers. Please update your code accordingly.
[9.670s] [ext: omni.replicator.replicator_yaml-2.0.11] startup
[9.703s] [ext: omni.rtx.settings.core-0.6.5] startup
[9.718s] [ext: omni.usd.metrics.assembler.ui-107.3.1] startup
[9.732s] [ext: omni.isaac.utils-2.0.6] startup
[9.734s] [ext: semantics.schema.editor-2.0.2] startup
[9.744s] [ext: omni.kit.ui.actions-1.0.5] startup
[9.748s] [ext: semantics.schema.property-2.0.1] startup
[9.752s] [ext: omni.isaac.version-2.0.7] startup
2026-09-23T02:23:24Z [9,735ms] [Warning] [omni.isaac.version] omni.isaac.version has been deprecated in favor of isaacsim.core.version. Please update your code accordingly.
[9.754s] [ext: omni.isaac.cortex-1.0.5] startup
[9.756s] [ext: omni.anim.curve.core-1.3.1] startup
[9.773s] [ext: isaacsim.core.throttling-2.2.2] startup
[9.778s] [ext: omni.kit.menu.common-2.0.1] startup
[9.783s] [ext: isaacsim.exp.base-5.1.0] startup
[9.784s] [ext: isaacsim.exp.base.python-5.1.0] startup
[9.786s] Simulation App Starting
2026-09-23T02:23:24Z [9,898ms] [Warning] [omni.fabric.plugin] Warning: attribute resolution not found for bucket id 35

[10.091s] app ready
Starting kit application with the following args:  ['/home/ubuntu/Downloads/isaac-sim-standalone-5.1.0-linux-x86_64/exts/isaacsim.simulation_app/isaacsim/simulation_app/simulation_app.py', '/home/ubuntu/Downloads/isaac-sim-standalone-5.1.0-linux-x86_64/apps/isaacsim.exp.base.python.kit', '--/app/tokens/exe-path=/home/ubuntu/Downloads/isaac-sim-standalone-5.1.0-linux-x86_64/kit', '--/persistent/app/viewport/displayOptions=3094', '--/rtx/materialDb/syncLoads=True', '--/rtx/hydra/materialSyncLoads=True', '--/omni.kit.plugin/syncUsdLoads=True', '--/app/renderer/resolution/width=1440', '--/app/renderer/resolution/height=900', '--/app/window/width=1440', '--/app/window/height=900', '--/renderer/multiGpu/enabled=True', '--/app/fastShutdown=True', '--/app/installSignalHandlers=0', '--ext-folder', '/home/ubuntu/Downloads/isaac-sim-standalone-5.1.0-linux-x86_64/exts', '--ext-folder', '/home/ubuntu/Downloads/isaac-sim-standalone-5.1.0-linux-x86_64/apps', '--/physics/cudaDevice=0', '--/plugins/carb.tasking.plugin/threadCount=20', '--/plugins/omni.tbb.globalcontrol/maxThreadCount=20', '--portable', '--no-window', '--/app/window/hideUi=1']
Passing the following args to the base kit application:  ['--scene', '/home/ubuntu/a0509_vla_linux_field_bundle_20260903/validation/a0509_project/USD/version_1/a0509_version_1_scaled_85x60.usda', '--urdf', '/home/ubuntu/a0509_vla_linux_field_bundle_20260903/validation/a0509_project/urdf/a0509.urdf', '--headless', '--enable-camera', '--secondary-camera', '', '--home-config', '/home/ubuntu/a0509_vla_linux_field_bundle_20260903/isaac_sim/config/a0509_home_pose.json', '--camera-width', '1280', '--camera-height', '720', '--record-hz', '5.0', '--render-hz', '5.0', '--vla-validate-episodes', '1', '--vla-validation-seed', '9406', '--vla-server-url', 'http://127.0.0.1:8765', '--vla-statistics', '/home/ubuntu/a0509_vla_linux_field_bundle_20260903/models/oft_mixed480_step28560/dataset_statistics.json', '--vla-validation-output', '/home/ubuntu/a0509_vla_linux_field_bundle_20260903/lhj/phase9_sim_policy_shadow_replay/01_sim_policy_rollout_episode4_sim_baseline/episode4_sim_baseline_redprompt_k5_seed9406_1ep.json', '--vla-max-policy-steps', '500', '--vla-stagnation-policy-steps', '25', '--vla-policy-hold-steps', '12', '--vla-actions-per-inference', '5', '--vla-gripper-full-travel-duration-s', '0.6', '--motion-speed-scale', '1.7126963727221802', '--vla-expected-variant', 'oftplus_h5_vision', '--uncapped-simulation', '--vla-continuous-gripper', '--vla-layout-manifest', '/home/ubuntu/a0509_vla_linux_field_bundle_20260903/lhj/phase9_sim_policy_shadow_replay/00_inputs_episode4_sim_baseline/vla_layout_manifest.json', '--vla-video-frames-dir', '/home/ubuntu/a0509_vla_linux_field_bundle_20260903/lhj/phase9_sim_policy_shadow_replay/01_sim_policy_rollout_episode4_sim_baseline/episode4_sim_baseline_redprompt_k5_seed9406_1ep_20260923_112314_video_frames', '--vla-video-fps', '5']
Warp 1.8.2 initialized:
   CUDA Toolkit 12.8, Driver 13.0
   Devices:
     "cpu"      : "x86_64"
     "cuda:0"   : "NVIDIA GeForce RTX 3090" (24 GiB, sm_86, mempool enabled)
   Kernel cache:
     /home/ubuntu/.cache/warp/1.8.2
Warp DeprecationWarning: The `warp.sim` module is deprecated and will be removed in v1.10. Please transition to using the forthcoming Newton library instead.
Opening usd file at  /home/ubuntu/a0509_vla_linux_field_bundle_20260903/validation/a0509_project/USD/version_1/a0509_version_1_scaled_85x60.usda  ...Done.
A0509_CONTROL_SIMULATION_RATE_LIMIT uncapped=true
A0509_CONTROL_BASE_YAW prim=/World/a0509 yaw_deg=0.0 source=session_layer
A0509_CONTROL_ATTACH_ONLY root_layer=/home/ubuntu/a0509_vla_linux_field_bundle_20260903/validation/a0509_project/USD/version_1/a0509_version_1_scaled_85x60.usda edit_target=anon:0x47b7e510 root_dirty_on_open=True
A0509_CONTROL_TARGET_CUBE_LAYERS same=True strongest={'red': '/home/ubuntu/a0509_vla_linux_field_bundle_20260903/validation/a0509_project/USD/version_1/a0509_version_1_scaled_85x60.usda', 'yellow': '/home/ubuntu/a0509_vla_linux_field_bundle_20260903/validation/a0509_project/USD/version_1/a0509_version_1_scaled_85x60.usda', 'blue': '/home/ubuntu/a0509_vla_linux_field_bundle_20260903/validation/a0509_project/USD/version_1/a0509_version_1_scaled_85x60.usda'}
A0509_CONTROL_SESSION_PHYSICS_SCENE path=/physicsScene source_usda_modified=false
A0509_CONTROL_EXISTING_PHYSICS_SCENES=['/physicsScene']
A0509_CONTROL_ROBOT_READY dofs=['joint_1', 'joint_2', 'joint_3', 'joint_4', 'joint_5', 'joint_6', 'gripper_joint_1', 'gripper_joint_2']
A0509_CONTROL_RENDER_PRODUCT name=primary path=/Render/OmniverseKit/HydraTextures/Replicator_04 camera=['/World/a0509/link_6/tool0/left_Camera'] resolution=(1280, 720) vars=['/Render/Vars/LdrColorSD', '/Render/Vars/LdrColor']
A0509_CONTROL_RENDER_PRODUCTS=['/Render/OmniverseKit/HydraTextures/omni_kit_widget_viewport_ViewportTexture_0', '/Render/OmniverseKit/HydraTextures/Replicator', '/Render/OmniverseKit/HydraTextures/Replicator_01', '/Render/OmniverseKit/HydraTextures/Replicator_02', '/Render/OmniverseKit/HydraTextures/Replicator_03', '/Render/OmniverseKit/HydraTextures/Replicator_04']
A0509_CONTROL_CAMERAS_READY names=['primary']
A0509_CONTROL_PLANNER_READY
A0509_CONTROL_RUNTIME_READY
A0509_CONTROL_CAMERA_WARMUP_START
A0509_CONTROL_CAMERA_WARMUP_DONE
A0509_VLA_VALIDATION_CONFIGURING
A0509_VLA_VALIDATION_STARTED={"episodes": 1, "seed": 9406, "server_url": "http://127.0.0.1:8765", "expected_variant": "oftplus_h5_vision", "output": "/home/ubuntu/a0509_vla_linux_field_bundle_20260903/lhj/phase9_sim_policy_shadow_replay/01_sim_policy_rollout_episode4_sim_baseline/episode4_sim_baseline_redprompt_k5_seed9406_1ep.json"}
[11.261s] Simulation App Startup Complete
[93m[Lula] CUDA not enabled in build. Creating 'BasicTree' instead of 'CudaTree'
[0m[93m[Lula] CUDA not enabled in build. Creating 'BasicTree' instead of 'CudaTree'
[0m2026-09-23T02:23:28Z [13,867ms] [Warning] [omni.fabric.plugin] getAttributeCount called on non-existent path /World/a0509/tool1_2/collisions/right_finger_v2
2026-09-23T02:23:28Z [13,867ms] [Warning] [omni.fabric.plugin] getTypes called on non-existent path /World/a0509/tool1_2/collisions/right_finger_v2
2026-09-23T02:23:30Z [15,377ms] [Warning] [omni.syntheticdata.plugin] OgnSdPostRenderVarToHost : rendervar copy from texture directly to host buffer is counter-performant. Please use copy from texture to device buffer first.
2026-09-23T02:23:31Z [16,668ms] [Warning] [carb] Client gpu.foundation.plugin has acquired [gpu::unstable::IMemoryBudgetManagerFactory v0.1] 100 times. Consider accessing this interface with carb::getCachedInterface() (Performance warning)
2026-09-23T02:23:32Z [17,149ms] [Warning] [isaacsim.core.simulation_manager.plugin] No adjacent samples found for interpolation at time 111/30
2026-09-23T02:23:32Z [17,166ms] [Warning] [isaacsim.core.simulation_manager.plugin] No adjacent samples found for interpolation at time 112/30
2026-09-23T02:23:32Z [17,180ms] [Warning] [isaacsim.core.simulation_manager.plugin] No adjacent samples found for interpolation at time 113/30
2026-09-23T02:23:32Z [17,236ms] [Warning] [isaacsim.core.simulation_manager.plugin] No adjacent samples found for interpolation at time 118/30
2026-09-23T02:23:32Z [17,247ms] [Warning] [isaacsim.core.simulation_manager.plugin] No adjacent samples found for interpolation at time 119/30
2026-09-23T02:23:32Z [17,259ms] [Warning] [isaacsim.core.simulation_manager.plugin] No adjacent samples found for interpolation at time 120/30
2026-09-23T02:23:32Z [17,314ms] [Warning] [isaacsim.core.simulation_manager.plugin] No adjacent samples found for interpolation at time 125/30
2026-09-23T02:23:32Z [17,326ms] [Warning] [isaacsim.core.simulation_manager.plugin] No adjacent samples found for interpolation at time 126/30
2026-09-23T02:23:32Z [17,337ms] [Warning] [isaacsim.core.simulation_manager.plugin] No adjacent samples found for interpolation at time 127/30
[93m[Lula] CUDA not enabled in build. Creating 'BasicTree' instead of 'CudaTree'
[0m[93m[Lula] CUDA not enabled in build. Creating 'BasicTree' instead of 'CudaTree'
[0m2026-09-23T02:24:04Z [49,417ms] [Warning] [isaacsim.core.simulation_manager.plugin] No adjacent samples found for interpolation at time 1514/30
2026-09-23T02:24:04Z [49,697ms] [Warning] [isaacsim.core.simulation_manager.plugin] No adjacent samples found for interpolation at time 1515/30
2026-09-23T02:24:04Z [49,698ms] [Warning] [isaacsim.core.simulation_manager.plugin] No adjacent samples found for interpolation at time 1516/30
2026-09-23T02:24:04Z [49,698ms] [Warning] [isaacsim.core.simulation_manager.plugin] No adjacent samples found for interpolation at time 1517/30
2026-09-23T02:24:04Z [49,698ms] [Warning] [isaacsim.core.simulation_manager.plugin] No adjacent samples found for interpolation at time 1518/30
2026-09-23T02:24:06Z [51,229ms] [Warning] [isaacsim.core.simulation_manager.plugin] No adjacent samples found for interpolation at time 1579/30
2026-09-23T02:24:06Z [51,485ms] [Warning] [isaacsim.core.simulation_manager.plugin] No adjacent samples found for interpolation at time 1580/30
2026-09-23T02:24:06Z [51,486ms] [Warning] [isaacsim.core.simulation_manager.plugin] No adjacent samples found for interpolation at time 1581/30
2026-09-23T02:24:06Z [51,486ms] [Warning] [isaacsim.core.simulation_manager.plugin] No adjacent samples found for interpolation at time 1582/30
2026-09-23T02:24:06Z [51,486ms] [Warning] [isaacsim.core.simulation_manager.plugin] No adjacent samples found for interpolation at time 1583/30
2026-09-23T02:24:07Z [53,006ms] [Warning] [isaacsim.core.simulation_manager.plugin] No adjacent samples found for interpolation at time 1644/30
2026-09-23T02:24:08Z [53,254ms] [Warning] [isaacsim.core.simulation_manager.plugin] No adjacent samples found for interpolation at time 1645/30
2026-09-23T02:24:08Z [53,255ms] [Warning] [isaacsim.core.simulation_manager.plugin] No adjacent samples found for interpolation at time 1646/30
2026-09-23T02:24:08Z [53,255ms] [Warning] [isaacsim.core.simulation_manager.plugin] No adjacent samples found for interpolation at time 1647/30
2026-09-23T02:24:09Z [54,779ms] [Warning] [isaacsim.core.simulation_manager.plugin] No adjacent samples found for interpolation at time 1708/30
2026-09-23T02:24:09Z [55,019ms] [Warning] [isaacsim.core.simulation_manager.plugin] No adjacent samples found for interpolation at time 1709/30
2026-09-23T02:24:09Z [55,020ms] [Warning] [isaacsim.core.simulation_manager.plugin] No adjacent samples found for interpolation at time 1710/30
2026-09-23T02:24:09Z [55,020ms] [Warning] [isaacsim.core.simulation_manager.plugin] No adjacent samples found for interpolation at time 1711/30
2026-09-23T02:24:11Z [56,536ms] [Warning] [isaacsim.core.simulation_manager.plugin] No adjacent samples found for interpolation at time 1772/30
2026-09-23T02:24:11Z [56,786ms] [Warning] [isaacsim.core.simulation_manager.plugin] No adjacent samples found for interpolation at time 1773/30
2026-09-23T02:24:11Z [56,786ms] [Warning] [isaacsim.core.simulation_manager.plugin] No adjacent samples found for interpolation at time 1774/30
2026-09-23T02:24:11Z [56,787ms] [Warning] [isaacsim.core.simulation_manager.plugin] No adjacent samples found for interpolation at time 1775/30
2026-09-23T02:24:11Z [56,787ms] [Warning] [isaacsim.core.simulation_manager.plugin] No adjacent samples found for interpolation at time 1776/30
2026-09-23T02:24:13Z [58,322ms] [Warning] [isaacsim.core.simulation_manager.plugin] No adjacent samples found for interpolation at time 1837/30
2026-09-23T02:24:13Z [58,562ms] [Warning] [isaacsim.core.simulation_manager.plugin] No adjacent samples found for interpolation at time 1838/30
2026-09-23T02:24:13Z [58,562ms] [Warning] [isaacsim.core.simulation_manager.plugin] No adjacent samples found for interpolation at time 1839/30
2026-09-23T02:24:13Z [58,562ms] [Warning] [isaacsim.core.simulation_manager.plugin] No adjacent samples found for interpolation at time 1840/30
2026-09-23T02:24:15Z [60,071ms] [Warning] [isaacsim.core.simulation_manager.plugin] No adjacent samples found for interpolation at time 1901/30
2026-09-23T02:24:15Z [60,326ms] [Warning] [isaacsim.core.simulation_manager.plugin] No adjacent samples found for interpolation at time 1902/30
2026-09-23T02:24:15Z [60,326ms] [Warning] [isaacsim.core.simulation_manager.plugin] No adjacent samples found for interpolation at time 1903/30
2026-09-23T02:24:15Z [60,326ms] [Warning] [isaacsim.core.simulation_manager.plugin] No adjacent samples found for interpolation at time 1904/30
2026-09-23T02:24:16Z [61,858ms] [Warning] [isaacsim.core.simulation_manager.plugin] No adjacent samples found for interpolation at time 1965/30
2026-09-23T02:24:17Z [62,120ms] [Warning] [isaacsim.core.simulation_manager.plugin] No adjacent samples found for interpolation at time 1966/30
2026-09-23T02:24:17Z [62,120ms] [Warning] [isaacsim.core.simulation_manager.plugin] No adjacent samples found for interpolation at time 1967/30
2026-09-23T02:24:17Z [62,121ms] [Warning] [isaacsim.core.simulation_manager.plugin] No adjacent samples found for interpolation at time 1968/30
2026-09-23T02:24:18Z [63,672ms] [Warning] [isaacsim.core.simulation_manager.plugin] No adjacent samples found for interpolation at time 2029/30
2026-09-23T02:24:18Z [63,919ms] [Warning] [isaacsim.core.simulation_manager.plugin] No adjacent samples found for interpolation at time 2030/30
2026-09-23T02:24:18Z [63,920ms] [Warning] [isaacsim.core.simulation_manager.plugin] No adjacent samples found for interpolation at time 2031/30
2026-09-23T02:24:18Z [63,920ms] [Warning] [isaacsim.core.simulation_manager.plugin] No adjacent samples found for interpolation at time 2032/30
2026-09-23T02:24:20Z [65,498ms] [Warning] [isaacsim.core.simulation_manager.plugin] No adjacent samples found for interpolation at time 2093/30
2026-09-23T02:24:20Z [65,742ms] [Warning] [isaacsim.core.simulation_manager.plugin] No adjacent samples found for interpolation at time 2094/30
2026-09-23T02:24:20Z [65,743ms] [Warning] [isaacsim.core.simulation_manager.plugin] No adjacent samples found for interpolation at time 2095/30
2026-09-23T02:24:20Z [65,743ms] [Warning] [isaacsim.core.simulation_manager.plugin] No adjacent samples found for interpolation at time 2096/30
2026-09-23T02:24:22Z [67,285ms] [Warning] [isaacsim.core.simulation_manager.plugin] No adjacent samples found for interpolation at time 2157/30
2026-09-23T02:24:22Z [67,533ms] [Warning] [isaacsim.core.simulation_manager.plugin] No adjacent samples found for interpolation at time 2158/30
2026-09-23T02:24:22Z [67,534ms] [Warning] [isaacsim.core.simulation_manager.plugin] No adjacent samples found for interpolation at time 2159/30
2026-09-23T02:24:22Z [67,534ms] [Warning] [isaacsim.core.simulation_manager.plugin] No adjacent samples found for interpolation at time 2160/30
2026-09-23T02:24:24Z [69,054ms] [Warning] [isaacsim.core.simulation_manager.plugin] No adjacent samples found for interpolation at time 2221/30
2026-09-23T02:24:24Z [69,297ms] [Warning] [isaacsim.core.simulation_manager.plugin] No adjacent samples found for interpolation at time 2222/30
2026-09-23T02:24:24Z [69,298ms] [Warning] [isaacsim.core.simulation_manager.plugin] No adjacent samples found for interpolation at time 2223/30
2026-09-23T02:24:24Z [69,298ms] [Warning] [isaacsim.core.simulation_manager.plugin] No adjacent samples found for interpolation at time 2224/30
2026-09-23T02:24:24Z [69,299ms] [Warning] [isaacsim.core.simulation_manager.plugin] No adjacent samples found for interpolation at time 2225/30
2026-09-23T02:24:25Z [70,830ms] [Warning] [isaacsim.core.simulation_manager.plugin] No adjacent samples found for interpolation at time 2286/30
2026-09-23T02:24:26Z [71,072ms] [Warning] [isaacsim.core.simulation_manager.plugin] No adjacent samples found for interpolation at time 2287/30
2026-09-23T02:24:26Z [71,072ms] [Warning] [isaacsim.core.simulation_manager.plugin] No adjacent samples found for interpolation at time 2288/30
2026-09-23T02:24:26Z [71,073ms] [Warning] [isaacsim.core.simulation_manager.plugin] No adjacent samples found for interpolation at time 2289/30
2026-09-23T02:24:27Z [72,611ms] [Warning] [isaacsim.core.simulation_manager.plugin] No adjacent samples found for interpolation at time 2350/30
2026-09-23T02:24:27Z [72,848ms] [Warning] [isaacsim.core.simulation_manager.plugin] No adjacent samples found for interpolation at time 2351/30
2026-09-23T02:24:27Z [72,849ms] [Warning] [isaacsim.core.simulation_manager.plugin] No adjacent samples found for interpolation at time 2352/30
2026-09-23T02:24:27Z [72,849ms] [Warning] [isaacsim.core.simulation_manager.plugin] No adjacent samples found for interpolation at time 2353/30
2026-09-23T02:24:29Z [74,366ms] [Warning] [isaacsim.core.simulation_manager.plugin] No adjacent samples found for interpolation at time 2414/30
2026-09-23T02:24:29Z [74,617ms] [Warning] [isaacsim.core.simulation_manager.plugin] No adjacent samples found for interpolation at time 2415/30
2026-09-23T02:24:29Z [74,617ms] [Warning] [isaacsim.core.simulation_manager.plugin] No adjacent samples found for interpolation at time 2416/30
2026-09-23T02:24:29Z [74,617ms] [Warning] [isaacsim.core.simulation_manager.plugin] No adjacent samples found for interpolation at time 2417/30
2026-09-23T02:24:31Z [76,147ms] [Warning] [isaacsim.core.simulation_manager.plugin] No adjacent samples found for interpolation at time 2478/30
2026-09-23T02:24:31Z [76,398ms] [Warning] [isaacsim.core.simulation_manager.plugin] No adjacent samples found for interpolation at time 2479/30
2026-09-23T02:24:31Z [76,399ms] [Warning] [isaacsim.core.simulation_manager.plugin] No adjacent samples found for interpolation at time 2480/30
2026-09-23T02:24:31Z [76,399ms] [Warning] [isaacsim.core.simulation_manager.plugin] No adjacent samples found for interpolation at time 2481/30
2026-09-23T02:24:32Z [77,945ms] [Warning] [isaacsim.core.simulation_manager.plugin] No adjacent samples found for interpolation at time 2542/30
2026-09-23T02:24:33Z [78,190ms] [Warning] [isaacsim.core.simulation_manager.plugin] No adjacent samples found for interpolation at time 2543/30
2026-09-23T02:24:33Z [78,190ms] [Warning] [isaacsim.core.simulation_manager.plugin] No adjacent samples found for interpolation at time 2544/30
2026-09-23T02:24:33Z [78,191ms] [Warning] [isaacsim.core.simulation_manager.plugin] No adjacent samples found for interpolation at time 2545/30
2026-09-23T02:24:34Z [79,729ms] [Warning] [isaacsim.core.simulation_manager.plugin] No adjacent samples found for interpolation at time 2606/30
2026-09-23T02:24:34Z [79,985ms] [Warning] [isaacsim.core.simulation_manager.plugin] No adjacent samples found for interpolation at time 2607/30
2026-09-23T02:24:34Z [79,985ms] [Warning] [isaacsim.core.simulation_manager.plugin] No adjacent samples found for interpolation at time 2608/30
2026-09-23T02:24:34Z [79,986ms] [Warning] [isaacsim.core.simulation_manager.plugin] No adjacent samples found for interpolation at time 2609/30
2026-09-23T02:24:36Z [81,491ms] [Warning] [isaacsim.core.simulation_manager.plugin] No adjacent samples found for interpolation at time 2670/30
2026-09-23T02:24:36Z [81,733ms] [Warning] [isaacsim.core.simulation_manager.plugin] No adjacent samples found for interpolation at time 2671/30
2026-09-23T02:24:36Z [81,734ms] [Warning] [isaacsim.core.simulation_manager.plugin] No adjacent samples found for interpolation at time 2672/30
2026-09-23T02:24:36Z [81,734ms] [Warning] [isaacsim.core.simulation_manager.plugin] No adjacent samples found for interpolation at time 2673/30
2026-09-23T02:24:38Z [83,254ms] [Warning] [isaacsim.core.simulation_manager.plugin] No adjacent samples found for interpolation at time 2734/30
2026-09-23T02:24:38Z [83,495ms] [Warning] [isaacsim.core.simulation_manager.plugin] No adjacent samples found for interpolation at time 2735/30
2026-09-23T02:24:38Z [83,495ms] [Warning] [isaacsim.core.simulation_manager.plugin] No adjacent samples found for interpolation at time 2736/30
2026-09-23T02:24:38Z [83,496ms] [Warning] [isaacsim.core.simulation_manager.plugin] No adjacent samples found for interpolation at time 2737/30
2026-09-23T02:24:40Z [85,350ms] [Warning] [isaacsim.core.simulation_manager.plugin] No adjacent samples found for interpolation at time 2798/30
2026-09-23T02:24:40Z [85,599ms] [Warning] [isaacsim.core.simulation_manager.plugin] No adjacent samples found for interpolation at time 2799/30
2026-09-23T02:24:40Z [85,600ms] [Warning] [isaacsim.core.simulation_manager.plugin] No adjacent samples found for interpolation at time 2800/30
2026-09-23T02:24:40Z [85,600ms] [Warning] [isaacsim.core.simulation_manager.plugin] No adjacent samples found for interpolation at time 2801/30
2026-09-23T02:24:42Z [87,128ms] [Warning] [isaacsim.core.simulation_manager.plugin] No adjacent samples found for interpolation at time 2862/30
2026-09-23T02:24:42Z [87,372ms] [Warning] [isaacsim.core.simulation_manager.plugin] No adjacent samples found for interpolation at time 2863/30
2026-09-23T02:24:42Z [87,373ms] [Warning] [isaacsim.core.simulation_manager.plugin] No adjacent samples found for interpolation at time 2864/30
2026-09-23T02:24:42Z [87,373ms] [Warning] [isaacsim.core.simulation_manager.plugin] No adjacent samples found for interpolation at time 2865/30
2026-09-23T02:24:43Z [88,893ms] [Warning] [isaacsim.core.simulation_manager.plugin] No adjacent samples found for interpolation at time 2926/30
2026-09-23T02:24:44Z [89,139ms] [Warning] [isaacsim.core.simulation_manager.plugin] No adjacent samples found for interpolation at time 2927/30
2026-09-23T02:24:44Z [89,140ms] [Warning] [isaacsim.core.simulation_manager.plugin] No adjacent samples found for interpolation at time 2928/30
2026-09-23T02:24:44Z [89,140ms] [Warning] [isaacsim.core.simulation_manager.plugin] No adjacent samples found for interpolation at time 2929/30
2026-09-23T02:24:44Z [89,140ms] [Warning] [isaacsim.core.simulation_manager.plugin] No adjacent samples found for interpolation at time 2930/30
2026-09-23T02:24:45Z [90,680ms] [Warning] [isaacsim.core.simulation_manager.plugin] No adjacent samples found for interpolation at time 2991/30
2026-09-23T02:24:45Z [90,930ms] [Warning] [isaacsim.core.simulation_manager.plugin] No adjacent samples found for interpolation at time 2992/30
A0509_VLA_VALIDATION_REPORT={
  "status": "complete",
  "phase": "complete",
  "terminal_reason": "requested_episodes_completed",
  "config": {
    "episode_count": 1,
    "seed": 9406,
    "x_min_m": 0.380488163954,
    "x_max_m": 0.8604881639539999,
    "y_min_m": -0.387011836046,
    "y_max_m": 0.38798816395399993,
    "min_spacing_m": 0.1,
    "settle_steps": 60,
    "max_layout_attempts": 200,
    "policy_hold_steps": 12,
    "actions_per_inference": 5,
    "apply_policy_motion_limits": false,
    "continuous_gripper": true,
    "gripper_full_travel_duration_s": 0.6,
    "lock_end_effector_orientation": false,
    "max_policy_steps": 500,
    "max_consecutive_ik_failures": 5,
    "stagnation_policy_steps": 25,
    "minimum_wrist_progress_m": 0.01,
    "success_lift_m": 0.1,
    "success_hold_physics_steps": 12,
    "maximum_target_wrist_xy_m": 0.12,
    "minimum_target_wrist_z_m": 0.12,
    "maximum_target_wrist_z_m": 0.4,
    "wrong_cube_lift_failure_m": 0.05,
    "target_fall_failure_m": 0.05,
    "workspace_margin_m": 0.15,
    "layout_manifest_path": "/home/ubuntu/a0509_vla_linux_field_bundle_20260903/lhj/phase9_sim_policy_shadow_replay/00_inputs_episode4_sim_baseline/vla_layout_manifest.json"
  },
  "criteria": {
    "success": "target lift threshold, wrist-relative grasp geometry, and sustained hold must all pass",
    "reachable_layout_filter": "pregrasp/grasp/lift IK must all pass",
    "denominator": "accepted reachable held-out layouts only",
    "stagnation_failure": "after the configured policy calls, wrist displacement from reset must reach the minimum progress threshold"
  },
  "gripper_control": {
    "mode": "continuous_slew_limited",
    "full_travel_duration_s": 0.6,
    "physics_hz": 60.0,
    "max_delta_per_physics_step": 0.027777777777777776
  },
  "arm_control": {
    "mode": "dataset_timed_direct_joint_target",
    "motion_speed_scale": 1.7126963727221802,
    "motion_limits_applied_to_policy_actions": false,
    "velocity_limits_rad_s": null,
    "acceleration_limits_rad_s2": null,
    "jerk_limits_rad_s3": null
  },
  "timing": {
    "physics_hz": 60.0,
    "physics_steps_per_policy_action": 12,
    "actions_per_inference": 5,
    "policy_period_seconds": 0.2,
    "policy_hz": 5.0,
    "policy_image_hz": 1.0,
    "policy_image_refresh": "replicator_step_before_each_inference"
  },
  "layout_source": "fixed_manifest",
  "target_schedule": [
    "red"
  ],
  "server": {
    "status": "ready",
    "checkpoint": "/home/ubuntu/a0509_vla_linux_field_bundle_20260903/runtime_state/oft_mixed480_step28560_merged",
    "variant": "oftplus_h5_vision",
    "chunk_size": 5,
    "action_dim": 7,
    "action_head_type": "l1",
    "use_film": true,
    "requires_proprio": false,
    "proprio_dim": 0,
    "continuous_gripper": true,
    "bounded_gripper": true,
    "gripper_loss_weight": 3.0,
    "instruction_normalization": "lower_whitespace_strip_terminal_punctuation",
    "center_crop": true,
    "gpu": "NVIDIA GeForce RTX 3090",
    "model_load_seconds": 29.547206102055497,
    "peak_vram_gb": 15.752367973327637,
    "request_count": 26
  },
  "counters": {
    "requested": 1,
    "completed": 1,
    "successes": 0,
    "failures": 1,
    "layout_rejections": 0,
    "home_reset_fallbacks": 0
  },
  "success_rate": 0.0,
  "results": [
    {
      "episode_index": 0,
      "episode_number": 1,
      "target_color": "red",
      "instruction": "Pick up the red cube.",
      "success": false,
      "reason": "consecutive_ik_failures",
      "policy_steps": 125,
      "wall_seconds": 45.7562253230717,
      "sampled_layout_m": {
        "blue": [
          0.6605,
          0.19425,
          0.8605289459228516
        ],
        "red": [
          0.4804999999999999,
          -0.18825,
          0.8605289459228516
        ],
        "yellow": [
          0.7405,
          -0.19325,
          0.8605289459228516
        ]
      },
      "initial_cube_positions_m": {
        "red": [
          0.4805750250816345,
          -0.18682917952537537,
          0.8605289459228516
        ],
        "yellow": [
          0.739058792591095,
          -0.1931675523519516,
          0.8605289459228516
        ],
        "blue": [
          0.660206139087677,
          0.19284309446811676,
          0.8605288863182068
        ]
      },
      "final_cube_positions_m": {
        "red": [
          0.4805750250816345,
          -0.18682917952537537,
          0.8605289459228516
        ],
        "yellow": [
          0.7390589714050293,
          -0.19316764175891876,
          0.8605288863182068
        ],
        "blue": [
          0.660206139087677,
          0.19284309446811676,
          0.8605288863182068
        ]
      },
      "final_scene_state": {
        "success_condition": false,
        "failure_reason": null,
        "target_lift_m": 0.0,
        "target_wrist_xy_m": 0.2903731031188612,
        "target_wrist_z_m": 0.26187153359834836,
        "wrong_cube_lifts_m": {
          "yellow": -5.960464477539063e-08,
          "blue": 0.0
        },
        "target_position_m": [
          0.4805750250816345,
          -0.18682917952537537,
          0.8605289459228516
        ],
        "end_effector_position_m": [
          0.7333172964544625,
          -0.04386805447321099,
          1.1224004795212
        ],
        "wrist_progress_from_reset_m": 0.5944626781142732
      },
      "initial_frame": "/home/ubuntu/a0509_vla_linux_field_bundle_20260903/lhj/phase9_sim_policy_shadow_replay/01_sim_policy_rollout_episode4_sim_baseline/episode4_sim_baseline_redprompt_k5_seed9406_1ep_frames/episode_001_red_initial.jpg",
      "actions": [
        {
          "policy_step": 0,
          "raw_action": [
            0.004537695971491871,
            -0.0030458105712330586,
            -0.003874590103724561,
            -0.007277173779071985,
            0.008475131166352325,
            0.01961918961264384,
            0.0078125
          ],
          "clipped_action": [
            0.004537695971491871,
            -0.0030458105712330586,
            -0.003874590103724561,
            -0.007277173779071985,
            0.008475131166352325,
            0.01961918961264384,
            0.0078125
          ],
          "rotation_delta_before_lock": [
            -0.007277173779071985,
            0.008475131166352325,
            0.01961918961264384
          ],
          "end_effector_orientation_locked": false,
          "action_was_clipped": false,
          "ik_success": true,
          "current_position_m": [
            0.309735168539775,
            -0.011928312639726102,
            1.538263125221378
          ],
          "current_quaternion_wxyz": [
            0.1538017925653201,
            -0.6702732990805531,
            0.7115736732445559,
            -0.14401951495757712
          ],
          "target_position_m": [
            0.3142728645112669,
            -0.01497412321095916,
            1.5343885351176536
          ],
          "target_quaternion_wxyz": [
            0.14975066478520874,
            -0.6783805845866021,
            0.7050810829075735,
            -0.1422504389385543
          ],
          "inference_seconds": 0.2220301650231704,
          "server_request_index": 27,
          "chunk_index": 0,
          "chunk_size": 5,
          "executed_from_chunk": 5,
          "variant": "oftplus_h5_vision",
          "proprio_state": null,
          "gripper_target_closedness": 0.0078125,
          "gripper_command_at_policy_step": 0.0,
          "gripper_measured_at_policy_step": 0.00013140948681999998
        },
        {
          "policy_step": 1,
          "raw_action": [
            0.004280598234017701,
            -0.00289147288546802,
            -0.0033321950323861975,
            -0.006911956085604284,
            0.007680408263320229,
            0.01836878328707496,
            0.0091552734375
          ],
          "clipped_action": [
            0.004280598234017701,
            -0.00289147288546802,
            -0.0033321950323861975,
            -0.006911956085604284,
            0.007680408263320229,
            0.01836878328707496,
            0.0091552734375
          ],
          "rotation_delta_before_lock": [
            -0.006911956085604284,
            0.007680408263320229,
            0.01836878328707496
          ],
          "end_effector_orientation_locked": false,
          "action_was_clipped": false,
          "ik_success": true,
          "current_position_m": [
            0.3149906614591326,
            -0.01531665118778988,
            1.533952202729801
          ],
          "current_quaternion_wxyz": [
            0.14875256361897465,
            -0.6782751390372934,
            0.7054888598381823,
            -0.14177792220562754
          ],
          "target_position_m": [
            0.31927125969315034,
            -0.0182081240732579,
            1.5306200076974148
          ],
          "target_quaternion_wxyz": [
            0.14499319282146358,
            -0.6857753684300716,
            0.6993015181395714,
            -0.14023731606718798
          ],
          "inference_seconds": null,
          "server_request_index": 27,
          "chunk_index": 1,
          "chunk_size": 5,
          "executed_from_chunk": 5,
          "variant": "oftplus_h5_vision",
          "proprio_state": null,
          "gripper_target_closedness": 0.0091552734375,
          "gripper_command_at_policy_step": 0.0078125,
          "gripper_measured_at_policy_step": 0.007798570754199208
        },
        {
          "policy_step": 2,
          "raw_action": [
            0.002827437109163694,
            -0.0020426156137603093,
            -0.0022072274770177404,
            -0.005310616968092055,
            0.005152229363741617,
            0.011977817623056273,
            0.01544189453125
          ],
          "clipped_action": [
            0.002827437109163694,
            -0.0020426156137603093,
            -0.0022072274770177404,
            -0.005310616968092055,
            0.005152229363741617,
            0.011977817623056273,
            0.01544189453125
          ],
          "rotation_delta_before_lock": [
            -0.005310616968092055,
            0.005152229363741617,
            0.011977817623056273
          ],
          "end_effector_orientation_locked": false,
          "action_was_clipped": false,
          "ik_success": true,
          "current_position_m": [
            0.31999194489381266,
            -0.018566984647496964,
            1.5301686228080207
          ],
          "current_quaternion_wxyz": [
            0.14413611748851388,
            -0.6855371232532429,
            0.6997935828708334,
            -0.1398305175911444
          ],
          "target_position_m": [
            0.32281938200297633,
            -0.02060960026125727,
            1.527961395331003
          ],
          "target_quaternion_wxyz": [
            0.1413469404012299,
            -0.690454042260213,
            0.6956706767350721,
            -0.13905598691430002
          ],
          "inference_seconds": null,
          "server_request_index": 27,
          "chunk_index": 2,
          "chunk_size": 5,
          "executed_from_chunk": 5,
          "variant": "oftplus_h5_vision",
          "proprio_state": null,
          "gripper_target_closedness": 0.01544189453125,
          "gripper_command_at_policy_step": 0.0091552734375,
          "gripper_measured_at_policy_step": 0.009156663869989368
        },
        {
          "policy_step": 3,
          "raw_action": [
            0.002151158277981638,
            -0.0015988947671858244,
            -0.001765275937408703,
            -0.004355432231330374,
            0.004000147839883009,
            0.009685406026180005,
            0.037353515625
          ],
          "clipped_action": [
            0.002151158277981638,
            -0.0015988947671858244,
            -0.001765275937408703,
            -0.004355432231330374,
            0.004000147839883009,
            0.009685406026180005,
            0.037353515625
          ],
          "rotation_delta_before_lock": [
            -0.004355432231330374,
            0.004000147839883009,
            0.009685406026180005
          ],
          "end_effector_orientation_locked": false,
          "action_was_clipped": false,
          "ik_success": true,
          "current_position_m": [
            0.3235412977701399,
            -0.020974409834465604,
            1.5275011041998328
          ],
          "current_quaternion_wxyz": [
            0.13997104601974078,
            -0.6904535676714786,
            0.6959559910917313,
            -0.13902242851206598
          ],
          "target_position_m": [
            0.3256924560481215,
            -0.02257330460165143,
            1.525735828262424
          ],
          "target_quaternion_wxyz": [
            0.13774647384502575,
            -0.6943956125916871,
            0.6925783456854533,
            -0.13847699175053602
          ],
          "inference_seconds": null,
          "server_request_index": 27,
          "chunk_index": 3,
          "chunk_size": 5,
          "executed_from_chunk": 5,
          "variant": "oftplus_h5_vision",
          "proprio_state": null,
          "gripper_target_closedness": 0.037353515625,
          "gripper_command_at_policy_step": 0.01544189453125,
          "gripper_measured_at_policy_step": 0.01542995638888467
        },
        {
          "policy_step": 4,
          "raw_action": [
            0.002475324990449071,
            -0.0019654467708777905,
            -0.0022072274770177404,
            -0.004804930930982932,
            0.004853541561259756,
            0.011838883586881952,
            0.042724609375
          ],
          "clipped_action": [
            0.002475324990449071,
            -0.0019654467708777905,
            -0.0022072274770177404,
            -0.004804930930982932,
            0.004853541561259756,
            0.011838883586881952,
            0.042724609375
          ],
          "rotation_delta_before_lock": [
            -0.004804930930982932,
            0.004853541561259756,
            0.011838883586881952
          ],
          "end_effector_orientation_locked": false,
          "action_was_clipped": false,
          "ik_success": true,
          "current_position_m": [
            0.3264210932558301,
            -0.022950477954067947,
            1.5252636918741156
          ],
          "current_quaternion_wxyz": [
            -0.13646852711651608,
            0.6943447359760399,
            -0.6929248026833068,
            0.1382640465027432
          ],
          "target_position_m": [
            0.32889641824627913,
            -0.024915924724945738,
            1.5230564643970979
          ],
          "target_quaternion_wxyz": [
            -0.13393409729467448,
            0.6990936098143594,
            -0.6887975246452231,
            0.13743271932550177
          ],
          "inference_seconds": null,
          "server_request_index": 27,
          "chunk_index": 4,
          "chunk_size": 5,
          "executed_from_chunk": 5,
          "variant": "oftplus_h5_vision",
          "proprio_state": null,
          "gripper_target_closedness": 0.042724609375,
          "gripper_command_at_policy_step": 0.037353515625,
          "gripper_measured_at_policy_step": 0.03730367278230606
        },
        {
          "policy_step": 5,
          "raw_action": [
            0.0041520493652806145,
            -0.0027178429889823524,
            -0.0033924611514237965,
            -0.0061815206986688825,
            0.007360385617803948,
            0.01635423976254733,
            0.00885009765625
          ],
          "clipped_action": [
            0.0041520493652806145,
            -0.0027178429889823524,
            -0.0033924611514237965,
            -0.0061815206986688825,
            0.007360385617803948,
            0.01635423976254733,
            0.00885009765625
          ],
          "rotation_delta_before_lock": [
            -0.0061815206986688825,
            0.007360385617803948,
            0.01635423976254733
          ],
          "end_effector_orientation_locked": false,
          "action_was_clipped": false,
          "ik_success": true,
          "current_position_m": [
            0.32962723510939435,
            -0.025301674765963095,
            1.5225762017050182
          ],
          "current_quaternion_wxyz": [
            -0.13245543467949328,
            0.6991157822756189,
            -0.6891173241909966,
            0.13714953261625495
          ],
          "target_position_m": [
            0.333779284474675,
            -0.028019517754945447,
            1.5191837405535944
          ],
          "target_quaternion_wxyz": [
            -0.1288741345697631,
            0.7056333571230929,
            -0.6834332236685103,
            0.13561729808603368
          ],
          "inference_seconds": 0.2154686120338738,
          "server_request_index": 28,
          "chunk_index": 0,
          "chunk_size": 5,
          "executed_from_chunk": 5,
          "variant": "oftplus_h5_vision",
          "proprio_state": null,
          "gripper_target_closedness": 0.00885009765625,
          "gripper_command_at_policy_step": 0.042724609375,
          "gripper_measured_at_policy_step": 0.04271330812881735
        },
        {
          "policy_step": 6,
          "raw_action": [
            0.002930835112278306,
            -0.0019847389815984204,
            -0.002287582302401201,
            -0.00491730560589607,
            0.00461885828788115,
            0.01065794427940024,
            0.01544189453125
          ],
          "clipped_action": [
            0.002930835112278306,
            -0.0019847389815984204,
            -0.002287582302401201,
            -0.00491730560589607,
            0.00461885828788115,
            0.01065794427940024,
            0.01544189453125
          ],
          "rotation_delta_before_lock": [
            -0.00491730560589607,
            0.00461885828788115,
            0.01065794427940024
          ],
          "end_effector_orientation_locked": false,
          "action_was_clipped": false,
          "ik_success": true,
          "current_position_m": [
            0.33450478978042525,
            -0.028413576269432618,
            1.5186935580414256
          ],
          "current_quaternion_wxyz": [
            -0.12786708630907928,
            0.7049770518482211,
            -0.6843802137633834,
            0.13520757233011277
          ],
          "target_position_m": [
            0.33743562489270357,
            -0.03039831525103104,
            1.5164059757390245
          ],
          "target_quaternion_wxyz": [
            -0.1252712564348491,
            0.7092366790153641,
            -0.680572696306541,
            0.13457804610164478
          ],
          "inference_seconds": null,
          "server_request_index": 28,
          "chunk_index": 1,
          "chunk_size": 5,
          "executed_from_chunk": 5,
          "variant": "oftplus_h5_vision",
          "proprio_state": null,
          "gripper_target_closedness": 0.01544189453125,
          "gripper_command_at_policy_step": 0.00885009765625,
          "gripper_measured_at_policy_step": 0.008942363334113246
        },
        {
          "policy_step": 7,
          "raw_action": [
            0.002156747359231076,
            -0.0014927876082223611,
            -0.001664832405679377,
            -0.004074495544047527,
            0.003424107077953705,
            0.007879263555913852,
            0.02197265625
          ],
          "clipped_action": [
            0.002156747359231076,
            -0.0014927876082223611,
            -0.001664832405679377,
            -0.004074495544047527,
            0.003424107077953705,
            0.007879263555913852,
            0.02197265625
          ],
          "rotation_delta_before_lock": [
            -0.004074495544047527,
            0.003424107077953705,
            0.007879263555913852
          ],
          "end_effector_orientation_locked": false,
          "action_was_clipped": false,
          "ik_success": true,
          "current_position_m": [
            0.3381727154767242,
            -0.03080834751420101,
            1.5158971188768011
          ],
          "current_quaternion_wxyz": [
            -0.12401030440732567,
            0.7091702343491646,
            -0.6809116219714978,
            0.13438149492432822
          ],
          "target_position_m": [
            0.3403294628359552,
            -0.03230113512242337,
            1.5142322864711217
          ],
          "target_quaternion_wxyz": [
            -0.12192781177213953,
            0.7123274571296132,
            -0.6780486119784477,
            0.13406447079602185
          ],
          "inference_seconds": null,
          "server_request_index": 28,
          "chunk_index": 2,
          "chunk_size": 5,
          "executed_from_chunk": 5,
          "variant": "oftplus_h5_vision",
          "proprio_state": null,
          "gripper_target_closedness": 0.02197265625,
          "gripper_command_at_policy_step": 0.01544189453125,
          "gripper_measured_at_policy_step": 0.015426006296585415
        },
        {
          "policy_step": 8,
          "raw_action": [
            0.001793457078017575,
            -0.0012419888688541738,
            -0.0014338122827019274,
            -0.0036811841818515413,
            0.0028694011590588205,
            0.0071845933750422555,
            0.03466796875
          ],
          "clipped_action": [
            0.001793457078017575,
            -0.0012419888688541738,
            -0.0014338122827019274,
            -0.0036811841818515413,
            0.0028694011590588205,
            0.0071845933750422555,
            0.03466796875
          ],
          "rotation_delta_before_lock": [
            -0.0036811841818515413,
            0.0028694011590588205,
            0.0071845933750422555
          ],
          "end_effector_orientation_locked": false,
          "action_was_clipped": false,
          "ik_success": true,
          "current_position_m": [
            0.3410706966887966,
            -0.03271945532610321,
            1.5137122792162065
          ],
          "current_quaternion_wxyz": [
            -0.12087568831559858,
            0.7122544857940929,
            -0.6783684746599025,
            0.13378650166597394
          ],
          "target_position_m": [
            0.3428641537668142,
            -0.033961444194957384,
            1.5122784669335045
          ],
          "target_quaternion_wxyz": [
            -0.11907095994416585,
            0.7150992691166301,
            -0.675730803048937,
            0.1335777811526875
          ],
          "inference_seconds": null,
          "server_request_index": 28,
          "chunk_index": 3,
          "chunk_size": 5,
          "executed_from_chunk": 5,
          "variant": "oftplus_h5_vision",
          "proprio_state": null,
          "gripper_target_closedness": 0.03466796875,
          "gripper_command_at_policy_step": 0.02197265625,
          "gripper_measured_at_policy_step": 0.021955733669215327
        },
        {
          "policy_step": 9,
          "raw_action": [
            0.001793457078017575,
            -0.001348096027817637,
            -0.0014840340485665904,
            -0.0034002474945686936,
            0.00304007990333417,
            0.007601395483565214,
            0.05029296875
          ],
          "clipped_action": [
            0.001793457078017575,
            -0.001348096027817637,
            -0.0014840340485665904,
            -0.0034002474945686936,
            0.00304007990333417,
            0.007601395483565214,
            0.05029296875
          ],
          "rotation_delta_before_lock": [
            -0.0034002474945686936,
            0.00304007990333417,
            0.007601395483565214
          ],
          "end_effector_orientation_locked": false,
          "action_was_clipped": false,
          "ik_success": true,
          "current_position_m": [
            0.3436071058424719,
            -0.03438524605581531,
            1.5117518154289715
          ],
          "current_quaternion_wxyz": [
            -0.11802831459797719,
            0.7147103443040812,
            -0.6763967774215833,
            0.13321351354723643
          ],
          "target_position_m": [
            0.3454005629204895,
            -0.03573334208363295,
            1.5102677813804049
          ],
          "target_quaternion_wxyz": [
            -0.1162902190271162,
            0.7176772461980512,
            -0.6736266724566531,
            0.13282718623528944
          ],
          "inference_seconds": null,
          "server_request_index": 28,
          "chunk_index": 4,
          "chunk_size": 5,
          "executed_from_chunk": 5,
          "variant": "oftplus_h5_vision",
          "proprio_state": null,
          "gripper_target_closedness": 0.05029296875,
          "gripper_command_at_policy_step": 0.03466796875,
          "gripper_measured_at_policy_step": 0.03463543360603272
        },
        {
          "policy_step": 10,
          "raw_action": [
            0.0031264529560086542,
            -0.0019461545601571605,
            -0.002096739592115482,
            -0.00474874359352636,
            0.0058136094978085955,
            0.01274195482201503,
            0.031982421875
          ],
          "clipped_action": [
            0.0031264529560086542,
            -0.0019461545601571605,
            -0.002096739592115482,
            -0.00474874359352636,
            0.0058136094978085955,
            0.01274195482201503,
            0.031982421875
          ],
          "rotation_delta_before_lock": [
            -0.00474874359352636,
            0.0058136094978085955,
            0.01274195482201503
          ],
          "end_effector_orientation_locked": false,
          "action_was_clipped": false,
          "ik_success": true,
          "current_position_m": [
            0.3461436749661258,
            -0.03616457115614543,
            1.5097318827907553
          ],
          "current_quaternion_wxyz": [
            -0.11516703844791822,
            0.7172031965766433,
            -0.6743910805524493,
            0.13248697500766
          ],
          "target_position_m": [
            0.34927012792213447,
            -0.03811072571630259,
            1.50763514319864
          ],
          "target_quaternion_wxyz": [
            -0.11234475697366866,
            0.7221386379047624,
            -0.6698235948091541,
            0.13126612305741367
          ],
          "inference_seconds": 0.21340454695746303,
          "server_request_index": 29,
          "chunk_index": 0,
          "chunk_size": 5,
          "executed_from_chunk": 5,
          "variant": "oftplus_h5_vision",
          "proprio_state": null,
          "gripper_target_closedness": 0.031982421875,
          "gripper_command_at_policy_step": 0.05029296875,
          "gripper_measured_at_policy_step": 0.05025307089090347
        },
        {
          "policy_step": 11,
          "raw_action": [
            0.0019443622717524138,
            -0.001203404447412914,
            -0.0011525703938598114,
            -0.0036249968443949725,
            0.003338767705816031,
            0.0074624614473908935,
            0.0634765625
          ],
          "clipped_action": [
            0.0019443622717524138,
            -0.001203404447412914,
            -0.0011525703938598114,
            -0.0036249968443949725,
            0.003338767705816031,
            0.0074624614473908935,
            0.0634765625
          ],
          "rotation_delta_before_lock": [
            -0.0036249968443949725,
            0.003338767705816031,
            0.0074624614473908935
          ],
          "end_effector_orientation_locked": false,
          "action_was_clipped": false,
          "ik_success": true,
          "current_position_m": [
            0.3500147325367119,
            -0.038552264492587834,
            1.5070852853749195
          ],
          "current_quaternion_wxyz": [
            -0.11166448145752034,
            0.7219994248507591,
            -0.6700482188649072,
            0.1314658073111097
          ],
          "target_position_m": [
            0.3519590948084643,
            -0.03975566894000075,
            1.5059327149810597
          ],
          "target_quaternion_wxyz": [
            -0.10972671036269417,
            0.7249141603632061,
            -0.6672957124061393,
            0.13105701561638158
          ],
          "inference_seconds": null,
          "server_request_index": 29,
          "chunk_index": 1,
          "chunk_size": 5,
          "executed_from_chunk": 5,
          "variant": "oftplus_h5_vision",
          "proprio_state": null,
          "gripper_target_closedness": 0.0634765625,
          "gripper_command_at_policy_step": 0.031982421875,
          "gripper_measured_at_policy_step": 0.032023009555093185
        },
        {
          "policy_step": 12,
          "raw_action": [
            0.0016481409655321744,
            -0.0010104823402066164,
            -0.000710618854250774,
            -0.0035688095069384036,
            0.002741392100852308,
            0.0063509891579963396,
            0.08056640625
          ],
          "clipped_action": [
            0.0016481409655321744,
            -0.0010104823402066164,
            -0.000710618854250774,
            -0.0035688095069384036,
            0.002741392100852308,
            0.0063509891579963396,
            0.08056640625
          ],
          "rotation_delta_before_lock": [
            -0.0035688095069384036,
            0.002741392100852308,
            0.0063509891579963396
          ],
          "end_effector_orientation_locked": false,
          "action_was_clipped": false,
          "ik_success": true,
          "current_position_m": [
            0.352707210911321,
            -0.04020537729599017,
            1.5053730808897285
          ],
          "current_quaternion_wxyz": [
            -0.10921009086911938,
            0.7246356152305095,
            -0.6676768503104776,
            0.13108777498813456
          ],
          "target_position_m": [
            0.3543553518768532,
            -0.04121585963619678,
            1.5046624620354778
          ],
          "target_quaternion_wxyz": [
            -0.10741731156986163,
            0.7271248817492991,
            -0.6652865035201728,
            0.1309381371109048
          ],
          "inference_seconds": null,
          "server_request_index": 29,
          "chunk_index": 2,
          "chunk_size": 5,
          "executed_from_chunk": 5,
          "variant": "oftplus_h5_vision",
          "proprio_state": null,
          "gripper_target_closedness": 0.08056640625,
          "gripper_command_at_policy_step": 0.0634765625,
          "gripper_measured_at_policy_step": 0.06339152748214794
        },
        {
          "policy_step": 13,
          "raw_action": [
            0.001558715665541159,
            -0.000981544024125671,
            -0.0006704414415590436,
            -0.003456434832025266,
            0.0027840617869211454,
            0.006906725302693617,
            0.10693359375
          ],
          "clipped_action": [
            0.001558715665541159,
            -0.000981544024125671,
            -0.0006704414415590436,
            -0.003456434832025266,
            0.0027840617869211454,
            0.006906725302693617,
            0.10693359375
          ],
          "rotation_delta_before_lock": [
            -0.003456434832025266,
            0.0027840617869211454,
            0.006906725302693617
          ],
          "end_effector_orientation_locked": false,
          "action_was_clipped": false,
          "ik_success": true,
          "current_position_m": [
            0.35510842336330756,
            -0.04167487154526638,
            1.5040921007268595
          ],
          "current_quaternion_wxyz": [
            -0.10701619888601399,
            0.7270025842196063,
            -0.6654908413968751,
            0.13090727913635036
          ],
          "target_position_m": [
            0.3566671390288487,
            -0.04265641556939205,
            1.5034216592853005
          ],
          "target_quaternion_wxyz": [
            -0.10528457009616443,
            0.7296618071257328,
            -0.6628973718893458,
            0.13067471394219377
          ],
          "inference_seconds": null,
          "server_request_index": 29,
          "chunk_index": 3,
          "chunk_size": 5,
          "executed_from_chunk": 5,
          "variant": "oftplus_h5_vision",
          "proprio_state": null,
          "gripper_target_closedness": 0.10693359375,
          "gripper_command_at_policy_step": 0.08056640625,
          "gripper_measured_at_policy_step": 0.08052076553476273
        },
        {
          "policy_step": 14,
          "raw_action": [
            0.0018269915655142067,
            -0.0012612810795748037,
            -0.0006503527352131784,
            -0.0036249968443949725,
            0.003338767705816031,
            0.00829606566443681,
            0.13671875
          ],
          "clipped_action": [
            0.0018269915655142067,
            -0.0012612810795748037,
            -0.0006503527352131784,
            -0.0036249968443949725,
            0.003338767705816031,
            0.00829606566443681,
            0.13671875
          ],
          "rotation_delta_before_lock": [
            -0.0036249968443949725,
            0.003338767705816031,
            0.00829606566443681
          ],
          "end_effector_orientation_locked": false,
          "action_was_clipped": false,
          "ik_success": true,
          "current_position_m": [
            0.35742372823856844,
            -0.043122072889613026,
            1.5028434759412257
          ],
          "current_quaternion_wxyz": [
            -0.10490414195753228,
            0.7294637659391696,
            -0.6631760846984126,
            0.13067216943971624
          ],
          "target_position_m": [
            0.35925071980408263,
            -0.04438335396918783,
            1.5021931232060126
          ],
          "target_quaternion_wxyz": [
            -0.10301571337036697,
            0.7326144201828864,
            -0.6600808204582699,
            0.1302197550374945
          ],
          "inference_seconds": null,
          "server_request_index": 29,
          "chunk_index": 4,
          "chunk_size": 5,
          "executed_from_chunk": 5,
          "variant": "oftplus_h5_vision",
          "proprio_state": null,
          "gripper_target_closedness": 0.13671875,
          "gripper_command_at_policy_step": 0.10693359375,
          "gripper_measured_at_policy_step": 0.10686544046319768
        },
        {
          "policy_step": 15,
          "raw_action": [
            0.002609462940435594,
            -0.0017918168743921228,
            -0.0016849211120252422,
            -0.0042992448938738055,
            0.005472252009257897,
            0.012047284641143434,
            0.07275390625
          ],
          "clipped_action": [
            0.002609462940435594,
            -0.0017918168743921228,
            -0.0016849211120252422,
            -0.0042992448938738055,
            0.005472252009257897,
            0.012047284641143434,
            0.07275390625
          ],
          "rotation_delta_before_lock": [
            -0.0042992448938738055,
            0.005472252009257897,
            0.012047284641143434
          ],
          "end_effector_orientation_locked": false,
          "action_was_clipped": false,
          "ik_success": true,
          "current_position_m": [
            0.36000725350101775,
            -0.04485762852237298,
            1.5016051900606193
          ],
          "current_quaternion_wxyz": [
            -0.10266356654096195,
            0.7325834569087972,
            -0.6601571346555579,
            0.13028518078434478
          ],
          "target_position_m": [
            0.3626167164414533,
            -0.046649445396765105,
            1.499920268948594
          ],
          "target_quaternion_wxyz": [
            -0.10006484384916364,
            0.7371194098695193,
            -0.6557292130877411,
            0.129078277500074
          ],
          "inference_seconds": 0.20448019297327846,
          "server_request_index": 30,
          "chunk_index": 0,
          "chunk_size": 5,
          "executed_from_chunk": 5,
          "variant": "oftplus_h5_vision",
          "proprio_state": null,
          "gripper_target_closedness": 0.07275390625,
          "gripper_command_at_policy_step": 0.13671875,
          "gripper_measured_at_policy_step": 0.13663873127822224
        },
        {
          "policy_step": 16,
          "raw_action": [
            0.0014916466905478976,
            -0.001020128445566931,
            -0.0005750200864161822,
            -0.003063123469829277,
            0.003125419275471844,
            0.006767791266519297,
            0.1630859375
          ],
          "clipped_action": [
            0.0014916466905478976,
            -0.001020128445566931,
            -0.0005750200864161822,
            -0.003063123469829277,
            0.003125419275471844,
            0.006767791266519297,
            0.1630859375
          ],
          "rotation_delta_before_lock": [
            -0.003063123469829277,
            0.003125419275471844,
            0.006767791266519297
          ],
          "end_effector_orientation_locked": false,
          "action_was_clipped": false,
          "ik_success": true,
          "current_position_m": [
            0.3633736349020249,
            -0.04713074524394583,
            1.4993230117339829
          ],
          "current_quaternion_wxyz": [
            -0.09960905436771206,
            0.7369850651515272,
            -0.6559110501232656,
            0.12927391213142958
          ],
          "target_position_m": [
            0.3648652815925728,
            -0.04815087368951276,
            1.4987479916475668
          ],
          "target_quaternion_wxyz": [
            -0.09789196304559304,
            0.7395531839726598,
            -0.6533695199995807,
            0.1287886717941415
          ],
          "inference_seconds": null,
          "server_request_index": 30,
          "chunk_index": 1,
          "chunk_size": 5,
          "executed_from_chunk": 5,
          "variant": "oftplus_h5_vision",
          "proprio_state": null,
          "gripper_target_closedness": 0.1630859375,
          "gripper_command_at_policy_step": 0.07275390625,
          "gripper_measured_at_policy_step": 0.07298010356467355
        },
        {
          "policy_step": 17,
          "raw_action": [
            0.0013686869030602507,
            -0.0009911901294859856,
            9.54404878770708e-05,
            -0.003287872819655556,
            0.002698722414783471,
            0.0063509891579963396,
            0.23828125
          ],
          "clipped_action": [
            0.0013686869030602507,
            -0.0009911901294859856,
            9.54404878770708e-05,
            -0.003287872819655556,
            0.002698722414783471,
            0.0063509891579963396,
            0.23828125
          ],
          "rotation_delta_before_lock": [
            -0.003287872819655556,
            0.002698722414783471,
            0.0063509891579963396
          ],
          "end_effector_orientation_locked": false,
          "action_was_clipped": false,
          "ik_success": true,
          "current_position_m": [
            0.36562874658688693,
            -0.0486436244830154,
            1.498138743868977
          ],
          "current_quaternion_wxyz": [
            -0.09752551171889595,
            0.7394355956377077,
            -0.6535680521215638,
            0.12873451640450093
          ],
          "target_position_m": [
            0.3669974334899472,
            -0.04963481461250139,
            1.498234184356854
          ],
          "target_quaternion_wxyz": [
            -0.09583611483463879,
            0.7418396261939283,
            -0.6511351767400626,
            0.12850054363131033
          ],
          "inference_seconds": null,
          "server_request_index": 30,
          "chunk_index": 2,
          "chunk_size": 5,
          "executed_from_chunk": 5,
          "variant": "oftplus_h5_vision",
          "proprio_state": null,
          "gripper_target_closedness": 0.23828125,
          "gripper_command_at_policy_step": 0.1630859375,
          "gripper_measured_at_policy_step": 0.1626441478729248
        },
        {
          "policy_step": 18,
          "raw_action": [
            0.0014692903655501438,
            -0.0010876511830891361,
            0.00017830640155376554,
            -0.00373737151930811,
            0.0031680889615406816,
            0.007740329519739533,
            0.291015625
          ],
          "clipped_action": [
            0.0014692903655501438,
            -0.0010876511830891361,
            0.00017830640155376554,
            -0.00373737151930811,
            0.0031680889615406816,
            0.007740329519739533,
            0.291015625
          ],
          "rotation_delta_before_lock": [
            -0.00373737151930811,
            0.0031680889615406816,
            0.007740329519739533
          ],
          "end_effector_orientation_locked": false,
          "action_was_clipped": false,
          "ik_success": true,
          "current_position_m": [
            0.36776093192909276,
            -0.050133557684761534,
            1.4976181827634911
          ],
          "current_quaternion_wxyz": [
            -0.09524615263993545,
            0.7418177869378265,
            -0.6512863047397918,
            0.1282992231010876
          ],
          "target_position_m": [
            0.3692302222946429,
            -0.05122120886785067,
            1.4977964891650448
          ],
          "target_quaternion_wxyz": [
            -0.0933238085790291,
            0.744711797484943,
            -0.6483196494704428,
            0.1279712371963802
          ],
          "inference_seconds": null,
          "server_request_index": 30,
          "chunk_index": 3,
          "chunk_size": 5,
          "executed_from_chunk": 5,
          "variant": "oftplus_h5_vision",
          "proprio_state": null,
          "gripper_target_closedness": 0.291015625,
          "gripper_command_at_policy_step": 0.23828125,
          "gripper_measured_at_policy_step": 0.23796717334410245
        },
        {
          "policy_step": 19,
          "raw_action": [
            0.002492092234197385,
            -0.0017146480315096031,
            -0.0005599535566567851,
            -0.005647740992831472,
            0.005344242951051385,
            0.013019822894363669,
            0.24609375
          ],
          "clipped_action": [
            0.002492092234197385,
            -0.0017146480315096031,
            -0.0005599535566567851,
            -0.005647740992831472,
            0.005344242951051385,
            0.013019822894363669,
            0.24609375
          ],
          "rotation_delta_before_lock": [
            -0.005647740992831472,
            0.005344242951051385,
            0.013019822894363669
          ],
          "end_effector_orientation_locked": false,
          "action_was_clipped": false,
          "ik_success": true,
          "current_position_m": [
            0.36999663744808436,
            -0.05172863943581081,
            1.4971720141008984
          ],
          "current_quaternion_wxyz": [
            -0.0927210906307523,
            0.7447212837418773,
            -0.6484262155856849,
            0.12781413002998115
          ],
          "target_position_m": [
            0.37248872968228175,
            -0.05344328746732041,
            1.4966120605442417
          ],
          "target_quaternion_wxyz": [
            -0.0897148425892533,
            0.7495243938033418,
            -0.6434463849493823,
            0.12704794295261065
          ],
          "inference_seconds": null,
          "server_request_index": 30,
          "chunk_index": 4,
          "chunk_size": 5,
          "executed_from_chunk": 5,
          "variant": "oftplus_h5_vision",
          "proprio_state": null,
          "gripper_target_closedness": 0.24609375,
          "gripper_command_at_policy_step": 0.291015625,
          "gripper_measured_at_policy_step": 0.2908415031330339
        },
        {
          "policy_step": 20,
          "raw_action": [
            0.0032787554200558525,
            -0.002119784456642829,
            -0.0014036792231831297,
            -0.006743394073234574,
            0.006069627614221619,
            0.013922894129496743,
            0.09814453125
          ],
          "clipped_action": [
            0.0032787554200558525,
            -0.002119784456642829,
            -0.0014036792231831297,
            -0.006743394073234574,
            0.006069627614221619,
            0.013922894129496743,
            0.09814453125
          ],
          "rotation_delta_before_lock": [
            -0.006743394073234574,
            0.006069627614221619,
            0.013922894129496743
          ],
          "end_effector_orientation_locked": false,
          "action_was_clipped": false,
          "ik_success": true,
          "current_position_m": [
            0.3732572364844628,
            -0.05396309101072671,
            1.4959763725420432
          ],
          "current_quaternion_wxyz": [
            -0.08915320777219496,
            0.7493058703792591,
            -0.6439023482398751,
            0.12642066322513668
          ],
          "target_position_m": [
            0.37653599190451864,
            -0.056082875467369536,
            1.4945726933188601
          ],
          "target_quaternion_wxyz": [
            -0.08554968627803683,
            0.7544466978624185,
            -0.6385082406719034,
            0.12569271202537158
          ],
          "inference_seconds": 0.20785314799286425,
          "server_request_index": 31,
          "chunk_index": 0,
          "chunk_size": 5,
          "executed_from_chunk": 5,
          "variant": "oftplus_h5_vision",
          "proprio_state": null,
          "gripper_target_closedness": 0.09814453125,
          "gripper_command_at_policy_step": 0.24609375,
          "gripper_measured_at_policy_step": 0.24622004016720023
        },
        {
          "policy_step": 21,
          "raw_action": [
            0.0038139099496895864,
            -0.0019654467708777905,
            -0.0012731026319350025,
            -0.010142727989357028,
            0.007200374295045809,
            0.01649317379872165,
            0.119140625
          ],
          "clipped_action": [
            0.0038139099496895864,
            -0.0019654467708777905,
            -0.0012731026319350025,
            -0.010142727989357028,
            0.007200374295045809,
            0.01649317379872165,
            0.119140625
          ],
          "rotation_delta_before_lock": [
            -0.010142727989357028,
            0.007200374295045809,
            0.01649317379872165
          ],
          "end_effector_orientation_locked": false,
          "action_was_clipped": false,
          "ik_success": true,
          "current_position_m": [
            0.3773072219568407,
            -0.056614832821468,
            1.4939238083542423
          ],
          "current_quaternion_wxyz": [
            -0.08502996958182527,
            0.7540794663280724,
            -0.6391172530330338,
            0.12515270516769728
          ],
          "target_position_m": [
            0.3811211319065303,
            -0.05858027959234579,
            1.4926507057223073
          ],
          "target_quaternion_wxyz": [
            -0.07993245390046053,
            0.7601914593793696,
            -0.6325361242637129,
            0.12497119428714709
          ],
          "inference_seconds": null,
          "server_request_index": 31,
          "chunk_index": 1,
          "chunk_size": 5,
          "executed_from_chunk": 5,
          "variant": "oftplus_h5_vision",
          "proprio_state": null,
          "gripper_target_closedness": 0.119140625,
          "gripper_command_at_policy_step": 0.09814453125,
          "gripper_measured_at_policy_step": 0.09956888135137232
        },
        {
          "policy_step": 22,
          "raw_action": [
            0.0043476672090109626,
            -0.002196953299525348,
            -0.0002360231668297047,
            -0.012348080984527375,
            0.007616403734216972,
            0.018924519431772244,
            0.232421875
          ],
          "clipped_action": [
            0.0043476672090109626,
            -0.002196953299525348,
            -0.0002360231668297047,
            -0.012348080984527375,
            0.007616403734216972,
            0.018924519431772244,
            0.232421875
          ],
          "rotation_delta_before_lock": [
            -0.012348080984527375,
            0.007616403734216972,
            0.018924519431772244
          ],
          "end_effector_orientation_locked": false,
          "action_was_clipped": false,
          "ik_success": true,
          "current_position_m": [
            0.38189523148099547,
            -0.05912559123154618,
            1.4919843609349508
          ],
          "current_quaternion_wxyz": [
            -0.07919608696805457,
            0.7602606356054974,
            -0.6326161919074444,
            0.12461340013897672
          ],
          "target_position_m": [
            0.38624289869000644,
            -0.061322544531071534,
            1.491748337768121
          ],
          "target_quaternion_wxyz": [
            -0.07326671254892891,
            0.7671559255052834,
            -0.6249098519359593,
            0.12486573488264055
          ],
          "inference_seconds": null,
          "server_request_index": 31,
          "chunk_index": 2,
          "chunk_size": 5,
          "executed_from_chunk": 5,
          "variant": "oftplus_h5_vision",
          "proprio_state": null,
          "gripper_target_closedness": 0.232421875,
          "gripper_command_at_policy_step": 0.119140625,
          "gripper_measured_at_policy_step": 0.11908365400700738
        },
        {
          "policy_step": 23,
          "raw_action": [
            0.007304291189963919,
            -0.00289147288546802,
            -0.0017250985247169726,
            -0.019216982988592986,
            0.012491415367581638,
            0.03148068295102635,
            0.119140625
          ],
          "clipped_action": [
            0.007304291189963919,
            -0.00289147288546802,
            -0.0017250985247169726,
            -0.019216982988592986,
            0.012491415367581638,
            0.03148068295102635,
            0.119140625
          ],
          "rotation_delta_before_lock": [
            -0.019216982988592986,
            0.012491415367581638,
            0.03148068295102635
          ],
          "end_effector_orientation_locked": false,
          "action_was_clipped": false,
          "ik_success": true,
          "current_position_m": [
            0.38702018882122635,
            -0.06188474106684993,
            1.4910626711447355
          ],
          "current_quaternion_wxyz": [
            -0.0722250172055639,
            0.7670487757118998,
            -0.6252817396940307,
            0.12426772941410809
          ],
          "target_position_m": [
            0.39432448001119025,
            -0.06477621395231795,
            1.4893375726200184
          ],
          "target_quaternion_wxyz": [
            -0.06289242443795269,
            0.7782149366833011,
            -0.6123474953311326,
            0.12432457614249422
          ],
          "inference_seconds": null,
          "server_request_index": 31,
          "chunk_index": 3,
          "chunk_size": 5,
          "executed_from_chunk": 5,
          "variant": "oftplus_h5_vision",
          "proprio_state": null,
          "gripper_target_closedness": 0.119140625,
          "gripper_command_at_policy_step": 0.232421875,
          "gripper_measured_at_policy_step": 0.23170897467383023
        },
        {
          "policy_step": 24,
          "raw_action": [
            0.007729061364921243,
            -0.0031808560462774672,
            -0.002468380659513991,
            -0.019497919675875837,
            0.013238134873786288,
            0.033147891385118186,
            0.0673828125
          ],
          "clipped_action": [
            0.007729061364921243,
            -0.0031808560462774672,
            -0.002468380659513991,
            -0.019497919675875837,
            0.013238134873786288,
            0.033147891385118186,
            0.0673828125
          ],
          "rotation_delta_before_lock": [
            -0.019497919675875837,
            0.013238134873786288,
            0.033147891385118186
          ],
          "end_effector_orientation_locked": false,
          "action_was_clipped": false,
          "ik_success": true,
          "current_position_m": [
            0.3951029366417599,
            -0.06536096377409988,
            1.4886243209163559
          ],
          "current_quaternion_wxyz": [
            -0.06194962162119206,
            0.777879927630355,
            -0.6129518213203576,
            0.1239158073485427
          ],
          "target_position_m": [
            0.4028319980066811,
            -0.06854181982037734,
            1.4861559402568418
          ],
          "target_quaternion_wxyz": [
            -0.05235055744302732,
            0.7893014703748598,
            -0.5991354850105411,
            0.12369025265020789
          ],
          "inference_seconds": null,
          "server_request_index": 31,
          "chunk_index": 4,
          "chunk_size": 5,
          "executed_from_chunk": 5,
          "variant": "oftplus_h5_vision",
          "proprio_state": null,
          "gripper_target_closedness": 0.0673828125,
          "gripper_command_at_policy_step": 0.119140625,
          "gripper_measured_at_policy_step": 0.1198249867764013
        },
        {
          "policy_step": 25,
          "raw_action": [
            0.006857164690008841,
            -0.0034702392070869136,
            -0.004055388460837351,
            -0.01826179825183131,
            0.013622162048405825,
            0.03351259323007577,
            0.0091552734375
          ],
          "clipped_action": [
            0.006857164690008841,
            -0.0034702392070869136,
            -0.004055388460837351,
            -0.01826179825183131,
            0.013622162048405825,
            0.03351259323007577,
            0.0091552734375
          ],
          "rotation_delta_before_lock": [
            -0.01826179825183131,
            0.013622162048405825,
            0.03351259323007577
          ],
          "end_effector_orientation_locked": false,
          "action_was_clipped": false,
          "ik_success": true,
          "current_position_m": [
            0.4036142376393326,
            -0.06914543686195558,
            1.485417377583476
          ],
          "current_quaternion_wxyz": [
            -0.05133691276118895,
            0.7889134998121404,
            -0.599872570978895,
            0.12301589242646871
          ],
          "target_position_m": [
            0.41047140232934143,
            -0.0726156760690425,
            1.4813619891226386
          ],
          "target_quaternion_wxyz": [
            -0.04209902715807787,
            0.8001090549800374,
            -0.5857575430365276,
            0.12223449933265831
          ],
          "inference_seconds": 0.20435208606068045,
          "server_request_index": 32,
          "chunk_index": 0,
          "chunk_size": 5,
          "executed_from_chunk": 5,
          "variant": "oftplus_h5_vision",
          "proprio_state": null,
          "gripper_target_closedness": 0.0091552734375,
          "gripper_command_at_policy_step": 0.0673828125,
          "gripper_measured_at_policy_step": 0.06752894407716292
        },
        {
          "policy_step": 26,
          "raw_action": [
            0.00793026828990103,
            -0.003721037946455101,
            -0.004577694825829849,
            -0.020762134768648646,
            0.01575564635184769,
            0.04004249293026878,
            0.0113525390625
          ],
          "clipped_action": [
            0.00793026828990103,
            -0.003721037946455101,
            -0.004577694825829849,
            -0.020762134768648646,
            0.01575564635184769,
            0.04004249293026878,
            0.0113525390625
          ],
          "rotation_delta_before_lock": [
            -0.020762134768648646,
            0.01575564635184769,
            0.04004249293026878
          ],
          "end_effector_orientation_locked": false,
          "action_was_clipped": false,
          "ik_success": true,
          "current_position_m": [
            0.41125684008058705,
            -0.07323159143090108,
            1.4806002231598303
          ],
          "current_quaternion_wxyz": [
            -0.04126276120378795,
            0.8000040007020564,
            -0.586058549408695,
            0.121763541602236
          ],
          "target_position_m": [
            0.41918710837048806,
            -0.07695262937735618,
            1.4760225283340005
          ],
          "target_quaternion_wxyz": [
            -0.030768081850088103,
            0.8128956974847361,
            -0.568936892930215,
            0.12068439009658118
          ],
          "inference_seconds": null,
          "server_request_index": 32,
          "chunk_index": 1,
          "chunk_size": 5,
          "executed_from_chunk": 5,
          "variant": "oftplus_h5_vision",
          "proprio_state": null,
          "gripper_target_closedness": 0.0113525390625,
          "gripper_command_at_policy_step": 0.0091552734375,
          "gripper_measured_at_policy_step": 0.009330307358297873
        },
        {
          "policy_step": 27,
          "raw_action": [
            0.00786319931490777,
            -0.0037789145786169907,
            -0.004557606119483984,
            -0.020874509443561787,
            0.01545695854936583,
            0.03920888871322287,
            0.010009765625
          ],
          "clipped_action": [
            0.00786319931490777,
            -0.0037789145786169907,
            -0.004557606119483984,
            -0.020874509443561787,
            0.01545695854936583,
            0.03920888871322287,
            0.010009765625
          ],
          "rotation_delta_before_lock": [
            -0.020874509443561787,
            0.01545695854936583,
            0.03920888871322287
          ],
          "end_effector_orientation_locked": false,
          "action_was_clipped": false,
          "ik_success": true,
          "current_position_m": [
            0.41997004461246673,
            -0.07758319379011193,
            1.4752320665075294
          ],
          "current_quaternion_wxyz": [
            -0.029838845347603705,
            0.8125407940620282,
            -0.5696508669861139,
            0.11993744634324707
          ],
          "target_position_m": [
            0.4278332439273745,
            -0.08136210836872892,
            1.4706744603880453
          ],
          "target_quaternion_wxyz": [
            -0.01929964278791613,
            0.824721051948685,
            -0.5525443084772278,
            0.11898528241062178
          ],
          "inference_seconds": null,
          "server_request_index": 32,
          "chunk_index": 2,
          "chunk_size": 5,
          "executed_from_chunk": 5,
          "variant": "oftplus_h5_vision",
          "proprio_state": null,
          "gripper_target_closedness": 0.010009765625,
          "gripper_command_at_policy_step": 0.0113525390625,
          "gripper_measured_at_policy_step": 0.011325489344268025
        },
        {
          "policy_step": 28,
          "raw_action": [
            0.007572567089936968,
            -0.003971836685823288,
            -0.004718315770250905,
            -0.019722669025702112,
            0.015798316037916527,
            0.03941728976748434,
            0.01068115234375
          ],
          "clipped_action": [
            0.007572567089936968,
            -0.003971836685823288,
            -0.004718315770250905,
            -0.019722669025702112,
            0.015798316037916527,
            0.03941728976748434,
            0.01068115234375
          ],
          "rotation_delta_before_lock": [
            -0.019722669025702112,
            0.015798316037916527,
            0.03941728976748434
          ],
          "end_effector_orientation_locked": false,
          "action_was_clipped": false,
          "ik_success": true,
          "current_position_m": [
            0.4286118179097385,
            -0.08200453682592905,
            1.4698553069381084
          ],
          "current_quaternion_wxyz": [
            -0.018433381991698947,
            0.8244303633340743,
            -0.5531417524394246,
            0.11835957143145108
          ],
          "target_position_m": [
            0.4361843849996755,
            -0.08597637351175234,
            1.4651369911678576
          ],
          "target_quaternion_wxyz": [
            -0.00826262850835558,
            0.8362217447943568,
            -0.5357217753507006,
            0.11690638099910561
          ],
          "inference_seconds": null,
          "server_request_index": 32,
          "chunk_index": 3,
          "chunk_size": 5,
          "executed_from_chunk": 5,
          "variant": "oftplus_h5_vision",
          "proprio_state": null,
          "gripper_target_closedness": 0.01068115234375,
          "gripper_command_at_policy_step": 0.010009765625,
          "gripper_measured_at_policy_step": 0.00998846338740711
        },
        {
          "policy_step": 29,
          "raw_action": [
            0.00759492341493472,
            -0.004010421107264548,
            -0.004758493182942636,
            -0.019160795651136417,
            0.016011664468260713,
            0.04004249293026878,
            0.00970458984375
          ],
          "clipped_action": [
            0.00759492341493472,
            -0.004010421107264548,
            -0.004758493182942636,
            -0.019160795651136417,
            0.016011664468260713,
            0.04004249293026878,
            0.00970458984375
          ],
          "rotation_delta_before_lock": [
            -0.019160795651136417,
            0.016011664468260713,
            0.04004249293026878
          ],
          "end_effector_orientation_locked": false,
          "action_was_clipped": false,
          "ik_success": true,
          "current_position_m": [
            0.43695890217674,
            -0.08662915746493577,
            1.4642917893292322
          ],
          "current_quaternion_wxyz": [
            -0.007303000837013094,
            0.8360249885273474,
            -0.5362037287125161,
            0.11616559753824701
          ],
          "target_position_m": [
            0.4445538255916747,
            -0.09063957857220031,
            1.4595332961462897
          ],
          "target_quaternion_wxyz": [
            0.0026745353119524634,
            0.847526626266898,
            -0.5182634184256388,
            0.11443117473523517
          ],
          "inference_seconds": null,
          "server_request_index": 32,
          "chunk_index": 4,
          "chunk_size": 5,
          "executed_from_chunk": 5,
          "variant": "oftplus_h5_vision",
          "proprio_state": null,
          "gripper_target_closedness": 0.00970458984375,
          "gripper_command_at_policy_step": 0.01068115234375,
          "gripper_measured_at_policy_step": 0.010653267132824884
        },
        {
          "policy_step": 30,
          "raw_action": [
            0.0060746933150874535,
            -0.002833596253306131,
            -0.004919202833709559,
            -0.013448123700669274,
            0.014112863438197454,
            0.0358744718450392,
            0.010986328125
          ],
          "clipped_action": [
            0.0060746933150874535,
            -0.002833596253306131,
            -0.004919202833709559,
            -0.013448123700669274,
            0.014112863438197454,
            0.0358744718450392,
            0.010986328125
          ],
          "rotation_delta_before_lock": [
            -0.013448123700669274,
            0.014112863438197454,
            0.0358744718450392
          ],
          "end_effector_orientation_locked": false,
          "action_was_clipped": false,
          "ik_success": true,
          "current_position_m": [
            0.4453212217994059,
            -0.09130288455351046,
            1.4586618554713406
          ],
          "current_quaternion_wxyz": [
            0.0035104996149385092,
            0.8473135511582447,
            -0.5187272166644772,
            0.11388369992050154
          ],
          "target_position_m": [
            0.4513959151144934,
            -0.0941364808068166,
            1.4537426526376311
          ],
          "target_quaternion_wxyz": [
            0.010824253177994986,
            0.8572208378040425,
            -0.5026312452983595,
            0.11143205116794061
          ],
          "inference_seconds": 0.21675526991020888,
          "server_request_index": 33,
          "chunk_index": 0,
          "chunk_size": 5,
          "executed_from_chunk": 5,
          "variant": "oftplus_h5_vision",
          "proprio_state": null,
          "gripper_target_closedness": 0.010986328125,
          "gripper_command_at_policy_step": 0.00970458984375,
          "gripper_measured_at_policy_step": 0.009679392750921001
        },
        {
          "policy_step": 31,
          "raw_action": [
            0.007259578539968411,
            -0.0031229794141155775,
            -0.005079912484476482,
            -0.016716646471775648,
            0.01626768258467374,
            0.042821173653755165,
            0.01031494140625
          ],
          "clipped_action": [
            0.007259578539968411,
            -0.0031229794141155775,
            -0.005079912484476482,
            -0.016716646471775648,
            0.01626768258467374,
            0.042821173653755165,
            0.01031494140625
          ],
          "rotation_delta_before_lock": [
            -0.016716646471775648,
            0.01626768258467374,
            0.042821173653755165
          ],
          "end_effector_orientation_locked": false,
          "action_was_clipped": false,
          "ik_success": true,
          "current_position_m": [
            0.45215980423453866,
            -0.0948040028700495,
            1.4528513692496452
          ],
          "current_quaternion_wxyz": [
            0.01155574558141389,
            0.8570814334640137,
            -0.5030532746740137,
            0.11052277591103311
          ],
          "target_position_m": [
            0.45941938277450706,
            -0.09792698228416508,
            1.4477714567651687
          ],
          "target_quaternion_wxyz": [
            0.020440592210634143,
            0.8683986141793153,
            -0.48353729073254775,
            0.10797091067760282
          ],
          "inference_seconds": null,
          "server_request_index": 33,
          "chunk_index": 1,
          "chunk_size": 5,
          "executed_from_chunk": 5,
          "variant": "oftplus_h5_vision",
          "proprio_state": null,
          "gripper_target_closedness": 0.01031494140625,
          "gripper_command_at_policy_step": 0.010986328125,
          "gripper_measured_at_policy_step": 0.010955304678144206
        },
        {
          "policy_step": 32,
          "raw_action": [
            0.007281934864966165,
            -0.0031229794141155775,
            -0.005320976960626866,
            -0.016716646471775648,
            0.016182343212536063,
            0.043029574708016646,
            0.0093994140625
          ],
          "clipped_action": [
            0.007281934864966165,
            -0.0031229794141155775,
            -0.005320976960626866,
            -0.016716646471775648,
            0.016182343212536063,
            0.043029574708016646,
            0.0093994140625
          ],
          "rotation_delta_before_lock": [
            -0.016716646471775648,
            0.016182343212536063,
            0.043029574708016646
          ],
          "end_effector_orientation_locked": false,
          "action_was_clipped": false,
          "ik_success": true,
          "current_position_m": [
            0.46017184801422056,
            -0.09860011190052421,
            1.446857256860538
          ],
          "current_quaternion_wxyz": [
            0.02115223822369479,
            0.8682114272445364,
            -0.48399498412693936,
            0.10728632606300298
          ],
          "target_position_m": [
            0.4674537828791867,
            -0.10172309131463979,
            1.4415362798999112
          ],
          "target_quaternion_wxyz": [
            0.030009663677605214,
            0.879054968670399,
            -0.46410492926134356,
            0.10473011399384761
          ],
          "inference_seconds": null,
          "server_request_index": 33,
          "chunk_index": 2,
          "chunk_size": 5,
          "executed_from_chunk": 5,
          "variant": "oftplus_h5_vision",
          "proprio_state": null,
          "gripper_target_closedness": 0.0093994140625,
          "gripper_command_at_policy_step": 0.01031494140625,
          "gripper_measured_at_policy_step": 0.010287450048430236
        },
        {
          "policy_step": 33,
          "raw_action": [
            0.006946589989999856,
            -0.0031229794141155775,
            -0.005160267309859943,
            -0.01564908706010083,
            0.016011664468260713,
            0.04219597049097073,
            0.01068115234375
          ],
          "clipped_action": [
            0.006946589989999856,
            -0.0031229794141155775,
            -0.005160267309859943,
            -0.01564908706010083,
            0.016011664468260713,
            0.04219597049097073,
            0.01068115234375
          ],
          "rotation_delta_before_lock": [
            -0.01564908706010083,
            0.016011664468260713,
            0.04219597049097073
          ],
          "end_effector_orientation_locked": false,
          "action_was_clipped": false,
          "ik_success": true,
          "current_position_m": [
            0.4681963846357278,
            -0.1023984085452995,
            1.440598518319516
          ],
          "current_quaternion_wxyz": [
            0.030551456701264357,
            0.8787882414936263,
            -0.4646764646872475,
            0.10427664298265274
          ],
          "target_position_m": [
            0.4751429746257277,
            -0.10552138795941507,
            1.4354382510096562
          ],
          "target_quaternion_wxyz": [
            0.03893815655932766,
            0.8889361232416677,
            -0.44494463072423585,
            0.10149218861325969
          ],
          "inference_seconds": null,
          "server_request_index": 33,
          "chunk_index": 3,
          "chunk_size": 5,
          "executed_from_chunk": 5,
          "variant": "oftplus_h5_vision",
          "proprio_state": null,
          "gripper_target_closedness": 0.01068115234375,
          "gripper_command_at_policy_step": 0.0093994140625,
          "gripper_measured_at_policy_step": 0.009371992072154778
        },
        {
          "policy_step": 34,
          "raw_action": [
            0.007237222214970657,
            -0.0030651027819536885,
            -0.005039735071784752,
            -0.015691227563193258,
            0.016481031015017925,
            0.04365477787080108,
            0.0113525390625
          ],
          "clipped_action": [
            0.007237222214970657,
            -0.0030651027819536885,
            -0.005039735071784752,
            -0.015691227563193258,
            0.016481031015017925,
            0.04365477787080108,
            0.0113525390625
          ],
          "rotation_delta_before_lock": [
            -0.015691227563193258,
            0.016481031015017925,
            0.04365477787080108
          ],
          "end_effector_orientation_locked": false,
          "action_was_clipped": false,
          "ik_success": true,
          "current_position_m": [
            0.47587521455641857,
            -0.10619995837463653,
            1.4344792342201387
          ],
          "current_quaternion_wxyz": [
            0.039435737798074154,
            0.8887520093559557,
            -0.44539383953936545,
            0.10094065657828147
          ],
          "target_position_m": [
            0.4831124367713892,
            -0.10926506115659021,
            1.4294394991483539
          ],
          "target_quaternion_wxyz": [
            0.04786274808728867,
            0.8987259334932644,
            -0.42474493918505707,
            0.09794177070522832
          ],
          "inference_seconds": null,
          "server_request_index": 33,
          "chunk_index": 4,
          "chunk_size": 5,
          "executed_from_chunk": 5,
          "variant": "oftplus_h5_vision",
          "proprio_state": null,
          "gripper_target_closedness": 0.0113525390625,
          "gripper_command_at_policy_step": 0.01068115234375,
          "gripper_measured_at_policy_step": 0.010648385717951014
        },
        {
          "policy_step": 35,
          "raw_action": [
            0.005526963352642482,
            -0.002814304042585501,
            -0.004959380246401289,
            -0.009974165976987318,
            0.014240872496403965,
            0.036881743607303015,
            0.01324462890625
          ],
          "clipped_action": [
            0.005526963352642482,
            -0.002814304042585501,
            -0.004959380246401289,
            -0.009974165976987318,
            0.014240872496403965,
            0.036881743607303015,
            0.01324462890625
          ],
          "rotation_delta_before_lock": [
            -0.009974165976987318,
            0.014240872496403965,
            0.036881743607303015
          ],
          "end_effector_orientation_locked": false,
          "action_was_clipped": false,
          "ik_success": true,
          "current_position_m": [
            0.4838311293591061,
            -0.10994650016947381,
            1.428462031369063
          ],
          "current_quaternion_wxyz": [
            0.0485419356668598,
            0.8986667724505272,
            -0.42505967625297647,
            0.096778015059113
          ],
          "target_position_m": [
            0.48935809271174857,
            -0.1127608042120593,
            1.4235026511226618
          ],
          "target_quaternion_wxyz": [
            0.054255116739151905,
            0.9067649352514368,
            -0.40757207083193964,
            0.093374201918106
          ],
          "inference_seconds": 0.21422660700045526,
          "server_request_index": 34,
          "chunk_index": 0,
          "chunk_size": 5,
          "executed_from_chunk": 5,
          "variant": "oftplus_h5_vision",
          "proprio_state": null,
          "gripper_target_closedness": 0.01324462890625,
          "gripper_command_at_policy_step": 0.0113525390625,
          "gripper_measured_at_policy_step": 0.011321539251968882
        },
        {
          "policy_step": 36,
          "raw_action": [
            0.005638744977631251,
            -0.003315901521321876,
            -0.005441509198702057,
            -0.009243730590051916,
            0.015328949491159316,
            0.04032036100261742,
            0.0128173828125
          ],
          "clipped_action": [
            0.005638744977631251,
            -0.003315901521321876,
            -0.005441509198702057,
            -0.009243730590051916,
            0.015328949491159316,
            0.04032036100261742,
            0.0128173828125
          ],
          "rotation_delta_before_lock": [
            -0.009243730590051916,
            0.015328949491159316,
            0.04032036100261742
          ],
          "end_effector_orientation_locked": false,
          "action_was_clipped": false,
          "ik_success": true,
          "current_position_m": [
            0.4900702735556217,
            -0.113441944332801,
            1.422507377080415
          ],
          "current_quaternion_wxyz": [
            0.05455811057530593,
            0.9066322738858604,
            -0.40797061176536953,
            0.09274326096702118
          ],
          "target_position_m": [
            0.49570901853325294,
            -0.11675784585412287,
            1.417065867881713
          ],
          "target_quaternion_wxyz": [
            0.059991888883891106,
            0.9150944521846408,
            -0.3887482434141696,
            0.0887576480728984
          ],
          "inference_seconds": null,
          "server_request_index": 34,
          "chunk_index": 1,
          "chunk_size": 5,
          "executed_from_chunk": 5,
          "variant": "oftplus_h5_vision",
          "proprio_state": null,
          "gripper_target_closedness": 0.0128173828125,
          "gripper_command_at_policy_step": 0.01324462890625,
          "gripper_measured_at_policy_step": 0.013212188307581307
        },
        {
          "policy_step": 37,
          "raw_action": [
            0.005582854165136868,
            -0.0026792585675410926,
            -0.005240622135243404,
            -0.009819650798981751,
            0.014560895141920247,
            0.03941728976748434,
            0.012451171875
          ],
          "clipped_action": [
            0.005582854165136868,
            -0.0026792585675410926,
            -0.005240622135243404,
            -0.009819650798981751,
            0.014560895141920247,
            0.03941728976748434,
            0.012451171875
          ],
          "rotation_delta_before_lock": [
            -0.009819650798981751,
            0.014560895141920247,
            0.03941728976748434
          ],
          "end_effector_orientation_locked": false,
          "action_was_clipped": false,
          "ik_success": true,
          "current_position_m": [
            0.496410001144857,
            -0.11743755205818664,
            1.4160540670208936
          ],
          "current_quaternion_wxyz": [
            0.060201551326242955,
            0.9150809934974247,
            -0.3888918775605199,
            0.08812296026084061
          ],
          "target_position_m": [
            0.5019928553099938,
            -0.12011681062572772,
            1.4108134448856502
          ],
          "target_quaternion_wxyz": [
            0.06577451587599008,
            0.9228779033237524,
            -0.36989685628275876,
            0.08453640831124681
          ],
          "inference_seconds": null,
          "server_request_index": 34,
          "chunk_index": 2,
          "chunk_size": 5,
          "executed_from_chunk": 5,
          "variant": "oftplus_h5_vision",
          "proprio_state": null,
          "gripper_target_closedness": 0.012451171875,
          "gripper_command_at_policy_step": 0.0128173828125,
          "gripper_measured_at_policy_step": 0.012791487420427461
        },
        {
          "policy_step": 38,
          "raw_action": [
            0.005102193177685158,
            -0.0027178429889823524,
            -0.005039735071784752,
            -0.008148077509648813,
            0.014112863438197454,
            0.03761114729721819,
            0.0174560546875
          ],
          "clipped_action": [
            0.005102193177685158,
            -0.0027178429889823524,
            -0.005039735071784752,
            -0.008148077509648813,
            0.014112863438197454,
            0.03761114729721819,
            0.0174560546875
          ],
          "rotation_delta_before_lock": [
            -0.008148077509648813,
            0.014112863438197454,
            0.03761114729721819
          ],
          "end_effector_orientation_locked": false,
          "action_was_clipped": false,
          "ik_success": true,
          "current_position_m": [
            0.5026807097034057,
            -0.12079671541503147,
            1.4097849194277585
          ],
          "current_quaternion_wxyz": [
            0.06588420443342594,
            0.9228697872669757,
            -0.3701463112669744,
            0.08344061128391697
          ],
          "target_position_m": [
            0.5077829028810908,
            -0.12351455840401382,
            1.4047451843559737
          ],
          "target_quaternion_wxyz": [
            0.0706726025810157,
            0.929956654821384,
            -0.3519099036105935,
            0.0796581642936241
          ],
          "inference_seconds": null,
          "server_request_index": 34,
          "chunk_index": 3,
          "chunk_size": 5,
          "executed_from_chunk": 5,
          "variant": "oftplus_h5_vision",
          "proprio_state": null,
          "gripper_target_closedness": 0.0174560546875,
          "gripper_command_at_policy_step": 0.012451171875,
          "gripper_measured_at_policy_step": 0.012425766679747374
        },
        {
          "policy_step": 39,
          "raw_action": [
            0.00509101501518628,
            -0.0030843949926743185,
            -0.004919202833709559,
            -0.007024330760517422,
            0.014603564827989083,
            0.038722619586612744,
            0.02197265625
          ],
          "clipped_action": [
            0.00509101501518628,
            -0.0030843949926743185,
            -0.004919202833709559,
            -0.007024330760517422,
            0.014603564827989083,
            0.038722619586612744,
            0.02197265625
          ],
          "rotation_delta_before_lock": [
            -0.007024330760517422,
            0.014603564827989083,
            0.038722619586612744
          ],
          "end_effector_orientation_locked": false,
          "action_was_clipped": false,
          "ik_success": true,
          "current_position_m": [
            0.508459355152292,
            -0.12419182764837929,
            1.4037034337722707
          ],
          "current_quaternion_wxyz": [
            0.07090151326080699,
            0.9299073882076371,
            -0.3522220034752272,
            0.07864404009252961
          ],
          "target_position_m": [
            0.5135503701674783,
            -0.1272762226410536,
            1.3987842309385612
          ],
          "target_quaternion_wxyz": [
            0.07520076589776152,
            0.9368467568190665,
            -0.33334766415859174,
            0.07444685249221686
          ],
          "inference_seconds": null,
          "server_request_index": 34,
          "chunk_index": 4,
          "chunk_size": 5,
          "executed_from_chunk": 5,
          "variant": "oftplus_h5_vision",
          "proprio_state": null,
          "gripper_target_closedness": 0.02197265625,
          "gripper_command_at_policy_step": 0.0174560546875,
          "gripper_measured_at_policy_step": 0.01742025695998095
        },
        {
          "policy_step": 40,
          "raw_action": [
            0.006342969215060501,
            -0.0023512909852903864,
            -0.006285234865228402,
            -0.010170821658085312,
            0.016310352270742574,
            0.04372424488888824,
            0.007110595703125
          ],
          "clipped_action": [
            0.006342969215060501,
            -0.0023512909852903864,
            -0.006285234865228402,
            -0.010170821658085312,
            0.016310352270742574,
            0.04372424488888824,
            0.007110595703125
          ],
          "rotation_delta_before_lock": [
            -0.010170821658085312,
            0.016310352270742574,
            0.04372424488888824
          ],
          "end_effector_orientation_locked": false,
          "action_was_clipped": false,
          "ik_success": true,
          "current_position_m": [
            0.51421185717434,
            -0.12795072479839623,
            1.3977290773406366
          ],
          "current_quaternion_wxyz": [
            0.07530172358818503,
            0.9368341907435448,
            -0.33356222864725404,
            0.07353631142784646
          ],
          "target_position_m": [
            0.5205548263894005,
            -0.1303020157836866,
            1.391443842475408
          ],
          "target_quaternion_wxyz": [
            0.08115647857088212,
            0.9440754813824845,
            -0.31199991015197626,
            0.06921825989984733
          ],
          "inference_seconds": 0.20676038309466094,
          "server_request_index": 35,
          "chunk_index": 0,
          "chunk_size": 5,
          "executed_from_chunk": 5,
          "variant": "oftplus_h5_vision",
          "proprio_state": null,
          "gripper_target_closedness": 0.007110595703125,
          "gripper_command_at_policy_step": 0.02197265625,
          "gripper_measured_at_policy_step": 0.021940158102019103
        },
        {
          "policy_step": 41,
          "raw_action": [
            0.006253543915069484,
            -0.0030072261497917988,
            -0.006405767103303593,
            -0.00885041922785593,
            0.016523700701086764,
            0.044835717178282795,
            0.0078125
          ],
          "clipped_action": [
            0.006253543915069484,
            -0.0030072261497917988,
            -0.006405767103303593,
            -0.00885041922785593,
            0.016523700701086764,
            0.044835717178282795,
            0.0078125
          ],
          "rotation_delta_before_lock": [
            -0.00885041922785593,
            0.016523700701086764,
            0.044835717178282795
          ],
          "end_effector_orientation_locked": false,
          "action_was_clipped": false,
          "ik_success": true,
          "current_position_m": [
            0.5212017756555198,
            -0.13097573946337424,
            1.3903751646125933
          ],
          "current_quaternion_wxyz": [
            0.08083733821098496,
            0.9440036084265258,
            -0.3124992165137977,
            0.06831362753451094
          ],
          "target_position_m": [
            0.5274553195705893,
            -0.13398296561316603,
            1.3839693975092897
          ],
          "target_quaternion_wxyz": [
            0.08604075212398135,
            0.9509364801649843,
            -0.2902764414062089,
            0.06368977335426593
          ],
          "inference_seconds": null,
          "server_request_index": 35,
          "chunk_index": 1,
          "chunk_size": 5,
          "executed_from_chunk": 5,
          "variant": "oftplus_h5_vision",
          "proprio_state": null,
          "gripper_target_closedness": 0.0078125,
          "gripper_command_at_policy_step": 0.007110595703125,
          "gripper_measured_at_policy_step": 0.007125674136753801
        },
        {
          "policy_step": 42,
          "raw_action": [
            0.0061864749400762226,
            -0.0026985507782617225,
            -0.0064861219286870535,
            -0.009159449583867062,
            0.016139673526467228,
            0.044488382087847,
            0.007354736328125
          ],
          "clipped_action": [
            0.0061864749400762226,
            -0.0026985507782617225,
            -0.0064861219286870535,
            -0.009159449583867062,
            0.016139673526467228,
            0.044488382087847,
            0.007354736328125
          ],
          "rotation_delta_before_lock": [
            -0.009159449583867062,
            0.016139673526467228,
            0.044488382087847
          ],
          "end_effector_orientation_locked": false,
          "action_was_clipped": false,
          "ik_success": true,
          "current_position_m": [
            0.5280855146624749,
            -0.1346487581839488,
            1.3828852116164716
          ],
          "current_quaternion_wxyz": [
            0.08590535618007422,
            0.9508981349718163,
            -0.290634689399127,
            0.06280512721561095
          ],
          "target_position_m": [
            0.5342719896025511,
            -0.13734730896221053,
            1.3763990896877845
          ],
          "target_quaternion_wxyz": [
            0.0911830697645028,
            0.9571996608082338,
            -0.2684195892019817,
            0.05835564471037363
          ],
          "inference_seconds": null,
          "server_request_index": 35,
          "chunk_index": 2,
          "chunk_size": 5,
          "executed_from_chunk": 5,
          "variant": "oftplus_h5_vision",
          "proprio_state": null,
          "gripper_target_closedness": 0.007354736328125,
          "gripper_command_at_policy_step": 0.0078125,
          "gripper_measured_at_policy_step": 0.007792565329321599
        },
        {
          "policy_step": 43,
          "raw_action": [
            0.005191618477676173,
            -0.0027757196211442414,
            -0.005883460738311095,
            -0.0074176421227134075,
            0.014731573886195594,
            0.03955622380365866,
            0.00885009765625
          ],
          "clipped_action": [
            0.005191618477676173,
            -0.0027757196211442414,
            -0.005883460738311095,
            -0.0074176421227134075,
            0.014731573886195594,
            0.03955622380365866,
            0.00885009765625
          ],
          "rotation_delta_before_lock": [
            -0.0074176421227134075,
            0.014731573886195594,
            0.03955622380365866
          ],
          "end_effector_orientation_locked": false,
          "action_was_clipped": false,
          "ik_success": true,
          "current_position_m": [
            0.5348856841481234,
            -0.13800807907260704,
            1.3753002804409327
          ],
          "current_quaternion_wxyz": [
            0.09049423550841428,
            0.9572521183730237,
            -0.2686842526103392,
            0.05734062791188781
          ],
          "target_position_m": [
            0.5400773026257996,
            -0.14078379869375127,
            1.3694168197026215
          ],
          "target_quaternion_wxyz": [
            0.09486838161401384,
            0.9624327352301932,
            -0.24881221650974789,
            0.0530631816118592
          ],
          "inference_seconds": null,
          "server_request_index": 35,
          "chunk_index": 3,
          "chunk_size": 5,
          "executed_from_chunk": 5,
          "variant": "oftplus_h5_vision",
          "proprio_state": null,
          "gripper_target_closedness": 0.00885009765625,
          "gripper_command_at_policy_step": 0.007354736328125,
          "gripper_measured_at_policy_step": 0.007339717756057684
        },
        {
          "policy_step": 44,
          "raw_action": [
            0.005236331127671681,
            -0.0027371351997029815,
            -0.005843283325619364,
            -0.006631019398321437,
            0.015243610119021641,
            0.04177916838244777,
            0.0145263671875
          ],
          "clipped_action": [
            0.005236331127671681,
            -0.0027371351997029815,
            -0.005843283325619364,
            -0.006631019398321437,
            0.015243610119021641,
            0.04177916838244777,
            0.0145263671875
          ],
          "rotation_delta_before_lock": [
            -0.006631019398321437,
            0.015243610119021641,
            0.04177916838244777
          ],
          "end_effector_orientation_locked": false,
          "action_was_clipped": false,
          "ik_success": true,
          "current_position_m": [
            0.5406792588854843,
            -0.14143813649580741,
            1.3683047653936378
          ],
          "current_quaternion_wxyz": [
            0.09438727341404686,
            0.9624916714614588,
            -0.24886305146813464,
            0.05261184846361084
          ],
          "target_position_m": [
            0.5459155900131559,
            -0.1441752716955104,
            1.3624614820680183
          ],
          "target_quaternion_wxyz": [
            0.09835198042887544,
            0.9675346871914353,
            -0.22780204080920086,
            0.04805982969438102
          ],
          "inference_seconds": null,
          "server_request_index": 35,
          "chunk_index": 4,
          "chunk_size": 5,
          "executed_from_chunk": 5,
          "variant": "oftplus_h5_vision",
          "proprio_state": null,
          "gripper_target_closedness": 0.0145263671875,
          "gripper_command_at_policy_step": 0.00885009765625,
          "gripper_measured_at_policy_step": 0.008833173790882443
        },
        {
          "policy_step": 45,
          "raw_action": [
            0.004727724733972779,
            -0.0022548299316872376,
            -0.006606654166762246,
            -0.0070524244292457065,
            0.01498759200260862,
            0.04032036100261742,
            0.0047607421875
          ],
          "clipped_action": [
            0.004727724733972779,
            -0.0022548299316872376,
            -0.006606654166762246,
            -0.0070524244292457065,
            0.01498759200260862,
            0.04032036100261742,
            0.0047607421875
          ],
          "rotation_delta_before_lock": [
            -0.0070524244292457065,
            0.01498759200260862,
            0.04032036100261742
          ],
          "end_effector_orientation_locked": false,
          "action_was_clipped": false,
          "ik_success": true,
          "current_position_m": [
            0.546502412542285,
            -0.1448255127071096,
            1.3613383907729013
          ],
          "current_quaternion_wxyz": [
            0.09773373195027801,
            0.9676043606911333,
            -0.22789737852518596,
            0.04746265555068043
          ],
          "target_position_m": [
            0.5512301372762578,
            -0.14708034263879685,
            1.354731736606139
          ],
          "target_quaternion_wxyz": [
            0.10187312943526215,
            0.9719796853816198,
            -0.20743802927630972,
            0.04297465199945949
          ],
          "inference_seconds": 0.20878462598193437,
          "server_request_index": 36,
          "chunk_index": 0,
          "chunk_size": 5,
          "executed_from_chunk": 5,
          "variant": "oftplus_h5_vision",
          "proprio_state": null,
          "gripper_target_closedness": 0.0047607421875,
          "gripper_command_at_policy_step": 0.0145263671875,
          "gripper_measured_at_policy_step": 0.01450113875084913
        },
        {
          "policy_step": 46,
          "raw_action": [
            0.00395084244030083,
            -0.0012709271849351183,
            -0.005642396262160711,
            -0.005591553655374903,
            0.012683428954891406,
            0.03545766973651624,
            0.00506591796875
          ],
          "clipped_action": [
            0.00395084244030083,
            -0.0012709271849351183,
            -0.005642396262160711,
            -0.005591553655374903,
            0.012683428954891406,
            0.03545766973651624,
            0.00506591796875
          ],
          "rotation_delta_before_lock": [
            -0.005591553655374903,
            0.012683428954891406,
            0.03545766973651624
          ],
          "end_effector_orientation_locked": false,
          "action_was_clipped": false,
          "ik_success": true,
          "current_position_m": [
            0.5518055362030352,
            -0.14772222404013233,
            1.3535938849419653
          ],
          "current_quaternion_wxyz": [
            0.10192621180109314,
            0.9718989941292423,
            -0.2079403100129711,
            0.04224002876603094
          ],
          "target_position_m": [
            0.555756378643336,
            -0.14899315122506746,
            1.3479514886798045
          ],
          "target_quaternion_wxyz": [
            0.10519459187933251,
            0.9753921470136919,
            -0.18990860737304124,
            0.038457485994188516
          ],
          "inference_seconds": null,
          "server_request_index": 36,
          "chunk_index": 1,
          "chunk_size": 5,
          "executed_from_chunk": 5,
          "variant": "oftplus_h5_vision",
          "proprio_state": null,
          "gripper_target_closedness": 0.00506591796875,
          "gripper_command_at_policy_step": 0.0047607421875,
          "gripper_measured_at_policy_step": 0.004774759041851984
        },
        {
          "policy_step": 47,
          "raw_action": [
            0.0023188307154647925,
            -0.0009429596026844112,
            -0.0036134369212283135,
            -0.0031193108072858494,
            0.00716837203049418,
            0.019966524703079636,
            0.01031494140625
          ],
          "clipped_action": [
            0.0023188307154647925,
            -0.0009429596026844112,
            -0.0036134369212283135,
            -0.0031193108072858494,
            0.00716837203049418,
            0.019966524703079636,
            0.01031494140625
          ],
          "rotation_delta_before_lock": [
            -0.0031193108072858494,
            0.00716837203049418,
            0.019966524703079636
          ],
          "end_effector_orientation_locked": false,
          "action_was_clipped": false,
          "ik_success": true,
          "current_position_m": [
            0.5563240184706914,
            -0.14962788397354795,
            1.3467974163832017
          ],
          "current_quaternion_wxyz": [
            0.10473469203503888,
            0.9755122250562008,
            -0.18965491315287264,
            0.037915128474027594
          ],
          "target_position_m": [
            0.5586428491861561,
            -0.15057084357623238,
            1.3431839794619733
          ],
          "target_quaternion_wxyz": [
            0.10655134256518273,
            0.97732204459241,
            -0.17947089063812677,
            0.03575796365602959
          ],
          "inference_seconds": null,
          "server_request_index": 36,
          "chunk_index": 2,
          "chunk_size": 5,
          "executed_from_chunk": 5,
          "variant": "oftplus_h5_vision",
          "proprio_state": null,
          "gripper_target_closedness": 0.01031494140625,
          "gripper_command_at_policy_step": 0.00506591796875,
          "gripper_measured_at_policy_step": 0.005057945333678204
        },
        {
          "policy_step": 48,
          "raw_action": [
            0.0018046352405164529,
            -0.0003738393864258331,
            -0.002870154786431295,
            -0.0028945614574595706,
            0.005834944340843014,
            0.016215305726373017,
            0.01544189453125
          ],
          "clipped_action": [
            0.0018046352405164529,
            -0.0003738393864258331,
            -0.002870154786431295,
            -0.0028945614574595706,
            0.005834944340843014,
            0.016215305726373017,
            0.01544189453125
          ],
          "rotation_delta_before_lock": [
            -0.0028945614574595706,
            0.005834944340843014,
            0.016215305726373017
          ],
          "end_effector_orientation_locked": false,
          "action_was_clipped": false,
          "ik_success": true,
          "current_position_m": [
            0.5592046423010005,
            -0.15119865216888909,
            1.3420217667791028
          ],
          "current_quaternion_wxyz": [
            0.10629199637995045,
            0.9773838944901354,
            -0.17952633136005056,
            0.03454027569753698
          ],
          "target_position_m": [
            0.561009277541517,
            -0.1515724915553149,
            1.3391516119926714
          ],
          "target_quaternion_wxyz": [
            0.10794618951106891,
            0.9787490431029127,
            -0.17123520151423932,
            0.03280909260480951
          ],
          "inference_seconds": null,
          "server_request_index": 36,
          "chunk_index": 3,
          "chunk_size": 5,
          "executed_from_chunk": 5,
          "variant": "oftplus_h5_vision",
          "proprio_state": null,
          "gripper_target_closedness": 0.01544189453125,
          "gripper_command_at_policy_step": 0.01031494140625,
          "gripper_measured_at_policy_step": 0.010298433231896387
        },
        {
          "policy_step": 49,
          "raw_action": [
            0.0012904397655681115,
            -0.00043171601858772203,
            -0.002468380659513991,
            -0.0018270020457847522,
            0.00525890357891371,
            0.014409163256106862,
            0.0255126953125
          ],
          "clipped_action": [
            0.0012904397655681115,
            -0.00043171601858772203,
            -0.002468380659513991,
            -0.0018270020457847522,
            0.00525890357891371,
            0.014409163256106862,
            0.0255126953125
          ],
          "rotation_delta_before_lock": [
            -0.0018270020457847522,
            0.00525890357891371,
            0.014409163256106862
          ],
          "end_effector_orientation_locked": false,
          "action_was_clipped": false,
          "ik_success": true,
          "current_position_m": [
            0.5615678714365344,
            -0.1521974829592086,
            1.3379831204450467
          ],
          "current_quaternion_wxyz": [
            0.10743622341999316,
            0.9788833621722464,
            -0.17105450619679666,
            0.031387530475939805
          ],
          "target_position_m": [
            0.5628583112021025,
            -0.1526291989777963,
            1.3355147397855327
          ],
          "target_quaternion_wxyz": [
            0.10855086429944741,
            0.9800709178733451,
            -0.16368586135055724,
            0.029742975518060787
          ],
          "inference_seconds": null,
          "server_request_index": 36,
          "chunk_index": 4,
          "chunk_size": 5,
          "executed_from_chunk": 5,
          "variant": "oftplus_h5_vision",
          "proprio_state": null,
          "gripper_target_closedness": 0.0255126953125,
          "gripper_command_at_policy_step": 0.01544189453125,
          "gripper_measured_at_policy_step": 0.015426873390016915
        },
        {
          "policy_step": 50,
          "raw_action": [
            0.0040151168746693725,
            0.00018563472447243046,
            -0.004959380246401289,
            -0.006799581410691147,
            0.010475272700829073,
            0.028072457376125078,
            0.00421142578125
          ],
          "clipped_action": [
            0.0040151168746693725,
            0.00018563472447243046,
            -0.004959380246401289,
            -0.006799581410691147,
            0.010475272700829073,
            0.028072457376125078,
            0.00421142578125
          ],
          "rotation_delta_before_lock": [
            -0.006799581410691147,
            0.010475272700829073,
            0.028072457376125078
          ],
          "end_effector_orientation_locked": false,
          "action_was_clipped": false,
          "ik_success": true,
          "current_position_m": [
            0.5634126987734074,
            -0.15324884815156337,
            1.3343399640441926
          ],
          "current_quaternion_wxyz": [
            0.10819486416473309,
            0.980158199738932,
            -0.16371440560217124,
            0.02795296498117268
          ],
          "target_position_m": [
            0.5674278156480768,
            -0.15306321342709095,
            1.3293805837977914
          ],
          "target_quaternion_wxyz": [
            0.11197940271710828,
            0.9821189585845398,
            -0.14927621004806615,
            0.024891317153262617
          ],
          "inference_seconds": 0.20871116500347853,
          "server_request_index": 37,
          "chunk_index": 0,
          "chunk_size": 5,
          "executed_from_chunk": 5,
          "variant": "oftplus_h5_vision",
          "proprio_state": null,
          "gripper_target_closedness": 0.00421142578125,
          "gripper_command_at_policy_step": 0.0255126953125,
          "gripper_measured_at_policy_step": 0.02548769424701569
        },
        {
          "policy_step": 51,
          "raw_action": [
            0.0023411870404625463,
            0.0008313209020285092,
            -0.002689356429318508,
            -0.004186870218960668,
            0.005877614026911851,
            0.016979442925331767,
            0.00885009765625
          ],
          "clipped_action": [
            0.0023411870404625463,
            0.0008313209020285092,
            -0.002689356429318508,
            -0.004186870218960668,
            0.005877614026911851,
            0.016979442925331767,
            0.00885009765625
          ],
          "rotation_delta_before_lock": [
            -0.004186870218960668,
            0.005877614026911851,
            0.016979442925331767
          ],
          "end_effector_orientation_locked": false,
          "action_was_clipped": false,
          "ik_success": true,
          "current_position_m": [
            0.5679647404154244,
            -0.15367663170207413,
            1.3281921334107394
          ],
          "current_quaternion_wxyz": [
            0.11189057230777882,
            0.9820807200876446,
            -0.1496081904779286,
            0.02480621701693413
          ],
          "target_position_m": [
            0.570305927455887,
            -0.15284531080004563,
            1.325502776981421
          ],
          "target_quaternion_wxyz": [
            0.11417077328906226,
            0.9831477167579256,
            -0.14088360198631308,
            0.023182153731210655
          ],
          "inference_seconds": null,
          "server_request_index": 37,
          "chunk_index": 1,
          "chunk_size": 5,
          "executed_from_chunk": 5,
          "variant": "oftplus_h5_vision",
          "proprio_state": null,
          "gripper_target_closedness": 0.00885009765625,
          "gripper_command_at_policy_step": 0.00421142578125,
          "gripper_measured_at_policy_step": 0.00426179299066809
        },
        {
          "policy_step": 52,
          "raw_action": [
            0.001815813403015329,
            0.0004967216223425858,
            -0.0019862517072132234,
            -0.003063123469829277,
            0.004085487212020684,
            0.011561015514533314,
            0.0140380859375
          ],
          "clipped_action": [
            0.001815813403015329,
            0.0004967216223425858,
            -0.0019862517072132234,
            -0.003063123469829277,
            0.004085487212020684,
            0.011561015514533314,
            0.0140380859375
          ],
          "rotation_delta_before_lock": [
            -0.003063123469829277,
            0.004085487212020684,
            0.011561015514533314
          ],
          "end_effector_orientation_locked": false,
          "action_was_clipped": false,
          "ik_success": true,
          "current_position_m": [
            0.5708428884861577,
            -0.15345176192585228,
            1.3243057486241459
          ],
          "current_quaternion_wxyz": [
            0.1138712072902452,
            0.9831707556527537,
            -0.14105490252261055,
            0.02263024201797059
          ],
          "target_position_m": [
            0.572658701889173,
            -0.1529550403035097,
            1.3223194969169327
          ],
          "target_quaternion_wxyz": [
            0.11553203405261808,
            0.9838383167437726,
            -0.13510163030681394,
            0.021495699637043276
          ],
          "inference_seconds": null,
          "server_request_index": 37,
          "chunk_index": 2,
          "chunk_size": 5,
          "executed_from_chunk": 5,
          "variant": "oftplus_h5_vision",
          "proprio_state": null,
          "gripper_target_closedness": 0.0140380859375,
          "gripper_command_at_policy_step": 0.00885009765625,
          "gripper_measured_at_policy_step": 0.008840560142336251
        },
        {
          "policy_step": 53,
          "raw_action": [
            0.0017263881030243136,
            0.0006028287813060491,
            -0.0017552315842357703,
            -0.003063123469829277,
            0.0037654645665044038,
            0.010796878315574557,
            0.023681640625
          ],
          "clipped_action": [
            0.0017263881030243136,
            0.0006028287813060491,
            -0.0017552315842357703,
            -0.003063123469829277,
            0.0037654645665044038,
            0.010796878315574557,
            0.023681640625
          ],
          "rotation_delta_before_lock": [
            -0.003063123469829277,
            0.0037654645665044038,
            0.010796878315574557
          ],
          "end_effector_orientation_locked": false,
          "action_was_clipped": false,
          "ik_success": true,
          "current_position_m": [
            0.573190680556691,
            -0.15355882712147859,
            1.3211186390663145
          ],
          "current_quaternion_wxyz": [
            0.11526908631485064,
            0.983868459839241,
            -0.13517873364808516,
            0.021038095042068657
          ],
          "target_position_m": [
            0.5749170686597153,
            -0.15295599834017254,
            1.3193634074820788
          ],
          "target_quaternion_wxyz": [
            0.11691484533430975,
            0.9844440437944942,
            -0.12961580223909683,
            0.02001467931078815
          ],
          "inference_seconds": null,
          "server_request_index": 37,
          "chunk_index": 3,
          "chunk_size": 5,
          "executed_from_chunk": 5,
          "variant": "oftplus_h5_vision",
          "proprio_state": null,
          "gripper_target_closedness": 0.023681640625,
          "gripper_command_at_policy_step": 0.0140380859375,
          "gripper_measured_at_policy_step": 0.01402699921665529
        },
        {
          "policy_step": 54,
          "raw_action": [
            0.0012792616030692355,
            0.0006438247290873871,
            -0.001494078401739523,
            -0.0021079387330676,
            0.003253428333678356,
            0.009129669881482725,
            0.048095703125
          ],
          "clipped_action": [
            0.0012792616030692355,
            0.0006438247290873871,
            -0.001494078401739523,
            -0.0021079387330676,
            0.003253428333678356,
            0.009129669881482725,
            0.048095703125
          ],
          "rotation_delta_before_lock": [
            -0.0021079387330676,
            0.003253428333678356,
            0.009129669881482725
          ],
          "end_effector_orientation_locked": false,
          "action_was_clipped": false,
          "ik_success": true,
          "current_position_m": [
            0.5754439786290705,
            -0.15355290538960234,
            1.3181585709317691
          ],
          "current_quaternion_wxyz": [
            0.11668479409642303,
            0.9844656904824446,
            -0.12971626429588567,
            0.019638071868665993
          ],
          "target_position_m": [
            0.5767232402321397,
            -0.15290908066051495,
            1.3166644925300297
          ],
          "target_quaternion_wxyz": [
            0.11784231783922135,
            0.9849546787671926,
            -0.12501025429681345,
            0.018705753701537157
          ],
          "inference_seconds": null,
          "server_request_index": 37,
          "chunk_index": 4,
          "chunk_size": 5,
          "executed_from_chunk": 5,
          "variant": "oftplus_h5_vision",
          "proprio_state": null,
          "gripper_target_closedness": 0.048095703125,
          "gripper_command_at_policy_step": 0.023681640625,
          "gripper_measured_at_policy_step": 0.023660921074193153
        },
        {
          "policy_step": 55,
          "raw_action": [
            0.002841409812287291,
            0.0014661552110542334,
            -0.0033522837387320627,
            -0.005310616968092055,
            0.0066243335331165045,
            0.01843825030516212,
            0.00421142578125
          ],
          "clipped_action": [
            0.002841409812287291,
            0.0014661552110542334,
            -0.0033522837387320627,
            -0.005310616968092055,
            0.0066243335331165045,
            0.01843825030516212,
            0.00421142578125
          ],
          "rotation_delta_before_lock": [
            -0.005310616968092055,
            0.0066243335331165045,
            0.01843825030516212
          ],
          "end_effector_orientation_locked": false,
          "action_was_clipped": false,
          "ik_success": true,
          "current_position_m": [
            0.5772488491775725,
            -0.15350339380581798,
            1.3154552980731147
          ],
          "current_quaternion_wxyz": [
            0.11756986499488155,
            0.9849812658756216,
            -0.1251747040396787,
            0.017903245172938034
          ],
          "target_position_m": [
            0.5800902589898598,
            -0.15203723859476376,
            1.3121030143343826
          ],
          "target_quaternion_wxyz": [
            0.12042873657277521,
            0.9858316332513004,
            -0.115650804964994,
            0.016056201278874773
          ],
          "inference_seconds": 0.204198308987543,
          "server_request_index": 38,
          "chunk_index": 0,
          "chunk_size": 5,
          "executed_from_chunk": 5,
          "variant": "oftplus_h5_vision",
          "proprio_state": null,
          "gripper_target_closedness": 0.00421142578125,
          "gripper_command_at_policy_step": 0.048095703125,
          "gripper_measured_at_policy_step": 0.0480399594224733
        },
        {
          "policy_step": 56,
          "raw_action": [
            0.002156747359231076,
            0.0013286982096697448,
            -0.002096739592115482,
            -0.0036249968443949725,
            0.004362840171468127,
            0.01260302078584071,
            0.007568359375
          ],
          "clipped_action": [
            0.002156747359231076,
            0.0013286982096697448,
            -0.002096739592115482,
            -0.0036249968443949725,
            0.004362840171468127,
            0.01260302078584071,
            0.007568359375
          ],
          "rotation_delta_before_lock": [
            -0.0036249968443949725,
            0.004362840171468127,
            0.01260302078584071
          ],
          "end_effector_orientation_locked": false,
          "action_was_clipped": false,
          "ik_success": true,
          "current_position_m": [
            0.5806076843605391,
            -0.1526270359522576,
            1.3108884355488677
          ],
          "current_quaternion_wxyz": [
            0.12018227068908012,
            0.9858254696735778,
            -0.11603709754870528,
            0.015484093365733012
          ],
          "target_position_m": [
            0.5827644317197702,
            -0.15129833774258786,
            1.3087916959567523
          ],
          "target_quaternion_wxyz": [
            0.12212174531144418,
            0.9863490835729146,
            -0.10953195640744087,
            0.01430088048047426
          ],
          "inference_seconds": null,
          "server_request_index": 38,
          "chunk_index": 1,
          "chunk_size": 5,
          "executed_from_chunk": 5,
          "variant": "oftplus_h5_vision",
          "proprio_state": null,
          "gripper_target_closedness": 0.007568359375,
          "gripper_command_at_policy_step": 0.00421142578125,
          "gripper_measured_at_policy_step": 0.004345740480669713
        },
        {
          "policy_step": 57,
          "raw_action": [
            0.001994664002997361,
            0.0009413467912946002,
            -0.001664832405679377,
            -0.0034002474945686936,
            0.003850803938642079,
            0.01065794427940024,
            0.00830078125
          ],
          "clipped_action": [
            0.001994664002997361,
            0.0009413467912946002,
            -0.001664832405679377,
            -0.0034002474945686936,
            0.003850803938642079,
            0.01065794427940024,
            0.00830078125
          ],
          "rotation_delta_before_lock": [
            -0.0034002474945686936,
            0.003850803938642079,
            0.01065794427940024
          ],
          "end_effector_orientation_locked": false,
          "action_was_clipped": false,
          "ik_success": true,
          "current_position_m": [
            0.5832768043173665,
            -0.1518798748804795,
            1.3075688132519137
          ],
          "current_quaternion_wxyz": [
            0.12207164471433639,
            0.9863056573726351,
            -0.11001247340815941,
            0.014032800365209723
          ],
          "target_position_m": [
            0.5852714683203639,
            -0.1509385280891849,
            1.3059039808462343
          ],
          "target_quaternion_wxyz": [
            0.1238833776604971,
            0.9866941321933611,
            -0.10449569075534278,
            0.012971077371628267
          ],
          "inference_seconds": null,
          "server_request_index": 38,
          "chunk_index": 2,
          "chunk_size": 5,
          "executed_from_chunk": 5,
          "variant": "oftplus_h5_vision",
          "proprio_state": null,
          "gripper_target_closedness": 0.00830078125,
          "gripper_command_at_policy_step": 0.007568359375,
          "gripper_measured_at_policy_step": 0.007566125485403807
        },
        {
          "policy_step": 58,
          "raw_action": [
            0.0018381697280130827,
            0.0008156459808179965,
            -0.0014840340485665904,
            -0.0031193108072858494,
            0.0034667767640225427,
            0.009685406026180005,
            0.01324462890625
          ],
          "clipped_action": [
            0.0018381697280130827,
            0.0008156459808179965,
            -0.0014840340485665904,
            -0.0031193108072858494,
            0.0034667767640225427,
            0.009685406026180005,
            0.01324462890625
          ],
          "rotation_delta_before_lock": [
            -0.0031193108072858494,
            0.0034667767640225427,
            0.009685406026180005
          ],
          "end_effector_orientation_locked": false,
          "action_was_clipped": false,
          "ik_success": true,
          "current_position_m": [
            0.5857797171492689,
            -0.15151620163559573,
            1.3046806973809792
          ],
          "current_quaternion_wxyz": [
            0.12403616886867487,
            0.9866649238745396,
            -0.10468874583944648,
            0.012150033028527144
          ],
          "target_position_m": [
            0.587617886877282,
            -0.15070055565477775,
            1.3031966633324126
          ],
          "target_quaternion_wxyz": [
            0.1256958537712925,
            0.986985253999566,
            -0.09967517988375643,
            0.011203537265464702
          ],
          "inference_seconds": null,
          "server_request_index": 38,
          "chunk_index": 3,
          "chunk_size": 5,
          "executed_from_chunk": 5,
          "variant": "oftplus_h5_vision",
          "proprio_state": null,
          "gripper_target_closedness": 0.01324462890625,
          "gripper_command_at_policy_step": 0.00830078125,
          "gripper_measured_at_policy_step": 0.00830495331821779
        },
        {
          "policy_step": 59,
          "raw_action": [
            0.001558715665541159,
            0.0008041912307026229,
            -0.0014840340485665904,
            -0.0022765007454373064,
            0.003125419275471844,
            0.008712867772959768,
            0.02978515625
          ],
          "clipped_action": [
            0.001558715665541159,
            0.0008041912307026229,
            -0.0014840340485665904,
            -0.0022765007454373064,
            0.003125419275471844,
            0.008712867772959768,
            0.02978515625
          ],
          "rotation_delta_before_lock": [
            -0.0022765007454373064,
            0.003125419275471844,
            0.008712867772959768
          ],
          "end_effector_orientation_locked": false,
          "action_was_clipped": false,
          "ik_success": true,
          "current_position_m": [
            0.5881178744620088,
            -0.15127309355249646,
            1.3019684411432073
          ],
          "current_quaternion_wxyz": [
            0.1259578051970963,
            0.9868896743040777,
            -0.10030204984082604,
            0.011086066013253687
          ],
          "target_position_m": [
            0.5896765901275499,
            -0.15046890232179383,
            1.3004844070946406
          ],
          "target_quaternion_wxyz": [
            0.12718814470138914,
            0.9871893759930461,
            -0.09579215385878082,
            0.01020661711707229
          ],
          "inference_seconds": null,
          "server_request_index": 38,
          "chunk_index": 4,
          "chunk_size": 5,
          "executed_from_chunk": 5,
          "variant": "oftplus_h5_vision",
          "proprio_state": null,
          "gripper_target_closedness": 0.02978515625,
          "gripper_command_at_policy_step": 0.01324462890625,
          "gripper_measured_at_policy_step": 0.013238875516529802
        },
        {
          "policy_step": 60,
          "raw_action": [
            0.0024529686654513154,
            0.0014758013164145479,
            -0.002548735484897452,
            -0.004804930930982932,
            0.005152229363741617,
            0.014409163256106862,
            0.004058837890625
          ],
          "clipped_action": [
            0.0024529686654513154,
            0.0014758013164145479,
            -0.002548735484897452,
            -0.004804930930982932,
            0.005152229363741617,
            0.014409163256106862,
            0.004058837890625
          ],
          "rotation_delta_before_lock": [
            -0.004804930930982932,
            0.005152229363741617,
            0.014409163256106862
          ],
          "end_effector_orientation_locked": false,
          "action_was_clipped": false,
          "ik_success": true,
          "current_position_m": [
            0.5901753355431822,
            -0.15103798127781645,
            1.2992533005788875
          ],
          "current_quaternion_wxyz": [
            0.12727830143969646,
            0.9871265202956796,
            -0.09635850803915488,
            0.009823687700507703
          ],
          "target_position_m": [
            0.5926283042086335,
            -0.1495621799614019,
            1.2967045650939901
          ],
          "target_quaternion_wxyz": [
            0.1298231736201251,
            0.9875085208619648,
            -0.0888921712805597,
            0.008428920526432909
          ],
          "inference_seconds": 0.20560249593108892,
          "server_request_index": 39,
          "chunk_index": 0,
          "chunk_size": 5,
          "executed_from_chunk": 5,
          "variant": "oftplus_h5_vision",
          "proprio_state": null,
          "gripper_target_closedness": 0.004058837890625,
          "gripper_command_at_policy_step": 0.02978515625,
          "gripper_measured_at_policy_step": 0.029751867055892944
        },
        {
          "policy_step": 61,
          "raw_action": [
            0.002352365202961424,
            0.001478212842754626,
            -0.0019862517072132234,
            -0.004074495544047527,
            0.004234831113261614,
            0.012255685695404911,
            0.00628662109375
          ],
          "clipped_action": [
            0.002352365202961424,
            0.001478212842754626,
            -0.0019862517072132234,
            -0.004074495544047527,
            0.004234831113261614,
            0.012255685695404911,
            0.00628662109375
          ],
          "rotation_delta_before_lock": [
            -0.004074495544047527,
            0.004234831113261614,
            0.012255685695404911
          ],
          "end_effector_orientation_locked": false,
          "action_was_clipped": false,
          "ik_success": true,
          "current_position_m": [
            0.5931196431661447,
            -0.15012628417212762,
            1.2954688389352327
          ],
          "current_quaternion_wxyz": [
            0.12970899529178193,
            0.9874914433051326,
            -0.08926706906730106,
            0.008222914305541193
          ],
          "target_position_m": [
            0.5954720083691062,
            -0.148648071329373,
            1.2934825872280196
          ],
          "target_quaternion_wxyz": [
            0.13185637498924635,
            0.9877688143248778,
            -0.08292246419224815,
            0.007108498730788196
          ],
          "inference_seconds": null,
          "server_request_index": 39,
          "chunk_index": 1,
          "chunk_size": 5,
          "executed_from_chunk": 5,
          "variant": "oftplus_h5_vision",
          "proprio_state": null,
          "gripper_target_closedness": 0.00628662109375,
          "gripper_command_at_policy_step": 0.004058837890625,
          "gripper_measured_at_policy_step": 0.004128164258496603
        },
        {
          "policy_step": 62,
          "raw_action": [
            0.0021623364404805157,
            0.0012479120772771087,
            -0.0015744332271229837,
            -0.00373737151930811,
            0.0036801251943667295,
            0.010241142170877281,
            0.00689697265625
          ],
          "clipped_action": [
            0.0021623364404805157,
            0.0012479120772771087,
            -0.0015744332271229837,
            -0.00373737151930811,
            0.0036801251943667295,
            0.010241142170877281,
            0.00689697265625
          ],
          "rotation_delta_before_lock": [
            -0.00373737151930811,
            0.0036801251943667295,
            0.010241142170877281
          ],
          "end_effector_orientation_locked": false,
          "action_was_clipped": false,
          "ik_success": true,
          "current_position_m": [
            0.5959590546771673,
            -0.14920742756398417,
            1.292246351400007
          ],
          "current_quaternion_wxyz": [
            0.1320814795895734,
            0.9877419248337564,
            -0.08295940189253609,
            0.006173355065746187
          ],
          "target_position_m": [
            0.5981213911176477,
            -0.14795951548670705,
            1.290671918172884
          ],
          "target_quaternion_wxyz": [
            0.13404610158347596,
            0.9879149177554565,
            -0.07764568131207981,
            0.00518710902960198
          ],
          "inference_seconds": null,
          "server_request_index": 39,
          "chunk_index": 2,
          "chunk_size": 5,
          "executed_from_chunk": 5,
          "variant": "oftplus_h5_vision",
          "proprio_state": null,
          "gripper_target_closedness": 0.00689697265625,
          "gripper_command_at_policy_step": 0.00628662109375,
          "gripper_measured_at_policy_step": 0.00629011721446604
        },
        {
          "policy_step": 63,
          "raw_action": [
            0.0019499513530018536,
            0.0011381876288035254,
            -0.0014237679295289948,
            -0.003231685482198987,
            0.0031680889615406816,
            0.00857393373678545,
            0.01495361328125
          ],
          "clipped_action": [
            0.0019499513530018536,
            0.0011381876288035254,
            -0.0014237679295289948,
            -0.003231685482198987,
            0.0031680889615406816,
            0.00857393373678545,
            0.01495361328125
          ],
          "rotation_delta_before_lock": [
            -0.003231685482198987,
            0.0031680889615406816,
            0.00857393373678545
          ],
          "end_effector_orientation_locked": false,
          "action_was_clipped": false,
          "ik_success": true,
          "current_position_m": [
            0.5986009453131601,
            -0.1485144898400887,
            1.2894347047512398
          ],
          "current_quaternion_wxyz": [
            0.13435312219608042,
            0.9878634131546848,
            -0.07782937854534815,
            0.004207533931702523
          ],
          "target_position_m": [
            0.6005508966661619,
            -0.14737630221128517,
            1.2880109368217108
          ],
          "target_quaternion_wxyz": [
            0.13605301656960336,
            0.9879750295450401,
            -0.07337392380897606,
            0.003344395709709668
          ],
          "inference_seconds": null,
          "server_request_index": 39,
          "chunk_index": 3,
          "chunk_size": 5,
          "executed_from_chunk": 5,
          "variant": "oftplus_h5_vision",
          "proprio_state": null,
          "gripper_target_closedness": 0.01495361328125,
          "gripper_command_at_policy_step": 0.00689697265625,
          "gripper_measured_at_policy_step": 0.006904822228283813
        },
        {
          "policy_step": 64,
          "raw_action": [
            0.0017152099405254358,
            0.0009919888444362545,
            -0.00144385663587486,
            -0.002388875420350444,
            0.0027840617869211454,
            0.007740329519739533,
            0.031982421875
          ],
          "clipped_action": [
            0.0017152099405254358,
            0.0009919888444362545,
            -0.00144385663587486,
            -0.002388875420350444,
            0.0027840617869211454,
            0.007740329519739533,
            0.031982421875
          ],
          "rotation_delta_before_lock": [
            -0.002388875420350444,
            0.0027840617869211454,
            0.007740329519739533
          ],
          "end_effector_orientation_locked": false,
          "action_was_clipped": false,
          "ik_success": true,
          "current_position_m": [
            0.6010266301069903,
            -0.14792739863433052,
            1.2867757765265506
          ],
          "current_quaternion_wxyz": [
            0.13639300023444786,
            0.9879100407914614,
            -0.07365636275881289,
            0.0023325984655242146
          ],
          "target_position_m": [
            0.6027418400475157,
            -0.14693540978989428,
            1.2853319198906759
          ],
          "target_quaternion_wxyz": [
            0.13766524684062165,
            0.9880263763650163,
            -0.06963967547303786,
            0.0015732194175590074
          ],
          "inference_seconds": null,
          "server_request_index": 39,
          "chunk_index": 4,
          "chunk_size": 5,
          "executed_from_chunk": 5,
          "variant": "oftplus_h5_vision",
          "proprio_state": null,
          "gripper_target_closedness": 0.031982421875,
          "gripper_command_at_policy_step": 0.01495361328125,
          "gripper_measured_at_policy_step": 0.014944384067223093
        },
        {
          "policy_step": 65,
          "raw_action": [
            0.0026290247248086287,
            0.0026453915913527276,
            -0.002789799961047834,
            -0.0051420549557223486,
            0.004874876404294175,
            0.014200762201845381,
            0.003173828125
          ],
          "clipped_action": [
            0.0026290247248086287,
            0.0026453915913527276,
            -0.002789799961047834,
            -0.0051420549557223486,
            0.004874876404294175,
            0.014200762201845381,
            0.003173828125
          ],
          "rotation_delta_before_lock": [
            -0.0051420549557223486,
            0.004874876404294175,
            0.014200762201845381
          ],
          "end_effector_orientation_locked": false,
          "action_was_clipped": false,
          "ik_success": true,
          "current_position_m": [
            0.6032091148595249,
            -0.14748192430005022,
            1.2840914742075804
          ],
          "current_quaternion_wxyz": [
            0.1378714864536272,
            0.9879589127177589,
            -0.07018892626271188,
            0.0014678673981677083
          ],
          "target_position_m": [
            0.6058381395843335,
            -0.1448365327086975,
            1.2813016742465326
          ],
          "target_quaternion_wxyz": [
            0.1405678457415403,
            0.9880752816590557,
            -0.06283208172738836,
            0.00021914324813657616
          ],
          "inference_seconds": 0.2019865020411089,
          "server_request_index": 40,
          "chunk_index": 0,
          "chunk_size": 5,
          "executed_from_chunk": 5,
          "variant": "oftplus_h5_vision",
          "proprio_state": null,
          "gripper_target_closedness": 0.003173828125,
          "gripper_command_at_policy_step": 0.031982421875,
          "gripper_measured_at_policy_step": 0.03195149040427703
        },
        {
          "policy_step": 66,
          "raw_action": [
            0.0024082560154558078,
            0.001946048952729899,
            -0.0018757638223109649,
            -0.004243057556417237,
            0.004106822055055102,
            0.012047284641143434,
            0.005218505859375
          ],
          "clipped_action": [
            0.0024082560154558078,
            0.001946048952729899,
            -0.0018757638223109649,
            -0.004243057556417237,
            0.004106822055055102,
            0.012047284641143434,
            0.005218505859375
          ],
          "rotation_delta_before_lock": [
            -0.004243057556417237,
            0.004106822055055102,
            0.012047284641143434
          ],
          "end_effector_orientation_locked": false,
          "action_was_clipped": false,
          "ik_success": true,
          "current_position_m": [
            0.6063012698736666,
            -0.14538225520538284,
            1.2800595370072574
          ],
          "current_quaternion_wxyz": [
            0.14032073666751463,
            0.9880847135593048,
            -0.06323503952717176,
            -0.0001395260170816002
          ],
          "target_position_m": [
            0.6087095258891224,
            -0.14343620625265294,
            1.2781837731849464
          ],
          "target_quaternion_wxyz": [
            0.14254450078198147,
            0.988145404575442,
            -0.05699395445492941,
            -0.0011890621687305146
          ],
          "inference_seconds": null,
          "server_request_index": 40,
          "chunk_index": 1,
          "chunk_size": 5,
          "executed_from_chunk": 5,
          "variant": "oftplus_h5_vision",
          "proprio_state": null,
          "gripper_target_closedness": 0.005218505859375,
          "gripper_command_at_policy_step": 0.003173828125,
          "gripper_measured_at_policy_step": 0.0032551617457949877
        },
        {
          "policy_step": 67,
          "raw_action": [
            0.0024529686654513154,
            0.0016180813704791928,
            -0.0015945219334688489,
            -0.003962120869134389,
            0.0036801251943667295,
            0.010380076207051602,
            0.006103515625
          ],
          "clipped_action": [
            0.0024529686654513154,
            0.0016180813704791928,
            -0.0015945219334688489,
            -0.003962120869134389,
            0.0036801251943667295,
            0.010380076207051602,
            0.006103515625
          ],
          "rotation_delta_before_lock": [
            -0.003962120869134389,
            0.0036801251943667295,
            0.010380076207051602
          ],
          "end_effector_orientation_locked": false,
          "action_was_clipped": false,
          "ik_success": true,
          "current_position_m": [
            0.6091690578398354,
            -0.14397260669792175,
            1.2769411858412518
          ],
          "current_quaternion_wxyz": [
            0.14298340783610589,
            0.9880713287025217,
            -0.0571538345056894,
            -0.0020575910437859663
          ],
          "target_position_m": [
            0.6116220265052867,
            -0.14235452532744255,
            1.275346663907783
          ],
          "target_quaternion_wxyz": [
            0.1450542222630173,
            0.9880639952035596,
            -0.051765736532201456,
            -0.0030203488755599947
          ],
          "inference_seconds": null,
          "server_request_index": 40,
          "chunk_index": 2,
          "chunk_size": 5,
          "executed_from_chunk": 5,
          "variant": "oftplus_h5_vision",
          "proprio_state": null,
          "gripper_target_closedness": 0.006103515625,
          "gripper_command_at_policy_step": 0.005218505859375,
          "gripper_measured_at_policy_step": 0.005226161459396694
        },
        {
          "policy_step": 68,
          "raw_action": [
            0.0024473795842018774,
            0.0014468630003336026,
            -0.00144385663587486,
            -0.0038497461942212513,
            0.003424107077953705,
            0.009685406026180005,
            0.01068115234375
          ],
          "clipped_action": [
            0.0024473795842018774,
            0.0014468630003336026,
            -0.00144385663587486,
            -0.0038497461942212513,
            0.003424107077953705,
            0.009685406026180005,
            0.01068115234375
          ],
          "rotation_delta_before_lock": [
            -0.0038497461942212513,
            0.003424107077953705,
            0.009685406026180005
          ],
          "end_effector_orientation_locked": false,
          "action_was_clipped": false,
          "ik_success": true,
          "current_position_m": [
            0.612074344604093,
            -0.1428867074145517,
            1.274104932347498
          ],
          "current_quaternion_wxyz": [
            0.14551527159784208,
            0.9879791859947017,
            -0.052038368016822295,
            -0.003800266727332735
          ],
          "target_position_m": [
            0.6145217241882949,
            -0.14143984441421809,
            1.2726610757116232
          ],
          "target_quaternion_wxyz": [
            0.1475223029842134,
            0.987929724698669,
            -0.04701130567245326,
            -0.004686823873085462
          ],
          "inference_seconds": null,
          "server_request_index": 40,
          "chunk_index": 3,
          "chunk_size": 5,
          "executed_from_chunk": 5,
          "variant": "oftplus_h5_vision",
          "proprio_state": null,
          "gripper_target_closedness": 0.01068115234375,
          "gripper_command_at_policy_step": 0.006103515625,
          "gripper_measured_at_policy_step": 0.006114418393579069
        },
        {
          "policy_step": 69,
          "raw_action": [
            0.0021064456279861303,
            0.001069459128111282,
            -0.0014639453422207252,
            -0.0028945614574595706,
            0.003125419275471844,
            0.008851801809134087,
            0.027587890625
          ],
          "clipped_action": [
            0.0021064456279861303,
            0.001069459128111282,
            -0.0014639453422207252,
            -0.0028945614574595706,
            0.003125419275471844,
            0.008851801809134087,
            0.027587890625
          ],
          "rotation_delta_before_lock": [
            -0.0028945614574595706,
            0.003125419275471844,
            0.008851801809134087
          ],
          "end_effector_orientation_locked": false,
          "action_was_clipped": false,
          "ik_success": true,
          "current_position_m": [
            0.61496561175598,
            -0.1419684180115064,
            1.2714225375210717
          ],
          "current_quaternion_wxyz": [
            0.14767598518057864,
            0.9879041859232152,
            -0.046961693406803666,
            -0.005632245440368222
          ],
          "target_position_m": [
            0.6170720573839661,
            -0.1408989588833951,
            1.269958592178851
          ],
          "target_quaternion_wxyz": [
            0.1492022876187252,
            0.9878775869024513,
            -0.04236615612665828,
            -0.006454415556872815
          ],
          "inference_seconds": null,
          "server_request_index": 40,
          "chunk_index": 4,
          "chunk_size": 5,
          "executed_from_chunk": 5,
          "variant": "oftplus_h5_vision",
          "proprio_state": null,
          "gripper_target_closedness": 0.027587890625,
          "gripper_command_at_policy_step": 0.01068115234375,
          "gripper_measured_at_policy_step": 0.010683615402928726
        },
        {
          "policy_step": 70,
          "raw_action": [
            0.0022964743904670386,
            0.0020762713750941495,
            -0.002046517826250819,
            -0.00373737151930811,
            0.0035521161361602178,
            0.009129669881482725,
            0.0047607421875
          ],
          "clipped_action": [
            0.0022964743904670386,
            0.0020762713750941495,
            -0.002046517826250819,
            -0.00373737151930811,
            0.0035521161361602178,
            0.009129669881482725,
            0.0047607421875
          ],
          "rotation_delta_before_lock": [
            -0.00373737151930811,
            0.0035521161361602178,
            0.009129669881482725
          ],
          "end_effector_orientation_locked": false,
          "action_was_clipped": false,
          "ik_success": true,
          "current_position_m": [
            0.617510134679736,
            -0.1414244235268129,
            1.268722274718251
          ],
          "current_quaternion_wxyz": [
            0.14938374511832983,
            0.9878383318588018,
            -0.04249565447145358,
            -0.007351609067724027
          ],
          "target_position_m": [
            0.619806609070203,
            -0.13934815215171875,
            1.2666757568920002
          ],
          "target_quaternion_wxyz": [
            0.1513366763854483,
            0.9877265349091431,
            -0.037734197012122245,
            -0.008344638568199505
          ],
          "inference_seconds": 0.21498660405632108,
          "server_request_index": 41,
          "chunk_index": 0,
          "chunk_size": 5,
          "executed_from_chunk": 5,
          "variant": "oftplus_h5_vision",
          "proprio_state": null,
          "gripper_target_closedness": 0.0047607421875,
          "gripper_command_at_policy_step": 0.027587890625,
          "gripper_measured_at_policy_step": 0.02756162116239813
        },
        {
          "policy_step": 71,
          "raw_action": [
            0.002223816334224339,
            0.002047333059013204,
            -0.0017451872310628377,
            -0.0036249968443949725,
            0.003424107077953705,
            0.009963274098528643,
            0.007568359375
          ],
          "clipped_action": [
            0.002223816334224339,
            0.002047333059013204,
            -0.0017451872310628377,
            -0.0036249968443949725,
            0.003424107077953705,
            0.009963274098528643,
            0.007568359375
          ],
          "rotation_delta_before_lock": [
            -0.0036249968443949725,
            0.003424107077953705,
            0.009963274098528643
          ],
          "end_effector_orientation_locked": false,
          "action_was_clipped": false,
          "ik_success": true,
          "current_position_m": [
            0.6202385637313935,
            -0.13987034592201855,
            1.2654414146959305
          ],
          "current_quaternion_wxyz": [
            0.15168358649953584,
            0.9876701889007229,
            -0.03765093564318122,
            -0.009060606416859771
          ],
          "target_position_m": [
            0.6224623800656178,
            -0.13782301286300536,
            1.2636962274648678
          ],
          "target_quaternion_wxyz": [
            0.15358097081181982,
            0.9875519890865504,
            -0.03248689564884121,
            -0.009927530750301465
          ],
          "inference_seconds": null,
          "server_request_index": 41,
          "chunk_index": 1,
          "chunk_size": 5,
          "executed_from_chunk": 5,
          "variant": "oftplus_h5_vision",
          "proprio_state": null,
          "gripper_target_closedness": 0.007568359375,
          "gripper_command_at_policy_step": 0.0047607421875,
          "gripper_measured_at_policy_step": 0.0048302209068989965
        },
        {
          "policy_step": 72,
          "raw_action": [
            0.0022964743904670386,
            0.001700073266041869,
            -0.0013835905168372645,
            -0.003456434832025266,
            0.003210758647609519,
            0.008851801809134087,
            0.01068115234375
          ],
          "clipped_action": [
            0.0022964743904670386,
            0.001700073266041869,
            -0.0013835905168372645,
            -0.003456434832025266,
            0.003210758647609519,
            0.008851801809134087,
            0.01068115234375
          ],
          "rotation_delta_before_lock": [
            -0.003456434832025266,
            0.003210758647609519,
            0.008851801809134087
          ],
          "end_effector_orientation_locked": false,
          "action_was_clipped": false,
          "ik_success": true,
          "current_position_m": [
            0.622888792101872,
            -0.13834056904976189,
            1.262461775335933
          ],
          "current_quaternion_wxyz": [
            0.1539278849472128,
            0.9874944534979423,
            -0.03238965783404215,
            -0.010574526555431106
          ],
          "target_position_m": [
            0.625185266492339,
            -0.13664049578372,
            1.2610781848190957
          ],
          "target_quaternion_wxyz": [
            0.15573134614774875,
            0.9873423915322582,
            -0.027789879616392253,
            -0.011422447254303988
          ],
          "inference_seconds": null,
          "server_request_index": 41,
          "chunk_index": 2,
          "chunk_size": 5,
          "executed_from_chunk": 5,
          "variant": "oftplus_h5_vision",
          "proprio_state": null,
          "gripper_target_closedness": 0.01068115234375,
          "gripper_command_at_policy_step": 0.007568359375,
          "gripper_measured_at_policy_step": 0.00757746192915687
        },
        {
          "policy_step": 73,
          "raw_action": [
            0.002229405415473777,
            0.0015192087905359641,
            -0.00144385663587486,
            -0.003287872819655556,
            0.003125419275471844,
            0.008712867772959768,
            0.0185546875
          ],
          "clipped_action": [
            0.002229405415473777,
            0.0015192087905359641,
            -0.00144385663587486,
            -0.003287872819655556,
            0.003125419275471844,
            0.008712867772959768,
            0.0185546875
          ],
          "rotation_delta_before_lock": [
            -0.003287872819655556,
            0.003125419275471844,
            0.008712867772959768
          ],
          "end_effector_orientation_locked": false,
          "action_was_clipped": false,
          "ik_success": true,
          "current_position_m": [
            0.6256038780010134,
            -0.13715411724169907,
            1.2598459033068208
          ],
          "current_quaternion_wxyz": [
            0.15591276870167445,
            0.9873089361440153,
            -0.027648125948237113,
            -0.01215953525023162
          ],
          "target_position_m": [
            0.6278332834164871,
            -0.1356349084511631,
            1.258402046670946
          ],
          "target_quaternion_wxyz": [
            0.15763013255534225,
            0.9871421630448797,
            -0.023123007672204585,
            -0.012977587058184359
          ],
          "inference_seconds": null,
          "server_request_index": 41,
          "chunk_index": 3,
          "chunk_size": 5,
          "executed_from_chunk": 5,
          "variant": "oftplus_h5_vision",
          "proprio_state": null,
          "gripper_target_closedness": 0.0185546875,
          "gripper_command_at_policy_step": 0.01068115234375,
          "gripper_measured_at_policy_step": 0.010690134660951034
        },
        {
          "policy_step": 74,
          "raw_action": [
            0.0019443622717524138,
            0.0011767720502447853,
            -0.001283146985107935,
            -0.0027259994450898606,
            0.002698722414783471,
            0.007740329519739533,
            0.0341796875
          ],
          "clipped_action": [
            0.0019443622717524138,
            0.0011767720502447853,
            -0.001283146985107935,
            -0.0027259994450898606,
            0.002698722414783471,
            0.007740329519739533,
            0.0341796875
          ],
          "rotation_delta_before_lock": [
            -0.0027259994450898606,
            0.002698722414783471,
            0.007740329519739533
          ],
          "end_effector_orientation_locked": false,
          "action_was_clipped": false,
          "ik_success": true,
          "current_position_m": [
            0.6282447357507432,
            -0.13614564369491663,
            1.257174326987778
          ],
          "current_quaternion_wxyz": [
            0.15772838493245783,
            0.9871177061632018,
            -0.022961087237287736,
            -0.013898893430015546
          ],
          "target_position_m": [
            0.6301890980224957,
            -0.13496887164467186,
            1.25589118000267
          ],
          "target_quaternion_wxyz": [
            0.159157124108042,
            0.986963623257233,
            -0.018946688994007102,
            -0.014589009177346476
          ],
          "inference_seconds": null,
          "server_request_index": 41,
          "chunk_index": 4,
          "chunk_size": 5,
          "executed_from_chunk": 5,
          "variant": "oftplus_h5_vision",
          "proprio_state": null,
          "gripper_target_closedness": 0.0341796875,
          "gripper_command_at_policy_step": 0.0185546875,
          "gripper_measured_at_policy_step": 0.01855277732528493
        },
        {
          "policy_step": 75,
          "raw_action": [
            0.002262939902970407,
            0.002023217795612417,
            -0.00189585252865683,
            -0.0036811841818515413,
            0.003424107077953705,
            0.008990735845308408,
            0.00628662109375
          ],
          "clipped_action": [
            0.002262939902970407,
            0.002023217795612417,
            -0.00189585252865683,
            -0.0036811841818515413,
            0.003424107077953705,
            0.008990735845308408,
            0.00628662109375
          ],
          "rotation_delta_before_lock": [
            -0.0036811841818515413,
            0.003424107077953705,
            0.008990735845308408
          ],
          "end_effector_orientation_locked": false,
          "action_was_clipped": false,
          "ik_success": true,
          "current_position_m": [
            0.6305936642919547,
            -0.1354762401771848,
            1.2546670471346346
          ],
          "current_quaternion_wxyz": [
            0.15930590078409423,
            0.9869221070676863,
            -0.019092470527704002,
            -0.015551917103540884
          ],
          "target_position_m": [
            0.6328566041949252,
            -0.13345302238157236,
            1.2527711946059779
          ],
          "target_quaternion_wxyz": [
            0.16122289927671912,
            0.9866750027556253,
            -0.01441154450941337,
            -0.016490090080077905
          ],
          "inference_seconds": 0.20521269307937473,
          "server_request_index": 42,
          "chunk_index": 0,
          "chunk_size": 5,
          "executed_from_chunk": 5,
          "variant": "oftplus_h5_vision",
          "proprio_state": null,
          "gripper_target_closedness": 0.00628662109375,
          "gripper_command_at_policy_step": 0.0341796875,
          "gripper_measured_at_policy_step": 0.03416023429097803
        },
        {
          "policy_step": 76,
          "raw_action": [
            0.0020840893029883765,
            0.002187201586737771,
            -0.0016949654651981748,
            -0.0035688095069384036,
            0.0031680889615406816,
            0.009546471990005684,
            0.0093994140625
          ],
          "clipped_action": [
            0.0020840893029883765,
            0.002187201586737771,
            -0.0016949654651981748,
            -0.0035688095069384036,
            0.0031680889615406816,
            0.009546471990005684,
            0.0093994140625
          ],
          "rotation_delta_before_lock": [
            -0.0035688095069384036,
            0.0031680889615406816,
            0.009546471990005684
          ],
          "end_effector_orientation_locked": false,
          "action_was_clipped": false,
          "ik_success": true,
          "current_position_m": [
            0.633252870462431,
            -0.13395966470823734,
            1.2515505676432108
          ],
          "current_quaternion_wxyz": [
            0.16158542885724028,
            0.9866078406948342,
            -0.014075403876883328,
            -0.017233713070643805
          ],
          "target_position_m": [
            0.6353369597654194,
            -0.13177246312149957,
            1.2498556021780127
          ],
          "target_quaternion_wxyz": [
            0.16344818363638988,
            0.9863453465015957,
            -0.009140708238856076,
            -0.017999893152578876
          ],
          "inference_seconds": null,
          "server_request_index": 42,
          "chunk_index": 1,
          "chunk_size": 5,
          "executed_from_chunk": 5,
          "variant": "oftplus_h5_vision",
          "proprio_state": null,
          "gripper_target_closedness": 0.0093994140625,
          "gripper_command_at_policy_step": 0.00628662109375,
          "gripper_measured_at_policy_step": 0.00637184879903141
        },
        {
          "policy_step": 77,
          "raw_action": [
            0.0020896783842378145,
            0.0016518427392402946,
            -0.0011827034533786092,
            -0.003287872819655556,
            0.0027840617869211454,
            0.008018197592088171,
            0.016357421875
          ],
          "clipped_action": [
            0.0020896783842378145,
            0.0016518427392402946,
            -0.0011827034533786092,
            -0.003287872819655556,
            0.0027840617869211454,
            0.008018197592088171,
            0.016357421875
          ],
          "rotation_delta_before_lock": [
            -0.003287872819655556,
            0.0027840617869211454,
            0.008018197592088171
          ],
          "end_effector_orientation_locked": false,
          "action_was_clipped": false,
          "ik_success": true,
          "current_position_m": [
            0.6357282676494278,
            -0.13227506941375003,
            1.248635952048112
          ],
          "current_quaternion_wxyz": [
            0.16388932772306278,
            0.986261582945101,
            -0.008955845460571316,
            -0.018659343428756945
          ],
          "target_position_m": [
            0.6378179460336656,
            -0.13062322667450973,
            1.2474532485947334
          ],
          "target_quaternion_wxyz": [
            0.1655962497860267,
            0.985991876420179,
            -0.004804282682528045,
            -0.019360283007349776
          ],
          "inference_seconds": null,
          "server_request_index": 42,
          "chunk_index": 2,
          "chunk_size": 5,
          "executed_from_chunk": 5,
          "variant": "oftplus_h5_vision",
          "proprio_state": null,
          "gripper_target_closedness": 0.016357421875,
          "gripper_command_at_policy_step": 0.0093994140625,
          "gripper_measured_at_policy_step": 0.009410786474573274
        },
        {
          "policy_step": 78,
          "raw_action": [
            0.00192200594675466,
            0.0013359327886899811,
            -0.0010722155684763507,
            -0.0030069361323727083,
            0.0025707133565769586,
            0.0074624614473908935,
            0.0289306640625
          ],
          "clipped_action": [
            0.00192200594675466,
            0.0013359327886899811,
            -0.0010722155684763507,
            -0.0030069361323727083,
            0.0025707133565769586,
            0.0074624614473908935,
            0.0289306640625
          ],
          "rotation_delta_before_lock": [
            -0.0030069361323727083,
            0.0025707133565769586,
            0.0074624614473908935
          ],
          "end_effector_orientation_locked": false,
          "action_was_clipped": false,
          "ik_success": true,
          "current_position_m": [
            0.6382030588077378,
            -0.1311227620905059,
            1.246239133043355
          ],
          "current_quaternion_wxyz": [
            0.16575113961067978,
            0.9859475158814436,
            -0.004795803013792492,
            -0.02027451401203719
          ],
          "target_position_m": [
            0.6401250647544924,
            -0.12978682930181593,
            1.2451669174748787
          ],
          "target_quaternion_wxyz": [
            0.16731381071959914,
            0.9856813573698833,
            -0.0009344068127439126,
            -0.020915959453463962
          ],
          "inference_seconds": null,
          "server_request_index": 42,
          "chunk_index": 3,
          "chunk_size": 5,
          "executed_from_chunk": 5,
          "variant": "oftplus_h5_vision",
          "proprio_state": null,
          "gripper_target_closedness": 0.0289306640625,
          "gripper_command_at_policy_step": 0.016357421875,
          "gripper_measured_at_policy_step": 0.016360668786640886
        },
        {
          "policy_step": 79,
          "raw_action": [
            0.0020896783842378145,
            0.0011309530497832909,
            -0.001162614747032744,
            -0.0031754981447424183,
            0.0026560527287146337,
            0.007879263555913852,
            0.0306396484375
          ],
          "clipped_action": [
            0.0020896783842378145,
            0.0011309530497832909,
            -0.001162614747032744,
            -0.0031754981447424183,
            0.0026560527287146337,
            0.007879263555913852,
            0.0306396484375
          ],
          "rotation_delta_before_lock": [
            -0.0031754981447424183,
            0.0026560527287146337,
            0.007879263555913852
          ],
          "end_effector_orientation_locked": false,
          "action_was_clipped": false,
          "ik_success": true,
          "current_position_m": [
            0.6405029073723205,
            -0.13028411990263158,
            1.2439580341832868
          ],
          "current_quaternion_wxyz": [
            0.16712980398113844,
            0.9856957110440063,
            -0.0007728090774502718,
            -0.021702456469413038
          ],
          "target_position_m": [
            0.6425925857565583,
            -0.1291531668528483,
            1.242795419436254
          ],
          "target_quaternion_wxyz": [
            0.16877970695317646,
            0.9853948139792466,
            0.0032979580157161126,
            -0.022351612392235026
          ],
          "inference_seconds": null,
          "server_request_index": 42,
          "chunk_index": 4,
          "chunk_size": 5,
          "executed_from_chunk": 5,
          "variant": "oftplus_h5_vision",
          "proprio_state": null,
          "gripper_target_closedness": 0.0306396484375,
          "gripper_command_at_policy_step": 0.0289306640625,
          "gripper_measured_at_policy_step": 0.028920902517335256
        },
        {
          "policy_step": 80,
          "raw_action": [
            0.0024362014217030013,
            0.0018302956884061194,
            -0.001333368750972598,
            -0.003456434832025266,
            0.0029547405311964947,
            0.00815713162826249,
            0.00689697265625
          ],
          "clipped_action": [
            0.0024362014217030013,
            0.0018302956884061194,
            -0.001333368750972598,
            -0.003456434832025266,
            0.0029547405311964947,
            0.00815713162826249,
            0.00689697265625
          ],
          "rotation_delta_before_lock": [
            -0.003456434832025266,
            0.0029547405311964947,
            0.00815713162826249
          ],
          "end_effector_orientation_locked": false,
          "action_was_clipped": false,
          "ik_success": true,
          "current_position_m": [
            0.6429622475543676,
            -0.1296480678193469,
            1.2415941529006556
          ],
          "current_quaternion_wxyz": [
            0.16885088634289677,
            0.9853666297637494,
            0.002975013496883777,
            -0.02308966054193276
          ],
          "target_position_m": [
            0.6453984489760706,
            -0.12781777213094078,
            1.2402607841496829
          ],
          "target_quaternion_wxyz": [
            0.17064174428870987,
            0.9850178317077127,
            0.007203399672971995,
            -0.02386162938892372
          ],
          "inference_seconds": 0.21019646199420094,
          "server_request_index": 43,
          "chunk_index": 0,
          "chunk_size": 5,
          "executed_from_chunk": 5,
          "variant": "oftplus_h5_vision",
          "proprio_state": null,
          "gripper_target_closedness": 0.00689697265625,
          "gripper_command_at_policy_step": 0.0306396484375,
          "gripper_measured_at_policy_step": 0.03065663087984616
        },
        {
          "policy_step": 81,
          "raw_action": [
            0.0021623364404805157,
            0.0015553816856371458,
            -0.001042082508957553,
            -0.0031754981447424183,
            0.0026560527287146337,
            0.008018197592088171,
            0.0113525390625
          ],
          "clipped_action": [
            0.0021623364404805157,
            0.0015553816856371458,
            -0.001042082508957553,
            -0.0031754981447424183,
            0.0026560527287146337,
            0.008018197592088171,
            0.0113525390625
          ],
          "rotation_delta_before_lock": [
            -0.0031754981447424183,
            0.0026560527287146337,
            0.008018197592088171
          ],
          "end_effector_orientation_locked": false,
          "action_was_clipped": false,
          "ik_success": true,
          "current_position_m": [
            0.6457603577183231,
            -0.1283138079485074,
            1.239071382642461
          ],
          "current_quaternion_wxyz": [
            0.17075460604378087,
            0.9849841531991399,
            0.00721585805694055,
            -0.024433866945466835
          ],
          "target_position_m": [
            0.6479226941588035,
            -0.12675842626287026,
            1.2380293001335034
          ],
          "target_quaternion_wxyz": [
            0.17240514498678808,
            0.9846416350747925,
            0.01135264112451531,
            -0.025068585895934636
          ],
          "inference_seconds": null,
          "server_request_index": 43,
          "chunk_index": 1,
          "chunk_size": 5,
          "executed_from_chunk": 5,
          "variant": "oftplus_h5_vision",
          "proprio_state": null,
          "gripper_target_closedness": 0.0113525390625,
          "gripper_command_at_policy_step": 0.00689697265625,
          "gripper_measured_at_policy_step": 0.00697534582738224
        },
        {
          "policy_step": 82,
          "raw_action": [
            0.002128801952983884,
            0.0011201011812529364,
            -0.0007307075605966391,
            -0.003287872819655556,
            0.0024853739844392844,
            0.0073235274112165745,
            0.012451171875
          ],
          "clipped_action": [
            0.002128801952983884,
            0.0011201011812529364,
            -0.0007307075605966391,
            -0.003287872819655556,
            0.0024853739844392844,
            0.0073235274112165745,
            0.012451171875
          ],
          "rotation_delta_before_lock": [
            -0.003287872819655556,
            0.0024853739844392844,
            0.0073235274112165745
          ],
          "end_effector_orientation_locked": false,
          "action_was_clipped": false,
          "ik_success": true,
          "current_position_m": [
            0.6482757744271705,
            -0.12725191798575933,
            1.2368474370608173
          ],
          "current_quaternion_wxyz": [
            0.17273497938424046,
            0.9845784996403019,
            0.01105520030238844,
            -0.025408413753168917
          ],
          "target_position_m": [
            0.6504045763801545,
            -0.12613181680450639,
            1.2361167295002207
          ],
          "target_quaternion_wxyz": [
            0.1744313354430315,
            0.9842137876223873,
            0.014833271104353537,
            -0.026017369926641627
          ],
          "inference_seconds": null,
          "server_request_index": 43,
          "chunk_index": 2,
          "chunk_size": 5,
          "executed_from_chunk": 5,
          "variant": "oftplus_h5_vision",
          "proprio_state": null,
          "gripper_target_closedness": 0.012451171875,
          "gripper_command_at_policy_step": 0.0113525390625,
          "gripper_measured_at_policy_step": 0.011364026830114171
        },
        {
          "policy_step": 83,
          "raw_action": [
            0.002229405415473777,
            0.0012575581826374232,
            -0.0009818163899199574,
            -0.0036249968443949725,
            0.002698722414783471,
            0.00829606566443681,
            0.01361083984375
          ],
          "clipped_action": [
            0.002229405415473777,
            0.0012575581826374232,
            -0.0009818163899199574,
            -0.0036249968443949725,
            0.002698722414783471,
            0.00829606566443681,
            0.01361083984375
          ],
          "rotation_delta_before_lock": [
            -0.0036249968443949725,
            0.002698722414783471,
            0.00829606566443681
          ],
          "end_effector_orientation_locked": false,
          "action_was_clipped": false,
          "ik_success": true,
          "current_position_m": [
            0.650746639673874,
            -0.12662483983019904,
            1.2349459610447562
          ],
          "current_quaternion_wxyz": [
            0.17434972530316806,
            0.9842176185267724,
            0.014467889080505992,
            -0.026618280443199825
          ],
          "target_position_m": [
            0.6529760450893478,
            -0.1253672816475616,
            1.2339641446548362
          ],
          "target_quaternion_wxyz": [
            0.17622255725420238,
            0.9837947005408495,
            0.018737293959320802,
            -0.027249060857423527
          ],
          "inference_seconds": null,
          "server_request_index": 43,
          "chunk_index": 3,
          "chunk_size": 5,
          "executed_from_chunk": 5,
          "variant": "oftplus_h5_vision",
          "proprio_state": null,
          "gripper_target_closedness": 0.01361083984375,
          "gripper_command_at_policy_step": 0.012451171875,
          "gripper_measured_at_policy_step": 0.012471337256760529
        },
        {
          "policy_step": 84,
          "raw_action": [
            0.002274118065469285,
            0.0012623812353175813,
            -0.0010521268621304855,
            -0.0036249968443949725,
            0.002826731472989983,
            0.00857393373678545,
            0.0179443359375
          ],
          "clipped_action": [
            0.002274118065469285,
            0.0012623812353175813,
            -0.0010521268621304855,
            -0.0036249968443949725,
            0.002826731472989983,
            0.00857393373678545,
            0.0179443359375
          ],
          "rotation_delta_before_lock": [
            -0.0036249968443949725,
            0.002826731472989983,
            0.00857393373678545
          ],
          "end_effector_orientation_locked": false,
          "action_was_clipped": false,
          "ik_success": true,
          "current_position_m": [
            0.6533099107044857,
            -0.12586160894431345,
            1.2328100541284959
          ],
          "current_quaternion_wxyz": [
            0.17603946411657867,
            0.9838125080833054,
            0.01850808132938372,
            -0.027937554257467464
          ],
          "target_position_m": [
            0.655584028769955,
            -0.12459922770899587,
            1.2317579272663655
          ],
          "target_quaternion_wxyz": [
            0.17791414139920253,
            0.9833629701544709,
            0.02292358795881915,
            -0.02860657851362454
          ],
          "inference_seconds": null,
          "server_request_index": 43,
          "chunk_index": 4,
          "chunk_size": 5,
          "executed_from_chunk": 5,
          "variant": "oftplus_h5_vision",
          "proprio_state": null,
          "gripper_target_closedness": 0.0179443359375,
          "gripper_command_at_policy_step": 0.01361083984375,
          "gripper_measured_at_policy_step": 0.013631347695301388
        },
        {
          "policy_step": 85,
          "raw_action": [
            0.002352365202961424,
            0.0016711349499609236,
            -0.0013032356914538003,
            -0.003287872819655556,
            0.00304007990333417,
            0.007879263555913852,
            0.00592041015625
          ],
          "clipped_action": [
            0.002352365202961424,
            0.0016711349499609236,
            -0.0013032356914538003,
            -0.003287872819655556,
            0.00304007990333417,
            0.007879263555913852,
            0.00592041015625
          ],
          "rotation_delta_before_lock": [
            -0.003287872819655556,
            0.00304007990333417,
            0.007879263555913852
          ],
          "end_effector_orientation_locked": false,
          "action_was_clipped": false,
          "ik_success": true,
          "current_position_m": [
            0.6559070107733347,
            -0.1250934056339652,
            1.2306192157803948
          ],
          "current_quaternion_wxyz": [
            0.17793191217760865,
            0.9833503547199226,
            0.02254893803931429,
            -0.029220881135261716
          ],
          "target_position_m": [
            0.6582593759762961,
            -0.12342227068400428,
            1.229315980088941
          ],
          "target_quaternion_wxyz": [
            0.1796274892442377,
            0.9829145000921069,
            0.026645157164417385,
            -0.030051392915777946
          ],
          "inference_seconds": 0.2218045360641554,
          "server_request_index": 44,
          "chunk_index": 0,
          "chunk_size": 5,
          "executed_from_chunk": 5,
          "variant": "oftplus_h5_vision",
          "proprio_state": null,
          "gripper_target_closedness": 0.00592041015625,
          "gripper_command_at_policy_step": 0.0179443359375,
          "gripper_measured_at_policy_step": 0.017957758543820312
        },
        {
          "policy_step": 86,
          "raw_action": [
            0.002134391034233322,
            0.0014854474217748624,
            -0.0011023486279951485,
            -0.003063123469829277,
            0.002613383042645796,
            0.007601395483565214,
            0.0091552734375
          ],
          "clipped_action": [
            0.002134391034233322,
            0.0014854474217748624,
            -0.0011023486279951485,
            -0.003063123469829277,
            0.002613383042645796,
            0.007601395483565214,
            0.0091552734375
          ],
          "rotation_delta_before_lock": [
            -0.003063123469829277,
            0.002613383042645796,
            0.007601395483565214
          ],
          "end_effector_orientation_locked": false,
          "action_was_clipped": false,
          "ik_success": true,
          "current_position_m": [
            0.6585710561480189,
            -0.12391939185237485,
            1.2281955240552846
          ],
          "current_quaternion_wxyz": [
            0.1796334317509464,
            0.9828939985633497,
            0.026512796163650983,
            -0.030794308323336402
          ],
          "target_position_m": [
            0.6607054471822522,
            -0.12243394443059999,
            1.2270931754272896
          ],
          "target_quaternion_wxyz": [
            0.18121952404016836,
            0.9824687833871881,
            0.03043578394456384,
            -0.031436234380618065
          ],
          "inference_seconds": null,
          "server_request_index": 44,
          "chunk_index": 1,
          "chunk_size": 5,
          "executed_from_chunk": 5,
          "variant": "oftplus_h5_vision",
          "proprio_state": null,
          "gripper_target_closedness": 0.0091552734375,
          "gripper_command_at_policy_step": 0.00592041015625,
          "gripper_measured_at_policy_step": 0.005973403309953662
        },
        {
          "policy_step": 87,
          "raw_action": [
            0.0019499513530018536,
            0.0017145424240823416,
            -0.0013233243977996655,
            -0.0026698121076332917,
            0.0022720255540950975,
            0.006628857230344978,
            0.010009765625
          ],
          "clipped_action": [
            0.0019499513530018536,
            0.0017145424240823416,
            -0.0013233243977996655,
            -0.0026698121076332917,
            0.0022720255540950975,
            0.006628857230344978,
            0.010009765625
          ],
          "rotation_delta_before_lock": [
            -0.0026698121076332917,
            0.0022720255540950975,
            0.006628857230344978
          ],
          "end_effector_orientation_locked": false,
          "action_was_clipped": false,
          "ik_success": true,
          "current_position_m": [
            0.6610071388817694,
            -0.12293124609515807,
            1.2259896328681608
          ],
          "current_quaternion_wxyz": [
            0.181083344763792,
            0.9824717473063128,
            0.030351532637298423,
            -0.03220050404271993
          ],
          "target_position_m": [
            0.6629570902347712,
            -0.12121670367107573,
            1.224666308470361
          ],
          "target_quaternion_wxyz": [
            0.1824658227204326,
            0.9820859350141063,
            0.03377037210522556,
            -0.032756705486034175
          ],
          "inference_seconds": null,
          "server_request_index": 44,
          "chunk_index": 2,
          "chunk_size": 5,
          "executed_from_chunk": 5,
          "variant": "oftplus_h5_vision",
          "proprio_state": null,
          "gripper_target_closedness": 0.010009765625,
          "gripper_command_at_policy_step": 0.0091552734375,
          "gripper_measured_at_policy_step": 0.00917249635375783
        },
        {
          "policy_step": 88,
          "raw_action": [
            0.002039376652992869,
            0.001883349267887852,
            -0.0016949654651981748,
            -0.002613624770176723,
            0.002314695240163935,
            0.006906725302693617,
            0.012451171875
          ],
          "clipped_action": [
            0.002039376652992869,
            0.001883349267887852,
            -0.0016949654651981748,
            -0.002613624770176723,
            0.002314695240163935,
            0.006906725302693617,
            0.012451171875
          ],
          "rotation_delta_before_lock": [
            -0.002613624770176723,
            0.002314695240163935,
            0.006906725302693617
          ],
          "end_effector_orientation_locked": false,
          "action_was_clipped": false,
          "ik_success": true,
          "current_position_m": [
            0.6632504323582913,
            -0.12171534239530524,
            1.2235753405979914
          ],
          "current_quaternion_wxyz": [
            0.18292872841934432,
            0.9819692323652703,
            0.03404165685406552,
            -0.03338671300792446
          ],
          "target_position_m": [
            0.6652898090112842,
            -0.11983199312741738,
            1.2218803751327934
          ],
          "target_quaternion_wxyz": [
            0.18428650349202666,
            0.9815666301374991,
            0.037600570951152656,
            -0.03393570826348805
          ],
          "inference_seconds": null,
          "server_request_index": 44,
          "chunk_index": 3,
          "chunk_size": 5,
          "executed_from_chunk": 5,
          "variant": "oftplus_h5_vision",
          "proprio_state": null,
          "gripper_target_closedness": 0.012451171875,
          "gripper_command_at_policy_step": 0.010009765625,
          "gripper_measured_at_policy_step": 0.010032781496130183
        },
        {
          "policy_step": 89,
          "raw_action": [
            0.0018717042155097143,
            0.001719365476762498,
            -0.001564388873950051,
            -0.0023326880828938752,
            0.0022720255540950975,
            0.006767791266519297,
            0.0185546875
          ],
          "clipped_action": [
            0.0018717042155097143,
            0.001719365476762498,
            -0.001564388873950051,
            -0.0023326880828938752,
            0.0022720255540950975,
            0.006767791266519297,
            0.0185546875
          ],
          "rotation_delta_before_lock": [
            -0.0023326880828938752,
            0.0022720255540950975,
            0.006767791266519297
          ],
          "end_effector_orientation_locked": false,
          "action_was_clipped": false,
          "ik_success": true,
          "current_position_m": [
            0.6655742200924788,
            -0.12032990118782053,
            1.220802117137045
          ],
          "current_quaternion_wxyz": [
            0.1843314228135962,
            0.9815307706356682,
            0.037561824998413935,
            -0.03476179169224883
          ],
          "target_position_m": [
            0.6674459243079885,
            -0.11861053571105803,
            1.2192377282630948
          ],
          "target_quaternion_wxyz": [
            0.18554988238911702,
            0.9811422619554766,
            0.041051808285722385,
            -0.03529662854647897
          ],
          "inference_seconds": null,
          "server_request_index": 44,
          "chunk_index": 4,
          "chunk_size": 5,
          "executed_from_chunk": 5,
          "variant": "oftplus_h5_vision",
          "proprio_state": null,
          "gripper_target_closedness": 0.0185546875,
          "gripper_command_at_policy_step": 0.012451171875,
          "gripper_measured_at_policy_step": 0.012471208798474298
        },
        {
          "policy_step": 90,
          "raw_action": [
            0.002357954284210862,
            0.0017434807401632852,
            -0.0016246549929876467,
            -0.0036811841818515413,
            0.0029547405311964947,
            0.0071845933750422555,
            0.00628662109375
          ],
          "clipped_action": [
            0.002357954284210862,
            0.0017434807401632852,
            -0.0016246549929876467,
            -0.0036811841818515413,
            0.0029547405311964947,
            0.0071845933750422555,
            0.00628662109375
          ],
          "rotation_delta_before_lock": [
            -0.0036811841818515413,
            0.0029547405311964947,
            0.0071845933750422555
          ],
          "end_effector_orientation_locked": false,
          "action_was_clipped": false,
          "ik_success": true,
          "current_position_m": [
            0.6677230197218482,
            -0.11910802614116596,
            1.2181725763252786
          ],
          "current_quaternion_wxyz": [
            0.18563773233383,
            0.981093752064543,
            0.04102682116467314,
            -0.03620057926321274
          ],
          "target_position_m": [
            0.670080974006059,
            -0.11736454540100268,
            1.216547921332291
          ],
          "target_quaternion_wxyz": [
            0.18751123654981286,
            0.980542145381625,
            0.044758435690324685,
            -0.03705832878740477
          ],
          "inference_seconds": 0.20727325696498156,
          "server_request_index": 45,
          "chunk_index": 0,
          "chunk_size": 5,
          "executed_from_chunk": 5,
          "variant": "oftplus_h5_vision",
          "proprio_state": null,
          "gripper_target_closedness": 0.00628662109375,
          "gripper_command_at_policy_step": 0.0185546875,
          "gripper_measured_at_policy_step": 0.01856652236190337
        },
        {
          "policy_step": 91,
          "raw_action": [
            0.0020840893029883765,
            0.002008748637571946,
            -0.0014739896953936578,
            -0.003287872819655556,
            0.0025707133565769586,
            0.0071845933750422555,
            0.008056640625
          ],
          "clipped_action": [
            0.0020840893029883765,
            0.002008748637571946,
            -0.0014739896953936578,
            -0.003287872819655556,
            0.0025707133565769586,
            0.0071845933750422555,
            0.008056640625
          ],
          "rotation_delta_before_lock": [
            -0.003287872819655556,
            0.0025707133565769586,
            0.0071845933750422555
          ],
          "end_effector_orientation_locked": false,
          "action_was_clipped": false,
          "ik_success": true,
          "current_position_m": [
            0.6703433930254985,
            -0.11786477290063362,
            1.2155059921317999
          ],
          "current_quaternion_wxyz": [
            0.18782800730562912,
            0.9804307463724165,
            0.04497747615982866,
            -0.03812109491495692
          ],
          "target_position_m": [
            0.6724274823284869,
            -0.11585602426306167,
            1.2140320024364062
          ],
          "target_quaternion_wxyz": [
            0.18951727754233594,
            0.9799029381793231,
            0.04867783282612222,
            -0.03878017343724991
          ],
          "inference_seconds": null,
          "server_request_index": 45,
          "chunk_index": 1,
          "chunk_size": 5,
          "executed_from_chunk": 5,
          "variant": "oftplus_h5_vision",
          "proprio_state": null,
          "gripper_target_closedness": 0.008056640625,
          "gripper_command_at_policy_step": 0.00628662109375,
          "gripper_measured_at_policy_step": 0.006344133923793738
        },
        {
          "policy_step": 92,
          "raw_action": [
            0.0020840893029883765,
            0.002061802217053677,
            -0.0015543445207771185,
            -0.0035126221694818348,
            0.0023573649262327726,
            0.0070456593388679364,
            0.006683349609375
          ],
          "clipped_action": [
            0.0020840893029883765,
            0.002061802217053677,
            -0.0015543445207771185,
            -0.0035126221694818348,
            0.0023573649262327726,
            0.0070456593388679364,
            0.006683349609375
          ],
          "rotation_delta_before_lock": [
            -0.0035126221694818348,
            0.0023573649262327726,
            0.0070456593388679364
          ],
          "end_effector_orientation_locked": false,
          "action_was_clipped": false,
          "ik_success": true,
          "current_position_m": [
            0.6726800054360924,
            -0.11635826202553648,
            1.2130113703222736
          ],
          "current_quaternion_wxyz": [
            0.18934765450807656,
            0.9799210212918811,
            0.0484793245449461,
            -0.039395594350542545
          ],
          "target_position_m": [
            0.6747640947390808,
            -0.1142964598084828,
            1.2114570258014965
          ],
          "target_quaternion_wxyz": [
            0.1911487393317594,
            0.9793629775513936,
            0.05208498981760597,
            -0.0399683811186726
          ],
          "inference_seconds": null,
          "server_request_index": 45,
          "chunk_index": 2,
          "chunk_size": 5,
          "executed_from_chunk": 5,
          "variant": "oftplus_h5_vision",
          "proprio_state": null,
          "gripper_target_closedness": 0.006683349609375,
          "gripper_command_at_policy_step": 0.008056640625,
          "gripper_measured_at_policy_step": 0.00808111475459461
        },
        {
          "policy_step": 93,
          "raw_action": [
            0.0021455691967322,
            0.0020714483224139914,
            -0.0017753202905816355,
            -0.0035126221694818348,
            0.002528043670508122,
            0.0074624614473908935,
            0.010009765625
          ],
          "clipped_action": [
            0.0021455691967322,
            0.0020714483224139914,
            -0.0017753202905816355,
            -0.0035126221694818348,
            0.002528043670508122,
            0.0074624614473908935,
            0.010009765625
          ],
          "rotation_delta_before_lock": [
            -0.0035126221694818348,
            0.002528043670508122,
            0.0074624614473908935
          ],
          "end_effector_orientation_locked": false,
          "action_was_clipped": false,
          "ik_success": true,
          "current_position_m": [
            0.6750061403730802,
            -0.11480104623900321,
            1.2104574898702405
          ],
          "current_quaternion_wxyz": [
            0.1912802784471447,
            0.9793062583975141,
            0.05221570738139595,
            -0.040554004035416466
          ],
          "target_position_m": [
            0.6771517095698123,
            -0.11272959791658922,
            1.2086821695796588
          ],
          "target_quaternion_wxyz": [
            0.19308377450733952,
            0.9787151128115082,
            0.05603978440158091,
            -0.04116948555156048
          ],
          "inference_seconds": null,
          "server_request_index": 45,
          "chunk_index": 3,
          "chunk_size": 5,
          "executed_from_chunk": 5,
          "variant": "oftplus_h5_vision",
          "proprio_state": null,
          "gripper_target_closedness": 0.010009765625,
          "gripper_command_at_policy_step": 0.006683349609375,
          "gripper_measured_at_policy_step": 0.006715603172779083
        },
        {
          "policy_step": 94,
          "raw_action": [
            0.0018046352405164529,
            0.001637373581199822,
            -0.0011726591002056766,
            -0.0031193108072858494,
            0.00240003461230161,
            0.006906725302693617,
            0.019775390625
          ],
          "clipped_action": [
            0.0018046352405164529,
            0.001637373581199822,
            -0.0011726591002056766,
            -0.0031193108072858494,
            0.00240003461230161,
            0.006906725302693617,
            0.019775390625
          ],
          "rotation_delta_before_lock": [
            -0.0031193108072858494,
            0.00240003461230161,
            0.006906725302693617
          ],
          "end_effector_orientation_locked": false,
          "action_was_clipped": false,
          "ik_success": true,
          "current_position_m": [
            0.6773827059592359,
            -0.11323821591253794,
            1.2077081574166755
          ],
          "current_quaternion_wxyz": [
            0.19322602805444605,
            0.9786526372576224,
            0.05601514394532144,
            -0.04201215680952247
          ],
          "target_position_m": [
            0.6791873411997523,
            -0.11160084233133812,
            1.2065354983164698
          ],
          "target_quaternion_wxyz": [
            0.19482872245807717,
            0.9780996862491139,
            0.05956068469410501,
            -0.04260630825955154
          ],
          "inference_seconds": null,
          "server_request_index": 45,
          "chunk_index": 4,
          "chunk_size": 5,
          "executed_from_chunk": 5,
          "variant": "oftplus_h5_vision",
          "proprio_state": null,
          "gripper_target_closedness": 0.019775390625,
          "gripper_command_at_policy_step": 0.010009765625,
          "gripper_measured_at_policy_step": 0.010031593256983329
        },
        {
          "policy_step": 95,
          "raw_action": [
            0.002262939902970407,
            0.0027900831717574508,
            -0.0018154977032733659,
            -0.00390593353167782,
            0.002826731472989983,
            0.0074624614473908935,
            0.008056640625
          ],
          "clipped_action": [
            0.002262939902970407,
            0.0027900831717574508,
            -0.0018154977032733659,
            -0.00390593353167782,
            0.002826731472989983,
            0.0074624614473908935,
            0.008056640625
          ],
          "rotation_delta_before_lock": [
            -0.00390593353167782,
            0.002826731472989983,
            0.0074624614473908935
          ],
          "end_effector_orientation_locked": false,
          "action_was_clipped": false,
          "ik_success": true,
          "current_position_m": [
            0.6794030961396874,
            -0.11211343261582778,
            1.2055948088100623
          ],
          "current_quaternion_wxyz": [
            0.1947738845222269,
            0.9780824309823207,
            0.059314040973282335,
            -0.043585968559340826
          ],
          "target_position_m": [
            0.6816660360426579,
            -0.10932334944407032,
            1.203779311106789
          ],
          "target_quaternion_wxyz": [
            0.19676091552655542,
            0.9774094783456357,
            0.06315305910473201,
            -0.04435701620914416
          ],
          "inference_seconds": 0.20701932907104492,
          "server_request_index": 46,
          "chunk_index": 0,
          "chunk_size": 5,
          "executed_from_chunk": 5,
          "variant": "oftplus_h5_vision",
          "proprio_state": null,
          "gripper_target_closedness": 0.008056640625,
          "gripper_command_at_policy_step": 0.019775390625,
          "gripper_measured_at_policy_step": 0.019782123123777362
        },
        {
          "policy_step": 96,
          "raw_action": [
            0.0017375662655231897,
            0.0022402551662195035,
            -0.0016547880525064444,
            -0.003287872819655556,
            0.0027840617869211454,
            0.008018197592088171,
            0.00885009765625
          ],
          "clipped_action": [
            0.0017375662655231897,
            0.0022402551662195035,
            -0.0016547880525064444,
            -0.003287872819655556,
            0.0027840617869211454,
            0.008018197592088171,
            0.00885009765625
          ],
          "rotation_delta_before_lock": [
            -0.003287872819655556,
            0.0027840617869211454,
            0.008018197592088171
          ],
          "end_effector_orientation_locked": false,
          "action_was_clipped": false,
          "ik_success": true,
          "current_position_m": [
            0.6818655760649703,
            -0.10984473006943563,
            1.202874788030644
          ],
          "current_quaternion_wxyz": [
            0.1967170228035046,
            0.977418612671544,
            0.0629639629337343,
            -0.044618470550202065
          ],
          "target_position_m": [
            0.6836031423304936,
            -0.10760447490321612,
            1.2012199999781377
          ],
          "target_quaternion_wxyz": [
            0.19841302575043762,
            0.9767705628684227,
            0.06708235065211979,
            -0.0452934538012618
          ],
          "inference_seconds": null,
          "server_request_index": 46,
          "chunk_index": 1,
          "chunk_size": 5,
          "executed_from_chunk": 5,
          "variant": "oftplus_h5_vision",
          "proprio_state": null,
          "gripper_target_closedness": 0.00885009765625,
          "gripper_command_at_policy_step": 0.008056640625,
          "gripper_measured_at_policy_step": 0.008115381002426147
        },
        {
          "policy_step": 97,
          "raw_action": [
            0.0019331841092535378,
            0.0025392844323892643,
            -0.001976207354040291,
            -0.0036811841818515413,
            0.002741392100852308,
            0.00815713162826249,
            0.007568359375
          ],
          "clipped_action": [
            0.0019331841092535378,
            0.0025392844323892643,
            -0.001976207354040291,
            -0.0036811841818515413,
            0.002741392100852308,
            0.00815713162826249,
            0.007568359375
          ],
          "rotation_delta_before_lock": [
            -0.0036811841818515413,
            0.002741392100852308,
            0.00815713162826249
          ],
          "end_effector_orientation_locked": false,
          "action_was_clipped": false,
          "ik_success": true,
          "current_position_m": [
            0.6837936685434809,
            -0.10812893602064733,
            1.2003407952233092
          ],
          "current_quaternion_wxyz": [
            0.1982376617194566,
            0.9767931406342859,
            0.0669260695234285,
            -0.04580274122752608
          ],
          "target_position_m": [
            0.6857268526527345,
            -0.10558965158825806,
            1.1983645878692688
          ],
          "target_quaternion_wxyz": [
            0.20012843590840224,
            0.9760818280102258,
            0.07109665594261003,
            -0.04645578201742799
          ],
          "inference_seconds": null,
          "server_request_index": 46,
          "chunk_index": 2,
          "chunk_size": 5,
          "executed_from_chunk": 5,
          "variant": "oftplus_h5_vision",
          "proprio_state": null,
          "gripper_target_closedness": 0.007568359375,
          "gripper_command_at_policy_step": 0.00885009765625,
          "gripper_measured_at_policy_step": 0.008879129742753955
        },
        {
          "policy_step": 98,
          "raw_action": [
            0.0019555404342512916,
            0.002249901271579818,
            -0.0019360299413485604,
            -0.0035688095069384036,
            0.002826731472989983,
            0.007879263555913852,
            0.0091552734375
          ],
          "clipped_action": [
            0.0019555404342512916,
            0.002249901271579818,
            -0.0019360299413485604,
            -0.0035688095069384036,
            0.002826731472989983,
            0.007879263555913852,
            0.0091552734375
          ],
          "rotation_delta_before_lock": [
            -0.0035688095069384036,
            0.002826731472989983,
            0.007879263555913852
          ],
          "end_effector_orientation_locked": false,
          "action_was_clipped": false,
          "ik_success": true,
          "current_position_m": [
            0.6859031611966802,
            -0.10611904287625235,
            1.197519063381352
          ],
          "current_quaternion_wxyz": [
            0.2001153327444923,
            0.9760773476256519,
            0.0708784278624171,
            -0.04693733605974608
          ],
          "target_position_m": [
            0.6878587016309314,
            -0.10386914160467253,
            1.1955830334400033
          ],
          "target_quaternion_wxyz": [
            0.20193971075025224,
            0.9753645852146143,
            0.07492214651734955,
            -0.04765449708538182
          ],
          "inference_seconds": null,
          "server_request_index": 46,
          "chunk_index": 3,
          "chunk_size": 5,
          "executed_from_chunk": 5,
          "variant": "oftplus_h5_vision",
          "proprio_state": null,
          "gripper_target_closedness": 0.0091552734375,
          "gripper_command_at_policy_step": 0.007568359375,
          "gripper_measured_at_policy_step": 0.007603282044673865
        },
        {
          "policy_step": 99,
          "raw_action": [
            0.0018717042155097143,
            0.0016952502133617108,
            -0.0014137235763560622,
            -0.0034002474945686936,
            0.002698722414783471,
            0.0074624614473908935,
            0.0174560546875
          ],
          "clipped_action": [
            0.0018717042155097143,
            0.0016952502133617108,
            -0.0014137235763560622,
            -0.0034002474945686936,
            0.002698722414783471,
            0.0074624614473908935,
            0.0174560546875
          ],
          "rotation_delta_before_lock": [
            -0.0034002474945686936,
            0.002698722414783471,
            0.0074624614473908935
          ],
          "end_effector_orientation_locked": false,
          "action_was_clipped": false,
          "ik_success": true,
          "current_position_m": [
            0.6880093698872471,
            -0.10439972932815202,
            1.1948112808911047
          ],
          "current_quaternion_wxyz": [
            0.20219739253567592,
            0.9753217765891974,
            0.07466234451593856,
            -0.047845385086220674
          ],
          "target_position_m": [
            0.6898810741027569,
            -0.1027044791147903,
            1.1933975573147486
          ],
          "target_quaternion_wxyz": [
            0.2039314467604259,
            0.9746257882860226,
            0.07849228183927005,
            -0.04853348866209142
          ],
          "inference_seconds": null,
          "server_request_index": 46,
          "chunk_index": 4,
          "chunk_size": 5,
          "executed_from_chunk": 5,
          "variant": "oftplus_h5_vision",
          "proprio_state": null,
          "gripper_target_closedness": 0.0174560546875,
          "gripper_command_at_policy_step": 0.0091552734375,
          "gripper_measured_at_policy_step": 0.009181552662931636
        },
        {
          "policy_step": 100,
          "raw_action": [
            0.002134391034233322,
            0.002876898120000285,
            -0.002046517826250819,
            -0.004130682881504099,
            0.00304007990333417,
            0.00815713162826249,
            0.00628662109375
          ],
          "clipped_action": [
            0.002134391034233322,
            0.002876898120000285,
            -0.002046517826250819,
            -0.004130682881504099,
            0.00304007990333417,
            0.00815713162826249,
            0.00628662109375
          ],
          "rotation_delta_before_lock": [
            -0.004130682881504099,
            0.00304007990333417,
            0.00815713162826249
          ],
          "end_effector_orientation_locked": false,
          "action_was_clipped": false,
          "ik_success": true,
          "current_position_m": [
            0.6899472595017576,
            -0.10323653908899878,
            1.1926364207985694
          ],
          "current_quaternion_wxyz": [
            0.20492492208764024,
            0.9744728376395846,
            0.07872310310406391,
            -0.04702273968727517
          ],
          "target_position_m": [
            0.6920816505359909,
            -0.10035964096899849,
            1.1905899029723186
          ],
          "target_quaternion_wxyz": [
            0.20700727799726634,
            0.9736457379091713,
            0.08291100094430068,
            -0.04783021879400385
          ],
          "inference_seconds": 0.21353807800915092,
          "server_request_index": 47,
          "chunk_index": 0,
          "chunk_size": 5,
          "executed_from_chunk": 5,
          "variant": "oftplus_h5_vision",
          "proprio_state": null,
          "gripper_target_closedness": 0.00628662109375,
          "gripper_command_at_policy_step": 0.0174560546875,
          "gripper_measured_at_policy_step": 0.017466566172139486
        },
        {
          "policy_step": 101,
          "raw_action": [
            0.0018493478905119605,
            0.002674329907433673,
            -0.0018154977032733659,
            -0.0035126221694818348,
            0.0029547405311964947,
            0.00857393373678545,
            0.007354736328125
          ],
          "clipped_action": [
            0.0018493478905119605,
            0.002674329907433673,
            -0.0018154977032733659,
            -0.0035126221694818348,
            0.0029547405311964947,
            0.00857393373678545,
            0.007354736328125
          ],
          "rotation_delta_before_lock": [
            -0.0035126221694818348,
            0.0029547405311964947,
            0.00857393373678545
          ],
          "end_effector_orientation_locked": false,
          "action_was_clipped": false,
          "ik_success": true,
          "current_position_m": [
            0.6921486004955147,
            -0.10089130756227968,
            1.189833842897612
          ],
          "current_quaternion_wxyz": [
            0.20797298082491347,
            0.9734923388276748,
            0.08313999117289136,
            -0.04634271634675134
          ],
          "target_position_m": [
            0.6939979483860267,
            -0.09821697765484601,
            1.1880183451943387
          ],
          "target_quaternion_wxyz": [
            0.20975611152169762,
            0.9726906836969897,
            0.08753818117628422,
            -0.04703482076853365
          ],
          "inference_seconds": null,
          "server_request_index": 47,
          "chunk_index": 1,
          "chunk_size": 5,
          "executed_from_chunk": 5,
          "variant": "oftplus_h5_vision",
          "proprio_state": null,
          "gripper_target_closedness": 0.007354736328125,
          "gripper_command_at_policy_step": 0.00628662109375,
          "gripper_measured_at_policy_step": 0.006343459517791361
        },
        {
          "policy_step": 102,
          "raw_action": [
            0.0019331841092535378,
            0.0028672520146399705,
            -0.00216705006432601,
            -0.00390593353167782,
            0.0029547405311964947,
            0.008990735845308408,
            0.007568359375
          ],
          "clipped_action": [
            0.0019331841092535378,
            0.0028672520146399705,
            -0.00216705006432601,
            -0.00390593353167782,
            0.0029547405311964947,
            0.008990735845308408,
            0.007568359375
          ],
          "rotation_delta_before_lock": [
            -0.00390593353167782,
            0.0029547405311964947,
            0.008990735845308408
          ],
          "end_effector_orientation_locked": false,
          "action_was_clipped": false,
          "ik_success": true,
          "current_position_m": [
            0.694097710825438,
            -0.09874707399083,
            1.1872656660909215
          ],
          "current_quaternion_wxyz": [
            0.2105353045340588,
            0.9725618215474512,
            0.08768141879375954,
            -0.04593862874932247
          ],
          "target_position_m": [
            0.6960308949346916,
            -0.09587982197619004,
            1.1850986160265955
          ],
          "target_quaternion_wxyz": [
            0.2125088913981851,
            0.9716758853263476,
            0.0922735950864594,
            -0.0465996631081516
          ],
          "inference_seconds": null,
          "server_request_index": 47,
          "chunk_index": 2,
          "chunk_size": 5,
          "executed_from_chunk": 5,
          "variant": "oftplus_h5_vision",
          "proprio_state": null,
          "gripper_target_closedness": 0.007568359375,
          "gripper_command_at_policy_step": 0.007354736328125,
          "gripper_measured_at_policy_step": 0.007383040313063027
        },
        {
          "policy_step": 103,
          "raw_action": [
            0.0018828823780085904,
            0.0025199922216686352,
            -0.0022072274770177404,
            -0.0034002474945686936,
            0.002826731472989983,
            0.00829606566443681,
            0.01031494140625
          ],
          "clipped_action": [
            0.0018828823780085904,
            0.0025199922216686352,
            -0.0022072274770177404,
            -0.0034002474945686936,
            0.002826731472989983,
            0.00829606566443681,
            0.01031494140625
          ],
          "rotation_delta_before_lock": [
            -0.0034002474945686936,
            0.002826731472989983,
            0.00829606566443681
          ],
          "end_effector_orientation_locked": false,
          "action_was_clipped": false,
          "ik_success": true,
          "current_position_m": [
            0.6961457661558045,
            -0.09640910464225659,
            1.1843502669367596
          ],
          "current_quaternion_wxyz": [
            0.2131292323679347,
            0.971569702284389,
            0.09236286404728787,
            -0.045796782182384095
          ],
          "target_position_m": [
            0.6980286485338131,
            -0.09388911242058795,
            1.1821430394597419
          ],
          "target_quaternion_wxyz": [
            0.2148380843827673,
            0.9707487743954998,
            0.09661530042595219,
            -0.04644241845533994
          ],
          "inference_seconds": null,
          "server_request_index": 47,
          "chunk_index": 3,
          "chunk_size": 5,
          "executed_from_chunk": 5,
          "variant": "oftplus_h5_vision",
          "proprio_state": null,
          "gripper_target_closedness": 0.01031494140625,
          "gripper_command_at_policy_step": 0.007568359375,
          "gripper_measured_at_policy_step": 0.0075986896609437915
        },
        {
          "policy_step": 104,
          "raw_action": [
            0.0019443622717524138,
            0.002394592851984541,
            -0.002116828298461347,
            -0.00373737151930811,
            0.00304007990333417,
            0.008990735845308408,
            0.010986328125
          ],
          "clipped_action": [
            0.0019443622717524138,
            0.002394592851984541,
            -0.002116828298461347,
            -0.00373737151930811,
            0.00304007990333417,
            0.008990735845308408,
            0.010986328125
          ],
          "rotation_delta_before_lock": [
            -0.00373737151930811,
            0.00304007990333417,
            0.008990735845308408
          ],
          "end_effector_orientation_locked": false,
          "action_was_clipped": false,
          "ik_success": true,
          "current_position_m": [
            0.6981426611339371,
            -0.0944145422425102,
            1.1813896494486367
          ],
          "current_quaternion_wxyz": [
            0.21560422226473278,
            0.970597478358592,
            0.09679682005904217,
            -0.04566979277399456
          ],
          "target_position_m": [
            0.7000870234056895,
            -0.09201994939052566,
            1.1792728211501753
          ],
          "target_quaternion_wxyz": [
            0.217473319306246,
            0.9696774055223224,
            0.10140111852285097,
            -0.04635620532071042
          ],
          "inference_seconds": null,
          "server_request_index": 47,
          "chunk_index": 4,
          "chunk_size": 5,
          "executed_from_chunk": 5,
          "variant": "oftplus_h5_vision",
          "proprio_state": null,
          "gripper_target_closedness": 0.010986328125,
          "gripper_command_at_policy_step": 0.01031494140625,
          "gripper_measured_at_policy_step": 0.010339668341751818
        },
        {
          "policy_step": 105,
          "raw_action": [
            0.0021679255217299537,
            0.002896190330720916,
            -0.0019360299413485604,
            -0.0035126221694818348,
            0.0026560527287146337,
            0.006628857230344978,
            0.00628662109375
          ],
          "clipped_action": [
            0.0021679255217299537,
            0.002896190330720916,
            -0.0019360299413485604,
            -0.0035126221694818348,
            0.0026560527287146337,
            0.006628857230344978,
            0.00628662109375
          ],
          "rotation_delta_before_lock": [
            -0.0035126221694818348,
            0.0026560527287146337,
            0.006628857230344978
          ],
          "end_effector_orientation_locked": false,
          "action_was_clipped": false,
          "ik_success": true,
          "current_position_m": [
            0.7001840930362129,
            -0.09254193015280572,
            1.1785094568067445
          ],
          "current_quaternion_wxyz": [
            0.218247372899436,
            0.9695361443935767,
            0.10158616212888813,
            -0.045254840634517
          ],
          "target_position_m": [
            0.7023520185579428,
            -0.0896457398220848,
            1.1765734268653958
          ],
          "target_quaternion_wxyz": [
            0.21996353244908798,
            0.9687483607962222,
            0.10500916387860015,
            -0.04599710152464924
          ],
          "inference_seconds": 0.20920997392386198,
          "server_request_index": 48,
          "chunk_index": 0,
          "chunk_size": 5,
          "executed_from_chunk": 5,
          "variant": "oftplus_h5_vision",
          "proprio_state": null,
          "gripper_target_closedness": 0.00628662109375,
          "gripper_command_at_policy_step": 0.010986328125,
          "gripper_measured_at_policy_step": 0.01101513412492039
        },
        {
          "policy_step": 106,
          "raw_action": [
            0.0021120347092355683,
            0.003002297489684379,
            -0.002267493596055336,
            -0.0034002474945686936,
            0.002741392100852308,
            0.00815713162826249,
            0.006500244140625
          ],
          "clipped_action": [
            0.0021120347092355683,
            0.003002297489684379,
            -0.002267493596055336,
            -0.0034002474945686936,
            0.002741392100852308,
            0.00815713162826249,
            0.006500244140625
          ],
          "rotation_delta_before_lock": [
            -0.0034002474945686936,
            0.002741392100852308,
            0.00815713162826249
          ],
          "end_effector_orientation_locked": false,
          "action_was_clipped": false,
          "ik_success": true,
          "current_position_m": [
            0.7023546819454574,
            -0.09016147252551908,
            1.1757624686571988
          ],
          "current_quaternion_wxyz": [
            0.22119496356571505,
            0.9685201036284189,
            0.10539374672757225,
            -0.04397448250387001
          ],
          "target_position_m": [
            0.704466716654693,
            -0.0871591750358347,
            1.1734949750611434
          ],
          "target_quaternion_wxyz": [
            0.22287408440758671,
            0.9676435518775797,
            0.10957120588903844,
            -0.044578580610466594
          ],
          "inference_seconds": null,
          "server_request_index": 48,
          "chunk_index": 1,
          "chunk_size": 5,
          "executed_from_chunk": 5,
          "variant": "oftplus_h5_vision",
          "proprio_state": null,
          "gripper_target_closedness": 0.006500244140625,
          "gripper_command_at_policy_step": 0.00628662109375,
          "gripper_measured_at_policy_step": 0.006329329106314452
        },
        {
          "policy_step": 107,
          "raw_action": [
            0.0020952674654872525,
            0.0033399111772954,
            -0.002789799961047834,
            -0.0037935588567646825,
            0.002912070845127657,
            0.008712867772959768,
            0.00506591796875
          ],
          "clipped_action": [
            0.0020952674654872525,
            0.0033399111772954,
            -0.002789799961047834,
            -0.0037935588567646825,
            0.002912070845127657,
            0.008712867772959768,
            0.00506591796875
          ],
          "rotation_delta_before_lock": [
            -0.0037935588567646825,
            0.002912070845127657,
            0.008712867772959768
          ],
          "end_effector_orientation_locked": false,
          "action_was_clipped": false,
          "ik_success": true,
          "current_position_m": [
            0.7045371435030653,
            -0.08767631098659656,
            1.1727137931297054
          ],
          "current_quaternion_wxyz": [
            0.22380451412562907,
            0.9674625078509496,
            0.10985045675341465,
            -0.043135976989152704
          ],
          "target_position_m": [
            0.7066324109685526,
            -0.08433639980930116,
            1.1699239931686576
          ],
          "target_quaternion_wxyz": [
            0.2256647787464608,
            0.9664846939045117,
            0.1143078162720249,
            -0.04377747389622159
          ],
          "inference_seconds": null,
          "server_request_index": 48,
          "chunk_index": 2,
          "chunk_size": 5,
          "executed_from_chunk": 5,
          "variant": "oftplus_h5_vision",
          "proprio_state": null,
          "gripper_target_closedness": 0.00506591796875,
          "gripper_command_at_policy_step": 0.006500244140625,
          "gripper_measured_at_policy_step": 0.006530269980430603
        },
        {
          "policy_step": 108,
          "raw_action": [
            0.0019499513530018536,
            0.0029058364360812303,
            -0.0027094451356643734,
            -0.0031754981447424183,
            0.0028694011590588205,
            0.00843499970061113,
            0.00592041015625
          ],
          "clipped_action": [
            0.0019499513530018536,
            0.0029058364360812303,
            -0.0027094451356643734,
            -0.0031754981447424183,
            0.0028694011590588205,
            0.00843499970061113,
            0.00592041015625
          ],
          "rotation_delta_before_lock": [
            -0.0031754981447424183,
            0.0028694011590588205,
            0.00843499970061113
          ],
          "end_effector_orientation_locked": false,
          "action_was_clipped": false,
          "ik_success": true,
          "current_position_m": [
            0.7067448537852139,
            -0.08485277996291372,
            1.1691564541122195
          ],
          "current_quaternion_wxyz": [
            0.22625367781866115,
            0.9663646498784458,
            0.1144550726341005,
            -0.04299619851988081
          ],
          "target_position_m": [
            0.7086948051382157,
            -0.08194694352683249,
            1.166447008976555
          ],
          "target_quaternion_wxyz": [
            0.22780261405327715,
            0.9654502111229991,
            0.11878575837601268,
            -0.04360966039865227
          ],
          "inference_seconds": null,
          "server_request_index": 48,
          "chunk_index": 3,
          "chunk_size": 5,
          "executed_from_chunk": 5,
          "variant": "oftplus_h5_vision",
          "proprio_state": null,
          "gripper_target_closedness": 0.00592041015625,
          "gripper_command_at_policy_step": 0.00506591796875,
          "gripper_measured_at_policy_step": 0.0051006898283958435
        },
        {
          "policy_step": 109,
          "raw_action": [
            0.0023300088779636702,
            0.0030119435950446936,
            -0.002548735484897452,
            -0.0038497461942212513,
            0.0032960980197471934,
            0.009546471990005684,
            0.00628662109375
          ],
          "clipped_action": [
            0.0023300088779636702,
            0.0030119435950446936,
            -0.002548735484897452,
            -0.0038497461942212513,
            0.0032960980197471934,
            0.009546471990005684,
            0.00628662109375
          ],
          "rotation_delta_before_lock": [
            -0.0038497461942212513,
            0.0032960980197471934,
            0.009546471990005684
          ],
          "end_effector_orientation_locked": false,
          "action_was_clipped": false,
          "ik_success": true,
          "current_position_m": [
            0.7088103848176132,
            -0.0824578854629186,
            1.1656760062865312
          ],
          "current_quaternion_wxyz": [
            0.22831146211370107,
            0.9653517093766593,
            0.11886639912201154,
            -0.04290376010133157
          ],
          "target_position_m": [
            0.7111403936955768,
            -0.0794459418678739,
            1.1631272708016338
          ],
          "target_quaternion_wxyz": [
            0.23017519077286616,
            0.9642600626499948,
            0.12376617523495549,
            -0.04363309522155323
          ],
          "inference_seconds": null,
          "server_request_index": 48,
          "chunk_index": 4,
          "chunk_size": 5,
          "executed_from_chunk": 5,
          "variant": "oftplus_h5_vision",
          "proprio_state": null,
          "gripper_target_closedness": 0.00628662109375,
          "gripper_command_at_policy_step": 0.00592041015625,
          "gripper_measured_at_policy_step": 0.005949799099872921
        },
        {
          "policy_step": 110,
          "raw_action": [
            0.002134391034233322,
            0.003388141704096974,
            -0.0015945219334688489,
            -0.003456434832025266,
            0.002613383042645796,
            0.0063509891579963396,
            0.005218505859375
          ],
          "clipped_action": [
            0.002134391034233322,
            0.003388141704096974,
            -0.0015945219334688489,
            -0.003456434832025266,
            0.002613383042645796,
            0.0063509891579963396,
            0.005218505859375
          ],
          "rotation_delta_before_lock": [
            -0.003456434832025266,
            0.002613383042645796,
            0.0063509891579963396
          ],
          "end_effector_orientation_locked": false,
          "action_was_clipped": false,
          "ik_success": true,
          "current_position_m": [
            0.71117357581304,
            -0.07995182605536093,
            1.1623182355286386
          ],
          "current_quaternion_wxyz": [
            0.23126186857414482,
            0.9640295773474884,
            0.12414643903564256,
            -0.04186387246286779
          ],
          "target_position_m": [
            0.7133079668472733,
            -0.07656368435126396,
            1.1607237135951698
          ],
          "target_quaternion_wxyz": [
            0.23289692586332694,
            0.9631738559585182,
            0.12743662236248673,
            -0.042603431813090335
          ],
          "inference_seconds": 0.20712213905062526,
          "server_request_index": 49,
          "chunk_index": 0,
          "chunk_size": 5,
          "executed_from_chunk": 5,
          "variant": "oftplus_h5_vision",
          "proprio_state": null,
          "gripper_target_closedness": 0.005218505859375,
          "gripper_command_at_policy_step": 0.00628662109375,
          "gripper_measured_at_policy_step": 0.006317350371130681
        },
        {
          "policy_step": 111,
          "raw_action": [
            0.0018828823780085904,
            0.0037643398131492565,
            -0.0023076710087470663,
            -0.003287872819655556,
            0.002442704298370447,
            0.0073235274112165745,
            0.00555419921875
          ],
          "clipped_action": [
            0.0018828823780085904,
            0.0037643398131492565,
            -0.0023076710087470663,
            -0.003287872819655556,
            0.002442704298370447,
            0.0073235274112165745,
            0.00555419921875
          ],
          "rotation_delta_before_lock": [
            -0.003287872819655556,
            0.002442704298370447,
            0.0073235274112165745
          ],
          "end_effector_orientation_locked": false,
          "action_was_clipped": false,
          "ik_success": true,
          "current_position_m": [
            0.7132454305133865,
            -0.07708444113721069,
            1.1598838488713539
          ],
          "current_quaternion_wxyz": [
            0.23427858431688206,
            0.9628698859491943,
            0.12797030043561253,
            -0.040233442172926494
          ],
          "target_position_m": [
            0.7151283128913951,
            -0.07332010132406143,
            1.1575761778626068
          ],
          "target_quaternion_wxyz": [
            0.2358504431499431,
            0.9619585387382553,
            0.13171496056741064,
            -0.04076159193728323
          ],
          "inference_seconds": null,
          "server_request_index": 49,
          "chunk_index": 1,
          "chunk_size": 5,
          "executed_from_chunk": 5,
          "variant": "oftplus_h5_vision",
          "proprio_state": null,
          "gripper_target_closedness": 0.00555419921875,
          "gripper_command_at_policy_step": 0.005218505859375,
          "gripper_measured_at_policy_step": 0.005254293824064393
        },
        {
          "policy_step": 112,
          "raw_action": [
            0.0017599225905209435,
            0.004690365927739486,
            -0.0033924611514237965,
            -0.0036811841818515413,
            0.002698722414783471,
            0.00815713162826249,
            0.00421142578125
          ],
          "clipped_action": [
            0.0017599225905209435,
            0.004690365927739486,
            -0.0033924611514237965,
            -0.0036811841818515413,
            0.002698722414783471,
            0.00815713162826249,
            0.00421142578125
          ],
          "rotation_delta_before_lock": [
            -0.0036811841818515413,
            0.002698722414783471,
            0.00815713162826249
          ],
          "end_effector_orientation_locked": false,
          "action_was_clipped": false,
          "ik_success": true,
          "current_position_m": [
            0.7152123940324169,
            -0.07383113816948957,
            1.1568148399605864
          ],
          "current_quaternion_wxyz": [
            0.23661712464499268,
            0.9617865716489136,
            0.13194788742906005,
            -0.03960658939587201
          ],
          "target_position_m": [
            0.7169723166229378,
            -0.06914077224175008,
            1.1534223788091627
          ],
          "target_quaternion_wxyz": [
            0.2383682834988916,
            0.9607489537866967,
            0.13611552339375993,
            -0.04018175594473926
          ],
          "inference_seconds": null,
          "server_request_index": 49,
          "chunk_index": 2,
          "chunk_size": 5,
          "executed_from_chunk": 5,
          "variant": "oftplus_h5_vision",
          "proprio_state": null,
          "gripper_target_closedness": 0.00421142578125,
          "gripper_command_at_policy_step": 0.00555419921875,
          "gripper_measured_at_policy_step": 0.005584592192337534
        },
        {
          "policy_step": 113,
          "raw_action": [
            0.0015922501530377907,
            0.004188768449003111,
            -0.0035129933894989876,
            -0.0029507487949161394,
            0.002442704298370447,
            0.007601395483565214,
            0.00445556640625
          ],
          "clipped_action": [
            0.0015922501530377907,
            0.004188768449003111,
            -0.0035129933894989876,
            -0.0029507487949161394,
            0.002442704298370447,
            0.007601395483565214,
            0.00445556640625
          ],
          "rotation_delta_before_lock": [
            -0.0029507487949161394,
            0.002442704298370447,
            0.007601395483565214
          ],
          "end_effector_orientation_locked": false,
          "action_was_clipped": false,
          "ik_success": true,
          "current_position_m": [
            0.7170955362506257,
            -0.0696494315942912,
            1.1526723726692858
          ],
          "current_quaternion_wxyz": [
            0.23783379673224297,
            0.9609077731554156,
            0.13582820259375872,
            -0.040522043403254805
          ],
          "target_position_m": [
            0.7186877864036635,
            -0.06546066314528809,
            1.1491593792797867
          ],
          "target_quaternion_wxyz": [
            0.239237455160863,
            0.959982445599685,
            0.13970977433252874,
            -0.04099174483424408
          ],
          "inference_seconds": null,
          "server_request_index": 49,
          "chunk_index": 3,
          "chunk_size": 5,
          "executed_from_chunk": 5,
          "variant": "oftplus_h5_vision",
          "proprio_state": null,
          "gripper_target_closedness": 0.00445556640625,
          "gripper_command_at_policy_step": 0.00421142578125,
          "gripper_measured_at_policy_step": 0.004247148746046592
        },
        {
          "policy_step": 114,
          "raw_action": [
            0.0018269915655142067,
            0.0038222164453111454,
            -0.003171485381619276,
            -0.0031193108072858494,
            0.002741392100852308,
            0.008712867772959768,
            0.00537109375
          ],
          "clipped_action": [
            0.0018269915655142067,
            0.0038222164453111454,
            -0.003171485381619276,
            -0.0031193108072858494,
            0.002741392100852308,
            0.008712867772959768,
            0.00537109375
          ],
          "rotation_delta_before_lock": [
            -0.0031193108072858494,
            0.002741392100852308,
            0.008712867772959768
          ],
          "end_effector_orientation_locked": false,
          "action_was_clipped": false,
          "ik_success": true,
          "current_position_m": [
            0.7188117130850825,
            -0.06596474542683917,
            1.1484056484643281
          ],
          "current_quaternion_wxyz": [
            0.238703789909347,
            0.9601577556390698,
            0.1391777814411586,
            -0.041798685651295596
          ],
          "target_position_m": [
            0.7206387046505968,
            -0.06214252898152802,
            1.1452341630827088
          ],
          "target_quaternion_wxyz": [
            0.24018984245520533,
            0.9591106709648356,
            0.14362100605535671,
            -0.042291453538202024
          ],
          "inference_seconds": null,
          "server_request_index": 49,
          "chunk_index": 4,
          "chunk_size": 5,
          "executed_from_chunk": 5,
          "variant": "oftplus_h5_vision",
          "proprio_state": null,
          "gripper_target_closedness": 0.00537109375,
          "gripper_command_at_policy_step": 0.00445556640625,
          "gripper_measured_at_policy_step": 0.004487012480867358
        },
        {
          "policy_step": 115,
          "raw_action": [
            0.0032102891747502315,
            0.004381690556209409,
            -0.0031915740879651412,
            -0.0036249968443949725,
            0.002528043670508122,
            0.005378450904776103,
            0.0038299560546875
          ],
          "clipped_action": [
            0.0032102891747502315,
            0.004381690556209409,
            -0.0031915740879651412,
            -0.0036249968443949725,
            0.002528043670508122,
            0.005378450904776103,
            0.0038299560546875
          ],
          "rotation_delta_before_lock": [
            -0.0036249968443949725,
            0.002528043670508122,
            0.005378450904776103
          ],
          "end_effector_orientation_locked": false,
          "action_was_clipped": false,
          "ik_success": true,
          "current_position_m": [
            0.7207550022671522,
            -0.06264123722394917,
            1.1444717691943096
          ],
          "current_quaternion_wxyz": [
            0.2401232120586756,
            0.9591900811581179,
            0.14333199478380093,
            -0.04184698925614468
          ],
          "target_position_m": [
            0.7239652914419024,
            -0.05825954666773976,
            1.1412801951063445
          ],
          "target_quaternion_wxyz": [
            0.24179164588802643,
            0.9583107022132701,
            0.1461382726560199,
            -0.042673214870492984
          ],
          "inference_seconds": 0.2088979269610718,
          "server_request_index": 50,
          "chunk_index": 0,
          "chunk_size": 5,
          "executed_from_chunk": 5,
          "variant": "oftplus_h5_vision",
          "proprio_state": null,
          "gripper_target_closedness": 0.0038299560546875,
          "gripper_command_at_policy_step": 0.00537109375,
          "gripper_measured_at_policy_step": 0.005401667592854431
        },
        {
          "policy_step": 116,
          "raw_action": [
            0.002939218734152465,
            0.004516736031253818,
            -0.0034929046831531224,
            -0.0036811841818515413,
            0.002613383042645796,
            0.0070456593388679364,
            0.006683349609375
          ],
          "clipped_action": [
            0.002939218734152465,
            0.004516736031253818,
            -0.0034929046831531224,
            -0.0036811841818515413,
            0.002613383042645796,
            0.0070456593388679364,
            0.006683349609375
          ],
          "rotation_delta_before_lock": [
            -0.0036811841818515413,
            0.002613383042645796,
            0.0070456593388679364
          ],
          "end_effector_orientation_locked": false,
          "action_was_clipped": false,
          "ik_success": true,
          "current_position_m": [
            0.7235939465471822,
            -0.058776104820833446,
            1.140332137619479
          ],
          "current_quaternion_wxyz": [
            0.24364794733284373,
            0.9578570955969825,
            0.14700824211653307,
            -0.03916680896897029
          ],
          "target_position_m": [
            0.7265331652813347,
            -0.054259368789579626,
            1.136839232936326
          ],
          "target_quaternion_wxyz": [
            0.2453547175218448,
            0.9568311942508616,
            0.15062759480831064,
            -0.039830339949705834
          ],
          "inference_seconds": null,
          "server_request_index": 50,
          "chunk_index": 1,
          "chunk_size": 5,
          "executed_from_chunk": 5,
          "variant": "oftplus_h5_vision",
          "proprio_state": null,
          "gripper_target_closedness": 0.006683349609375,
          "gripper_command_at_policy_step": 0.0038299560546875,
          "gripper_measured_at_policy_step": 0.003868036229034977
        },
        {
          "policy_step": 117,
          "raw_action": [
            0.002486503152947947,
            0.004420274977650669,
            -0.003653614333920044,
            -0.0038497461942212513,
            0.0026560527287146337,
            0.007740329519739533,
            0.007354736328125
          ],
          "clipped_action": [
            0.002486503152947947,
            0.004420274977650669,
            -0.003653614333920044,
            -0.0038497461942212513,
            0.0026560527287146337,
            0.007740329519739533,
            0.007354736328125
          ],
          "rotation_delta_before_lock": [
            -0.0038497461942212513,
            0.0026560527287146337,
            0.007740329519739533
          ],
          "end_effector_orientation_locked": false,
          "action_was_clipped": false,
          "ik_success": true,
          "current_position_m": [
            0.7263512714142264,
            -0.05477281449575018,
            1.1359621631288441
          ],
          "current_quaternion_wxyz": [
            0.24689666699914206,
            0.9564352851730835,
            0.15135428060912318,
            -0.036952169650668366
          ],
          "target_position_m": [
            0.7288377745671744,
            -0.05035253951809951,
            1.132308548794924
          ],
          "target_quaternion_wxyz": [
            0.2486771618426948,
            0.9553154266623075,
            0.1553110389361888,
            -0.03755776808381049
          ],
          "inference_seconds": null,
          "server_request_index": 50,
          "chunk_index": 2,
          "chunk_size": 5,
          "executed_from_chunk": 5,
          "variant": "oftplus_h5_vision",
          "proprio_state": null,
          "gripper_target_closedness": 0.007354736328125,
          "gripper_command_at_policy_step": 0.006683349609375,
          "gripper_measured_at_policy_step": 0.006710593299619094
        },
        {
          "policy_step": 118,
          "raw_action": [
            0.0019834858404984834,
            0.004439567188371298,
            -0.003954944929108025,
            -0.0029507487949161394,
            0.0021440164958885857,
            0.0063509891579963396,
            0.0078125
          ],
          "clipped_action": [
            0.0019834858404984834,
            0.004439567188371298,
            -0.003954944929108025,
            -0.0029507487949161394,
            0.0021440164958885857,
            0.0063509891579963396,
            0.0078125
          ],
          "rotation_delta_before_lock": [
            -0.0029507487949161394,
            0.0021440164958885857,
            0.0063509891579963396
          ],
          "end_effector_orientation_locked": false,
          "action_was_clipped": false,
          "ik_success": true,
          "current_position_m": [
            0.7288350632095715,
            -0.05085052219647415,
            1.131514610673025
          ],
          "current_quaternion_wxyz": [
            0.24975007395589371,
            0.9550340294895937,
            0.1557793175933422,
            -0.035604877278937366
          ],
          "target_position_m": [
            0.7308185490500699,
            -0.046410955008102855,
            1.1275596657439169
          ],
          "target_quaternion_wxyz": [
            0.2511034955300415,
            0.9541263081870909,
            0.15902617485711498,
            -0.036065194692132395
          ],
          "inference_seconds": null,
          "server_request_index": 50,
          "chunk_index": 3,
          "chunk_size": 5,
          "executed_from_chunk": 5,
          "variant": "oftplus_h5_vision",
          "proprio_state": null,
          "gripper_target_closedness": 0.0078125,
          "gripper_command_at_policy_step": 0.007354736328125,
          "gripper_measured_at_policy_step": 0.0073846460416400195
        },
        {
          "policy_step": 119,
          "raw_action": [
            0.0024250232592041236,
            0.0035135410737810683,
            -0.003573259508536583,
            -0.003063123469829277,
            0.0025707133565769586,
            0.0073235274112165745,
            0.01544189453125
          ],
          "clipped_action": [
            0.0024250232592041236,
            0.0035135410737810683,
            -0.003573259508536583,
            -0.003063123469829277,
            0.0025707133565769586,
            0.0073235274112165745,
            0.01544189453125
          ],
          "rotation_delta_before_lock": [
            -0.003063123469829277,
            0.0025707133565769586,
            0.0073235274112165745
          ],
          "end_effector_orientation_locked": false,
          "action_was_clipped": false,
          "ik_success": true,
          "current_position_m": [
            0.730914629407541,
            -0.04689330859633854,
            1.1268116392146263
          ],
          "current_quaternion_wxyz": [
            0.2515630828383491,
            0.953997326556572,
            0.15922914790475393,
            -0.035372231104429656
          ],
          "target_position_m": [
            0.7333396526667452,
            -0.043379767522557476,
            1.1232383797060899
          ],
          "target_quaternion_wxyz": [
            0.25294685372889547,
            0.9529752168707128,
            0.1629902375120505,
            -0.03592085320028085
          ],
          "inference_seconds": null,
          "server_request_index": 50,
          "chunk_index": 4,
          "chunk_size": 5,
          "executed_from_chunk": 5,
          "variant": "oftplus_h5_vision",
          "proprio_state": null,
          "gripper_target_closedness": 0.01544189453125,
          "gripper_command_at_policy_step": 0.0078125,
          "gripper_measured_at_policy_step": 0.00784154005091775
        },
        {
          "policy_step": 120,
          "raw_action": [
            0.006029980665091946,
            0.005384885513682158,
            -0.005682573674852441,
            -0.005198242293178917,
            0.003914808467745334,
            0.011352614460271837,
            0.004913330078125
          ],
          "clipped_action": [
            0.006029980665091946,
            0.005384885513682158,
            -0.005682573674852441,
            -0.005198242293178917,
            0.003914808467745334,
            0.011352614460271837,
            0.004913330078125
          ],
          "rotation_delta_before_lock": [
            -0.005198242293178917,
            0.003914808467745334,
            0.011352614460271837
          ],
          "end_effector_orientation_locked": false,
          "action_was_clipped": false,
          "ik_success": false,
          "current_position_m": [
            0.7333089915888722,
            -0.043868792541128986,
            1.1224252827873145
          ],
          "current_quaternion_wxyz": [
            0.25409067681019437,
            0.952656781829464,
            0.1635267446850404,
            -0.03379330947362187
          ],
          "target_position_m": [
            0.7393389722539642,
            -0.03848390702744683,
            1.116742709112462
          ],
          "target_quaternion_wxyz": [
            0.25643302525949274,
            0.9509816157022472,
            0.16934030096373914,
            -0.03464004362177228
          ],
          "inference_seconds": 0.2104712650179863,
          "server_request_index": 51,
          "chunk_index": 0,
          "chunk_size": 5,
          "executed_from_chunk": 5,
          "variant": "oftplus_h5_vision",
          "proprio_state": null
        },
        {
          "policy_step": 121,
          "raw_action": [
            0.005929377202602053,
            0.005269132249358379,
            -0.00556204143677725,
            -0.005198242293178917,
            0.0038934736247109155,
            0.011352614460271837,
            0.00506591796875
          ],
          "clipped_action": [
            0.005929377202602053,
            0.005269132249358379,
            -0.00556204143677725,
            -0.005198242293178917,
            0.0038934736247109155,
            0.011352614460271837,
            0.00506591796875
          ],
          "rotation_delta_before_lock": [
            -0.005198242293178917,
            0.0038934736247109155,
            0.011352614460271837
          ],
          "end_effector_orientation_locked": false,
          "action_was_clipped": false,
          "ik_success": false,
          "current_position_m": [
            0.7333140831545044,
            -0.04385807113408637,
            1.1224195103907624
          ],
          "current_quaternion_wxyz": [
            0.2540979982819526,
            0.9526532369958776,
            0.16353765993572986,
            -0.03378536803302242
          ],
          "target_position_m": [
            0.7392434603571064,
            -0.038588938884727995,
            1.1168574689539852
          ],
          "target_quaternion_wxyz": [
            0.25644202073821953,
            0.9509783857280967,
            0.16934852372563344,
            -0.034621920651958495
          ],
          "inference_seconds": 0.2101611930411309,
          "server_request_index": 52,
          "chunk_index": 0,
          "chunk_size": 5,
          "executed_from_chunk": 5,
          "variant": "oftplus_h5_vision",
          "proprio_state": null
        },
        {
          "policy_step": 122,
          "raw_action": [
            0.0060858714775863295,
            0.00521125561719649,
            -0.0054816866113937875,
            -0.005198242293178917,
            0.003936143310779753,
            0.011352614460271837,
            0.004913330078125
          ],
          "clipped_action": [
            0.0060858714775863295,
            0.00521125561719649,
            -0.0054816866113937875,
            -0.005198242293178917,
            0.003936143310779753,
            0.011352614460271837,
            0.004913330078125
          ],
          "rotation_delta_before_lock": [
            -0.005198242293178917,
            0.003936143310779753,
            0.011352614460271837
          ],
          "end_effector_orientation_locked": false,
          "action_was_clipped": false,
          "ik_success": false,
          "current_position_m": [
            0.7333171556920585,
            -0.04386894536347738,
            1.1224010748349287
          ],
          "current_quaternion_wxyz": [
            0.2540959823972227,
            0.9526537103791914,
            0.16353518730085062,
            -0.03379914710204543
          ],
          "target_position_m": [
            0.7394030271696448,
            -0.03865768974628089,
            1.1169193882235349
          ],
          "target_quaternion_wxyz": [
            0.2564365895376277,
            0.9509780906973638,
            0.16935142824201052,
            -0.03465602851306019
          ],
          "inference_seconds": 0.20994833891745657,
          "server_request_index": 53,
          "chunk_index": 0,
          "chunk_size": 5,
          "executed_from_chunk": 5,
          "variant": "oftplus_h5_vision",
          "proprio_state": null
        },
        {
          "policy_step": 123,
          "raw_action": [
            0.005951733527599807,
            0.005076210142152081,
            -0.005401331786010327,
            -0.0049734929433526386,
            0.0037654645665044038,
            0.01065794427940024,
            0.0047607421875
          ],
          "clipped_action": [
            0.005951733527599807,
            0.005076210142152081,
            -0.005401331786010327,
            -0.0049734929433526386,
            0.0037654645665044038,
            0.01065794427940024,
            0.0047607421875
          ],
          "rotation_delta_before_lock": [
            -0.0049734929433526386,
            0.0037654645665044038,
            0.01065794427940024
          ],
          "end_effector_orientation_locked": false,
          "action_was_clipped": false,
          "ik_success": false,
          "current_position_m": [
            0.7333172837992785,
            -0.04386822570689778,
            1.1224007881203175
          ],
          "current_quaternion_wxyz": [
            0.2540959262145048,
            0.9526536771387716,
            0.16353549439663398,
            -0.03379902051271039
          ],
          "target_position_m": [
            0.7392690173268783,
            -0.0387920155647457,
            1.116999456334307
          ],
          "target_quaternion_wxyz": [
            0.25633229674411745,
            0.9510685437142918,
            0.16900335203336866,
            -0.03464456385275008
          ],
          "inference_seconds": 0.21324316004756838,
          "server_request_index": 54,
          "chunk_index": 0,
          "chunk_size": 5,
          "executed_from_chunk": 5,
          "variant": "oftplus_h5_vision",
          "proprio_state": null
        },
        {
          "policy_step": 124,
          "raw_action": [
            0.005996446177595314,
            0.005056917931431452,
            -0.005401331786010327,
            -0.005029680280809207,
            0.003850803938642079,
            0.010796878315574557,
            0.00445556640625
          ],
          "clipped_action": [
            0.005996446177595314,
            0.005056917931431452,
            -0.005401331786010327,
            -0.005029680280809207,
            0.003850803938642079,
            0.010796878315574557,
            0.00445556640625
          ],
          "rotation_delta_before_lock": [
            -0.005029680280809207,
            0.003850803938642079,
            0.010796878315574557
          ],
          "end_effector_orientation_locked": false,
          "action_was_clipped": false,
          "ik_success": false,
          "current_position_m": [
            0.7333172964544625,
            -0.04386805447321099,
            1.1224004795212
          ],
          "current_quaternion_wxyz": [
            0.2540958888616306,
            0.952653659763518,
            0.16353557575006628,
            -0.03379939743379206
          ],
          "target_position_m": [
            0.7393137426320578,
            -0.038811136541779534,
            1.1169991477351895
          ],
          "target_quaternion_wxyz": [
            0.25635426096454966,
            0.9510480853833729,
            0.16907941577537872,
            -0.03467251555622892
          ],
          "inference_seconds": 0.21013871196191758,
          "server_request_index": 55,
          "chunk_index": 0,
          "chunk_size": 5,
          "executed_from_chunk": 5,
          "variant": "oftplus_h5_vision",
          "proprio_state": null
        }
      ],
      "video_capture": {
        "frames_dir": "/home/ubuntu/a0509_vla_linux_field_bundle_20260903/lhj/phase9_sim_policy_shadow_replay/01_sim_policy_rollout_episode4_sim_baseline/episode4_sim_baseline_redprompt_k5_seed9406_1ep_20260923_112314_video_frames/episode_001_red",
        "manifest": "/home/ubuntu/a0509_vla_linux_field_bundle_20260903/lhj/phase9_sim_policy_shadow_replay/01_sim_policy_rollout_episode4_sim_baseline/episode4_sim_baseline_redprompt_k5_seed9406_1ep_20260923_112314_video_frames/episode_001_red/manifest.json",
        "frame_count": 126,
        "fps": 5.0
      },
      "video_capture_error": null
    }
  ]
}
A0509_CONTROL_ROOT_LAYER_CHECK content_unchanged=True runtime_changes_reverted=True dirty_on_open=True dirty_on_close=True root_layer=/home/ubuntu/a0509_vla_linux_field_bundle_20260903/validation/a0509_project/USD/version_1/a0509_version_1_scaled_85x60.usda
A0509_CONTROL_SOURCE_FILE_CHECK unchanged=True sha256=7a63e0428be4a3d9124710bdaa8ef775e279292235266102d4d3b3f0122becc1 path=/home/ubuntu/a0509_vla_linux_field_bundle_20260903/validation/a0509_project/USD/version_1/a0509_version_1_scaled_85x60.usda
2026-09-23T02:24:45Z [90,930ms] [Warning] [isaacsim.core.simulation_manager.plugin] No adjacent samples found for interpolation at time 2993/30
2026-09-23T02:24:45Z [90,931ms] [Warning] [isaacsim.core.simulation_manager.plugin] No adjacent samples found for interpolation at time 2994/30
2026-09-23T02:24:45Z [90,931ms] [Warning] [isaacsim.core.simulation_manager.plugin] No adjacent samples found for interpolation at time 2995/30
2026-09-23T02:24:47Z [92,474ms] [Warning] [isaacsim.core.simulation_manager.plugin] No adjacent samples found for interpolation at time 3056/30
2026-09-23T02:24:47Z [92,743ms] [Warning] [isaacsim.core.simulation_manager.plugin] No adjacent samples found for interpolation at time 3057/30
2026-09-23T02:24:47Z [92,743ms] [Warning] [isaacsim.core.simulation_manager.plugin] No adjacent samples found for interpolation at time 3058/30
2026-09-23T02:24:47Z [92,744ms] [Warning] [isaacsim.core.simulation_manager.plugin] No adjacent samples found for interpolation at time 3059/30
2026-09-23T02:24:47Z [92,744ms] [Warning] [isaacsim.core.simulation_manager.plugin] No adjacent samples found for interpolation at time 3060/30
2026-09-23T02:24:48Z [93,077ms] [Warning] [isaacsim.core.simulation_manager.plugin] No adjacent samples found for interpolation at time 3073/30
2026-09-23T02:24:48Z [93,328ms] [Warning] [isaacsim.core.simulation_manager.plugin] No adjacent samples found for interpolation at time 3074/30
2026-09-23T02:24:48Z [93,329ms] [Warning] [isaacsim.core.simulation_manager.plugin] No adjacent samples found for interpolation at time 3075/30
2026-09-23T02:24:48Z [93,329ms] [Warning] [isaacsim.core.simulation_manager.plugin] No adjacent samples found for interpolation at time 3076/30
2026-09-23T02:24:48Z [93,663ms] [Warning] [isaacsim.core.simulation_manager.plugin] No adjacent samples found for interpolation at time 3089/30
2026-09-23T02:24:48Z [93,911ms] [Warning] [isaacsim.core.simulation_manager.plugin] No adjacent samples found for interpolation at time 3090/30
2026-09-23T02:24:48Z [93,911ms] [Warning] [isaacsim.core.simulation_manager.plugin] No adjacent samples found for interpolation at time 3091/30
2026-09-23T02:24:48Z [93,912ms] [Warning] [isaacsim.core.simulation_manager.plugin] No adjacent samples found for interpolation at time 3092/30
2026-09-23T02:24:49Z [94,245ms] [Warning] [isaacsim.core.simulation_manager.plugin] No adjacent samples found for interpolation at time 3105/30
2026-09-23T02:24:49Z [94,503ms] [Warning] [isaacsim.core.simulation_manager.plugin] No adjacent samples found for interpolation at time 3106/30
2026-09-23T02:24:49Z [94,504ms] [Warning] [isaacsim.core.simulation_manager.plugin] No adjacent samples found for interpolation at time 3107/30
2026-09-23T02:24:49Z [94,504ms] [Warning] [isaacsim.core.simulation_manager.plugin] No adjacent samples found for interpolation at time 3108/30
2026-09-23T02:24:49Z [94,504ms] [Warning] [isaacsim.core.simulation_manager.plugin] No adjacent samples found for interpolation at time 3109/30
2026-09-23T02:24:49Z [94,827ms] [Warning] [isaacsim.core.simulation_manager.plugin] No adjacent samples found for interpolation at time 3122/30
2026-09-23T02:24:50Z [95,136ms] [Warning] [isaacsim.core.simulation_manager.plugin] No adjacent samples found for interpolation at time 3123/30
2026-09-23T02:24:50Z [95,137ms] [Warning] [isaacsim.core.simulation_manager.plugin] No adjacent samples found for interpolation at time 3124/30
2026-09-23T02:24:50Z [95,137ms] [Warning] [isaacsim.core.simulation_manager.plugin] No adjacent samples found for interpolation at time 3125/30
[96.498s] Simulation App Shutting Down
