pair_id,episode_id,step_index,planner_phase,condition,factor,description,rgb_l2_mean,mse,psnr,ssim_global,real_brightness,sim_brightness,brightness_abs_diff,real_luma_std,sim_luma_std,luma_std_abs_diff,vision_gap,projector_gap,hidden_gap,sensitive_energy,null_energy,sensitive_ratio,action_gap,translation_gap,rotation_gap,gripper_gap,status
episode_000001_000000,episode_000001,0,hold,P0_current_paired_image,preprocessing,Existing paired 1280x720 image.,0.41765815887427693,0.07833352606213596,11.060523239251282,0.6525442235799269,0.40733958476902904,0.6069602884752857,0.19962070370625667,0.2410775131064801,0.24426182104506822,0.0031843079385881212,,,,,,,,,,,OBSERVATION_ONLY_FULL_FORWARD_REQUIRED
episode_000001_000000,episode_000001,0,hold,P1_resize_224_direct,preprocessing,Direct resize to 224x224.,0.4155003253187627,0.07675313119528858,11.149038981557009,0.6610119036383448,0.4073064269457783,0.6069694198929572,0.19966299294717887,0.23985537730436743,0.24237079396517203,0.002515416660804598,,,,,,,,,,,OBSERVATION_ONLY_FULL_FORWARD_REQUIRED
episode_000001_000000,episode_000001,0,hold,P2_center_crop_square_resize_224,preprocessing,Center square crop then resize to 224x224.,0.44831415204806296,0.09147896239786762,10.386787700320152,0.4679939688720657,0.5341732831257503,0.73060910992522,0.1964358267994697,0.21097927855613463,0.21123380012287613,0.0002545215667414946,,,,,,,,,,,OBSERVATION_ONLY_FULL_FORWARD_REQUIRED
episode_000001_000000,episode_000001,0,hold,P3_center_crop_0p875_resize_224,preprocessing,Center crop 87.5% of min side then resize to 224x224.,0.45646226935473755,0.09462529466443441,10.239927550909343,0.314973714675375,0.5619601168123498,0.758585030340261,0.19662491352791123,0.1926845543444275,0.18448789138209526,0.008196662962332235,,,,,,,,,,,OBSERVATION_ONLY_FULL_FORWARD_REQUIRED
episode_000001_000000,episode_000001,0,hold,P4_letterbox_224,preprocessing,Aspect-preserving resize with black letterbox to 224x224.,0.2331015111965074,0.042791551874017585,13.686419631514672,0.793132289943617,0.22938206999987493,0.34173373777636046,0.11235166777648553,0.27046250621873075,0.35164613514541143,0.08118362892668068,,,,,,,,,,,OBSERVATION_ONLY_FULL_FORWARD_REQUIRED
episode_000001_000000,episode_000001,0,hold,P5_brightness_match_sim_to_real,photometric,Shift Sim brightness mean toward Real mean.,0.25727762669461074,0.0369373215329841,14.325346001144988,0.657324295896274,0.40733958476902904,0.40541965431219357,0.0019199304568354725,0.2410775131064801,0.16397207133494843,0.07710544177153167,,,,,,,,,,,OBSERVATION_ONLY_FULL_FORWARD_REQUIRED
episode_000001_000000,episode_000001,0,hold,P6_contrast_match_sim_to_real,photometric,Scale Sim contrast toward Real luminance std.,0.4136849135797682,0.07676763929938803,11.148218142845517,0.6532766559533171,0.40733958476902904,0.6047083848456224,0.19736880007659335,0.2410775131064801,0.2409218827762067,0.00015563033027340967,,,,,,,,,,,OBSERVATION_ONLY_FULL_FORWARD_REQUIRED
episode_000001_000001,episode_000001,1,hold,P0_current_paired_image,preprocessing,Existing paired 1280x720 image.,0.4185243193875,0.07869005687026537,11.040801408199432,0.6515707646568303,0.4072386505923201,0.6076264675713166,0.20038781697899644,0.24118615232691418,0.2442649456626365,0.003078793335722335,,,,,,,,,,,OBSERVATION_ONLY_FULL_FORWARD_REQUIRED
episode_000001_000001,episode_000001,1,hold,P1_resize_224_direct,preprocessing,Direct resize to 224x224.,0.4163733234947306,0.07708751944405212,11.13015929022023,0.6601339804780311,0.40721061010341636,0.6076397615608743,0.20042915145745793,0.23997061499888928,0.24234013329558038,0.0023695182966911033,,,,,,,,,,,OBSERVATION_ONLY_FULL_FORWARD_REQUIRED
episode_000001_000001,episode_000001,1,hold,P2_center_crop_square_resize_224,preprocessing,Center square crop then resize to 224x224.,0.44946250263991505,0.09193337639385821,10.365267894612968,0.46568215553237585,0.5341340398034214,0.7313504498830781,0.19721641007965662,0.21099286676306597,0.2109399732712891,5.289349177686753e-05,,,,,,,,,,,OBSERVATION_ONLY_FULL_FORWARD_REQUIRED
episode_000001_000001,episode_000001,1,hold,P3_center_crop_0p875_resize_224,preprocessing,Center crop 87.5% of min side then resize to 224x224.,0.45734003870759327,0.09501513115458601,10.22207227830436,0.312561165391886,0.5619176256440076,0.7591233898715735,0.19720576422756586,0.19270852331221788,0.18445068743511392,0.008257835877103964,,,,,,,,,,,OBSERVATION_ONLY_FULL_FORWARD_REQUIRED
episode_000001_000001,episode_000001,1,hold,P4_letterbox_224,preprocessing,Aspect-preserving resize with black letterbox to 224x224.,0.23357581606030578,0.04297673276827071,13.667666040759858,0.7923274144771821,0.22932249598276813,0.3421115570134304,0.11278906103066225,0.2704849534057138,0.3519233020809086,0.08143834867519478,,,,,,,,,,,OBSERVATION_ONLY_FULL_FORWARD_REQUIRED
episode_000001_000001,episode_000001,1,hold,P5_brightness_match_sim_to_real,photometric,Shift Sim brightness mean toward Real mean.,0.25759579202172206,0.03699067748048294,14.319077145526524,0.6564733912149376,0.4072386505923201,0.4056206634744351,0.0016179871178850225,0.24118615232691418,0.16376724569293266,0.07741890663398152,,,,,,,,,,,OBSERVATION_ONLY_FULL_FORWARD_REQUIRED
episode_000001_000001,episode_000001,1,hold,P6_contrast_match_sim_to_real,photometric,Scale Sim contrast toward Real luminance std.,0.41458079657878066,0.07713516442660946,11.127475903684088,0.6522511089909021,0.4072386505923201,0.6053827890352671,0.19814413844294698,0.24118615232691418,0.24094137844896168,0.00024477387795249217,,,,,,,,,,,OBSERVATION_ONLY_FULL_FORWARD_REQUIRED
episode_000001_000002,episode_000001,2,alignment,P0_current_paired_image,preprocessing,Existing paired 1280x720 image.,0.4195829770032418,0.07912467407033622,11.016880659129267,0.6495339901923686,0.40702203354779415,0.607913907134225,0.20089187358643085,0.2411286502245254,0.2443433537085787,0.0032147034840533106,,,,,,,,,,,OBSERVATION_ONLY_FULL_FORWARD_REQUIRED
episode_000001_000002,episode_000001,2,alignment,P1_resize_224_direct,preprocessing,Direct resize to 224x224.,0.41741104917725147,0.07752569450983007,11.105543344690844,0.6580598851538666,0.4069884903336333,0.607925723429997,0.20093723309636363,0.2399055720131898,0.24244120208909548,0.0025356300759056816,,,,,,,,,,,OBSERVATION_ONLY_FULL_FORWARD_REQUIRED
episode_000001_000002,episode_000001,2,alignment,P2_center_crop_square_resize_224,preprocessing,Center square crop then resize to 224x224.,0.4507335619639439,0.09246421321796693,10.340263214146395,0.46313924782386207,0.5338342750381402,0.7317958096050919,0.19796153456695176,0.21105199855538828,0.21091257528899005,0.00013942326639823643,,,,,,,,,,,OBSERVATION_ONLY_FULL_FORWARD_REQUIRED
episode_000001_000002,episode_000001,2,alignment,P3_center_crop_0p875_resize_224,preprocessing,Center crop 87.5% of min side then resize to 224x224.,0.4583606462763295,0.0954222390549357,10.203503970645114,0.31061182423258576,0.5615968539290717,0.759514801905137,0.19791794797606532,0.1927649585260981,0.18441669073911188,0.008348267786986219,,,,,,,,,,,OBSERVATION_ONLY_FULL_FORWARD_REQUIRED
episode_000001_000002,episode_000001,2,alignment,P4_letterbox_224,preprocessing,Aspect-preserving resize with black letterbox to 224x224.,0.2341472226039283,0.04322277685584037,13.642873352216647,0.7912294999824436,0.2292146898915816,0.3422674894020108,0.11305279951042918,0.27037800381773214,0.3520804417557322,0.08170243793800008,,,,,,,,,,,OBSERVATION_ONLY_FULL_FORWARD_REQUIRED
episode_000001_000002,episode_000001,2,alignment,P5_brightness_match_sim_to_real,photometric,Shift Sim brightness mean toward Real mean.,0.258012591059832,0.037138258900600914,14.301784605204693,0.6550331783297246,0.40702203354779415,0.4049973845800993,0.002024648967694831,0.2411286502245254,0.16384512185132707,0.07728352837319832,,,,,,,,,,,OBSERVATION_ONLY_FULL_FORWARD_REQUIRED
episode_000001_000002,episode_000001,2,alignment,P6_contrast_match_sim_to_real,photometric,Scale Sim contrast toward Real luminance std.,0.4156014679383126,0.0775446805760249,11.104479886397396,0.6502888088550237,0.40702203354779415,0.6056566178351376,0.19863458428734343,0.2411286502245254,0.2409980234008151,0.00013062682371028922,,,,,,,,,,,OBSERVATION_ONLY_FULL_FORWARD_REQUIRED
episode_000001_000003,episode_000001,3,alignment,P0_current_paired_image,preprocessing,Existing paired 1280x720 image.,0.4201314340948228,0.0793650217887173,11.003708601818909,0.648844843303046,0.40730002244008706,0.6086734631561478,0.20137344071606073,0.24118065635203723,0.2443910518684177,0.003210395516380471,,,,,,,,,,,OBSERVATION_ONLY_FULL_FORWARD_REQUIRED
episode_000001_000003,episode_000001,3,alignment,P1_resize_224_direct,preprocessing,Direct resize to 224x224.,0.41790205982638284,0.07775590015417934,11.092666465817452,0.6574186591272779,0.40727524537940185,0.6086805496886255,0.20140530430922365,0.23996651574384756,0.2424883417143645,0.00252182597051695,,,,,,,,,,,OBSERVATION_ONLY_FULL_FORWARD_REQUIRED
episode_000001_000003,episode_000001,3,alignment,P2_center_crop_square_resize_224,preprocessing,Center square crop then resize to 224x224.,0.4516126273261066,0.09288923524883809,10.320346126254183,0.45979602536913344,0.534091399934974,0.7325248018738746,0.19843340193890058,0.2110089491488472,0.21070946856246475,0.0002994805863824612,,,,,,,,,,,OBSERVATION_ONLY_FULL_FORWARD_REQUIRED
episode_000001_000003,episode_000001,3,alignment,P3_center_crop_0p875_resize_224,preprocessing,Center crop 87.5% of min side then resize to 224x224.,0.45887241023110126,0.09569269926107697,10.191211948415047,0.3083217704205684,0.5617133747248899,0.7599234855348389,0.198210110809949,0.19285443638034822,0.18447178400597267,0.008382652374375549,,,,,,,,,,,OBSERVATION_ONLY_FULL_FORWARD_REQUIRED
episode_000001_000003,episode_000001,3,alignment,P4_letterbox_224,preprocessing,Aspect-preserving resize with black letterbox to 224x224.,0.2344549448844441,0.043361230521620414,13.628984017195148,0.7907905757111571,0.22936579810049018,0.3427030424357242,0.11333724433523401,0.2705043949685886,0.3524388967260803,0.08193450175749173,,,,,,,,,,,OBSERVATION_ONLY_FULL_FORWARD_REQUIRED
episode_000001_000003,episode_000001,3,alignment,P5_brightness_match_sim_to_real,photometric,Shift Sim brightness mean toward Real mean.,0.2579976562316875,0.03715356847259602,14.299994674073105,0.6535373194125274,0.40730002244008706,0.405122707929092,0.0021773145109950653,0.24118065635203723,0.1634398698205674,0.07774078653146982,,,,,,,,,,,OBSERVATION_ONLY_FULL_FORWARD_REQUIRED
episode_000001_000003,episode_000001,3,alignment,P6_contrast_match_sim_to_real,photometric,Scale Sim contrast toward Real luminance std.,0.41614045554703805,0.07777875038824993,11.091390386100958,0.6496017052556544,0.40730002244008706,0.6064084009761367,0.19910837853604962,0.24118065635203723,0.24104454405628514,0.00013611229575208328,,,,,,,,,,,OBSERVATION_ONLY_FULL_FORWARD_REQUIRED
episode_000001_000004,episode_000001,4,alignment,P0_current_paired_image,preprocessing,Existing paired 1280x720 image.,0.41952867463594407,0.07923447764704103,11.010858008138612,0.6501488880816142,0.41151858313844636,0.6121085931908699,0.2005900100524235,0.2416582880629842,0.24458487232549814,0.002926584262513937,,,,,,,,,,,OBSERVATION_ONLY_FULL_FORWARD_REQUIRED
episode_000001_000004,episode_000001,4,alignment,P1_resize_224_direct,preprocessing,Direct resize to 224x224.,0.4173520905417419,0.07767263686520359,11.097319509730728,0.6584956543373744,0.4114947791147709,0.612126683470263,0.2006319043554921,0.24044580115127467,0.24277311507177232,0.002327313920497648,,,,,,,,,,,OBSERVATION_ONLY_FULL_FORWARD_REQUIRED
episode_000001_000004,episode_000001,4,alignment,P2_center_crop_square_resize_224,preprocessing,Center square crop then resize to 224x224.,0.45003367638514175,0.09249320786321065,10.33890158026724,0.4557840930984737,0.5380830782312925,0.7349186161495848,0.19683553791829222,0.21029068504820328,0.21051613693906315,0.0002254518908598735,,,,,,,,,,,OBSERVATION_ONLY_FULL_FORWARD_REQUIRED
episode_000001_000004,episode_000001,4,alignment,P3_center_crop_0p875_resize_224,preprocessing,Center crop 87.5% of min side then resize to 224x224.,0.4596392494928417,0.09634863780070851,10.161544211208021,0.30190025175543733,0.5634964154255453,0.7615645442083083,0.19806812878276303,0.1940797950358703,0.1839843829373221,0.010095412098548195,,,,,,,,,,,OBSERVATION_ONLY_FULL_FORWARD_REQUIRED
episode_000001_000004,episode_000001,4,alignment,P4_letterbox_224,preprocessing,Aspect-preserving resize with black letterbox to 224x224.,0.23408732012027886,0.04331780118092989,13.633335963501516,0.7936416857683329,0.23174663420055522,0.3446344579081632,0.112887823707608,0.27231597240850025,0.3540168628549608,0.08170089044646056,,,,,,,,,,,OBSERVATION_ONLY_FULL_FORWARD_REQUIRED
episode_000001_000004,episode_000001,4,alignment,P5_brightness_match_sim_to_real,photometric,Shift Sim brightness mean toward Real mean.,0.25826086338346693,0.03724863037898531,14.288896915005072,0.6549344269916572,0.41151858313844636,0.40942974952852673,0.002088833609919627,0.2416582880629842,0.16460108764507503,0.07705720041790917,,,,,,,,,,,OBSERVATION_ONLY_FULL_FORWARD_REQUIRED
episode_000001_000004,episode_000001,4,alignment,P6_contrast_match_sim_to_real,photometric,Scale Sim contrast toward Real luminance std.,0.41683986321909966,0.07800349947758697,11.078859130824233,0.650875987581496,0.41151858313844636,0.610148525147229,0.1986299420087826,0.2416582880629842,0.24150795046160167,0.0001503376013825275,,,,,,,,,,,OBSERVATION_ONLY_FULL_FORWARD_REQUIRED
episode_000001_000005,episode_000001,5,alignment,P0_current_paired_image,preprocessing,Existing paired 1280x720 image.,0.41723688657520286,0.07843850806469553,11.054706753998694,0.6550957227693962,0.41915001617561976,0.618624183163977,0.1994741669883573,0.24221759144254298,0.2448749906432209,0.0026573992006779235,,,,,,,,,,,OBSERVATION_ONLY_FULL_FORWARD_REQUIRED
episode_000001_000005,episode_000001,5,alignment,P1_resize_224_direct,preprocessing,Direct resize to 224x224.,0.41500977790593296,0.07687496127944643,11.142150899628941,0.6635078175482074,0.4191326019470288,0.6186386744854191,0.1995060725383903,0.2409825976411703,0.2431065899685565,0.0021239923273861927,,,,,,,,,,,OBSERVATION_ONLY_FULL_FORWARD_REQUIRED
episode_000001_000005,episode_000001,5,alignment,P2_center_crop_square_resize_224,preprocessing,Center square crop then resize to 224x224.,0.44579468909473147,0.09119155862917062,10.400453613475015,0.4558319182740566,0.5440989683060725,0.738055216867997,0.1939562485619245,0.20969699861854443,0.2112176148339712,0.0015206162154267622,,,,,,,,,,,OBSERVATION_ONLY_FULL_FORWARD_REQUIRED
episode_000001_000005,episode_000001,5,alignment,P3_center_crop_0p875_resize_224,preprocessing,Center crop 87.5% of min side then resize to 224x224.,0.46151001064362385,0.09775096926025313,10.098789276170827,0.28607646399198505,0.5665705398409363,0.765417253870298,0.19884671402936172,0.19623736370666534,0.18208305200276664,0.014154311703898692,,,,,,,,,,,OBSERVATION_ONLY_FULL_FORWARD_REQUIRED
episode_000001_000005,episode_000001,5,alignment,P4_letterbox_224,preprocessing,Aspect-preserving resize with black letterbox to 224x224.,0.23273370276204278,0.042863094584238925,13.679164774299192,0.7996515006103647,0.23603723465948875,0.3482821559717637,0.11224492131227495,0.275440963944862,0.3569128455552185,0.08147188161035651,,,,,,,,,,,OBSERVATION_ONLY_FULL_FORWARD_REQUIRED
episode_000001_000005,episode_000001,5,alignment,P5_brightness_match_sim_to_real,photometric,Shift Sim brightness mean toward Real mean.,0.25774986121417315,0.03692188499548786,14.32716134779357,0.6590461531594394,0.41915001617561976,0.4170857382412514,0.0020642779343683637,0.24221759144254298,0.1657866193753578,0.07643097206718519,,,,,,,,,,,OBSERVATION_ONLY_FULL_FORWARD_REQUIRED
episode_000001_000005,episode_000001,5,alignment,P6_contrast_match_sim_to_real,photometric,Scale Sim contrast toward Real luminance std.,0.4148511858264526,0.07744334992461942,11.110158692545355,0.65560264344559,0.41915001617561976,0.6169828290585854,0.19783281288296561,0.24221759144254298,0.24234803284565037,0.00013044140310738972,,,,,,,,,,,OBSERVATION_ONLY_FULL_FORWARD_REQUIRED
episode_000001_000006,episode_000001,6,alignment,P0_current_paired_image,preprocessing,Existing paired 1280x720 image.,0.4180280485998264,0.0790601360532185,11.020424426225548,0.6501187796459795,0.42996231958231196,0.6272905658292484,0.1973282462469364,0.24273551112960398,0.245113007241678,0.0023774961120740234,,,,,,,,,,,OBSERVATION_ONLY_FULL_FORWARD_REQUIRED
episode_000001_000006,episode_000001,6,alignment,P1_resize_224_direct,preprocessing,Direct resize to 224x224.,0.41573066628093147,0.07751651375419448,11.106057675796102,0.6582811083399686,0.42993719848877043,0.6272970750956632,0.1973598766068928,0.2414530120053899,0.24338319861016552,0.0019301866047756189,,,,,,,,,,,OBSERVATION_ONLY_FULL_FORWARD_REQUIRED
episode_000001_000006,episode_000001,6,alignment,P2_center_crop_square_resize_224,preprocessing,Center square crop then resize to 224x224.,0.4474865075944319,0.09306603298999337,10.31208797823189,0.43951653672628366,0.5492679368778761,0.7411533804615597,0.19188544358368353,0.21201033503589858,0.2132183555215682,0.0012080204856696197,,,,,,,,,,,OBSERVATION_ONLY_FULL_FORWARD_REQUIRED
episode_000001_000006,episode_000001,6,alignment,P3_center_crop_0p875_resize_224,preprocessing,Center crop 87.5% of min side then resize to 224x224.,0.46669764791878615,0.10099930954816567,9.956815951326703,0.24737528391724933,0.5721218528036214,0.7705496686487093,0.19842781584508795,0.19898337601460359,0.1805046193372204,0.01847875667738319,,,,,,,,,,,OBSERVATION_ONLY_FULL_FORWARD_REQUIRED
episode_000001_000006,episode_000001,6,alignment,P4_letterbox_224,preprocessing,Aspect-preserving resize with black letterbox to 224x224.,0.2331208879490913,0.04325217719849378,13.639920264305346,0.8041981062703778,0.2421076892944678,0.3531498205063275,0.11104213121185968,0.2797374730429421,0.36073517412922684,0.08099770108628473,,,,,,,,,,,OBSERVATION_ONLY_FULL_FORWARD_REQUIRED
episode_000001_000006,episode_000001,6,alignment,P5_brightness_match_sim_to_real,photometric,Shift Sim brightness mean toward Real mean.,0.25938014227502765,0.03762578467638871,14.245144342001675,0.6532788422910425,0.42996231958231196,0.42789132825605936,0.0020709913262526025,0.24273551112960398,0.1678116133974915,0.07492389773211247,,,,,,,,,,,OBSERVATION_ONLY_FULL_FORWARD_REQUIRED
episode_000001_000006,episode_000001,6,alignment,P6_contrast_match_sim_to_real,photometric,Scale Sim contrast toward Real luminance std.,0.4150169524596536,0.07794070095347051,11.082356927330203,0.6507879448355853,0.42996231958231196,0.6253702298500472,0.19540791026773524,0.24273551112960398,0.24282390572127577,8.839459167178654e-05,,,,,,,,,,,OBSERVATION_ONLY_FULL_FORWARD_REQUIRED
episode_000001_000007,episode_000001,7,alignment,P0_current_paired_image,preprocessing,Existing paired 1280x720 image.,0.416886941600849,0.07910002752791834,11.018233653617298,0.6469284716609759,0.44239969188538275,0.6393275021616281,0.1969278102762454,0.24166118393591848,0.24409181155408108,0.002430627618162595,,,,,,,,,,,OBSERVATION_ONLY_FULL_FORWARD_REQUIRED
episode_000001_000007,episode_000001,7,alignment,P1_resize_224_direct,preprocessing,Direct resize to 224x224.,0.4145285865091112,0.07755054339954935,11.104151547220855,0.6550946885296328,0.4423644144220188,0.6393404249199679,0.1969760104979491,0.24026202465078297,0.2423623290996304,0.0021003044488474287,,,,,,,,,,,OBSERVATION_ONLY_FULL_FORWARD_REQUIRED
episode_000001_000007,episode_000001,7,alignment,P2_center_crop_square_resize_224,preprocessing,Center square crop then resize to 224x224.,0.4474009707253824,0.0943925597199664,10.250622366331593,0.42675036066203526,0.55385251585009,0.7458764495798319,0.1920239337297419,0.21372417004686972,0.2136835572259306,4.0612820939117666e-05,,,,,,,,,,,OBSERVATION_ONLY_FULL_FORWARD_REQUIRED
episode_000001_000007,episode_000001,7,alignment,P3_center_crop_0p875_resize_224,preprocessing,Center crop 87.5% of min side then resize to 224x224.,0.45966222694071734,0.09880384915404071,10.052261360419523,0.28785237534285296,0.5720939163008953,0.775450145730167,0.20335622942927167,0.20077476688713064,0.180229562537747,0.020545204349383644,,,,,,,,,,,OBSERVATION_ONLY_FULL_FORWARD_REQUIRED
episode_000001_000007,episode_000001,7,alignment,P4_letterbox_224,preprocessing,Aspect-preserving resize with black letterbox to 224x224.,0.23246108808946858,0.04327336326687538,13.63779349509345,0.8096676216940182,0.24910675728103737,0.35991953523596937,0.110812777954932,0.2838931584108241,0.3655118813627769,0.08161872295195283,,,,,,,,,,,OBSERVATION_ONLY_FULL_FORWARD_REQUIRED
episode_000001_000007,episode_000001,7,alignment,P5_brightness_match_sim_to_real,photometric,Shift Sim brightness mean toward Real mean.,0.2557285462975062,0.03722438835067883,14.291724295894173,0.6504200652417919,0.44239969188538275,0.44044876121153304,0.0019509306738497156,0.24166118393591848,0.16889477737294525,0.07276640656297323,,,,,,,,,,,OBSERVATION_ONLY_FULL_FORWARD_REQUIRED
episode_000001_000007,episode_000001,7,alignment,P6_contrast_match_sim_to_real,photometric,Scale Sim contrast toward Real luminance std.,0.4141365677731168,0.07802750908994224,11.07752257056784,0.6474701369498124,0.44239969188538275,0.6374636957524851,0.19506400386710232,0.24166118393591848,0.2416408470126535,2.033692326497416e-05,,,,,,,,,,,OBSERVATION_ONLY_FULL_FORWARD_REQUIRED
episode_000001_000008,episode_000001,8,alignment,P0_current_paired_image,preprocessing,Existing paired 1280x720 image.,0.41938245193085155,0.08006118108508839,10.965780073491622,0.6398584477855584,0.4558785506646581,0.653427270075061,0.19754871941040286,0.2377378070199863,0.24193140395722135,0.0041935969372350335,,,,,,,,,,,OBSERVATION_ONLY_FULL_FORWARD_REQUIRED
episode_000001_000008,episode_000001,8,alignment,P1_resize_224_direct,preprocessing,Direct resize to 224x224.,0.41675860642041235,0.07846963519885077,11.052983663979623,0.6484088888508653,0.4558439342612045,0.6534362468737495,0.19759231261254495,0.23624016871828563,0.24015941541890348,0.003919246700617857,,,,,,,,,,,OBSERVATION_ONLY_FULL_FORWARD_REQUIRED
episode_000001_000008,episode_000001,8,alignment,P2_center_crop_square_resize_224,preprocessing,Center square crop then resize to 224x224.,0.44817452228066096,0.09534438458798553,10.207048801142136,0.42474034767642044,0.5570157102215887,0.7516812800120048,0.19466556979041616,0.21248306773505937,0.21398817841285359,0.0015051106777942136,,,,,,,,,,,OBSERVATION_ONLY_FULL_FORWARD_REQUIRED
episode_000001_000008,episode_000001,8,alignment,P3_center_crop_0p875_resize_224,preprocessing,Center crop 87.5% of min side then resize to 224x224.,0.45256114447865087,0.09577426885786995,10.187511547424787,0.35250821880171346,0.5671642381327531,0.7769077096307272,0.20974347149797412,0.19850255743240788,0.18370818014500104,0.014794377287406846,,,,,,,,,,,OBSERVATION_ONLY_FULL_FORWARD_REQUIRED
episode_000001_000008,episode_000001,8,alignment,P4_letterbox_224,preprocessing,Aspect-preserving resize with black letterbox to 224x224.,0.2336504737709761,0.04376781257846275,13.588451579526147,0.8147593537385471,0.2566828599721138,0.36785342108718483,0.11117056111507101,0.2872036640607334,0.3707909975355224,0.08358733347478903,,,,,,,,,,,OBSERVATION_ONLY_FULL_FORWARD_REQUIRED
episode_000001_000008,episode_000001,8,alignment,P5_brightness_match_sim_to_real,photometric,Shift Sim brightness mean toward Real mean.,0.25498239905640696,0.03701616657522212,14.316085591495842,0.644866172995036,0.4558785506646581,0.4537812146250339,0.002097336039624198,0.2377378070199863,0.168703868489469,0.06903393853051731,,,,,,,,,,,OBSERVATION_ONLY_FULL_FORWARD_REQUIRED
episode_000001_000008,episode_000001,8,alignment,P6_contrast_match_sim_to_real,photometric,Scale Sim contrast toward Real luminance std.,0.41442581670627643,0.07813486732088448,11.071551209769911,0.6407657174157712,0.4558785506646581,0.6512578766161151,0.19537932595145702,0.2377378070199863,0.23743252418816566,0.00030528283182065796,,,,,,,,,,,OBSERVATION_ONLY_FULL_FORWARD_REQUIRED
episode_000001_000009,episode_000001,9,alignment,P0_current_paired_image,preprocessing,Existing paired 1280x720 image.,0.4214400898464613,0.08081631180738003,10.92500973223389,0.6256499310134013,0.46913906087282126,0.6663823233387801,0.19724326246595886,0.23309347896637012,0.2388493196250996,0.005755840658729472,,,,,,,,,,,OBSERVATION_ONLY_FULL_FORWARD_REQUIRED
episode_000001_000009,episode_000001,9,alignment,P1_resize_224_direct,preprocessing,Direct resize to 224x224.,0.41884782292440925,0.07925766568882456,11.009587227334894,0.6340621463099521,0.46910120540403655,0.6663918647146359,0.1972906593105993,0.23153525173342965,0.23714143908652388,0.005606187353094233,,,,,,,,,,,OBSERVATION_ONLY_FULL_FORWARD_REQUIRED
episode_000001_000009,episode_000001,9,alignment,P2_center_crop_square_resize_224,preprocessing,Center square crop then resize to 224x224.,0.43966405195707586,0.09154492393362573,10.383657318509112,0.47872918463915143,0.5509454558542167,0.7549587404493047,0.20401328459508794,0.20947164137114757,0.21424275360890013,0.004771112237752562,,,,,,,,,,,OBSERVATION_ONLY_FULL_FORWARD_REQUIRED
episode_000001_000009,episode_000001,9,alignment,P3_center_crop_0p875_resize_224,preprocessing,Center crop 87.5% of min side then resize to 224x224.,0.4471128564407893,0.09265085251829491,10.331505802059816,0.3920702113598296,0.5621280632096589,0.7758851765237345,0.21375711331407554,0.19269591472207676,0.18640371614436643,0.006292198577710323,,,,,,,,,,,OBSERVATION_ONLY_FULL_FORWARD_REQUIRED
episode_000001_000009,episode_000001,9,alignment,P4_letterbox_224,preprocessing,Aspect-preserving resize with black letterbox to 224x224.,0.23480875698600198,0.044196959727518456,13.546076043833715,0.8184268484484792,0.26414698898309324,0.3751447189188175,0.11099772993572427,0.29029232059952054,0.37535197632830836,0.08505965572878782,,,,,,,,,,,OBSERVATION_ONLY_FULL_FORWARD_REQUIRED
episode_000001_000009,episode_000001,9,alignment,P5_brightness_match_sim_to_real,photometric,Shift Sim brightness mean toward Real mean.,0.2529255793931279,0.03717334241215095,14.297683878982987,0.6321874847617058,0.46913906087282126,0.4672388358847358,0.0019002249880854527,0.23309347896637012,0.16811038092897995,0.06498309803739016,,,,,,,,,,,OBSERVATION_ONLY_FULL_FORWARD_REQUIRED
episode_000001_000009,episode_000001,9,alignment,P6_contrast_match_sim_to_real,photometric,Scale Sim contrast toward Real luminance std.,0.4162836864486329,0.0787602232314494,11.03693061603888,0.6266219240703134,0.46913906087282126,0.6645386499268112,0.19539958905398996,0.23309347896637012,0.23342953162170196,0.0003360526553318477,,,,,,,,,,,OBSERVATION_ONLY_FULL_FORWARD_REQUIRED
episode_000001_000010,episode_000001,10,alignment,P0_current_paired_image,preprocessing,Existing paired 1280x720 image.,0.4225031040412938,0.08098780228424432,10.915803860540652,0.6273267210703393,0.4729148180291733,0.6739047421917553,0.20098992416258205,0.23035361328103468,0.23651385099020067,0.006160237709165989,,,,,,,,,,,OBSERVATION_ONLY_FULL_FORWARD_REQUIRED
episode_000001_000010,episode_000001,10,alignment,P1_resize_224_direct,preprocessing,Direct resize to 224x224.,0.42012686539838723,0.07947555809496999,10.997664136904486,0.635830051138465,0.47288175315438674,0.6739111313587934,0.2010293782044067,0.22883069097517159,0.23483818582634655,0.006007494851174966,,,,,,,,,,,OBSERVATION_ONLY_FULL_FORWARD_REQUIRED
episode_000001_000010,episode_000001,10,alignment,P2_center_crop_square_resize_224,preprocessing,Center square crop then resize to 224x224.,0.44296889410927354,0.09251882636224425,10.337698850630478,0.4962180808355079,0.5414522871179721,0.7553591954281713,0.2139069083101992,0.2065909084654233,0.21504491641214404,0.008454007946720743,,,,,,,,,,,OBSERVATION_ONLY_FULL_FORWARD_REQUIRED
episode_000001_000010,episode_000001,10,alignment,P3_center_crop_0p875_resize_224,preprocessing,Center crop 87.5% of min side then resize to 224x224.,0.4534467196750911,0.09445568852541016,10.24771881883996,0.3772522305817208,0.556139865102291,0.7728911117572028,0.21675124665491186,0.18888131244360454,0.18882543721269981,5.5875230904722795e-05,,,,,,,,,,,OBSERVATION_ONLY_FULL_FORWARD_REQUIRED
episode_000001_000010,episode_000001,10,alignment,P4_letterbox_224,preprocessing,Aspect-preserving resize with black letterbox to 224x224.,0.23555947199813948,0.04431245946090854,13.534741447853948,0.8195927125612921,0.2662698703231292,0.37937612799807424,0.11310625767494503,0.29059888812467116,0.37782838411862346,0.0872294959939523,,,,,,,,,,,OBSERVATION_ONLY_FULL_FORWARD_REQUIRED
episode_000001_000010,episode_000001,10,alignment,P5_brightness_match_sim_to_real,photometric,Shift Sim brightness mean toward Real mean.,0.24606424465751162,0.035671263011377394,14.476815133372565,0.6342559766464426,0.4729148180291733,0.4709168622625614,0.001997955766611881,0.23035361328103468,0.16588373924177657,0.06446987403925811,,,,,,,,,,,OBSERVATION_ONLY_FULL_FORWARD_REQUIRED
episode_000001_000010,episode_000001,10,alignment,P6_contrast_match_sim_to_real,photometric,Scale Sim contrast toward Real luminance std.,0.4173763509537256,0.07893090292239807,11.027529290966722,0.6283327297122177,0.4729148180291733,0.6721412045496324,0.19922638652045915,0.23035361328103468,0.23065755591647638,0.00030394263544170075,,,,,,,,,,,OBSERVATION_ONLY_FULL_FORWARD_REQUIRED
episode_000001_000011,episode_000001,11,alignment,P0_current_paired_image,preprocessing,Existing paired 1280x720 image.,0.42398918050198725,0.08188395237497688,10.868012029756247,0.6216108798295706,0.47548317502297804,0.6793966041862405,0.20391342916326244,0.2280904010621957,0.23429132907843836,0.006200928016242668,,,,,,,,,,,OBSERVATION_ONLY_FULL_FORWARD_REQUIRED
episode_000001_000011,episode_000001,11,alignment,P1_resize_224_direct,preprocessing,Direct resize to 224x224.,0.4216966589654292,0.08045740998605325,10.944339519644801,0.6297742798728607,0.4754513456788966,0.6794141298238046,0.20396278414490798,0.2267065549573926,0.23264796949789726,0.005941414540504675,,,,,,,,,,,OBSERVATION_ONLY_FULL_FORWARD_REQUIRED
episode_000001_000011,episode_000001,11,alignment,P2_center_crop_square_resize_224,preprocessing,Center square crop then resize to 224x224.,0.4475703710873331,0.09468619044840158,10.237133562594845,0.489268628914433,0.5329062307422969,0.752976564422644,0.22007033368034712,0.20617637097049793,0.21420851974258096,0.008032148772083025,,,,,,,,,,,OBSERVATION_ONLY_FULL_FORWARD_REQUIRED
episode_000001_000011,episode_000001,11,alignment,P3_center_crop_0p875_resize_224,preprocessing,Center crop 87.5% of min side then resize to 224x224.,0.4591556081514821,0.09686198355976378,10.138466416260538,0.3646274142101529,0.548222162177371,0.7697182953493897,0.22149613317201877,0.18806257340815083,0.18921600304200495,0.0011534296338541195,,,,,,,,,,,OBSERVATION_ONLY_FULL_FORWARD_REQUIRED
episode_000001_000011,episode_000001,11,alignment,P4_letterbox_224,preprocessing,Aspect-preserving resize with black letterbox to 224x224.,0.23640110835502576,0.04485809244040753,13.481591984351539,0.8184128671699963,0.26772371479841933,0.38247114770908364,0.1147474329106643,0.290714077897707,0.3794871253066278,0.08877304740892084,,,,,,,,,,,OBSERVATION_ONLY_FULL_FORWARD_REQUIRED
episode_000001_000011,episode_000001,11,alignment,P5_brightness_match_sim_to_real,photometric,Shift Sim brightness mean toward Real mean.,0.2452792283560925,0.03564069840036597,14.480537942969672,0.6290291942020411,0.47548317502297804,0.4734819627689271,0.0020012122540509214,0.2280904010621957,0.16402178962248762,0.06406861143970807,,,,,,,,,,,OBSERVATION_ONLY_FULL_FORWARD_REQUIRED
episode_000001_000011,episode_000001,11,alignment,P6_contrast_match_sim_to_real,photometric,Scale Sim contrast toward Real luminance std.,0.41881613777343646,0.07980953100080813,10.979452413073023,0.6226143058598015,0.47548317502297804,0.6775788695465689,0.20209569452359083,0.2280904010621957,0.22836057356742367,0.00027017250522798353,,,,,,,,,,,OBSERVATION_ONLY_FULL_FORWARD_REQUIRED
episode_000001_000012,episode_000001,12,alignment,P0_current_paired_image,preprocessing,Existing paired 1280x720 image.,0.43253758670187525,0.08526042856446774,10.692524886872949,0.6014433423827055,0.4763095442674293,0.6846660112285543,0.20835646696112503,0.2245796888648977,0.23121115229907174,0.006631463434174034,,,,,,,,,,,OBSERVATION_ONLY_FULL_FORWARD_REQUIRED
episode_000001_000012,episode_000001,12,alignment,P1_resize_224_direct,preprocessing,Direct resize to 224x224.,0.43018254792994975,0.08385543872369207,10.764687645297087,0.6093586985441181,0.4762938725333884,0.6846715116515356,0.20837763911814722,0.22325450065307098,0.22956342085219494,0.006308920199123963,,,,,,,,,,,OBSERVATION_ONLY_FULL_FORWARD_REQUIRED
episode_000001_000012,episode_000001,12,alignment,P2_center_crop_square_resize_224,preprocessing,Center square crop then resize to 224x224.,0.4573954650249317,0.09843421713047962,10.068539083996841,0.46935732999832475,0.5217274752088334,0.7465603273809522,0.2248328521721188,0.20456200246833336,0.21349052773556204,0.008928525267228676,,,,,,,,,,,OBSERVATION_ONLY_FULL_FORWARD_REQUIRED
episode_000001_000012,episode_000001,12,alignment,P3_center_crop_0p875_resize_224,preprocessing,Center crop 87.5% of min side then resize to 224x224.,0.4633096186333269,0.09785739101604696,10.094063671826454,0.3640751190086888,0.540981310977516,0.7631117522477741,0.22213044127025805,0.1880663908967342,0.1897592869326197,0.001692896035885516,,,,,,,,,,,OBSERVATION_ONLY_FULL_FORWARD_REQUIRED
episode_000001_000012,episode_000001,12,alignment,P4_letterbox_224,preprocessing,Aspect-preserving resize with black letterbox to 224x224.,0.24113151380106515,0.0467647987503825,13.300809302758205,0.812487653505453,0.2681904470069278,0.3854332306828982,0.11724278367597041,0.289559805913166,0.3807378017758864,0.0911779958627204,,,,,,,,,,,OBSERVATION_ONLY_FULL_FORWARD_REQUIRED
episode_000001_000012,episode_000001,12,alignment,P5_brightness_match_sim_to_real,photometric,Shift Sim brightness mean toward Real mean.,0.24612738524337582,0.03625489717718969,14.406333222410527,0.6090543676418302,0.4763095442674293,0.4743441057802285,0.0019654384872007657,0.2245796888648977,0.16080860749465933,0.06377108137023837,,,,,,,,,,,OBSERVATION_ONLY_FULL_FORWARD_REQUIRED
episode_000001_000012,episode_000001,12,alignment,P6_contrast_match_sim_to_real,photometric,Scale Sim contrast toward Real luminance std.,0.42726932930615225,0.08310094560541166,10.803940343521607,0.6025053081168112,0.4763095442674293,0.6828695395697164,0.20655999530228714,0.2245796888648977,0.2250701474100375,0.0004904585451397936,,,,,,,,,,,OBSERVATION_ONLY_FULL_FORWARD_REQUIRED
episode_000001_000013,episode_000001,13,alignment,P0_current_paired_image,preprocessing,Existing paired 1280x720 image.,0.43682358221578454,0.08676239826517936,10.61668451829142,0.5900793989781544,0.47750752296772875,0.6910411676768452,0.21353364470911645,0.21938343145487957,0.22747630392415485,0.008092872469275286,,,,,,,,,,,OBSERVATION_ONLY_FULL_FORWARD_REQUIRED
episode_000001_000013,episode_000001,13,alignment,P1_resize_224_direct,preprocessing,Direct resize to 224x224.,0.4346044809145082,0.08538370464607412,10.68625005863261,0.5979725325087208,0.4774914850784064,0.6910530528461384,0.213561567767732,0.21809369948195487,0.2257935469439727,0.0076998474620178226,,,,,,,,,,,OBSERVATION_ONLY_FULL_FORWARD_REQUIRED
episode_000001_000013,episode_000001,13,alignment,P2_center_crop_square_resize_224,preprocessing,Center square crop then resize to 224x224.,0.4577438492693091,0.09813581631590544,10.081724606168262,0.45313213278055786,0.5179578850446428,0.7406343450036265,0.22267645995898366,0.20282185708828612,0.21264927311479398,0.009827416026507857,,,,,,,,,,,OBSERVATION_ONLY_FULL_FORWARD_REQUIRED
episode_000001_000013,episode_000001,13,alignment,P3_center_crop_0p875_resize_224,preprocessing,Center crop 87.5% of min side then resize to 224x224.,0.4584229042544797,0.09543471483773248,10.2029361984447,0.3563532621944025,0.5406805794661614,0.7589943676689426,0.21831378820278113,0.18627594123656654,0.1893246343629091,0.0030486931263425665,,,,,,,,,,,OBSERVATION_ONLY_FULL_FORWARD_REQUIRED
episode_000001_000013,episode_000001,13,alignment,P4_letterbox_224,preprocessing,Aspect-preserving resize with black letterbox to 224x224.,0.24364474087522428,0.0476278459709047,13.22139059557144,0.8092343194084216,0.2688623070165566,0.38900583067602046,0.12014352365946385,0.28781874386862843,0.38228623130012934,0.09446748743150091,,,,,,,,,,,OBSERVATION_ONLY_FULL_FORWARD_REQUIRED
episode_000001_000013,episode_000001,13,alignment,P5_brightness_match_sim_to_real,photometric,Shift Sim brightness mean toward Real mean.,0.2443709018058543,0.03544218189874444,14.504795498375707,0.5997169978566376,0.47750752296772875,0.47561481720452076,0.0018927057632079913,0.21938343145487957,0.15732019781180068,0.06206323364307889,,,,,,,,,,,OBSERVATION_ONLY_FULL_FORWARD_REQUIRED
episode_000001_000013,episode_000001,13,alignment,P6_contrast_match_sim_to_real,photometric,Scale Sim contrast toward Real luminance std.,0.42968394130163,0.0838202254663894,10.766511753003483,0.591264353112282,0.47750752296772875,0.6888815768314268,0.21137405386369806,0.21938343145487957,0.2192433058376336,0.0001401256172459675,,,,,,,,,,,OBSERVATION_ONLY_FULL_FORWARD_REQUIRED
episode_000001_000014,episode_000001,14,alignment,P0_current_paired_image,preprocessing,Existing paired 1280x720 image.,0.44751146904000677,0.09082625464787401,10.41788594204197,0.5678453417783961,0.4775608622531999,0.6992244519054672,0.22166358965226735,0.21300139813314953,0.22346476641392427,0.010463368280774737,,,,,,,,,,,OBSERVATION_ONLY_FULL_FORWARD_REQUIRED
episode_000001_000014,episode_000001,14,alignment,P1_resize_224_direct,preprocessing,Direct resize to 224x224.,0.4454321456188287,0.08949750917523872,10.481890514606501,0.5755400590310539,0.4775369148284314,0.699228968102866,0.22169205327443464,0.21181992490083304,0.22174011189690196,0.00992018699606892,,,,,,,,,,,OBSERVATION_ONLY_FULL_FORWARD_REQUIRED
episode_000001_000014,episode_000001,14,alignment,P2_center_crop_square_resize_224,preprocessing,Center square crop then resize to 224x224.,0.4598375529461051,0.09854680791842882,10.063574386180656,0.42971242680342997,0.5189848450161314,0.7409931285482942,0.22200828353216284,0.19935397370673816,0.20853781269201796,0.009183838985279802,,,,,,,,,,,OBSERVATION_ONLY_FULL_FORWARD_REQUIRED
episode_000001_000014,episode_000001,14,alignment,P3_center_crop_0p875_resize_224,preprocessing,Center crop 87.5% of min side then resize to 224x224.,0.46125630259628664,0.0961767261030229,10.169300105808967,0.32128456393930305,0.5422158326299269,0.756863143147884,0.21464731051795716,0.1824899569521309,0.18756206182664284,0.005072104874511929,,,,,,,,,,,OBSERVATION_ONLY_FULL_FORWARD_REQUIRED
episode_000001_000014,episode_000001,14,alignment,P4_letterbox_224,preprocessing,Aspect-preserving resize with black letterbox to 224x224.,0.24979745098477285,0.049941515515519924,13.015382827687931,0.801588733235021,0.2688991984606342,0.39360628542041814,0.12470708695978394,0.2852142451767459,0.3845901275012711,0.09937588232452521,,,,,,,,,,,OBSERVATION_ONLY_FULL_FORWARD_REQUIRED
episode_000001_000014,episode_000001,14,alignment,P5_brightness_match_sim_to_real,photometric,Shift Sim brightness mean toward Real mean.,0.24582140436134514,0.03528083087367573,14.524611956603,0.5800704245441474,0.4775608622531999,0.47572526606073,0.0018355961924698683,0.21300139813314953,0.15266357173420533,0.060337826398944194,,,,,,,,,,,OBSERVATION_ONLY_FULL_FORWARD_REQUIRED
episode_000001_000014,episode_000001,14,alignment,P6_contrast_match_sim_to_real,photometric,Scale Sim contrast toward Real luminance std.,0.44034134983446765,0.08765891746029839,10.572038969483364,0.569181376213176,0.4775608622531999,0.6977700034986044,0.22020914124540453,0.21300139813314953,0.21335914523345795,0.00035774710030841983,,,,,,,,,,,OBSERVATION_ONLY_FULL_FORWARD_REQUIRED
episode_000001_000015,episode_000001,15,alignment,P0_current_paired_image,preprocessing,Existing paired 1280x720 image.,0.45955308940814293,0.09581850565843615,10.185506064830482,0.542673428563919,0.476064923948972,0.7063074691406251,0.23024254519165316,0.20922302739279033,0.22043329218953722,0.011210264796746888,,,,,,,,,,,OBSERVATION_ONLY_FULL_FORWARD_REQUIRED
episode_000001_000015,episode_000001,15,alignment,P1_resize_224_direct,preprocessing,Direct resize to 224x224.,0.4574332918568828,0.09446310448198886,10.247377856570347,0.5506212428209006,0.47605096254126644,0.706307395692652,0.23025643315138555,0.20808797615273028,0.21866708408279337,0.010579107930063086,,,,,,,,,,,OBSERVATION_ONLY_FULL_FORWARD_REQUIRED
episode_000001_000015,episode_000001,15,alignment,P2_center_crop_square_resize_224,preprocessing,Center square crop then resize to 224x224.,0.461590639399234,0.09902086345158977,10.042732909854893,0.4094622223886622,0.5191191661977291,0.7382408906375051,0.21912172443977596,0.1963392801427086,0.2080465132930009,0.01170723315029229,,,,,,,,,,,OBSERVATION_ONLY_FULL_FORWARD_REQUIRED
episode_000001_000015,episode_000001,15,alignment,P3_center_crop_0p875_resize_224,preprocessing,Center crop 87.5% of min side then resize to 224x224.,0.4621677527044144,0.09643307077733054,10.157740035132118,0.2941535866176985,0.5431705591455331,0.7519253076074179,0.2087547484618848,0.17968385134680093,0.1892654069997714,0.009581555652970475,,,,,,,,,,,OBSERVATION_ONLY_FULL_FORWARD_REQUIRED
episode_000001_000015,episode_000001,15,alignment,P4_letterbox_224,preprocessing,Aspect-preserving resize with black letterbox to 224x224.,0.2566175967811191,0.05275602683884011,12.777279194740814,0.7915957951245659,0.26806170269670365,0.3975893742340686,0.12952767153736494,0.28305673338654846,0.386747699245463,0.10369096585891452,,,,,,,,,,,OBSERVATION_ONLY_FULL_FORWARD_REQUIRED
episode_000001_000015,episode_000001,15,alignment,P5_brightness_match_sim_to_real,photometric,Shift Sim brightness mean toward Real mean.,0.24655637770135222,0.035708770075522964,14.472251080433518,0.5561136801308966,0.476064923948972,0.4744630876310592,0.0016018363179127748,0.20922302739279033,0.14877006962270506,0.060452957770085275,,,,,,,,,,,OBSERVATION_ONLY_FULL_FORWARD_REQUIRED
episode_000001_000015,episode_000001,15,alignment,P6_contrast_match_sim_to_real,photometric,Scale Sim contrast toward Real luminance std.,0.45164426233411914,0.09211203387207735,10.356836281871262,0.5446241343316043,0.476064923948972,0.7042920700120843,0.22822714606311229,0.20922302739279033,0.2091364906629335,8.65367298568398e-05,,,,,,,,,,,OBSERVATION_ONLY_FULL_FORWARD_REQUIRED
episode_000001_000016,episode_000001,16,alignment,P0_current_paired_image,preprocessing,Existing paired 1280x720 image.,0.47487069841014395,0.10198307510265817,9.9147189685981,0.5020782656842133,0.47347956003795605,0.7095519373723446,0.23607237733438852,0.20581322071188587,0.2184661021348028,0.012652881422916928,,,,,,,,,,,OBSERVATION_ONLY_FULL_FORWARD_REQUIRED
episode_000001_000016,episode_000001,16,alignment,P1_resize_224_direct,preprocessing,Direct resize to 224x224.,0.4731128022268053,0.1007604439856008,9.967099275170007,0.5088167349071565,0.4734696451549369,0.7095665208583433,0.23609687570340637,0.20473813587792877,0.21679714225370839,0.012059006375779613,,,,,,,,,,,OBSERVATION_ONLY_FULL_FORWARD_REQUIRED
episode_000001_000016,episode_000001,16,alignment,P2_center_crop_square_resize_224,preprocessing,Center square crop then resize to 224x224.,0.46848182909777397,0.10028406807984633,9.98768056955602,0.3801047055969345,0.5194490036483344,0.7364450951161714,0.21699609146783705,0.19164285707274056,0.20751744708211686,0.0158745900093763,,,,,,,,,,,OBSERVATION_ONLY_FULL_FORWARD_REQUIRED
episode_000001_000016,episode_000001,16,alignment,P3_center_crop_0p875_resize_224,preprocessing,Center crop 87.5% of min side then resize to 224x224.,0.4673187991637219,0.09792262094788895,10.09116970934091,0.2536665341884006,0.5447965728166265,0.74839750686212,0.2036009340454935,0.17723582032113866,0.19044074846413755,0.013204928142998895,,,,,,,,,,,OBSERVATION_ONLY_FULL_FORWARD_REQUIRED
episode_000001_000016,episode_000001,16,alignment,P4_letterbox_224,preprocessing,Aspect-preserving resize with black letterbox to 224x224.,0.26533727757288256,0.05630323156631933,12.494666777748787,0.7787642528687093,0.2666012398240546,0.3994164479854442,0.1328152081613896,0.28061606921757193,0.3876106122976061,0.1069945430800342,,,,,,,,,,,OBSERVATION_ONLY_FULL_FORWARD_REQUIRED
episode_000001_000016,episode_000001,16,alignment,P5_brightness_match_sim_to_real,photometric,Shift Sim brightness mean toward Real mean.,0.2538861738280852,0.03759568965862488,14.248619440292561,0.5163517447577499,0.47347956003795605,0.4716935842686207,0.0017859757693353684,0.20581322071188587,0.14562534848009526,0.06018787223179062,,,,,,,,,,,OBSERVATION_ONLY_FULL_FORWARD_REQUIRED
episode_000001_000016,episode_000001,16,alignment,P6_contrast_match_sim_to_real,photometric,Scale Sim contrast toward Real luminance std.,0.4654091891604966,0.09754771497140527,10.107828993799977,0.5036882228420495,0.47347956003795605,0.7076266340065015,0.23414707396854545,0.20581322071188587,0.20567654599719898,0.0001366747146868963,,,,,,,,,,,OBSERVATION_ONLY_FULL_FORWARD_REQUIRED
episode_000001_000017,episode_000001,17,alignment,P0_current_paired_image,preprocessing,Existing paired 1280x720 image.,0.48041001846511144,0.10419458532130622,9.821548494259263,0.4780831277686506,0.472643808131638,0.7107414219345725,0.23809761380293448,0.2036740910974483,0.21803599114264877,0.014361900045200465,,,,,,,,,,,OBSERVATION_ONLY_FULL_FORWARD_REQUIRED
episode_000001_000017,episode_000001,17,alignment,P1_resize_224_direct,preprocessing,Direct resize to 224x224.,0.4785890449987645,0.10299877661440392,9.871679336712255,0.484495486425995,0.4726227448635704,0.7107566844862946,0.23813393962272417,0.2026164902827291,0.2163967420494252,0.013780251766696089,,,,,,,,,,,OBSERVATION_ONLY_FULL_FORWARD_REQUIRED
episode_000001_000017,episode_000001,17,alignment,P2_center_crop_square_resize_224,preprocessing,Center square crop then resize to 224x224.,0.4702893706802792,0.09987917726322554,10.005250437287078,0.3662268333158652,0.5206322105560973,0.7351913051783212,0.2145590946222239,0.188498500737765,0.20782416084268265,0.019325660104917652,,,,,,,,,,,OBSERVATION_ONLY_FULL_FORWARD_REQUIRED
episode_000001_000017,episode_000001,17,alignment,P3_center_crop_0p875_resize_224,preprocessing,Center crop 87.5% of min side then resize to 224x224.,0.4694916096091942,0.09855163102822828,10.063361837569605,0.23205048688689597,0.5456018827374699,0.7460681810536713,0.20046629831620144,0.17658982756998454,0.19175771770012737,0.01516789013014283,,,,,,,,,,,OBSERVATION_ONLY_FULL_FORWARD_REQUIRED
episode_000001_000017,episode_000001,17,alignment,P4_letterbox_224,preprocessing,Aspect-preserving resize with black letterbox to 224x224.,0.26823674618158266,0.057477113803037556,12.40505047964482,0.7728086036884214,0.2661347254057873,0.40009048494397753,0.13395575953819022,0.2794074313412998,0.3880094720749006,0.1086020407336008,,,,,,,,,,,OBSERVATION_ONLY_FULL_FORWARD_REQUIRED
episode_000001_000017,episode_000001,17,alignment,P5_brightness_match_sim_to_real,photometric,Shift Sim brightness mean toward Real mean.,0.2556487242856064,0.03836789722413565,14.160320019218036,0.493778015437677,0.472643808131638,0.47072557978962426,0.001918228342013717,0.2036740910974483,0.1449574761631736,0.05871661493427471,,,,,,,,,,,OBSERVATION_ONLY_FULL_FORWARD_REQUIRED
episode_000001_000017,episode_000001,17,alignment,P6_contrast_match_sim_to_real,photometric,Scale Sim contrast toward Real luminance std.,0.4710761405922807,0.09957220850554277,10.018618601396502,0.4798061475308131,0.472643808131638,0.7093628428053511,0.23671903467371314,0.2036740910974483,0.2039345033804565,0.00026041228300818786,,,,,,,,,,,OBSERVATION_ONLY_FULL_FORWARD_REQUIRED
episode_000001_000018,episode_000001,18,alignment,P0_current_paired_image,preprocessing,Existing paired 1280x720 image.,0.4830148836777779,0.10526344605595964,9.777224163956,0.4692961677386618,0.4727897620838436,0.7124396232085715,0.23964986112472786,0.2029516248697123,0.216726256767064,0.013774631897351702,,,,,,,,,,,OBSERVATION_ONLY_FULL_FORWARD_REQUIRED
episode_000001_000018,episode_000001,18,alignment,P1_resize_224_direct,preprocessing,Direct resize to 224x224.,0.4811591192256722,0.10405939173054844,9.827187170603782,0.47585157910434467,0.472764332842512,0.7124459441745448,0.23968161133203275,0.20189168934810475,0.21511237843306186,0.013220689084957105,,,,,,,,,,,OBSERVATION_ONLY_FULL_FORWARD_REQUIRED
episode_000001_000018,episode_000001,18,alignment,P2_center_crop_square_resize_224,preprocessing,Center square crop then resize to 224x224.,0.470651839958737,0.09971548127012242,10.012374103118262,0.3614458789344492,0.5213817425720289,0.7350386504445527,0.2136569078725239,0.18766830830340933,0.2074781648873817,0.019809856583972357,,,,,,,,,,,OBSERVATION_ONLY_FULL_FORWARD_REQUIRED
episode_000001_000018,episode_000001,18,alignment,P3_center_crop_0p875_resize_224,preprocessing,Center crop 87.5% of min side then resize to 224x224.,0.47018042629753315,0.09883649875391334,10.050826477174263,0.22284162029456803,0.5460131115727541,0.7453653161577132,0.19935220458495906,0.17643636898856657,0.19184677097590733,0.015410401987340755,,,,,,,,,,,OBSERVATION_ONLY_FULL_FORWARD_REQUIRED
episode_000001_000018,episode_000001,18,alignment,P4_letterbox_224,preprocessing,Aspect-preserving resize with black letterbox to 224x224.,0.26960369509106075,0.0580638849698376,12.360939095219678,0.7707322161037551,0.26620770290928875,0.4010520955882353,0.13484439267894655,0.27916940887380426,0.3883794907836813,0.10921008190987702,,,,,,,,,,,OBSERVATION_ONLY_FULL_FORWARD_REQUIRED
episode_000001_000018,episode_000001,18,alignment,P5_brightness_match_sim_to_real,photometric,Shift Sim brightness mean toward Real mean.,0.25585887587344835,0.038580537683823524,14.136317240355671,0.48450648884423475,0.4727897620838436,0.47079243726426323,0.0019973248195803706,0.2029516248697123,0.14370797768788113,0.05924364718183117,,,,,,,,,,,OBSERVATION_ONLY_FULL_FORWARD_REQUIRED
episode_000001_000018,episode_000001,18,alignment,P6_contrast_match_sim_to_real,photometric,Scale Sim contrast toward Real luminance std.,0.47339223666236185,0.10058949517613414,9.974473714197591,0.47123706276816674,0.4727897620838436,0.7107051103136914,0.23791534822984783,0.2029516248697123,0.20323936057850903,0.00028773570879672694,,,,,,,,,,,OBSERVATION_ONLY_FULL_FORWARD_REQUIRED
episode_000001_000019,episode_000001,19,alignment,P0_current_paired_image,preprocessing,Existing paired 1280x720 image.,0.48293354858420945,0.10523502118576188,9.778397071722265,0.4687456986556055,0.47349379956682336,0.7127727042032609,0.23927890463643753,0.20311829296932649,0.21665957110292827,0.013541278133601786,,,,,,,,,,,OBSERVATION_ONLY_FULL_FORWARD_REQUIRED
episode_000001_000019,episode_000001,19,alignment,P1_resize_224_direct,preprocessing,Direct resize to 224x224.,0.4810219300011918,0.10400481138125187,9.829465692781943,0.4754787982483585,0.47346932569902966,0.7127722845388155,0.2393029588397858,0.20205545539666375,0.21502771591002906,0.012972260513365308,,,,,,,,,,,OBSERVATION_ONLY_FULL_FORWARD_REQUIRED
episode_000001_000019,episode_000001,19,alignment,P2_center_crop_square_resize_224,preprocessing,Center square crop then resize to 224x224.,0.4701573931342309,0.0993994952964846,10.02615820738584,0.3622862285903935,0.5224428170330632,0.7354337165960132,0.21299089956295003,0.18777109712645138,0.20718494428478607,0.01941384715833469,,,,,,,,,,,OBSERVATION_ONLY_FULL_FORWARD_REQUIRED
episode_000001_000019,episode_000001,19,alignment,P3_center_crop_0p875_resize_224,preprocessing,Center crop 87.5% of min side then resize to 224x224.,0.46991977433332655,0.09867896167862569,10.057754288987155,0.22280402310419864,0.5467951898415617,0.7455780935968137,0.19878290375525198,0.17649986596392886,0.19176250853787488,0.015262642573946023,,,,,,,,,,,OBSERVATION_ONLY_FULL_FORWARD_REQUIRED
episode_000001_000019,episode_000001,19,alignment,P4_letterbox_224,preprocessing,Aspect-preserving resize with black letterbox to 224x224.,0.26952100261550216,0.05802973558704528,12.363494082972444,0.7712610168417434,0.2666023034995248,0.40123221710559215,0.13462991360606735,0.27952384243813394,0.3884971076892151,0.10897326525108114,,,,,,,,,,,OBSERVATION_ONLY_FULL_FORWARD_REQUIRED
episode_000001_000019,episode_000001,19,alignment,P5_brightness_match_sim_to_real,photometric,Shift Sim brightness mean toward Real mean.,0.2568163047828766,0.03879405240105301,14.112348519160111,0.4828820424715296,0.47349379956682336,0.4714428940027575,0.0020509055640658413,0.20311829296932649,0.14389709370549325,0.059221199263833235,,,,,,,,,,,OBSERVATION_ONLY_FULL_FORWARD_REQUIRED
episode_000001_000019,episode_000001,19,alignment,P6_contrast_match_sim_to_real,photometric,Scale Sim contrast toward Real luminance std.,0.4732072452018467,0.10055023412914547,9.976169138203218,0.47070173417298494,0.47349379956682336,0.710967717240264,0.23747391767344062,0.20311829296932649,0.2033106961689054,0.0001924031995789166,,,,,,,,,,,OBSERVATION_ONLY_FULL_FORWARD_REQUIRED
episode_000001_000020,episode_000001,20,descent_to_grasp,P0_current_paired_image,preprocessing,Existing paired 1280x720 image.,0.4827794410261304,0.10512342064061012,9.783005159238334,0.47096309089245836,0.4736381342371324,0.7133550737157884,0.23971693947865602,0.20325823791081293,0.21610109709975805,0.012842859188945122,,,,,,,,,,,OBSERVATION_ONLY_FULL_FORWARD_REQUIRED
episode_000001_000020,episode_000001,20,descent_to_grasp,P1_resize_224_direct,preprocessing,Direct resize to 224x224.,0.4808864291709651,0.10389358429237709,9.834112704644522,0.4777238642514807,0.47361510901235493,0.7133545996523609,0.239739490640006,0.20218855603961086,0.21446048349963773,0.012271927460026866,,,,,,,,,,,OBSERVATION_ONLY_FULL_FORWARD_REQUIRED
episode_000001_000020,episode_000001,20,descent_to_grasp,P2_center_crop_square_resize_224,preprocessing,Center square crop then resize to 224x224.,0.4699951864726282,0.09930079813788262,10.03047260814939,0.36413525801141816,0.5226989536126951,0.7361873763255302,0.21348842271283508,0.18799074198740165,0.20645168385582838,0.018460941868426728,,,,,,,,,,,OBSERVATION_ONLY_FULL_FORWARD_REQUIRED
episode_000001_000020,episode_000001,20,descent_to_grasp,P3_center_crop_0p875_resize_224,preprocessing,Center crop 87.5% of min side then resize to 224x224.,0.46995354776284487,0.09865688646782242,10.05872594642991,0.2235579159090687,0.5469228480454681,0.7463932531137455,0.1994704050682774,0.17655255232456854,0.1909330344510723,0.014380482126503752,,,,,,,,,,,OBSERVATION_ONLY_FULL_FORWARD_REQUIRED
episode_000001_000020,episode_000001,20,descent_to_grasp,P4_letterbox_224,preprocessing,Aspect-preserving resize with black letterbox to 224x224.,0.26946362232607646,0.05797660414247397,12.367472261209965,0.7716630063051734,0.2666844743991346,0.40155650256977793,0.1348720281706433,0.27963934491469783,0.3885962415516915,0.10895689663699365,,,,,,,,,,,OBSERVATION_ONLY_FULL_FORWARD_REQUIRED
episode_000001_000020,episode_000001,20,descent_to_grasp,P5_brightness_match_sim_to_real,photometric,Shift Sim brightness mean toward Real mean.,0.2564282330568387,0.03865665776250588,14.127756975927161,0.4846401042579446,0.4736381342371324,0.47181219453635637,0.001825939700776047,0.20325823791081293,0.14353442148735296,0.059723816423459974,,,,,,,,,,,OBSERVATION_ONLY_FULL_FORWARD_REQUIRED
episode_000001_000020,episode_000001,20,descent_to_grasp,P6_contrast_match_sim_to_real,photometric,Scale Sim contrast toward Real luminance std.,0.4729733516755242,0.10047631922640156,9.97936282931545,0.4726501441392404,0.4736381342371324,0.7113115234630311,0.23767338922589865,0.20325823791081293,0.2032842176850223,2.5979774209372586e-05,,,,,,,,,,,OBSERVATION_ONLY_FULL_FORWARD_REQUIRED
episode_000001_000021,episode_000001,21,descent_to_grasp,P0_current_paired_image,preprocessing,Existing paired 1280x720 image.,0.48291819824191523,0.10492591047380274,9.791172535957873,0.4738383322145276,0.47467640241523684,0.7162882385816653,0.2416118361664285,0.20201587794419013,0.2131672239338975,0.011151345989707379,,,,,,,,,,,OBSERVATION_ONLY_FULL_FORWARD_REQUIRED
episode_000001_000021,episode_000001,21,descent_to_grasp,P1_resize_224_direct,preprocessing,Direct resize to 224x224.,0.4811514611005343,0.10376240201963136,9.839599832250867,0.4802062945528759,0.47466173545980894,0.7162837109531311,0.2416219754933222,0.20095472160993363,0.21156754467548583,0.010612823065552196,,,,,,,,,,,OBSERVATION_ONLY_FULL_FORWARD_REQUIRED
episode_000001_000021,episode_000001,21,descent_to_grasp,P2_center_crop_square_resize_224,preprocessing,Center square crop then resize to 224x224.,0.4678364980609618,0.09818876192225257,10.07938216026145,0.371436333389749,0.523092404102266,0.7372597634522559,0.21416735934998987,0.18689134834696886,0.2043687424420916,0.01747739409512275,,,,,,,,,,,OBSERVATION_ONLY_FULL_FORWARD_REQUIRED
episode_000001_000021,episode_000001,21,descent_to_grasp,P3_center_crop_0p875_resize_224,preprocessing,Center crop 87.5% of min side then resize to 224x224.,0.46668172246895456,0.09712779791246566,10.126564575043588,0.23210647242140842,0.547561335674895,0.747200901595013,0.199639565920118,0.17576139154893336,0.188330081608698,0.012568690059764631,,,,,,,,,,,OBSERVATION_ONLY_FULL_FORWARD_REQUIRED
episode_000001_000021,episode_000001,21,descent_to_grasp,P4_letterbox_224,preprocessing,Aspect-preserving resize with black letterbox to 224x224.,0.2698241364252267,0.05796893563389408,12.368046736256087,0.772613623558665,0.2672749329106643,0.4032034249793668,0.1359284920687025,0.2795821984599641,0.3890281305395143,0.10944593207955017,,,,,,,,,,,OBSERVATION_ONLY_FULL_FORWARD_REQUIRED
episode_000001_000021,episode_000001,21,descent_to_grasp,P5_brightness_match_sim_to_real,photometric,Shift Sim brightness mean toward Real mean.,0.2538802498083632,0.03794378904748174,14.208593028556919,0.48689126235958896,0.47467640241523684,0.47270134087009824,0.001975061545138601,0.20201587794419013,0.14137402681564082,0.06064185112854931,,,,,,,,,,,OBSERVATION_ONLY_FULL_FORWARD_REQUIRED
episode_000001_000021,episode_000001,21,descent_to_grasp,P6_contrast_match_sim_to_real,photometric,Scale Sim contrast toward Real luminance std.,0.4747022116115204,0.1009463114258049,9.959095455334756,0.47549092108508756,0.47467640241523684,0.7141719968001089,0.23949559438487206,0.20201587794419013,0.20187681895996337,0.0001390589842267531,,,,,,,,,,,OBSERVATION_ONLY_FULL_FORWARD_REQUIRED
episode_000001_000022,episode_000001,22,descent_to_grasp,P0_current_paired_image,preprocessing,Existing paired 1280x720 image.,0.4863880719226643,0.10454105528433691,9.80713120252701,0.46714310101492484,0.47840186072899654,0.7233162491932187,0.24491438846422214,0.19532859225648122,0.205038657358755,0.00971006510227379,,,,,,,,,,,OBSERVATION_ONLY_FULL_FORWARD_REQUIRED
episode_000001_000022,episode_000001,22,descent_to_grasp,P1_resize_224_direct,preprocessing,Direct resize to 224x224.,0.484677307301748,0.10346119044022835,9.85222528839677,0.47325525095396154,0.4783870840211084,0.7233088407081583,0.24492175668704985,0.19433683466503673,0.2034083082136375,0.009071473548600772,,,,,,,,,,,OBSERVATION_ONLY_FULL_FORWARD_REQUIRED
episode_000001_000022,episode_000001,22,descent_to_grasp,P2_center_crop_square_resize_224,preprocessing,Center square crop then resize to 224x224.,0.4692081147751097,0.09738270359205772,10.115181725010194,0.3698744967812659,0.5223130644132653,0.7384540039609593,0.21614093954769398,0.18246304571305852,0.19988119524647477,0.01741814953341625,,,,,,,,,,,OBSERVATION_ONLY_FULL_FORWARD_REQUIRED
episode_000001_000022,episode_000001,22,descent_to_grasp,P3_center_crop_0p875_resize_224,preprocessing,Center crop 87.5% of min side then resize to 224x224.,0.4649536031254337,0.09509962308044131,10.218212043497454,0.2324077006373289,0.548075384372499,0.7479969996905012,0.19992161531800212,0.1722379853285773,0.18276409917549216,0.010526113846914875,,,,,,,,,,,OBSERVATION_ONLY_FULL_FORWARD_REQUIRED
episode_000001_000022,episode_000001,22,descent_to_grasp,P4_letterbox_224,preprocessing,Aspect-preserving resize with black letterbox to 224x224.,0.27208995308806383,0.05785947947397913,12.376254777498302,0.7753959427806787,0.2693726689582083,0.40716403602065826,0.13779136706245,0.27851250112355036,0.3898290455234909,0.11131654439994054,,,,,,,,,,,OBSERVATION_ONLY_FULL_FORWARD_REQUIRED
episode_000001_000022,episode_000001,22,descent_to_grasp,P5_brightness_match_sim_to_real,photometric,Shift Sim brightness mean toward Real mean.,0.25038590396718946,0.03643868642602737,14.384372872481697,0.4790681759306622,0.47840186072899654,0.4766562861587687,0.001745574570227837,0.19532859225648122,0.1357461447103245,0.059582447546156714,,,,,,,,,,,OBSERVATION_ONLY_FULL_FORWARD_REQUIRED
episode_000001_000022,episode_000001,22,descent_to_grasp,P6_contrast_match_sim_to_real,photometric,Scale Sim contrast toward Real luminance std.,0.47841959155423625,0.10088371342330046,9.961789402180166,0.46822160631303406,0.47840186072899654,0.7210802566601988,0.24267839593120227,0.19532859225648122,0.19540255925557456,7.396699909334448e-05,,,,,,,,,,,OBSERVATION_ONLY_FULL_FORWARD_REQUIRED
episode_000001_000023,episode_000001,23,descent_to_grasp,P0_current_paired_image,preprocessing,Existing paired 1280x720 image.,0.4874137688745706,0.10201571422516456,9.91332925535849,0.4610141895685741,0.4853851194367852,0.732000916335614,0.24661579689882884,0.185081865696449,0.19263068190203678,0.007548816205587783,,,,,,,,,,,OBSERVATION_ONLY_FULL_FORWARD_REQUIRED
episode_000001_000023,episode_000001,23,descent_to_grasp,P1_resize_224_direct,preprocessing,Direct resize to 224x224.,0.48617366874802853,0.10104814842603707,9.954716399489957,0.46727985903595454,0.4853748729804422,0.7320024547787866,0.24662758179834438,0.18417299760507608,0.1911285027369047,0.006955505131828632,,,,,,,,,,,OBSERVATION_ONLY_FULL_FORWARD_REQUIRED
episode_000001_000023,episode_000001,23,descent_to_grasp,P2_center_crop_square_resize_224,preprocessing,Center square crop then resize to 224x224.,0.46856635013381637,0.09565644251981838,10.19285774653071,0.3694104412506427,0.5219862774953731,0.7387346043886303,0.21674832689325718,0.17821734169462622,0.1936090438044254,0.015391702109799177,,,,,,,,,,,OBSERVATION_ONLY_FULL_FORWARD_REQUIRED
episode_000001_000023,episode_000001,23,descent_to_grasp,P3_center_crop_0p875_resize_224,preprocessing,Center crop 87.5% of min side then resize to 224x224.,0.45996628938766004,0.09126019259828115,10.397186190141309,0.24088593278271067,0.5480192427283413,0.7466536827543517,0.19863444002601038,0.16782447599467132,0.17515010940182665,0.007325633407155335,,,,,,,,,,,OBSERVATION_ONLY_FULL_FORWARD_REQUIRED
episode_000001_000023,episode_000001,23,descent_to_grasp,P4_letterbox_224,preprocessing,Aspect-preserving resize with black letterbox to 224x224.,0.27320217902206656,0.056577162217010986,12.473588395654984,0.7834037441684895,0.27330162479054115,0.4120468400641506,0.13874521527360945,0.2776253265818456,0.3904330243024687,0.1128076977206231,,,,,,,,,,,OBSERVATION_ONLY_FULL_FORWARD_REQUIRED
episode_000001_000023,episode_000001,23,descent_to_grasp,P5_brightness_match_sim_to_real,photometric,Shift Sim brightness mean toward Real mean.,0.24357451205046304,0.03385986143595055,14.703148234782708,0.47165926903227695,0.4853851194367852,0.48311487669611236,0.0022702427406728343,0.185081865696449,0.12773877441027176,0.057343091286177234,,,,,,,,,,,OBSERVATION_ONLY_FULL_FORWARD_REQUIRED
episode_000001_000023,episode_000001,23,descent_to_grasp,P6_contrast_match_sim_to_real,photometric,Scale Sim contrast toward Real luminance std.,0.4811829420530478,0.0991149280024509,10.038609301681827,0.46178822263828784,0.4853851194367852,0.7298862358115468,0.24450111637476157,0.185081865696449,0.18474435099667816,0.0003375146997708356,,,,,,,,,,,OBSERVATION_ONLY_FULL_FORWARD_REQUIRED
episode_000001_000024,episode_000001,24,descent_to_grasp,P0_current_paired_image,preprocessing,Existing paired 1280x720 image.,0.4782490060233859,0.09443293661759368,10.248765046801838,0.4617051915444074,0.49512761225149804,0.7352183826993126,0.24009077044781457,0.16837296569574817,0.18272255430508003,0.01434958860933186,,,,,,,,,,,OBSERVATION_ONLY_FULL_FORWARD_REQUIRED
episode_000001_000024,episode_000001,24,descent_to_grasp,P1_resize_224_direct,preprocessing,Direct resize to 224x224.,0.47720794672636946,0.09370360552309158,10.282436980273005,0.4671590036713971,0.4951065333789766,0.7352129339079382,0.2401064005289616,0.16749845371199656,0.18164918705041783,0.014150733338421262,,,,,,,,,,,OBSERVATION_ONLY_FULL_FORWARD_REQUIRED
episode_000001_000024,episode_000001,24,descent_to_grasp,P2_center_crop_square_resize_224,preprocessing,Center square crop then resize to 224x224.,0.4628546405402472,0.0908304554460673,10.417685081476531,0.3850768956846455,0.5215896699461035,0.7350032380921118,0.21341356814600831,0.1694588625238908,0.1898030267597907,0.02034416423589988,,,,,,,,,,,OBSERVATION_ONLY_FULL_FORWARD_REQUIRED
episode_000001_000024,episode_000001,24,descent_to_grasp,P3_center_crop_0p875_resize_224,preprocessing,Center crop 87.5% of min side then resize to 224x224.,0.4518156847694336,0.08396251913755698,10.75914539704602,0.28044626181800486,0.5441136301395558,0.7406026148584433,0.19648898471888743,0.15506945763961433,0.16978543009859287,0.014715972458978543,,,,,,,,,,,OBSERVATION_ONLY_FULL_FORWARD_REQUIRED
episode_000001_000024,episode_000001,24,descent_to_grasp,P4_letterbox_224,preprocessing,Aspect-preserving resize with black letterbox to 224x224.,0.26817900587212423,0.052498093702350215,12.798564663003503,0.8000668394900265,0.2787747632334184,0.413859990965136,0.1350852277317176,0.2759163887031509,0.3894464434529283,0.1135300547497774,,,,,,,,,,,OBSERVATION_ONLY_FULL_FORWARD_REQUIRED
episode_000001_000024,episode_000001,24,descent_to_grasp,P5_brightness_match_sim_to_real,photometric,Shift Sim brightness mean toward Real mean.,0.23331883443706036,0.029938824788720873,15.23765251347368,0.4793603682281127,0.49512761225149804,0.49275930810270285,0.002368304148795186,0.16837296569574817,0.12282088339071845,0.04555208230502972,,,,,,,,,,,OBSERVATION_ONLY_FULL_FORWARD_REQUIRED
episode_000001_000024,episode_000001,24,descent_to_grasp,P6_contrast_match_sim_to_real,photometric,Scale Sim contrast toward Real luminance std.,0.46763354955746855,0.08976224726489637,10.469062830651126,0.4641323553182532,0.49512761225149804,0.7336133655926607,0.23848575334116262,0.16837296569574817,0.16817592445779478,0.00019704123795338813,,,,,,,,,,,OBSERVATION_ONLY_FULL_FORWARD_REQUIRED
episode_000001_000025,episode_000001,25,descent_to_grasp,P0_current_paired_image,preprocessing,Existing paired 1280x720 image.,0.4725450060730579,0.08955250998547565,10.479222372011556,0.4696130024621077,0.49746082545530357,0.7330458700554875,0.23558504460018392,0.15673595309908792,0.1773663389920238,0.020630385892935893,,,,,,,,,,,OBSERVATION_ONLY_FULL_FORWARD_REQUIRED
episode_000001_000025,episode_000001,25,descent_to_grasp,P1_resize_224_direct,preprocessing,Direct resize to 224x224.,0.4715275152928444,0.0888600741562965,10.512933286637171,0.4753748332365493,0.49744175803133744,0.7330499400541466,0.23560818202280914,0.155891468396994,0.17627684583275213,0.020385377435758134,,,,,,,,,,,OBSERVATION_ONLY_FULL_FORWARD_REQUIRED
episode_000001_000025,episode_000001,25,descent_to_grasp,P2_center_crop_square_resize_224,preprocessing,Center square crop then resize to 224x224.,0.45452134454681625,0.08481697948787358,10.715171977464648,0.43250567365270565,0.5173439845469437,0.7286064157538014,0.21126243120685761,0.15987780907384372,0.18750337557447014,0.02762556650062642,,,,,,,,,,,OBSERVATION_ONLY_FULL_FORWARD_REQUIRED
episode_000001_000025,episode_000001,25,descent_to_grasp,P3_center_crop_0p875_resize_224,preprocessing,Center crop 87.5% of min side then resize to 224x224.,0.44245536048133094,0.07689935706717325,11.140772911913665,0.35357327926236115,0.5380149545599489,0.7332357195378151,0.19522076497786622,0.14269444217460334,0.1676112027755684,0.024916760600965066,,,,,,,,,,,OBSERVATION_ONLY_FULL_FORWARD_REQUIRED
episode_000001_000025,episode_000001,25,descent_to_grasp,P4_letterbox_224,preprocessing,Aspect-preserving resize with black letterbox to 224x224.,0.2650052570405206,0.04978805789063991,13.028748141509016,0.8100549226944495,0.2800923152229642,0.4126612832007803,0.13256896797781614,0.27312717421683247,0.3870655565481921,0.11393838233135961,,,,,,,,,,,OBSERVATION_ONLY_FULL_FORWARD_REQUIRED
episode_000001_000025,episode_000001,25,descent_to_grasp,P5_brightness_match_sim_to_real,photometric,Shift Sim brightness mean toward Real mean.,0.23003523658059702,0.02743950402578423,15.616237428490962,0.4957096708811741,0.49746082545530357,0.49539100625595717,0.002069819199346401,0.15673595309908792,0.12041242492647115,0.03632352817261676,,,,,,,,,,,OBSERVATION_ONLY_FULL_FORWARD_REQUIRED
episode_000001_000025,episode_000001,25,descent_to_grasp,P6_contrast_match_sim_to_real,photometric,Scale Sim contrast toward Real luminance std.,0.4568980124619371,0.08316311789580572,10.800692367580764,0.4745466832975948,0.49746082545530357,0.7315005688146785,0.23403974335937494,0.15673595309908792,0.1566012928076747,0.0001346602914132078,,,,,,,,,,,OBSERVATION_ONLY_FULL_FORWARD_REQUIRED
episode_000001_000026,episode_000001,26,descent_to_grasp,P0_current_paired_image,preprocessing,Existing paired 1280x720 image.,0.4699926165293078,0.08701620265242532,10.603998730437784,0.48472006251737626,0.49750739148454504,0.7313631326925037,0.2338557412079587,0.15014634048318803,0.17471377596781335,0.02456743548462531,,,,,,,,,,,OBSERVATION_ONLY_FULL_FORWARD_REQUIRED
episode_000001_000026,episode_000001,26,descent_to_grasp,P1_resize_224_direct,preprocessing,Direct resize to 224x224.,0.4689800481656924,0.0863351370981399,10.638124170061463,0.4909329901519664,0.49748773640706284,0.7313826127794868,0.23389487637242395,0.14929805068138952,0.17356866253586953,0.024270611854480012,,,,,,,,,,,OBSERVATION_ONLY_FULL_FORWARD_REQUIRED
episode_000001_000026,episode_000001,26,descent_to_grasp,P2_center_crop_square_resize_224,preprocessing,Center square crop then resize to 224x224.,0.4501467314856599,0.08135719647336057,10.896040253892366,0.47379166461177935,0.5138149540597489,0.7249946574567326,0.21117970339698378,0.15399655504621268,0.18646342497064228,0.0324668699244296,,,,,,,,,,,OBSERVATION_ONLY_FULL_FORWARD_REQUIRED
episode_000001_000026,episode_000001,26,descent_to_grasp,P3_center_crop_0p875_resize_224,preprocessing,Center crop 87.5% of min side then resize to 224x224.,0.4398723687493214,0.07440593179673828,11.283924402081457,0.4008165658601338,0.5323807177558523,0.7295866530987396,0.19720593534288733,0.1360680467832657,0.16705981328035516,0.030991766497089457,,,,,,,,,,,OBSERVATION_ONLY_FULL_FORWARD_REQUIRED
episode_000001_000026,episode_000001,26,descent_to_grasp,P4_letterbox_224,preprocessing,Aspect-preserving resize with black letterbox to 224x224.,0.26355033379674003,0.04836627543174132,13.154573552768902,0.8157943010699616,0.28011619085134054,0.4117051550620247,0.13158896421068417,0.2710687099903614,0.38558433866332165,0.11451562867296022,,,,,,,,,,,OBSERVATION_ONLY_FULL_FORWARD_REQUIRED
episode_000001_000026,episode_000001,26,descent_to_grasp,P5_brightness_match_sim_to_real,photometric,Shift Sim brightness mean toward Real mean.,0.22857280254054918,0.025771730179453778,15.888564242055512,0.5166762020385711,0.49750739148454504,0.49530498115553495,0.002202410329010085,0.15014634048318803,0.11874083457465243,0.03140550590853561,,,,,,,,,,,OBSERVATION_ONLY_FULL_FORWARD_REQUIRED
episode_000001_000026,episode_000001,26,descent_to_grasp,P6_contrast_match_sim_to_real,photometric,Scale Sim contrast toward Real luminance std.,0.45209930147393507,0.07995228212506407,10.971691354177187,0.49174640319844803,0.49750739148454504,0.7303916008825231,0.23288420939797805,0.15014634048318803,0.15022157690584878,7.523642266074604e-05,,,,,,,,,,,OBSERVATION_ONLY_FULL_FORWARD_REQUIRED
episode_000001_000027,episode_000001,27,descent_to_grasp,P0_current_paired_image,preprocessing,Existing paired 1280x720 image.,0.46921313839799,0.08636007501232612,10.636869891096321,0.4897014034728086,0.49705784029735167,0.7310312543666599,0.23397341406930827,0.14832745608767614,0.17385554198624598,0.025528085898569836,,,,,,,,,,,OBSERVATION_ONLY_FULL_FORWARD_REQUIRED
episode_000001_000027,episode_000001,27,descent_to_grasp,P1_resize_224_direct,preprocessing,Direct resize to 224x224.,0.46816913326051746,0.08569347387647869,10.67052251208127,0.4958428774553774,0.4970376703493896,0.7310287315394907,0.23399106119010105,0.14747900112610104,0.17272525676843453,0.025246255642333487,,,,,,,,,,,OBSERVATION_ONLY_FULL_FORWARD_REQUIRED
episode_000001_000027,episode_000001,27,descent_to_grasp,P2_center_crop_square_resize_224,preprocessing,Center square crop then resize to 224x224.,0.4492517874558101,0.08056443114418971,10.938566550593745,0.4846629554427735,0.5123883662527511,0.7243617075580232,0.21197334130527212,0.1523181135911664,0.18597601490309942,0.033657901311933025,,,,,,,,,,,OBSERVATION_ONLY_FULL_FORWARD_REQUIRED
episode_000001_000027,episode_000001,27,descent_to_grasp,P3_center_crop_0p875_resize_224,preprocessing,Center crop 87.5% of min side then resize to 224x224.,0.4392900997770948,0.07381674033992681,11.318451366483401,0.41478218037188586,0.5301267036971038,0.7287998493616197,0.19867314566451588,0.13422256435280872,0.1668027855019282,0.03258022114911949,,,,,,,,,,,OBSERVATION_ONLY_FULL_FORWARD_REQUIRED
episode_000001_000027,episode_000001,27,descent_to_grasp,P4_letterbox_224,preprocessing,Aspect-preserving resize with black letterbox to 224x224.,0.26314047725289197,0.04801478965769314,13.186249693452927,0.8168263613821027,0.2798673545355642,0.4115301248311824,0.13166277029561818,0.2703162791175255,0.38522538676197016,0.11490910764444467,,,,,,,,,,,OBSERVATION_ONLY_FULL_FORWARD_REQUIRED
episode_000001_000027,episode_000001,27,descent_to_grasp,P5_brightness_match_sim_to_real,photometric,Shift Sim brightness mean toward Real mean.,0.22694152331241604,0.025131067450241722,15.99789064216655,0.5235000640205808,0.49705784029735167,0.4950168866055622,0.002040953691789471,0.14832745608767614,0.11817478569925892,0.03015267038841722,,,,,,,,,,,OBSERVATION_ONLY_FULL_FORWARD_REQUIRED
episode_000001_000027,episode_000001,27,descent_to_grasp,P6_contrast_match_sim_to_real,photometric,Scale Sim contrast toward Real luminance std.,0.4507219119990897,0.07917755162499822,11.013979318865797,0.4970980405748348,0.49705784029735167,0.7301957622412855,0.2331379219439338,0.14832745608767614,0.14849340476820105,0.0001659486805249133,,,,,,,,,,,OBSERVATION_ONLY_FULL_FORWARD_REQUIRED
episode_000001_000028,episode_000001,28,grasp_close,P0_current_paired_image,preprocessing,Existing paired 1280x720 image.,0.4627263723418426,0.08277479485610058,10.821018869029723,0.5395862695659395,0.49708006580967457,0.7305412764756944,0.23346121066601988,0.14827042843483348,0.1735809978696486,0.025310569434815106,,,,,,,,,,,OBSERVATION_ONLY_FULL_FORWARD_REQUIRED
episode_000001_000028,episode_000001,28,grasp_close,P1_resize_224_direct,preprocessing,Direct resize to 224x224.,0.46192360091981044,0.08221688542655624,10.850389793639936,0.5452078447014808,0.49706821284763897,0.7305553175488945,0.2334871047012555,0.14743043832795558,0.17272961169220474,0.025299173364249167,,,,,,,,,,,OBSERVATION_ONLY_FULL_FORWARD_REQUIRED
episode_000001_000028,episode_000001,28,grasp_close,P2_center_crop_square_resize_224,preprocessing,Center square crop then resize to 224x224.,0.4537870369072527,0.08206231951522439,10.85856211736326,0.49771719078230897,0.5124408760848089,0.7328221767300671,0.22038130064525818,0.15219165934486417,0.17931247745669485,0.027120818111830675,,,,,,,,,,,OBSERVATION_ONLY_FULL_FORWARD_REQUIRED
episode_000001_000028,episode_000001,28,grasp_close,P3_center_crop_0p875_resize_224,preprocessing,Center crop 87.5% of min side then resize to 224x224.,0.444958044524972,0.0758568726714542,11.200050657925589,0.4231820307180893,0.5301716586947278,0.7398323786858493,0.20966071999112146,0.1341840722276944,0.1559168821939938,0.021732809966299393,,,,,,,,,,,OBSERVATION_ONLY_FULL_FORWARD_REQUIRED
episode_000001_000028,episode_000001,28,grasp_close,P4_letterbox_224,preprocessing,Aspect-preserving resize with black letterbox to 224x224.,0.25967134808155184,0.046094596641761285,13.363499810355652,0.8235996188305398,0.2798727717024309,0.4112528446534864,0.13138007295105547,0.2702938087691965,0.3850419054107116,0.11474809664151508,,,,,,,,,,,OBSERVATION_ONLY_FULL_FORWARD_REQUIRED
episode_000001_000028,episode_000001,28,grasp_close,P5_brightness_match_sim_to_real,photometric,Shift Sim brightness mean toward Real mean.,0.2206283989604184,0.023083042724397325,16.367069445926393,0.5757791518604848,0.49708006580967457,0.49486693742170484,0.0022131283879697206,0.14827042843483348,0.11799139408131484,0.03027903435351864,,,,,,,,,,,OBSERVATION_ONLY_FULL_FORWARD_REQUIRED
episode_000001_000028,episode_000001,28,grasp_close,P6_contrast_match_sim_to_real,photometric,Scale Sim contrast toward Real luminance std.,0.44583713122366475,0.07612771924549143,11.184571812921378,0.5474579596289785,0.49708006580967457,0.7298364506859341,0.2327563848762595,0.14827042843483348,0.14849358586408268,0.00022315742924919335,,,,,,,,,,,OBSERVATION_ONLY_FULL_FORWARD_REQUIRED
episode_000001_000029,episode_000001,29,grasp_close,P0_current_paired_image,preprocessing,Existing paired 1280x720 image.,0.4625394381306702,0.08263832631034895,10.828184872476394,0.5418787755944449,0.4975775214545885,0.7308703171321828,0.23329279567759426,0.1484599716490348,0.17362382253634445,0.025163850887309658,,,,,,,,,,,OBSERVATION_ONLY_FULL_FORWARD_REQUIRED
episode_000001_000029,episode_000001,29,grasp_close,P1_resize_224_direct,preprocessing,Direct resize to 224x224.,0.4616965421321988,0.08206750296115177,10.858287805001217,0.5476683678036207,0.4975584844562824,0.7308690059773909,0.23331052152110848,0.1476205740916114,0.17275953949132342,0.025138965399712027,,,,,,,,,,,OBSERVATION_ONLY_FULL_FORWARD_REQUIRED
episode_000001_000029,episode_000001,29,grasp_close,P2_center_crop_square_resize_224,preprocessing,Center square crop then resize to 224x224.,0.4534810760715196,0.08185519704205212,10.869537417250609,0.4998801782465285,0.5131759687781362,0.7332367926858243,0.2200608239076881,0.15239728500158695,0.1792630419524281,0.026865756950841146,,,,,,,,,,,OBSERVATION_ONLY_FULL_FORWARD_REQUIRED
episode_000001_000029,episode_000001,29,grasp_close,P3_center_crop_0p875_resize_224,preprocessing,Center crop 87.5% of min side then resize to 224x224.,0.4444912228241406,0.0756095986188593,11.214230674274944,0.42663517288028174,0.531013234637605,0.740210898124875,0.20919766348726998,0.1342878805274883,0.15607366838568232,0.021785787858194017,,,,,,,,,,,OBSERVATION_ONLY_FULL_FORWARD_REQUIRED
episode_000001_000029,episode_000001,29,grasp_close,P4_letterbox_224,preprocessing,Aspect-preserving resize with black letterbox to 224x224.,0.25952572953258174,0.04600954434061206,13.371520677857953,0.8242484844177005,0.28015738521971284,0.4114344917185624,0.13127710649884955,0.2705874494433938,0.38520213845335266,0.11461468900995886,,,,,,,,,,,OBSERVATION_ONLY_FULL_FORWARD_REQUIRED
episode_000001_000029,episode_000001,29,grasp_close,P5_brightness_match_sim_to_real,photometric,Shift Sim brightness mean toward Real mean.,0.22083320635039466,0.023062045469513147,16.37102175934374,0.5781989046052501,0.4975775214545885,0.49552834664096523,0.002049174813623267,0.1484599716490348,0.11823721588895214,0.030222755760082654,,,,,,,,,,,OBSERVATION_ONLY_FULL_FORWARD_REQUIRED
episode_000001_000029,episode_000001,29,grasp_close,P6_contrast_match_sim_to_real,photometric,Scale Sim contrast toward Real luminance std.,0.4455800778505371,0.07600024074274318,11.191850320207966,0.5496799077918386,0.4975775214545885,0.7300959652369281,0.2325184437823396,0.1484599716490348,0.14860892784075808,0.00014895619172328178,,,,,,,,,,,OBSERVATION_ONLY_FULL_FORWARD_REQUIRED
episode_000001_000030,episode_000001,30,grasp_close,P0_current_paired_image,preprocessing,Existing paired 1280x720 image.,0.4604160858646385,0.0816912418890259,10.878245016457049,0.5568159874973957,0.49777760957839723,0.7310545726809303,0.2332769631025331,0.14831714942816254,0.1736858734779164,0.02536872404975385,,,,,,,,,,,OBSERVATION_ONLY_FULL_FORWARD_REQUIRED
episode_000001_000030,episode_000001,30,grasp_close,P1_resize_224_direct,preprocessing,Direct resize to 224x224.,0.459550090283803,0.08110903899958677,10.90930744199503,0.5629428034204857,0.49775756366609136,0.7310609470194327,0.23330338335334133,0.14744809177472845,0.1728006189755164,0.025352527200787955,,,,,,,,,,,OBSERVATION_ONLY_FULL_FORWARD_REQUIRED
episode_000001_000030,episode_000001,30,grasp_close,P2_center_crop_square_resize_224,preprocessing,Center square crop then resize to 224x224.,0.4501708422213751,0.08043868405205218,10.945350429187446,0.5163886165373128,0.5143224237820128,0.733605986410189,0.21928356262817628,0.15190406649520163,0.1791287528860174,0.027224686390815767,,,,,,,,,,,OBSERVATION_ONLY_FULL_FORWARD_REQUIRED
episode_000001_000030,episode_000001,30,grasp_close,P3_center_crop_0p875_resize_224,preprocessing,Center crop 87.5% of min side then resize to 224x224.,0.44067342274570726,0.07400097324469004,11.30762568484984,0.45093571845738734,0.5321088782856892,0.7405625316532863,0.20845365336759714,0.1332917047805909,0.15599079720723508,0.02269909242664417,,,,,,,,,,,OBSERVATION_ONLY_FULL_FORWARD_REQUIRED
episode_000001_000030,episode_000001,30,grasp_close,P4_letterbox_224,preprocessing,Aspect-preserving resize with black letterbox to 224x224.,0.25828305852542005,0.04547381289116954,13.422386295166788,0.8263728116237918,0.28026867678321327,0.4115419745867096,0.13127329780349634,0.2706330890030731,0.38530122746372397,0.11466813846065088,,,,,,,,,,,OBSERVATION_ONLY_FULL_FORWARD_REQUIRED
episode_000001_000030,episode_000001,30,grasp_close,P5_brightness_match_sim_to_real,photometric,Shift Sim brightness mean toward Real mean.,0.21944405993951152,0.02244513748718442,16.48877729993108,0.5944144813010458,0.49777760957839723,0.49611439466656443,0.0016632149118328,0.14831714942816254,0.118349654206606,0.029967495221556548,,,,,,,,,,,OBSERVATION_ONLY_FULL_FORWARD_REQUIRED
episode_000001_000030,episode_000001,30,grasp_close,P6_contrast_match_sim_to_real,photometric,Scale Sim contrast toward Real luminance std.,0.44312307268905493,0.07500599044549289,11.249040497612565,0.564907302735723,0.49777760957839723,0.7301475843579789,0.23236997477958166,0.14831714942816254,0.14848924594819016,0.00017209652002761477,,,,,,,,,,,OBSERVATION_ONLY_FULL_FORWARD_REQUIRED
episode_000001_000031,episode_000001,31,grasp_close,P0_current_paired_image,preprocessing,Existing paired 1280x720 image.,0.45784123135118243,0.08052966941133753,10.940440837602562,0.5787513378609015,0.49800350208333344,0.7312953298049429,0.2332918277216095,0.14787341586940383,0.1736780952936917,0.025804679424287852,,,,,,,,,,,OBSERVATION_ONLY_FULL_FORWARD_REQUIRED
episode_000001_000031,episode_000001,31,grasp_close,P1_resize_224_direct,preprocessing,Direct resize to 224x224.,0.4569642562096481,0.07995773217375185,10.971395321926487,0.5848824317402876,0.49799114301970776,0.7312881642969689,0.2332970212772611,0.147064416025532,0.17280260830678112,0.025738192281249128,,,,,,,,,,,OBSERVATION_ONLY_FULL_FORWARD_REQUIRED
episode_000001_000031,episode_000001,31,grasp_close,P2_center_crop_square_resize_224,preprocessing,Center square crop then resize to 224x224.,0.4458174302577995,0.07850752780687438,11.050886983089981,0.5442301597561885,0.5157512555647258,0.7339064769657861,0.21815522140106036,0.1510749411920533,0.1790818699587904,0.028006928766737105,,,,,,,,,,,OBSERVATION_ONLY_FULL_FORWARD_REQUIRED
episode_000001_000031,episode_000001,31,grasp_close,P3_center_crop_0p875_resize_224,preprocessing,Center crop 87.5% of min side then resize to 224x224.,0.43570249315429255,0.07188658449490906,11.433521502770693,0.49325799287866584,0.5333513597939175,0.7409465181541366,0.20759515836021913,0.1317834929456319,0.15588420747496237,0.024100714529330464,,,,,,,,,,,OBSERVATION_ONLY_FULL_FORWARD_REQUIRED
episode_000001_000031,episode_000001,31,grasp_close,P4_letterbox_224,preprocessing,Aspect-preserving resize with black letterbox to 224x224.,0.25681321413821245,0.04482942809476732,13.484368015506934,0.8294527076886158,0.2804003736963535,0.41167268971651155,0.13127231602015804,0.2706311102636639,0.38541209701457846,0.11478098675091458,,,,,,,,,,,OBSERVATION_ONLY_FULL_FORWARD_REQUIRED
episode_000001_000031,episode_000001,31,grasp_close,P5_brightness_match_sim_to_real,photometric,Shift Sim brightness mean toward Real mean.,0.2172786751996644,0.021569090892302828,16.66168159430454,0.6181809053739759,0.49800350208333344,0.49628378760552827,0.0017197144778051676,0.14787341586940383,0.1183351237062225,0.029538292163181337,,,,,,,,,,,OBSERVATION_ONLY_FULL_FORWARD_REQUIRED
episode_000001_000031,episode_000001,31,grasp_close,P6_contrast_match_sim_to_real,photometric,Scale Sim contrast toward Real luminance std.,0.4404820775880232,0.07387265764614216,11.31516276499626,0.5873617866977198,0.49800350208333344,0.730308774288535,0.23230527220520159,0.14787341586940383,0.14782890337883833,4.451249056550144e-05,,,,,,,,,,,OBSERVATION_ONLY_FULL_FORWARD_REQUIRED
episode_000001_000032,episode_000001,32,grasp_close,P0_current_paired_image,preprocessing,Existing paired 1280x720 image.,0.45805104147460146,0.08060074919991599,10.936609213229843,0.580408957183167,0.49754267601868885,0.7312826070252921,0.23373993100660329,0.14779648636726625,0.17372641625414859,0.025929929886882336,,,,,,,,,,,OBSERVATION_ONLY_FULL_FORWARD_REQUIRED
episode_000001_000032,episode_000001,32,grasp_close,P1_resize_224_direct,preprocessing,Direct resize to 224x224.,0.45718965226893554,0.08004248329233656,10.966794459799942,0.5864887515890417,0.49752767522634045,0.7313058303790263,0.23377815515268585,0.1469800293927302,0.1728355713654994,0.025855541972769208,,,,,,,,,,,OBSERVATION_ONLY_FULL_FORWARD_REQUIRED
episode_000001_000032,episode_000001,32,grasp_close,P2_center_crop_square_resize_224,preprocessing,Center square crop then resize to 224x224.,0.44581457202491326,0.0785000848787227,11.05129873670786,0.5468761707122887,0.515242348204907,0.7339306514168168,0.2186883032119098,0.15104722506478602,0.1790957206354377,0.02804849557065167,,,,,,,,,,,OBSERVATION_ONLY_FULL_FORWARD_REQUIRED
episode_000001_000032,episode_000001,32,grasp_close,P3_center_crop_0p875_resize_224,preprocessing,Center crop 87.5% of min side then resize to 224x224.,0.4355081110647371,0.07179153534371265,11.439267586856754,0.4988052700308731,0.5328414803577681,0.740963862419968,0.2081223820621999,0.1317286567022001,0.15595054524743965,0.024221888545239545,,,,,,,,,,,OBSERVATION_ONLY_FULL_FORWARD_REQUIRED
episode_000001_000032,episode_000001,32,grasp_close,P4_letterbox_224,preprocessing,Aspect-preserving resize with black letterbox to 224x224.,0.2569391893353393,0.04487903596896274,13.479564805811401,0.8291246349776227,0.28014133564363247,0.4116890510422919,0.13154771539865945,0.27040467428860565,0.38543199317146765,0.115027318882862,,,,,,,,,,,OBSERVATION_ONLY_FULL_FORWARD_REQUIRED
episode_000001_000032,episode_000001,32,grasp_close,P5_brightness_match_sim_to_real,photometric,Shift Sim brightness mean toward Real mean.,0.21651480228854686,0.02143274202541402,16.68922263380614,0.6194056666478007,0.49754267601868885,0.4952480182393791,0.002294657779309761,0.14779648636726625,0.11804316053149737,0.029753325835768882,,,,,,,,,,,OBSERVATION_ONLY_FULL_FORWARD_REQUIRED
episode_000001_000032,episode_000001,32,grasp_close,P6_contrast_match_sim_to_real,photometric,Scale Sim contrast toward Real luminance std.,0.4400623485108784,0.07377182929442201,11.3210944735871,0.5890390027648417,0.49754267601868885,0.7301568937670204,0.23261421774833158,0.14779648636726625,0.14771201814686735,8.446822039889779e-05,,,,,,,,,,,OBSERVATION_ONLY_FULL_FORWARD_REQUIRED
episode_000001_000033,episode_000001,33,grasp_close,P0_current_paired_image,preprocessing,Existing paired 1280x720 image.,0.45803833832588337,0.08060098933636635,10.936596274171464,0.580879648825501,0.4974735913713575,0.7314145520816314,0.23394096071027393,0.14780314916379458,0.17348542762086205,0.02568227845706747,,,,,,,,,,,OBSERVATION_ONLY_FULL_FORWARD_REQUIRED
episode_000001_000033,episode_000001,33,grasp_close,P1_resize_224_direct,preprocessing,Direct resize to 224x224.,0.4571823596277399,0.0800395196885944,10.966955261979818,0.5870289876373621,0.4974561740008504,0.7314218268557424,0.23396565285489201,0.146985060957216,0.17261105259430765,0.025625991637091644,,,,,,,,,,,OBSERVATION_ONLY_FULL_FORWARD_REQUIRED
episode_000001_000033,episode_000001,33,grasp_close,P2_center_crop_square_resize_224,preprocessing,Center square crop then resize to 224x224.,0.44590192199146655,0.07853338567861784,11.049456791318399,0.5471479428465518,0.5151462483430871,0.7340670851152961,0.21892083677220897,0.15108036690957555,0.17887626795674924,0.027795901047173693,,,,,,,,,,,OBSERVATION_ONLY_FULL_FORWARD_REQUIRED
episode_000001_000033,episode_000001,33,grasp_close,P3_center_crop_0p875_resize_224,preprocessing,Center crop 87.5% of min side then resize to 224x224.,0.4355135337827736,0.07179226848010446,11.439223236856131,0.4994347603869353,0.5327545822078831,0.74108163999975,0.2083270577918669,0.1317070282196165,0.15572499489026825,0.024017966670651758,,,,,,,,,,,OBSERVATION_ONLY_FULL_FORWARD_REQUIRED
episode_000001_000033,episode_000001,33,grasp_close,P4_letterbox_224,preprocessing,Aspect-preserving resize with black letterbox to 224x224.,0.2569732602210026,0.04488263473281469,13.479216567354788,0.8290658791066736,0.28010406142144356,0.4117521740571228,0.13164811263567922,0.2703758719731706,0.3854289863632931,0.1150531143901225,,,,,,,,,,,OBSERVATION_ONLY_FULL_FORWARD_REQUIRED
episode_000001_000033,episode_000001,33,grasp_close,P5_brightness_match_sim_to_real,photometric,Shift Sim brightness mean toward Real mean.,0.216438028730528,0.021409818366911935,16.693870170858737,0.6196742031628378,0.4974735913713575,0.495298166534756,0.0021754248366014917,0.14780314916379458,0.11787516319084491,0.02992798597294967,,,,,,,,,,,OBSERVATION_ONLY_FULL_FORWARD_REQUIRED
episode_000001_000033,episode_000001,33,grasp_close,P6_contrast_match_sim_to_real,photometric,Scale Sim contrast toward Real luminance std.,0.44104623729374665,0.07409532546020403,11.30209190008202,0.5893399153831413,0.4974735913713575,0.7305607937440425,0.233087202372685,0.14780314916379458,0.14803788892443562,0.00023473976064103397,,,,,,,,,,,OBSERVATION_ONLY_FULL_FORWARD_REQUIRED
episode_000001_000034,episode_000001,34,grasp_close,P0_current_paired_image,preprocessing,Existing paired 1280x720 image.,0.4573839391452588,0.08035235227703554,10.950014049493841,0.5826250584730811,0.49794151715090557,0.7313114021914147,0.2333698850405091,0.14802411700236687,0.17340245961217515,0.025378342609808285,,,,,,,,,,,OBSERVATION_ONLY_FULL_FORWARD_REQUIRED
episode_000001_000034,episode_000001,34,grasp_close,P1_resize_224_direct,preprocessing,Direct resize to 224x224.,0.4565667181937248,0.07979985427586066,10.97997901722546,0.5885876862630058,0.4979243867703331,0.7313279227784862,0.2334035360081531,0.14720591585158577,0.17252547737960647,0.0253195615280207,,,,,,,,,,,OBSERVATION_ONLY_FULL_FORWARD_REQUIRED
episode_000001_000034,episode_000001,34,grasp_close,P2_center_crop_square_resize_224,preprocessing,Center square crop then resize to 224x224.,0.4451340537065367,0.07822451754394567,11.066571067199384,0.5497370401673749,0.5157458997661565,0.7339197865239847,0.21817388675782823,0.15131441873761153,0.17882665665338504,0.027512237915773508,,,,,,,,,,,OBSERVATION_ONLY_FULL_FORWARD_REQUIRED
episode_000001_000034,episode_000001,34,grasp_close,P3_center_crop_0p875_resize_224,preprocessing,Center crop 87.5% of min side then resize to 224x224.,0.4346785266001933,0.07147297000908205,11.458581707216176,0.5029764274538818,0.5334265456807724,0.7409007283538415,0.20747418267306905,0.13198021116675165,0.15571201179941901,0.02373180063266736,,,,,,,,,,,OBSERVATION_ONLY_FULL_FORWARD_REQUIRED
episode_000001_000034,episode_000001,34,grasp_close,P4_letterbox_224,preprocessing,Aspect-preserving resize with black letterbox to 224x224.,0.25663316218171695,0.044743967848577336,13.492655057482523,0.8298660752264662,0.2803641010935624,0.41169300945378146,0.13132890836021904,0.27065112430054067,0.3853544468503475,0.11470332254980681,,,,,,,,,,,OBSERVATION_ONLY_FULL_FORWARD_REQUIRED
episode_000001_000034,episode_000001,34,grasp_close,P5_brightness_match_sim_to_real,photometric,Shift Sim brightness mean toward Real mean.,0.21695221898344333,0.02145679440644268,16.684351600765698,0.6216621669987582,0.49794151715090557,0.49627986321316714,0.0016616539377384276,0.14802411700236687,0.11814224920426722,0.02988186779809965,,,,,,,,,,,OBSERVATION_ONLY_FULL_FORWARD_REQUIRED
episode_000001_000034,episode_000001,34,grasp_close,P6_contrast_match_sim_to_real,photometric,Scale Sim contrast toward Real luminance std.,0.44034717619899966,0.07385760451375539,11.316047822973951,0.5908773980990919,0.49794151715090557,0.7304104756595521,0.23246895850864652,0.14802411700236687,0.148129819836694,0.00010570283432712047,,,,,,,,,,,OBSERVATION_ONLY_FULL_FORWARD_REQUIRED
episode_000001_000035,episode_000001,35,grasp_close,P0_current_paired_image,preprocessing,Existing paired 1280x720 image.,0.4576041623294154,0.08044776550507642,10.944860142410512,0.5818893028747817,0.497946096777131,0.7314758951686752,0.2335297983915442,0.14798519575597507,0.17334104345702342,0.025355847701048345,,,,,,,,,,,OBSERVATION_ONLY_FULL_FORWARD_REQUIRED
episode_000001_000035,episode_000001,35,grasp_close,P1_resize_224_direct,preprocessing,Direct resize to 224x224.,0.4568041249229144,0.079896018149907,10.974748644734262,0.5878669826224588,0.4979254312037315,0.7314860095913366,0.23356057838760508,0.14717021332740526,0.17245568631225672,0.025285472984851454,,,,,,,,,,,OBSERVATION_ONLY_FULL_FORWARD_REQUIRED
episode_000001_000035,episode_000001,35,grasp_close,P2_center_crop_square_resize_224,preprocessing,Center square crop then resize to 224x224.,0.44532985252550694,0.07832260600318558,11.061128708221997,0.5480438257843806,0.5157768971963785,0.733996254705007,0.21821935750862842,0.15122720757872582,0.17879056925163217,0.02756336167290635,,,,,,,,,,,OBSERVATION_ONLY_FULL_FORWARD_REQUIRED
episode_000001_000035,episode_000001,35,grasp_close,P3_center_crop_0p875_resize_224,preprocessing,Center crop 87.5% of min side then resize to 224x224.,0.43488792008575144,0.07156432875437754,11.453033978799361,0.5009166544594575,0.533428386307648,0.7409589686186973,0.20753058231104926,0.13196641356017494,0.15570560998992122,0.023739196429746284,,,,,,,,,,,OBSERVATION_ONLY_FULL_FORWARD_REQUIRED
episode_000001_000035,episode_000001,35,grasp_close,P4_letterbox_224,preprocessing,Aspect-preserving resize with black letterbox to 224x224.,0.25675355454572,0.04479555414894717,13.487650865462866,0.82969260801813,0.2803729639355742,0.4117816153492647,0.1314086514136905,0.2706432462970616,0.38541007623780527,0.11476682994074366,,,,,,,,,,,OBSERVATION_ONLY_FULL_FORWARD_REQUIRED
episode_000001_000035,episode_000001,35,grasp_close,P5_brightness_match_sim_to_real,photometric,Shift Sim brightness mean toward Real mean.,0.21665336028172463,0.02144276843975607,16.687191443294743,0.6206825611562337,0.497946096777131,0.4959495458307802,0.0019965509463507614,0.14798519575597507,0.11803726403271389,0.029947931723261184,,,,,,,,,,,OBSERVATION_ONLY_FULL_FORWARD_REQUIRED
episode_000001_000035,episode_000001,35,grasp_close,P6_contrast_match_sim_to_real,photometric,Scale Sim contrast toward Real luminance std.,0.4405107027354953,0.0739379413144161,11.311326458407592,0.5901670078035504,0.497946096777131,0.7305089003250952,0.23256280354796421,0.14798519575597507,0.14815985662908474,0.00017466087310966105,,,,,,,,,,,OBSERVATION_ONLY_FULL_FORWARD_REQUIRED
episode_000001_000036,episode_000001,36,grasp_close,P0_current_paired_image,preprocessing,Existing paired 1280x720 image.,0.45770527685829104,0.08046760621471262,10.943789180616916,0.5820771787966352,0.4979453473941312,0.7314717692112606,0.23352642181712935,0.14803908066526583,0.1734550150081125,0.02541593434284667,,,,,,,,,,,OBSERVATION_ONLY_FULL_FORWARD_REQUIRED
episode_000001_000036,episode_000001,36,grasp_close,P1_resize_224_direct,preprocessing,Direct resize to 224x224.,0.45681546383076566,0.07989158224564334,10.974989775928384,0.588248424241785,0.49793740255477187,0.7314629128057473,0.2335255102509754,0.14721785994930692,0.17257894758916756,0.02536108763986064,,,,,,,,,,,OBSERVATION_ONLY_FULL_FORWARD_REQUIRED
episode_000001_000036,episode_000001,36,grasp_close,P2_center_crop_square_resize_224,preprocessing,Center square crop then resize to 224x224.,0.44538840235058424,0.07832835891709625,11.060809724069085,0.5488418754043872,0.5157676463241547,0.7341302296543617,0.21836258333020697,0.1513089178055172,0.17884607060671978,0.027537152801202586,,,,,,,,,,,OBSERVATION_ONLY_FULL_FORWARD_REQUIRED
episode_000001_000036,episode_000001,36,grasp_close,P3_center_crop_0p875_resize_224,preprocessing,Center crop 87.5% of min side then resize to 224x224.,0.435012990527994,0.07160236602811058,11.450726266310404,0.5013785915294486,0.5334507896596138,0.7411628402611043,0.20771205060149056,0.1320001967227787,0.1557747940082145,0.023774597285435795,,,,,,,,,,,OBSERVATION_ONLY_FULL_FORWARD_REQUIRED
episode_000001_000036,episode_000001,36,grasp_close,P4_letterbox_224,preprocessing,Aspect-preserving resize with black letterbox to 224x224.,0.2567655437196715,0.04479707181075044,13.487503730106678,0.8297114274202952,0.28036886296706176,0.41177116682610543,0.13140230385904367,0.27066186679358917,0.3854369329780597,0.11477506618447053,,,,,,,,,,,OBSERVATION_ONLY_FULL_FORWARD_REQUIRED
episode_000001_000036,episode_000001,36,grasp_close,P5_brightness_match_sim_to_real,photometric,Shift Sim brightness mean toward Real mean.,0.2167871937492206,0.021451618095381757,16.685399434143914,0.6209542856916288,0.4979453473941312,0.49595105545087803,0.001994291943253179,0.14803908066526583,0.1181171733530194,0.029921907312246435,,,,,,,,,,,OBSERVATION_ONLY_FULL_FORWARD_REQUIRED
episode_000001_000036,episode_000001,36,grasp_close,P6_contrast_match_sim_to_real,photometric,Scale Sim contrast toward Real luminance std.,0.440606517369265,0.07395273542071601,11.310457573513153,0.5902977549411572,0.4979453473941312,0.7305482009608185,0.2326028535666873,0.14803908066526583,0.14816621719778533,0.00012713653251950063,,,,,,,,,,,OBSERVATION_ONLY_FULL_FORWARD_REQUIRED
episode_000001_000037,episode_000001,37,grasp_close,P0_current_paired_image,preprocessing,Existing paired 1280x720 image.,0.45823232938359115,0.08068217291114886,10.932224139965307,0.5804780990175485,0.4974676980026209,0.7314183853094361,0.23395068730681523,0.1478918176644152,0.17364721156431023,0.025755393899895035,,,,,,,,,,,OBSERVATION_ONLY_FULL_FORWARD_REQUIRED
episode_000001_000037,episode_000001,37,grasp_close,P1_resize_224_direct,preprocessing,Direct resize to 224x224.,0.4573287505317691,0.0801053206208954,10.963386369800043,0.5867292977255878,0.497446986810349,0.7314127121629901,0.2339657253526411,0.1470761011796272,0.17277153822204444,0.025695437042417252,,,,,,,,,,,OBSERVATION_ONLY_FULL_FORWARD_REQUIRED
episode_000001_000037,episode_000001,37,grasp_close,P2_center_crop_square_resize_224,preprocessing,Center square crop then resize to 224x224.,0.4459711559417302,0.0785651432754474,11.047700931560666,0.5473778209694227,0.5151487967687074,0.7340038845069277,0.21885508773822027,0.15119884666413574,0.17911360633356144,0.027914759669425693,,,,,,,,,,,OBSERVATION_ONLY_FULL_FORWARD_REQUIRED
episode_000001_000037,episode_000001,37,grasp_close,P3_center_crop_0p875_resize_224,preprocessing,Center crop 87.5% of min side then resize to 224x224.,0.43563144801586684,0.07183307268986026,11.436755560404636,0.49946742619187373,0.5327893585090286,0.740968470622624,0.2081791121135954,0.1318267637795921,0.15609138754185137,0.02426462376225927,,,,,,,,,,,OBSERVATION_ONLY_FULL_FORWARD_REQUIRED
episode_000001_000037,episode_000001,37,grasp_close,P4_letterbox_224,preprocessing,Aspect-preserving resize with black letterbox to 224x224.,0.257023899736513,0.044913936162700376,13.476188826163769,0.8289921633224159,0.28009715881665165,0.4117438819746648,0.13164672315801318,0.27039558941240976,0.38546016149996437,0.1150645720875546,,,,,,,,,,,OBSERVATION_ONLY_FULL_FORWARD_REQUIRED
episode_000001_000037,episode_000001,37,grasp_close,P5_brightness_match_sim_to_real,photometric,Shift Sim brightness mean toward Real mean.,0.21670614575271058,0.02146633625377348,16.68242072030686,0.6193045041832721,0.4974676980026209,0.4952938522356687,0.0021738457669522315,0.1478918176644152,0.11798944062251687,0.029902377041898326,,,,,,,,,,,OBSERVATION_ONLY_FULL_FORWARD_REQUIRED
episode_000001_000037,episode_000001,37,grasp_close,P6_contrast_match_sim_to_real,photometric,Scale Sim contrast toward Real luminance std.,0.44088379467831934,0.07403304498269897,11.305743876975267,0.5890085064516842,0.4974676980026209,0.7303900989396103,0.23292240093698935,0.1478918176644152,0.1478390739084294,5.2743755985795726e-05,,,,,,,,,,,OBSERVATION_ONLY_FULL_FORWARD_REQUIRED
episode_000001_000038,episode_000001,38,lift,P0_current_paired_image,preprocessing,Existing paired 1280x720 image.,0.45824444513660967,0.08068419841861035,10.932115112699417,0.5799723472495296,0.49752399076797366,0.7315236072533695,0.23399961648539586,0.14781448456809773,0.1736222296259388,0.02580774505784106,,,,,,,,,,,OBSERVATION_ONLY_FULL_FORWARD_REQUIRED
episode_000001_000038,episode_000001,38,lift,P1_resize_224_direct,preprocessing,Direct resize to 224x224.,0.45738441376718725,0.08012308916622204,10.96242314720691,0.5860816831611215,0.4975024958889806,0.7315285781656412,0.2340260822766606,0.14698983495623472,0.17275973683110482,0.025769901874870105,,,,,,,,,,,OBSERVATION_ONLY_FULL_FORWARD_REQUIRED
episode_000001_000038,episode_000001,38,lift,P2_center_crop_square_resize_224,preprocessing,Center square crop then resize to 224x224.,0.44604900215090193,0.0785923946784596,11.046194782479304,0.5461767008184746,0.5152948143007202,0.7341754591993046,0.2188806448985844,0.15100862794779166,0.17905402630784253,0.028045398360050877,,,,,,,,,,,OBSERVATION_ONLY_FULL_FORWARD_REQUIRED
episode_000001_000038,episode_000001,38,lift,P3_center_crop_0p875_resize_224,preprocessing,Center crop 87.5% of min side then resize to 224x224.,0.4356787013173765,0.07185516537088692,11.435420067720557,0.4981712289014015,0.5328993181491347,0.7411721089060623,0.20827279075692762,0.13168390641974814,0.15603662753816075,0.024352721118412607,,,,,,,,,,,OBSERVATION_ONLY_FULL_FORWARD_REQUIRED
episode_000001_000038,episode_000001,38,lift,P4_letterbox_224,preprocessing,Aspect-preserving resize with black letterbox to 224x224.,0.25703777479985895,0.04492103326216106,13.475502627646767,0.8289140832553322,0.28013233473076726,0.41180196098752,0.13166962625675271,0.2703980313748221,0.3855078856188344,0.11510985424401232,,,,,,,,,,,OBSERVATION_ONLY_FULL_FORWARD_REQUIRED
episode_000001_000038,episode_000001,38,lift,P5_brightness_match_sim_to_real,photometric,Shift Sim brightness mean toward Real mean.,0.21653726076317384,0.021439910948379888,16.68777022836895,0.6188899599871268,0.49752399076797366,0.4953689444793369,0.002155046288636775,0.14781448456809773,0.1179690941987879,0.029845390369309832,,,,,,,,,,,OBSERVATION_ONLY_FULL_FORWARD_REQUIRED
episode_000001_000038,episode_000001,38,lift,P6_contrast_match_sim_to_real,photometric,Scale Sim contrast toward Real luminance std.,0.4409118503467309,0.07404103828588904,11.305274997155871,0.5885083874544927,0.49752399076797366,0.7304824924079176,0.23295850163994397,0.14781448456809773,0.14778770563771687,2.6778930380860766e-05,,,,,,,,,,,OBSERVATION_ONLY_FULL_FORWARD_REQUIRED
episode_000001_000039,episode_000001,39,lift,P0_current_paired_image,preprocessing,Existing paired 1280x720 image.,0.4597790025134272,0.08165920761312427,10.879948386050042,0.5762263362210699,0.4972817304959831,0.73210327625017,0.2348215457541869,0.15006633982253859,0.17501017673605052,0.02494383691351193,,,,,,,,,,,OBSERVATION_ONLY_FULL_FORWARD_REQUIRED
episode_000001_000039,episode_000001,39,lift,P1_resize_224_direct,preprocessing,Direct resize to 224x224.,0.4589124713476709,0.08109740250266774,10.909930557373492,0.5820734714893316,0.49726144993935073,0.7321090109793917,0.234847561040041,0.1492523434413333,0.17413650455082147,0.024884161109488157,,,,,,,,,,,OBSERVATION_ONLY_FULL_FORWARD_REQUIRED
episode_000001_000039,episode_000001,39,lift,P2_center_crop_square_resize_224,preprocessing,Center square crop then resize to 224x224.,0.4477501180198113,0.07976240843559645,10.982017409238605,0.5371832002353477,0.5156214236475839,0.7350814724170918,0.21946004876950786,0.15335309890002016,0.18008677671185103,0.026733677811830864,,,,,,,,,,,OBSERVATION_ONLY_FULL_FORWARD_REQUIRED
episode_000001_000039,episode_000001,39,lift,P3_center_crop_0p875_resize_224,preprocessing,Center crop 87.5% of min side then resize to 224x224.,0.43690597480483145,0.0726647679087975,11.386761092458663,0.49112953906180706,0.533942626785089,0.7422120570415668,0.20826943025647782,0.13445324717595944,0.15705771840575755,0.022604471229798112,,,,,,,,,,,OBSERVATION_ONLY_FULL_FORWARD_REQUIRED
episode_000001_000039,episode_000001,39,lift,P4_letterbox_224,preprocessing,Aspect-preserving resize with black letterbox to 224x224.,0.2578669435808356,0.04546479846023376,13.423247297455596,0.8270006554593354,0.2799928733368347,0.4121281917454482,0.13213531840861348,0.2709778617995359,0.38612499572431824,0.11514713392478232,,,,,,,,,,,OBSERVATION_ONLY_FULL_FORWARD_REQUIRED
episode_000001_000039,episode_000001,39,lift,P5_brightness_match_sim_to_real,photometric,Shift Sim brightness mean toward Real mean.,0.2179029463326242,0.021985470109430853,16.57864243542165,0.6136222018646812,0.4972817304959831,0.495475428152233,0.0018063023437501213,0.15006633982253859,0.11888638253643698,0.03117995728610161,,,,,,,,,,,OBSERVATION_ONLY_FULL_FORWARD_REQUIRED
episode_000001_000039,episode_000001,39,lift,P6_contrast_match_sim_to_real,photometric,Scale Sim contrast toward Real luminance std.,0.44345001406139906,0.07526014477493519,11.234349505803984,0.5843261300100434,0.4972817304959831,0.731118811009838,0.23383708051385488,0.15006633982253859,0.1502721310861243,0.00020579126358571953,,,,,,,,,,,OBSERVATION_ONLY_FULL_FORWARD_REQUIRED
episode_000001_000040,episode_000001,40,lift,P0_current_paired_image,preprocessing,Existing paired 1280x720 image.,0.46153634233785246,0.08403677074656117,10.755306444371284,0.5646544487705418,0.49544771978315605,0.7324814013412307,0.2370336815580747,0.1571879152707526,0.17987706094537753,0.022689145674624933,,,,,,,,,,,OBSERVATION_ONLY_FULL_FORWARD_REQUIRED
episode_000001_000040,episode_000001,40,lift,P1_resize_224_direct,preprocessing,Direct resize to 224x224.,0.4606502763869624,0.08343377649262318,10.786580983460809,0.570382735870881,0.49542458924194666,0.732489327840511,0.23706473859856436,0.15633388026799858,0.17899474494206224,0.02266086467406367,,,,,,,,,,,OBSERVATION_ONLY_FULL_FORWARD_REQUIRED
episode_000001_000040,episode_000001,40,lift,P2_center_crop_square_resize_224,preprocessing,Center square crop then resize to 224x224.,0.45115125502069997,0.08306549417152481,10.805793468902024,0.5050295198173232,0.5162937973158013,0.736960402817377,0.22066660550157569,0.1599820381718559,0.1838896981752116,0.023907660003355702,,,,,,,,,,,OBSERVATION_ONLY_FULL_FORWARD_REQUIRED
episode_000001_000040,episode_000001,40,lift,P3_center_crop_0p875_resize_224,preprocessing,Center crop 87.5% of min side then resize to 224x224.,0.4388579811359432,0.07502350449983915,11.248026529366435,0.4612623429751312,0.5359235525772809,0.7440948187399958,0.20817126616271497,0.14253515827343058,0.16093632360056348,0.0184011653271329,,,,,,,,,,,OBSERVATION_ONLY_FULL_FORWARD_REQUIRED
episode_000001_000040,episode_000001,40,lift,P4_letterbox_224,preprocessing,Aspect-preserving resize with black letterbox to 224x224.,0.2588921688490574,0.04678378918969548,13.299046060084546,0.8205855026591166,0.2789559254795668,0.41234278419180176,0.13338685871223493,0.27238401062369355,0.38755589468394713,0.11517188406025358,,,,,,,,,,,OBSERVATION_ONLY_FULL_FORWARD_REQUIRED
episode_000001_000040,episode_000001,40,lift,P5_brightness_match_sim_to_real,photometric,Shift Sim brightness mean toward Real mean.,0.21833353553229096,0.02326276104520876,16.33338740358432,0.5971149953577528,0.49544771978315605,0.49340640284245646,0.002041316940699589,0.1571879152707526,0.12163977599188322,0.03554813927886938,,,,,,,,,,,OBSERVATION_ONLY_FULL_FORWARD_REQUIRED
episode_000001_000040,episode_000001,40,lift,P6_contrast_match_sim_to_real,photometric,Scale Sim contrast toward Real luminance std.,0.44700784045514613,0.07807615623375799,11.074815755611295,0.5704918143344516,0.49544771978315605,0.7313315644548272,0.23588384467167112,0.1571879152707526,0.1572927372960115,0.00010482202525891049,,,,,,,,,,,OBSERVATION_ONLY_FULL_FORWARD_REQUIRED
episode_000001_000041,episode_000001,41,lift,P0_current_paired_image,preprocessing,Existing paired 1280x720 image.,0.46367561778799515,0.08741720265732016,10.584030950086575,0.5625126818924544,0.4917845510850694,0.7325332901160813,0.24074873903101185,0.16829682586817535,0.1871671964416391,0.018870370573463746,,,,,,,,,,,OBSERVATION_ONLY_FULL_FORWARD_REQUIRED
episode_000001_000041,episode_000001,41,lift,P1_resize_224_direct,preprocessing,Direct resize to 224x224.,0.46277165752736765,0.08676605068089328,10.61650169824087,0.5681442554134681,0.49176516861432074,0.732544255030137,0.24077908641581625,0.1674202713034908,0.18627396049671283,0.01885368919322203,,,,,,,,,,,OBSERVATION_ONLY_FULL_FORWARD_REQUIRED
episode_000001_000041,episode_000001,41,lift,P2_center_crop_square_resize_224,preprocessing,Center square crop then resize to 224x224.,0.4558117726877728,0.0875544680699077,10.577216861471575,0.47318665454005365,0.5181113919317726,0.7413392199692376,0.223227828037465,0.16858719756341164,0.18772893972964874,0.019141742166237097,,,,,,,,,,,OBSERVATION_ONLY_FULL_FORWARD_REQUIRED
episode_000001_000041,episode_000001,41,lift,P3_center_crop_0p875_resize_224,preprocessing,Center crop 87.5% of min side then resize to 224x224.,0.4451844658909032,0.0810258196415821,10.913765670342183,0.40163379787489656,0.5393235612057323,0.7496677759541317,0.21034421474839937,0.1542718257126679,0.16523640774739454,0.010964582034726639,,,,,,,,,,,OBSERVATION_ONLY_FULL_FORWARD_REQUIRED
episode_000001_000041,episode_000001,41,lift,P4_letterbox_224,preprocessing,Aspect-preserving resize with black letterbox to 224x224.,0.2600265715633902,0.04863550403821659,13.130465789170726,0.8122258332472936,0.2769016018282313,0.41234593055972385,0.13544432873149254,0.2744386285586101,0.38947675805020493,0.11503812949159481,,,,,,,,,,,OBSERVATION_ONLY_FULL_FORWARD_REQUIRED
episode_000001_000041,episode_000001,41,lift,P5_brightness_match_sim_to_real,photometric,Shift Sim brightness mean toward Real mean.,0.22096032960779227,0.02512063831841743,15.999693293200213,0.5889611505245487,0.4917845510850694,0.48976701540713535,0.002017535677934057,0.16829682586817535,0.12565921621246323,0.042637609655712116,,,,,,,,,,,OBSERVATION_ONLY_FULL_FORWARD_REQUIRED
episode_000001_000041,episode_000001,41,lift,P6_contrast_match_sim_to_real,photometric,Scale Sim contrast toward Real luminance std.,0.4523779082587625,0.08233417479544018,10.844198629116287,0.5665506120447308,0.4917845510850694,0.7311016846413739,0.23931713355630452,0.16829682586817535,0.16817497934349837,0.00012184652467697732,,,,,,,,,,,OBSERVATION_ONLY_FULL_FORWARD_REQUIRED
episode_000001_000042,episode_000001,42,lift,P0_current_paired_image,preprocessing,Existing paired 1280x720 image.,0.4683019654941679,0.09184333078467861,10.369523745630886,0.5692506025717535,0.48193493971183976,0.7270128014876092,0.2450778617757694,0.18024329012473922,0.19673012671918247,0.01648683659444325,,,,,,,,,,,OBSERVATION_ONLY_FULL_FORWARD_REQUIRED
episode_000001_000042,episode_000001,42,lift,P1_resize_224_direct,preprocessing,Direct resize to 224x224.,0.4666299183932208,0.09095941705930737,10.411523316177858,0.5761026905314826,0.4819230075311374,0.7270236467555772,0.24510063922443975,0.1792866758113046,0.19540430778807596,0.01611763197677135,,,,,,,,,,,OBSERVATION_ONLY_FULL_FORWARD_REQUIRED
episode_000001_000042,episode_000001,42,lift,P2_center_crop_square_resize_224,preprocessing,Center square crop then resize to 224x224.,0.4603325440873232,0.09089217079805777,10.414735241007836,0.4765224997287328,0.5149893184773909,0.7435070391594137,0.2285177206820228,0.1740500796405095,0.19018739050157904,0.016137310861069537,,,,,,,,,,,OBSERVATION_ONLY_FULL_FORWARD_REQUIRED
episode_000001_000042,episode_000001,42,lift,P3_center_crop_0p875_resize_224,preprocessing,Center crop 87.5% of min side then resize to 224x224.,0.451753678743256,0.08620274069595157,10.644789261682492,0.3893634214882649,0.5384282177089585,0.7541402148515655,0.21571199714260691,0.16307066635930412,0.16870135542078216,0.005630689061478039,,,,,,,,,,,OBSERVATION_ONLY_FULL_FORWARD_REQUIRED
episode_000001_000042,episode_000001,42,lift,P4_letterbox_224,preprocessing,Aspect-preserving resize with black letterbox to 224x224.,0.26206876366945153,0.05092394872573212,12.930779278128472,0.8016525169762367,0.2713598750437675,0.4092497533232042,0.13788987827943666,0.2743480520241141,0.38937018622759423,0.11502213420348012,,,,,,,,,,,OBSERVATION_ONLY_FULL_FORWARD_REQUIRED
episode_000001_000042,episode_000001,42,lift,P5_brightness_match_sim_to_real,photometric,Shift Sim brightness mean toward Real mean.,0.22675535628477597,0.02693142705974909,15.697406333039051,0.5920584282432528,0.48193493971183976,0.47978574832601434,0.002149191385825422,0.18024329012473922,0.13045817938591384,0.04978511073882538,,,,,,,,,,,OBSERVATION_ONLY_FULL_FORWARD_REQUIRED
episode_000001_000042,episode_000001,42,lift,P6_contrast_match_sim_to_real,photometric,Scale Sim contrast toward Real luminance std.,0.4576481000572187,0.08699026636946082,10.605293393184441,0.572284886633252,0.48193493971183976,0.7250035383501837,0.24306859863834396,0.18024329012473922,0.18039234633750403,0.0001490562127648143,,,,,,,,,,,OBSERVATION_ONLY_FULL_FORWARD_REQUIRED
episode_000001_000043,episode_000001,43,lift,P0_current_paired_image,preprocessing,Existing paired 1280x720 image.,0.47030592201335464,0.09555691002481233,10.197379022548315,0.557597203668978,0.47377406757386975,0.7196649190682868,0.24589085149441703,0.19041375330416394,0.20603293542544066,0.01561918212127672,,,,,,,,,,,OBSERVATION_ONLY_FULL_FORWARD_REQUIRED
episode_000001_000043,episode_000001,43,lift,P1_resize_224_direct,preprocessing,Direct resize to 224x224.,0.46865831164312455,0.09457348543992761,10.242306050481588,0.5644090241185339,0.47374697982317926,0.7196673728084982,0.24592039298531898,0.18938577457647562,0.2046575974607226,0.015271822884246972,,,,,,,,,,,OBSERVATION_ONLY_FULL_FORWARD_REQUIRED
episode_000001_000043,episode_000001,43,lift,P2_center_crop_square_resize_224,preprocessing,Center square crop then resize to 224x224.,0.46000352056713373,0.09175865617897486,10.3735295537629,0.47796167438915926,0.5138975867690826,0.742693682394833,0.22879609562575043,0.17767201643417163,0.19472800685714178,0.017055990422970152,,,,,,,,,,,OBSERVATION_ONLY_FULL_FORWARD_REQUIRED
episode_000001_000043,episode_000001,43,lift,P3_center_crop_0p875_resize_224,preprocessing,Center crop 87.5% of min side then resize to 224x224.,0.4537551855554014,0.08837075822976248,10.536914187013405,0.38349560698813284,0.5371270372836634,0.7543006613739246,0.2171736240902612,0.16717093276498832,0.17381653384351878,0.006645601078530461,,,,,,,,,,,OBSERVATION_ONLY_FULL_FORWARD_REQUIRED
episode_000001_000043,episode_000001,43,lift,P4_letterbox_224,preprocessing,Aspect-preserving resize with black letterbox to 224x224.,0.26278585930707643,0.052832869258814634,12.770958029145575,0.7910560237898683,0.26677625712785114,0.40510728711797217,0.13833102999012103,0.27464406237917005,0.38857869711706533,0.11393463473789528,,,,,,,,,,,OBSERVATION_ONLY_FULL_FORWARD_REQUIRED
episode_000001_000043,episode_000001,43,lift,P5_brightness_match_sim_to_real,photometric,Shift Sim brightness mean toward Real mean.,0.2347118485551172,0.029568879946904315,15.29165126001163,0.578569008115819,0.47377406757386975,0.47203980775548054,0.0017342598183892055,0.19041375330416394,0.1356888943492457,0.05472485895491824,,,,,,,,,,,OBSERVATION_ONLY_FULL_FORWARD_REQUIRED
episode_000001_000043,episode_000001,43,lift,P6_contrast_match_sim_to_real,photometric,Scale Sim contrast toward Real luminance std.,0.4610385426999198,0.09102003431728545,10.408630050875374,0.560699396611347,0.47377406757386975,0.717875705097699,0.2441016375238293,0.19041375330416394,0.1904939880316976,8.023472753365679e-05,,,,,,,,,,,OBSERVATION_ONLY_FULL_FORWARD_REQUIRED
episode_000001_000044,episode_000001,44,lift,P0_current_paired_image,preprocessing,Existing paired 1280x720 image.,0.46791225359272653,0.09596966592487573,10.178660169940375,0.557228993379467,0.4708751404428784,0.7154548028169255,0.2445796623740471,0.19519035164171533,0.21067557551025842,0.015485223868543091,,,,,,,,,,,OBSERVATION_ONLY_FULL_FORWARD_REQUIRED
episode_000001_000044,episode_000001,44,lift,P1_resize_224_direct,preprocessing,Direct resize to 224x224.,0.4661701671383044,0.09490791445254573,10.226975698725148,0.5644525003762411,0.4708539091105192,0.7154644490921367,0.24461053998161747,0.19411535476400588,0.20932245321272858,0.0152070984487227,,,,,,,,,,,OBSERVATION_ONLY_FULL_FORWARD_REQUIRED
episode_000001_000044,episode_000001,44,lift,P2_center_crop_square_resize_224,preprocessing,Center square crop then resize to 224x224.,0.4574601775161632,0.09161307118844268,10.38042557554645,0.47969112691175514,0.5142140969356492,0.7422057971938776,0.22799170025822835,0.18039961258137857,0.1970456143016981,0.01664600172031952,,,,,,,,,,,OBSERVATION_ONLY_FULL_FORWARD_REQUIRED
episode_000001_000044,episode_000001,44,lift,P3_center_crop_0p875_resize_224,preprocessing,Center crop 87.5% of min side then resize to 224x224.,0.452690901079472,0.08876095362573132,10.517780404624705,0.38276697638009805,0.5367912310549221,0.7540023044842936,0.21721107342937152,0.16934357938644534,0.17642195146152875,0.007078372075083411,,,,,,,,,,,OBSERVATION_ONLY_FULL_FORWARD_REQUIRED
episode_000001_000044,episode_000001,44,lift,P4_letterbox_224,preprocessing,Aspect-preserving resize with black letterbox to 224x224.,0.2613167746201275,0.05298648503519055,12.758348893260633,0.788442170248559,0.2651331183879802,0.4027455832332933,0.1376124648453131,0.2752624153866421,0.38804018178943595,0.11277776640279386,,,,,,,,,,,OBSERVATION_ONLY_FULL_FORWARD_REQUIRED
episode_000001_000044,episode_000001,44,lift,P5_brightness_match_sim_to_real,photometric,Shift Sim brightness mean toward Real mean.,0.2367872256312058,0.030490763312632594,15.158317032727036,0.5773858553430954,0.4708751404428784,0.4691768497429875,0.0016982906998909142,0.19519035164171533,0.13871619597471427,0.056474155667001064,,,,,,,,,,,OBSERVATION_ONLY_FULL_FORWARD_REQUIRED
episode_000001_000044,episode_000001,44,lift,P6_contrast_match_sim_to_real,photometric,Scale Sim contrast toward Real luminance std.,0.45904721012373284,0.09152869340785061,10.384427372425494,0.5601866886906737,0.4708751404428784,0.7138096205039832,0.2429344800611048,0.19519035164171533,0.195195393394944,5.0417532286572975e-06,,,,,,,,,,,OBSERVATION_ONLY_FULL_FORWARD_REQUIRED
episode_000001_000045,episode_000001,45,lift,P0_current_paired_image,preprocessing,Existing paired 1280x720 image.,0.4680268991253973,0.09621072493040426,10.167765130092278,0.5578847279004598,0.47035272510467746,0.7151157246655432,0.24476299956086572,0.19589753881091737,0.21110693580920337,0.015209396998285996,,,,,,,,,,,OBSERVATION_ONLY_FULL_FORWARD_REQUIRED
episode_000001_000045,episode_000001,45,lift,P1_resize_224_direct,preprocessing,Direct resize to 224x224.,0.4662621314498672,0.09512008081418842,10.217277894118503,0.565369802840265,0.470318156637655,0.7151244888111493,0.2448063321734943,0.19482099054548074,0.20971978435996977,0.014898793814489025,,,,,,,,,,,OBSERVATION_ONLY_FULL_FORWARD_REQUIRED
episode_000001_000045,episode_000001,45,lift,P2_center_crop_square_resize_224,preprocessing,Center square crop then resize to 224x224.,0.45710325139780134,0.0915777199360136,10.382101735571162,0.48191438738730547,0.5141676180315876,0.7422690903392606,0.22810147230767297,0.18083390312444114,0.19713002655143422,0.016296123426993075,,,,,,,,,,,OBSERVATION_ONLY_FULL_FORWARD_REQUIRED
episode_000001_000045,episode_000001,45,lift,P3_center_crop_0p875_resize_224,preprocessing,Center crop 87.5% of min side then resize to 224x224.,0.4527750808821532,0.08888740300041585,10.511597822811613,0.3845986445187319,0.5365702229641856,0.7542393083170769,0.2176690853528913,0.16965862726287267,0.17626329506657593,0.006604667803703251,,,,,,,,,,,OBSERVATION_ONLY_FULL_FORWARD_REQUIRED
episode_000001_000045,episode_000001,45,lift,P4_letterbox_224,preprocessing,Aspect-preserving resize with black letterbox to 224x224.,0.26135894804322923,0.05310910965693467,12.748309792120322,0.7879834477071941,0.26484396775897856,0.40255558417116843,0.13771161641218987,0.2753179121476728,0.3880155941068671,0.11269768195919427,,,,,,,,,,,OBSERVATION_ONLY_FULL_FORWARD_REQUIRED
episode_000001_000045,episode_000001,45,lift,P5_brightness_match_sim_to_real,photometric,Shift Sim brightness mean toward Real mean.,0.23766532376279728,0.030663791982161414,15.133741399220407,0.5769645612684827,0.47035272510467746,0.46830704042756,0.0020456846771174653,0.19589753881091737,0.13883678467990837,0.057060754131009,,,,,,,,,,,OBSERVATION_ONLY_FULL_FORWARD_REQUIRED
episode_000001_000045,episode_000001,45,lift,P6_contrast_match_sim_to_real,photometric,Scale Sim contrast toward Real luminance std.,0.4591597071397337,0.0917775479705544,10.372635495731867,0.560763986527386,0.47035272510467746,0.7134195036654076,0.24306677856073017,0.19589753881091737,0.19579323249223696,0.00010430631868041385,,,,,,,,,,,OBSERVATION_ONLY_FULL_FORWARD_REQUIRED
episode_000002_000000,episode_000002,0,hold,P0_current_paired_image,preprocessing,Existing paired 1280x720 image.,0.3758358950287853,0.06583179804976182,11.815642829540156,0.6980913852294297,0.44308286260467733,0.606758827226307,0.1636759646216297,0.255140121654232,0.24440558359411543,0.010734538060116566,,,,,,,,,,,OBSERVATION_ONLY_FULL_FORWARD_REQUIRED
episode_000002_000000,episode_000002,0,hold,P1_resize_224_direct,preprocessing,Direct resize to 224x224.,0.37368933738717675,0.06426576921618321,11.920202898911413,0.7065053772809685,0.44306362055759807,0.6067722802245897,0.16370865966699166,0.2539908578194784,0.2425548090832554,0.011436048736222976,,,,,,,,,,,OBSERVATION_ONLY_FULL_FORWARD_REQUIRED
episode_000002_000000,episode_000002,0,hold,P2_center_crop_square_resize_224,preprocessing,Center square crop then resize to 224x224.,0.3856228826987824,0.07181107410284376,11.43808577332858,0.5311183986081991,0.582455335149685,0.7300849443371098,0.14762960918742485,0.2138836616646127,0.21185738304038237,0.0020262786242303266,,,,,,,,,,,OBSERVATION_ONLY_FULL_FORWARD_REQUIRED
episode_000002_000000,episode_000002,0,hold,P3_center_crop_0p875_resize_224,preprocessing,Center crop 87.5% of min side then resize to 224x224.,0.38956930220063657,0.07376511021075095,11.321490043804783,0.3756716345494793,0.6130202273096739,0.757993174582333,0.14497294727265908,0.1910315262566177,0.18514480848970738,0.0058867177669103266,,,,,,,,,,,OBSERVATION_ONLY_FULL_FORWARD_REQUIRED
episode_000002_000000,episode_000002,0,hold,P4_letterbox_224,preprocessing,Aspect-preserving resize with black letterbox to 224x224.,0.2095678737311398,0.03574356018959872,14.468021923538059,0.8420625379060429,0.24949087195815828,0.34161931339723395,0.09212844143907567,0.290776657160519,0.351630732226007,0.06085407506548801,,,,,,,,,,,OBSERVATION_ONLY_FULL_FORWARD_REQUIRED
episode_000002_000000,episode_000002,0,hold,P5_brightness_match_sim_to_real,photometric,Shift Sim brightness mean toward Real mean.,0.267424643982029,0.039115280008267826,14.076535564927271,0.6899520724247338,0.44308286260467733,0.4409790003736044,0.0021038622310729505,0.255140121654232,0.17832396356924804,0.07681615808498396,,,,,,,,,,,OBSERVATION_ONLY_FULL_FORWARD_REQUIRED
episode_000002_000000,episode_000002,0,hold,P6_contrast_match_sim_to_real,photometric,Scale Sim contrast toward Real luminance std.,0.37781649423383595,0.06768034526094845,11.695374344763872,0.6990901083628897,0.44308286260467733,0.6045648834482229,0.16148202084354557,0.255140121654232,0.25483334105417654,0.00030678060005545627,,,,,,,,,,,OBSERVATION_ONLY_FULL_FORWARD_REQUIRED
episode_000002_000001,episode_000002,1,hold,P0_current_paired_image,preprocessing,Existing paired 1280x720 image.,0.37636941881870023,0.0660304487089634,11.802557514750639,0.697570969890406,0.4432410363306781,0.607484522754119,0.16424348642344094,0.25526312150168257,0.24436631167878087,0.010896809822901699,,,,,,,,,,,OBSERVATION_ONLY_FULL_FORWARD_REQUIRED
episode_000002_000001,episode_000002,1,hold,P1_resize_224_direct,preprocessing,Direct resize to 224x224.,0.3742292013820819,0.06444426943571546,11.908156952709676,0.7061013833435177,0.44321148634453783,0.6075007315269857,0.16428924518244786,0.2541164863519975,0.24247451467578668,0.011641971676210838,,,,,,,,,,,OBSERVATION_ONLY_FULL_FORWARD_REQUIRED
episode_000002_000001,episode_000002,1,hold,P2_center_crop_square_resize_224,preprocessing,Center square crop then resize to 224x224.,0.3864850047163327,0.0720902088368027,11.421237163749023,0.5290444906527071,0.5827186775491446,0.7310402820815826,0.14832160453243792,0.21385831824440332,0.2114059049943261,0.0024524132500772233,,,,,,,,,,,OBSERVATION_ONLY_FULL_FORWARD_REQUIRED
episode_000002_000001,episode_000002,1,hold,P3_center_crop_0p875_resize_224,preprocessing,Center crop 87.5% of min side then resize to 224x224.,0.39017801479216085,0.07397534105553984,11.309130238936216,0.37375360322685347,0.6132453957520508,0.7587132801401809,0.14546788438813008,0.1909991839569685,0.18498643781741123,0.006012746139557268,,,,,,,,,,,OBSERVATION_ONLY_FULL_FORWARD_REQUIRED
episode_000002_000001,episode_000002,1,hold,P4_letterbox_224,preprocessing,Aspect-preserving resize with black letterbox to 224x224.,0.20984921606888446,0.035839483771449764,14.456382545016929,0.8416961500496425,0.24958253907813122,0.34202523757940667,0.09244269850127546,0.29090315059535926,0.3519066812971431,0.061003530701783826,,,,,,,,,,,OBSERVATION_ONLY_FULL_FORWARD_REQUIRED
episode_000002_000001,episode_000002,1,hold,P5_brightness_match_sim_to_real,photometric,Shift Sim brightness mean toward Real mean.,0.26866683197854957,0.039293859132705375,14.056753161173251,0.6895260562920824,0.4432410363306781,0.4413129432887391,0.001928093041938972,0.25526312150168257,0.1782893264821383,0.07697379501954427,,,,,,,,,,,OBSERVATION_ONLY_FULL_FORWARD_REQUIRED
episode_000002_000001,episode_000002,1,hold,P6_contrast_match_sim_to_real,photometric,Scale Sim contrast toward Real luminance std.,0.3783475035412142,0.06790161616525694,11.681198887047737,0.6986849645335619,0.4432410363306781,0.6052108807887391,0.161969844458061,0.25526312150168257,0.25502203584103417,0.0002410856606483991,,,,,,,,,,,OBSERVATION_ONLY_FULL_FORWARD_REQUIRED
episode_000002_000002,episode_000002,2,alignment,P0_current_paired_image,preprocessing,Existing paired 1280x720 image.,0.3774578067081504,0.06642238469757002,11.776855364099568,0.6957859301825531,0.4429767311300039,0.6077423174147265,0.1647655862847226,0.2551684910949227,0.24442778133124315,0.010740709763679523,,,,,,,,,,,OBSERVATION_ONLY_FULL_FORWARD_REQUIRED
episode_000002_000002,episode_000002,2,alignment,P1_resize_224_direct,preprocessing,Direct resize to 224x224.,0.3752804802914822,0.06482699309298882,11.882441220560171,0.7043633573742919,0.4429459773440626,0.6077567770389406,0.164810799694878,0.254030096535469,0.24252611782920208,0.011503978706266904,,,,,,,,,,,OBSERVATION_ONLY_FULL_FORWARD_REQUIRED
episode_000002_000002,episode_000002,2,alignment,P2_center_crop_square_resize_224,preprocessing,Center square crop then resize to 224x224.,0.3876486417235737,0.07249548757411461,11.396890249138538,0.5270241088375116,0.5823144758372099,0.7314438832876899,0.1491294074504801,0.21392730383319022,0.2112885832476857,0.002638720585504517,,,,,,,,,,,OBSERVATION_ONLY_FULL_FORWARD_REQUIRED
episode_000002_000002,episode_000002,2,alignment,P3_center_crop_0p875_resize_224,preprocessing,Center crop 87.5% of min side then resize to 224x224.,0.39102305193860754,0.07423258314763813,11.294054265920554,0.37249929218224276,0.6128529586053171,0.7590284160539217,0.1461754574486046,0.19106489561926834,0.184908556408919,0.006156339210349332,,,,,,,,,,,OBSERVATION_ONLY_FULL_FORWARD_REQUIRED
episode_000002_000002,episode_000002,2,alignment,P4_letterbox_224,preprocessing,Aspect-preserving resize with black letterbox to 224x224.,0.21045913625821708,0.036057870247772315,14.429999283888657,0.840743711687971,0.2494330282112845,0.34217417884341234,0.09274115063212784,0.2907543635946663,0.35204393676396356,0.061289573169297284,,,,,,,,,,,OBSERVATION_ONLY_FULL_FORWARD_REQUIRED
episode_000002_000002,episode_000002,2,alignment,P5_brightness_match_sim_to_real,photometric,Shift Sim brightness mean toward Real mean.,0.26926585262936775,0.03947594054926344,14.036675137455354,0.6880475607199646,0.4429767311300039,0.4410156834592864,0.0019610476707175306,0.2551684910949227,0.17828450136791474,0.07688398972700794,,,,,,,,,,,OBSERVATION_ONLY_FULL_FORWARD_REQUIRED
episode_000002_000002,episode_000002,2,alignment,P6_contrast_match_sim_to_real,photometric,Scale Sim contrast toward Real luminance std.,0.3794919705406057,0.06829435921302522,11.656151654813268,0.6967340248552588,0.4429767311300039,0.6055838634063521,0.16260713227634815,0.2551684910949227,0.2548382325948658,0.000330258500056857,,,,,,,,,,,OBSERVATION_ONLY_FULL_FORWARD_REQUIRED
episode_000002_000003,episode_000002,3,alignment,P0_current_paired_image,preprocessing,Existing paired 1280x720 image.,0.37772179112124754,0.06654120252449194,11.769093548793972,0.6955375795689438,0.4433245527650123,0.6084549912164692,0.16513043845145686,0.25514941666251506,0.2444792221151365,0.010670194547378553,,,,,,,,,,,OBSERVATION_ONLY_FULL_FORWARD_REQUIRED
episode_000002_000003,episode_000002,3,alignment,P1_resize_224_direct,preprocessing,Direct resize to 224x224.,0.3755151241747986,0.06493459996335135,11.875238306411987,0.7041632730440552,0.44330139934098634,0.6084724346613645,0.16517103532037813,0.25401127500128257,0.242578524395516,0.011432750605766567,,,,,,,,,,,OBSERVATION_ONLY_FULL_FORWARD_REQUIRED
episode_000002_000003,episode_000002,3,alignment,P2_center_crop_square_resize_224,preprocessing,Center square crop then resize to 224x224.,0.38835152227820063,0.07278470558975224,11.379598703545993,0.5241735123520944,0.5826520689682123,0.7322090454463034,0.14955697647809107,0.2137700573499738,0.21101384041868607,0.002756216931287747,,,,,,,,,,,OBSERVATION_ONLY_FULL_FORWARD_REQUIRED
episode_000002_000003,episode_000002,3,alignment,P3_center_crop_0p875_resize_224,preprocessing,Center crop 87.5% of min side then resize to 224x224.,0.3913724443800133,0.0743999891623316,11.284271277167546,0.3705854706831653,0.6130263532131602,0.7594582435786813,0.14643189036552107,0.19106292424425575,0.1849015512518514,0.0061613729924043514,,,,,,,,,,,OBSERVATION_ONLY_FULL_FORWARD_REQUIRED
episode_000002_000003,episode_000002,3,alignment,P4_letterbox_224,preprocessing,Aspect-preserving resize with black letterbox to 224x224.,0.21058556255131552,0.03611569719799685,14.423039968546323,0.8406420104603172,0.24963115915116044,0.34257231788027714,0.09294115872911671,0.29087757236343614,0.352369203677232,0.06149163131379587,,,,,,,,,,,OBSERVATION_ONLY_FULL_FORWARD_REQUIRED
episode_000002_000003,episode_000002,3,alignment,P5_brightness_match_sim_to_real,photometric,Shift Sim brightness mean toward Real mean.,0.2690328750346779,0.03943395948918329,14.041296140510358,0.6877832575175331,0.4433245527650123,0.44133951223617923,0.001985040528833082,0.25514941666251506,0.17822534844616159,0.07692406821635348,,,,,,,,,,,OBSERVATION_ONLY_FULL_FORWARD_REQUIRED
episode_000002_000003,episode_000002,3,alignment,P6_contrast_match_sim_to_real,photometric,Scale Sim contrast toward Real luminance std.,0.3797049082636985,0.06840243532802553,11.649284358428197,0.6964581990426475,0.4433245527650123,0.6063315248468135,0.1630069720818012,0.25514941666251506,0.25487118092065886,0.00027823574185620314,,,,,,,,,,,OBSERVATION_ONLY_FULL_FORWARD_REQUIRED
episode_000002_000004,episode_000002,4,alignment,P0_current_paired_image,preprocessing,Existing paired 1280x720 image.,0.3763792519542618,0.06615178928132162,11.794584044697494,0.6995926576484555,0.44618529229983667,0.6117989343426604,0.16561364204282375,0.2552087665558701,0.2444295791041006,0.010779187451769506,,,,,,,,,,,OBSERVATION_ONLY_FULL_FORWARD_REQUIRED
episode_000002_000004,episode_000002,4,alignment,P1_resize_224_direct,preprocessing,Direct resize to 224x224.,0.37414663194676484,0.06457397164339593,11.899425013475177,0.7081119837763822,0.44617348617572034,0.6118162635679271,0.16564277739220673,0.2540696946060721,0.24259101632630833,0.01147867827976376,,,,,,,,,,,OBSERVATION_ONLY_FULL_FORWARD_REQUIRED
episode_000002_000004,episode_000002,4,alignment,P2_center_crop_square_resize_224,preprocessing,Center square crop then resize to 224x224.,0.3861407238856941,0.0721093904269224,11.42008175709952,0.525937322535901,0.5853719675839085,0.7343705972857895,0.14899862970188094,0.21272058770788252,0.21056148560600374,0.0021591021018787793,,,,,,,,,,,OBSERVATION_ONLY_FULL_FORWARD_REQUIRED
episode_000002_000004,episode_000002,4,alignment,P3_center_crop_0p875_resize_224,preprocessing,Center crop 87.5% of min side then resize to 224x224.,0.38961599827969645,0.07380280318826878,11.31927142430662,0.3747363559221688,0.6143290805072029,0.7608505545030512,0.14652147399584825,0.19113395911057485,0.1840730841733277,0.007060874937247136,,,,,,,,,,,OBSERVATION_ONLY_FULL_FORWARD_REQUIRED
episode_000002_000004,episode_000002,4,alignment,P4_letterbox_224,preprocessing,Aspect-preserving resize with black letterbox to 224x224.,0.2098056421826467,0.03592183952829498,14.44641431566759,0.8427719120155994,0.25124337467799623,0.3444549813831782,0.09321160670518197,0.29198338521953154,0.35380041671982904,0.06181703150029749,,,,,,,,,,,OBSERVATION_ONLY_FULL_FORWARD_REQUIRED
episode_000002_000004,episode_000002,4,alignment,P5_brightness_match_sim_to_real,photometric,Shift Sim brightness mean toward Real mean.,0.26845622411309783,0.03899304021467882,14.090129023604902,0.6915450228414106,0.44618529229983667,0.4443691093350015,0.0018161829648351557,0.2552087665558701,0.17829035735561363,0.07691840920025647,,,,,,,,,,,OBSERVATION_ONLY_FULL_FORWARD_REQUIRED
episode_000002_000004,episode_000002,4,alignment,P6_contrast_match_sim_to_real,photometric,Scale Sim contrast toward Real luminance std.,0.37850930709613206,0.06801419937755422,11.674004098296624,0.7006689221818027,0.44618529229983667,0.6096082428470518,0.16342295054721517,0.2552087665558701,0.25499128796584564,0.0002174785900244669,,,,,,,,,,,OBSERVATION_ONLY_FULL_FORWARD_REQUIRED
episode_000002_000005,episode_000002,5,alignment,P0_current_paired_image,preprocessing,Existing paired 1280x720 image.,0.3899005908707771,0.06889353496073454,11.618215308153685,0.6928634271947289,0.44073207927900304,0.6182854543632559,0.17755337508425284,0.2492572256964542,0.244607223605903,0.004650002090551192,,,,,,,,,,,OBSERVATION_ONLY_FULL_FORWARD_REQUIRED
episode_000002_000005,episode_000002,5,alignment,P1_resize_224_direct,preprocessing,Direct resize to 224x224.,0.3876668666923516,0.0673792459181385,11.714738537797121,0.7011741009975969,0.44071002204006604,0.6183002059261204,0.1775901838860544,0.24812836609778546,0.24280557367267766,0.005322792425107803,,,,,,,,,,,OBSERVATION_ONLY_FULL_FORWARD_REQUIRED
episode_000002_000005,episode_000002,5,alignment,P2_center_crop_square_resize_224,preprocessing,Center square crop then resize to 224x224.,0.40283110546063927,0.07547428683483197,11.222009819837048,0.5171170426393265,0.5743492051664415,0.7374769074504802,0.16312770228403872,0.2075823929240046,0.21077957809653808,0.0031971851725334788,,,,,,,,,,,OBSERVATION_ONLY_FULL_FORWARD_REQUIRED
episode_000002_000005,episode_000002,5,alignment,P3_center_crop_0p875_resize_224,preprocessing,Center crop 87.5% of min side then resize to 224x224.,0.41466445757253584,0.08077288094567892,10.927344267571797,0.3451695225354972,0.5987028545637005,0.7641348336834733,0.1654319791197728,0.19079810868242353,0.18193361937195832,0.008864489310465212,,,,,,,,,,,OBSERVATION_ONLY_FULL_FORWARD_REQUIRED
episode_000002_000005,episode_000002,5,alignment,P4_letterbox_224,preprocessing,Aspect-preserving resize with black letterbox to 224x224.,0.21737948752741262,0.03752006644160932,14.25736401231173,0.8329551329670346,0.24817542835884354,0.3480949317539515,0.09991950339510797,0.28703911431001383,0.3566594530648159,0.06962033875480206,,,,,,,,,,,OBSERVATION_ONLY_FULL_FORWARD_REQUIRED
episode_000002_000005,episode_000002,5,alignment,P5_brightness_match_sim_to_real,photometric,Shift Sim brightness mean toward Real mean.,0.25803117740580755,0.03694600110957147,14.324325610588726,0.6901686370353266,0.44073207927900304,0.4387778309972423,0.0019542482817607176,0.2492572256964542,0.17446870177390267,0.07478852392255153,,,,,,,,,,,OBSERVATION_ONLY_FULL_FORWARD_REQUIRED
episode_000002_000005,episode_000002,5,alignment,P6_contrast_match_sim_to_real,photometric,Scale Sim contrast toward Real luminance std.,0.390215391241839,0.06948092205677663,11.58134426818016,0.6930967049539049,0.44073207927900304,0.6165058449618733,0.1757737656828703,0.2492572256964542,0.24862997076705498,0.000627254929399218,,,,,,,,,,,OBSERVATION_ONLY_FULL_FORWARD_REQUIRED
episode_000002_000006,episode_000002,6,alignment,P0_current_paired_image,preprocessing,Existing paired 1280x720 image.,0.3859459382816454,0.06730559599917947,11.719488256641405,0.7003947826673728,0.4530074541139025,0.6272231807946966,0.17421572668079416,0.2490524842721076,0.244010292158238,0.005042192113869609,,,,,,,,,,,OBSERVATION_ONLY_FULL_FORWARD_REQUIRED
episode_000002_000006,episode_000002,6,alignment,P1_resize_224_direct,preprocessing,Direct resize to 224x224.,0.3835850965775172,0.06583362950981046,11.815522009214313,0.7084762549721318,0.4529959606498849,0.6272340287833883,0.1742380681335034,0.24792922646514265,0.24226840247939138,0.005660823985751268,,,,,,,,,,,OBSERVATION_ONLY_FULL_FORWARD_REQUIRED
episode_000002_000006,episode_000002,6,alignment,P2_center_crop_square_resize_224,preprocessing,Center square crop then resize to 224x224.,0.39771276701095387,0.07390523928116999,11.313247725626033,0.5225729062890977,0.5819610606899008,0.7411037863270308,0.15914272563712994,0.2075136231349172,0.21091136297774093,0.003397739842823738,,,,,,,,,,,OBSERVATION_ONLY_FULL_FORWARD_REQUIRED
episode_000002_000006,episode_000002,6,alignment,P3_center_crop_0p875_resize_224,preprocessing,Center crop 87.5% of min side then resize to 224x224.,0.41336822839982496,0.08075265114215621,10.928432106995356,0.32923911319799376,0.6055018905374651,0.7696588784420016,0.1641569879045366,0.19107583171051448,0.17828324235906526,0.012792589351449224,,,,,,,,,,,OBSERVATION_ONLY_FULL_FORWARD_REQUIRED
episode_000002_000006,episode_000002,6,alignment,P4_letterbox_224,preprocessing,Aspect-preserving resize with black letterbox to 224x224.,0.2150901804747095,0.03668810232426304,14.354747513515756,0.8419547305739442,0.25508320653261307,0.35311982331995295,0.09803661678733988,0.29162454494850887,0.3602977193287216,0.06867317438021275,,,,,,,,,,,OBSERVATION_ONLY_FULL_FORWARD_REQUIRED
episode_000002_000006,episode_000002,6,alignment,P5_brightness_match_sim_to_real,photometric,Shift Sim brightness mean toward Real mean.,0.2555909786309202,0.036310597658975555,14.399666027021174,0.6966557752325461,0.4530074541139025,0.4510920223328567,0.001915431781045751,0.2490524842721076,0.17608593829610267,0.07296654597600494,,,,,,,,,,,OBSERVATION_ONLY_FULL_FORWARD_REQUIRED
episode_000002_000006,episode_000002,6,alignment,P6_contrast_match_sim_to_real,photometric,Scale Sim contrast toward Real luminance std.,0.3853519977983889,0.06773512681976838,11.691860517335165,0.7012974045196206,0.4530074541139025,0.6246320857264431,0.17162463161254066,0.2490524842721076,0.2490929296322221,4.0445360114493845e-05,,,,,,,,,,,OBSERVATION_ONLY_FULL_FORWARD_REQUIRED
episode_000002_000007,episode_000002,7,alignment,P0_current_paired_image,preprocessing,Existing paired 1280x720 image.,0.40008763998816926,0.07014304735113455,11.540153702048261,0.6969986685047563,0.4505459722928578,0.6392929348422186,0.1887469625493608,0.24203012333462354,0.24201955231011738,1.0571024506161875e-05,,,,,,,,,,,OBSERVATION_ONLY_FULL_FORWARD_REQUIRED
episode_000002_000007,episode_000002,7,alignment,P1_resize_224_direct,preprocessing,Direct resize to 224x224.,0.39782681594302116,0.06877548496931454,11.625663385063689,0.7047270106318184,0.4505207213823029,0.6393016997111344,0.18878097832883145,0.24101501108816237,0.24029900334656576,0.0007160077415966082,,,,,,,,,,,OBSERVATION_ONLY_FULL_FORWARD_REQUIRED
episode_000002_000007,episode_000002,7,alignment,P2_center_crop_square_resize_224,preprocessing,Center square crop then resize to 224x224.,0.4144684564853987,0.0776177795464591,11.100387855139836,0.5237259143534793,0.5694202000956632,0.7453470954631852,0.17592689536752204,0.20568489932449963,0.2098256300892158,0.004140730764716161,,,,,,,,,,,OBSERVATION_ONLY_FULL_FORWARD_REQUIRED
episode_000002_000007,episode_000002,7,alignment,P3_center_crop_0p875_resize_224,preprocessing,Center crop 87.5% of min side then resize to 224x224.,0.4248968282618857,0.08167943944326096,10.878872514247446,0.38061581336936506,0.5901496997236394,0.7751387217699579,0.1849890220463185,0.19063123103923504,0.17486887110228555,0.015762359936949494,,,,,,,,,,,OBSERVATION_ONLY_FULL_FORWARD_REQUIRED
episode_000002_000007,episode_000002,7,alignment,P4_letterbox_224,preprocessing,Aspect-preserving resize with black letterbox to 224x224.,0.2230858206036904,0.03835164754218681,14.16215974528265,0.8332138863112007,0.253699073394983,0.3599054271239746,0.10620635372899162,0.2874082609911164,0.3647507050085201,0.0773424440174037,,,,,,,,,,,OBSERVATION_ONLY_FULL_FORWARD_REQUIRED
episode_000002_000007,episode_000002,7,alignment,P5_brightness_match_sim_to_real,photometric,Shift Sim brightness mean toward Real mean.,0.24281608562764692,0.033487582578192863,14.751162024405689,0.6984204822687549,0.4505459722928578,0.4485763283130788,0.001969643979779001,0.24203012333462354,0.17061711957714693,0.07141300375747661,,,,,,,,,,,OBSERVATION_ONLY_FULL_FORWARD_REQUIRED
episode_000002_000007,episode_000002,7,alignment,P6_contrast_match_sim_to_real,photometric,Scale Sim contrast toward Real luminance std.,0.3987596627588448,0.06991946003562557,11.554019342703029,0.6976831872201897,0.4505459722928578,0.6377390507259324,0.1871930784330746,0.24203012333462354,0.24373313659967866,0.00170301326505512,,,,,,,,,,,OBSERVATION_ONLY_FULL_FORWARD_REQUIRED
episode_000002_000008,episode_000002,8,alignment,P0_current_paired_image,preprocessing,Existing paired 1280x720 image.,0.39564295856313203,0.06832288210241426,11.654338218451894,0.7012826322166446,0.4675514547836669,0.6534702630055148,0.18591880822184792,0.23813617763064648,0.23876317605241978,0.0006269984217733005,,,,,,,,,,,OBSERVATION_ONLY_FULL_FORWARD_REQUIRED
episode_000002_000008,episode_000002,8,alignment,P1_resize_224_direct,preprocessing,Direct resize to 224x224.,0.39335207510958914,0.0669961000127175,11.7395047778057,0.7090547001934527,0.46752386718749983,0.6534803546418567,0.1859564874543569,0.2371505256359532,0.23706150877120272,8.901686475049075e-05,,,,,,,,,,,OBSERVATION_ONLY_FULL_FORWARD_REQUIRED
episode_000002_000008,episode_000002,8,alignment,P2_center_crop_square_resize_224,preprocessing,Center square crop then resize to 224x224.,0.4052612772160245,0.07451258117626137,11.27770392028654,0.5381636567956365,0.5776671346819978,0.7509027326242996,0.1732355979423018,0.2040912341355563,0.20835208415330456,0.004260850017748258,,,,,,,,,,,OBSERVATION_ONLY_FULL_FORWARD_REQUIRED
episode_000002_000008,episode_000002,8,alignment,P3_center_crop_0p875_resize_224,preprocessing,Center crop 87.5% of min side then resize to 224x224.,0.40593438616960187,0.07351016887555674,11.336525795407237,0.4758743220299373,0.5915941096594888,0.7784746327906162,0.18688052313112746,0.18748188679147115,0.17408149860000224,0.01340038819146891,,,,,,,,,,,OBSERVATION_ONLY_FULL_FORWARD_REQUIRED
episode_000002_000008,episode_000002,8,alignment,P4_letterbox_224,preprocessing,Aspect-preserving resize with black letterbox to 224x224.,0.2205317915593518,0.037332811290365815,14.27909304959265,0.8439637675713142,0.26326769901710684,0.3678724007884403,0.10460470177133346,0.29224648451247076,0.3697010570681429,0.07745457255567212,,,,,,,,,,,OBSERVATION_ONLY_FULL_FORWARD_REQUIRED
episode_000002_000008,episode_000002,8,alignment,P5_brightness_match_sim_to_real,photometric,Shift Sim brightness mean toward Real mean.,0.2371390853143218,0.03231130273857454,14.906455315902596,0.7034554828909587,0.4675514547836669,0.4656057831367443,0.0019456716469226087,0.23813617763064648,0.1708971358464644,0.06723904178418208,,,,,,,,,,,OBSERVATION_ONLY_FULL_FORWARD_REQUIRED
episode_000002_000008,episode_000002,8,alignment,P6_contrast_match_sim_to_real,photometric,Scale Sim contrast toward Real luminance std.,0.3924147167676424,0.06729826575782819,11.7199612718033,0.7020431334119099,0.4675514547836669,0.6509857210775805,0.18343426629391357,0.23813617763064648,0.23709942912197912,0.0010367485086673622,,,,,,,,,,,OBSERVATION_ONLY_FULL_FORWARD_REQUIRED
episode_000002_000009,episode_000002,9,alignment,P0_current_paired_image,preprocessing,Existing paired 1280x720 image.,0.4166668028184607,0.07354411712420085,11.33452061246162,0.6864805492568165,0.4651660311104301,0.6679071936776619,0.20274116256723185,0.22813119791740624,0.23427348682794746,0.0061422889105412215,,,,,,,,,,,OBSERVATION_ONLY_FULL_FORWARD_REQUIRED
episode_000002_000009,episode_000002,9,alignment,P1_resize_224_direct,preprocessing,Direct resize to 224x224.,0.4141724965229976,0.07223574724007249,11.412478303099489,0.6944354415043329,0.465154728235044,0.6679115853997848,0.2027568571647408,0.22719799978253413,0.23252323164630753,0.0053252318637734,,,,,,,,,,,OBSERVATION_ONLY_FULL_FORWARD_REQUIRED
episode_000002_000009,episode_000002,9,alignment,P2_center_crop_square_resize_224,preprocessing,Center square crop then resize to 224x224.,0.41801970640525704,0.07565220798286636,11.211783921512843,0.5966890228172183,0.5579602363445377,0.7567780057648059,0.1988177694202682,0.1999786463882503,0.20543145598323437,0.005452809594984065,,,,,,,,,,,OBSERVATION_ONLY_FULL_FORWARD_REQUIRED
episode_000002_000009,episode_000002,9,alignment,P3_center_crop_0p875_resize_224,preprocessing,Center crop 87.5% of min side then resize to 224x224.,0.4217280606578013,0.07530448545839903,11.231791545852962,0.5418373376331027,0.571266401544993,0.7790485594394008,0.2077821578944078,0.18257906173757663,0.1738421417584612,0.008736919979115437,,,,,,,,,,,OBSERVATION_ONLY_FULL_FORWARD_REQUIRED
episode_000002_000009,episode_000002,9,alignment,P4_letterbox_224,preprocessing,Aspect-preserving resize with black letterbox to 224x224.,0.2321579603977817,0.04026589557391584,13.9506263710342,0.8316658580162187,0.2619295379401761,0.37600456082432976,0.11407502288415367,0.286817590148008,0.37440089981906793,0.08758330967105993,,,,,,,,,,,OBSERVATION_ONLY_FULL_FORWARD_REQUIRED
episode_000002_000009,episode_000002,9,alignment,P5_brightness_match_sim_to_real,photometric,Shift Sim brightness mean toward Real mean.,0.22453641246599343,0.029956254244049633,15.235124921355007,0.6942227456728898,0.4651660311104301,0.46334408411968947,0.0018219469907406194,0.22813119791740624,0.1631374914372926,0.06499370648011366,,,,,,,,,,,OBSERVATION_ONLY_FULL_FORWARD_REQUIRED
episode_000002_000009,episode_000002,9,alignment,P6_contrast_match_sim_to_real,photometric,Scale Sim contrast toward Real luminance std.,0.412000305044581,0.07169694623106139,11.444993417274947,0.687651505633413,0.4651660311104301,0.6662716483336736,0.2011056172232435,0.22813119791740624,0.22846816410853168,0.0003369661911254429,,,,,,,,,,,OBSERVATION_ONLY_FULL_FORWARD_REQUIRED
episode_000002_000010,episode_000002,10,alignment,P0_current_paired_image,preprocessing,Existing paired 1280x720 image.,0.4129354951635103,0.07184611457532357,11.435967134604951,0.6945896329600758,0.47365137535913654,0.6769884710648146,0.2033370957056781,0.22566462629783088,0.22986067340116603,0.004196047103335154,,,,,,,,,,,OBSERVATION_ONLY_FULL_FORWARD_REQUIRED
episode_000002_000010,episode_000002,10,alignment,P1_resize_224_direct,preprocessing,Direct resize to 224x224.,0.41071439112704194,0.07064148228735938,11.509401964284102,0.7023583534653117,0.4736413588560424,0.6770016127857392,0.2033602539296968,0.22481833361815395,0.2282127120444244,0.003394378426270439,,,,,,,,,,,OBSERVATION_ONLY_FULL_FORWARD_REQUIRED
episode_000002_000010,episode_000002,10,alignment,P2_center_crop_square_resize_224,preprocessing,Center square crop then resize to 224x224.,0.40952296236290264,0.07206425544073838,11.42280096087118,0.6364620406328366,0.556285286989796,0.7588497159332482,0.20256442894345228,0.19852327250150217,0.20315170398322002,0.0046284314817178485,,,,,,,,,,,OBSERVATION_ONLY_FULL_FORWARD_REQUIRED
episode_000002_000010,episode_000002,10,alignment,P3_center_crop_0p875_resize_224,preprocessing,Center crop 87.5% of min side then resize to 224x224.,0.4176560862778271,0.0735589659679231,11.33364384349423,0.5428347881470527,0.5699982212728842,0.7757094247386453,0.2057112034657611,0.18002015447930667,0.17414213339757165,0.005878021081735019,,,,,,,,,,,OBSERVATION_ONLY_FULL_FORWARD_REQUIRED
episode_000002_000010,episode_000002,10,alignment,P4_letterbox_224,preprocessing,Aspect-preserving resize with black letterbox to 224x224.,0.23014624958007157,0.0393531731524309,14.050202435582781,0.8379214182079767,0.2667058166860494,0.38112138524159667,0.11441556855554724,0.28916858137840007,0.3769251506093886,0.08775656923098851,,,,,,,,,,,OBSERVATION_ONLY_FULL_FORWARD_REQUIRED
episode_000002_000010,episode_000002,10,alignment,P5_brightness_match_sim_to_real,photometric,Shift Sim brightness mean toward Real mean.,0.2199491870516015,0.028670822458999053,15.42559848585374,0.7006567232496029,0.47365137535913654,0.47179580604575166,0.001855569313384875,0.22566462629783088,0.1608979758470876,0.06476665045074328,,,,,,,,,,,OBSERVATION_ONLY_FULL_FORWARD_REQUIRED
episode_000002_000010,episode_000002,10,alignment,P6_contrast_match_sim_to_real,photometric,Scale Sim contrast toward Real luminance std.,0.40804840928204694,0.07009644685715602,11.543039955774145,0.6951879490384045,0.47365137535913654,0.6747333500570197,0.2010819746978832,0.22566462629783088,0.22521467581758298,0.0004499504802479015,,,,,,,,,,,OBSERVATION_ONLY_FULL_FORWARD_REQUIRED
episode_000002_000011,episode_000002,11,alignment,P0_current_paired_image,preprocessing,Existing paired 1280x720 image.,0.41191601944090256,0.07094768677044616,11.490617600262134,0.7069336212231901,0.4773780782143586,0.6824610394241897,0.20508296120983105,0.22304023626233457,0.22664582307892805,0.0036055868165934812,,,,,,,,,,,OBSERVATION_ONLY_FULL_FORWARD_REQUIRED
episode_000002_000011,episode_000002,11,alignment,P1_resize_224_direct,preprocessing,Direct resize to 224x224.,0.4097981624247947,0.06979390183360926,11.561825217279909,0.7147003103684413,0.4773661093499901,0.6824728560955631,0.205106746745573,0.22223022324964525,0.22501324692287247,0.0027830236732272196,,,,,,,,,,,OBSERVATION_ONLY_FULL_FORWARD_REQUIRED
episode_000002_000011,episode_000002,11,alignment,P2_center_crop_square_resize_224,preprocessing,Center square crop then resize to 224x224.,0.4094319601374426,0.07165694147348482,11.447417327249706,0.6518613199062833,0.5522024749431023,0.7573680210678021,0.20516554612469984,0.1979411336256228,0.20155508405453895,0.0036139504289161573,,,,,,,,,,,OBSERVATION_ONLY_FULL_FORWARD_REQUIRED
episode_000002_000011,episode_000002,11,alignment,P3_center_crop_0p875_resize_224,preprocessing,Center crop 87.5% of min side then resize to 224x224.,0.41920331089639645,0.07387256332271469,11.315168310237425,0.5504690534559498,0.5657032594756652,0.7733552882402961,0.20765202876463085,0.179222019975503,0.1728013457900175,0.006420674185485503,,,,,,,,,,,OBSERVATION_ONLY_FULL_FORWARD_REQUIRED
episode_000002_000011,episode_000002,11,alignment,P4_letterbox_224,preprocessing,Aspect-preserving resize with black letterbox to 224x224.,0.22956867583808496,0.038878226740042425,14.102935517338558,0.8422943830280006,0.2688033958114495,0.3841938783013205,0.115390482489871,0.2895615731327017,0.3782607057575496,0.08869913262484791,,,,,,,,,,,OBSERVATION_ONLY_FULL_FORWARD_REQUIRED
episode_000002_000011,episode_000002,11,alignment,P5_brightness_match_sim_to_real,photometric,Shift Sim brightness mean toward Real mean.,0.21763324402408146,0.027298279118519234,15.638647299880962,0.7125906443889357,0.4773780782143586,0.4755591641629219,0.0018189140514367486,0.22304023626233457,0.15862214952973153,0.06441808673260305,,,,,,,,,,,OBSERVATION_ONLY_FULL_FORWARD_REQUIRED
episode_000002_000011,episode_000002,11,alignment,P6_contrast_match_sim_to_real,photometric,Scale Sim contrast toward Real luminance std.,0.40801308222469884,0.06957288643546108,11.575599782868968,0.7072713652213686,0.4773780782143586,0.6802970150599126,0.20291893684555395,0.22304023626233457,0.22256070502159475,0.00047953124073982223,,,,,,,,,,,OBSERVATION_ONLY_FULL_FORWARD_REQUIRED
episode_000002_000012,episode_000002,12,alignment,P0_current_paired_image,preprocessing,Existing paired 1280x720 image.,0.4183715550238263,0.0734513018775275,11.340005022125181,0.6868071850861559,0.48007764907407413,0.6868824555810868,0.20680480650701272,0.2187519026250663,0.22317056161010093,0.004418658985034629,,,,,,,,,,,OBSERVATION_ONLY_FULL_FORWARD_REQUIRED
episode_000002_000012,episode_000002,12,alignment,P1_resize_224_direct,preprocessing,Direct resize to 224x224.,0.4160400485089127,0.07229610553371676,11.4088509676869,0.6946796525327759,0.4800711658413365,0.6868917752257152,0.20682060938437868,0.21798833226953782,0.22157211978023902,0.0035837875107012085,,,,,,,,,,,OBSERVATION_ONLY_FULL_FORWARD_REQUIRED
episode_000002_000012,episode_000002,12,alignment,P2_center_crop_square_resize_224,preprocessing,Center square crop then resize to 224x224.,0.41557185998682933,0.07396959600833797,11.30946753230344,0.6274481933546059,0.5460092237832632,0.7525524356461334,0.20654321186287017,0.1955203452762487,0.19982783227768589,0.0043074870014371824,,,,,,,,,,,OBSERVATION_ONLY_FULL_FORWARD_REQUIRED
episode_000002_000012,episode_000002,12,alignment,P3_center_crop_0p875_resize_224,preprocessing,Center crop 87.5% of min side then resize to 224x224.,0.4271112676674886,0.0773498864415047,11.115403195582022,0.5072304210423857,0.5588784447216385,0.7680661599327231,0.2091877152110846,0.17802184868503412,0.17164611482087624,0.006375733864157879,,,,,,,,,,,OBSERVATION_ONLY_FULL_FORWARD_REQUIRED
episode_000002_000012,episode_000002,12,alignment,P4_letterbox_224,preprocessing,Aspect-preserving resize with black letterbox to 224x224.,0.23308130323740833,0.04028123637118246,13.948972079063635,0.8385822134315959,0.2703178419961735,0.3866900297462735,0.1163721877501,0.28887450835742784,0.37909730136163167,0.09022279300420383,,,,,,,,,,,OBSERVATION_ONLY_FULL_FORWARD_REQUIRED
episode_000002_000012,episode_000002,12,alignment,P5_brightness_match_sim_to_real,photometric,Shift Sim brightness mean toward Real mean.,0.22200739756316068,0.028360867125535757,15.472804948543377,0.693512895252985,0.48007764907407413,0.47813203607026133,0.0019456130038127961,0.2187519026250663,0.1560597256491766,0.06269217697588969,,,,,,,,,,,OBSERVATION_ONLY_FULL_FORWARD_REQUIRED
episode_000002_000012,episode_000002,12,alignment,P6_contrast_match_sim_to_real,photometric,Scale Sim contrast toward Real luminance std.,0.4129959336187404,0.07159063391639786,11.451437920007344,0.6876873600676224,0.48007764907407413,0.684515246271616,0.20443759719754184,0.2187519026250663,0.21831148691456956,0.00044041571049674433,,,,,,,,,,,OBSERVATION_ONLY_FULL_FORWARD_REQUIRED
episode_000002_000013,episode_000002,13,alignment,P0_current_paired_image,preprocessing,Existing paired 1280x720 image.,0.42016942014166236,0.07406459117620359,11.303893700520508,0.6894902003695347,0.48176969955235555,0.6935526681559778,0.21178296860362228,0.21558191695850756,0.21828669582387827,0.0027047788653707105,,,,,,,,,,,OBSERVATION_ONLY_FULL_FORWARD_REQUIRED
episode_000002_000013,episode_000002,13,alignment,P1_resize_224_direct,preprocessing,Direct resize to 224x224.,0.41843617935657795,0.07305073796266873,11.363753924402108,0.6965603322416534,0.48175974014605843,0.6935630056084934,0.21180326546243494,0.21482717784396718,0.2168303688397533,0.0020031909957861083,,,,,,,,,,,OBSERVATION_ONLY_FULL_FORWARD_REQUIRED
episode_000002_000013,episode_000002,13,alignment,P2_center_crop_square_resize_224,preprocessing,Center square crop then resize to 224x224.,0.4154227855251236,0.07321509179652254,11.35399388772354,0.6277792568406478,0.5431425661983544,0.7481658617509505,0.20502329555259602,0.19335652137668718,0.1977623424184935,0.004405821041806313,,,,,,,,,,,OBSERVATION_ONLY_FULL_FORWARD_REQUIRED
episode_000002_000013,episode_000002,13,alignment,P3_center_crop_0p875_resize_224,preprocessing,Center crop 87.5% of min side then resize to 224x224.,0.4261773481683664,0.07649114261717758,11.163888515809264,0.5050045819034956,0.5563639400291366,0.7622674172168867,0.20590347718775015,0.17689934641606986,0.1710932066130998,0.005806139802970067,,,,,,,,,,,OBSERVATION_ONLY_FULL_FORWARD_REQUIRED
episode_000002_000013,episode_000002,13,alignment,P4_letterbox_224,preprocessing,Aspect-preserving resize with black letterbox to 224x224.,0.2345659380445352,0.04074688300565324,13.899056076656,0.8376947961037419,0.27126284773284315,0.39044314785289114,0.11918030012004799,0.2882270652123886,0.38051952976162257,0.09229246454923395,,,,,,,,,,,OBSERVATION_ONLY_FULL_FORWARD_REQUIRED
episode_000002_000013,episode_000002,13,alignment,P5_brightness_match_sim_to_real,photometric,Shift Sim brightness mean toward Real mean.,0.22013406678154743,0.027427047078135917,15.618209480172405,0.6946570338395323,0.48176969955235555,0.47984511355613424,0.0019245859962213063,0.21558191695850756,0.15170488918396693,0.06387702777454063,,,,,,,,,,,OBSERVATION_ONLY_FULL_FORWARD_REQUIRED
episode_000002_000013,episode_000002,13,alignment,P6_contrast_match_sim_to_real,photometric,Scale Sim contrast toward Real luminance std.,0.4165223932638212,0.07285000950044149,11.375703872572164,0.6907196065055934,0.48176969955235555,0.691196522625613,0.2094268230732575,0.21558191695850756,0.21581358694650002,0.00023166998799245553,,,,,,,,,,,OBSERVATION_ONLY_FULL_FORWARD_REQUIRED
episode_000002_000014,episode_000002,14,alignment,P0_current_paired_image,preprocessing,Existing paired 1280x720 image.,0.4328330187742034,0.0779504456419005,11.08181397610931,0.6519463811161564,0.48551785716996876,0.7020955527241627,0.21657769555419393,0.20517919630771592,0.211741253414752,0.0065620571070360845,,,,,,,,,,,OBSERVATION_ONLY_FULL_FORWARD_REQUIRED
episode_000002_000014,episode_000002,14,alignment,P1_resize_224_direct,preprocessing,Direct resize to 224x224.,0.4309533979955309,0.07692033757947625,11.13958818445752,0.6594854151271202,0.48549655510641754,0.7020999398353089,0.2166033847288914,0.20441659952013733,0.21023131011808063,0.005814710597943307,,,,,,,,,,,OBSERVATION_ONLY_FULL_FORWARD_REQUIRED
episode_000002_000014,episode_000002,14,alignment,P2_center_crop_square_resize_224,preprocessing,Center square crop then resize to 224x224.,0.42975813039382676,0.07802062491663331,11.077905754705412,0.5670084767921731,0.5369378103428871,0.7456177257152861,0.20867991537239894,0.18658219421802905,0.1940089864993291,0.007426792281300054,,,,,,,,,,,OBSERVATION_ONLY_FULL_FORWARD_REQUIRED
episode_000002_000014,episode_000002,14,alignment,P3_center_crop_0p875_resize_224,preprocessing,Center crop 87.5% of min side then resize to 224x224.,0.4373100842411347,0.08044344484117176,10.945093398222108,0.42556371476749616,0.552526980120173,0.7581780454681871,0.20565106534801414,0.17269171806395975,0.16888624049220252,0.0038054775717572265,,,,,,,,,,,OBSERVATION_ONLY_FULL_FORWARD_REQUIRED
episode_000002_000014,episode_000002,14,alignment,P4_letterbox_224,preprocessing,Aspect-preserving resize with black letterbox to 224x224.,0.2414948616750034,0.042865989124407936,13.678871505604569,0.831022361772891,0.2733753192214386,0.3952527903817777,0.12187747116033909,0.2855198516577357,0.38227828610615566,0.09675843444841997,,,,,,,,,,,OBSERVATION_ONLY_FULL_FORWARD_REQUIRED
episode_000002_000014,episode_000002,14,alignment,P5_brightness_match_sim_to_real,photometric,Shift Sim brightness mean toward Real mean.,0.2221886271206116,0.02813800993118744,15.507066214167764,0.6615330957836282,0.48551785716996876,0.48368538359970703,0.0018324735702617279,0.20517919630771592,0.1465652386070455,0.058613957700670405,,,,,,,,,,,OBSERVATION_ONLY_FULL_FORWARD_REQUIRED
episode_000002_000014,episode_000002,14,alignment,P6_contrast_match_sim_to_real,photometric,Scale Sim contrast toward Real luminance std.,0.4276486039844845,0.07593406050090247,11.195633760211301,0.6531734483981376,0.48551785716996876,0.7003288280067061,0.2148109708367374,0.20517919630771592,0.20522911070171623,4.991439400031661e-05,,,,,,,,,,,OBSERVATION_ONLY_FULL_FORWARD_REQUIRED
episode_000002_000015,episode_000002,15,alignment,P0_current_paired_image,preprocessing,Existing paired 1280x720 image.,0.44282704587425586,0.0815559225462607,10.88544495251979,0.6302255456404289,0.48538890218120223,0.7083932745489514,0.22300437236774917,0.1987907017386637,0.2064185734939185,0.007627871755254811,,,,,,,,,,,OBSERVATION_ONLY_FULL_FORWARD_REQUIRED
episode_000002_000015,episode_000002,15,alignment,P1_resize_224_direct,preprocessing,Direct resize to 224x224.,0.44101766127068553,0.08053709698748782,10.940040288760564,0.6377827140971196,0.4853770669986744,0.7084047924794917,0.22302772548081734,0.1980691670549323,0.20472204995402257,0.006652882899090273,,,,,,,,,,,OBSERVATION_ONLY_FULL_FORWARD_REQUIRED
episode_000002_000015,episode_000002,15,alignment,P2_center_crop_square_resize_224,preprocessing,Center square crop then resize to 224x224.,0.43828361029562823,0.08107095759055255,10.911346971709957,0.5219204570528981,0.5328225764368246,0.7416475571791215,0.20882498074229683,0.18157958937004204,0.19229617924060827,0.010716589870566229,,,,,,,,,,,OBSERVATION_ONLY_FULL_FORWARD_REQUIRED
episode_000002_000015,episode_000002,15,alignment,P3_center_crop_0p875_resize_224,preprocessing,Center crop 87.5% of min side then resize to 224x224.,0.4433254481033711,0.08264816935761232,10.827667615322461,0.3706764023164898,0.5493650927089586,0.7522611010497949,0.20289600834083632,0.16791239945312186,0.16948125169952555,0.0015688522464036847,,,,,,,,,,,OBSERVATION_ONLY_FULL_FORWARD_REQUIRED
episode_000002_000015,episode_000002,15,alignment,P4_letterbox_224,preprocessing,Aspect-preserving resize with black letterbox to 224x224.,0.24728020561723055,0.04495539984784764,13.472181352260888,0.8243031177464173,0.27329762053258805,0.3987800565382403,0.12548243600565223,0.28294528595081236,0.38347618636320524,0.10053090041239288,,,,,,,,,,,OBSERVATION_ONLY_FULL_FORWARD_REQUIRED
episode_000002_000015,episode_000002,15,alignment,P5_brightness_match_sim_to_real,photometric,Shift Sim brightness mean toward Real mean.,0.22442544076798754,0.02829524217003433,15.482865847235455,0.640210031056142,0.48538890218120223,0.4833842450767634,0.0020046571044388117,0.1987907017386637,0.14134399488311675,0.05744670685554695,,,,,,,,,,,OBSERVATION_ONLY_FULL_FORWARD_REQUIRED
episode_000002_000015,episode_000002,15,alignment,P6_contrast_match_sim_to_real,photometric,Scale Sim contrast toward Real luminance std.,0.4363950616505344,0.07902093450079739,11.022578386619145,0.6315425709690786,0.48538890218120223,0.7061428536781725,0.2207539514969703,0.1987907017386637,0.19871726584746455,7.343589119915284e-05,,,,,,,,,,,OBSERVATION_ONLY_FULL_FORWARD_REQUIRED
episode_000002_000016,episode_000002,16,alignment,P0_current_paired_image,preprocessing,Existing paired 1280x720 image.,0.44943104875537704,0.08434945824678367,10.739177024191118,0.6078917530426149,0.48472023573325135,0.7130067221805214,0.22828648644727007,0.1939365825612293,0.2018852138633248,0.007948631302095499,,,,,,,,,,,OBSERVATION_ONLY_FULL_FORWARD_REQUIRED
episode_000002_000016,episode_000002,16,alignment,P1_resize_224_direct,preprocessing,Direct resize to 224x224.,0.44815339852133595,0.08346898767677005,10.784748536493352,0.6144142158422053,0.48470482392957187,0.7130096705557222,0.2283048466261503,0.19319881972602723,0.20051814986595978,0.0073193301399325505,,,,,,,,,,,OBSERVATION_ONLY_FULL_FORWARD_REQUIRED
episode_000002_000016,episode_000002,16,alignment,P2_center_crop_square_resize_224,preprocessing,Center square crop then resize to 224x224.,0.44093972710556345,0.08205141217026027,10.859139399920721,0.49467944885669946,0.5295902349846189,0.7384151510447929,0.20882491606017406,0.1766763958852464,0.19130834106846634,0.014631945183219947,,,,,,,,,,,OBSERVATION_ONLY_FULL_FORWARD_REQUIRED
episode_000002_000016,episode_000002,16,alignment,P3_center_crop_0p875_resize_224,preprocessing,Center crop 87.5% of min side then resize to 224x224.,0.44449737525970107,0.08306684203501662,10.805722998614273,0.3392023169521714,0.5456699614220688,0.7469982278536414,0.20132826643157264,0.16293528074430422,0.17009294253388718,0.007157661789582964,,,,,,,,,,,OBSERVATION_ONLY_FULL_FORWARD_REQUIRED
episode_000002_000016,episode_000002,16,alignment,P4_letterbox_224,preprocessing,Aspect-preserving resize with black letterbox to 224x224.,0.2517937135574693,0.04673430963480162,13.303641683805022,0.8172451553096097,0.2729162597070078,0.4013800462528761,0.12846378654586832,0.2807710229817561,0.38444757069745134,0.10367654771569523,,,,,,,,,,,OBSERVATION_ONLY_FULL_FORWARD_REQUIRED
episode_000002_000016,episode_000002,16,alignment,P5_brightness_match_sim_to_real,photometric,Shift Sim brightness mean toward Real mean.,0.22461174991042887,0.028376562433252164,15.470402165844234,0.6191227323436853,0.48472023573325135,0.4827697623723448,0.001950473360906535,0.1939365825612293,0.1371705035759755,0.05676607898525382,,,,,,,,,,,OBSERVATION_ONLY_FULL_FORWARD_REQUIRED
episode_000002_000016,episode_000002,16,alignment,P6_contrast_match_sim_to_real,photometric,Scale Sim contrast toward Real luminance std.,0.44165956277981605,0.08135848532927152,10.895971453761497,0.6093953832014418,0.48472023573325135,0.710443846920956,0.22572361118770462,0.1939365825612293,0.19385317008368141,8.341247754789505e-05,,,,,,,,,,,OBSERVATION_ONLY_FULL_FORWARD_REQUIRED
episode_000002_000017,episode_000002,17,alignment,P0_current_paired_image,preprocessing,Existing paired 1280x720 image.,0.4583385766934612,0.08747111385778449,10.581353431304008,0.5909720203795347,0.48239544850132743,0.7152532195218887,0.23285777102056127,0.1906789484242024,0.19949786714657142,0.008818918722369007,,,,,,,,,,,OBSERVATION_ONLY_FULL_FORWARD_REQUIRED
episode_000002_000017,episode_000002,17,alignment,P1_resize_224_direct,preprocessing,Direct resize to 224x224.,0.4571669919692213,0.08658733611908816,10.625456213287505,0.5975597592836707,0.4823795734387505,0.71525516373737,0.23287559029861948,0.18988100408686212,0.198176086120715,0.008295082033852874,,,,,,,,,,,OBSERVATION_ONLY_FULL_FORWARD_REQUIRED
episode_000002_000017,episode_000002,17,alignment,P2_center_crop_square_resize_224,preprocessing,Center square crop then resize to 224x224.,0.445883151172499,0.08315271564099495,10.801235628167984,0.48453031257650003,0.5254307874868698,0.735272780737295,0.20984199325042519,0.17295573427712835,0.1916120313649024,0.018656297087774054,,,,,,,,,,,OBSERVATION_ONLY_FULL_FORWARD_REQUIRED
episode_000002_000017,episode_000002,17,alignment,P3_center_crop_0p875_resize_224,preprocessing,Center crop 87.5% of min side then resize to 224x224.,0.4478283159970186,0.08311377870184021,10.803269723875971,0.33946887401964726,0.541063697135104,0.7427102970719536,0.20164659993684952,0.1589947141111011,0.17106321366164612,0.012068499550545009,,,,,,,,,,,OBSERVATION_ONLY_FULL_FORWARD_REQUIRED
episode_000002_000017,episode_000002,17,alignment,P4_letterbox_224,preprocessing,Aspect-preserving resize with black letterbox to 224x224.,0.25688175464850554,0.04849858346116224,13.142709460159798,0.8110641378852331,0.27161549316601635,0.40264219812925167,0.13102670496323532,0.2785094836424738,0.38479450747398447,0.10628502383151067,,,,,,,,,,,OBSERVATION_ONLY_FULL_FORWARD_REQUIRED
episode_000002_000017,episode_000002,17,alignment,P5_brightness_match_sim_to_real,photometric,Shift Sim brightness mean toward Real mean.,0.2283479503610075,0.028735948574577806,15.415744622189795,0.6040096914898152,0.48239544850132743,0.4805315881842318,0.0018638603170956225,0.1906789484242024,0.13463056303702278,0.05604838538717963,,,,,,,,,,,OBSERVATION_ONLY_FULL_FORWARD_REQUIRED
episode_000002_000017,episode_000002,17,alignment,P6_contrast_match_sim_to_real,photometric,Scale Sim contrast toward Real luminance std.,0.4506134756591303,0.08437657342995748,10.73778115487415,0.5924070265207851,0.48239544850132743,0.713030037816585,0.2306345893152576,0.1906789484242024,0.19056024265657306,0.0001187057676293457,,,,,,,,,,,OBSERVATION_ONLY_FULL_FORWARD_REQUIRED
episode_000002_000018,episode_000002,18,alignment,P0_current_paired_image,preprocessing,Existing paired 1280x720 image.,0.46058971507065477,0.0882983239452508,10.540475400038279,0.5842380292718012,0.4812279805717252,0.7157276047113291,0.2344996241396039,0.18893982039152185,0.19827433273987455,0.009334512348352697,,,,,,,,,,,OBSERVATION_ONLY_FULL_FORWARD_REQUIRED
episode_000002_000018,episode_000002,18,alignment,P1_resize_224_direct,preprocessing,Direct resize to 224x224.,0.4595368182859358,0.08745885936073776,10.581961910269237,0.5906153147320354,0.4812114371686174,0.7157405975046268,0.2345291603360094,0.18813913635232032,0.19702380912688985,0.00888467277456953,,,,,,,,,,,OBSERVATION_ONLY_FULL_FORWARD_REQUIRED
episode_000002_000018,episode_000002,18,alignment,P2_center_crop_square_resize_224,preprocessing,Center square crop then resize to 224x224.,0.4456838018060268,0.08282783885613068,10.818236701043311,0.4846410873754402,0.5232709441589136,0.7332576652536014,0.20998672109468774,0.1709294515795284,0.19154139938209375,0.02061194780256534,,,,,,,,,,,OBSERVATION_ONLY_FULL_FORWARD_REQUIRED
episode_000002_000018,episode_000002,18,alignment,P3_center_crop_0p875_resize_224,preprocessing,Center crop 87.5% of min side then resize to 224x224.,0.4463362608793088,0.08199145262680235,10.862314192076791,0.34964757290393583,0.5385369586115696,0.7400768325767806,0.201539873965211,0.15640651423021024,0.17123273982048207,0.01482622559027183,,,,,,,,,,,OBSERVATION_ONLY_FULL_FORWARD_REQUIRED
episode_000002_000018,episode_000002,18,alignment,P4_letterbox_224,preprocessing,Aspect-preserving resize with black letterbox to 224x224.,0.2582117801537434,0.048980388519787,13.099777743086833,0.8087416199182941,0.2709669511085684,0.4029124472757853,0.1319454961672169,0.27734703953388373,0.384678319047317,0.10733127951343324,,,,,,,,,,,OBSERVATION_ONLY_FULL_FORWARD_REQUIRED
episode_000002_000018,episode_000002,18,alignment,P5_brightness_match_sim_to_real,photometric,Shift Sim brightness mean toward Real mean.,0.2286629979560711,0.028627647591693717,15.432143376200631,0.5976538598428144,0.4812279805717252,0.47947528627791386,0.0017526942938113632,0.18893982039152185,0.13347898465195804,0.05546083573956381,,,,,,,,,,,OBSERVATION_ONLY_FULL_FORWARD_REQUIRED
episode_000002_000018,episode_000002,18,alignment,P6_contrast_match_sim_to_real,photometric,Scale Sim contrast toward Real luminance std.,0.4529005133914727,0.08519063592439516,10.696081398561017,0.585925714260534,0.4812279805717252,0.7136194279028801,0.2323914473311549,0.18893982039152185,0.1890774309686797,0.00013761057715785951,,,,,,,,,,,OBSERVATION_ONLY_FULL_FORWARD_REQUIRED
episode_000002_000019,episode_000002,19,alignment,P0_current_paired_image,preprocessing,Existing paired 1280x720 image.,0.4614834177306582,0.0886112811567755,10.525109842951775,0.5835835178334827,0.4805732896965208,0.7159237888982503,0.23535049920172946,0.1881093532539951,0.19769527815001917,0.009585924896024056,,,,,,,,,,,OBSERVATION_ONLY_FULL_FORWARD_REQUIRED
episode_000002_000019,episode_000002,19,alignment,P1_resize_224_direct,preprocessing,Direct resize to 224x224.,0.4604000742560793,0.0877592497374767,10.567070982440407,0.5900860143254099,0.4805530403567677,0.7159331221707432,0.23538008181397552,0.1872802147937421,0.19643758974156408,0.009157374947821983,,,,,,,,,,,OBSERVATION_ONLY_FULL_FORWARD_REQUIRED
episode_000002_000019,episode_000002,19,alignment,P2_center_crop_square_resize_224,preprocessing,Center square crop then resize to 224x224.,0.44543570040390423,0.08251262361562273,10.834796036050896,0.4896174185027974,0.5223063562143607,0.7330388971838735,0.21073254096951277,0.1699112174378917,0.19108502031166824,0.021173802873776543,,,,,,,,,,,OBSERVATION_ONLY_FULL_FORWARD_REQUIRED
episode_000002_000019,episode_000002,19,alignment,P3_center_crop_0p875_resize_224,preprocessing,Center crop 87.5% of min side then resize to 224x224.,0.44583052470660023,0.08140399991696025,10.89354254825976,0.35958936862978064,0.5371319933754753,0.7396434417360693,0.20251144836059398,0.15488399424165414,0.17080054168666384,0.0159165474450097,,,,,,,,,,,OBSERVATION_ONLY_FULL_FORWARD_REQUIRED
episode_000002_000019,episode_000002,19,alignment,P4_letterbox_224,preprocessing,Aspect-preserving resize with black letterbox to 224x224.,0.2587077578219231,0.04915601831010182,13.084233026770422,0.8080305984143291,0.27058906242184366,0.4030245881164966,0.13243552569465294,0.27673527699803685,0.3846052005255352,0.10786992352749836,,,,,,,,,,,OBSERVATION_ONLY_FULL_FORWARD_REQUIRED
episode_000002_000019,episode_000002,19,alignment,P5_brightness_match_sim_to_real,photometric,Shift Sim brightness mean toward Real mean.,0.2285106595244684,0.028445488469534524,15.459866040722698,0.5975469462622276,0.4805732896965208,0.4785963661075367,0.001976923588984103,0.1881093532539951,0.13271137548454692,0.05539797776944819,,,,,,,,,,,OBSERVATION_ONLY_FULL_FORWARD_REQUIRED
episode_000002_000019,episode_000002,19,alignment,P6_contrast_match_sim_to_real,photometric,Scale Sim contrast toward Real luminance std.,0.45391583455717976,0.08551597385198174,10.679527541864166,0.5853140468254835,0.4805732896965208,0.7139261368515115,0.23335284715499072,0.1881093532539951,0.18822649418757412,0.00011714093357900746,,,,,,,,,,,OBSERVATION_ONLY_FULL_FORWARD_REQUIRED
episode_000002_000020,episode_000002,20,alignment,P0_current_paired_image,preprocessing,Existing paired 1280x720 image.,0.4617319300964197,0.0886749531708335,10.521990322065014,0.5842179607500271,0.48088464169815504,0.7165283003872207,0.23564365868906567,0.18826422130424847,0.19704517947370775,0.008780958169459285,,,,,,,,,,,OBSERVATION_ONLY_FULL_FORWARD_REQUIRED
episode_000002_000020,episode_000002,20,alignment,P1_resize_224_direct,preprocessing,Direct resize to 224x224.,0.4606700380699945,0.08783940506349598,10.563106143616036,0.5906556614511186,0.4808623336209483,0.716539155912365,0.23567682229141662,0.18744433379796402,0.1958159180363755,0.008371584238411472,,,,,,,,,,,OBSERVATION_ONLY_FULL_FORWARD_REQUIRED
episode_000002_000020,episode_000002,20,alignment,P2_center_crop_square_resize_224,preprocessing,Center square crop then resize to 224x224.,0.44531604334595837,0.08238943024105068,10.841285004682375,0.49114757180652263,0.5227654807079082,0.7336793679815676,0.21091388727365945,0.16992570279624422,0.19031059918259957,0.02038489638635535,,,,,,,,,,,OBSERVATION_ONLY_FULL_FORWARD_REQUIRED
episode_000002_000020,episode_000002,20,alignment,P3_center_crop_0p875_resize_224,preprocessing,Center crop 87.5% of min side then resize to 224x224.,0.44565027228177606,0.08125355064411384,10.901576519927385,0.3618568965478735,0.5375899461815975,0.7403691154899459,0.20277916930834838,0.15492729216318957,0.16991501870149206,0.014987726538302493,,,,,,,,,,,OBSERVATION_ONLY_FULL_FORWARD_REQUIRED
episode_000002_000020,episode_000002,20,alignment,P4_letterbox_224,preprocessing,Aspect-preserving resize with black letterbox to 224x224.,0.25883800723225,0.04919793887734833,13.080530913981779,0.8081956774634818,0.2707691623524409,0.40336279075692777,0.13259362840448685,0.2769313911406941,0.38470668536760355,0.10777529422690946,,,,,,,,,,,OBSERVATION_ONLY_FULL_FORWARD_REQUIRED
episode_000002_000020,episode_000002,20,alignment,P5_brightness_match_sim_to_real,photometric,Shift Sim brightness mean toward Real mean.,0.22941456906998028,0.02851462733127929,15.449323000047603,0.5973098126115147,0.48088464169815504,0.4789638794849538,0.0019207622132012547,0.18826422130424847,0.13225876228684696,0.056005459017401504,,,,,,,,,,,OBSERVATION_ONLY_FULL_FORWARD_REQUIRED
episode_000002_000020,episode_000002,20,alignment,P6_contrast_match_sim_to_real,photometric,Scale Sim contrast toward Real luminance std.,0.4539250874627822,0.08557192739148581,10.676686860069681,0.5856907273814846,0.48088464169815504,0.7143023407237198,0.23341769902556475,0.18826422130424847,0.18816823702819574,9.598427605272963e-05,,,,,,,,,,,OBSERVATION_ONLY_FULL_FORWARD_REQUIRED
episode_000002_000021,episode_000002,21,descent_to_grasp,P0_current_paired_image,preprocessing,Existing paired 1280x720 image.,0.4620109677588582,0.08874335154881675,10.51864173414475,0.584052965366839,0.48087199494910793,0.7169421602132696,0.2360701652641617,0.18817229239525257,0.19656439912927456,0.008392106734021992,,,,,,,,,,,OBSERVATION_ONLY_FULL_FORWARD_REQUIRED
episode_000002_000021,episode_000002,21,descent_to_grasp,P1_resize_224_direct,preprocessing,Direct resize to 224x224.,0.4609776272597591,0.08791561395800149,10.559339866599968,0.5903938471998857,0.48085815913865537,0.7169505831238744,0.236092423985219,0.1873415239292638,0.19534552511069778,0.00800400118143399,,,,,,,,,,,OBSERVATION_ONLY_FULL_FORWARD_REQUIRED
episode_000002_000021,episode_000002,21,descent_to_grasp,P2_center_crop_square_resize_224,preprocessing,Center square crop then resize to 224x224.,0.4453757869771058,0.0823668344993226,10.842476243877318,0.491319275470267,0.5227367404618097,0.7339485027135855,0.21121176225177574,0.16986786380796412,0.18984317080587673,0.019975306997912612,,,,,,,,,,,OBSERVATION_ONLY_FULL_FORWARD_REQUIRED
episode_000002_000021,episode_000002,21,descent_to_grasp,P3_center_crop_0p875_resize_224,preprocessing,Center crop 87.5% of min side then resize to 224x224.,0.4454125324108882,0.08112362775992749,10.908526364021348,0.3624128967892751,0.5375468356874,0.7405432729029112,0.2029964372155112,0.15476448461919623,0.1693796117123835,0.014615127093187269,,,,,,,,,,,OBSERVATION_ONLY_FULL_FORWARD_REQUIRED
episode_000002_000021,episode_000002,21,descent_to_grasp,P4_letterbox_224,preprocessing,Aspect-preserving resize with black letterbox to 224x224.,0.2590220224979176,0.04924593969532258,13.076295710670534,0.8079697110130752,0.2707618148353091,0.4036058168892557,0.13284400205394659,0.2768927352350764,0.384770429284078,0.1078776940490016,,,,,,,,,,,OBSERVATION_ONLY_FULL_FORWARD_REQUIRED
episode_000002_000021,episode_000002,21,descent_to_grasp,P5_brightness_match_sim_to_real,photometric,Shift Sim brightness mean toward Real mean.,0.2290179854171242,0.02844365809379761,15.46014550425156,0.5968046584583737,0.48087199494910793,0.47896098191636016,0.001911013032747766,0.18817229239525257,0.13180772972250082,0.05636456267275175,,,,,,,,,,,OBSERVATION_ONLY_FULL_FORWARD_REQUIRED
episode_000002_000021,episode_000002,21,descent_to_grasp,P6_contrast_match_sim_to_real,photometric,Scale Sim contrast toward Real luminance std.,0.45419758852380265,0.08564815262025288,10.672820000712989,0.5853030624091257,0.48087199494910793,0.7146318265701592,0.2337598316210513,0.18817229239525257,0.18784754175401147,0.00032475064124110053,,,,,,,,,,,OBSERVATION_ONLY_FULL_FORWARD_REQUIRED
episode_000002_000022,episode_000002,22,descent_to_grasp,P0_current_paired_image,preprocessing,Existing paired 1280x720 image.,0.4635880528534158,0.08906095416470867,10.503126563163164,0.5781452986059418,0.481751240599469,0.719316866232639,0.23756562563317002,0.1854148948793326,0.19313443574831451,0.007719540868981911,,,,,,,,,,,OBSERVATION_ONLY_FULL_FORWARD_REQUIRED
episode_000002_000022,episode_000002,22,descent_to_grasp,P1_resize_224_direct,preprocessing,Direct resize to 224x224.,0.46258646518820806,0.08825738996579023,10.542489200818416,0.5844109767583217,0.48173140828206273,0.7193180897671568,0.2375866814850941,0.18459378448281094,0.19193848938600258,0.00734470490319164,,,,,,,,,,,OBSERVATION_ONLY_FULL_FORWARD_REQUIRED
episode_000002_000022,episode_000002,22,descent_to_grasp,P2_center_crop_square_resize_224,preprocessing,Center square crop then resize to 224x224.,0.4438906092544656,0.08146276555965523,10.890408502417959,0.49705418049918215,0.5219331446641157,0.7333762517194378,0.2114431070553221,0.16811417415047153,0.18836270135054958,0.020248527200078054,,,,,,,,,,,OBSERVATION_ONLY_FULL_FORWARD_REQUIRED
episode_000002_000022,episode_000002,22,descent_to_grasp,P3_center_crop_0p875_resize_224,preprocessing,Center crop 87.5% of min side then resize to 224x224.,0.44337529942733533,0.0796342192922921,10.989002732626272,0.3737778522956003,0.5361288712828881,0.7396351056360043,0.2035062343531162,0.15169549058447446,0.16725897075267684,0.015563480168202387,,,,,,,,,,,OBSERVATION_ONLY_FULL_FORWARD_REQUIRED
episode_000002_000022,episode_000002,22,descent_to_grasp,P4_letterbox_224,preprocessing,Aspect-preserving resize with black letterbox to 224x224.,0.25993751298435425,0.04944257727600845,13.058988990119648,0.8075988148311839,0.27125871135954377,0.40493964456094933,0.13368093320140556,0.2762320149878233,0.38489637025327367,0.10866435526545037,,,,,,,,,,,OBSERVATION_ONLY_FULL_FORWARD_REQUIRED
episode_000002_000022,episode_000002,22,descent_to_grasp,P5_brightness_match_sim_to_real,photometric,Shift Sim brightness mean toward Real mean.,0.227659751964055,0.028037901059911084,15.52254501126834,0.5904305195565478,0.481751240599469,0.47979917247583065,0.0019520681236383508,0.1854148948793326,0.12946870399973273,0.05594619087959987,,,,,,,,,,,OBSERVATION_ONLY_FULL_FORWARD_REQUIRED
episode_000002_000022,episode_000002,22,descent_to_grasp,P6_contrast_match_sim_to_real,photometric,Scale Sim contrast toward Real luminance std.,0.45618275705238837,0.08614023949789609,10.647939250917597,0.579238547122053,0.481751240599469,0.716869272796671,0.235118032197202,0.1854148948793326,0.18510037134795712,0.0003145235313754824,,,,,,,,,,,OBSERVATION_ONLY_FULL_FORWARD_REQUIRED
episode_000002_000023,episode_000002,23,descent_to_grasp,P0_current_paired_image,preprocessing,Existing paired 1280x720 image.,0.4668332613151472,0.08896164370318752,10.507972014294026,0.5677863192390753,0.4844421682878881,0.7235040281956355,0.23906185990774742,0.17714797952185374,0.1857295884595112,0.00858160893765747,,,,,,,,,,,OBSERVATION_ONLY_FULL_FORWARD_REQUIRED
episode_000002_000023,episode_000002,23,descent_to_grasp,P1_resize_224_direct,preprocessing,Direct resize to 224x224.,0.4658822365049174,0.08822259265225699,10.544201834877443,0.5739519831325872,0.4844318480360894,0.7234939387161115,0.23906209068002204,0.17638000457613484,0.18457165448285895,0.008191649906724108,,,,,,,,,,,OBSERVATION_ONLY_FULL_FORWARD_REQUIRED
episode_000002_000023,episode_000002,23,descent_to_grasp,P2_center_crop_square_resize_224,preprocessing,Center square crop then resize to 224x224.,0.4419585820777702,0.07940605868572918,11.001463596208279,0.5148043225087141,0.5196968648553171,0.73104188261242,0.2113450177571029,0.1627531665877082,0.18574982030730416,0.022996653719595972,,,,,,,,,,,OBSERVATION_ONLY_FULL_FORWARD_REQUIRED
episode_000002_000023,episode_000002,23,descent_to_grasp,P3_center_crop_0p875_resize_224,preprocessing,Center crop 87.5% of min side then resize to 224x224.,0.43946110702270913,0.07587328007183264,11.199111405793342,0.4107981227051125,0.5328542633928571,0.7361874399447278,0.20333317655187066,0.14276315388125985,0.16337095799005094,0.020607804108791095,,,,,,,,,,,OBSERVATION_ONLY_FULL_FORWARD_REQUIRED
episode_000002_000023,episode_000002,23,descent_to_grasp,P4_letterbox_224,preprocessing,Aspect-preserving resize with black letterbox to 224x224.,0.2618085491508446,0.049432836655904186,13.059844672519764,0.8093670592750976,0.2727703455132053,0.40728700713097743,0.13451666161777215,0.27436626665577585,0.3848104514355656,0.11044418477978973,,,,,,,,,,,OBSERVATION_ONLY_FULL_FORWARD_REQUIRED
episode_000002_000023,episode_000002,23,descent_to_grasp,P5_brightness_match_sim_to_real,photometric,Shift Sim brightness mean toward Real mean.,0.22859585457965845,0.027171827636850842,15.6588114899821,0.5818273612862809,0.4844421682878881,0.4825483347366899,0.0018938335511982096,0.17714797952185374,0.12451719449784264,0.0526307850240111,,,,,,,,,,,OBSERVATION_ONLY_FULL_FORWARD_REQUIRED
episode_000002_000023,episode_000002,23,descent_to_grasp,P6_contrast_match_sim_to_real,photometric,Scale Sim contrast toward Real luminance std.,0.4586527854983502,0.08581377204124653,10.664430077043892,0.5693741063748755,0.4844421682878881,0.7211695780747888,0.23672740978690066,0.17714797952185374,0.1771395637096474,8.415812206341577e-06,,,,,,,,,,,OBSERVATION_ONLY_FULL_FORWARD_REQUIRED
episode_000002_000024,episode_000002,24,descent_to_grasp,P0_current_paired_image,preprocessing,Existing paired 1280x720 image.,0.46817388609749944,0.0870835940893015,10.600636551828462,0.561669164317589,0.48722441957975915,0.7272952568652981,0.2400708372855389,0.16305088394738568,0.1738433213855909,0.01079243743820521,,,,,,,,,,,OBSERVATION_ONLY_FULL_FORWARD_REQUIRED
episode_000002_000024,episode_000002,24,descent_to_grasp,P1_resize_224_direct,preprocessing,Direct resize to 224x224.,0.46726121231379636,0.08641964220328653,10.63387536097688,0.5680619005496957,0.4872085605179571,0.7272888942139356,0.24008033369597853,0.1623726639925351,0.17267468748099388,0.010302023488458767,,,,,,,,,,,OBSERVATION_ONLY_FULL_FORWARD_REQUIRED
episode_000002_000024,episode_000002,24,descent_to_grasp,P2_center_crop_square_resize_224,preprocessing,Center square crop then resize to 224x224.,0.4366127203429424,0.07485414478291315,11.257841471377482,0.5603656789777741,0.5148564583802271,0.726058772649685,0.2112023142694579,0.15263469185815548,0.18053449366922333,0.027899801811067854,,,,,,,,,,,OBSERVATION_ONLY_FULL_FORWARD_REQUIRED
episode_000002_000024,episode_000002,24,descent_to_grasp,P3_center_crop_0p875_resize_224,preprocessing,Center crop 87.5% of min side then resize to 224x224.,0.43250207803576707,0.07021854299317766,11.535481862148412,0.48611688241341255,0.5270103493741246,0.7308914700098789,0.20388112063575425,0.1286398829759277,0.15724583053473096,0.028605947558803246,,,,,,,,,,,OBSERVATION_ONLY_FULL_FORWARD_REQUIRED
episode_000002_000024,episode_000002,24,descent_to_grasp,P4_letterbox_224,preprocessing,Aspect-preserving resize with black letterbox to 224x224.,0.26265990009669316,0.04844554284131953,13.14746173380267,0.8145143083810408,0.2743354632790616,0.4094334309036114,0.1350979676245498,0.27072554161560963,0.38346890200442113,0.1127433603888115,,,,,,,,,,,OBSERVATION_ONLY_FULL_FORWARD_REQUIRED
episode_000002_000024,episode_000002,24,descent_to_grasp,P5_brightness_match_sim_to_real,photometric,Shift Sim brightness mean toward Real mean.,0.2238434808762679,0.0247120917702593,16.070904919175472,0.5790811229476901,0.48722441957975915,0.48516152439576515,0.0020628951839939957,0.16305088394738568,0.11644202905858898,0.046608854888796694,,,,,,,,,,,OBSERVATION_ONLY_FULL_FORWARD_REQUIRED
episode_000002_000024,episode_000002,24,descent_to_grasp,P6_contrast_match_sim_to_real,photometric,Scale Sim contrast toward Real luminance std.,0.45916266835498215,0.08365427908114045,10.775118391152606,0.5633867668139061,0.48722441957975915,0.7254256699380448,0.23820125035828565,0.16305088394738568,0.16291147049018423,0.00013941345720144827,,,,,,,,,,,OBSERVATION_ONLY_FULL_FORWARD_REQUIRED
episode_000002_000025,episode_000002,25,descent_to_grasp,P0_current_paired_image,preprocessing,Existing paired 1280x720 image.,0.4630354024494674,0.08163917832973788,10.881013749586195,0.5728366197086646,0.4916345376012732,0.728134431131706,0.23649989353043277,0.14545901009053988,0.16390650527138706,0.01844749518084718,,,,,,,,,,,OBSERVATION_ONLY_FULL_FORWARD_REQUIRED
episode_000002_000025,episode_000002,25,descent_to_grasp,P1_resize_224_direct,preprocessing,Direct resize to 224x224.,0.4622389663152465,0.08107375762805122,10.911196977202486,0.5793407099611746,0.4916194106236244,0.7281325584139907,0.2365131477903663,0.14484971834218627,0.16281755736023665,0.01796783901805038,,,,,,,,,,,OBSERVATION_ONLY_FULL_FORWARD_REQUIRED
episode_000002_000025,episode_000002,25,descent_to_grasp,P2_center_crop_square_resize_224,preprocessing,Center square crop then resize to 224x224.,0.4315527536470105,0.07006192346219534,11.545179438446077,0.6112287241842496,0.5107999350834083,0.7204648846882502,0.20966494960484194,0.1415782795903099,0.1768744794411883,0.035296199850878396,,,,,,,,,,,OBSERVATION_ONLY_FULL_FORWARD_REQUIRED
episode_000002_000025,episode_000002,25,descent_to_grasp,P3_center_crop_0p875_resize_224,preprocessing,Center crop 87.5% of min side then resize to 224x224.,0.4333384038916714,0.06841638565148281,11.648398727566029,0.5110255268825952,0.5181657930359643,0.7242271698679472,0.2060613768319829,0.11718486477230185,0.15263163937377525,0.0354467746014734,,,,,,,,,,,OBSERVATION_ONLY_FULL_FORWARD_REQUIRED
episode_000002_000025,episode_000002,25,descent_to_grasp,P4_letterbox_224,preprocessing,Aspect-preserving resize with black letterbox to 224x224.,0.2598253926567831,0.045463688028315886,13.423353370804689,0.8260623224557413,0.27682198552858645,0.40989680628501396,0.13307482075642751,0.26710468615775096,0.38144282010362074,0.11433813394586978,,,,,,,,,,,OBSERVATION_ONLY_FULL_FORWARD_REQUIRED
episode_000002_000025,episode_000002,25,descent_to_grasp,P5_brightness_match_sim_to_real,photometric,Shift Sim brightness mean toward Real mean.,0.21583792348292338,0.021149880209890795,16.746920880681703,0.6033261320208994,0.4916345376012732,0.48935305093358517,0.0022814866676880152,0.14545901009053988,0.11060742201523881,0.034851588075301074,,,,,,,,,,,OBSERVATION_ONLY_FULL_FORWARD_REQUIRED
episode_000002_000025,episode_000002,25,descent_to_grasp,P6_contrast_match_sim_to_real,photometric,Scale Sim contrast toward Real luminance std.,0.44793277951170485,0.07625806110230039,11.177142410670244,0.5778559521779778,0.4916345376012732,0.7265996259361381,0.23496508833486496,0.14545901009053988,0.14534978773185497,0.00010922235868490726,,,,,,,,,,,OBSERVATION_ONLY_FULL_FORWARD_REQUIRED
episode_000002_000026,episode_000002,26,descent_to_grasp,P0_current_paired_image,preprocessing,Existing paired 1280x720 image.,0.46494010411303077,0.08059379696822448,10.93698383084988,0.5611594453893842,0.49126016740536477,0.7267795745361862,0.23551940713082148,0.13495105614386027,0.15962983539998238,0.024678779256122108,,,,,,,,,,,OBSERVATION_ONLY_FULL_FORWARD_REQUIRED
episode_000002_000026,episode_000002,26,descent_to_grasp,P1_resize_224_direct,preprocessing,Direct resize to 224x224.,0.4641149731588854,0.0800513974993592,10.966310819712596,0.5679848930302194,0.4912385545311875,0.7267733361782214,0.2355347816470339,0.13436629532395356,0.15851411033326057,0.024147815009307017,,,,,,,,,,,OBSERVATION_ONLY_FULL_FORWARD_REQUIRED
episode_000002_000026,episode_000002,26,descent_to_grasp,P2_center_crop_square_resize_224,preprocessing,Center square crop then resize to 224x224.,0.4354463505435839,0.07026826866367461,11.532407468907802,0.6128242877154819,0.5052548347620297,0.7154477959308725,0.21019296116884278,0.1367316175526659,0.17718035090574397,0.040448733353078054,,,,,,,,,,,OBSERVATION_ONLY_FULL_FORWARD_REQUIRED
episode_000002_000026,episode_000002,26,descent_to_grasp,P3_center_crop_0p875_resize_224,preprocessing,Center crop 87.5% of min side then resize to 224x224.,0.4400079971716191,0.07020809304113801,11.536128229054793,0.4894238920490446,0.5094067240177321,0.7178255852966188,0.20841886127888665,0.11270518054899062,0.15363466106756543,0.04092948051857481,,,,,,,,,,,OBSERVATION_ONLY_FULL_FORWARD_REQUIRED
episode_000002_000026,episode_000002,26,descent_to_grasp,P4_letterbox_224,preprocessing,Aspect-preserving resize with black letterbox to 224x224.,0.2608374277533769,0.04488245727212454,13.479233738884782,0.828089010543611,0.2766175626031663,0.4091367662690076,0.1325192036658413,0.26385194250090543,0.3797870945812949,0.11593515208038946,,,,,,,,,,,OBSERVATION_ONLY_FULL_FORWARD_REQUIRED
episode_000002_000026,episode_000002,26,descent_to_grasp,P5_brightness_match_sim_to_real,photometric,Shift Sim brightness mean toward Real mean.,0.21597093122104472,0.020201117136215425,16.94624613094038,0.6020025309176033,0.49126016740536477,0.4894357860711125,0.0018243813342522786,0.13495105614386027,0.10789904947561628,0.02705200666824399,,,,,,,,,,,OBSERVATION_ONLY_FULL_FORWARD_REQUIRED
episode_000002_000026,episode_000002,26,descent_to_grasp,P6_contrast_match_sim_to_real,photometric,Scale Sim contrast toward Real luminance std.,0.44487166887666496,0.07368450521389563,11.326238283904882,0.570374148038666,0.49126016740536477,0.725797852439917,0.23453768503455225,0.13495105614386027,0.13494554645425724,5.509689603028223e-06,,,,,,,,,,,OBSERVATION_ONLY_FULL_FORWARD_REQUIRED
episode_000002_000027,episode_000002,27,descent_to_grasp,P0_current_paired_image,preprocessing,Existing paired 1280x720 image.,0.4652435333693717,0.08013818822577146,10.961604803765454,0.5523132448853477,0.4900819584780091,0.7256562455363224,0.23557428705831324,0.13039876036067793,0.15778172669574708,0.027382966335069148,,,,,,,,,,,OBSERVATION_ONLY_FULL_FORWARD_REQUIRED
episode_000002_000027,episode_000002,27,descent_to_grasp,P1_resize_224_direct,preprocessing,Direct resize to 224x224.,0.46438311413515265,0.07959818006042285,10.99096861894887,0.5592660029990729,0.49006066467211873,0.7256467211415818,0.23558605646946307,0.12982329647800833,0.15661743449765447,0.02679413801964614,,,,,,,,,,,OBSERVATION_ONLY_FULL_FORWARD_REQUIRED
episode_000002_000027,episode_000002,27,descent_to_grasp,P2_center_crop_square_resize_224,preprocessing,Center square crop then resize to 224x224.,0.4372218560847398,0.07077308629742747,11.501318651165684,0.6084029642159191,0.5011476885129051,0.712811935914991,0.2116642474020859,0.13548443064940704,0.17729710230698498,0.04181267165757793,,,,,,,,,,,OBSERVATION_ONLY_FULL_FORWARD_REQUIRED
episode_000002_000027,episode_000002,27,descent_to_grasp,P3_center_crop_0p875_resize_224,preprocessing,Center crop 87.5% of min side then resize to 224x224.,0.4424987637036064,0.07103617396713587,11.485204378503383,0.48148112116441566,0.5042554673588184,0.7147927068327331,0.21053723947391467,0.11082858395763037,0.15443456039281925,0.043605976435188876,,,,,,,,,,,OBSERVATION_ONLY_FULL_FORWARD_REQUIRED
episode_000002_000027,episode_000002,27,descent_to_grasp,P4_letterbox_224,preprocessing,Aspect-preserving resize with black letterbox to 224x224.,0.2610073758896673,0.04463467413109034,13.503276315764852,0.827736621457416,0.2759501547493997,0.40850993700605237,0.13255978225665266,0.2620204196993113,0.37881790971331625,0.11679749001400497,,,,,,,,,,,OBSERVATION_ONLY_FULL_FORWARD_REQUIRED
episode_000002_000027,episode_000002,27,descent_to_grasp,P5_brightness_match_sim_to_real,photometric,Shift Sim brightness mean toward Real mean.,0.21477877669896486,0.019705231116593336,17.054184670621417,0.5981734218289932,0.4900819584780091,0.48794346344635064,0.0021384950316584717,0.13039876036067793,0.106511839129861,0.02388692123081694,,,,,,,,,,,OBSERVATION_ONLY_FULL_FORWARD_REQUIRED
episode_000002_000027,episode_000002,27,descent_to_grasp,P6_contrast_match_sim_to_real,photometric,Scale Sim contrast toward Real luminance std.,0.4429249754770928,0.07261006707489641,11.39003162055035,0.5637530918080791,0.4900819584780091,0.7249952180810869,0.2349132596030778,0.13039876036067793,0.13034950432617953,4.925603449840166e-05,,,,,,,,,,,OBSERVATION_ONLY_FULL_FORWARD_REQUIRED
episode_000002_000028,episode_000002,28,descent_to_grasp,P0_current_paired_image,preprocessing,Existing paired 1280x720 image.,0.465628595526393,0.08011678368117847,10.962764939460348,0.5534922864646967,0.48990367048355776,0.7258900114728009,0.2359863409892431,0.12960968148782806,0.1572463678567801,0.02763668636895203,,,,,,,,,,,OBSERVATION_ONLY_FULL_FORWARD_REQUIRED
episode_000002_000028,episode_000002,28,descent_to_grasp,P1_resize_224_direct,preprocessing,Direct resize to 224x224.,0.4647666969583111,0.07958537581699346,10.991667285623032,0.5603956105692918,0.4898878583152011,0.7258932330119549,0.23600537469675376,0.12903242540957938,0.15610576502327803,0.02707333961369865,,,,,,,,,,,OBSERVATION_ONLY_FULL_FORWARD_REQUIRED
episode_000002_000028,episode_000002,28,descent_to_grasp,P2_center_crop_square_resize_224,preprocessing,Center square crop then resize to 224x224.,0.4382667570219915,0.07108670255275312,11.482116306072838,0.6087120192077657,0.500367986710309,0.7130071929240445,0.21263920621373544,0.1353686683147395,0.1767632836221934,0.04139461530745389,,,,,,,,,,,OBSERVATION_ONLY_FULL_FORWARD_REQUIRED
episode_000002_000028,episode_000002,28,descent_to_grasp,P3_center_crop_0p875_resize_224,preprocessing,Center crop 87.5% of min side then resize to 224x224.,0.44346394216501417,0.0713827772734911,11.464065590549474,0.48229956006142977,0.5033699654861944,0.7149590473533163,0.2115890818671219,0.11084314240244339,0.1541171885807744,0.043274046178331,,,,,,,,,,,OBSERVATION_ONLY_FULL_FORWARD_REQUIRED
episode_000002_000028,episode_000002,28,descent_to_grasp,P4_letterbox_224,preprocessing,Aspect-preserving resize with black letterbox to 224x224.,0.2612625520970624,0.044640301381990696,13.502728819895264,0.8276983952004532,0.2758536439263205,0.40866388939950976,0.13281024547318926,0.26172169289081554,0.3788316622054978,0.11710996931468226,,,,,,,,,,,OBSERVATION_ONLY_FULL_FORWARD_REQUIRED
episode_000002_000028,episode_000002,28,descent_to_grasp,P5_brightness_match_sim_to_real,photometric,Shift Sim brightness mean toward Real mean.,0.21382661187569776,0.019460158803104564,17.10853620027039,0.6001718586434783,0.48990367048355776,0.48772370635382617,0.002179964129731593,0.12960968148782806,0.10607230825993841,0.023537373227889652,,,,,,,,,,,OBSERVATION_ONLY_FULL_FORWARD_REQUIRED
episode_000002_000028,episode_000002,28,descent_to_grasp,P6_contrast_match_sim_to_real,photometric,Scale Sim contrast toward Real luminance std.,0.44310632922853604,0.07253454049568726,11.394551358499562,0.5653194361095509,0.48990367048355776,0.7252592378778592,0.2353555673943014,0.12960968148782806,0.12959351550846587,1.616597936218711e-05,,,,,,,,,,,OBSERVATION_ONLY_FULL_FORWARD_REQUIRED
episode_000002_000029,episode_000002,29,grasp_close,P0_current_paired_image,preprocessing,Existing paired 1280x720 image.,0.4645889116979487,0.07921979749597738,11.011662720868888,0.580054094978362,0.49002977653696916,0.7276855569410402,0.23765578040407104,0.1295254424278953,0.1533829758029294,0.0238575333750341,,,,,,,,,,,OBSERVATION_ONLY_FULL_FORWARD_REQUIRED
episode_000002_000029,episode_000002,29,grasp_close,P1_resize_224_direct,preprocessing,Direct resize to 224x224.,0.4639306653930976,0.07878320251711796,11.03566369207969,0.5859601794484363,0.49001636487407463,0.7276838732993197,0.2376675084252451,0.12895023897322108,0.15250308086735004,0.023552841894128956,,,,,,,,,,,OBSERVATION_ONLY_FULL_FORWARD_REQUIRED
episode_000002_000029,episode_000002,29,grasp_close,P2_center_crop_square_resize_224,preprocessing,Center square crop then resize to 224x224.,0.4453494982897432,0.07375785240566814,11.321917370458863,0.6070912727141979,0.5006171826230491,0.7215227908663465,0.2209056082432974,0.13526411777196698,0.16833390619694932,0.033069788424982344,,,,,,,,,,,OBSERVATION_ONLY_FULL_FORWARD_REQUIRED
episode_000002_000029,episode_000002,29,grasp_close,P3_center_crop_0p875_resize_224,preprocessing,Center crop 87.5% of min side then resize to 224x224.,0.4503133657881786,0.07429122741825489,11.29062466303727,0.4674921966759041,0.5035102244335233,0.7246936574004602,0.22118343296693688,0.11058771479614553,0.14172273253303078,0.031135017736885248,,,,,,,,,,,OBSERVATION_ONLY_FULL_FORWARD_REQUIRED
episode_000002_000029,episode_000002,29,grasp_close,P4_letterbox_224,preprocessing,Aspect-preserving resize with black letterbox to 224x224.,0.26082215372431683,0.044228025360470984,13.543024500537493,0.829923400576892,0.275920134522559,0.40968598364345743,0.13376584912089845,0.26174800917429325,0.3789158496093539,0.11716784043506068,,,,,,,,,,,OBSERVATION_ONLY_FULL_FORWARD_REQUIRED
episode_000002_000029,episode_000002,29,grasp_close,P5_brightness_match_sim_to_real,photometric,Shift Sim brightness mean toward Real mean.,0.2136378629873199,0.018846660906328763,17.247655833049315,0.6227511577944093,0.49002977653696916,0.4877504686623434,0.002279307874625769,0.1295254424278953,0.10319256052673946,0.026332881901155833,,,,,,,,,,,OBSERVATION_ONLY_FULL_FORWARD_REQUIRED
episode_000002_000029,episode_000002,29,grasp_close,P6_contrast_match_sim_to_real,photometric,Scale Sim contrast toward Real luminance std.,0.4445504072163098,0.07246843920540713,11.398510922318607,0.589682501954089,0.49002977653696916,0.7266262770101439,0.23659650047317476,0.1295254424278953,0.12951878663662345,6.6557912718478995e-06,,,,,,,,,,,OBSERVATION_ONLY_FULL_FORWARD_REQUIRED
episode_000002_000030,episode_000002,30,grasp_close,P0_current_paired_image,preprocessing,Existing paired 1280x720 image.,0.4622503994326056,0.07826919696573252,11.064091219759547,0.5909641991004956,0.49143272189116943,0.7281073887042142,0.23667466681304478,0.1291599580703954,0.15339908320460394,0.024239125134208533,,,,,,,,,,,OBSERVATION_ONLY_FULL_FORWARD_REQUIRED
episode_000002_000030,episode_000002,30,grasp_close,P1_resize_224_direct,preprocessing,Direct resize to 224x224.,0.46159976664413843,0.07782587677636414,11.088759779118538,0.5972402238894376,0.49141574360994394,0.7281107193502402,0.23669497574029624,0.12856434217078108,0.15249528150551914,0.023930939334738055,,,,,,,,,,,OBSERVATION_ONLY_FULL_FORWARD_REQUIRED
episode_000002_000030,episode_000002,30,grasp_close,P2_center_crop_square_resize_224,preprocessing,Center square crop then resize to 224x224.,0.4414228962817949,0.07212565254860112,11.419102445887304,0.623988316531881,0.502946721110319,0.7221049215311125,0.21915820042079348,0.13495081855828034,0.16837488957705773,0.033424071018777396,,,,,,,,,,,OBSERVATION_ONLY_FULL_FORWARD_REQUIRED
episode_000002_000030,episode_000002,30,grasp_close,P3_center_crop_0p875_resize_224,preprocessing,Center crop 87.5% of min side then resize to 224x224.,0.44614078979231453,0.07261203654255821,11.389913824578999,0.4913327969075858,0.5056839661645909,0.725204031112445,0.21952006494785414,0.10954746462843684,0.1418005632499534,0.03225309862151657,,,,,,,,,,,OBSERVATION_ONLY_FULL_FORWARD_REQUIRED
episode_000002_000030,episode_000002,30,grasp_close,P4_letterbox_224,preprocessing,Aspect-preserving resize with black letterbox to 224x224.,0.25947468476320024,0.043681388813695404,13.597035620492942,0.8325860964024493,0.27670538979654363,0.4099046067958433,0.13319921699929965,0.26229393006701296,0.3790967001954376,0.11680277012842466,,,,,,,,,,,OBSERVATION_ONLY_FULL_FORWARD_REQUIRED
episode_000002_000030,episode_000002,30,grasp_close,P5_brightness_match_sim_to_real,photometric,Shift Sim brightness mean toward Real mean.,0.21235003061055913,0.018486563060681794,17.331438234284295,0.6350699019284484,0.49143272189116943,0.4892102067878538,0.0022225151033156143,0.1291599580703954,0.10347521516802957,0.02568474290236583,,,,,,,,,,,OBSERVATION_ONLY_FULL_FORWARD_REQUIRED
episode_000002_000030,episode_000002,30,grasp_close,P6_contrast_match_sim_to_real,photometric,Scale Sim contrast toward Real luminance std.,0.44280908280379605,0.0717293409508184,11.443031594439127,0.6010064341526781,0.49143272189116943,0.7276723487421705,0.23623962685100103,0.1291599580703954,0.12918720279506968,2.7244724674274634e-05,,,,,,,,,,,OBSERVATION_ONLY_FULL_FORWARD_REQUIRED
episode_000002_000031,episode_000002,31,grasp_close,P0_current_paired_image,preprocessing,Existing paired 1280x720 image.,0.4593424411416214,0.07706702103090694,11.131314280237621,0.6102694491148531,0.4923042184308619,0.7283233391824963,0.23601912075163434,0.1284501071888674,0.1533729983957465,0.0249228912068791,,,,,,,,,,,OBSERVATION_ONLY_FULL_FORWARD_REQUIRED
episode_000002_000031,episode_000002,31,grasp_close,P1_resize_224_direct,preprocessing,Direct resize to 224x224.,0.458731740343763,0.07663976150100563,11.155458554294906,0.6164259542098205,0.49229549457282906,0.7283415572010054,0.2360460626281763,0.12788589369891323,0.1524656153108082,0.024579721611894978,,,,,,,,,,,OBSERVATION_ONLY_FULL_FORWARD_REQUIRED
episode_000002_000031,episode_000002,31,grasp_close,P2_center_crop_square_resize_224,preprocessing,Center square crop then resize to 224x224.,0.43675522405035005,0.07021514702694805,11.535691904253596,0.6500545334744573,0.5046957184123648,0.7223909566639156,0.2176952382515508,0.1342768413948976,0.16823431381604595,0.033957472421148355,,,,,,,,,,,OBSERVATION_ONLY_FULL_FORWARD_REQUIRED
episode_000002_000031,episode_000002,31,grasp_close,P3_center_crop_0p875_resize_224,preprocessing,Center crop 87.5% of min side then resize to 224x224.,0.44086366990035963,0.07054804713960748,11.515150035713027,0.5334348763929441,0.5073051827918668,0.7255462007771859,0.21824101798531914,0.10834420430710376,0.1416786851804644,0.033334480873360633,,,,,,,,,,,OBSERVATION_ONLY_FULL_FORWARD_REQUIRED
episode_000002_000031,episode_000002,31,grasp_close,P4_letterbox_224,preprocessing,Aspect-preserving resize with black letterbox to 224x224.,0.2578688768613659,0.043016427056933884,13.663656649364329,0.8356370900719291,0.2772051775085034,0.41003704933535917,0.1328318718268558,0.26251847391012,0.37920231231206253,0.11668383840194252,,,,,,,,,,,OBSERVATION_ONLY_FULL_FORWARD_REQUIRED
episode_000002_000031,episode_000002,31,grasp_close,P5_brightness_match_sim_to_real,photometric,Shift Sim brightness mean toward Real mean.,0.20987291983467998,0.01782878619289945,17.488782231549862,0.6565128723852278,0.4923042184308619,0.49046911404888344,0.0018351043819784807,0.1284501071888674,0.10369025856168755,0.02475984862717985,,,,,,,,,,,OBSERVATION_ONLY_FULL_FORWARD_REQUIRED
episode_000002_000031,episode_000002,31,grasp_close,P6_contrast_match_sim_to_real,photometric,Scale Sim contrast toward Real luminance std.,0.4402394407945329,0.07064795795576308,11.509003867009248,0.6210318997129722,0.4923042184308619,0.7280664828967524,0.23576226446589044,0.1284501071888674,0.12852172786153973,7.162067267232897e-05,,,,,,,,,,,OBSERVATION_ONLY_FULL_FORWARD_REQUIRED
episode_000002_000032,episode_000002,32,grasp_close,P0_current_paired_image,preprocessing,Existing paired 1280x720 image.,0.45916380130331597,0.07698674370812678,11.135840492436351,0.6135162279324098,0.49205640991796024,0.7283090751182936,0.23625266520033333,0.1283039271888979,0.15331023086128284,0.025006303672384933,,,,,,,,,,,OBSERVATION_ONLY_FULL_FORWARD_REQUIRED
episode_000002_000032,episode_000002,32,grasp_close,P1_resize_224_direct,preprocessing,Direct resize to 224x224.,0.4585404886962749,0.0765583245144463,11.160075796995097,0.6197087289828473,0.492046448782638,0.7283206905418417,0.2362742417592037,0.1277485458938218,0.15238302648195812,0.024634480588136304,,,,,,,,,,,OBSERVATION_ONLY_FULL_FORWARD_REQUIRED
episode_000002_000032,episode_000002,32,grasp_close,P2_center_crop_square_resize_224,preprocessing,Center square crop then resize to 224x224.,0.43629702468176856,0.07003916078277717,11.546590663234934,0.6538059924311475,0.5044059142406961,0.7223335325692778,0.21792761832858165,0.13413114555533592,0.16815456397480832,0.0340234184194724,,,,,,,,,,,OBSERVATION_ONLY_FULL_FORWARD_REQUIRED
episode_000002_000032,episode_000002,32,grasp_close,P3_center_crop_0p875_resize_224,preprocessing,Center crop 87.5% of min side then resize to 224x224.,0.4401037368732296,0.07024295430999196,11.533972309637761,0.5417525503688206,0.5070576459958982,0.7254619898271808,0.2184043438312826,0.10808950180903647,0.1416279984289442,0.03353849661990772,,,,,,,,,,,OBSERVATION_ONLY_FULL_FORWARD_REQUIRED
episode_000002_000032,episode_000002,32,grasp_close,P4_letterbox_224,preprocessing,Aspect-preserving resize with black letterbox to 224x224.,0.25776105370953445,0.04297148107609057,13.668196774520414,0.8357243810687383,0.27706568785326624,0.41002699609531307,0.13296130824204683,0.2623642236983823,0.3791771435637845,0.11681291986540221,,,,,,,,,,,OBSERVATION_ONLY_FULL_FORWARD_REQUIRED
episode_000002_000032,episode_000002,32,grasp_close,P5_brightness_match_sim_to_real,photometric,Shift Sim brightness mean toward Real mean.,0.20923981706946182,0.01769428292581557,17.52167032781856,0.6606006971912098,0.49205640991796024,0.4903304440053105,0.0017259659126497295,0.1283039271888979,0.10364817565398285,0.02465575153491506,,,,,,,,,,,OBSERVATION_ONLY_FULL_FORWARD_REQUIRED
episode_000002_000032,episode_000002,32,grasp_close,P6_contrast_match_sim_to_real,photometric,Scale Sim contrast toward Real luminance std.,0.4402023745381794,0.07061287312038103,11.511161174254596,0.6244082821270395,0.49205640991796024,0.7280944036254084,0.2360379937074482,0.1283039271888979,0.1283913651058975,8.743791699958314e-05,,,,,,,,,,,OBSERVATION_ONLY_FULL_FORWARD_REQUIRED
episode_000002_000033,episode_000002,33,grasp_close,P0_current_paired_image,preprocessing,Existing paired 1280x720 image.,0.459147561390138,0.07696615087279465,11.137002322466136,0.6143474042417691,0.4920080742485361,0.7283529624455339,0.23634488819699784,0.12832681213208313,0.15325649457340831,0.02492968244132518,,,,,,,,,,,OBSERVATION_ONLY_FULL_FORWARD_REQUIRED
episode_000002_000033,episode_000002,33,grasp_close,P1_resize_224_direct,preprocessing,Direct resize to 224x224.,0.4585288833938341,0.0765374228735612,11.16126165192711,0.6204875781099036,0.4919979987463735,0.7283646337753852,0.23636663502901167,0.1277515099329822,0.15234211889626945,0.02459060896328724,,,,,,,,,,,OBSERVATION_ONLY_FULL_FORWARD_REQUIRED
episode_000002_000033,episode_000002,33,grasp_close,P2_center_crop_square_resize_224,preprocessing,Center square crop then resize to 224x224.,0.43649447134619784,0.07010928370531219,11.54224469978675,0.6540956118559819,0.5044058435718036,0.7224034370154311,0.21799759344362746,0.13418551401192255,0.16814112578188112,0.033955611769958566,,,,,,,,,,,OBSERVATION_ONLY_FULL_FORWARD_REQUIRED
episode_000002_000033,episode_000002,33,grasp_close,P3_center_crop_0p875_resize_224,preprocessing,Center crop 87.5% of min side then resize to 224x224.,0.44037767315781284,0.07033031942352105,11.528574101202555,0.5427981997048531,0.5070427959465036,0.7255948527379702,0.2185520567914666,0.10819307991183023,0.14168810160432946,0.033495021692499224,,,,,,,,,,,OBSERVATION_ONLY_FULL_FORWARD_REQUIRED
episode_000002_000033,episode_000002,33,grasp_close,P4_letterbox_224,preprocessing,Aspect-preserving resize with black letterbox to 224x224.,0.25776952156720756,0.04296182780710323,13.66917249895734,0.8357300589621891,0.2770346184411264,0.41004932024372254,0.1330147018025961,0.26234111949116645,0.37918412217144093,0.11684300268027448,,,,,,,,,,,OBSERVATION_ONLY_FULL_FORWARD_REQUIRED
episode_000002_000033,episode_000002,33,grasp_close,P5_brightness_match_sim_to_real,photometric,Shift Sim brightness mean toward Real mean.,0.2092420603810256,0.017672774744088814,17.52695257995184,0.6614689501982325,0.4920080742485361,0.4900675997293707,0.0019404745191654027,0.12832681213208313,0.10354231886974372,0.02478449326233942,,,,,,,,,,,OBSERVATION_ONLY_FULL_FORWARD_REQUIRED
episode_000002_000033,episode_000002,33,grasp_close,P6_contrast_match_sim_to_real,photometric,Scale Sim contrast toward Real luminance std.,0.4401762808598014,0.07058795509784344,11.512693992430936,0.6251364754207033,0.4920080742485361,0.7281043246757558,0.2360962504272197,0.12832681213208313,0.12838262999173125,5.581785964811625e-05,,,,,,,,,,,OBSERVATION_ONLY_FULL_FORWARD_REQUIRED
episode_000002_000034,episode_000002,34,grasp_close,P0_current_paired_image,preprocessing,Existing paired 1280x720 image.,0.45932923837351136,0.0770016688126094,11.13499862512532,0.6148038691529323,0.49197719012203844,0.7284166115357775,0.23643942141373908,0.12838615940776607,0.15348067285319464,0.025094513445428568,,,,,,,,,,,OBSERVATION_ONLY_FULL_FORWARD_REQUIRED
episode_000002_000034,episode_000002,34,grasp_close,P1_resize_224_direct,preprocessing,Direct resize to 224x224.,0.4587175248074149,0.07657107767535118,11.159352405230823,0.6210440179818316,0.49196774189363246,0.7284221722907912,0.23645443039715874,0.12782320102177638,0.1525678669530928,0.024744665931316412,,,,,,,,,,,OBSERVATION_ONLY_FULL_FORWARD_REQUIRED
episode_000002_000034,episode_000002,34,grasp_close,P2_center_crop_square_resize_224,preprocessing,Center square crop then resize to 224x224.,0.43679824572700193,0.07019352032070998,11.537029764576982,0.6544952724381138,0.5043772739877201,0.7225838121654911,0.21820653817777091,0.1342675276206583,0.16824055594821355,0.03397302832755525,,,,,,,,,,,OBSERVATION_ONLY_FULL_FORWARD_REQUIRED
episode_000002_000034,episode_000002,34,grasp_close,P3_center_crop_0p875_resize_224,preprocessing,Center crop 87.5% of min side then resize to 224x224.,0.44062521842492464,0.07039154949152863,11.52479474799393,0.54291305919409,0.507064173184899,0.7256999246573629,0.21863575147246384,0.10821436365615429,0.14183418604062228,0.03361982238446799,,,,,,,,,,,OBSERVATION_ONLY_FULL_FORWARD_REQUIRED
episode_000002_000034,episode_000002,34,grasp_close,P4_letterbox_224,preprocessing,Aspect-preserving resize with black letterbox to 224x224.,0.2578501124645375,0.042973538884508056,13.667988805555812,0.835663660892897,0.2770188357530512,0.41007994027298417,0.13306110451993297,0.2623477087699681,0.379257334256646,0.11690962548667788,,,,,,,,,,,OBSERVATION_ONLY_FULL_FORWARD_REQUIRED
episode_000002_000034,episode_000002,34,grasp_close,P5_brightness_match_sim_to_real,photometric,Shift Sim brightness mean toward Real mean.,0.20918049230010685,0.017662155948299806,17.529562849429713,0.6622667713396766,0.49197719012203844,0.4900980437653184,0.0018791463567200406,0.12838615940776607,0.1036960534029212,0.024690106004844864,,,,,,,,,,,OBSERVATION_ONLY_FULL_FORWARD_REQUIRED
episode_000002_000034,episode_000002,34,grasp_close,P6_contrast_match_sim_to_real,photometric,Scale Sim contrast toward Real luminance std.,0.4402041662410763,0.0705756670110854,11.513450086416896,0.6257685303444358,0.49197719012203844,0.7281638393731283,0.2361866492510899,0.12838615940776607,0.12845275226361275,6.659285584667551e-05,,,,,,,,,,,OBSERVATION_ONLY_FULL_FORWARD_REQUIRED
episode_000002_000035,episode_000002,35,grasp_close,P0_current_paired_image,preprocessing,Existing paired 1280x720 image.,0.4594478921142421,0.07705758412785495,11.131846109003396,0.61476930761076,0.4922953007642293,0.7288326021922658,0.23653730142803647,0.12846733466790586,0.15314829170605238,0.024680957038146517,,,,,,,,,,,OBSERVATION_ONLY_FULL_FORWARD_REQUIRED
episode_000002_000035,episode_000002,35,grasp_close,P1_resize_224_direct,preprocessing,Direct resize to 224x224.,0.45884129247028765,0.07663690108396298,11.155620648552018,0.6208658115399674,0.4922815508078231,0.7288358515906362,0.23655430078281314,0.12788930178423677,0.15227177007503162,0.02438246829079485,,,,,,,,,,,OBSERVATION_ONLY_FULL_FORWARD_REQUIRED
episode_000002_000035,episode_000002,35,grasp_close,P2_center_crop_square_resize_224,preprocessing,Center square crop then resize to 224x224.,0.4367847397241684,0.07021427515041964,11.535745831864963,0.6548231601972598,0.5047475049082132,0.723110923197404,0.2183634182891908,0.13437535013470078,0.16781143464323048,0.033436084508529695,,,,,,,,,,,OBSERVATION_ONLY_FULL_FORWARD_REQUIRED
episode_000002_000035,episode_000002,35,grasp_close,P3_center_crop_0p875_resize_224,preprocessing,Center crop 87.5% of min side then resize to 224x224.,0.44068533877050553,0.07044629381572891,11.521418502156191,0.5429877901236344,0.5074100681522608,0.7263017090742545,0.21889164092199376,0.10838821356845434,0.14121697695732935,0.03282876338887501,,,,,,,,,,,OBSERVATION_ONLY_FULL_FORWARD_REQUIRED
episode_000002_000035,episode_000002,35,grasp_close,P4_letterbox_224,preprocessing,Aspect-preserving resize with black letterbox to 224x224.,0.2579383963761825,0.0430159319651063,13.663706634195897,0.8357495261653919,0.277197862394958,0.41032227691076434,0.13312441451580637,0.2625134211946101,0.3793960562836737,0.1168826350890636,,,,,,,,,,,OBSERVATION_ONLY_FULL_FORWARD_REQUIRED
episode_000002_000035,episode_000002,35,grasp_close,P5_brightness_match_sim_to_real,photometric,Shift Sim brightness mean toward Real mean.,0.20966783854998475,0.017729458838614428,17.513045202925046,0.6615064694209618,0.4922953007642293,0.4903918280679806,0.001903472696248687,0.12846733466790586,0.10347394955121805,0.024993385116687805,,,,,,,,,,,OBSERVATION_ONLY_FULL_FORWARD_REQUIRED
episode_000002_000035,episode_000002,35,grasp_close,P6_contrast_match_sim_to_real,photometric,Scale Sim contrast toward Real luminance std.,0.440373591276617,0.07064832247123617,11.508981459192418,0.6253227336008611,0.4922953007642293,0.7284460986808956,0.23615079791666632,0.12846733466790586,0.12851187027320682,4.453560530096046e-05,,,,,,,,,,,OBSERVATION_ONLY_FULL_FORWARD_REQUIRED
episode_000002_000036,episode_000002,36,grasp_close,P0_current_paired_image,preprocessing,Existing paired 1280x720 image.,0.4596376123557333,0.0771285605963518,11.127847735369294,0.6147364619259883,0.4923220297062228,0.7290177851639091,0.23669575545768634,0.12842835062614372,0.15303356509564692,0.0246052144695032,,,,,,,,,,,OBSERVATION_ONLY_FULL_FORWARD_REQUIRED
episode_000002_000036,episode_000002,36,grasp_close,P1_resize_224_direct,preprocessing,Direct resize to 224x224.,0.4590352825614827,0.07670518013169321,11.151753058470607,0.6209260517346591,0.4923036502882403,0.7290212647090086,0.23671761442076833,0.12786083965304756,0.1521562627660584,0.024295423113010833,,,,,,,,,,,OBSERVATION_ONLY_FULL_FORWARD_REQUIRED
episode_000002_000036,episode_000002,36,grasp_close,P2_center_crop_square_resize_224,preprocessing,Center square crop then resize to 224x224.,0.43714032895695265,0.07032849475574542,11.528686777134162,0.6546060578395927,0.5047856000837835,0.7233599086040665,0.21857430852028303,0.13431787878192125,0.16777265064661773,0.033454771864696475,,,,,,,,,,,OBSERVATION_ONLY_FULL_FORWARD_REQUIRED
episode_000002_000036,episode_000002,36,grasp_close,P3_center_crop_0p875_resize_224,preprocessing,Center crop 87.5% of min side then resize to 224x224.,0.44106053060541034,0.07056987827810862,11.513806316545914,0.5419376899218319,0.5074753577837385,0.7265378915785063,0.2190625337947678,0.1082470532695691,0.14121641520387526,0.03296936193430616,,,,,,,,,,,OBSERVATION_ONLY_FULL_FORWARD_REQUIRED
episode_000002_000036,episode_000002,36,grasp_close,P4_letterbox_224,preprocessing,Aspect-preserving resize with black letterbox to 224x224.,0.2580431431313552,0.043053960554810165,13.659868914116524,0.8356607484753037,0.27720664490796315,0.41042526877938673,0.13321862387142358,0.2625132556088059,0.3794565159868999,0.116943260378094,,,,,,,,,,,OBSERVATION_ONLY_FULL_FORWARD_REQUIRED
episode_000002_000036,episode_000002,36,grasp_close,P5_brightness_match_sim_to_real,photometric,Shift Sim brightness mean toward Real mean.,0.20958256606861592,0.017728810333365375,17.513204061356525,0.6610463552143243,0.4923220297062228,0.4902030278986246,0.0021190018075982198,0.12842835062614372,0.1033117138729091,0.02511663675323461,,,,,,,,,,,OBSERVATION_ONLY_FULL_FORWARD_REQUIRED
episode_000002_000036,episode_000002,36,grasp_close,P6_contrast_match_sim_to_real,photometric,Scale Sim contrast toward Real luminance std.,0.4405447369364622,0.07070747294265382,11.505346839930741,0.6253195311290285,0.4923220297062228,0.7285753872157542,0.23625335750953141,0.12842835062614372,0.12847651619817516,4.81655720314389e-05,,,,,,,,,,,OBSERVATION_ONLY_FULL_FORWARD_REQUIRED
episode_000002_000037,episode_000002,37,grasp_close,P0_current_paired_image,preprocessing,Existing paired 1280x720 image.,0.4598379307296176,0.07720326335713118,11.123643417880903,0.6145652367078368,0.49196942894114254,0.7288393720026551,0.2368699430615126,0.12834804912358846,0.1531377779395912,0.02478972881600275,,,,,,,,,,,OBSERVATION_ONLY_FULL_FORWARD_REQUIRED
episode_000002_000037,episode_000002,37,grasp_close,P1_resize_224_direct,preprocessing,Direct resize to 224x224.,0.45924691768527115,0.07678784555080202,11.147075173117242,0.6206372234044262,0.49195776973289307,0.728855617825255,0.23689784809236192,0.12777322115851159,0.15224014409291173,0.024466922934400143,,,,,,,,,,,OBSERVATION_ONLY_FULL_FORWARD_REQUIRED
episode_000002_000037,episode_000002,37,grasp_close,P2_center_crop_square_resize_224,preprocessing,Center square crop then resize to 224x224.,0.43729428053585667,0.07039353854286812,11.524672031300977,0.6540078541402894,0.5043307529105392,0.723098002294668,0.21876724938412884,0.1342477495784436,0.1678325226127159,0.03358477303427229,,,,,,,,,,,OBSERVATION_ONLY_FULL_FORWARD_REQUIRED
episode_000002_000037,episode_000002,37,grasp_close,P3_center_crop_0p875_resize_224,preprocessing,Center crop 87.5% of min side then resize to 224x224.,0.4411638719972184,0.0706067299264477,11.511539019138823,0.5421371087093588,0.5069779973864545,0.7262310055115795,0.21925300812512494,0.10821413963871081,0.14129244961511375,0.033078309976402945,,,,,,,,,,,OBSERVATION_ONLY_FULL_FORWARD_REQUIRED
episode_000002_000037,episode_000002,37,grasp_close,P4_letterbox_224,preprocessing,Aspect-preserving resize with black letterbox to 224x224.,0.2581597736938119,0.04310084430013836,13.655142223845179,0.8353312105452769,0.27701389569890456,0.41033607250712784,0.13332217680822328,0.26233539054344196,0.3794051942156512,0.11706980367220926,,,,,,,,,,,OBSERVATION_ONLY_FULL_FORWARD_REQUIRED
episode_000002_000037,episode_000002,37,grasp_close,P5_brightness_match_sim_to_real,photometric,Shift Sim brightness mean toward Real mean.,0.20869526032386002,0.01761168586000577,17.541990696628172,0.6610174908231664,0.49196942894114254,0.48972247553274767,0.0022469534083948695,0.12834804912358846,0.10327065957635158,0.025077389547236886,,,,,,,,,,,OBSERVATION_ONLY_FULL_FORWARD_REQUIRED
episode_000002_000037,episode_000002,37,grasp_close,P6_contrast_match_sim_to_real,photometric,Scale Sim contrast toward Real luminance std.,0.44083272593083256,0.07079838745025062,11.499766339688943,0.6253133189230766,0.49196942894114254,0.7284793337205538,0.2365099047794113,0.12834804912358846,0.12838074315685052,3.269403326205955e-05,,,,,,,,,,,OBSERVATION_ONLY_FULL_FORWARD_REQUIRED
episode_000002_000038,episode_000002,38,grasp_close,P0_current_paired_image,preprocessing,Existing paired 1280x720 image.,0.45978110538166844,0.07716977200386788,11.125527828601713,0.6147057122334377,0.49191996568116814,0.7288100104600691,0.23689004477890097,0.12831791640102883,0.15321460219042426,0.02489668578939544,,,,,,,,,,,OBSERVATION_ONLY_FULL_FORWARD_REQUIRED
episode_000002_000038,episode_000002,38,grasp_close,P1_resize_224_direct,preprocessing,Direct resize to 224x224.,0.4591756124342889,0.07674737010817398,11.149364975064987,0.620880560301871,0.49190209429084125,0.7288262970813325,0.23692420279049126,0.12775160574871586,0.15231264274347522,0.024561036994759367,,,,,,,,,,,OBSERVATION_ONLY_FULL_FORWARD_REQUIRED
episode_000002_000038,episode_000002,38,grasp_close,P2_center_crop_square_resize_224,preprocessing,Center square crop then resize to 224x224.,0.4372766720687574,0.07037077719159558,11.52607652494596,0.6537986375367584,0.5042884085978141,0.7230810369460283,0.21879262834821422,0.13416943225684916,0.1679439943090024,0.033774562052153234,,,,,,,,,,,OBSERVATION_ONLY_FULL_FORWARD_REQUIRED
episode_000002_000038,episode_000002,38,grasp_close,P3_center_crop_0p875_resize_224,preprocessing,Center crop 87.5% of min side then resize to 224x224.,0.4411682709585557,0.07059481472327492,11.512271972452304,0.5415847121418703,0.5069560755395907,0.7262376860275359,0.21928161048794526,0.10813442576290538,0.14142886174439936,0.03329443598149398,,,,,,,,,,,OBSERVATION_ONLY_FULL_FORWARD_REQUIRED
episode_000002_000038,episode_000002,38,grasp_close,P4_letterbox_224,preprocessing,Aspect-preserving resize with black letterbox to 224x224.,0.25812727970222193,0.043081123789385035,13.657129764705482,0.8353031251942661,0.27698344839498296,0.41031602037690074,0.13333257198191778,0.26229968538370313,0.3794056294559157,0.11710594407221259,,,,,,,,,,,OBSERVATION_ONLY_FULL_FORWARD_REQUIRED
episode_000002_000038,episode_000002,38,grasp_close,P5_brightness_match_sim_to_real,photometric,Shift Sim brightness mean toward Real mean.,0.20867844949490783,0.017602595639631125,17.544232873647015,0.6615790415770818,0.49191996568116814,0.4896767634310319,0.0022432022501362447,0.12831791640102883,0.10334480268155051,0.024973113719478315,,,,,,,,,,,OBSERVATION_ONLY_FULL_FORWARD_REQUIRED
episode_000002_000038,episode_000002,38,grasp_close,P6_contrast_match_sim_to_real,photometric,Scale Sim contrast toward Real luminance std.,0.4407829104965934,0.07076857183891169,11.501595686838243,0.6255534359379638,0.49191996568116814,0.7284751983821829,0.23655523270101475,0.12831791640102883,0.12838723716417422,6.932076314539182e-05,,,,,,,,,,,OBSERVATION_ONLY_FULL_FORWARD_REQUIRED
episode_000002_000039,episode_000002,39,lift,P0_current_paired_image,preprocessing,Existing paired 1280x720 image.,0.4597402039155543,0.07716012500088999,11.126070774621502,0.61469407364636,0.49191364299683427,0.7288143377902027,0.2369006947933684,0.12828192364262359,0.15328801299162817,0.025006089349004584,,,,,,,,,,,OBSERVATION_ONLY_FULL_FORWARD_REQUIRED
episode_000002_000039,episode_000002,39,lift,P1_resize_224_direct,preprocessing,Direct resize to 224x224.,0.4591211560794441,0.07673353900383685,11.1501477137578,0.6209193850309841,0.49189700633378347,0.7288133423681973,0.2369163360344138,0.12771302256780978,0.1523859948370447,0.024672972269234927,,,,,,,,,,,OBSERVATION_ONLY_FULL_FORWARD_REQUIRED
episode_000002_000039,episode_000002,39,lift,P2_center_crop_square_resize_224,preprocessing,Center square crop then resize to 224x224.,0.4371823286934479,0.07033889985732855,11.52804428592689,0.6537924086525319,0.504283083092612,0.722989068392982,0.21870598530037,0.13415910482358617,0.1681639513237037,0.034004846500117536,,,,,,,,,,,OBSERVATION_ONLY_FULL_FORWARD_REQUIRED
episode_000002_000039,episode_000002,39,lift,P3_center_crop_0p875_resize_224,preprocessing,Center crop 87.5% of min side then resize to 224x224.,0.44100681923356433,0.07054801505978209,11.515152010550727,0.5419334467753395,0.5069392336153211,0.7261677778455132,0.2192285442301921,0.10812566613066396,0.14174628018097768,0.03362061405031372,,,,,,,,,,,OBSERVATION_ONLY_FULL_FORWARD_REQUIRED
episode_000002_000039,episode_000002,39,lift,P4_letterbox_224,preprocessing,Aspect-preserving resize with black letterbox to 224x224.,0.25810474559526964,0.04307471967545187,13.657775402014787,0.8352997644974315,0.27698210449804916,0.41031614122211385,0.1333340367240647,0.262290592158397,0.3794165350229557,0.11712594286455869,,,,,,,,,,,OBSERVATION_ONLY_FULL_FORWARD_REQUIRED
episode_000002_000039,episode_000002,39,lift,P5_brightness_match_sim_to_real,photometric,Shift Sim brightness mean toward Real mean.,0.20857502593891392,0.017580367593660544,17.549720483618305,0.6617413370678791,0.49191364299683427,0.4896778914573122,0.002235751539522046,0.12828192364262359,0.10339623083905294,0.02488569280357064,,,,,,,,,,,OBSERVATION_ONLY_FULL_FORWARD_REQUIRED
episode_000002_000039,episode_000002,39,lift,P6_contrast_match_sim_to_real,photometric,Scale Sim contrast toward Real luminance std.,0.4408135995205774,0.07078110306577244,11.500826735204129,0.6256291377111854,0.49191364299683427,0.7285286293777234,0.23661498638088918,0.12828192364262359,0.1283618353881649,7.99117455413112e-05,,,,,,,,,,,OBSERVATION_ONLY_FULL_FORWARD_REQUIRED
episode_000002_000040,episode_000002,40,lift,P0_current_paired_image,preprocessing,Existing paired 1280x720 image.,0.4590188156131069,0.07704792612260956,11.132390465708479,0.6234287412624872,0.4922644262382555,0.7290014578941991,0.23673703165594362,0.1307851112191214,0.1555236995673457,0.024738588348224316,,,,,,,,,,,OBSERVATION_ONLY_FULL_FORWARD_REQUIRED
episode_000002_000040,episode_000002,40,lift,P1_resize_224_direct,preprocessing,Direct resize to 224x224.,0.45840273961499584,0.076611371366357,11.157067635902166,0.6296514273642076,0.49224772458983584,0.7290121839360743,0.2367644593462384,0.130199941663833,0.1546051991845624,0.02440525752072939,,,,,,,,,,,OBSERVATION_ONLY_FULL_FORWARD_REQUIRED
episode_000002_000040,episode_000002,40,lift,P2_center_crop_square_resize_224,preprocessing,Center square crop then resize to 224x224.,0.4368644207660051,0.07037229127762215,11.525983083867315,0.6567528681228503,0.5055968093487395,0.724333501447454,0.2187366920987145,0.13563037204195685,0.16896311602521716,0.033332743983260305,,,,,,,,,,,OBSERVATION_ONLY_FULL_FORWARD_REQUIRED
episode_000002_000040,episode_000002,40,lift,P3_center_crop_0p875_resize_224,preprocessing,Center crop 87.5% of min side then resize to 224x224.,0.4408432649993631,0.07061400264762767,11.51109170483559,0.5484900498172863,0.5084211943840036,0.7277323790141058,0.21931118463010224,0.10999510527243749,0.14269556434015399,0.0327004590677165,,,,,,,,,,,OBSERVATION_ONLY_FULL_FORWARD_REQUIRED
episode_000002_000040,episode_000002,40,lift,P4_letterbox_224,preprocessing,Aspect-preserving resize with black letterbox to 224x224.,0.2576619681556924,0.0429930206355418,13.666020408271136,0.8358292025318669,0.2771810265668767,0.4104030194890456,0.1332219929221689,0.26314226631115617,0.37999407576396294,0.11685180945280677,,,,,,,,,,,OBSERVATION_ONLY_FULL_FORWARD_REQUIRED
episode_000002_000040,episode_000002,40,lift,P5_brightness_match_sim_to_real,photometric,Shift Sim brightness mean toward Real mean.,0.20940218307089856,0.017720928298811365,17.51513531631155,0.6696204550591567,0.4922644262382555,0.49018626781215957,0.002078158426095933,0.1307851112191214,0.10500490469072074,0.025780206528400657,,,,,,,,,,,OBSERVATION_ONLY_FULL_FORWARD_REQUIRED
episode_000002_000040,episode_000002,40,lift,P6_contrast_match_sim_to_real,photometric,Scale Sim contrast toward Real luminance std.,0.44018965582602043,0.07064920665195541,11.508927106535332,0.6338133227728887,0.4922644262382555,0.7284674578056913,0.23620303156743583,0.1307851112191214,0.13085244874974197,6.73375306205759e-05,,,,,,,,,,,OBSERVATION_ONLY_FULL_FORWARD_REQUIRED
episode_000002_000041,episode_000002,41,lift,P0_current_paired_image,preprocessing,Existing paired 1280x720 image.,0.4577920717883971,0.077629717564336,11.099719939019382,0.6415603415482554,0.49169580578618605,0.7286181771692879,0.23692237138310185,0.1408919516339197,0.16198481212916757,0.02109286049524786,,,,,,,,,,,OBSERVATION_ONLY_FULL_FORWARD_REQUIRED
episode_000002_000041,episode_000002,41,lift,P1_resize_224_direct,preprocessing,Direct resize to 224x224.,0.4571404881056174,0.07715424456138663,11.126401766794942,0.6478535921529907,0.4916802749224689,0.7286305557066578,0.2369502807841889,0.14028499885613868,0.16106546083067924,0.02078046197454056,,,,,,,,,,,OBSERVATION_ONLY_FULL_FORWARD_REQUIRED
episode_000002_000041,episode_000002,41,lift,P2_center_crop_square_resize_224,preprocessing,Center square crop then resize to 224x224.,0.43525457593702505,0.07048070658001762,11.519297507046282,0.6561745674091942,0.5099302288571678,0.7275200296837484,0.21758980082658064,0.14040284929346922,0.17139202959977792,0.030989180306308706,,,,,,,,,,,OBSERVATION_ONLY_FULL_FORWARD_REQUIRED
episode_000002_000041,episode_000002,41,lift,P3_center_crop_0p875_resize_224,preprocessing,Center crop 87.5% of min side then resize to 224x224.,0.4377206987166972,0.07000038465140958,11.548995735353767,0.562644146943566,0.514806518122874,0.7316730397940426,0.2168665216711686,0.11646743416037789,0.14590434463687077,0.029436910476492884,,,,,,,,,,,OBSERVATION_ONLY_FULL_FORWARD_REQUIRED
episode_000002_000041,episode_000002,41,lift,P4_letterbox_224,preprocessing,Aspect-preserving resize with black letterbox to 224x224.,0.25696329521949884,0.04329690372881178,13.635431600339693,0.8350958377717554,0.27686014641794215,0.41018985062775104,0.13332970420980889,0.26576963881012133,0.38131973412305437,0.11555009531293303,,,,,,,,,,,OBSERVATION_ONLY_FULL_FORWARD_REQUIRED
episode_000002_000041,episode_000002,41,lift,P5_brightness_match_sim_to_real,photometric,Shift Sim brightness mean toward Real mean.,0.21060559515372404,0.01840692874757927,17.350186688153393,0.6798459671754324,0.49169580578618605,0.48954127071418824,0.0021545350719978096,0.1408919516339197,0.10927197773236573,0.03161997390155398,,,,,,,,,,,OBSERVATION_ONLY_FULL_FORWARD_REQUIRED
episode_000002_000041,episode_000002,41,lift,P6_contrast_match_sim_to_real,photometric,Scale Sim contrast toward Real luminance std.,0.4413626883232743,0.07187023760893246,11.434509193275064,0.6488034921174141,0.49169580578618605,0.7270990342081971,0.23540322842201106,0.1408919516339197,0.14078875239258481,0.00010319924133489478,,,,,,,,,,,OBSERVATION_ONLY_FULL_FORWARD_REQUIRED
episode_000002_000042,episode_000002,42,lift,P0_current_paired_image,preprocessing,Existing paired 1280x720 image.,0.4581962702185186,0.07977844237481665,10.981144472769412,0.6456357983152425,0.48894318483115484,0.7263950565197784,0.23745187168862358,0.1548080284675031,0.17243347998067,0.017625451513166884,,,,,,,,,,,OBSERVATION_ONLY_FULL_FORWARD_REQUIRED
episode_000002_000042,episode_000002,42,lift,P1_resize_224_direct,preprocessing,Direct resize to 224x224.,0.45744621104262473,0.07923990174092511,11.010560716670653,0.6517711485457297,0.4889297964498299,0.7264021497036314,0.23747235325380145,0.15417408283543016,0.17147386108902524,0.017299778253595077,,,,,,,,,,,OBSERVATION_ONLY_FULL_FORWARD_REQUIRED
episode_000002_000042,episode_000002,42,lift,P2_center_crop_square_resize_224,preprocessing,Center square crop then resize to 224x224.,0.4373804160259486,0.07325556110924762,11.351594007706417,0.6254586598367391,0.5139614248199279,0.7314766695897109,0.217515244769783,0.14871956719939072,0.1755059931033091,0.026786425903918387,,,,,,,,,,,OBSERVATION_ONLY_FULL_FORWARD_REQUIRED
episode_000002_000042,episode_000002,42,lift,P3_center_crop_0p875_resize_224,preprocessing,Center crop 87.5% of min side then resize to 224x224.,0.4340695450334732,0.06952414268403438,11.578643578020083,0.575313890982007,0.5233876409313725,0.7370106294080132,0.21362298847664074,0.1239996487582522,0.15117851714548494,0.02717886838723274,,,,,,,,,,,OBSERVATION_ONLY_FULL_FORWARD_REQUIRED
episode_000002_000042,episode_000002,42,lift,P4_letterbox_224,preprocessing,Aspect-preserving resize with black letterbox to 224x224.,0.2570991990882871,0.04445060990082307,13.521222757568767,0.8304928147330174,0.2753063255927371,0.40891886873499395,0.13361254314225685,0.26881601482729417,0.38280052127753017,0.113984506450236,,,,,,,,,,,OBSERVATION_ONLY_FULL_FORWARD_REQUIRED
episode_000002_000042,episode_000002,42,lift,P5_brightness_match_sim_to_real,photometric,Shift Sim brightness mean toward Real mean.,0.21656422098578115,0.02045359954371181,16.892302512553016,0.6749518461223694,0.48894318483115484,0.48684551932615067,0.002097665505004176,0.1548080284675031,0.1159497467949479,0.0388582816725552,,,,,,,,,,,OBSERVATION_ONLY_FULL_FORWARD_REQUIRED
episode_000002_000042,episode_000002,42,lift,P6_contrast_match_sim_to_real,photometric,Scale Sim contrast toward Real luminance std.,0.4459744251315008,0.0751690988130455,11.2396065639043,0.6501102594155788,0.48894318483115484,0.7251505031556373,0.2362073183244825,0.1548080284675031,0.15471711655770146,9.091190980164976e-05,,,,,,,,,,,OBSERVATION_ONLY_FULL_FORWARD_REQUIRED
episode_000002_000043,episode_000002,43,lift,P0_current_paired_image,preprocessing,Existing paired 1280x720 image.,0.45902457151645637,0.08208060477651935,10.857594523036829,0.6414044383766334,0.4853442009157133,0.7219512726579521,0.23660707174223883,0.16809650318227076,0.18442984801589485,0.016333344833624086,,,,,,,,,,,OBSERVATION_ONLY_FULL_FORWARD_REQUIRED
episode_000002_000043,episode_000002,43,lift,P1_resize_224_direct,preprocessing,Direct resize to 224x224.,0.45824425108608063,0.08147702340740218,10.889648454224034,0.647323245445905,0.48531597473364346,0.7219662058417116,0.2366502311080681,0.16740151803184755,0.183448410144384,0.01604689211253646,,,,,,,,,,,OBSERVATION_ONLY_FULL_FORWARD_REQUIRED
episode_000002_000043,episode_000002,43,lift,P2_center_crop_square_resize_224,preprocessing,Center square crop then resize to 224x224.,0.4444771710385998,0.07809403418230036,11.073821418034715,0.5733356535072304,0.5170889825461435,0.7342676530455933,0.21717867049944972,0.15774243038456268,0.18156002697234308,0.023817596587780404,,,,,,,,,,,OBSERVATION_ONLY_FULL_FORWARD_REQUIRED
episode_000002_000043,episode_000002,43,lift,P3_center_crop_0p875_resize_224,preprocessing,Center crop 87.5% of min side then resize to 224x224.,0.4395995148936788,0.07328514494032906,11.349840488822398,0.5160690105600174,0.5291258223758253,0.7404114800295118,0.21128565765368656,0.13523981939118168,0.15756981930078373,0.02232999990960205,,,,,,,,,,,OBSERVATION_ONLY_FULL_FORWARD_REQUIRED
episode_000002_000043,episode_000002,43,lift,P4_letterbox_224,preprocessing,Aspect-preserving resize with black letterbox to 224x224.,0.25753873734942334,0.04568812941843404,13.40196622637713,0.8250017590022238,0.2732775117078081,0.4064261801283013,0.13314866842049317,0.27160697150808016,0.3838474385954194,0.11224046708733926,,,,,,,,,,,OBSERVATION_ONLY_FULL_FORWARD_REQUIRED
episode_000002_000043,episode_000002,43,lift,P5_brightness_match_sim_to_real,photometric,Shift Sim brightness mean toward Real mean.,0.2229258596523343,0.022911867375172656,16.399395132687722,0.6671260264231373,0.4853442009157133,0.4834857297436681,0.001858471172045184,0.16809650318227076,0.12409491937468106,0.0440015838075897,,,,,,,,,,,OBSERVATION_ONLY_FULL_FORWARD_REQUIRED
episode_000002_000043,episode_000002,43,lift,P6_contrast_match_sim_to_real,photometric,Scale Sim contrast toward Real luminance std.,0.447495082845107,0.07750868528352696,11.106496296308976,0.6447431008564898,0.4853442009157133,0.7202057997208601,0.2348615988051468,0.16809650318227076,0.16812432461999077,2.7821437720010334e-05,,,,,,,,,,,OBSERVATION_ONLY_FULL_FORWARD_REQUIRED
episode_000002_000044,episode_000002,44,lift,P0_current_paired_image,preprocessing,Existing paired 1280x720 image.,0.45200635052506394,0.08236347055241398,10.842653617868043,0.6368119019181219,0.4826747907084015,0.7178363229370914,0.2351615322286899,0.18080855639452043,0.19219659124226102,0.011388034847740591,,,,,,,,,,,OBSERVATION_ONLY_FULL_FORWARD_REQUIRED
episode_000002_000044,episode_000002,44,lift,P1_resize_224_direct,preprocessing,Direct resize to 224x224.,0.45110997499192557,0.08167104372386208,10.87931894263126,0.6428599674690153,0.48264692644245194,0.7178472827099589,0.23520035626750696,0.1800410548369772,0.19118773164136396,0.011146676804386774,,,,,,,,,,,OBSERVATION_ONLY_FULL_FORWARD_REQUIRED
episode_000002_000044,episode_000002,44,lift,P2_center_crop_square_resize_224,preprocessing,Center square crop then resize to 224x224.,0.43825064292102883,0.07836590620725413,11.058728399494104,0.5507606594795642,0.5211222490246098,0.7356642328493899,0.21454198382478007,0.16636888485954104,0.18543404203923589,0.01906515717969484,,,,,,,,,,,OBSERVATION_ONLY_FULL_FORWARD_REQUIRED
episode_000002_000044,episode_000002,44,lift,P3_center_crop_0p875_resize_224,preprocessing,Center crop 87.5% of min side then resize to 224x224.,0.43673513757459786,0.0758802601923122,11.198711885913394,0.4568810718707923,0.5337977059886455,0.7428691979448031,0.2090714919561576,0.14778728855406537,0.1619653033352736,0.014178014781208226,,,,,,,,,,,OBSERVATION_ONLY_FULL_FORWARD_REQUIRED
episode_000002_000044,episode_000002,44,lift,P4_letterbox_224,preprocessing,Aspect-preserving resize with black letterbox to 224x224.,0.25351053966579135,0.04578027176965557,13.393216335113792,0.8208463566250043,0.27177451108568423,0.40410528527035816,0.13233077418467393,0.2749456495599501,0.38405725668506535,0.10911160712511525,,,,,,,,,,,OBSERVATION_ONLY_FULL_FORWARD_REQUIRED
episode_000002_000044,episode_000002,44,lift,P5_brightness_match_sim_to_real,photometric,Shift Sim brightness mean toward Real mean.,0.21843145065750785,0.02418930116799807,16.163766782799655,0.6542966412943164,0.4826747907084015,0.4809137667492168,0.0017610239591847043,0.18080855639452043,0.1294042547334672,0.051404301661053226,,,,,,,,,,,OBSERVATION_ONLY_FULL_FORWARD_REQUIRED
episode_000002_000044,episode_000002,44,lift,P6_contrast_match_sim_to_real,photometric,Scale Sim contrast toward Real luminance std.,0.44327427465000036,0.07888385885013957,11.030118526772528,0.6390162298590164,0.4826747907084015,0.7157296662930623,0.23305487558466081,0.18080855639452043,0.1807740193274238,3.4537067096634955e-05,,,,,,,,,,,OBSERVATION_ONLY_FULL_FORWARD_REQUIRED
episode_000002_000045,episode_000002,45,lift,P0_current_paired_image,preprocessing,Existing paired 1280x720 image.,0.45190135332023634,0.08288695402498328,10.81513819761195,0.6385657872363624,0.48140779112966364,0.7160390216758578,0.23463123054619411,0.1843830024156433,0.19503786075868942,0.010654858343046136,,,,,,,,,,,OBSERVATION_ONLY_FULL_FORWARD_REQUIRED
episode_000002_000045,episode_000002,45,lift,P1_resize_224_direct,preprocessing,Direct resize to 224x224.,0.45098403810163223,0.08217082554018337,10.852823498068895,0.644605464082865,0.48137244568139764,0.7160438704388005,0.23467142475740282,0.183575032482262,0.19402471443685113,0.010449681954589118,,,,,,,,,,,OBSERVATION_ONLY_FULL_FORWARD_REQUIRED
episode_000002_000045,episode_000002,45,lift,P2_center_crop_square_resize_224,preprocessing,Center square crop then resize to 224x224.,0.4390080897753144,0.07908737126386502,11.01892859464213,0.5471158973653754,0.5220847051945778,0.7361776064019357,0.2140929012073579,0.1685620694379105,0.18671095341866656,0.018148883980756064,,,,,,,,,,,OBSERVATION_ONLY_FULL_FORWARD_REQUIRED
episode_000002_000045,episode_000002,45,lift,P3_center_crop_0p875_resize_224,preprocessing,Center crop 87.5% of min side then resize to 224x224.,0.438676671229309,0.0773609008554402,11.114784816051383,0.4452153495254087,0.5352249936693426,0.7439168582589285,0.20869186458958588,0.1513729285958075,0.16354205723673654,0.012169128640929033,,,,,,,,,,,OBSERVATION_ONLY_FULL_FORWARD_REQUIRED
episode_000002_000045,episode_000002,45,lift,P4_letterbox_224,preprocessing,Aspect-preserving resize with black letterbox to 224x224.,0.2534277282291993,0.046059254175526414,13.366830987225434,0.8198766353280039,0.27105517725840333,0.4030851131390056,0.13202993588060224,0.27571021441383053,0.38402129676250885,0.10831108234867831,,,,,,,,,,,OBSERVATION_ONLY_FULL_FORWARD_REQUIRED
episode_000002_000045,episode_000002,45,lift,P5_brightness_match_sim_to_real,photometric,Shift Sim brightness mean toward Real mean.,0.21915919002319298,0.024707088286022465,16.071784328991377,0.6546158074415083,0.48140779112966364,0.4794900826950571,0.0019177084346065354,0.1843830024156433,0.1312469215120787,0.053136080903564586,,,,,,,,,,,OBSERVATION_ONLY_FULL_FORWARD_REQUIRED
episode_000002_000045,episode_000002,45,lift,P6_contrast_match_sim_to_real,photometric,Scale Sim contrast toward Real luminance std.,0.44463335816003313,0.07983069226624026,10.97830104649723,0.6402903573347422,0.48140779112966364,0.7141379284492444,0.23273013731958075,0.1843830024156433,0.18416648702284313,0.00021651539280015397,,,,,,,,,,,OBSERVATION_ONLY_FULL_FORWARD_REQUIRED
episode_000002_000046,episode_000002,46,lift,P0_current_paired_image,preprocessing,Existing paired 1280x720 image.,0.45196657662195605,0.08299749000896209,10.809350412593492,0.6383144872937976,0.48124534450997375,0.7159778156335104,0.23473247112353662,0.18458859708938782,0.19514292010072856,0.010554323011340738,,,,,,,,,,,OBSERVATION_ONLY_FULL_FORWARD_REQUIRED
episode_000002_000046,episode_000002,46,lift,P1_resize_224_direct,preprocessing,Direct resize to 224x224.,0.45104104842225723,0.08227892740020845,10.847113784650022,0.6443956546890268,0.48121438930259597,0.7159862153767756,0.23477182607417968,0.18376259061730088,0.19414049952587298,0.010377908908572098,,,,,,,,,,,OBSERVATION_ONLY_FULL_FORWARD_REQUIRED
episode_000002_000046,episode_000002,46,lift,P2_center_crop_square_resize_224,preprocessing,Center square crop then resize to 224x224.,0.4389195851365587,0.0791023910585476,11.018103887167538,0.5470519963274136,0.5221230686180722,0.7362935403536415,0.21417047173556925,0.16859087410270449,0.18669256567427853,0.01810169157157404,,,,,,,,,,,OBSERVATION_ONLY_FULL_FORWARD_REQUIRED
episode_000002_000046,episode_000002,46,lift,P3_center_crop_0p875_resize_224,preprocessing,Center crop 87.5% of min side then resize to 224x224.,0.4387425020260904,0.07744545050454821,11.110040895742825,0.44438507516793535,0.535265568352341,0.7441180216930523,0.20885245334071134,0.15159214121706327,0.16331638615982164,0.011724244942758366,,,,,,,,,,,OBSERVATION_ONLY_FULL_FORWARD_REQUIRED
episode_000002_000046,episode_000002,46,lift,P4_letterbox_224,preprocessing,Aspect-preserving resize with black letterbox to 224x224.,0.2534727106898056,0.0461233505861495,13.360791513291833,0.8196399124467849,0.27096889821553616,0.4030599919342737,0.13209109371873756,0.2757070635620262,0.3840379038357124,0.10833084027368622,,,,,,,,,,,OBSERVATION_ONLY_FULL_FORWARD_REQUIRED
episode_000002_000046,episode_000002,46,lift,P5_brightness_match_sim_to_real,photometric,Shift Sim brightness mean toward Real mean.,0.21921656639016499,0.02474519811090286,16.065090648624228,0.6547008154763864,0.48124534450997375,0.47930956910147743,0.0019357754084963208,0.18458859708938782,0.1311735907519576,0.05341500633743021,,,,,,,,,,,OBSERVATION_ONLY_FULL_FORWARD_REQUIRED
episode_000002_000046,episode_000002,46,lift,P6_contrast_match_sim_to_real,photometric,Scale Sim contrast toward Real luminance std.,0.44474179123659924,0.0799612242931849,10.97120564982836,0.639963995361275,0.48124534450997375,0.7140642953278185,0.2328189508178447,0.18458859708938782,0.18435890569559857,0.0002296913937892553,,,,,,,,,,,OBSERVATION_ONLY_FULL_FORWARD_REQUIRED
episode_000003_000000,episode_000003,0,hold,P0_current_paired_image,preprocessing,Existing paired 1280x720 image.,0.4585824013286013,0.08905825623958732,10.503258126063113,0.6260231579717879,0.3688903185253265,0.606788891621562,0.23789857309623552,0.22669132395015246,0.24446075758630287,0.01776943363615041,,,,,,,,,,,OBSERVATION_ONLY_FULL_FORWARD_REQUIRED
episode_000003_000000,episode_000003,0,hold,P1_resize_224_direct,preprocessing,Direct resize to 224x224.,0.4564783866515135,0.08761862107996794,10.574035859224315,0.6337811840986053,0.36886753496711183,0.6067912850765306,0.23792375010941874,0.22570488829696536,0.24259205811581483,0.016887169818849468,,,,,,,,,,,OBSERVATION_ONLY_FULL_FORWARD_REQUIRED
episode_000003_000000,episode_000003,0,hold,P2_center_crop_square_resize_224,preprocessing,Center square crop then resize to 224x224.,0.5007421964323995,0.10491362854373776,9.791680921983252,0.46413396377833493,0.48981877475990393,0.7302940157000299,0.240475240940126,0.20084757750043555,0.2117348806752841,0.01088730317484854,,,,,,,,,,,OBSERVATION_ONLY_FULL_FORWARD_REQUIRED
episode_000003_000000,episode_000003,0,hold,P3_center_crop_0p875_resize_224,preprocessing,Center crop 87.5% of min side then resize to 224x224.,0.510173220656638,0.10874736271142443,9.635812665458657,0.31975295868687975,0.5174716090967637,0.7583100190388654,0.2408384099421017,0.1862874300217666,0.18498410869679777,0.0013033213249688258,,,,,,,,,,,OBSERVATION_ONLY_FULL_FORWARD_REQUIRED
episode_000003_000000,episode_000003,0,hold,P4_letterbox_224,preprocessing,Aspect-preserving resize with black letterbox to 224x224.,0.25613228008762423,0.0489221386062595,13.104945662596997,0.7386385447073164,0.20777474793042217,0.3416311238714236,0.13385637594100142,0.24923673411675956,0.351652987314166,0.10241625319740644,,,,,,,,,,,OBSERVATION_ONLY_FULL_FORWARD_REQUIRED
episode_000003_000000,episode_000003,0,hold,P5_brightness_match_sim_to_real,photometric,Shift Sim brightness mean toward Real mean.,0.2245692294191963,0.03106381825855798,15.077451633304191,0.650482769809814,0.3688903185253265,0.367020766795173,0.001869551730153518,0.22669132395015246,0.14859722096150818,0.07809410298864428,,,,,,,,,,,OBSERVATION_ONLY_FULL_FORWARD_REQUIRED
episode_000003_000000,episode_000003,0,hold,P6_contrast_match_sim_to_real,photometric,Scale Sim contrast toward Real luminance std.,0.45087502702915516,0.08411131175509418,10.751455939468656,0.6289629534998679,0.3688903185253265,0.6045356689840343,0.23564535045870783,0.22669132395015246,0.22664340079199025,4.792315816221082e-05,,,,,,,,,,,OBSERVATION_ONLY_FULL_FORWARD_REQUIRED
episode_000003_000001,episode_000003,1,hold,P0_current_paired_image,preprocessing,Existing paired 1280x720 image.,0.4593499938803232,0.08935936619484845,10.488599202310338,0.62539081734225,0.36901306122600075,0.6075759430044934,0.2385628817784926,0.22674970074972844,0.24437928529585962,0.017629584546131172,,,,,,,,,,,OBSERVATION_ONLY_FULL_FORWARD_REQUIRED
episode_000003_000001,episode_000003,1,hold,P1_resize_224_direct,preprocessing,Direct resize to 224x224.,0.45728138950056496,0.08790310497156378,10.559957842185998,0.6332481485727083,0.3689896636154462,0.6075911032381702,0.238601439622724,0.22574965931815044,0.2424687567448287,0.016719097426678264,,,,,,,,,,,OBSERVATION_ONLY_FULL_FORWARD_REQUIRED
episode_000003_000001,episode_000003,1,hold,P2_center_crop_square_resize_224,preprocessing,Center square crop then resize to 224x224.,0.5017019910366575,0.1052811301195315,9.776494618566186,0.4623019640657255,0.49004305462810127,0.7311701358043218,0.2411270811762205,0.2008010396748779,0.211344029445329,0.010542989770451122,,,,,,,,,,,OBSERVATION_ONLY_FULL_FORWARD_REQUIRED
episode_000003_000001,episode_000003,1,hold,P3_center_crop_0p875_resize_224,preprocessing,Center crop 87.5% of min side then resize to 224x224.,0.5108059002850751,0.10900177319702391,9.625664370738807,0.31815561308878465,0.5176966963504152,0.7589784403292568,0.2412817439788416,0.18624470466963544,0.18487615872972696,0.0013685459399084832,,,,,,,,,,,OBSERVATION_ONLY_FULL_FORWARD_REQUIRED
episode_000003_000001,episode_000003,1,hold,P4_letterbox_224,preprocessing,Aspect-preserving resize with black letterbox to 224x224.,0.2565552510245613,0.04908013838705416,13.090942214004276,0.7380577481441735,0.20784334382190375,0.34208011645283115,0.1342367726309274,0.2493041423169704,0.3519501350932249,0.10264599277625452,,,,,,,,,,,OBSERVATION_ONLY_FULL_FORWARD_REQUIRED
episode_000003_000001,episode_000003,1,hold,P5_brightness_match_sim_to_real,photometric,Shift Sim brightness mean toward Real mean.,0.22486973984074726,0.031138572359544786,15.067013028335657,0.6495662482293063,0.36901306122600075,0.366997760425177,0.0020153008008237383,0.22674970074972844,0.14841931461267485,0.07833038613705359,,,,,,,,,,,OBSERVATION_ONLY_FULL_FORWARD_REQUIRED
episode_000003_000001,episode_000003,1,hold,P6_contrast_match_sim_to_real,photometric,Scale Sim contrast toward Real luminance std.,0.4519427975420343,0.08450508551732235,10.731171544153701,0.6283297000432388,0.36901306122600075,0.6053450017701524,0.23633194054415163,0.22674970074972844,0.226699550125887,5.0150623841449526e-05,,,,,,,,,,,OBSERVATION_ONLY_FULL_FORWARD_REQUIRED
episode_000003_000002,episode_000003,2,alignment,P0_current_paired_image,preprocessing,Existing paired 1280x720 image.,0.46013402413745036,0.08967504156165004,10.473284133696865,0.6243018036297971,0.368963149316619,0.6078020178955611,0.2388388685789421,0.22686384093789083,0.24444625252066365,0.017582411582772822,,,,,,,,,,,OBSERVATION_ONLY_FULL_FORWARD_REQUIRED
episode_000003_000002,episode_000003,2,alignment,P1_resize_224_direct,preprocessing,Direct resize to 224x224.,0.4580329164817052,0.08821447298282058,10.54460156127517,0.6321933075739381,0.3689338955894858,0.6078182238833032,0.2388843282938174,0.22587679385047163,0.24253751868777404,0.01666072483730241,,,,,,,,,,,OBSERVATION_ONLY_FULL_FORWARD_REQUIRED
episode_000003_000002,episode_000003,2,alignment,P2_center_crop_square_resize_224,preprocessing,Center square crop then resize to 224x224.,0.5025134256456222,0.10561389527216115,9.76278939349291,0.460938903587467,0.4900592943739996,0.7315247738939324,0.24146547951993286,0.20088806386997438,0.21128214181016708,0.010394077940192703,,,,,,,,,,,OBSERVATION_ONLY_FULL_FORWARD_REQUIRED
episode_000003_000002,episode_000003,2,alignment,P3_center_crop_0p875_resize_224,preprocessing,Center crop 87.5% of min side then resize to 224x224.,0.5113859477041026,0.10921332237960542,9.617243810173466,0.31757455255220063,0.5177425847682823,0.7592269948917068,0.24148441012342448,0.1862983167582546,0.18492911210844792,0.0013692046498066657,,,,,,,,,,,OBSERVATION_ONLY_FULL_FORWARD_REQUIRED
episode_000003_000002,episode_000003,2,alignment,P4_letterbox_224,preprocessing,Aspect-preserving resize with black letterbox to 224x224.,0.25698021798905585,0.049253871074573616,13.075596307448713,0.7374695438493389,0.2078175712472489,0.34220516852053323,0.13438759727328434,0.2493460551523383,0.3520681805959354,0.10272212544359713,,,,,,,,,,,OBSERVATION_ONLY_FULL_FORWARD_REQUIRED
episode_000003_000002,episode_000003,2,alignment,P5_brightness_match_sim_to_real,photometric,Shift Sim brightness mean toward Real mean.,0.2253990014821663,0.03126457930065181,15.049474108545656,0.6481996432649262,0.368963149316619,0.36679402767310043,0.002169121643518568,0.22686384093789083,0.14833071873671533,0.0785331222011755,,,,,,,,,,,OBSERVATION_ONLY_FULL_FORWARD_REQUIRED
episode_000003_000002,episode_000003,2,alignment,P6_contrast_match_sim_to_real,photometric,Scale Sim contrast toward Real luminance std.,0.4526675593968301,0.08479694731571365,10.716197820334274,0.6272552734910565,0.368963149316619,0.605535430270459,0.23657228095383998,0.22686384093789083,0.2267954617797883,6.837915810253836e-05,,,,,,,,,,,OBSERVATION_ONLY_FULL_FORWARD_REQUIRED
episode_000003_000003,episode_000003,3,alignment,P0_current_paired_image,preprocessing,Existing paired 1280x720 image.,0.46072970677828906,0.08991733035148519,10.461565958011478,0.6237153860168474,0.3694113627867988,0.6086223860532406,0.23921102326644178,0.22689358566903073,0.24446466538134967,0.017571079712318943,,,,,,,,,,,OBSERVATION_ONLY_FULL_FORWARD_REQUIRED
episode_000003_000003,episode_000003,3,alignment,P1_resize_224_direct,preprocessing,Direct resize to 224x224.,0.4586065343665628,0.08845584822981478,10.532734485657357,0.6316159417446466,0.36939075656825227,0.608638450505202,0.23924769393694978,0.22589987838775502,0.24257269271950974,0.016672814331754715,,,,,,,,,,,OBSERVATION_ONLY_FULL_FORWARD_REQUIRED
episode_000003_000003,episode_000003,3,alignment,P2_center_crop_square_resize_224,preprocessing,Center square crop then resize to 224x224.,0.503420617138657,0.10603419625611685,9.74554051241866,0.4579002065751366,0.4904645547281412,0.7323567075267605,0.2418921527986193,0.20077044908283168,0.2110202884516289,0.010249839368797226,,,,,,,,,,,OBSERVATION_ONLY_FULL_FORWARD_REQUIRED
episode_000003_000003,episode_000003,3,alignment,P3_center_crop_0p875_resize_224,preprocessing,Center crop 87.5% of min side then resize to 224x224.,0.511955807210292,0.10953705348560992,9.604389456434165,0.31549139489339917,0.5178695815357393,0.759667504955107,0.2417979234193678,0.1864299606870415,0.18497784826171154,0.001452112425329971,,,,,,,,,,,OBSERVATION_ONLY_FULL_FORWARD_REQUIRED
episode_000003_000003,episode_000003,3,alignment,P4_letterbox_224,preprocessing,Aspect-preserving resize with black letterbox to 224x224.,0.25729495293838134,0.04938719697437799,13.063856220082295,0.7373152376048691,0.20807672315801318,0.34266840998899556,0.13459168683098238,0.2495349375524908,0.3524383427180536,0.10290340516556279,,,,,,,,,,,OBSERVATION_ONLY_FULL_FORWARD_REQUIRED
episode_000003_000003,episode_000003,3,alignment,P5_brightness_match_sim_to_real,photometric,Shift Sim brightness mean toward Real mean.,0.2254264915489909,0.03128009165256063,15.047319831012235,0.6476750908343205,0.3694113627867988,0.36725354272024774,0.002157820066551075,0.22689358566903073,0.14829902414684476,0.07859456152218597,,,,,,,,,,,OBSERVATION_ONLY_FULL_FORWARD_REQUIRED
episode_000003_000003,episode_000003,3,alignment,P6_contrast_match_sim_to_real,photometric,Scale Sim contrast toward Real luminance std.,0.45316252447143773,0.08500339434418921,10.705637317502017,0.6266695068833941,0.3694113627867988,0.6062922168802767,0.23688085409347787,0.22689358566903073,0.22680032758072197,9.325808830876192e-05,,,,,,,,,,,OBSERVATION_ONLY_FULL_FORWARD_REQUIRED
episode_000003_000004,episode_000003,4,alignment,P0_current_paired_image,preprocessing,Existing paired 1280x720 image.,0.4598385043478438,0.08945911414947243,10.48375406654092,0.6264696656291654,0.3743334408581837,0.612442450927628,0.23810901006944424,0.22697231209093643,0.24467493795106665,0.017702625860130217,,,,,,,,,,,OBSERVATION_ONLY_FULL_FORWARD_REQUIRED
episode_000003_000004,episode_000003,4,alignment,P1_resize_224_direct,preprocessing,Direct resize to 224x224.,0.45773481848473263,0.08803053819567044,10.553666429728102,0.6341933649142585,0.3743192885748049,0.612456144145158,0.23813685557035313,0.22597985446927138,0.24283860473752344,0.016858750268252065,,,,,,,,,,,OBSERVATION_ONLY_FULL_FORWARD_REQUIRED
episode_000003_000004,episode_000003,4,alignment,P2_center_crop_square_resize_224,preprocessing,Center square crop then resize to 224x224.,0.5004051275344441,0.10480319987472113,9.796254571736775,0.4575010214974479,0.4949118755939876,0.7347013270151811,0.2397894514211935,0.19947369902452494,0.21092598277433341,0.011452283749808473,,,,,,,,,,,OBSERVATION_ONLY_FULL_FORWARD_REQUIRED
episode_000003_000004,episode_000003,4,alignment,P3_center_crop_0p875_resize_224,preprocessing,Center crop 87.5% of min side then resize to 224x224.,0.5115944473343801,0.10966335615128403,9.59938467045651,0.3124846303054898,0.5198503171581133,0.7612527919292715,0.24140247477115828,0.1875245942688789,0.18454797117346455,0.0029766230954143547,,,,,,,,,,,OBSERVATION_ONLY_FULL_FORWARD_REQUIRED
episode_000003_000004,episode_000003,4,alignment,P4_letterbox_224,preprocessing,Aspect-preserving resize with black letterbox to 224x224.,0.2567911713629554,0.04916741451482554,13.083226286320844,0.7419538696300522,0.21083318532100334,0.34481328500150055,0.1339800996804972,0.2513658955980645,0.35416735651873194,0.10280146092066744,,,,,,,,,,,OBSERVATION_ONLY_FULL_FORWARD_REQUIRED
episode_000003_000004,episode_000003,4,alignment,P5_brightness_match_sim_to_real,photometric,Shift Sim brightness mean toward Real mean.,0.22485956064307755,0.031243660580154372,15.05238088859161,0.6499468459106544,0.3743334408581837,0.37232505043232555,0.002008390425858153,0.22697231209093643,0.14931349438079997,0.07765881771013647,,,,,,,,,,,OBSERVATION_ONLY_FULL_FORWARD_REQUIRED
episode_000003_000004,episode_000003,4,alignment,P6_contrast_match_sim_to_real,photometric,Scale Sim contrast toward Real luminance std.,0.452188261429613,0.08452894810089072,10.729945354585277,0.6294693858381463,0.3743334408581837,0.6101201797172863,0.23578673885910256,0.22697231209093643,0.22693789282761234,3.441926332409251e-05,,,,,,,,,,,OBSERVATION_ONLY_FULL_FORWARD_REQUIRED
episode_000003_000005,episode_000003,5,alignment,P0_current_paired_image,preprocessing,Existing paired 1280x720 image.,0.4576238428387706,0.08837484298128744,10.536713448207415,0.6321243540890089,0.3837816939116968,0.6193623073546436,0.23558061344294678,0.22730387392437126,0.24509052491252303,0.01778665098815177,,,,,,,,,,,OBSERVATION_ONLY_FULL_FORWARD_REQUIRED
episode_000003_000005,episode_000003,5,alignment,P1_resize_224_direct,preprocessing,Direct resize to 224x224.,0.4554503942840749,0.08697775995610664,10.605917814399326,0.6397183519008982,0.383757725090036,0.6193775920993397,0.23561986700930376,0.2263177687676103,0.24329532164571938,0.016977552878109065,,,,,,,,,,,OBSERVATION_ONLY_FULL_FORWARD_REQUIRED
episode_000003_000005,episode_000003,5,alignment,P2_center_crop_square_resize_224,preprocessing,Center square crop then resize to 224x224.,0.49445173969975054,0.10264064306278066,9.886806356886396,0.46203325335896295,0.5019156341755453,0.7369435027135853,0.23502786853804003,0.19908851646476022,0.21264464945778297,0.013556132993022746,,,,,,,,,,,OBSERVATION_ONLY_FULL_FORWARD_REQUIRED
episode_000003_000005,episode_000003,5,alignment,P3_center_crop_0p875_resize_224,preprocessing,Center crop 87.5% of min side then resize to 224x224.,0.5108817616218859,0.10990689280205547,9.58975069978449,0.3012823336803491,0.5250447189657113,0.7649830712753852,0.23993835230967397,0.18939179978588744,0.182897277468984,0.0064945223169034505,,,,,,,,,,,OBSERVATION_ONLY_FULL_FORWARD_REQUIRED
episode_000003_000005,episode_000003,5,alignment,P4_letterbox_224,preprocessing,Aspect-preserving resize with black letterbox to 224x224.,0.25549863273471013,0.0485760675798097,13.135776459227152,0.7512851487885093,0.21614543078168766,0.3486971269288965,0.13255169614720883,0.25501859747589767,0.3572990965822587,0.10228049910636106,,,,,,,,,,,OBSERVATION_ONLY_FULL_FORWARD_REQUIRED
episode_000003_000005,episode_000003,5,alignment,P5_brightness_match_sim_to_real,photometric,Shift Sim brightness mean toward Real mean.,0.22412016217762937,0.031148090706076367,15.065685692689714,0.6553396236482765,0.3837816939116968,0.3816658913866761,0.0021158025250206935,0.22730387392437126,0.1516844674930956,0.07561940643127565,,,,,,,,,,,OBSERVATION_ONLY_FULL_FORWARD_REQUIRED
episode_000003_000005,episode_000003,5,alignment,P6_contrast_match_sim_to_real,photometric,Scale Sim contrast toward Real luminance std.,0.44977703895278065,0.08345334510653842,10.785562505701785,0.6352437177958098,0.3837816939116968,0.6169986042713438,0.23321691035964698,0.22730387392437126,0.22733372244716313,2.984852279186434e-05,,,,,,,,,,,OBSERVATION_ONLY_FULL_FORWARD_REQUIRED
episode_000003_000006,episode_000003,6,alignment,P0_current_paired_image,preprocessing,Existing paired 1280x720 image.,0.4564652200784847,0.08756734288339058,10.576578281910207,0.6372657619644037,0.39561010559300125,0.6286903257080609,0.2330802201150597,0.22765724519792466,0.24489420609303283,0.017236960895108178,,,,,,,,,,,OBSERVATION_ONLY_FULL_FORWARD_REQUIRED
episode_000003_000006,episode_000003,6,alignment,P1_resize_224_direct,preprocessing,Direct resize to 224x224.,0.45415590311545007,0.0861963059325037,10.645113460953164,0.6446827636681643,0.39559439974427274,0.6286906995610744,0.23309629981680163,0.22666450705583713,0.24312235094766546,0.016457843891828333,,,,,,,,,,,OBSERVATION_ONLY_FULL_FORWARD_REQUIRED
episode_000003_000006,episode_000003,6,alignment,P2_center_crop_square_resize_224,preprocessing,Center square crop then resize to 224x224.,0.48959401919263285,0.10118815786118371,9.948703103862748,0.4691089492724888,0.5086540228278812,0.7391597230767307,0.23050570024884953,0.20133772226046262,0.21510929789352407,0.013771575633061445,,,,,,,,,,,OBSERVATION_ONLY_FULL_FORWARD_REQUIRED
episode_000003_000006,episode_000003,6,alignment,P3_center_crop_0p875_resize_224,preprocessing,Center crop 87.5% of min side then resize to 224x224.,0.5070485753710098,0.1085687856637753,9.642950197061799,0.29765898715278183,0.534013232777486,0.7704473918942577,0.23643415911677168,0.19112503284203752,0.18071140734157154,0.010413625500465984,,,,,,,,,,,OBSERVATION_ONLY_FULL_FORWARD_REQUIRED
episode_000003_000006,episode_000003,6,alignment,P4_letterbox_224,preprocessing,Aspect-preserving resize with black letterbox to 224x224.,0.25480652366496603,0.048170398674175545,13.172197593057025,0.761473351522874,0.22279813700480192,0.3539453788859293,0.1311472418811274,0.2596127942738611,0.361239798801033,0.10162700452717194,,,,,,,,,,,OBSERVATION_ONLY_FULL_FORWARD_REQUIRED
episode_000003_000006,episode_000003,6,alignment,P5_brightness_match_sim_to_real,photometric,Shift Sim brightness mean toward Real mean.,0.22515285190825882,0.031203370042416023,15.057984985525037,0.6603215741625259,0.39561010559300125,0.3936650497710714,0.0019450558219298308,0.22765724519792466,0.1542011894786052,0.07345605571931946,,,,,,,,,,,OBSERVATION_ONLY_FULL_FORWARD_REQUIRED
episode_000003_000006,episode_000003,6,alignment,P6_contrast_match_sim_to_real,photometric,Scale Sim contrast toward Real luminance std.,0.4480303345517699,0.08275854244316641,10.821871668035987,0.640177870356848,0.39561010559300125,0.626320998268995,0.23071089267599376,0.22765724519792466,0.22777177228267786,0.00011452708475320761,,,,,,,,,,,OBSERVATION_ONLY_FULL_FORWARD_REQUIRED
episode_000003_000007,episode_000003,7,alignment,P0_current_paired_image,preprocessing,Existing paired 1280x720 image.,0.4548388155261072,0.08664876036482581,10.622376461129813,0.6442830978435367,0.41069082825776126,0.6426771177364176,0.2319862894786563,0.22621621180200996,0.24325290768827432,0.017036695886264358,,,,,,,,,,,OBSERVATION_ONLY_FULL_FORWARD_REQUIRED
episode_000003_000007,episode_000003,7,alignment,P1_resize_224_direct,preprocessing,Direct resize to 224x224.,0.4524409981696555,0.08531034094601893,10.689983223659818,0.6517040733999578,0.41067512917667065,0.6426800323879551,0.23200490321128447,0.22523052875011276,0.24152777784947066,0.016297249099357897,,,,,,,,,,,OBSERVATION_ONLY_FULL_FORWARD_REQUIRED
episode_000003_000007,episode_000003,7,alignment,P2_center_crop_square_resize_224,preprocessing,Center square crop then resize to 224x224.,0.4822675804173698,0.09863841962438571,10.059538945825082,0.482612341946892,0.5172387299138405,0.7433129647483994,0.2260742348345589,0.20213829183159618,0.21664836718010858,0.014510075348512397,,,,,,,,,,,OBSERVATION_ONLY_FULL_FORWARD_REQUIRED
episode_000003_000007,episode_000003,7,alignment,P3_center_crop_0p875_resize_224,preprocessing,Center crop 87.5% of min side then resize to 224x224.,0.49608938006273573,0.10418832994799228,9.821809232920087,0.34502644661199433,0.5402841815788816,0.7746179647015056,0.23433378312262398,0.19217328747142465,0.18155808970781911,0.010615197763605533,,,,,,,,,,,OBSERVATION_ONLY_FULL_FORWARD_REQUIRED
episode_000003_000007,episode_000003,7,alignment,P4_letterbox_224,preprocessing,Aspect-preserving resize with black letterbox to 224x224.,0.2537712160813321,0.04765342523855948,13.219058776333627,0.7734710869494718,0.23128793297006303,0.3618079561043167,0.13052002313425368,0.26461619588471946,0.3666468081913773,0.10203061230665783,,,,,,,,,,,OBSERVATION_ONLY_FULL_FORWARD_REQUIRED
episode_000003_000007,episode_000003,7,alignment,P5_brightness_match_sim_to_real,photometric,Shift Sim brightness mean toward Real mean.,0.21868617237366375,0.03004926508968237,15.221661450056185,0.6658237795108132,0.41069082825776126,0.408757442904071,0.0019333853536902534,0.22621621180200996,0.15541486821170866,0.0708013435903013,,,,,,,,,,,OBSERVATION_ONLY_FULL_FORWARD_REQUIRED
episode_000003_000007,episode_000003,7,alignment,P6_contrast_match_sim_to_real,photometric,Scale Sim contrast toward Real luminance std.,0.44593987314904576,0.0818251989141018,10.871129302644826,0.6472498636983663,0.41069082825776126,0.640152163069342,0.2294613348115807,0.22621621180200996,0.22621484706954761,1.3647324623444756e-06,,,,,,,,,,,OBSERVATION_ONLY_FULL_FORWARD_REQUIRED
episode_000003_000008,episode_000003,8,alignment,P0_current_paired_image,preprocessing,Existing paired 1280x720 image.,0.4551373773868506,0.08634173244665515,10.637792414745844,0.6367483396857144,0.42982494608098426,0.6588009272663055,0.2289759811853212,0.22191790477106485,0.23983127352059622,0.017913368749531366,,,,,,,,,,,OBSERVATION_ONLY_FULL_FORWARD_REQUIRED
episode_000003_000008,episode_000003,8,alignment,P1_resize_224_direct,preprocessing,Direct resize to 224x224.,0.4526626885296954,0.08500263943404157,10.70567588711089,0.644347715433849,0.42981699328168765,0.6588131114633352,0.22899611818164756,0.2208641221890458,0.23810509297823787,0.017240970789192067,,,,,,,,,,,OBSERVATION_ONLY_FULL_FORWARD_REQUIRED
episode_000003_000008,episode_000003,8,alignment,P2_center_crop_square_resize_224,preprocessing,Center square crop then resize to 224x224.,0.47563383979212837,0.09624797365841763,10.166084050738139,0.48609257846721093,0.5274726652223388,0.7487712246773708,0.22129855945503196,0.20171065627542017,0.21677108429409578,0.015060428018675603,,,,,,,,,,,OBSERVATION_ONLY_FULL_FORWARD_REQUIRED
episode_000003_000008,episode_000003,8,alignment,P3_center_crop_0p875_resize_224,preprocessing,Center crop 87.5% of min side then resize to 224x224.,0.4791518508968146,0.09698798923164036,10.132820444285016,0.44091872839931784,0.5395670148215536,0.7765352745942128,0.23696825977265923,0.19191260845025457,0.18355640113167104,0.008356207318583525,,,,,,,,,,,OBSERVATION_ONLY_FULL_FORWARD_REQUIRED
episode_000003_000008,episode_000003,8,alignment,P4_letterbox_224,preprocessing,Aspect-preserving resize with black letterbox to 224x224.,0.2538249320180523,0.04746194934264556,13.236544285424333,0.784955359533583,0.242060059367497,0.3708759608843537,0.1288159015168567,0.2699562159909171,0.3723881257109774,0.10243190972006028,,,,,,,,,,,OBSERVATION_ONLY_FULL_FORWARD_REQUIRED
episode_000003_000008,episode_000003,8,alignment,P5_brightness_match_sim_to_real,photometric,Shift Sim brightness mean toward Real mean.,0.21889381726888493,0.030231706916721855,15.195373313671539,0.6581451506446115,0.42982494608098426,0.42760599114838654,0.0022189549325977165,0.22191790477106485,0.1562297109518767,0.06568819381918814,,,,,,,,,,,OBSERVATION_ONLY_FULL_FORWARD_REQUIRED
episode_000003_000008,episode_000003,8,alignment,P6_contrast_match_sim_to_real,photometric,Scale Sim contrast toward Real luminance std.,0.4451701571902724,0.08125427874740132,10.90153760349595,0.6396602928473214,0.42982494608098426,0.6565097886327271,0.22668484255174287,0.22191790477106485,0.2218645791530976,5.332561796725366e-05,,,,,,,,,,,OBSERVATION_ONLY_FULL_FORWARD_REQUIRED
episode_000003_000009,episode_000003,9,alignment,P0_current_paired_image,preprocessing,Existing paired 1280x720 image.,0.4616885902463012,0.08783717012665178,10.563216644488204,0.6248534593021114,0.44481447671483515,0.675135213717831,0.23032073700299588,0.21716879101246492,0.2339948612158195,0.01682607020335458,,,,,,,,,,,OBSERVATION_ONLY_FULL_FORWARD_REQUIRED
episode_000003_000009,episode_000003,9,alignment,P1_resize_224_direct,preprocessing,Direct resize to 224x224.,0.45913140406790715,0.08652364663185537,10.628651850406412,0.6325702045874289,0.4448091154743147,0.6751327109124899,0.23032359543817527,0.21611894167886794,0.23228632843956648,0.016167386760698538,,,,,,,,,,,OBSERVATION_ONLY_FULL_FORWARD_REQUIRED
episode_000003_000009,episode_000003,9,alignment,P2_center_crop_square_resize_224,preprocessing,Center square crop then resize to 224x224.,0.46779265871850606,0.09243078818537219,10.34183343586805,0.5316645733943839,0.5283615550595239,0.7541579464910962,0.22579639143157237,0.19917858177858092,0.2143363549357178,0.015157773157136872,,,,,,,,,,,OBSERVATION_ONLY_FULL_FORWARD_REQUIRED
episode_000003_000009,episode_000003,9,alignment,P3_center_crop_0p875_resize_224,preprocessing,Center crop 87.5% of min side then resize to 224x224.,0.4742815319361111,0.09423341272783624,10.257950803237406,0.498680005901227,0.5376523266337785,0.7800506224364745,0.242398295802696,0.19018822278737185,0.18280020633858268,0.00738801644878917,,,,,,,,,,,OBSERVATION_ONLY_FULL_FORWARD_REQUIRED
episode_000003_000009,episode_000003,9,alignment,P4_letterbox_224,preprocessing,Aspect-preserving resize with black letterbox to 224x224.,0.2574511803877485,0.048303543537513045,13.160210083304992,0.7906060881261229,0.25048768815338635,0.38006186138517906,0.1295741732317927,0.273759778805589,0.37749099205599085,0.10373121325040185,,,,,,,,,,,OBSERVATION_ONLY_FULL_FORWARD_REQUIRED
episode_000003_000009,episode_000003,9,alignment,P5_brightness_match_sim_to_real,photometric,Shift Sim brightness mean toward Real mean.,0.21835291005863097,0.030122737632294193,15.211055608720574,0.6458362245968421,0.44481447671483515,0.44283835046211184,0.0019761262527233092,0.21716879101246492,0.15423453541825474,0.06293425559421018,,,,,,,,,,,OBSERVATION_ONLY_FULL_FORWARD_REQUIRED
episode_000003_000009,episode_000003,9,alignment,P6_contrast_match_sim_to_real,photometric,Scale Sim contrast toward Real luminance std.,0.45241838551394625,0.08317805079309784,10.799912611737838,0.6271013443248032,0.44481447671483515,0.6729667555300247,0.22815227881518957,0.21716879101246492,0.21712145352783022,4.733748463470189e-05,,,,,,,,,,,OBSERVATION_ONLY_FULL_FORWARD_REQUIRED
episode_000003_000010,episode_000003,10,alignment,P0_current_paired_image,preprocessing,Existing paired 1280x720 image.,0.4626470786041737,0.08779534422746944,10.565285140475488,0.6216858901240991,0.4535193896624797,0.6858213209295002,0.23230193126702053,0.21416507099583132,0.22873657854632892,0.014571507550497603,,,,,,,,,,,OBSERVATION_ONLY_FULL_FORWARD_REQUIRED
episode_000003_000010,episode_000003,10,alignment,P1_resize_224_direct,preprocessing,Direct resize to 224x224.,0.46035664435991047,0.08658644912213251,10.625500702455746,0.629149061434709,0.4535076009935224,0.6858347313144008,0.23232713032087837,0.21316481112231378,0.22712780291938264,0.013962991797068863,,,,,,,,,,,OBSERVATION_ONLY_FULL_FORWARD_REQUIRED
episode_000003_000010,episode_000003,10,alignment,P2_center_crop_square_resize_224,preprocessing,Center square crop then resize to 224x224.,0.4603903386500098,0.08918967954828992,10.49685396459517,0.5666027378185697,0.5276397199817426,0.7583353532663066,0.230695633284564,0.19722135710614916,0.2112099850248827,0.013988627918733537,,,,,,,,,,,OBSERVATION_ONLY_FULL_FORWARD_REQUIRED
episode_000003_000010,episode_000003,10,alignment,P3_center_crop_0p875_resize_224,preprocessing,Center crop 87.5% of min side then resize to 224x224.,0.4711476763124291,0.09284897751992953,10.322228744756007,0.4982566175789391,0.5372012787615046,0.7787915886354541,0.24159030987394947,0.18815252174001032,0.18222811510463374,0.005924406635376578,,,,,,,,,,,OBSERVATION_ONLY_FULL_FORWARD_REQUIRED
episode_000003_000010,episode_000003,10,alignment,P4_letterbox_224,preprocessing,Aspect-preserving resize with black letterbox to 224x224.,0.2580747956651509,0.048329342970848475,13.157891089801874,0.7944129082738894,0.25538708849164665,0.3860878395264355,0.13070075103478884,0.2759652738871929,0.38045006098403583,0.10448478709684295,,,,,,,,,,,OBSERVATION_ONLY_FULL_FORWARD_REQUIRED
episode_000003_000010,episode_000003,10,alignment,P5_brightness_match_sim_to_real,photometric,Shift Sim brightness mean toward Real mean.,0.2178593966086267,0.02962803507954562,15.282971498161741,0.6408355914852226,0.4535193896624797,0.45163267751991415,0.0018867121425655276,0.21416507099583132,0.15138529463817788,0.06277977635765344,,,,,,,,,,,OBSERVATION_ONLY_FULL_FORWARD_REQUIRED
episode_000003_000010,episode_000003,10,alignment,P6_contrast_match_sim_to_real,photometric,Scale Sim contrast toward Real luminance std.,0.4545049745547498,0.0837893363774794,10.768112492349008,0.623590375300298,0.4535193896624797,0.6837407316644538,0.23022134200197414,0.21416507099583132,0.2138546312140921,0.0003104397817392246,,,,,,,,,,,OBSERVATION_ONLY_FULL_FORWARD_REQUIRED
episode_000003_000011,episode_000003,11,alignment,P0_current_paired_image,preprocessing,Existing paired 1280x720 image.,0.4615202515608099,0.08659456288847239,10.62509375669298,0.6190492409825207,0.46212521772024767,0.6937783730562366,0.2316531553359889,0.20964989926357427,0.2235292763909612,0.013879377127386933,,,,,,,,,,,OBSERVATION_ONLY_FULL_FORWARD_REQUIRED
episode_000003_000011,episode_000003,11,alignment,P1_resize_224_direct,preprocessing,Direct resize to 224x224.,0.45919221435229124,0.0854214765971748,10.684329256221144,0.6266564842875727,0.46211539464223195,0.6937858585465436,0.23167046390431167,0.20861178704625954,0.22190779758200704,0.013296010535747499,,,,,,,,,,,OBSERVATION_ONLY_FULL_FORWARD_REQUIRED
episode_000003_000011,episode_000003,11,alignment,P2_center_crop_square_resize_224,preprocessing,Center square crop then resize to 224x224.,0.4578295447814173,0.08713254031187638,10.598196241118245,0.5747108587625511,0.527165431172469,0.7575904345644507,0.2304250033919818,0.19468496253481715,0.20760800745797256,0.012923044923155408,,,,,,,,,,,OBSERVATION_ONLY_FULL_FORWARD_REQUIRED
episode_000003_000011,episode_000003,11,alignment,P3_center_crop_0p875_resize_224,preprocessing,Center crop 87.5% of min side then resize to 224x224.,0.46735342240671074,0.09014418216224399,10.450622970765375,0.5016891255827538,0.5369707519257703,0.7755208532006553,0.23855010127488507,0.18464353834767538,0.17992827195707828,0.004715266390597106,,,,,,,,,,,OBSERVATION_ONLY_FULL_FORWARD_REQUIRED
episode_000003_000011,episode_000003,11,alignment,P4_letterbox_224,preprocessing,Aspect-preserving resize with black letterbox to 224x224.,0.2573878396284219,0.047672395142697596,13.217330278269783,0.8003390988358201,0.26022062593787515,0.39056317437912663,0.13034254844125148,0.2775146425975927,0.38224459157738055,0.10472994897978788,,,,,,,,,,,OBSERVATION_ONLY_FULL_FORWARD_REQUIRED
episode_000003_000011,episode_000003,11,alignment,P5_brightness_match_sim_to_real,photometric,Shift Sim brightness mean toward Real mean.,0.21624771051878236,0.02876111485455201,15.411942835952743,0.637489037854727,0.46212521772024767,0.46005048959695,0.0020747281232976755,0.20964989926357427,0.14914204203098635,0.06050785723258792,,,,,,,,,,,OBSERVATION_ONLY_FULL_FORWARD_REQUIRED
episode_000003_000011,episode_000003,11,alignment,P6_contrast_match_sim_to_real,photometric,Scale Sim contrast toward Real luminance std.,0.45354438699560995,0.08283828630058591,10.817688940603015,0.6201765203740747,0.46212521772024767,0.6921131347358385,0.2299879170155908,0.20964989926357427,0.20948222745346068,0.00016767181011359544,,,,,,,,,,,OBSERVATION_ONLY_FULL_FORWARD_REQUIRED
episode_000003_000012,episode_000003,12,alignment,P0_current_paired_image,preprocessing,Existing paired 1280x720 image.,0.46604271050799995,0.08783634165812296,10.563257606760414,0.5954200609959378,0.4698895544543164,0.7019361048670684,0.23204655041275196,0.20455816702900267,0.21718191585093008,0.012623748821927405,,,,,,,,,,,OBSERVATION_ONLY_FULL_FORWARD_REQUIRED
episode_000003_000012,episode_000003,12,alignment,P1_resize_224_direct,preprocessing,Direct resize to 224x224.,0.46373281234963915,0.086682273603886,10.620697060200543,0.60301589258695,0.4698796302583534,0.701946886332658,0.23206725607430462,0.2034791875503065,0.21553936744248683,0.012060179892180334,,,,,,,,,,,OBSERVATION_ONLY_FULL_FORWARD_REQUIRED
episode_000003_000012,episode_000003,12,alignment,P2_center_crop_square_resize_224,preprocessing,Center square crop then resize to 224x224.,0.45994759679422953,0.087279657880309,10.59086964768307,0.5541587724301423,0.5262366238214036,0.7558927621361042,0.22965613831470066,0.19255785059221636,0.20201752501416245,0.00945967442194609,,,,,,,,,,,OBSERVATION_ONLY_FULL_FORWARD_REQUIRED
episode_000003_000012,episode_000003,12,alignment,P3_center_crop_0p875_resize_224,preprocessing,Center crop 87.5% of min side then resize to 224x224.,0.4687011175531297,0.09008527931188813,10.453461705740166,0.4777492832045933,0.535921351524985,0.7734769063719237,0.2375555548469387,0.18167960215443488,0.17561099277156753,0.0060686093828673515,,,,,,,,,,,OBSERVATION_ONLY_FULL_FORWARD_REQUIRED
episode_000003_000012,episode_000003,12,alignment,P4_letterbox_224,preprocessing,Aspect-preserving resize with black letterbox to 224x224.,0.25994010623549496,0.04837720075775408,13.15359264759423,0.8008343919990542,0.2645978646927521,0.395158099864946,0.1305602351721939,0.27858898362502676,0.38386012825006266,0.1052711446250359,,,,,,,,,,,OBSERVATION_ONLY_FULL_FORWARD_REQUIRED
episode_000003_000012,episode_000003,12,alignment,P5_brightness_match_sim_to_real,photometric,Shift Sim brightness mean toward Real mean.,0.22009349105931797,0.029571252582028622,15.291302791958364,0.6104256171225757,0.4698895544543164,0.4675764700171908,0.0023130844371255788,0.20455816702900267,0.14515735856766188,0.0594008084613408,,,,,,,,,,,OBSERVATION_ONLY_FULL_FORWARD_REQUIRED
episode_000003_000012,episode_000003,12,alignment,P6_contrast_match_sim_to_real,photometric,Scale Sim contrast toward Real luminance std.,0.45787039482250275,0.084097079370737,10.752190866657962,0.5974316191307475,0.4698895544543164,0.7003772920062299,0.23048773755191349,0.20455816702900267,0.20452478996221554,3.337706678713248e-05,,,,,,,,,,,OBSERVATION_ONLY_FULL_FORWARD_REQUIRED
episode_000003_000013,episode_000003,13,alignment,P0_current_paired_image,preprocessing,Existing paired 1280x720 image.,0.47037727633648174,0.08897118540589795,10.507506230789115,0.5849221434765358,0.4747957029216026,0.7122907817240265,0.23749507880242388,0.19925504982089667,0.20898156845852042,0.009726518637623749,,,,,,,,,,,OBSERVATION_ONLY_FULL_FORWARD_REQUIRED
episode_000003_000013,episode_000003,13,alignment,P1_resize_224_direct,preprocessing,Direct resize to 224x224.,0.46828845852450796,0.08785031179546984,10.562566927820985,0.5927023252224737,0.4747858675814075,0.7122994030580982,0.23751353547669074,0.1981530402343795,0.20735293609082037,0.009199895856440876,,,,,,,,,,,OBSERVATION_ONLY_FULL_FORWARD_REQUIRED
episode_000003_000013,episode_000003,13,alignment,P2_center_crop_square_resize_224,preprocessing,Center square crop then resize to 224x224.,0.4637612287278069,0.08863636815020125,10.523880473430914,0.527149380847537,0.5247382082364196,0.7554533715673769,0.23071516333095732,0.19195733874168577,0.19515563927684318,0.0031983005351574056,,,,,,,,,,,OBSERVATION_ONLY_FULL_FORWARD_REQUIRED
episode_000003_000013,episode_000003,13,alignment,P3_center_crop_0p875_resize_224,preprocessing,Center crop 87.5% of min side then resize to 224x224.,0.47286443881566786,0.09193182031799649,10.36534140446391,0.43905899670961973,0.5336892273159264,0.7729141552402211,0.23922492792429473,0.1808863350362847,0.16832818144833953,0.012558153587945181,,,,,,,,,,,OBSERVATION_ONLY_FULL_FORWARD_REQUIRED
episode_000003_000013,episode_000003,13,alignment,P4_letterbox_224,preprocessing,Aspect-preserving resize with black letterbox to 224x224.,0.26247505501997426,0.049012216201840215,13.096956594039348,0.8004556599631234,0.26734991044855444,0.40097590256415067,0.13362599211559623,0.278481152300056,0.386000548052047,0.10751939575199099,,,,,,,,,,,OBSERVATION_ONLY_FULL_FORWARD_REQUIRED
episode_000003_000013,episode_000003,13,alignment,P5_brightness_match_sim_to_real,photometric,Shift Sim brightness mean toward Real mean.,0.21889595816321034,0.028809937244800795,15.404576877198096,0.5990220685813293,0.4747957029216026,0.4723788967839388,0.0024168061376638184,0.19925504982089667,0.13945368324994167,0.059801366570955,,,,,,,,,,,OBSERVATION_ONLY_FULL_FORWARD_REQUIRED
episode_000003_000013,episode_000003,13,alignment,P6_contrast_match_sim_to_real,photometric,Scale Sim contrast toward Real luminance std.,0.46338485091750575,0.08591628580353709,10.659245059682458,0.5868648342836734,0.4747957029216026,0.7103785809019265,0.2355828779803239,0.19925504982089667,0.1994698672898562,0.00021481746895951614,,,,,,,,,,,OBSERVATION_ONLY_FULL_FORWARD_REQUIRED
episode_000003_000014,episode_000003,14,alignment,P0_current_paired_image,preprocessing,Existing paired 1280x720 image.,0.47718099793958113,0.0906929371282146,10.424265330686584,0.5853747187510489,0.47580524807666136,0.7205264472128609,0.2447211991361995,0.194822154782198,0.20233210202379504,0.007509947241597037,,,,,,,,,,,OBSERVATION_ONLY_FULL_FORWARD_REQUIRED
episode_000003_000014,episode_000003,14,alignment,P1_resize_224_direct,preprocessing,Direct resize to 224x224.,0.47509711310909974,0.08959771786574104,10.47703052067092,0.5934425757605952,0.4757791015312374,0.720538478610194,0.24475937707895662,0.19373871400436557,0.20064727097487262,0.006908556970507046,,,,,,,,,,,OBSERVATION_ONLY_FULL_FORWARD_REQUIRED
episode_000003_000014,episode_000003,14,alignment,P2_center_crop_square_resize_224,preprocessing,Center square crop then resize to 224x224.,0.46971180211097097,0.09013346392478559,10.451139382144206,0.5188144180914172,0.5218266057360444,0.7560704583708482,0.23424385263480374,0.19131059613781534,0.18922288919489239,0.0020877069429229567,,,,,,,,,,,OBSERVATION_ONLY_FULL_FORWARD_REQUIRED
episode_000003_000014,episode_000003,14,alignment,P3_center_crop_0p875_resize_224,preprocessing,Center crop 87.5% of min side then resize to 224x224.,0.4779229236054889,0.09324783528607523,10.303612413876358,0.4271935468817795,0.530782186265131,0.7729315075561474,0.2421493212910164,0.18063571829434746,0.1615164600375541,0.019119258256793364,,,,,,,,,,,OBSERVATION_ONLY_FULL_FORWARD_REQUIRED
episode_000003_000014,episode_000003,14,alignment,P4_letterbox_224,preprocessing,Aspect-preserving resize with black letterbox to 224x224.,0.2662489881369504,0.04998341575192168,13.011740685072386,0.7986687879695681,0.26792758112620046,0.40560233298006704,0.13767475185386657,0.2771819819780234,0.38773973102737197,0.11055774904934856,,,,,,,,,,,OBSERVATION_ONLY_FULL_FORWARD_REQUIRED
episode_000003_000014,episode_000003,14,alignment,P5_brightness_match_sim_to_real,photometric,Shift Sim brightness mean toward Real mean.,0.2161519109888303,0.02744274441609886,15.61572459103461,0.5963976488096414,0.47580524807666136,0.4737795705686614,0.002025677507999979,0.194822154782198,0.13360846420805464,0.06121369057414336,,,,,,,,,,,OBSERVATION_ONLY_FULL_FORWARD_REQUIRED
episode_000003_000014,episode_000003,14,alignment,P6_contrast_match_sim_to_real,photometric,Scale Sim contrast toward Real luminance std.,0.4712755477595244,0.08819602115060808,10.545510070599345,0.5862617647513682,0.47580524807666136,0.718116732312091,0.2423114842354297,0.194822154782198,0.19475120858313355,7.094619906444777e-05,,,,,,,,,,,OBSERVATION_ONLY_FULL_FORWARD_REQUIRED
episode_000003_000015,episode_000003,15,alignment,P0_current_paired_image,preprocessing,Existing paired 1280x720 image.,0.48177079555601765,0.09215017372235747,10.355038417081726,0.5776724967512625,0.4760596284900941,0.7254079596464805,0.24934833115638644,0.19122064577600645,0.19798805610954823,0.006767410333541779,,,,,,,,,,,OBSERVATION_ONLY_FULL_FORWARD_REQUIRED
episode_000003_000015,episode_000003,15,alignment,P1_resize_224_direct,preprocessing,Direct resize to 224x224.,0.47960264277931736,0.09105239910506685,10.407086066580193,0.5860884867860093,0.4760534861757203,0.7254218576336784,0.2493683714579581,0.190192776237553,0.19630202069215824,0.006109244454605228,,,,,,,,,,,OBSERVATION_ONLY_FULL_FORWARD_REQUIRED
episode_000003_000015,episode_000003,15,alignment,P2_center_crop_square_resize_224,preprocessing,Center square crop then resize to 224x224.,0.4735607861101507,0.0912398187420393,10.398155861684089,0.50817732762989,0.5193008233762255,0.7564538708764756,0.23715304750025012,0.19028078651543312,0.1853117247160214,0.004969061799411728,,,,,,,,,,,OBSERVATION_ONLY_FULL_FORWARD_REQUIRED
episode_000003_000015,episode_000003,15,alignment,P3_center_crop_0p875_resize_224,preprocessing,Center crop 87.5% of min side then resize to 224x224.,0.48186862412633225,0.09444789210618887,10.248077302446996,0.40802948679765066,0.5283503660683023,0.7727602574154663,0.24440989134716395,0.1803484194012826,0.15692042186301838,0.023427997538264217,,,,,,,,,,,OBSERVATION_ONLY_FULL_FORWARD_REQUIRED
episode_000003_000015,episode_000003,15,alignment,P4_letterbox_224,preprocessing,Aspect-preserving resize with black letterbox to 224x224.,0.26868651651583614,0.05078285623890079,12.942828762486503,0.7959410255508357,0.26806693672781606,0.4083384432366697,0.14027150650885362,0.27591635027143674,0.38869673148175093,0.1127803812103142,,,,,,,,,,,OBSERVATION_ONLY_FULL_FORWARD_REQUIRED
episode_000003_000015,episode_000003,15,alignment,P5_brightness_match_sim_to_real,photometric,Shift Sim brightness mean toward Real mean.,0.2138618198804131,0.02681756894717309,15.715805941459076,0.58790509135915,0.4760596284900941,0.47416302975132757,0.0018965987387665195,0.19122064577600645,0.12988161310834012,0.06133903266766633,,,,,,,,,,,OBSERVATION_ONLY_FULL_FORWARD_REQUIRED
episode_000003_000015,episode_000003,15,alignment,P6_contrast_match_sim_to_real,photometric,Scale Sim contrast toward Real luminance std.,0.4764879972525998,0.08990571632327135,10.462126943765666,0.5794261616622255,0.4760596284900941,0.7232996242034313,0.2472399957133372,0.19122064577600645,0.19146133268588117,0.00024068690987472108,,,,,,,,,,,OBSERVATION_ONLY_FULL_FORWARD_REQUIRED
episode_000003_000016,episode_000003,16,alignment,P0_current_paired_image,preprocessing,Existing paired 1280x720 image.,0.4834165462118689,0.09258802447109017,10.334451822430868,0.5751089447565121,0.476411047000102,0.7274436313691446,0.2510325843690426,0.1896299984162163,0.19590338757582562,0.006273389159609316,,,,,,,,,,,OBSERVATION_ONLY_FULL_FORWARD_REQUIRED
episode_000003_000016,episode_000003,16,alignment,P1_resize_224_direct,preprocessing,Direct resize to 224x224.,0.4812257367825701,0.09150842812615241,10.38538904620816,0.5835953398766667,0.47639677059886454,0.7274524123243046,0.25105564172544004,0.1886275511146745,0.19424036204588113,0.0056128109312066354,,,,,,,,,,,OBSERVATION_ONLY_FULL_FORWARD_REQUIRED
episode_000003_000016,episode_000003,16,alignment,P2_center_crop_square_resize_224,preprocessing,Center square crop then resize to 224x224.,0.4746571055201415,0.09141035826095144,10.390045889413813,0.5035211701191645,0.5185836571347289,0.7561552047068828,0.23757154757215393,0.18958116557773852,0.18364361267367166,0.005937552904066862,,,,,,,,,,,OBSERVATION_ONLY_FULL_FORWARD_REQUIRED
episode_000003_000016,episode_000003,16,alignment,P3_center_crop_0p875_resize_224,preprocessing,Center crop 87.5% of min side then resize to 224x224.,0.4828835347116083,0.09452232230719086,10.244656167814322,0.40057484415985845,0.5277957877057072,0.7721974801795718,0.24440169247386456,0.17988877538601555,0.15502531244610232,0.024863462939913233,,,,,,,,,,,OBSERVATION_ONLY_FULL_FORWARD_REQUIRED
episode_000003_000016,episode_000003,16,alignment,P4_letterbox_224,preprocessing,Aspect-preserving resize with black letterbox to 224x224.,0.26956074020128695,0.05102853365610951,12.92186911272118,0.7952798602520849,0.26825860663015205,0.4094915346607393,0.14123292803058723,0.27545556530193477,0.38903737229013935,0.11358180698820458,,,,,,,,,,,OBSERVATION_ONLY_FULL_FORWARD_REQUIRED
episode_000003_000016,episode_000003,16,alignment,P5_brightness_match_sim_to_real,photometric,Shift Sim brightness mean toward Real mean.,0.21288490301762544,0.02648860353078233,15.76940936941039,0.5855904190019099,0.476411047000102,0.47456301764195247,0.0018480293581495388,0.1896299984162163,0.12829231400868402,0.06133768440753229,,,,,,,,,,,OBSERVATION_ONLY_FULL_FORWARD_REQUIRED
episode_000003_000016,episode_000003,16,alignment,P6_contrast_match_sim_to_real,photometric,Scale Sim contrast toward Real luminance std.,0.478024609493304,0.09033831645391915,10.441280072170178,0.5767574860290148,0.476411047000102,0.7251869827308007,0.24877593573069873,0.1896299984162163,0.18969034170214336,6.0343285927050294e-05,,,,,,,,,,,OBSERVATION_ONLY_FULL_FORWARD_REQUIRED
episode_000003_000017,episode_000003,17,alignment,P0_current_paired_image,preprocessing,Existing paired 1280x720 image.,0.4844823457471075,0.09294320153862656,10.317823718118344,0.5719569632330976,0.4763408842686205,0.7278353446086941,0.25149446034007367,0.18937390647175203,0.195653740726934,0.006279834255181971,,,,,,,,,,,OBSERVATION_ONLY_FULL_FORWARD_REQUIRED
episode_000003_000017,episode_000003,17,alignment,P1_resize_224_direct,preprocessing,Direct resize to 224x224.,0.4822623808997174,0.09185543365630565,10.368951481534674,0.5805170255363209,0.47632613454756906,0.7278359968206032,0.2515098622730341,0.18837191082753832,0.19400483673034422,0.0056329259028058964,,,,,,,,,,,OBSERVATION_ONLY_FULL_FORWARD_REQUIRED
episode_000003_000017,episode_000003,17,alignment,P2_center_crop_square_resize_224,preprocessing,Center square crop then resize to 224x224.,0.47583231977756096,0.09180596196812059,10.371291143784958,0.5001506733205179,0.5183381655005752,0.7565029934161165,0.23816482791554128,0.1894972578301058,0.1832245052203451,0.006272752609760679,,,,,,,,,,,OBSERVATION_ONLY_FULL_FORWARD_REQUIRED
episode_000003_000017,episode_000003,17,alignment,P3_center_crop_0p875_resize_224,preprocessing,Center crop 87.5% of min side then resize to 224x224.,0.48390523130811125,0.09490883730943357,10.226933469401313,0.39604371825969414,0.5275605343543668,0.7724178800113795,0.24485734565701267,0.17984579888623928,0.15477407642637553,0.02507172245986375,,,,,,,,,,,OBSERVATION_ONLY_FULL_FORWARD_REQUIRED
episode_000003_000017,episode_000003,17,alignment,P4_letterbox_224,preprocessing,Aspect-preserving resize with black letterbox to 224x224.,0.2701522575293306,0.05122066964040518,12.905547480223767,0.7944759066977156,0.2682134699035864,0.40972060961884754,0.14150713971526113,0.2753186331116753,0.389154585008768,0.11383595189709267,,,,,,,,,,,OBSERVATION_ONLY_FULL_FORWARD_REQUIRED
episode_000003_000017,episode_000003,17,alignment,P5_brightness_match_sim_to_real,photometric,Shift Sim brightness mean toward Real mean.,0.21331010203724038,0.026577193411632987,15.754908830696042,0.5826069407306489,0.4763408842686205,0.4745982009625204,0.0017426833061000568,0.18937390647175203,0.12810730093526984,0.061266605536482194,,,,,,,,,,,OBSERVATION_ONLY_FULL_FORWARD_REQUIRED
episode_000003_000017,episode_000003,17,alignment,P6_contrast_match_sim_to_real,photometric,Scale Sim contrast toward Real luminance std.,0.4790686566686257,0.0906810973032096,10.424832332538838,0.5736192324168112,0.4763408842686205,0.7255740334201385,0.249233149151518,0.18937390647175203,0.18943504358170468,6.113710995264698e-05,,,,,,,,,,,OBSERVATION_ONLY_FULL_FORWARD_REQUIRED
episode_000003_000018,episode_000003,18,descent_to_grasp,P0_current_paired_image,preprocessing,Existing paired 1280x720 image.,0.48524302420309995,0.09325053206365606,10.303486815391071,0.5708790271606425,0.4763139332771654,0.7282377304381127,0.25192379716094726,0.18934154042800605,0.19563518679963302,0.006293646371626965,,,,,,,,,,,OBSERVATION_ONLY_FULL_FORWARD_REQUIRED
episode_000003_000018,episode_000003,18,descent_to_grasp,P1_resize_224_direct,preprocessing,Direct resize to 224x224.,0.48301271195482404,0.09215375130852994,10.354869812323777,0.5795095842356986,0.47630084616659163,0.7282422778955332,0.25194143172894157,0.18833995080637458,0.19396409339867793,0.005624142592303344,,,,,,,,,,,OBSERVATION_ONLY_FULL_FORWARD_REQUIRED
episode_000003_000018,episode_000003,18,descent_to_grasp,P2_center_crop_square_resize_224,preprocessing,Center square crop then resize to 224x224.,0.4769118854760704,0.09218786738551626,10.353262315953346,0.4982623239453615,0.5183474918873799,0.7571529906650161,0.23880549877763613,0.18943516580369685,0.1829002404063044,0.006534925397392449,,,,,,,,,,,OBSERVATION_ONLY_FULL_FORWARD_REQUIRED
episode_000003_000018,episode_000003,18,descent_to_grasp,P3_center_crop_0p875_resize_224,preprocessing,Center crop 87.5% of min side then resize to 224x224.,0.48496460514136497,0.0953108049796716,10.2085786245662,0.3935758330967978,0.5275513531193727,0.7730846325405162,0.24553327942114345,0.17979084124959074,0.15445701345293342,0.025333827796657327,,,,,,,,,,,OBSERVATION_ONLY_FULL_FORWARD_REQUIRED
episode_000003_000018,episode_000003,18,descent_to_grasp,P4_letterbox_224,preprocessing,Aspect-preserving resize with black letterbox to 224x224.,0.27056917590815194,0.051387616014543065,12.891415297315355,0.7939971083824302,0.2682018787046068,0.40994611708746,0.14174423838285316,0.2753018774798766,0.3893332599648198,0.11403138248494321,,,,,,,,,,,OBSERVATION_ONLY_FULL_FORWARD_REQUIRED
episode_000003_000018,episode_000003,18,descent_to_grasp,P5_brightness_match_sim_to_real,photometric,Shift Sim brightness mean toward Real mean.,0.2135472868577909,0.026671631125671023,15.739504238595533,0.5818596597023491,0.4763139332771654,0.47425896564967995,0.002054967627485471,0.18934154042800605,0.12802470234123522,0.061316838086770825,,,,,,,,,,,OBSERVATION_ONLY_FULL_FORWARD_REQUIRED
episode_000003_000018,episode_000003,18,descent_to_grasp,P6_contrast_match_sim_to_real,photometric,Scale Sim contrast toward Real luminance std.,0.47981872197924297,0.09098059896945801,10.410512083252089,0.5725543939254796,0.4763139332771654,0.7259670619366151,0.24965312865944966,0.18934154042800605,0.18941821806416753,7.667763616148182e-05,,,,,,,,,,,OBSERVATION_ONLY_FULL_FORWARD_REQUIRED
episode_000003_000019,episode_000003,19,descent_to_grasp,P0_current_paired_image,preprocessing,Existing paired 1280x720 image.,0.4864470555872606,0.09354088509961447,10.289985250405156,0.569194821302997,0.47624196188214885,0.729792831613392,0.2535508697312432,0.18813580925738219,0.19397104551648792,0.0058352362591057305,,,,,,,,,,,OBSERVATION_ONLY_FULL_FORWARD_REQUIRED
episode_000003_000019,episode_000003,19,descent_to_grasp,P1_resize_224_direct,preprocessing,Direct resize to 224x224.,0.4842585121920159,0.09244381443345312,10.341221428854574,0.5779731252101432,0.47622594048556927,0.7297965423356843,0.253570601850115,0.18712481034504352,0.19230554747595202,0.005180737130908497,,,,,,,,,,,OBSERVATION_ONLY_FULL_FORWARD_REQUIRED
episode_000003_000019,episode_000003,19,descent_to_grasp,P2_center_crop_square_resize_224,preprocessing,Center square crop then resize to 224x224.,0.4773828015307899,0.09214836680178606,10.355123576262171,0.5002712824522423,0.5170360526866996,0.7574624614845938,0.24042640879789423,0.18866652136349008,0.1814563097422619,0.007210211621228174,,,,,,,,,,,OBSERVATION_ONLY_FULL_FORWARD_REQUIRED
episode_000003_000019,episode_000003,19,descent_to_grasp,P3_center_crop_0p875_resize_224,preprocessing,Center crop 87.5% of min side then resize to 224x224.,0.4846747725836626,0.0949642054534232,10.224400610630042,0.3972361360438033,0.5265021504539318,0.7730505173944578,0.24654836694052606,0.17918647870648302,0.15300973548899732,0.0261767432174857,,,,,,,,,,,OBSERVATION_ONLY_FULL_FORWARD_REQUIRED
episode_000003_000019,episode_000003,19,descent_to_grasp,P4_letterbox_224,preprocessing,Aspect-preserving resize with black letterbox to 224x224.,0.27129101126133726,0.051559582779190115,12.876906056209734,0.7931054759911627,0.26815754026610644,0.4108206477434723,0.14266310747736588,0.27480502804156853,0.3895941848857534,0.11478915684418489,,,,,,,,,,,OBSERVATION_ONLY_FULL_FORWARD_REQUIRED
episode_000003_000019,episode_000003,19,descent_to_grasp,P5_brightness_match_sim_to_real,photometric,Shift Sim brightness mean toward Real mean.,0.21333666506284626,0.026526518496491732,15.763197457575869,0.5780956663070738,0.47624196188214885,0.47401965622531966,0.002222305656829182,0.18813580925738219,0.12638235245138874,0.06175345680599345,,,,,,,,,,,OBSERVATION_ONLY_FULL_FORWARD_REQUIRED
episode_000003_000019,episode_000003,19,descent_to_grasp,P6_contrast_match_sim_to_real,photometric,Scale Sim contrast toward Real luminance std.,0.48090233176982666,0.09126841943692414,10.396794704051677,0.5706142110746129,0.47624196188214885,0.72745828852805,0.2512163266459011,0.18813580925738219,0.1880634863384601,7.232291892209086e-05,,,,,,,,,,,OBSERVATION_ONLY_FULL_FORWARD_REQUIRED
episode_000003_000020,episode_000003,20,descent_to_grasp,P0_current_paired_image,preprocessing,Existing paired 1280x720 image.,0.4899699704726739,0.0944281873202258,10.248983471176025,0.5625683938863288,0.4768232506910404,0.7338036650054471,0.2569804143144067,0.18369304270662742,0.1892562657556644,0.005563223049036975,,,,,,,,,,,OBSERVATION_ONLY_FULL_FORWARD_REQUIRED
episode_000003_000020,episode_000003,20,descent_to_grasp,P1_resize_224_direct,preprocessing,Direct resize to 224x224.,0.4878334735711568,0.0933739876669622,10.297740936427877,0.5712114783771506,0.47681719453406357,0.7337984058623449,0.25698121132828133,0.18273640933888086,0.18756632816901445,0.004829918830133589,,,,,,,,,,,OBSERVATION_ONLY_FULL_FORWARD_REQUIRED
episode_000003_000020,episode_000003,20,descent_to_grasp,P2_center_crop_square_resize_224,preprocessing,Center square crop then resize to 224x224.,0.47724144192165197,0.09145141318373756,10.388095790540802,0.512060054496641,0.5138005944409013,0.7570548838910564,0.24325428945015504,0.18543862661971094,0.178426902648325,0.007011723971385941,,,,,,,,,,,OBSERVATION_ONLY_FULL_FORWARD_REQUIRED
episode_000003_000020,episode_000003,20,descent_to_grasp,P3_center_crop_0p875_resize_224,preprocessing,Center crop 87.5% of min side then resize to 224x224.,0.4807739204899439,0.09253029551281297,10.337160508296288,0.420727381457225,0.5251752016587885,0.7717720127269658,0.24659681106817732,0.17641448124607778,0.1494236790349117,0.026990802211166093,,,,,,,,,,,OBSERVATION_ONLY_FULL_FORWARD_REQUIRED
episode_000003_000020,episode_000003,20,descent_to_grasp,P4_letterbox_224,preprocessing,Aspect-preserving resize with black letterbox to 224x224.,0.27343843274395147,0.0521228715138016,12.829716664773645,0.7915734394307502,0.26849139271333533,0.4130695932591785,0.1445782005458432,0.27340762011645964,0.3901784536858867,0.11677083356942708,,,,,,,,,,,OBSERVATION_ONLY_FULL_FORWARD_REQUIRED
episode_000003_000020,episode_000003,20,descent_to_grasp,P5_brightness_match_sim_to_real,photometric,Shift Sim brightness mean toward Real mean.,0.2095961392848663,0.025734812609911433,15.89478989752173,0.5732114217270238,0.4768232506910404,0.47508174994383184,0.0017415007472085797,0.18369304270662742,0.12311483604626129,0.06057820666036613,,,,,,,,,,,OBSERVATION_ONLY_FULL_FORWARD_REQUIRED
episode_000003_000020,episode_000003,20,descent_to_grasp,P6_contrast_match_sim_to_real,photometric,Scale Sim contrast toward Real luminance std.,0.48446032383973736,0.09217471070933361,10.353882167545255,0.5637353931786075,0.4768232506910404,0.7314721585256669,0.2546489078346265,0.18369304270662742,0.18365424579487943,3.879691174799027e-05,,,,,,,,,,,OBSERVATION_ONLY_FULL_FORWARD_REQUIRED
episode_000003_000021,episode_000003,21,descent_to_grasp,P0_current_paired_image,preprocessing,Existing paired 1280x720 image.,0.4976645057351925,0.09645518058848455,10.156744415237783,0.5499200919084258,0.4771500931738494,0.7399034305130037,0.2627533373391543,0.17721107682109044,0.18082704767292743,0.003615970851836986,,,,,,,,,,,OBSERVATION_ONLY_FULL_FORWARD_REQUIRED
episode_000003_000021,episode_000003,21,descent_to_grasp,P1_resize_224_direct,preprocessing,Direct resize to 224x224.,0.49563980991417195,0.09546316065233283,10.201641908461232,0.5586197188801338,0.4771376031818977,0.739900426592512,0.2627628234106143,0.1763478749778818,0.1791358525943558,0.0027879776164740078,,,,,,,,,,,OBSERVATION_ONLY_FULL_FORWARD_REQUIRED
episode_000003_000021,episode_000003,21,descent_to_grasp,P2_center_crop_square_resize_224,preprocessing,Center square crop then resize to 224x224.,0.47656459325236333,0.08988944668962355,10.462912928440304,0.5362452609040462,0.5084909475352641,0.7541062569559074,0.24561530942064325,0.18098795350502617,0.1750194993611778,0.005968454143848362,,,,,,,,,,,OBSERVATION_ONLY_FULL_FORWARD_REQUIRED
episode_000003_000021,episode_000003,21,descent_to_grasp,P3_center_crop_0p875_resize_224,preprocessing,Center crop 87.5% of min side then resize to 224x224.,0.4769112089086108,0.08920966211239399,10.495881055471159,0.4598772971662637,0.5207671205669767,0.7667743911627152,0.24600727059573846,0.17069970643585422,0.14669824080696886,0.02400146562888536,,,,,,,,,,,OBSERVATION_ONLY_FULL_FORWARD_REQUIRED
episode_000003_000021,episode_000003,21,descent_to_grasp,P4_letterbox_224,preprocessing,Aspect-preserving resize with black letterbox to 224x224.,0.27837001833326613,0.05341592151566509,12.723292748856005,0.7881529391804145,0.26867543511154457,0.4164966653692727,0.14782123025772814,0.27119657329692126,0.390893007264758,0.11969643396783675,,,,,,,,,,,OBSERVATION_ONLY_FULL_FORWARD_REQUIRED
episode_000003_000021,episode_000003,21,descent_to_grasp,P5_brightness_match_sim_to_real,photometric,Shift Sim brightness mean toward Real mean.,0.20683370266227744,0.024715727368925047,16.07026603990898,0.5592522195169414,0.4771500931738494,0.4753357969243598,0.0018142962494895887,0.17721107682109044,0.11672887568848514,0.0604822011326053,,,,,,,,,,,OBSERVATION_ONLY_FULL_FORWARD_REQUIRED
episode_000003_000021,episode_000003,21,descent_to_grasp,P6_contrast_match_sim_to_real,photometric,Scale Sim contrast toward Real luminance std.,0.49385651498493777,0.09490967844120676,10.226894980122625,0.5494245857992879,0.4771500931738494,0.7380038922436684,0.260853799069819,0.17721107682109044,0.17710794349288483,0.00010313332820560683,,,,,,,,,,,OBSERVATION_ONLY_FULL_FORWARD_REQUIRED
episode_000003_000022,episode_000003,22,descent_to_grasp,P0_current_paired_image,preprocessing,Existing paired 1280x720 image.,0.5024817703801214,0.09745304526415227,10.11204585271313,0.5324605743423341,0.47559591082005725,0.7421882472605186,0.2665923364404613,0.16964235870921365,0.17454444477260014,0.0049020860633864904,,,,,,,,,,,OBSERVATION_ONLY_FULL_FORWARD_REQUIRED
episode_000003_000022,episode_000003,22,descent_to_grasp,P1_resize_224_direct,preprocessing,Direct resize to 224x224.,0.5013796531188617,0.09673282252034801,10.14426139972665,0.5388002638556706,0.4755906323935825,0.7421874399290966,0.2665968075355141,0.16875923945172255,0.1734342082499894,0.004674968798266843,,,,,,,,,,,OBSERVATION_ONLY_FULL_FORWARD_REQUIRED
episode_000003_000022,episode_000003,22,descent_to_grasp,P2_center_crop_square_resize_224,preprocessing,Center square crop then resize to 224x224.,0.4776412069455992,0.08932279478376319,10.490376969286576,0.5428891174306786,0.5001467284570078,0.7471881428196279,0.24704141436262006,0.1756452538955961,0.17635336447756447,0.0007081105819683742,,,,,,,,,,,OBSERVATION_ONLY_FULL_FORWARD_REQUIRED
episode_000003_000022,episode_000003,22,descent_to_grasp,P3_center_crop_0p875_resize_224,preprocessing,Center crop 87.5% of min side then resize to 224x224.,0.4803066262734353,0.08874168877109666,10.51872310834814,0.4592502077358261,0.5094427094118897,0.7565446688519158,0.2471019594400261,0.16221471538641954,0.14926294306872134,0.012951772317698201,,,,,,,,,,,OBSERVATION_ONLY_FULL_FORWARD_REQUIRED
episode_000003_000022,episode_000003,22,descent_to_grasp,P4_letterbox_224,preprocessing,Aspect-preserving resize with black letterbox to 224x224.,0.2817200076460638,0.054217223552002494,12.658627262781874,0.7839388526514586,0.26780689441401556,0.41779293700292613,0.14998604258891057,0.2677956892210931,0.3905978995984262,0.12280221037733313,,,,,,,,,,,OBSERVATION_ONLY_FULL_FORWARD_REQUIRED
episode_000003_000022,episode_000003,22,descent_to_grasp,P5_brightness_match_sim_to_real,photometric,Shift Sim brightness mean toward Real mean.,0.20232903504285416,0.023250291365411457,16.33571600296714,0.5441750811358589,0.47559591082005725,0.4738096640650528,0.0017862467550044392,0.16964235870921365,0.1120299113773745,0.05761244733183915,,,,,,,,,,,OBSERVATION_ONLY_FULL_FORWARD_REQUIRED
episode_000003_000022,episode_000003,22,descent_to_grasp,P6_contrast_match_sim_to_real,photometric,Scale Sim contrast toward Real luminance std.,0.4972467515978899,0.09528815720471653,10.209610718720747,0.5331169860986669,0.47559591082005725,0.7402748696733727,0.2646789588533155,0.16964235870921365,0.1695735100488673,6.88486603463434e-05,,,,,,,,,,,OBSERVATION_ONLY_FULL_FORWARD_REQUIRED
episode_000003_000023,episode_000003,23,descent_to_grasp,P0_current_paired_image,preprocessing,Existing paired 1280x720 image.,0.504031594058476,0.09678096432484123,10.142100548987026,0.5339048870928563,0.47142794488613143,0.7384495262901688,0.26702158140403737,0.16183263105136828,0.17145391733737705,0.009621286286008779,,,,,,,,,,,OBSERVATION_ONLY_FULL_FORWARD_REQUIRED
episode_000003_000023,episode_000003,23,descent_to_grasp,P1_resize_224_direct,preprocessing,Direct resize to 224x224.,0.5030492745864543,0.09609699190133571,10.172902067237299,0.5404147698032856,0.4714220228560174,0.7384448238357842,0.26702280097976683,0.1609554249937087,0.17041637871644694,0.009460953722738225,,,,,,,,,,,OBSERVATION_ONLY_FULL_FORWARD_REQUIRED
episode_000003_000023,episode_000003,23,descent_to_grasp,P2_center_crop_square_resize_224,preprocessing,Center square crop then resize to 224x224.,0.48159088391497534,0.09012265333012288,10.451660305559757,0.5461955504074989,0.48882016100190073,0.7380272764574579,0.24920711545555718,0.1690746200486914,0.17763604972927055,0.008561429680579158,,,,,,,,,,,OBSERVATION_ONLY_FULL_FORWARD_REQUIRED
episode_000003_000023,episode_000003,23,descent_to_grasp,P3_center_crop_0p875_resize_224,preprocessing,Center crop 87.5% of min side then resize to 224x224.,0.48325688172257175,0.0885715090774872,10.52705955768829,0.46783669632338754,0.49752019560949373,0.7450532577718586,0.24753306216236487,0.1541936933965819,0.15235897391457262,0.0018347194820092783,,,,,,,,,,,OBSERVATION_ONLY_FULL_FORWARD_REQUIRED
episode_000003_000023,episode_000003,23,descent_to_grasp,P4_letterbox_224,preprocessing,Aspect-preserving resize with black letterbox to 224x224.,0.2827382533221851,0.053874594159559246,12.686159883843967,0.7837248000715908,0.26545858060411665,0.4156828313981843,0.15022425079406765,0.26323827561368945,0.3881081991788608,0.12486992356517135,,,,,,,,,,,OBSERVATION_ONLY_FULL_FORWARD_REQUIRED
episode_000003_000023,episode_000003,23,descent_to_grasp,P5_brightness_match_sim_to_real,photometric,Shift Sim brightness mean toward Real mean.,0.2058208627702169,0.02202194684847886,16.571442898975576,0.5513366808390061,0.47142794488613143,0.4695729178198187,0.0018550270663127422,0.16183263105136828,0.10942383457841244,0.052408796472955835,,,,,,,,,,,OBSERVATION_ONLY_FULL_FORWARD_REQUIRED
episode_000003_000023,episode_000003,23,descent_to_grasp,P6_contrast_match_sim_to_real,photometric,Scale Sim contrast toward Real luminance std.,0.4973201011683025,0.093880088192798,10.274265110884906,0.5357699411016636,0.47142794488613143,0.7371911189814819,0.2657631740953505,0.16183263105136828,0.1620924736074507,0.00025984255608241247,,,,,,,,,,,OBSERVATION_ONLY_FULL_FORWARD_REQUIRED
episode_000003_000024,episode_000003,24,descent_to_grasp,P0_current_paired_image,preprocessing,Existing paired 1280x720 image.,0.5057655063617701,0.09679360766581058,10.141533229305814,0.5312146465367603,0.4677476944291257,0.7352983456486589,0.2675506512195332,0.15545567878542124,0.17074799483801828,0.015292316052597038,,,,,,,,,,,OBSERVATION_ONLY_FULL_FORWARD_REQUIRED
episode_000003_000024,episode_000003,24,descent_to_grasp,P1_resize_224_direct,preprocessing,Direct resize to 224x224.,0.5046880106461362,0.09613673155128065,10.171106470645846,0.5375817158195468,0.467742309455032,0.7352952749693628,0.2675529655143308,0.15463900544216805,0.16965401651731254,0.015015011075144497,,,,,,,,,,,OBSERVATION_ONLY_FULL_FORWARD_REQUIRED
episode_000003_000024,episode_000003,24,descent_to_grasp,P2_center_crop_square_resize_224,preprocessing,Center square crop then resize to 224x224.,0.4849258562224246,0.09103926476636405,10.407712582996231,0.5504954784540742,0.4800930462341186,0.7319739242259403,0.25188087799182174,0.16344654722257063,0.17971232934595502,0.016265782123384392,,,,,,,,,,,OBSERVATION_ONLY_FULL_FORWARD_REQUIRED
episode_000003_000024,episode_000003,24,descent_to_grasp,P3_center_crop_0p875_resize_224,preprocessing,Center crop 87.5% of min side then resize to 224x224.,0.48665119598713363,0.08928560752323804,10.492185419736604,0.4745812945408753,0.4878504901022909,0.7373624420393157,0.24951195193702475,0.14760933048965003,0.1565156166706144,0.008906286180964368,,,,,,,,,,,OBSERVATION_ONLY_FULL_FORWARD_REQUIRED
episode_000003_000024,episode_000003,24,descent_to_grasp,P4_letterbox_224,preprocessing,Aspect-preserving resize with black letterbox to 224x224.,0.28361651671460847,0.05390158340705563,12.683984768383747,0.7822511335122334,0.26339156421943777,0.41392620862407464,0.15053464440463687,0.2594802399609455,0.386459084274317,0.12697884431337153,,,,,,,,,,,OBSERVATION_ONLY_FULL_FORWARD_REQUIRED
episode_000003_000024,episode_000003,24,descent_to_grasp,P5_brightness_match_sim_to_real,photometric,Shift Sim brightness mean toward Real mean.,0.20711393531463237,0.021214381905063227,16.733696171677312,0.5566751608017579,0.4677476944291257,0.46568359476017834,0.0020640996689473834,0.15545567878542124,0.10852927011312645,0.04692640867229479,,,,,,,,,,,OBSERVATION_ONLY_FULL_FORWARD_REQUIRED
episode_000003_000024,episode_000003,24,descent_to_grasp,P6_contrast_match_sim_to_real,photometric,Scale Sim contrast toward Real luminance std.,0.495112534035524,0.09228688556951922,10.348600100190858,0.5346834119580747,0.4677476944291257,0.7338285915322034,0.26608089710307764,0.15545567878542124,0.15545857656284764,2.8977774264027367e-06,,,,,,,,,,,OBSERVATION_ONLY_FULL_FORWARD_REQUIRED
episode_000003_000025,episode_000003,25,descent_to_grasp,P0_current_paired_image,preprocessing,Existing paired 1280x720 image.,0.5060548320635325,0.09676415491793579,10.142854919100827,0.5294052489502633,0.4669380520603555,0.7346591304866213,0.26772107842626586,0.15388362316322657,0.17033450130894323,0.016450878145716663,,,,,,,,,,,OBSERVATION_ONLY_FULL_FORWARD_REQUIRED
episode_000003_000025,episode_000003,25,descent_to_grasp,P1_resize_224_direct,preprocessing,Direct resize to 224x224.,0.5049908224509266,0.09611567094157925,10.172057980899744,0.5358366030116501,0.4669242001331782,0.7346543733430873,0.26773017320990905,0.15306994294474519,0.169252383474898,0.016182440530152803,,,,,,,,,,,OBSERVATION_ONLY_FULL_FORWARD_REQUIRED
episode_000003_000025,episode_000003,25,descent_to_grasp,P2_center_crop_square_resize_224,preprocessing,Center square crop then resize to 224x224.,0.4854761952098936,0.09108302440665808,10.40562557093837,0.5520104519250105,0.47821285214085635,0.7306048788421619,0.2523920267013055,0.1619657446533316,0.18001435595619478,0.01804861130286317,,,,,,,,,,,OBSERVATION_ONLY_FULL_FORWARD_REQUIRED
episode_000003_000025,episode_000003,25,descent_to_grasp,P3_center_crop_0p875_resize_224,preprocessing,Center crop 87.5% of min side then resize to 224x224.,0.48715103763457346,0.0893414131379676,10.489471824533027,0.47639789528102944,0.4856990552002052,0.7355505969575329,0.2498515417573277,0.14592795104291215,0.15751749218884675,0.011589541145934606,,,,,,,,,,,OBSERVATION_ONLY_FULL_FORWARD_REQUIRED
episode_000003_000025,episode_000003,25,descent_to_grasp,P4_letterbox_224,preprocessing,Aspect-preserving resize with black letterbox to 224x224.,0.2837480186035764,0.053881168378299024,12.685629954519015,0.7818229585602271,0.2629355082814376,0.413565790660014,0.1506302823785764,0.2585865193602934,0.38605731169201024,0.12747079233171682,,,,,,,,,,,OBSERVATION_ONLY_FULL_FORWARD_REQUIRED
episode_000003_000025,episode_000003,25,descent_to_grasp,P5_brightness_match_sim_to_real,photometric,Shift Sim brightness mean toward Real mean.,0.20657898687315346,0.02095185881587565,16.78777441066822,0.5570585355880242,0.4669380520603555,0.46496447595315893,0.001973576107196562,0.15388362316322657,0.10818397140513664,0.04569965175808993,,,,,,,,,,,OBSERVATION_ONLY_FULL_FORWARD_REQUIRED
episode_000003_000025,episode_000003,25,descent_to_grasp,P6_contrast_match_sim_to_real,photometric,Scale Sim contrast toward Real luminance std.,0.4950954645099315,0.09211981584606879,10.356469388918716,0.5326623602963602,0.4669380520603555,0.7332528677874797,0.2663148157271242,0.15388362316322657,0.15370714043288977,0.00017648273033679662,,,,,,,,,,,OBSERVATION_ONLY_FULL_FORWARD_REQUIRED
episode_000003_000026,episode_000003,26,grasp_close,P0_current_paired_image,preprocessing,Existing paired 1280x720 image.,0.5147359655477461,0.10005754407359341,9.997501611405578,0.4765989538579281,0.4674243577954794,0.7329768511565566,0.2655524933610772,0.15395418302865646,0.17163490446711308,0.017680721438456615,,,,,,,,,,,OBSERVATION_ONLY_FULL_FORWARD_REQUIRED
episode_000003_000026,episode_000003,26,grasp_close,P1_resize_224_direct,preprocessing,Direct resize to 224x224.,0.5138554271870458,0.09947851648829466,10.022706999376009,0.48170098761853475,0.46741275641506597,0.7329691584289966,0.2655564020139306,0.1531366391474372,0.17076294993140054,0.017626310783963345,,,,,,,,,,,OBSERVATION_ONLY_FULL_FORWARD_REQUIRED
episode_000003_000026,episode_000003,26,grasp_close,P2_center_crop_square_resize_224,preprocessing,Center square crop then resize to 224x224.,0.49147529311821625,0.09306756546572875,10.312016465537667,0.5550374388864793,0.4787928962991446,0.7370775029855693,0.25828460668642467,0.16198620010927658,0.17535101609506928,0.0133648159857927,,,,,,,,,,,OBSERVATION_ONLY_FULL_FORWARD_REQUIRED
episode_000003_000026,episode_000003,26,grasp_close,P3_center_crop_0p875_resize_224,preprocessing,Center crop 87.5% of min side then resize to 224x224.,0.49446204905913216,0.09219919840893871,10.35272854739082,0.4729842618399822,0.48633336181347536,0.7441936493972591,0.2578602875837837,0.145996675780913,0.15014616187350516,0.004149486092592164,,,,,,,,,,,OBSERVATION_ONLY_FULL_FORWARD_REQUIRED
episode_000003_000026,episode_000003,26,grasp_close,P4_letterbox_224,preprocessing,Aspect-preserving resize with black letterbox to 224x224.,0.2888310659708183,0.055816559977749265,12.532369329623625,0.7757257630955494,0.2632076528736494,0.41262895625437673,0.14942130338072734,0.2588272208847536,0.38569232429686146,0.12686510341210788,,,,,,,,,,,OBSERVATION_ONLY_FULL_FORWARD_REQUIRED
episode_000003_000026,episode_000003,26,grasp_close,P5_brightness_match_sim_to_real,photometric,Shift Sim brightness mean toward Real mean.,0.21321472462728763,0.02393966784165101,16.208818796413386,0.5046347765456493,0.4674243577954794,0.46544929384616696,0.001975063949312461,0.15395418302865646,0.10950473272305407,0.04444945030560239,,,,,,,,,,,OBSERVATION_ONLY_FULL_FORWARD_REQUIRED
episode_000003_000026,episode_000003,26,grasp_close,P6_contrast_match_sim_to_real,photometric,Scale Sim contrast toward Real luminance std.,0.5026624960832288,0.09475865530818814,10.233811108489913,0.48026293027246564,0.4674243577954794,0.73159870018893,0.2641743423934506,0.15395418302865646,0.153932495757665,2.168727099147172e-05,,,,,,,,,,,OBSERVATION_ONLY_FULL_FORWARD_REQUIRED
episode_000003_000027,episode_000003,27,grasp_close,P0_current_paired_image,preprocessing,Existing paired 1280x720 image.,0.5150342884627664,0.10010116593444296,9.995608640197233,0.4747629722592461,0.46785537983302694,0.7333741910360498,0.2655188112030229,0.15348533046537835,0.1713771059315912,0.017891775466212845,,,,,,,,,,,OBSERVATION_ONLY_FULL_FORWARD_REQUIRED
episode_000003_000027,episode_000003,27,grasp_close,P1_resize_224_direct,preprocessing,Direct resize to 224x224.,0.5142120429088618,0.09952110797341811,10.020847976043916,0.4798526980398595,0.4678518703731493,0.7333870733293318,0.26553520295618255,0.15264542662279487,0.1704944611025159,0.017849034479721027,,,,,,,,,,,OBSERVATION_ONLY_FULL_FORWARD_REQUIRED
episode_000003_000027,episode_000003,27,grasp_close,P2_center_crop_square_resize_224,preprocessing,Center square crop then resize to 224x224.,0.4910225665607812,0.09272635289818541,10.327968214997007,0.5628467672755074,0.4785812581751451,0.7375556351290516,0.25897437695390657,0.1608111938378497,0.17506174072379266,0.01425054688594296,,,,,,,,,,,OBSERVATION_ONLY_FULL_FORWARD_REQUIRED
episode_000003_000027,episode_000003,27,grasp_close,P3_center_crop_0p875_resize_224,preprocessing,Center crop 87.5% of min side then resize to 224x224.,0.49379522988676244,0.09168926097808403,10.376815277004905,0.4852248726894512,0.486032733140131,0.7446740267513254,0.2586412936111944,0.1438919735812449,0.1498553266182408,0.005963353036995911,,,,,,,,,,,OBSERVATION_ONLY_FULL_FORWARD_REQUIRED
episode_000003_000027,episode_000003,27,grasp_close,P4_letterbox_224,preprocessing,Aspect-preserving resize with black letterbox to 224x224.,0.2890409139818507,0.055841774618344074,12.530407885455707,0.7759242887770227,0.2634493581495098,0.4128602999168417,0.14941094176733188,0.25885426715161297,0.38582159047108094,0.12696732331946797,,,,,,,,,,,OBSERVATION_ONLY_FULL_FORWARD_REQUIRED
episode_000003_000027,episode_000003,27,grasp_close,P5_brightness_match_sim_to_real,photometric,Shift Sim brightness mean toward Real mean.,0.21283983488511463,0.023990408436658985,16.199623581064824,0.5029995053640527,0.46785537983302694,0.4658190813759531,0.002036298457073815,0.15348533046537835,0.1093583172452682,0.044127013220110145,,,,,,,,,,,OBSERVATION_ONLY_FULL_FORWARD_REQUIRED
episode_000003_000027,episode_000003,27,grasp_close,P6_contrast_match_sim_to_real,photometric,Scale Sim contrast toward Real luminance std.,0.5023578092284967,0.09457430710744272,10.242268318540553,0.47883427574411835,0.46785537983302694,0.7318558800525945,0.26400050021956756,0.15348533046537835,0.15352036801421987,3.503754884151555e-05,,,,,,,,,,,OBSERVATION_ONLY_FULL_FORWARD_REQUIRED
episode_000003_000028,episode_000003,28,grasp_close,P0_current_paired_image,preprocessing,Existing paired 1280x720 image.,0.5140897123451491,0.09968934029891452,10.013512779658065,0.4807581375404204,0.4678810116268382,0.7335672266288807,0.26568621500204254,0.15267007878585495,0.17127074130861744,0.01860066252276249,,,,,,,,,,,OBSERVATION_ONLY_FULL_FORWARD_REQUIRED
episode_000003_000028,episode_000003,28,grasp_close,P1_resize_224_direct,preprocessing,Direct resize to 224x224.,0.5132606232272671,0.09909887974797761,10.03931254919584,0.48615430313818786,0.4678689452812374,0.7335767386016906,0.2657077933204532,0.15182653559796316,0.17037739054011306,0.01855085494214989,,,,,,,,,,,OBSERVATION_ONLY_FULL_FORWARD_REQUIRED
episode_000003_000028,episode_000003,28,grasp_close,P2_center_crop_square_resize_224,preprocessing,Center square crop then resize to 224x224.,0.4897224615157032,0.09213121676366624,10.355931931349291,0.5735811288950632,0.4782781833358344,0.7378099783819778,0.25953179504614343,0.15935541073593523,0.1748948726398619,0.01553946190392666,,,,,,,,,,,OBSERVATION_ONLY_FULL_FORWARD_REQUIRED
episode_000003_000028,episode_000003,28,grasp_close,P3_center_crop_0p875_resize_224,preprocessing,Center crop 87.5% of min side then resize to 224x224.,0.4918836764445165,0.09078837519484917,10.419697562359008,0.5032411332526388,0.48571771829044125,0.7448869729923219,0.2591692547018806,0.14142957893227484,0.14975516919358287,0.008325590261308025,,,,,,,,,,,OBSERVATION_ONLY_FULL_FORWARD_REQUIRED
episode_000003_000028,episode_000003,28,grasp_close,P4_letterbox_224,preprocessing,Aspect-preserving resize with black letterbox to 224x224.,0.28850047328467754,0.05560493182158484,12.548866874123298,0.7768794461789208,0.26345994379001597,0.41295472596851235,0.14949478217849638,0.25860184349226134,0.3858711050122651,0.12726926152000378,,,,,,,,,,,OBSERVATION_ONLY_FULL_FORWARD_REQUIRED
episode_000003_000028,episode_000003,28,grasp_close,P5_brightness_match_sim_to_real,photometric,Shift Sim brightness mean toward Real mean.,0.21082064271952947,0.02357510017737124,16.275464531447334,0.5103916093322873,0.4678810116268382,0.4658598872821353,0.002021124344702918,0.15267007878585495,0.10928668386547831,0.04338339492037664,,,,,,,,,,,OBSERVATION_ONLY_FULL_FORWARD_REQUIRED
episode_000003_000028,episode_000003,28,grasp_close,P6_contrast_match_sim_to_real,photometric,Scale Sim contrast toward Real luminance std.,0.5020497575982718,0.09434246409189126,10.2529278478381,0.4848945746999093,0.4678810116268382,0.7326918729821966,0.2648108613553584,0.15267007878585495,0.15273948344440455,6.940465854959887e-05,,,,,,,,,,,OBSERVATION_ONLY_FULL_FORWARD_REQUIRED
episode_000003_000029,episode_000003,29,grasp_close,P0_current_paired_image,preprocessing,Existing paired 1280x720 image.,0.5133312217783462,0.09929403935741422,10.030768215134946,0.4866247431281282,0.46791427261029434,0.7336838312210646,0.2657695586107703,0.15247587487917844,0.17126224262572454,0.0187863677465461,,,,,,,,,,,OBSERVATION_ONLY_FULL_FORWARD_REQUIRED
episode_000003_000029,episode_000003,29,grasp_close,P1_resize_224_direct,preprocessing,Direct resize to 224x224.,0.5124988233865675,0.09871763860773067,10.056052418025057,0.49177486132113774,0.4679050464404511,0.733676352759854,0.2657713063194029,0.15165515056116946,0.17037354271667066,0.018718392155501196,,,,,,,,,,,OBSERVATION_ONLY_FULL_FORWARD_REQUIRED
episode_000003_000029,episode_000003,29,grasp_close,P2_center_crop_square_resize_224,preprocessing,Center square crop then resize to 224x224.,0.4886219274073586,0.09156217051771688,10.38283920751816,0.5820347051111886,0.47826232677445973,0.7379473575992898,0.25968503082483,0.15882776012807187,0.1748956829156959,0.016067922787624034,,,,,,,,,,,OBSERVATION_ONLY_FULL_FORWARD_REQUIRED
episode_000003_000029,episode_000003,29,grasp_close,P3_center_crop_0p875_resize_224,preprocessing,Center crop 87.5% of min side then resize to 224x224.,0.4904093782416869,0.09000053718382778,10.457548983909426,0.5177303872655302,0.48576819934223686,0.7450264570359394,0.25925825769370253,0.1404948624653209,0.14979904694848944,0.009304184483168554,,,,,,,,,,,OBSERVATION_ONLY_FULL_FORWARD_REQUIRED
episode_000003_000029,episode_000003,29,grasp_close,P4_letterbox_224,preprocessing,Aspect-preserving resize with black letterbox to 224x224.,0.2880673295271155,0.055389501082295664,12.565725467179448,0.7776794297523858,0.26348686179159164,0.41302386832858146,0.1495370065369898,0.2585710200944351,0.38592700416229564,0.12735598406786053,,,,,,,,,,,OBSERVATION_ONLY_FULL_FORWARD_REQUIRED
episode_000003_000029,episode_000003,29,grasp_close,P5_brightness_match_sim_to_real,photometric,Shift Sim brightness mean toward Real mean.,0.210773889613327,0.023444971663320376,16.299502878332586,0.5168308352495573,0.46791427261029434,0.46593085213184204,0.0019834204784522913,0.15247587487917844,0.10928502767415006,0.043190847205028374,,,,,,,,,,,OBSERVATION_ONLY_FULL_FORWARD_REQUIRED
episode_000003_000029,episode_000003,29,grasp_close,P6_contrast_match_sim_to_real,photometric,Scale Sim contrast toward Real luminance std.,0.500610298069103,0.09372523996958079,10.281434389583579,0.49097115260797336,0.46791427261029434,0.7326569116081152,0.26474263899782086,0.15247587487917844,0.1525846359970351,0.00010876111785665388,,,,,,,,,,,OBSERVATION_ONLY_FULL_FORWARD_REQUIRED
episode_000003_000030,episode_000003,30,grasp_close,P0_current_paired_image,preprocessing,Existing paired 1280x720 image.,0.5135839261455488,0.09939629418817722,10.02629807188474,0.4871775644849161,0.4678903711652369,0.7339410482621868,0.26605067709694985,0.15250969874088,0.1713164730837173,0.018806774342837312,,,,,,,,,,,OBSERVATION_ONLY_FULL_FORWARD_REQUIRED
episode_000003_000030,episode_000003,30,grasp_close,P1_resize_224_direct,preprocessing,Direct resize to 224x224.,0.5127698839906321,0.09882509447815073,10.051327617932902,0.492256736664393,0.46787435691464085,0.7339350812043568,0.26606072428971594,0.15169259831113288,0.17044985279211977,0.01875725448098689,,,,,,,,,,,OBSERVATION_ONLY_FULL_FORWARD_REQUIRED
episode_000003_000030,episode_000003,30,grasp_close,P2_center_crop_square_resize_224,preprocessing,Center square crop then resize to 224x224.,0.4890273889204487,0.09172154789203263,10.375286247304116,0.5824718678277674,0.47820706828043713,0.7382125411883502,0.2600054729079131,0.15888088454874177,0.1749549620119741,0.016074077463232334,,,,,,,,,,,OBSERVATION_ONLY_FULL_FORWARD_REQUIRED
episode_000003_000030,episode_000003,30,grasp_close,P3_center_crop_0p875_resize_224,preprocessing,Center crop 87.5% of min side then resize to 224x224.,0.4908286831993805,0.09015766968552127,10.449973220706266,0.5188208075777249,0.4857246041072678,0.7453164653517657,0.25959186124449785,0.140527199980067,0.149941527088119,0.009414327108052012,,,,,,,,,,,OBSERVATION_ONLY_FULL_FORWARD_REQUIRED
episode_000003_000030,episode_000003,30,grasp_close,P4_letterbox_224,preprocessing,Aspect-preserving resize with black letterbox to 224x224.,0.28822388512490016,0.055457975980424845,12.56035984678336,0.777464373110891,0.26346932279161667,0.4131680551908263,0.1496987323992096,0.25856728935655066,0.3860640810182174,0.12749679166166672,,,,,,,,,,,OBSERVATION_ONLY_FULL_FORWARD_REQUIRED
episode_000003_000030,episode_000003,30,grasp_close,P5_brightness_match_sim_to_real,photometric,Shift Sim brightness mean toward Real mean.,0.2107830126176534,0.023421040023557535,16.303938237613725,0.5176364767240917,0.4678903711652369,0.4660323382727397,0.0018580328924971967,0.15250969874088,0.10929875947244809,0.043210939268431905,,,,,,,,,,,OBSERVATION_ONLY_FULL_FORWARD_REQUIRED
episode_000003_000030,episode_000003,30,grasp_close,P6_contrast_match_sim_to_real,photometric,Scale Sim contrast toward Real luminance std.,0.5008515055960419,0.09381108529082474,10.277458397000201,0.49160299972191057,0.4678903711652369,0.7329012290066723,0.2650108578414354,0.15250969874088,0.15256038016611417,5.068142523417807e-05,,,,,,,,,,,OBSERVATION_ONLY_FULL_FORWARD_REQUIRED
episode_000003_000031,episode_000003,31,grasp_close,P0_current_paired_image,preprocessing,Existing paired 1280x720 image.,0.513767174817066,0.09945199140488169,10.023865162349459,0.48771694123094717,0.46815618853996466,0.7339964919866557,0.2658403034466911,0.1524696724722556,0.17139034664212868,0.018920674169873086,,,,,,,,,,,OBSERVATION_ONLY_FULL_FORWARD_REQUIRED
episode_000003_000031,episode_000003,31,grasp_close,P1_resize_224_direct,preprocessing,Direct resize to 224x224.,0.5129667314938309,0.09888602591772003,10.048650764070139,0.4927696447906752,0.4681431929177921,0.7340005505639755,0.2658573576461834,0.15163926258868846,0.17049784886794966,0.018858586279261208,,,,,,,,,,,OBSERVATION_ONLY_FULL_FORWARD_REQUIRED
episode_000003_000031,episode_000003,31,grasp_close,P2_center_crop_square_resize_224,preprocessing,Center square crop then resize to 224x224.,0.4891045042267815,0.09172154962883847,10.375286165067694,0.5830159989477353,0.4785819659269958,0.7382867151235493,0.25970474919655345,0.15885705914720658,0.17501984953941965,0.016162790392213078,,,,,,,,,,,OBSERVATION_ONLY_FULL_FORWARD_REQUIRED
episode_000003_000031,episode_000003,31,grasp_close,P3_center_crop_0p875_resize_224,preprocessing,Center crop 87.5% of min side then resize to 224x224.,0.49071155156029833,0.09009714762130341,10.452889580990403,0.5197777548911248,0.48620462503751505,0.7453554232943177,0.25915079825680265,0.14049492771894392,0.15004418538331118,0.009549257664367261,,,,,,,,,,,OBSERVATION_ONLY_FULL_FORWARD_REQUIRED
episode_000003_000031,episode_000003,31,grasp_close,P4_letterbox_224,preprocessing,Aspect-preserving resize with black letterbox to 224x224.,0.28830797848786255,0.05548628193107308,12.558143757610347,0.7778481856490593,0.2636220339542067,0.4132016427039565,0.1495796087497498,0.2586725964457178,0.38610506475548073,0.12743246830976296,,,,,,,,,,,OBSERVATION_ONLY_FULL_FORWARD_REQUIRED
episode_000003_000031,episode_000003,31,grasp_close,P5_brightness_match_sim_to_real,photometric,Shift Sim brightness mean toward Real mean.,0.20987166241928426,0.02330445596845765,16.325610310130777,0.5181592781847267,0.46815618853996466,0.46614165722273293,0.002014531317231727,0.1524696724722556,0.109364337180652,0.0431053352916036,,,,,,,,,,,OBSERVATION_ONLY_FULL_FORWARD_REQUIRED
episode_000003_000031,episode_000003,31,grasp_close,P6_contrast_match_sim_to_real,photometric,Scale Sim contrast toward Real luminance std.,0.5010531142004958,0.09387036119810585,10.274715110353645,0.4922016817323973,0.46815618853996466,0.7329658874183004,0.2648096988783357,0.1524696724722556,0.15258595117551108,0.00011627870325547907,,,,,,,,,,,OBSERVATION_ONLY_FULL_FORWARD_REQUIRED
episode_000003_000032,episode_000003,32,grasp_close,P0_current_paired_image,preprocessing,Existing paired 1280x720 image.,0.5139380171357139,0.09950413852689319,10.021588559174365,0.48721930188819074,0.46817855375816997,0.7340607756527437,0.2658822218945738,0.1525175580969149,0.17139758951326894,0.018880031416354054,,,,,,,,,,,OBSERVATION_ONLY_FULL_FORWARD_REQUIRED
episode_000003_000032,episode_000003,32,grasp_close,P1_resize_224_direct,preprocessing,Direct resize to 224x224.,0.5131139544568032,0.09892638938745434,10.046878415009813,0.4923399904261054,0.4681748028586434,0.7340644094043868,0.2658896065457434,0.1516934439401746,0.17050054263890033,0.018807098698725738,,,,,,,,,,,OBSERVATION_ONLY_FULL_FORWARD_REQUIRED
episode_000003_000032,episode_000003,32,grasp_close,P2_center_crop_square_resize_224,preprocessing,Center square crop then resize to 224x224.,0.4891752815467851,0.09172012064629774,10.375353826818838,0.5828173752917751,0.4786109787508754,0.7382947812562524,0.259683802505377,0.15888821150298013,0.17503862010348967,0.016150408600509536,,,,,,,,,,,OBSERVATION_ONLY_FULL_FORWARD_REQUIRED
episode_000003_000032,episode_000003,32,grasp_close,P3_center_crop_0p875_resize_224,preprocessing,Center crop 87.5% of min side then resize to 224x224.,0.4907946526284598,0.09009874323503912,10.45281266844402,0.5194707615198745,0.4862386805659764,0.7453523901904513,0.2591137096244749,0.14051081700018717,0.15013174059938866,0.009620923599201497,,,,,,,,,,,OBSERVATION_ONLY_FULL_FORWARD_REQUIRED
episode_000003_000032,episode_000003,32,grasp_close,P4_letterbox_224,preprocessing,Aspect-preserving resize with black letterbox to 224x224.,0.28840153943831914,0.05551109179374364,12.556202308678275,0.7777577982150627,0.2636307411089436,0.4132328223007953,0.1496020811918517,0.25869706083930166,0.38613395058645167,0.12743688974715,,,,,,,,,,,OBSERVATION_ONLY_FULL_FORWARD_REQUIRED
episode_000003_000032,episode_000003,32,grasp_close,P5_brightness_match_sim_to_real,photometric,Shift Sim brightness mean toward Real mean.,0.2100405324176033,0.023349791780137977,16.3171698786619,0.5175771834875368,0.46817855375816997,0.46618044828261157,0.0019981054755583982,0.1525175580969149,0.1093777223678676,0.043139835729047296,,,,,,,,,,,OBSERVATION_ONLY_FULL_FORWARD_REQUIRED
episode_000003_000032,episode_000003,32,grasp_close,P6_contrast_match_sim_to_real,photometric,Scale Sim contrast toward Real luminance std.,0.5012058719172129,0.09391757126109795,10.272531469476277,0.4917144754752376,0.46817855375816997,0.7330166631195532,0.2648381093613832,0.1525175580969149,0.15261782763672066,0.00010026953980576958,,,,,,,,,,,OBSERVATION_ONLY_FULL_FORWARD_REQUIRED
episode_000003_000033,episode_000003,33,grasp_close,P0_current_paired_image,preprocessing,Existing paired 1280x720 image.,0.5139485667533191,0.09955096901165146,10.019545082697716,0.48623391536807287,0.4679502933534175,0.7339676309172455,0.266017337563828,0.1524888356342146,0.1713551602943338,0.018866324660119227,,,,,,,,,,,OBSERVATION_ONLY_FULL_FORWARD_REQUIRED
episode_000003_000033,episode_000003,33,grasp_close,P1_resize_224_direct,preprocessing,Direct resize to 224x224.,0.5131460690086543,0.09898696243203163,10.044220025407336,0.49127328044331997,0.4679425831738946,0.7339851552495997,0.26604257207570514,0.1516569457447812,0.1704693886958725,0.0188124429510913,,,,,,,,,,,OBSERVATION_ONLY_FULL_FORWARD_REQUIRED
episode_000003_000033,episode_000003,33,grasp_close,P2_center_crop_square_resize_224,preprocessing,Center square crop then resize to 224x224.,0.4893622393134838,0.09186811101074416,10.368352134826392,0.5810819372885404,0.47830874717074323,0.7382355882509253,0.25992684108018205,0.1588562775572724,0.1749474732437568,0.0160911956864844,,,,,,,,,,,OBSERVATION_ONLY_FULL_FORWARD_REQUIRED
episode_000003_000033,episode_000003,33,grasp_close,P3_center_crop_0p875_resize_224,preprocessing,Center crop 87.5% of min side then resize to 224x224.,0.49107976091810224,0.09028303897130745,10.443938307832816,0.5171999588337386,0.48587545399409754,0.7453889588647958,0.2595135048706983,0.1405095853866625,0.14996436170600658,0.009454776319344077,,,,,,,,,,,OBSERVATION_ONLY_FULL_FORWARD_REQUIRED
episode_000003_000033,episode_000003,33,grasp_close,P4_letterbox_224,preprocessing,Aspect-preserving resize with black letterbox to 224x224.,0.28842978582540624,0.05554501855889414,12.553548837868743,0.7774000888742881,0.2635059561168217,0.4131911383459634,0.14968518222914168,0.2585855430576934,0.38608938495434925,0.12750384189665587,,,,,,,,,,,OBSERVATION_ONLY_FULL_FORWARD_REQUIRED
episode_000003_000033,episode_000003,33,grasp_close,P5_brightness_match_sim_to_real,photometric,Shift Sim brightness mean toward Real mean.,0.20994857583071944,0.023344546668749203,16.318145552809288,0.5166169280488349,0.4679502933534175,0.4660559250851035,0.0018943682683139618,0.1524888356342146,0.10933515316638741,0.04315368246782718,,,,,,,,,,,OBSERVATION_ONLY_FULL_FORWARD_REQUIRED
episode_000003_000033,episode_000003,33,grasp_close,P6_contrast_match_sim_to_real,photometric,Scale Sim contrast toward Real luminance std.,0.501244178794845,0.09397163866817608,10.270031998942358,0.49068568280827296,0.4679502933534175,0.7329270793385759,0.26497678598515845,0.1524888356342146,0.1525848055291526,9.596989493801389e-05,,,,,,,,,,,OBSERVATION_ONLY_FULL_FORWARD_REQUIRED
episode_000003_000034,episode_000003,34,grasp_close,P0_current_paired_image,preprocessing,Existing paired 1280x720 image.,0.5139256358850078,0.09951815210073225,10.020976967600285,0.48597341892454265,0.46784617055249206,0.7340206877825436,0.26617451723005153,0.1524907462857476,0.17129419153008976,0.01880344524434216,,,,,,,,,,,OBSERVATION_ONLY_FULL_FORWARD_REQUIRED
episode_000003_000034,episode_000003,34,grasp_close,P1_resize_224_direct,preprocessing,Direct resize to 224x224.,0.5131087076885287,0.09894713134436782,10.045967922546637,0.491022124889816,0.4678359939444527,0.7340187757603039,0.26618278181585125,0.15166291695153739,0.1704225533859813,0.01875963643444392,,,,,,,,,,,OBSERVATION_ONLY_FULL_FORWARD_REQUIRED
episode_000003_000034,episode_000003,34,grasp_close,P2_center_crop_square_resize_224,preprocessing,Center square crop then resize to 224x224.,0.48921869599886864,0.09178361121818007,10.372348590266808,0.5817811296086746,0.4781699076192977,0.7382555401222989,0.2600856325030012,0.1588559430458763,0.1749562595724625,0.016100316526586195,,,,,,,,,,,OBSERVATION_ONLY_FULL_FORWARD_REQUIRED
episode_000003_000034,episode_000003,34,grasp_close,P3_center_crop_0p875_resize_224,preprocessing,Center crop 87.5% of min side then resize to 224x224.,0.49090386399002806,0.09018578070525594,10.44861930839907,0.5181205279312223,0.4856921872498999,0.7453625354516806,0.25967034820178075,0.1405120710771206,0.14995588877851168,0.009443817701391077,,,,,,,,,,,OBSERVATION_ONLY_FULL_FORWARD_REQUIRED
episode_000003_000034,episode_000003,34,grasp_close,P4_letterbox_224,preprocessing,Aspect-preserving resize with black letterbox to 224x224.,0.28843931786292015,0.0555326426935153,12.554516587820343,0.7771690036263227,0.26343817078393855,0.4132210530305872,0.14978288224664865,0.2585399218833446,0.38610601123029253,0.1275660893469479,,,,,,,,,,,OBSERVATION_ONLY_FULL_FORWARD_REQUIRED
episode_000003_000034,episode_000003,34,grasp_close,P5_brightness_match_sim_to_real,photometric,Shift Sim brightness mean toward Real mean.,0.21092081701545587,0.02348983601837612,16.291200150045555,0.5163218444575086,0.46784617055249206,0.46604726605392127,0.0017989044985707858,0.1524907462857476,0.10926586758691917,0.043224878698828434,,,,,,,,,,,OBSERVATION_ONLY_FULL_FORWARD_REQUIRED
episode_000003_000034,episode_000003,34,grasp_close,P6_contrast_match_sim_to_real,photometric,Scale Sim contrast toward Real luminance std.,0.5011632382527746,0.09392101479843935,10.272372236030463,0.49038432959835215,0.46784617055249206,0.7329707568235974,0.2651245862711053,0.1524907462857476,0.15253852665137108,4.778036562347321e-05,,,,,,,,,,,OBSERVATION_ONLY_FULL_FORWARD_REQUIRED
episode_000003_000035,episode_000003,35,grasp_close,P0_current_paired_image,preprocessing,Existing paired 1280x720 image.,0.5139786499944331,0.09954208946968401,10.01993247300758,0.48598780370599826,0.4678165545002723,0.7340178813572298,0.26620132685695747,0.1524783806029579,0.17145097444406127,0.018972593841103363,,,,,,,,,,,OBSERVATION_ONLY_FULL_FORWARD_REQUIRED
episode_000003_000035,episode_000003,35,grasp_close,P1_resize_224_direct,preprocessing,Direct resize to 224x224.,0.5131434500992359,0.0989632873165606,10.045258869467355,0.49109441139663895,0.46781267960309114,0.7340205494697879,0.26620786986669676,0.15165532497819206,0.17055771744859186,0.018902392470399793,,,,,,,,,,,OBSERVATION_ONLY_FULL_FORWARD_REQUIRED
episode_000003_000035,episode_000003,35,grasp_close,P2_center_crop_square_resize_224,preprocessing,Center square crop then resize to 224x224.,0.48934590493357055,0.09182705527063767,10.370293425066796,0.5815556907617343,0.4781292446040917,0.7382405502357192,0.26011130563162754,0.15884674247514682,0.17510336234447255,0.016256619869325722,,,,,,,,,,,OBSERVATION_ONLY_FULL_FORWARD_REQUIRED
episode_000003_000035,episode_000003,35,grasp_close,P3_center_crop_0p875_resize_224,preprocessing,Center crop 87.5% of min side then resize to 224x224.,0.490989847161135,0.09021981780865942,10.446980542586337,0.5178881579448412,0.48564792845263105,0.7452240454306723,0.2595761169780413,0.1404963649539317,0.15026154871604255,0.009765183762110857,,,,,,,,,,,OBSERVATION_ONLY_FULL_FORWARD_REQUIRED
episode_000003_000035,episode_000003,35,grasp_close,P4_letterbox_224,preprocessing,Aspect-preserving resize with black letterbox to 224x224.,0.28844710445434024,0.05553871027577697,12.554042096886917,0.7771082017154242,0.2634195308435874,0.4132093259803921,0.14978979513680474,0.2585190169527348,0.38612929120160927,0.12761027424887444,,,,,,,,,,,OBSERVATION_ONLY_FULL_FORWARD_REQUIRED
episode_000003_000035,episode_000003,35,grasp_close,P5_brightness_match_sim_to_real,photometric,Shift Sim brightness mean toward Real mean.,0.21100982137233412,0.023500566360917102,16.289216711556193,0.5165455512929883,0.4678165545002723,0.46603717573614517,0.0017793787641271486,0.1524783806029579,0.10937731538213168,0.043101065220826226,,,,,,,,,,,OBSERVATION_ONLY_FULL_FORWARD_REQUIRED
episode_000003_000035,episode_000003,35,grasp_close,P6_contrast_match_sim_to_real,photometric,Scale Sim contrast toward Real luminance std.,0.5011849707670917,0.0939327259058125,10.27183074355907,0.490481988724567,0.4678165545002723,0.7329826320218883,0.265166077521616,0.1524783806029579,0.15262887659076763,0.0001504959878097234,,,,,,,,,,,OBSERVATION_ONLY_FULL_FORWARD_REQUIRED
episode_000003_000036,episode_000003,36,lift,P0_current_paired_image,preprocessing,Existing paired 1280x720 image.,0.5141251948879292,0.09957407593188874,10.018537152429506,0.48711374372027516,0.4680917843035131,0.7341154533156321,0.266023669012119,0.15244870228538585,0.1713590428837914,0.018910340598405545,,,,,,,,,,,OBSERVATION_ONLY_FULL_FORWARD_REQUIRED
episode_000003_000036,episode_000003,36,lift,P1_resize_224_direct,preprocessing,Direct resize to 224x224.,0.5133253032289233,0.09901156489965264,10.043140753139205,0.4921488486552353,0.4680742232205382,0.7341146643344838,0.2660404411139456,0.15161496777030845,0.17048593479391697,0.01887096702360852,,,,,,,,,,,OBSERVATION_ONLY_FULL_FORWARD_REQUIRED
episode_000003_000036,episode_000003,36,lift,P2_center_crop_square_resize_224,preprocessing,Center square crop then resize to 224x224.,0.4894253786941192,0.09183259803104246,10.370031289076035,0.5826561605246224,0.47851834219625344,0.738378980357768,0.2598606381615146,0.15882835517055818,0.17500687583497762,0.016178520664419438,,,,,,,,,,,OBSERVATION_ONLY_FULL_FORWARD_REQUIRED
episode_000003_000036,episode_000003,36,lift,P3_center_crop_0p875_resize_224,preprocessing,Center crop 87.5% of min side then resize to 224x224.,0.4910270876254059,0.09020387883503071,10.447747870652542,0.5193917234727561,0.48610773453131256,0.7454645981361295,0.25935686360481697,0.14050172918343123,0.15011249465235832,0.009610765468927085,,,,,,,,,,,OBSERVATION_ONLY_FULL_FORWARD_REQUIRED
episode_000003_000036,episode_000003,36,lift,P4_letterbox_224,preprocessing,Aspect-preserving resize with black letterbox to 224x224.,0.28851277599664843,0.05555526234186485,12.55274797248937,0.7775982923957757,0.26358436720000494,0.41326875812825126,0.1496843909282463,0.258635935081141,0.386155648579372,0.127519713498231,,,,,,,,,,,OBSERVATION_ONLY_FULL_FORWARD_REQUIRED
episode_000003_000036,episode_000003,36,lift,P5_brightness_match_sim_to_real,photometric,Shift Sim brightness mean toward Real mean.,0.20995251252623612,0.02333839955496995,16.31928929279373,0.5174953746847127,0.4680917843035131,0.46616319949788926,0.0019285848056238564,0.15244870228538585,0.10934358894448577,0.04310511334090007,,,,,,,,,,,OBSERVATION_ONLY_FULL_FORWARD_REQUIRED
episode_000003_000036,episode_000003,36,lift,P6_contrast_match_sim_to_real,photometric,Scale Sim contrast toward Real luminance std.,0.5013878723656174,0.09398450347288961,10.269437486452057,0.4916253360328199,0.4680917843035131,0.7330750949865532,0.2649833106830401,0.15244870228538585,0.15256437503945905,0.00011567275407320388,,,,,,,,,,,OBSERVATION_ONLY_FULL_FORWARD_REQUIRED
episode_000003_000037,episode_000003,37,lift,P0_current_paired_image,preprocessing,Existing paired 1280x720 image.,0.5141321130237528,0.09981162534197142,10.00818872261409,0.49098662294294165,0.46845228869995903,0.7348291399569379,0.26637685125697885,0.15421470943754986,0.1722027824079007,0.01798807297035085,,,,,,,,,,,OBSERVATION_ONLY_FULL_FORWARD_REQUIRED
episode_000003_000037,episode_000003,37,lift,P1_resize_224_direct,preprocessing,Direct resize to 224x224.,0.5133236142202857,0.09924630565052818,10.032856504636005,0.49593377236647473,0.4684376393213535,0.7348323365439925,0.266394697222639,0.1533700491344543,0.1713355950259883,0.017965545891534013,,,,,,,,,,,OBSERVATION_ONLY_FULL_FORWARD_REQUIRED
episode_000003_000037,episode_000003,37,lift,P2_center_crop_square_resize_224,preprocessing,Center square crop then resize to 224x224.,0.4899462137396614,0.09237121625611029,10.344633379638044,0.5787957522139489,0.4796731952937425,0.7397529074442276,0.2600797121504851,0.16067018112122486,0.17520670836465413,0.01453652724342927,,,,,,,,,,,OBSERVATION_ONLY_FULL_FORWARD_REQUIRED
episode_000003_000037,episode_000003,37,lift,P3_center_crop_0p875_resize_224,preprocessing,Center crop 87.5% of min side then resize to 224x224.,0.49124174969424006,0.0904935820324862,10.433822206479864,0.5193443254172094,0.4873686390337385,0.7469085561568377,0.2595399171230992,0.14263919859130333,0.15013183498752666,0.007492636396223329,,,,,,,,,,,OBSERVATION_ONLY_FULL_FORWARD_REQUIRED
episode_000003_000037,episode_000003,37,lift,P4_letterbox_224,preprocessing,Aspect-preserving resize with black letterbox to 224x224.,0.28849976239419184,0.05568704105416677,12.542458578507302,0.7774836470167502,0.26379044059811424,0.41366346599577325,0.149873025397659,0.2593821318559603,0.38669991756796557,0.12731778571200525,,,,,,,,,,,OBSERVATION_ONLY_FULL_FORWARD_REQUIRED
episode_000003_000037,episode_000003,37,lift,P5_brightness_match_sim_to_real,photometric,Shift Sim brightness mean toward Real mean.,0.21082524543891257,0.023585641378805523,16.27352309221601,0.5201120735882607,0.46845228869995903,0.46656409744093796,0.0018881912590210659,0.15421470943754986,0.10984914212466072,0.04436556731288914,,,,,,,,,,,OBSERVATION_ONLY_FULL_FORWARD_REQUIRED
episode_000003_000037,episode_000003,37,lift,P6_contrast_match_sim_to_real,photometric,Scale Sim contrast toward Real luminance std.,0.502394729498968,0.09457202618940187,10.242373061794265,0.494831261487405,0.46845228869995903,0.7336623095366965,0.2652100208367375,0.15421470943754986,0.1542915181770199,7.680873947002453e-05,,,,,,,,,,,OBSERVATION_ONLY_FULL_FORWARD_REQUIRED
episode_000003_000038,episode_000003,38,lift,P0_current_paired_image,preprocessing,Existing paired 1280x720 image.,0.5102994050182197,0.09921387253567014,10.034275985669218,0.5090467272418752,0.4698374849017907,0.7368545807861857,0.267017095884395,0.1604106725679349,0.1749223461085227,0.0145116735405878,,,,,,,,,,,OBSERVATION_ONLY_FULL_FORWARD_REQUIRED
episode_000003_000038,episode_000003,38,lift,P1_resize_224_direct,preprocessing,Direct resize to 224x224.,0.5094334870117208,0.09862965682596567,10.059924779668128,0.5141185496976786,0.4698292149203432,0.7368679055841085,0.26703869066376534,0.1595364528534281,0.17407053299575892,0.014534080142330819,,,,,,,,,,,OBSERVATION_ONLY_FULL_FORWARD_REQUIRED
episode_000003_000038,episode_000003,38,lift,P2_center_crop_square_resize_224,preprocessing,Center square crop then resize to 224x224.,0.4884160821640511,0.09297829844764705,10.316184059003973,0.5662497531704718,0.4844261211203232,0.7440565123862045,0.25963039126588133,0.16694729932826036,0.17599017186574017,0.009042872537479818,,,,,,,,,,,OBSERVATION_ONLY_FULL_FORWARD_REQUIRED
episode_000003_000038,episode_000003,38,lift,P3_center_crop_0p875_resize_224,preprocessing,Center crop 87.5% of min side then resize to 224x224.,0.489475031268703,0.09097744224323716,10.410662771704173,0.5114181507252301,0.49209717516694174,0.7517965688931822,0.2596993937262405,0.15035971498415562,0.15013148485999697,0.00022823012415865152,,,,,,,,,,,OBSERVATION_ONLY_FULL_FORWARD_REQUIRED
episode_000003_000038,episode_000003,38,lift,P4_letterbox_224,preprocessing,Aspect-preserving resize with black letterbox to 224x224.,0.28631236575232555,0.055340684987230174,12.569554696198384,0.7783786253952648,0.26456539955044517,0.41479832564275704,0.15023292609231187,0.26207106574394207,0.3883278259418298,0.12625676019788773,,,,,,,,,,,OBSERVATION_ONLY_FULL_FORWARD_REQUIRED
episode_000003_000038,episode_000003,38,lift,P5_brightness_match_sim_to_real,photometric,Shift Sim brightness mean toward Real mean.,0.20746790146529948,0.023553400779792687,16.279463779929056,0.5332289402466454,0.4698374849017907,0.46792238303376915,0.0019151018680215737,0.1604106725679349,0.11163029591748184,0.04878037665045305,,,,,,,,,,,OBSERVATION_ONLY_FULL_FORWARD_REQUIRED
episode_000003_000038,episode_000003,38,lift,P6_contrast_match_sim_to_real,photometric,Scale Sim contrast toward Real luminance std.,0.500964035297146,0.0949360215410829,10.225689721010944,0.5113777752860672,0.4698374849017907,0.7353097617613015,0.26547227685951075,0.1604106725679349,0.160427670082096,1.6997514161093408e-05,,,,,,,,,,,OBSERVATION_ONLY_FULL_FORWARD_REQUIRED
episode_000003_000039,episode_000003,39,lift,P0_current_paired_image,preprocessing,Existing paired 1280x720 image.,0.5053434669487967,0.09790678229727337,10.091872222698369,0.5465241966931204,0.47195441181236397,0.7385685329827069,0.2666141211703429,0.16868561828063272,0.1794016982577439,0.010716079977111187,,,,,,,,,,,OBSERVATION_ONLY_FULL_FORWARD_REQUIRED
episode_000003_000039,episode_000003,39,lift,P1_resize_224_direct,preprocessing,Direct resize to 224x224.,0.5043161425446891,0.09726075366829738,10.120623694304513,0.552178366216602,0.4719506691739196,0.7385833318014705,0.2666326626275509,0.1677773193176456,0.17849373738434224,0.010716418066696626,,,,,,,,,,,OBSERVATION_ONLY_FULL_FORWARD_REQUIRED
episode_000003_000039,episode_000003,39,lift,P2_center_crop_square_resize_224,preprocessing,Center square crop then resize to 224x224.,0.48704471479541694,0.0932836406621472,10.301945126641057,0.5589377167864819,0.4934376532487995,0.7500725286989796,0.25663487545018004,0.1743556946982031,0.17727403533058927,0.0029183406323861627,,,,,,,,,,,OBSERVATION_ONLY_FULL_FORWARD_REQUIRED
episode_000003_000039,episode_000003,39,lift,P3_center_crop_0p875_resize_224,preprocessing,Center crop 87.5% of min side then resize to 224x224.,0.48856542143315007,0.09228416335897104,10.348728207066404,0.49929521386098313,0.5011767073704482,0.7596097779424269,0.25843307057197873,0.1602631902881397,0.15061260593131934,0.009650584356820369,,,,,,,,,,,OBSERVATION_ONLY_FULL_FORWARD_REQUIRED
episode_000003_000039,episode_000003,39,lift,P4_letterbox_224,preprocessing,Aspect-preserving resize with black letterbox to 224x224.,0.283387477345547,0.05455528637108437,12.631631601892073,0.782908675975925,0.26576247524009605,0.4157629153223789,0.15000044008228286,0.2658665951394745,0.3902496213969721,0.12438302625749759,,,,,,,,,,,OBSERVATION_ONLY_FULL_FORWARD_REQUIRED
episode_000003_000039,episode_000003,39,lift,P5_brightness_match_sim_to_real,photometric,Shift Sim brightness mean toward Real mean.,0.20771762651214232,0.023734375584043534,16.246221894342014,0.5645445060495766,0.47195441181236397,0.4701001705771719,0.0018542412351920667,0.16868561828063272,0.11461715104602659,0.054068467234606135,,,,,,,,,,,OBSERVATION_ONLY_FULL_FORWARD_REQUIRED
episode_000003_000039,episode_000003,39,lift,P6_contrast_match_sim_to_real,photometric,Scale Sim contrast toward Real luminance std.,0.49799199149302575,0.09452678435866897,10.244451158188044,0.5478206137082037,0.47195441181236397,0.7365617874719156,0.2646073756595516,0.16868561828063272,0.16854346753326235,0.0001421507473703676,,,,,,,,,,,OBSERVATION_ONLY_FULL_FORWARD_REQUIRED
episode_000003_000040,episode_000003,40,lift,P0_current_paired_image,preprocessing,Existing paired 1280x720 image.,0.49617380703996483,0.09489003993300299,10.227793705984729,0.5805993700109039,0.471687640628404,0.7334134140071831,0.26172577337877906,0.1753608613691476,0.1868904844404227,0.011529623071275086,,,,,,,,,,,OBSERVATION_ONLY_FULL_FORWARD_REQUIRED
episode_000003_000040,episode_000003,40,lift,P1_resize_224_direct,preprocessing,Direct resize to 224x224.,0.49447481524869563,0.09405668006581717,10.266103546835161,0.5877138620511665,0.47168083423994595,0.7334335439644608,0.26175270972451486,0.1744598782668174,0.18553822037204062,0.011078342105223238,,,,,,,,,,,OBSERVATION_ONLY_FULL_FORWARD_REQUIRED
episode_000003_000040,episode_000003,40,lift,P2_center_crop_square_resize_224,preprocessing,Center square crop then resize to 224x224.,0.4871980490214257,0.09439409331951733,10.250551806913146,0.5360328844760915,0.5002501321466086,0.7529909784538815,0.2527408463072729,0.1792167362228859,0.17889027220288567,0.00032646402000022223,,,,,,,,,,,OBSERVATION_ONLY_FULL_FORWARD_REQUIRED
episode_000003_000040,episode_000003,40,lift,P3_center_crop_0p875_resize_224,preprocessing,Center crop 87.5% of min side then resize to 224x224.,0.48628176849117233,0.09329131009021258,10.30158808082364,0.48132026982991327,0.51046146890006,0.765468521814976,0.2550070529149161,0.16865531937237405,0.15219695263046512,0.016458366741908925,,,,,,,,,,,OBSERVATION_ONLY_FULL_FORWARD_REQUIRED
episode_000003_000040,episode_000003,40,lift,P4_letterbox_224,preprocessing,Aspect-preserving resize with black letterbox to 224x224.,0.27768863470598804,0.05267101979680762,12.784282729119585,0.7895787439406979,0.26560461009403763,0.4128472777548519,0.14724266766081429,0.2681529996497398,0.3896119276577694,0.1214589280080296,,,,,,,,,,,OBSERVATION_ONLY_FULL_FORWARD_REQUIRED
episode_000003_000040,episode_000003,40,lift,P5_brightness_match_sim_to_real,photometric,Shift Sim brightness mean toward Real mean.,0.2096144343223556,0.023971411619863076,16.203063906361027,0.5993833532247469,0.471687640628404,0.4696273226673135,0.0020603179610905187,0.1753608613691476,0.12006251577853388,0.05529834559061372,,,,,,,,,,,OBSERVATION_ONLY_FULL_FORWARD_REQUIRED
episode_000003_000040,episode_000003,40,lift,P6_contrast_match_sim_to_real,photometric,Scale Sim contrast toward Real luminance std.,0.4888366389503788,0.09149248790974263,10.386145626906726,0.5824034804235658,0.471687640628404,0.7314505387808075,0.25976289815240344,0.1753608613691476,0.1751513991022522,0.00020946226689541603,,,,,,,,,,,OBSERVATION_ONLY_FULL_FORWARD_REQUIRED
episode_000003_000041,episode_000003,41,lift,P0_current_paired_image,preprocessing,Existing paired 1280x720 image.,0.4865320811868029,0.09213419169376626,10.355791699307106,0.5903259332588512,0.4715636628897739,0.7271580680666193,0.2555944051768454,0.18051068574522086,0.19381838776480856,0.013307702019587697,,,,,,,,,,,OBSERVATION_ONLY_FULL_FORWARD_REQUIRED
episode_000003_000041,episode_000003,41,lift,P1_resize_224_direct,preprocessing,Direct resize to 224x224.,0.48460783533838847,0.09117551616234727,10.4012176938161,0.5983410505529029,0.4715564458908562,0.7271776177033312,0.255621171812475,0.1795654075824849,0.19233499258011702,0.012769584997632116,,,,,,,,,,,OBSERVATION_ONLY_FULL_FORWARD_REQUIRED
episode_000003_000041,episode_000003,41,lift,P2_center_crop_square_resize_224,preprocessing,Center square crop then resize to 224x224.,0.48361550436703593,0.0942662987376323,10.256435446781937,0.516178903643135,0.505354470147434,0.7524956009278712,0.2471411307804372,0.18297332872213137,0.1833701093168141,0.00039678059468273297,,,,,,,,,,,OBSERVATION_ONLY_FULL_FORWARD_REQUIRED
episode_000003_000041,episode_000003,41,lift,P3_center_crop_0p875_resize_224,preprocessing,Center crop 87.5% of min side then resize to 224x224.,0.48267927944367245,0.09358357088750531,10.288003873640646,0.46092373907666195,0.5152850554127901,0.7664015083689725,0.25111645295618235,0.17393655963203092,0.1566767350781669,0.017259824553864017,,,,,,,,,,,OBSERVATION_ONLY_FULL_FORWARD_REQUIRED
episode_000003_000041,episode_000003,41,lift,P4_letterbox_224,preprocessing,Aspect-preserving resize with black letterbox to 224x224.,0.2716769650000066,0.05093528976132936,12.929812188785872,0.7939546459237349,0.2655265554503051,0.40933476263943075,0.14380820718912563,0.2699621194271127,0.38847718487665417,0.11851506544954149,,,,,,,,,,,OBSERVATION_ONLY_FULL_FORWARD_REQUIRED
episode_000003_000041,episode_000003,41,lift,P5_brightness_match_sim_to_real,photometric,Shift Sim brightness mean toward Real mean.,0.20480458958272427,0.02404904849852977,16.1890210182706,0.609999222007587,0.4715636628897739,0.4694679126029755,0.0020957502867984257,0.18051068574522086,0.12551265643267134,0.05499802931254952,,,,,,,,,,,OBSERVATION_ONLY_FULL_FORWARD_REQUIRED
episode_000003_000041,episode_000003,41,lift,P6_contrast_match_sim_to_real,photometric,Scale Sim contrast toward Real luminance std.,0.47798088699627284,0.08829253802067762,10.540759989522444,0.5933522889727819,0.4715636628897739,0.7251961536654071,0.2536324907756332,0.18051068574522086,0.18062829124185342,0.00011760549663256126,,,,,,,,,,,OBSERVATION_ONLY_FULL_FORWARD_REQUIRED
episode_000003_000042,episode_000003,42,lift,P0_current_paired_image,preprocessing,Existing paired 1280x720 image.,0.4828504597279058,0.09098568095470755,10.410269502247246,0.5961346738854366,0.4712957423619623,0.7233271135518794,0.2520313711899171,0.18362372528653353,0.197547732773688,0.013924007487154472,,,,,,,,,,,OBSERVATION_ONLY_FULL_FORWARD_REQUIRED
episode_000003_000042,episode_000003,42,lift,P1_resize_224_direct,preprocessing,Direct resize to 224x224.,0.48094075768814304,0.09002062947319452,10.456579545637354,0.6040018446536375,0.4712883906062425,0.7233418611663415,0.25205347056009897,0.18265413406799835,0.1961264646837111,0.013472330615712735,,,,,,,,,,,OBSERVATION_ONLY_FULL_FORWARD_REQUIRED
episode_000003_000042,episode_000003,42,lift,P2_center_crop_square_resize_224,preprocessing,Center square crop then resize to 224x224.,0.4828618600449652,0.09435232477386381,10.252473946615059,0.5087434926006107,0.5079431074929972,0.7517624508240796,0.24381934333108235,0.1851306222209037,0.18615687312321577,0.0010262509023120647,,,,,,,,,,,OBSERVATION_ONLY_FULL_FORWARD_REQUIRED
episode_000003_000042,episode_000003,42,lift,P3_center_crop_0p875_resize_224,preprocessing,Center crop 87.5% of min side then resize to 224x224.,0.4847904160535544,0.09496850803229788,10.224203847657593,0.44560633254879817,0.5160241487063575,0.7661876791810472,0.25016353047468975,0.17567476994628073,0.15962440911702386,0.01605036082925687,,,,,,,,,,,OBSERVATION_ONLY_FULL_FORWARD_REQUIRED
episode_000003_000042,episode_000003,42,lift,P4_letterbox_224,preprocessing,Aspect-preserving resize with black letterbox to 224x224.,0.26952517512591817,0.05026156735161385,12.987639725372418,0.7961559870492525,0.26538714926595636,0.40718471341661666,0.1417975641506603,0.271011464411837,0.38777350046157366,0.11676203604973667,,,,,,,,,,,OBSERVATION_ONLY_FULL_FORWARD_REQUIRED
episode_000003_000042,episode_000003,42,lift,P5_brightness_match_sim_to_real,photometric,Shift Sim brightness mean toward Real mean.,0.2073500136987147,0.024623332205294987,16.086531755944726,0.6165783610933705,0.4712957423619623,0.46949846312210625,0.0017972792398560644,0.18362372528653353,0.12865686078618424,0.054966864500349294,,,,,,,,,,,OBSERVATION_ONLY_FULL_FORWARD_REQUIRED
episode_000003_000042,episode_000003,42,lift,P6_contrast_match_sim_to_real,photometric,Scale Sim contrast toward Real luminance std.,0.47399285474064645,0.08703209952746983,10.603205396053701,0.5983238548613746,0.4712957423619623,0.7212854064678648,0.24998966410590245,0.18362372528653353,0.1834761766726688,0.00014754861386473417,,,,,,,,,,,OBSERVATION_ONLY_FULL_FORWARD_REQUIRED
episode_000003_000043,episode_000003,43,lift,P0_current_paired_image,preprocessing,Existing paired 1280x720 image.,0.48227783360682613,0.09083376589822115,10.417526799224524,0.5971717810847696,0.47134918194274217,0.7228412117196011,0.25149202977685897,0.18410403384648752,0.19821474561538374,0.014110711768896222,,,,,,,,,,,OBSERVATION_ONLY_FULL_FORWARD_REQUIRED
episode_000003_000043,episode_000003,43,lift,P1_resize_224_direct,preprocessing,Direct resize to 224x224.,0.48028900999529944,0.08984419196600209,10.465099928860615,0.6051736281290118,0.4713430389655862,0.7228437901410564,0.25150075117547016,0.18312505750072525,0.19676958102302752,0.013644523522302276,,,,,,,,,,,OBSERVATION_ONLY_FULL_FORWARD_REQUIRED
episode_000003_000043,episode_000003,43,lift,P2_center_crop_square_resize_224,preprocessing,Center square crop then resize to 224x224.,0.48280941080814366,0.09443635082709556,10.248608031082982,0.5075726060015235,0.5084611645283112,0.7518274807579283,0.24336631622961702,0.18546713107691135,0.1866310140250601,0.001163882948148759,,,,,,,,,,,OBSERVATION_ONLY_FULL_FORWARD_REQUIRED
episode_000003_000043,episode_000003,43,lift,P3_center_crop_0p875_resize_224,preprocessing,Center crop 87.5% of min side then resize to 224x224.,0.48530473355639364,0.09530024877598096,10.209059656586856,0.4427576023965673,0.5162467212822628,0.7663953408707233,0.25014861958846046,0.1759640033234433,0.16007370903899895,0.015890294284444356,,,,,,,,,,,OBSERVATION_ONLY_FULL_FORWARD_REQUIRED
episode_000003_000043,episode_000003,43,lift,P4_letterbox_224,preprocessing,Aspect-preserving resize with black letterbox to 224x224.,0.26915061075058416,0.050160380328602025,12.99639179235016,0.7965831110356514,0.26541433270183074,0.4068989629445528,0.14148463024272206,0.27121002973518404,0.38772623173547355,0.1165162020002895,,,,,,,,,,,OBSERVATION_ONLY_FULL_FORWARD_REQUIRED
episode_000003_000043,episode_000003,43,lift,P5_brightness_match_sim_to_real,photometric,Shift Sim brightness mean toward Real mean.,0.2076209264796216,0.02470344450518496,16.07242487011671,0.617576769102084,0.47134918194274217,0.46921893705746165,0.002130244885280519,0.18410403384648752,0.1291009699590486,0.05500306388743892,,,,,,,,,,,OBSERVATION_ONLY_FULL_FORWARD_REQUIRED
episode_000003_000043,episode_000003,43,lift,P6_contrast_match_sim_to_real,photometric,Scale Sim contrast toward Real luminance std.,0.473479579108433,0.08688974051335305,10.610314997478447,0.5994020859046811,0.47134918194274217,0.7208649282807391,0.24951574633799695,0.18410403384648752,0.18402514486275043,7.888898373709097e-05,,,,,,,,,,,OBSERVATION_ONLY_FULL_FORWARD_REQUIRED
episode_000004_000000,episode_000004,0,hold,P0_current_paired_image,preprocessing,Existing paired 1280x720 image.,0.46751420853500847,0.09205507782463469,10.359522505016763,0.6173539189981521,0.3615424043445329,0.6069218318508307,0.24537942750629782,0.22457851497319148,0.24436837871968584,0.019789863746494357,,,,,,,,,,,OBSERVATION_ONLY_FULL_FORWARD_REQUIRED
episode_000004_000000,episode_000004,0,hold,P1_resize_224_direct,preprocessing,Direct resize to 224x224.,0.46545403842407895,0.09063056349990975,10.427253197517272,0.625014642406695,0.361524291122699,0.6069325774372248,0.24540828631452583,0.22360786397031573,0.24250662569674897,0.018898761726433233,,,,,,,,,,,OBSERVATION_ONLY_FULL_FORWARD_REQUIRED
episode_000004_000000,episode_000004,0,hold,P2_center_crop_square_resize_224,preprocessing,Center square crop then resize to 224x224.,0.5124232440744108,0.10897389920020296,9.626775093136475,0.45724365210176154,0.4811273972870398,0.7305257949898709,0.24939839770283112,0.20014446257069424,0.21155034903694298,0.011405886466248738,,,,,,,,,,,OBSERVATION_ONLY_FULL_FORWARD_REQUIRED
episode_000004_000000,episode_000004,0,hold,P3_center_crop_0p875_resize_224,preprocessing,Center crop 87.5% of min side then resize to 224x224.,0.5221285645903326,0.11294486565050858,9.471335068448496,0.3141913545443889,0.5086058624230942,0.7585482230704781,0.24994236064738384,0.18621444214584582,0.18479574294210982,0.0014186992037359958,,,,,,,,,,,OBSERVATION_ONLY_FULL_FORWARD_REQUIRED
episode_000004_000000,episode_000004,0,hold,P4_letterbox_224,preprocessing,Aspect-preserving resize with black letterbox to 224x224.,0.26119711761631104,0.050622680444726904,12.956548629009157,0.7257453424930508,0.20364052259966484,0.34171079553696476,0.13807027293729993,0.24550454547233094,0.3516866346587316,0.10618208918640068,,,,,,,,,,,OBSERVATION_ONLY_FULL_FORWARD_REQUIRED
episode_000004_000000,episode_000004,0,hold,P5_brightness_match_sim_to_real,photometric,Shift Sim brightness mean toward Real mean.,0.22070320075257013,0.030455064336010397,15.163404787189613,0.645425129389161,0.3615424043445329,0.3594195265914352,0.002122877753097663,0.22457851497319148,0.1455946512735766,0.07898386369961488,,,,,,,,,,,OBSERVATION_ONLY_FULL_FORWARD_REQUIRED
episode_000004_000000,episode_000004,0,hold,P6_contrast_match_sim_to_real,photometric,Scale Sim contrast toward Real luminance std.,0.4594146735539195,0.0866110496975433,10.624266978609015,0.6210486085271911,0.3615424043445329,0.6041436006059367,0.24260119626140386,0.22457851497319148,0.22458104445096413,2.529477772655886e-06,,,,,,,,,,,OBSERVATION_ONLY_FULL_FORWARD_REQUIRED
episode_000004_000001,episode_000004,1,hold,P0_current_paired_image,preprocessing,Existing paired 1280x720 image.,0.46839704669196536,0.09242696109580358,10.342013258882028,0.6165603150296337,0.36149149997957514,0.6075715573699623,0.24608005739038713,0.2246119733183104,0.24435440432331337,0.019742431005002975,,,,,,,,,,,OBSERVATION_ONLY_FULL_FORWARD_REQUIRED
episode_000004_000001,episode_000004,1,hold,P1_resize_224_direct,preprocessing,Direct resize to 224x224.,0.4663578972195197,0.09098115379730323,10.410485598711475,0.6243127833526881,0.3614689668679972,0.6075896477340936,0.24612068086609645,0.22363867514477098,0.24245266649196248,0.0188139913471915,,,,,,,,,,,OBSERVATION_ONLY_FULL_FORWARD_REQUIRED
episode_000004_000001,episode_000004,1,hold,P2_center_crop_square_resize_224,preprocessing,Center square crop then resize to 224x224.,0.5135748625941339,0.10944633889094853,9.60798761515438,0.45534648628250296,0.4810498100959133,0.7312548829688125,0.25020507287289917,0.2002121848922136,0.21121241978958502,0.011000234897371425,,,,,,,,,,,OBSERVATION_ONLY_FULL_FORWARD_REQUIRED
episode_000004_000001,episode_000004,1,hold,P3_center_crop_0p875_resize_224,preprocessing,Center crop 87.5% of min side then resize to 224x224.,0.5229936334471019,0.11332764233144237,9.456641462018876,0.31227251506029846,0.5085328458258304,0.7590507985850589,0.2505179527592285,0.1862445724866173,0.18472782281420194,0.0015167496724153573,,,,,,,,,,,OBSERVATION_ONLY_FULL_FORWARD_REQUIRED
episode_000004_000001,episode_000004,1,hold,P4_letterbox_224,preprocessing,Aspect-preserving resize with black letterbox to 224x224.,0.26167494501272254,0.05081991875590105,12.939660335771109,0.7249945483562173,0.20362181708620947,0.3420797319552821,0.1384579148690726,0.24550147817319634,0.35194951602414676,0.10644803785095042,,,,,,,,,,,OBSERVATION_ONLY_FULL_FORWARD_REQUIRED
episode_000004_000001,episode_000004,1,hold,P5_brightness_match_sim_to_real,photometric,Shift Sim brightness mean toward Real mean.,0.2210292142464253,0.030521820917569102,15.153895601384553,0.6441890174037957,0.36149149997957514,0.3595777249668096,0.0019137750127655173,0.2246119733183104,0.1453479275881849,0.07926404573012549,,,,,,,,,,,OBSERVATION_ONLY_FULL_FORWARD_REQUIRED
episode_000004_000001,episode_000004,1,hold,P6_contrast_match_sim_to_real,photometric,Scale Sim contrast toward Real luminance std.,0.460144239335681,0.08692474450598595,10.608565771451762,0.6203456927508159,0.36149149997957514,0.6046817342311749,0.24319023425159975,0.2246119733183104,0.22461803460932203,6.0612910116331076e-06,,,,,,,,,,,OBSERVATION_ONLY_FULL_FORWARD_REQUIRED
episode_000004_000002,episode_000004,2,alignment,P0_current_paired_image,preprocessing,Existing paired 1280x720 image.,0.46941949666896127,0.09286704702918748,10.321383638556343,0.6149203950516176,0.36132814321384793,0.6078607956929125,0.24653265247906458,0.2245533403206397,0.24439203344643323,0.019838693125793533,,,,,,,,,,,OBSERVATION_ONLY_FULL_FORWARD_REQUIRED
episode_000004_000002,episode_000004,2,alignment,P1_resize_224_direct,preprocessing,Direct resize to 224x224.,0.46736381934956894,0.09142317353820614,10.389437072841698,0.6226894005109562,0.36131032150360143,0.6078780164409513,0.24656769493734987,0.22357946735656392,0.24249879145156364,0.018919324094999718,,,,,,,,,,,OBSERVATION_ONLY_FULL_FORWARD_REQUIRED
episode_000004_000002,episode_000004,2,alignment,P2_center_crop_square_resize_224,preprocessing,Center square crop then resize to 224x224.,0.5148187202330129,0.10998165330266095,9.58679756059616,0.45309107027976314,0.48083067391018897,0.731621151695053,0.2507904777848641,0.2001931531931039,0.21119411586786974,0.01100096267476583,,,,,,,,,,,OBSERVATION_ONLY_FULL_FORWARD_REQUIRED
episode_000004_000002,episode_000004,2,alignment,P3_center_crop_0p875_resize_224,preprocessing,Center crop 87.5% of min side then resize to 224x224.,0.5240991009552711,0.11378445322164814,9.439170731017155,0.3107263922251315,0.5082845302495999,0.7593394979398009,0.2510549676902011,0.1862938425345972,0.18479904370755174,0.0014947988270454515,,,,,,,,,,,OBSERVATION_ONLY_FULL_FORWARD_REQUIRED
episode_000004_000002,episode_000004,2,alignment,P4_letterbox_224,preprocessing,Aspect-preserving resize with black letterbox to 224x224.,0.26224177339882637,0.05107065569283269,12.91828566230009,0.7239918928665371,0.20352779580582234,0.34224284887392453,0.1387150530681022,0.24541035361076696,0.3520814081560933,0.10667105454532633,,,,,,,,,,,OBSERVATION_ONLY_FULL_FORWARD_REQUIRED
episode_000004_000002,episode_000004,2,alignment,P5_brightness_match_sim_to_real,photometric,Shift Sim brightness mean toward Real mean.,0.22169969474566084,0.0306673101102051,15.133243151660666,0.6425346127989109,0.36132814321384793,0.3593173313359543,0.002010811877893648,0.2245533403206397,0.1451339028217056,0.0794194374989341,,,,,,,,,,,OBSERVATION_ONLY_FULL_FORWARD_REQUIRED
episode_000004_000002,episode_000004,2,alignment,P6_contrast_match_sim_to_real,photometric,Scale Sim contrast toward Real luminance std.,0.4611312670829692,0.0873051959015496,10.589599088233912,0.6188797292906012,0.36132814321384793,0.6048733392378132,0.24354519602396524,0.2245533403206397,0.22446962881497093,8.371150566877095e-05,,,,,,,,,,,OBSERVATION_ONLY_FULL_FORWARD_REQUIRED
episode_000004_000003,episode_000004,3,alignment,P0_current_paired_image,preprocessing,Existing paired 1280x720 image.,0.47003782922178605,0.09312542236359411,10.309317445280824,0.6144693508180511,0.36155555034637105,0.6085726069699753,0.24701705662360424,0.2245938801358181,0.2444560865021229,0.019862206366304785,,,,,,,,,,,OBSERVATION_ONLY_FULL_FORWARD_REQUIRED
episode_000004_000003,episode_000004,3,alignment,P1_resize_224_direct,preprocessing,Direct resize to 224x224.,0.46796439931762657,0.09167817923738121,10.377340205404114,0.6222242284544837,0.36153123075792815,0.6085817324429772,0.24705050168504905,0.22362289357659773,0.24255863106355843,0.018935737486960702,,,,,,,,,,,OBSERVATION_ONLY_FULL_FORWARD_REQUIRED
episode_000004_000003,episode_000004,3,alignment,P2_center_crop_square_resize_224,preprocessing,Center square crop then resize to 224x224.,0.5156147601606111,0.11033620494766533,9.572819578318937,0.4510030440073084,0.4810689149097139,0.732357126209859,0.25128821130014517,0.20011879610270997,0.2109527007669448,0.010833904664234839,,,,,,,,,,,OBSERVATION_ONLY_FULL_FORWARD_REQUIRED
episode_000004_000003,episode_000004,3,alignment,P3_center_crop_0p875_resize_224,preprocessing,Center crop 87.5% of min side then resize to 224x224.,0.5244500681868617,0.11393854089838547,9.43329346436625,0.30997295973673383,0.5084161974164666,0.7597556201230491,0.2513394227065825,0.18629303801863473,0.1848115480127502,0.001481490005884517,,,,,,,,,,,OBSERVATION_ONLY_FULL_FORWARD_REQUIRED
episode_000004_000003,episode_000004,3,alignment,P4_letterbox_224,preprocessing,Aspect-preserving resize with black letterbox to 224x224.,0.2625736767173107,0.05121097049931083,12.906369937711183,0.7236499040435936,0.20365126839798414,0.3426342476209233,0.13898297922293917,0.24551042227896408,0.35241047985373974,0.10690005757477566,,,,,,,,,,,OBSERVATION_ONLY_FULL_FORWARD_REQUIRED
episode_000004_000003,episode_000004,3,alignment,P5_brightness_match_sim_to_real,photometric,Shift Sim brightness mean toward Real mean.,0.22155099024770736,0.030656887197053857,15.134719441252473,0.6425998715011922,0.36155555034637105,0.3595631974051948,0.001992352941176223,0.2245938801358181,0.14528046900879654,0.07931341112702156,,,,,,,,,,,OBSERVATION_ONLY_FULL_FORWARD_REQUIRED
episode_000004_000003,episode_000004,3,alignment,P6_contrast_match_sim_to_real,photometric,Scale Sim contrast toward Real luminance std.,0.461686921545886,0.08753342844343162,10.578260610800431,0.618462430073808,0.36155555034637105,0.6055210146582246,0.24396546431185356,0.2245938801358181,0.2245442125580811,4.966757773700037e-05,,,,,,,,,,,OBSERVATION_ONLY_FULL_FORWARD_REQUIRED
episode_000004_000004,episode_000004,4,alignment,P0_current_paired_image,preprocessing,Existing paired 1280x720 image.,0.4696188038864862,0.0928715146284548,10.321174715466574,0.6171345104335377,0.3657780764212282,0.6121638742247072,0.24638579780347897,0.22475089373410734,0.2445895985784308,0.019838704844323457,,,,,,,,,,,OBSERVATION_ONLY_FULL_FORWARD_REQUIRED
episode_000004_000004,episode_000004,4,alignment,P1_resize_224_direct,preprocessing,Direct resize to 224x224.,0.46750764532711253,0.09144870489045293,10.388224406841477,0.6247822000428742,0.3657632584596338,0.6121771259284964,0.24641386746886257,0.22377354552226436,0.24274203878049264,0.018968493258228275,,,,,,,,,,,OBSERVATION_ONLY_FULL_FORWARD_REQUIRED
episode_000004_000004,episode_000004,4,alignment,P2_center_crop_square_resize_224,preprocessing,Center square crop then resize to 224x224.,0.5131357698528531,0.10934151938961859,9.612148955263848,0.4508238078572259,0.484915843587435,0.734512725652761,0.24959688206532604,0.1990240830658642,0.210686036406414,0.011661953340549813,,,,,,,,,,,OBSERVATION_ONLY_FULL_FORWARD_REQUIRED
episode_000004_000004,episode_000004,4,alignment,P3_center_crop_0p875_resize_224,preprocessing,Center crop 87.5% of min side then resize to 224x224.,0.5238865810669433,0.11392358597850905,9.433863531825724,0.30780358851636724,0.5101931073835784,0.7610282943177269,0.2508351869341485,0.18702575269344496,0.1842250476442497,0.0028007050491952457,,,,,,,,,,,OBSERVATION_ONLY_FULL_FORWARD_REQUIRED
episode_000004_000004,episode_000004,4,alignment,P4_letterbox_224,preprocessing,Aspect-preserving resize with black letterbox to 224x224.,0.2623423162514015,0.05109998748273819,12.915792062484261,0.7276625232855152,0.20602467566714186,0.3446582387642557,0.13863356309711386,0.24712501227640246,0.35402219019502257,0.1068971779186201,,,,,,,,,,,OBSERVATION_ONLY_FULL_FORWARD_REQUIRED
episode_000004_000004,episode_000004,4,alignment,P5_brightness_match_sim_to_real,photometric,Shift Sim brightness mean toward Real mean.,0.22108925869755647,0.03059588425080454,15.14336990753143,0.644965344797035,0.3657780764212282,0.36383261255957233,0.001945463861655894,0.22475089373410734,0.14621076747607736,0.07854012625802997,,,,,,,,,,,OBSERVATION_ONLY_FULL_FORWARD_REQUIRED
episode_000004_000004,episode_000004,4,alignment,P6_contrast_match_sim_to_real,photometric,Scale Sim contrast toward Real luminance std.,0.461148262348993,0.08729415242267931,10.590148474240998,0.6209941331879542,0.3657780764212282,0.609150114750136,0.2433720383289078,0.22475089373410734,0.22461925554949316,0.00013163818461417454,,,,,,,,,,,OBSERVATION_ONLY_FULL_FORWARD_REQUIRED
episode_000004_000005,episode_000004,5,alignment,P0_current_paired_image,preprocessing,Existing paired 1280x720 image.,0.46730375832279064,0.09168736193210945,10.376905227967528,0.6239528563035064,0.37470483080661093,0.6190676058278868,0.24436277502127585,0.22476274744459018,0.24461569700834485,0.019852949563754663,,,,,,,,,,,OBSERVATION_ONLY_FULL_FORWARD_REQUIRED
episode_000004_000005,episode_000004,5,alignment,P1_resize_224_direct,preprocessing,Direct resize to 224x224.,0.4651469544327881,0.0902942589413216,10.443398619718433,0.631518347995439,0.3746884828462634,0.6190829060374149,0.2443944231911515,0.2237915011315945,0.2428180803286771,0.019026579197082616,,,,,,,,,,,OBSERVATION_ONLY_FULL_FORWARD_REQUIRED
episode_000004_000005,episode_000004,5,alignment,P2_center_crop_square_resize_224,preprocessing,Center square crop then resize to 224x224.,0.506007016189593,0.10643843280776362,9.729015285959496,0.4583065133565267,0.4918554076786964,0.7368688314544566,0.2450134237757602,0.19777780098376951,0.21155994640641412,0.01378214542264461,,,,,,,,,,,OBSERVATION_ONLY_FULL_FORWARD_REQUIRED
episode_000004_000005,episode_000004,5,alignment,P3_center_crop_0p875_resize_224,preprocessing,Center crop 87.5% of min side then resize to 224x224.,0.5224463184734792,0.1136615330364172,9.44386490603742,0.30069612781770544,0.5144106189663366,0.7640041120823327,0.2495934931159961,0.18814612482978993,0.18217150609491387,0.005974618734876064,,,,,,,,,,,OBSERVATION_ONLY_FULL_FORWARD_REQUIRED
episode_000004_000005,episode_000004,5,alignment,P4_letterbox_224,preprocessing,Aspect-preserving resize with black letterbox to 224x224.,0.26097078096968956,0.050459961660317715,12.97053083797017,0.7371284392459019,0.21104662253964088,0.34854258598751997,0.1374959634478791,0.25040507094432474,0.35701428523614054,0.1066092142918158,,,,,,,,,,,OBSERVATION_ONLY_FULL_FORWARD_REQUIRED
episode_000004_000005,episode_000004,5,alignment,P5_brightness_match_sim_to_real,photometric,Shift Sim brightness mean toward Real mean.,0.21991836898956724,0.03031791335486174,15.183006925404454,0.6517433756939554,0.37470483080661093,0.3728194839682054,0.0018853468384055216,0.22476274744459018,0.1481976009183058,0.07656514652628438,,,,,,,,,,,OBSERVATION_ONLY_FULL_FORWARD_REQUIRED
episode_000004_000005,episode_000004,5,alignment,P6_contrast_match_sim_to_real,photometric,Scale Sim contrast toward Real luminance std.,0.45892424587990277,0.08628166577780799,10.640814788786418,0.6275784153360621,0.37470483080661093,0.6165781285998777,0.24187329779326677,0.22476274744459018,0.22489455756459392,0.00013181012000373915,,,,,,,,,,,OBSERVATION_ONLY_FULL_FORWARD_REQUIRED
episode_000004_000006,episode_000004,6,alignment,P0_current_paired_image,preprocessing,Existing paired 1280x720 image.,0.4657133332536863,0.09060594587462804,10.428433014864233,0.6333278969120283,0.38502057134310336,0.628375748474945,0.24335517713184168,0.2245031281627797,0.24369751069792547,0.01919438253514577,,,,,,,,,,,OBSERVATION_ONLY_FULL_FORWARD_REQUIRED
episode_000004_000006,episode_000004,6,alignment,P1_resize_224_direct,preprocessing,Direct resize to 224x224.,0.46357539273403026,0.08927448062558357,10.492726677338835,0.6406692973177597,0.3850058989689626,0.6283971346663664,0.24339123569740378,0.2235674735826969,0.24196340982087847,0.01839593623818156,,,,,,,,,,,OBSERVATION_ONLY_FULL_FORWARD_REQUIRED
episode_000004_000006,episode_000004,6,alignment,P2_center_crop_square_resize_224,preprocessing,Center square crop then resize to 224x224.,0.5003141010523459,0.10435348169087898,9.814930563837564,0.4708576788199549,0.4973948523002951,0.7393076603610192,0.24191280806072413,0.1987626942280266,0.21240207888496102,0.013639384656934428,,,,,,,,,,,OBSERVATION_ONLY_FULL_FORWARD_REQUIRED
episode_000004_000006,episode_000004,6,alignment,P3_center_crop_0p875_resize_224,preprocessing,Center crop 87.5% of min side then resize to 224x224.,0.5190910194149049,0.1124700013788195,9.489632995345787,0.3026280805546932,0.5200277470363145,0.7679805713848039,0.24795282434848942,0.1892638875511883,0.17967837006712,0.009585517484068301,,,,,,,,,,,OBSERVATION_ONLY_FULL_FORWARD_REQUIRED
episode_000004_000006,episode_000004,6,alignment,P4_letterbox_224,preprocessing,Aspect-preserving resize with black letterbox to 224x224.,0.2600766940573883,0.04990020906238313,13.018976348485706,0.7473377993705379,0.21685398228041217,0.35376448848289316,0.136910506202481,0.2541263431864097,0.3606771186731283,0.1065507754867186,,,,,,,,,,,OBSERVATION_ONLY_FULL_FORWARD_REQUIRED
episode_000004_000006,episode_000004,6,alignment,P5_brightness_match_sim_to_real,photometric,Shift Sim brightness mean toward Real mean.,0.21898623086431473,0.029786398688583092,15.259820017940644,0.6600526459934286,0.38502057134310336,0.38311487877859474,0.001905692564508621,0.2245031281627797,0.149426851197175,0.0750762769656047,,,,,,,,,,,OBSERVATION_ONLY_FULL_FORWARD_REQUIRED
episode_000004_000006,episode_000004,6,alignment,P6_contrast_match_sim_to_real,photometric,Scale Sim contrast toward Real luminance std.,0.4576785878349648,0.08547709501976625,10.681502459642578,0.6366393241486361,0.38502057134310336,0.6263449545530364,0.24132438320993305,0.2245031281627797,0.22441837302667877,8.4755136100928e-05,,,,,,,,,,,OBSERVATION_ONLY_FULL_FORWARD_REQUIRED
episode_000004_000007,episode_000004,7,alignment,P0_current_paired_image,preprocessing,Existing paired 1280x720 image.,0.4646127170771523,0.08972527031759504,10.470852245827633,0.6372351504374827,0.4002336402156521,0.6412874548457926,0.24105381463014053,0.22229661784337015,0.241369855316892,0.019073237473521854,,,,,,,,,,,OBSERVATION_ONLY_FULL_FORWARD_REQUIRED
episode_000004_000007,episode_000004,7,alignment,P1_resize_224_direct,preprocessing,Direct resize to 224x224.,0.4623846418853003,0.08843100771762953,10.533954259436797,0.6444577581750551,0.4002272886185724,0.6412956090561224,0.24106832043755,0.22138073438610162,0.23963590083829914,0.01825516645219752,,,,,,,,,,,OBSERVATION_ONLY_FULL_FORWARD_REQUIRED
episode_000004_000007,episode_000004,7,alignment,P2_center_crop_square_resize_224,preprocessing,Center square crop then resize to 224x224.,0.49296458489914435,0.10181010036776147,9.922091344119577,0.4822214630172878,0.5045856350196328,0.7416749595463186,0.23708932452668574,0.19925657501192798,0.213181142039964,0.013924567028036017,,,,,,,,,,,OBSERVATION_ONLY_FULL_FORWARD_REQUIRED
episode_000004_000007,episode_000004,7,alignment,P3_center_crop_0p875_resize_224,preprocessing,Center crop 87.5% of min side then resize to 224x224.,0.5096969767882235,0.1087028986431174,9.637588749760194,0.3292114174170687,0.5265206073523159,0.7703803105929871,0.2438597032406712,0.18939274915261956,0.1791598987802891,0.01023285037233046,,,,,,,,,,,OBSERVATION_ONLY_FULL_FORWARD_REQUIRED
episode_000004_000007,episode_000004,7,alignment,P4_letterbox_224,preprocessing,Aspect-preserving resize with black letterbox to 224x224.,0.25939736502497107,0.04943138713818861,13.059972022438913,0.7599159532735016,0.22541802622611548,0.3610352068014706,0.13561718057535513,0.2588020431410385,0.36537102798240206,0.10656898484136357,,,,,,,,,,,OBSERVATION_ONLY_FULL_FORWARD_REQUIRED
episode_000004_000007,episode_000004,7,alignment,P5_brightness_match_sim_to_real,photometric,Shift Sim brightness mean toward Real mean.,0.21463204788611878,0.029152361632856668,15.353262572832485,0.6635465716724749,0.4002336402156521,0.3984143133995438,0.001819326816108302,0.22229661784337015,0.1507949813584581,0.07150163648491206,,,,,,,,,,,OBSERVATION_ONLY_FULL_FORWARD_REQUIRED
episode_000004_000007,episode_000004,7,alignment,P6_contrast_match_sim_to_real,photometric,Scale Sim contrast toward Real luminance std.,0.4560922497055732,0.08462195492496655,10.72516945876403,0.6405022032715729,0.4002336402156521,0.6388849132574211,0.23865127304176903,0.22229661784337015,0.2221463690170199,0.00015024882635025771,,,,,,,,,,,OBSERVATION_ONLY_FULL_FORWARD_REQUIRED
episode_000004_000008,episode_000004,8,alignment,P0_current_paired_image,preprocessing,Existing paired 1280x720 image.,0.46527218595272063,0.08912869791889161,10.499824380382234,0.6450610452398196,0.41426619051691854,0.6562488694129562,0.2419826788960377,0.21822916598248426,0.23705597055741257,0.018826804574928302,,,,,,,,,,,OBSERVATION_ONLY_FULL_FORWARD_REQUIRED
episode_000004_000008,episode_000004,8,alignment,P1_resize_224_direct,preprocessing,Direct resize to 224x224.,0.4628676304856019,0.08785469845617987,10.562350075434361,0.6525223879970798,0.41425507604604334,0.6562577117565777,0.24200263571053432,0.21729919620501179,0.23532992917814866,0.01803073297313687,,,,,,,,,,,OBSERVATION_ONLY_FULL_FORWARD_REQUIRED
episode_000004_000008,episode_000004,8,alignment,P2_center_crop_square_resize_224,preprocessing,Center square crop then resize to 224x224.,0.4842644670229115,0.09791375506493445,10.091562935985047,0.5089698314524309,0.5110066861119447,0.7444481993891305,0.23344151327718587,0.19797392802057184,0.21320537684977142,0.015231448829199579,,,,,,,,,,,OBSERVATION_ONLY_FULL_FORWARD_REQUIRED
episode_000004_000008,episode_000004,8,alignment,P3_center_crop_0p875_resize_224,preprocessing,Center crop 87.5% of min side then resize to 224x224.,0.49383621175214687,0.10106079308765989,9.954172979022326,0.4316606968934367,0.5251225404849439,0.7709630414822177,0.24584050099727384,0.1870736075296301,0.17997833135707172,0.007095276172558368,,,,,,,,,,,OBSERVATION_ONLY_FULL_FORWARD_REQUIRED
episode_000004_000008,episode_000004,8,alignment,P4_letterbox_224,preprocessing,Aspect-preserving resize with black letterbox to 224x224.,0.2596767736209604,0.049089146483756896,13.090145189414235,0.770941406630455,0.23330023406237493,0.369442369010104,0.1361421349477291,0.26226706235277336,0.3702923447882539,0.10802528243548054,,,,,,,,,,,OBSERVATION_ONLY_FULL_FORWARD_REQUIRED
episode_000004_000008,episode_000004,8,alignment,P5_brightness_match_sim_to_real,photometric,Shift Sim brightness mean toward Real mean.,0.21132898635530153,0.02786805274102196,15.548933762229737,0.6702141377154835,0.41426619051691854,0.41214170313521226,0.002124487381706286,0.21822916598248426,0.14956047030437364,0.06866869567811063,,,,,,,,,,,OBSERVATION_ONLY_FULL_FORWARD_REQUIRED
episode_000004_000008,episode_000004,8,alignment,P6_contrast_match_sim_to_real,photometric,Scale Sim contrast toward Real luminance std.,0.45653039572231474,0.08423004950130471,10.745329440771057,0.6485781269880235,0.41426619051691854,0.6542870838337419,0.24002089331682336,0.21822916598248426,0.21845768319741277,0.00022851721492850308,,,,,,,,,,,OBSERVATION_ONLY_FULL_FORWARD_REQUIRED
episode_000004_000009,episode_000004,9,alignment,P0_current_paired_image,preprocessing,Existing paired 1280x720 image.,0.46839966320702836,0.08936382388762504,10.488382559873013,0.6325246751932461,0.43169094234409056,0.672757533479711,0.24106659113562046,0.2109387107854143,0.23024553718559101,0.019306826400176724,,,,,,,,,,,OBSERVATION_ONLY_FULL_FORWARD_REQUIRED
episode_000004_000009,episode_000004,9,alignment,P1_resize_224_direct,preprocessing,Direct resize to 224x224.,0.4659629973990225,0.0881306333808033,10.548731086615028,0.6401415775764293,0.4316738053033713,0.6727659177108344,0.2410921124074631,0.2100226379222833,0.2285448801212343,0.018522242198951017,,,,,,,,,,,OBSERVATION_ONLY_FULL_FORWARD_REQUIRED
episode_000004_000009,episode_000004,9,alignment,P2_center_crop_square_resize_224,preprocessing,Center square crop then resize to 224x224.,0.4758543373849659,0.0941935547707645,10.259788129529301,0.5289574024748924,0.5158424926220488,0.7476637581751449,0.231821265553096,0.19469662089970652,0.21086259126036927,0.01616597036066275,,,,,,,,,,,OBSERVATION_ONLY_FULL_FORWARD_REQUIRED
episode_000004_000009,episode_000004,9,alignment,P3_center_crop_0p875_resize_224,preprocessing,Center crop 87.5% of min side then resize to 224x224.,0.48337752781763477,0.09587681508469402,10.182864011519053,0.5007912130049366,0.5225675274953732,0.7716298353403861,0.24906230784501293,0.182645594027853,0.179757318146747,0.0028882758811059894,,,,,,,,,,,OBSERVATION_ONLY_FULL_FORWARD_REQUIRED
episode_000004_000009,episode_000004,9,alignment,P4_letterbox_224,preprocessing,Aspect-preserving resize with black letterbox to 224x224.,0.26126812971963076,0.04922415115964687,13.0782176426775,0.7800907716736267,0.24309807487057322,0.37873320884603834,0.13563513397546512,0.2658237802960954,0.37517431784148036,0.10935053754538498,,,,,,,,,,,OBSERVATION_ONLY_FULL_FORWARD_REQUIRED
episode_000004_000009,episode_000004,9,alignment,P5_brightness_match_sim_to_real,photometric,Shift Sim brightness mean toward Real mean.,0.20898840995948714,0.02747551294596452,15.610541908963762,0.6587467276721686,0.43169094234409056,0.429824598805998,0.001866343538092563,0.2109387107854143,0.14776780545472293,0.06317090533069136,,,,,,,,,,,OBSERVATION_ONLY_FULL_FORWARD_REQUIRED
episode_000004_000009,episode_000004,9,alignment,P6_contrast_match_sim_to_real,photometric,Scale Sim contrast toward Real luminance std.,0.45861870034735497,0.08429785385139435,10.741834819868995,0.6361944205534164,0.43169094234409056,0.6709239687236179,0.23923302637952737,0.2109387107854143,0.21108683469108439,0.00014812390567009448,,,,,,,,,,,OBSERVATION_ONLY_FULL_FORWARD_REQUIRED
episode_000004_000010,episode_000004,10,alignment,P0_current_paired_image,preprocessing,Existing paired 1280x720 image.,0.4721644480490104,0.08943590860931341,10.48488076508644,0.6305133078071912,0.442969686747685,0.686444496383953,0.243474809636268,0.2046163847321405,0.2222429958443323,0.017626611112191798,,,,,,,,,,,OBSERVATION_ONLY_FULL_FORWARD_REQUIRED
episode_000004_000010,episode_000004,10,alignment,P1_resize_224_direct,preprocessing,Direct resize to 224x224.,0.469885791190045,0.08830011957805999,10.54038708290422,0.6380280110622518,0.4429601536083183,0.6864501335846839,0.24348997997636557,0.20373065596956436,0.2206381259108364,0.01690746994127204,,,,,,,,,,,OBSERVATION_ONLY_FULL_FORWARD_REQUIRED
episode_000004_000010,episode_000004,10,alignment,P2_center_crop_square_resize_224,preprocessing,Center square crop then resize to 224x224.,0.46694244688135433,0.08942914012010031,10.485209450599722,0.5835001370994406,0.5142220656387554,0.7510011727347188,0.2367791070959634,0.19064797712382095,0.20647301341549676,0.01582503629167581,,,,,,,,,,,OBSERVATION_ONLY_FULL_FORWARD_REQUIRED
episode_000004_000010,episode_000004,10,alignment,P3_center_crop_0p875_resize_224,preprocessing,Center crop 87.5% of min side then resize to 224x224.,0.47963106548762846,0.09296360486596598,10.316870439141319,0.5328476224834826,0.5207009357336684,0.771619987870148,0.2509190521364796,0.1776642691943851,0.17638926354711498,0.0012750056472701221,,,,,,,,,,,OBSERVATION_ONLY_FULL_FORWARD_REQUIRED
episode_000004_000010,episode_000004,10,alignment,P4_letterbox_224,preprocessing,Aspect-preserving resize with black letterbox to 224x224.,0.26343002186365044,0.04932450839813049,13.06937234530777,0.7863114733968355,0.24944689303846534,0.38643717391644156,0.1369902808779762,0.2676341895977806,0.37859979246960945,0.11096560287182883,,,,,,,,,,,OBSERVATION_ONLY_FULL_FORWARD_REQUIRED
episode_000004_000010,episode_000004,10,alignment,P5_brightness_match_sim_to_real,photometric,Shift Sim brightness mean toward Real mean.,0.20833090003890065,0.02672546586093133,15.730747157143785,0.655414102952946,0.442969686747685,0.4410547294806984,0.0019149572669865944,0.2046163847321405,0.14348486975310062,0.061131514979039875,,,,,,,,,,,OBSERVATION_ONLY_FULL_FORWARD_REQUIRED
episode_000004_000010,episode_000004,10,alignment,P6_contrast_match_sim_to_real,photometric,Scale Sim contrast toward Real luminance std.,0.46299450190640373,0.08488255949790506,10.711815334533517,0.6334947833187862,0.442969686747685,0.6843443790696488,0.24137469232196385,0.2046163847321405,0.20454556640862803,7.081832351246709e-05,,,,,,,,,,,OBSERVATION_ONLY_FULL_FORWARD_REQUIRED
episode_000004_000011,episode_000004,11,alignment,P0_current_paired_image,preprocessing,Existing paired 1280x720 image.,0.4733569198736104,0.08862217840783276,10.52457578848828,0.6369720607846243,0.4499427029522397,0.6962210447737948,0.24627834182155506,0.19842943773851707,0.21472997342185426,0.016300535683337197,,,,,,,,,,,OBSERVATION_ONLY_FULL_FORWARD_REQUIRED
episode_000004_000011,episode_000004,11,alignment,P1_resize_224_direct,preprocessing,Direct resize to 224x224.,0.471095746828965,0.08752780442242257,10.578539653881666,0.6449963463677174,0.44993947146045915,0.6962395188856793,0.2463000474252201,0.1975684024940456,0.21312023196580393,0.015551829471758344,,,,,,,,,,,OBSERVATION_ONLY_FULL_FORWARD_REQUIRED
episode_000004_000011,episode_000004,11,alignment,P2_center_crop_square_resize_224,preprocessing,Center square crop then resize to 224x224.,0.46159305022914177,0.08596270115480835,10.656899463890975,0.6209114679189358,0.5123288215129802,0.7520256531831483,0.2396968316701681,0.18677502259375453,0.2011623476595414,0.014387325065786882,,,,,,,,,,,OBSERVATION_ONLY_FULL_FORWARD_REQUIRED
episode_000004_000011,episode_000004,11,alignment,P3_center_crop_0p875_resize_224,preprocessing,Center crop 87.5% of min side then resize to 224x224.,0.4735886491138731,0.08916461131021036,10.49807479281167,0.5507941474678766,0.5210244946103441,0.7697564219125149,0.24873192730217086,0.1720805439139533,0.1711314422426823,0.000949101671270991,,,,,,,,,,,OBSERVATION_ONLY_FULL_FORWARD_REQUIRED
episode_000004_000011,episode_000004,11,alignment,P4_letterbox_224,preprocessing,Aspect-preserving resize with black letterbox to 224x224.,0.2640640277111899,0.04887760833500067,13.108900530176243,0.7918361885386637,0.2533716301833233,0.3919467518569928,0.13857512167366948,0.2679164226895395,0.3805712986421018,0.1126548759525623,,,,,,,,,,,OBSERVATION_ONLY_FULL_FORWARD_REQUIRED
episode_000004_000011,episode_000004,11,alignment,P5_brightness_match_sim_to_real,photometric,Shift Sim brightness mean toward Real mean.,0.2056356449907125,0.025198234953703713,15.98629878929297,0.6607813413019362,0.4499427029522397,0.4481374029071351,0.0018053000451045964,0.19842943773851707,0.13885434176691944,0.05957509597159763,,,,,,,,,,,OBSERVATION_ONLY_FULL_FORWARD_REQUIRED
episode_000004_000011,episode_000004,11,alignment,P6_contrast_match_sim_to_real,photometric,Scale Sim contrast toward Real luminance std.,0.46447299304259443,0.08440797470835644,10.73616520101568,0.6400777463508798,0.4499427029522397,0.6945512860549428,0.24460858310270306,0.19842943773851707,0.19847040754892822,4.096981041115666e-05,,,,,,,,,,,OBSERVATION_ONLY_FULL_FORWARD_REQUIRED
episode_000004_000012,episode_000004,12,alignment,P0_current_paired_image,preprocessing,Existing paired 1280x720 image.,0.4768869805584509,0.08913604669389086,10.49946631379541,0.6253950511972965,0.45534879150241697,0.7041860884344361,0.24883729693201911,0.1917175173179838,0.20653621662275556,0.014818699304771754,,,,,,,,,,,OBSERVATION_ONLY_FULL_FORWARD_REQUIRED
episode_000004_000012,episode_000004,12,alignment,P1_resize_224_direct,preprocessing,Direct resize to 224x224.,0.47467824967414085,0.0881045943704279,10.550014439409683,0.6333931747543381,0.455339350490196,0.7041918769695378,0.24885252647934175,0.1908990858162328,0.20496395778795104,0.01406487197171824,,,,,,,,,,,OBSERVATION_ONLY_FULL_FORWARD_REQUIRED
episode_000004_000012,episode_000004,12,alignment,P2_center_crop_square_resize_224,preprocessing,Center square crop then resize to 224x224.,0.4617015728580889,0.08500549882943374,10.705529797676208,0.6142675198748333,0.5124250505983643,0.7532788296256001,0.24085377902723581,0.18217403803822832,0.1926690998580756,0.010495061819847273,,,,,,,,,,,OBSERVATION_ONLY_FULL_FORWARD_REQUIRED
episode_000004_000012,episode_000004,12,alignment,P3_center_crop_0p875_resize_224,preprocessing,Center crop 87.5% of min side then resize to 224x224.,0.47183559041451084,0.0876110602533497,10.57441063880001,0.5376224988690121,0.5216929674682372,0.7700111592136855,0.24831819174544822,0.1672717112760526,0.16071213522968175,0.006559576046370835,,,,,,,,,,,OBSERVATION_ONLY_FULL_FORWARD_REQUIRED
episode_000004_000012,episode_000004,12,alignment,P4_letterbox_224,preprocessing,Aspect-preserving resize with black letterbox to 224x224.,0.2660501632763709,0.04918538585777448,13.081639172353086,0.7928642961972613,0.2564288759722639,0.3964425585234093,0.14001368255114544,0.26747097793386726,0.3816350168452782,0.11416403891141091,,,,,,,,,,,OBSERVATION_ONLY_FULL_FORWARD_REQUIRED
episode_000004_000012,episode_000004,12,alignment,P5_brightness_match_sim_to_real,photometric,Shift Sim brightness mean toward Real mean.,0.20521916160219214,0.024560293700473097,16.097664440564344,0.6476974909794536,0.45534879150241697,0.4533151007582722,0.0020336907441447782,0.1917175173179838,0.1335586398070364,0.05815887751094742,,,,,,,,,,,OBSERVATION_ONLY_FULL_FORWARD_REQUIRED
episode_000004_000012,episode_000004,12,alignment,P6_contrast_match_sim_to_real,photometric,Scale Sim contrast toward Real luminance std.,0.46864536976104615,0.08526057533738804,10.69251741064798,0.6277678090002958,0.45534879150241697,0.7025805818261508,0.24723179032373382,0.1917175173179838,0.19169865452627013,1.886279171367522e-05,,,,,,,,,,,OBSERVATION_ONLY_FULL_FORWARD_REQUIRED
episode_000004_000013,episode_000004,13,alignment,P0_current_paired_image,preprocessing,Existing paired 1280x720 image.,0.4839614403233564,0.0911251719646646,10.403616391048667,0.6129882281705112,0.45864133062789336,0.7122499369187434,0.25360860629085,0.1852714363207479,0.19768621392893512,0.01241477760818721,,,,,,,,,,,OBSERVATION_ONLY_FULL_FORWARD_REQUIRED
episode_000004_000013,episode_000004,13,alignment,P1_resize_224_direct,preprocessing,Direct resize to 224x224.,0.4819422295785138,0.0901806498743288,10.448866393353033,0.6207247283983944,0.45862615644695376,0.7122621722282663,0.2536360157813125,0.18448482019236845,0.19609000210044966,0.011605181908081214,,,,,,,,,,,OBSERVATION_ONLY_FULL_FORWARD_REQUIRED
episode_000004_000013,episode_000004,13,alignment,P2_center_crop_square_resize_224,preprocessing,Center square crop then resize to 224x224.,0.4662734128335231,0.08589152072185086,10.660497079437814,0.6022451072733461,0.5107453702262155,0.754413478672719,0.24366810844650355,0.17841283991264842,0.18289678210983226,0.004483942197183843,,,,,,,,,,,OBSERVATION_ONLY_FULL_FORWARD_REQUIRED
episode_000004_000013,episode_000004,13,alignment,P3_center_crop_0p875_resize_224,preprocessing,Center crop 87.5% of min side then resize to 224x224.,0.4725751843610169,0.0872516352333417,10.592264249285304,0.5230213145115576,0.5206939608812275,0.7684236360794316,0.2477296751982041,0.16446757156845238,0.1521649800767843,0.012302591491668069,,,,,,,,,,,OBSERVATION_ONLY_FULL_FORWARD_REQUIRED
episode_000004_000013,episode_000004,13,alignment,P4_letterbox_224,preprocessing,Aspect-preserving resize with black letterbox to 224x224.,0.2700687537220465,0.050350554539626315,12.97995741949023,0.7912132896076052,0.258264995357518,0.4009661849114645,0.1427011895539465,0.26632043059448196,0.3826655621437813,0.11634513154929932,,,,,,,,,,,OBSERVATION_ONLY_FULL_FORWARD_REQUIRED
episode_000004_000013,episode_000004,13,alignment,P5_brightness_match_sim_to_real,photometric,Shift Sim brightness mean toward Real mean.,0.2071387160628216,0.024135546402202862,16.173428647849832,0.6318429422155383,0.45864133062789336,0.4563894078924973,0.002251922735396039,0.1852714363207479,0.12716495948910533,0.05810647683164258,,,,,,,,,,,OBSERVATION_ONLY_FULL_FORWARD_REQUIRED
episode_000004_000013,episode_000004,13,alignment,P6_contrast_match_sim_to_real,photometric,Scale Sim contrast toward Real luminance std.,0.4760702182293255,0.08754997263895115,10.57743985305885,0.6156863989867524,0.45864133062789336,0.710442386861724,0.25180105623383064,0.1852714363207479,0.18553659642292605,0.00026516010217814134,,,,,,,,,,,OBSERVATION_ONLY_FULL_FORWARD_REQUIRED
episode_000004_000014,episode_000004,14,alignment,P0_current_paired_image,preprocessing,Existing paired 1280x720 image.,0.48706058551365516,0.09178552198362099,10.372258179109686,0.6043340123153944,0.46093395688487176,0.7184686534858385,0.2575346966009668,0.1788031150921319,0.19011485591384808,0.011311740821716182,,,,,,,,,,,OBSERVATION_ONLY_FULL_FORWARD_REQUIRED
episode_000004_000014,episode_000004,14,alignment,P1_resize_224_direct,preprocessing,Direct resize to 224x224.,0.4849383520523839,0.09085683926348316,10.416423755370694,0.6123346645668482,0.46092813922443976,0.7184742260966885,0.2575460868722488,0.17804007074619704,0.18844758992232774,0.010407519176130697,,,,,,,,,,,OBSERVATION_ONLY_FULL_FORWARD_REQUIRED
episode_000004_000014,episode_000004,14,alignment,P2_center_crop_square_resize_224,preprocessing,Center square crop then resize to 224x224.,0.46701258825067393,0.08584796939609175,10.66269972960863,0.5886099727957826,0.5073125222120098,0.7519132697922919,0.24460074758028205,0.17558202389767852,0.1776171916067224,0.0020351677090438836,,,,,,,,,,,OBSERVATION_ONLY_FULL_FORWARD_REQUIRED
episode_000004_000014,episode_000004,14,alignment,P3_center_crop_0p875_resize_224,preprocessing,Center crop 87.5% of min side then resize to 224x224.,0.47096400477574174,0.0862616746044823,10.641821151162588,0.5056287601791818,0.5183253481236244,0.7645777874743647,0.24625243935074026,0.16231038849405374,0.14721893111224574,0.015091457381808004,,,,,,,,,,,OBSERVATION_ONLY_FULL_FORWARD_REQUIRED
episode_000004_000014,episode_000004,14,alignment,P4_letterbox_224,preprocessing,Aspect-preserving resize with black letterbox to 224x224.,0.2722136074928705,0.05083123792817781,12.93869313495605,0.7900578396705942,0.2595590360206583,0.4044634816270258,0.1449044456063675,0.2648402654035179,0.383459102884261,0.11861883748074309,,,,,,,,,,,OBSERVATION_ONLY_FULL_FORWARD_REQUIRED
episode_000004_000014,episode_000004,14,alignment,P5_brightness_match_sim_to_real,photometric,Shift Sim brightness mean toward Real mean.,0.2060995220636316,0.023196925967532086,16.34569563548447,0.6236638592231726,0.46093395688487176,0.45899279744689553,0.0019411594379762365,0.1788031150921319,0.12198371881811856,0.056819396274013334,,,,,,,,,,,OBSERVATION_ONLY_FULL_FORWARD_REQUIRED
episode_000004_000014,episode_000004,14,alignment,P6_contrast_match_sim_to_real,photometric,Scale Sim contrast toward Real luminance std.,0.47914432018999953,0.08832519538759132,10.539153931723824,0.606666948652947,0.46093395688487176,0.7163705797394134,0.25543662285454166,0.1788031150921319,0.1787424912920961,6.062380003579726e-05,,,,,,,,,,,OBSERVATION_ONLY_FULL_FORWARD_REQUIRED
episode_000004_000015,episode_000004,15,alignment,P0_current_paired_image,preprocessing,Existing paired 1280x720 image.,0.49252438401236875,0.09345335064660845,10.294051229502536,0.594793375203513,0.4614492729345384,0.7222232352183757,0.2607739622838373,0.17262822662465793,0.18554844308043392,0.012920216455775985,,,,,,,,,,,OBSERVATION_ONLY_FULL_FORWARD_REQUIRED
episode_000004_000015,episode_000004,15,alignment,P1_resize_224_direct,preprocessing,Direct resize to 224x224.,0.4910857715696836,0.09266611914373592,10.330790248471619,0.6018975243604875,0.46144967587034813,0.7222251916235243,0.26077551575317615,0.17185556194900392,0.1842313275270143,0.012375765578010373,,,,,,,,,,,OBSERVATION_ONLY_FULL_FORWARD_REQUIRED
episode_000004_000015,episode_000004,15,alignment,P2_center_crop_square_resize_224,preprocessing,Center square crop then resize to 224x224.,0.47272173372550125,0.08736692379157543,10.586529556223784,0.5770414399447029,0.5025842857768106,0.74888502458796,0.24630073881114944,0.17226878628680128,0.17613490866726672,0.0038661223804654365,,,,,,,,,,,OBSERVATION_ONLY_FULL_FORWARD_REQUIRED
episode_000004_000015,episode_000004,15,alignment,P3_center_crop_0p875_resize_224,preprocessing,Center crop 87.5% of min side then resize to 224x224.,0.475154923184477,0.08706844022331156,10.601392355850106,0.4892162477546778,0.5140854320009253,0.7599036645908362,0.24581823258991098,0.158921377354293,0.1472280906379994,0.011693286716293577,,,,,,,,,,,OBSERVATION_ONLY_FULL_FORWARD_REQUIRED
episode_000004_000015,episode_000004,15,alignment,P4_letterbox_224,preprocessing,Aspect-preserving resize with black letterbox to 224x224.,0.2758199063519486,0.05191860230611852,12.846770076350884,0.7876678270828306,0.2598492969844188,0.40656156939338234,0.14671227240896356,0.2627692821003387,0.384100088689923,0.12133080658958434,,,,,,,,,,,OBSERVATION_ONLY_FULL_FORWARD_REQUIRED
episode_000004_000015,episode_000004,15,alignment,P5_brightness_match_sim_to_real,photometric,Shift Sim brightness mean toward Real mean.,0.20597302542633003,0.022349466823880063,16.50732833078299,0.6162148142270167,0.4614492729345384,0.45961807409364763,0.0018311988408907798,0.17262822662465793,0.11846402412755486,0.054164202497103076,,,,,,,,,,,OBSERVATION_ONLY_FULL_FORWARD_REQUIRED
episode_000004_000015,episode_000004,15,alignment,P6_contrast_match_sim_to_real,photometric,Scale Sim contrast toward Real luminance std.,0.48406109970022027,0.08973766078996503,10.470252554988551,0.5979968383020334,0.4614492729345384,0.7203906689772264,0.25894139604268795,0.17262822662465793,0.17279915650123448,0.00017092987657654768,,,,,,,,,,,OBSERVATION_ONLY_FULL_FORWARD_REQUIRED
episode_000004_000016,episode_000004,16,alignment,P0_current_paired_image,preprocessing,Existing paired 1280x720 image.,0.49380637249376025,0.09377762104830582,10.279007886444935,0.5888513405609211,0.46183545724741293,0.7241460071282682,0.2623105498808552,0.16850902889281233,0.18301607665551242,0.014507047762700093,,,,,,,,,,,OBSERVATION_ONLY_FULL_FORWARD_REQUIRED
episode_000004_000016,episode_000004,16,alignment,P1_resize_224_direct,preprocessing,Direct resize to 224x224.,0.49245656770563623,0.09302093130961535,10.314193167208451,0.5958642150490465,0.46183107657125344,0.7241484082226642,0.2623173316514108,0.16776854767123187,0.18172782375655136,0.013959276085319494,,,,,,,,,,,OBSERVATION_ONLY_FULL_FORWARD_REQUIRED
episode_000004_000016,episode_000004,16,alignment,P2_center_crop_square_resize_224,preprocessing,Center square crop then resize to 224x224.,0.4732828083155686,0.08745476141845626,10.582165406567858,0.5730134213949409,0.4992220119766656,0.7458498757940676,0.24662786381740198,0.1701282634586614,0.17615187605470603,0.006023612596044642,,,,,,,,,,,OBSERVATION_ONLY_FULL_FORWARD_REQUIRED
episode_000004_000016,episode_000004,16,alignment,P3_center_crop_0p875_resize_224,preprocessing,Center crop 87.5% of min side then resize to 224x224.,0.4757045581012455,0.08703485857169663,10.603067720564198,0.4813769512288963,0.510601300270108,0.7561783697697829,0.24557706949967495,0.15652569234524044,0.14766251099509714,0.008863181350143301,,,,,,,,,,,OBSERVATION_ONLY_FULL_FORWARD_REQUIRED
episode_000004_000016,episode_000004,16,alignment,P4_letterbox_224,preprocessing,Aspect-preserving resize with black letterbox to 224x224.,0.27660227253849834,0.05212090371279231,12.829880627584483,0.7868646815061878,0.2600684373593187,0.4076477234331233,0.14757928607380455,0.26144967561681715,0.3843229685977631,0.12287329298094596,,,,,,,,,,,OBSERVATION_ONLY_FULL_FORWARD_REQUIRED
episode_000004_000016,episode_000004,16,alignment,P5_brightness_match_sim_to_real,photometric,Shift Sim brightness mean toward Real mean.,0.20363427165285117,0.02159582659736462,16.65630168333136,0.614082227886592,0.46183545724741293,0.4598455753719022,0.001989881875510746,0.16850902889281233,0.1168455279840078,0.05166350090880453,,,,,,,,,,,OBSERVATION_ONLY_FULL_FORWARD_REQUIRED
episode_000004_000016,episode_000004,16,alignment,P6_contrast_match_sim_to_real,photometric,Scale Sim contrast toward Real luminance std.,0.4852594576593805,0.08996673303626099,10.459180497785077,0.5917104032613436,0.46183545724741293,0.7225516756672108,0.26071621841979786,0.16850902889281233,0.1684101311877655,9.889770504684092e-05,,,,,,,,,,,OBSERVATION_ONLY_FULL_FORWARD_REQUIRED
episode_000004_000017,episode_000004,17,alignment,P0_current_paired_image,preprocessing,Existing paired 1280x720 image.,0.4954045174675761,0.09424733136605225,10.25730938091993,0.5836489500699047,0.46165617714630985,0.7252530253991358,0.263596848252826,0.16614216431451417,0.18143071228565447,0.015288547971140293,,,,,,,,,,,OBSERVATION_ONLY_FULL_FORWARD_REQUIRED
episode_000004_000017,episode_000004,17,alignment,P1_resize_224_direct,preprocessing,Direct resize to 224x224.,0.4940510557956727,0.0934897820443537,10.292358527023302,0.5906813013529653,0.4616528165484944,0.7252510300213836,0.2635982134728892,0.16539928285075858,0.18012674439943363,0.014727461548675047,,,,,,,,,,,OBSERVATION_ONLY_FULL_FORWARD_REQUIRED
episode_000004_000017,episode_000004,17,alignment,P2_center_crop_square_resize_224,preprocessing,Center square crop then resize to 224x224.,0.47468361713183954,0.08793878366297499,10.55819545676869,0.5696383721512666,0.49714805470625745,0.7448988955269608,0.2477508408207033,0.16873574630175892,0.1758541415955336,0.007118395293774671,,,,,,,,,,,OBSERVATION_ONLY_FULL_FORWARD_REQUIRED
episode_000004_000017,episode_000004,17,alignment,P3_center_crop_0p875_resize_224,preprocessing,Center crop 87.5% of min side then resize to 224x224.,0.4771236744397231,0.08748830424735252,10.580500011529747,0.4761372434877596,0.5083205303215036,0.7548362079988246,0.24651567767732097,0.1550957947543292,0.14756694901176212,0.00752884574256707,,,,,,,,,,,OBSERVATION_ONLY_FULL_FORWARD_REQUIRED
episode_000004_000017,episode_000004,17,alignment,P4_letterbox_224,preprocessing,Aspect-preserving resize with black letterbox to 224x224.,0.2775428866606669,0.05239721828273793,12.806917686751394,0.7856221387719127,0.259960565382403,0.4082819015418667,0.14832133615946375,0.2605197413517245,0.3844279485758784,0.12390820722415391,,,,,,,,,,,OBSERVATION_ONLY_FULL_FORWARD_REQUIRED
episode_000004_000017,episode_000004,17,alignment,P5_brightness_match_sim_to_real,photometric,Shift Sim brightness mean toward Real mean.,0.20282925916824682,0.02131284077549411,16.713586595820907,0.6106959808368986,0.46165617714630985,0.4596915092396854,0.001964667906624473,0.16614216431451417,0.11557593819408259,0.05056622612043159,,,,,,,,,,,OBSERVATION_ONLY_FULL_FORWARD_REQUIRED
episode_000004_000017,episode_000004,17,alignment,P6_contrast_match_sim_to_real,photometric,Scale Sim contrast toward Real luminance std.,0.4850750835431479,0.08983185346714938,10.465696395903532,0.5874386856200576,0.46165617714630985,0.7233000710648149,0.261643893918505,0.16614216431451417,0.16623214167705766,8.997736254348632e-05,,,,,,,,,,,OBSERVATION_ONLY_FULL_FORWARD_REQUIRED
episode_000004_000018,episode_000004,18,alignment,P0_current_paired_image,preprocessing,Existing paired 1280x720 image.,0.4979829455814397,0.09496373979648141,10.224421906310361,0.5823654701792093,0.4614084696138003,0.7255036225839119,0.2640951529701116,0.16595535891794008,0.1814259678428449,0.015470608924904816,,,,,,,,,,,OBSERVATION_ONLY_FULL_FORWARD_REQUIRED
episode_000004_000018,episode_000004,18,alignment,P1_resize_224_direct,preprocessing,Direct resize to 224x224.,0.4966073666601908,0.09421283474582644,10.25889928633971,0.5893226983132097,0.4614029948541917,0.7254905624280962,0.2640875675739045,0.16522539851564588,0.1801456650024415,0.01492026648679562,,,,,,,,,,,OBSERVATION_ONLY_FULL_FORWARD_REQUIRED
episode_000004_000018,episode_000004,18,alignment,P2_center_crop_square_resize_224,preprocessing,Center square crop then resize to 224x224.,0.4774216353386744,0.08866804738643821,10.522328552956356,0.5684772301634455,0.4969128242547018,0.7453830760585484,0.24847025180384658,0.16843612407655975,0.1756810031464035,0.0072448790698437515,,,,,,,,,,,OBSERVATION_ONLY_FULL_FORWARD_REQUIRED
episode_000004_000018,episode_000004,18,alignment,P3_center_crop_0p875_resize_224,preprocessing,Center crop 87.5% of min side then resize to 224x224.,0.47986628104341167,0.08823117012327807,10.54377961114274,0.4739232201857752,0.5080035629720637,0.755205060539841,0.24720149756777732,0.15478686917920706,0.1476427328997633,0.007144136279443769,,,,,,,,,,,OBSERVATION_ONLY_FULL_FORWARD_REQUIRED
episode_000004_000018,episode_000004,18,alignment,P4_letterbox_224,preprocessing,Aspect-preserving resize with black letterbox to 224x224.,0.2789926103598208,0.052806939565041705,12.773090013910515,0.7849274884653537,0.2598185031981543,0.4084284215404912,0.1486099183423369,0.2603472239745218,0.38454406299516386,0.12419683902064205,,,,,,,,,,,OBSERVATION_ONLY_FULL_FORWARD_REQUIRED
episode_000004_000018,episode_000004,18,alignment,P5_brightness_match_sim_to_real,photometric,Shift Sim brightness mean toward Real mean.,0.208104990674117,0.021901268069750603,16.595307390524844,0.6078925391058654,0.4614084696138003,0.45944610316074375,0.00196236645305653,0.16595535891794008,0.1153098136982074,0.05064554521973268,,,,,,,,,,,OBSERVATION_ONLY_FULL_FORWARD_REQUIRED
episode_000004_000018,episode_000004,18,alignment,P6_contrast_match_sim_to_real,photometric,Scale Sim contrast toward Real luminance std.,0.48731155094779094,0.09042051599745288,10.437330189318171,0.5863234263084397,0.4614084696138003,0.7235637978792208,0.2621553282654205,0.16595535891794008,0.16608314467323496,0.00012778575529487357,,,,,,,,,,,OBSERVATION_ONLY_FULL_FORWARD_REQUIRED
episode_000004_000019,episode_000004,19,descent_to_grasp,P0_current_paired_image,preprocessing,Existing paired 1280x720 image.,0.49849817217632697,0.09510459589972518,10.21798495411042,0.582213478134749,0.4614833968103213,0.725857395281863,0.2643739984715417,0.16584212175618213,0.18112452531208012,0.015282403555897994,,,,,,,,,,,OBSERVATION_ONLY_FULL_FORWARD_REQUIRED
episode_000004_000019,episode_000004,19,descent_to_grasp,P1_resize_224_direct,preprocessing,Direct resize to 224x224.,0.4971630632864557,0.09436369410917962,10.251950658806662,0.5890931695080693,0.4614791003432622,0.7258551211109444,0.2643760207676822,0.16511053834461903,0.17984220126061207,0.014731662915993038,,,,,,,,,,,OBSERVATION_ONLY_FULL_FORWARD_REQUIRED
episode_000004_000019,episode_000004,19,descent_to_grasp,P2_center_crop_square_resize_224,preprocessing,Center square crop then resize to 224x224.,0.47790978521429767,0.08878206378548151,10.516747637910644,0.5685999466935805,0.49688549735519205,0.7456925729510554,0.24880707559586335,0.1683477462603255,0.1753173221119852,0.006969575851659693,,,,,,,,,,,OBSERVATION_ONLY_FULL_FORWARD_REQUIRED
episode_000004_000019,episode_000004,19,descent_to_grasp,P3_center_crop_0p875_resize_224,preprocessing,Center crop 87.5% of min side then resize to 224x224.,0.4801579860415833,0.08828185348894459,10.541285573457845,0.4741506157505151,0.5079103260522959,0.7553353647865394,0.24742503873424349,0.15462367311829353,0.14746543236346304,0.007158240754830486,,,,,,,,,,,OBSERVATION_ONLY_FULL_FORWARD_REQUIRED
episode_000004_000019,episode_000004,19,descent_to_grasp,P4_letterbox_224,preprocessing,Aspect-preserving resize with black letterbox to 224x224.,0.2792844203530984,0.05288622403618311,12.766574395756482,0.7847983584314813,0.25985957229766904,0.4086243357655562,0.14876476346788714,0.2603433551863081,0.384630771137013,0.12428741595070492,,,,,,,,,,,OBSERVATION_ONLY_FULL_FORWARD_REQUIRED
episode_000004_000019,episode_000004,19,descent_to_grasp,P5_brightness_match_sim_to_real,photometric,Shift Sim brightness mean toward Real mean.,0.2081421017242136,0.02188479704097961,16.598574766675604,0.6077129010626046,0.4614833968103213,0.4595848891765385,0.0018985076337827977,0.16584212175618213,0.1150706441884467,0.050771477567735424,,,,,,,,,,,OBSERVATION_ONLY_FULL_FORWARD_REQUIRED
episode_000004_000019,episode_000004,19,descent_to_grasp,P6_contrast_match_sim_to_real,photometric,Scale Sim contrast toward Real luminance std.,0.4878659079803598,0.09058556988631512,10.429409791209173,0.5860522731328421,0.4614833968103213,0.7238753821997546,0.26239198538943326,0.16584212175618213,0.1659280124087659,8.589065258376993e-05,,,,,,,,,,,OBSERVATION_ONLY_FULL_FORWARD_REQUIRED
episode_000004_000020,episode_000004,20,descent_to_grasp,P0_current_paired_image,preprocessing,Existing paired 1280x720 image.,0.4981536346930383,0.09472740687676225,10.235243511623205,0.5805093182428536,0.4627649714213985,0.7273291740859876,0.26456420266458913,0.16282942093047115,0.17853908561610132,0.015709664685630176,,,,,,,,,,,OBSERVATION_ONLY_FULL_FORWARD_REQUIRED
episode_000004_000020,episode_000004,20,descent_to_grasp,P1_resize_224_direct,preprocessing,Direct resize to 224x224.,0.4968413651028538,0.09399860107441668,10.268786097001128,0.5875091593017125,0.4627581485094038,0.7273212604260454,0.2645631119166416,0.16209972181334698,0.17728249450575054,0.015182772692403562,,,,,,,,,,,OBSERVATION_ONLY_FULL_FORWARD_REQUIRED
episode_000004_000020,episode_000004,20,descent_to_grasp,P2_center_crop_square_resize_224,preprocessing,Center square crop then resize to 224x224.,0.47571086812936425,0.08775769417244021,10.567147963419742,0.5734215232863981,0.49612769820428165,0.743473105070153,0.2473454068658713,0.16667810765898464,0.17534437135000783,0.00866626369102319,,,,,,,,,,,OBSERVATION_ONLY_FULL_FORWARD_REQUIRED
episode_000004_000020,episode_000004,20,descent_to_grasp,P3_center_crop_0p875_resize_224,preprocessing,Center crop 87.5% of min side then resize to 224x224.,0.4780688748686885,0.08718447530155854,10.595608418004748,0.4795052516537365,0.506431029302346,0.7524088077418467,0.24597777843950075,0.15204378064881935,0.14772254030754997,0.004321240341269378,,,,,,,,,,,OBSERVATION_ONLY_FULL_FORWARD_REQUIRED
episode_000004_000020,episode_000004,20,descent_to_grasp,P4_letterbox_224,preprocessing,Aspect-preserving resize with black letterbox to 224x224.,0.2791043932176989,0.052679116887768176,12.783615141579363,0.7861220355976489,0.26058746054671866,0.40944858338647955,0.14886112283976088,0.2598405391198313,0.3846465817165289,0.12480604259669759,,,,,,,,,,,OBSERVATION_ONLY_FULL_FORWARD_REQUIRED
episode_000004_000020,episode_000004,20,descent_to_grasp,P5_brightness_match_sim_to_real,photometric,Shift Sim brightness mean toward Real mean.,0.20680982723602265,0.02140192902903263,16.69547080440165,0.6067634474928892,0.4627649714213985,0.46060314373978717,0.002161827681611328,0.16282942093047115,0.11346372156966006,0.04936569936081109,,,,,,,,,,,OBSERVATION_ONLY_FULL_FORWARD_REQUIRED
episode_000004_000020,episode_000004,20,descent_to_grasp,P6_contrast_match_sim_to_real,photometric,Scale Sim contrast toward Real luminance std.,0.4876198925316929,0.09025404520786157,10.44533323803673,0.5844802017433091,0.4627649714213985,0.7256709862991895,0.26290601487779097,0.16282942093047115,0.16278246401527652,4.695691519462919e-05,,,,,,,,,,,OBSERVATION_ONLY_FULL_FORWARD_REQUIRED
episode_000004_000021,episode_000004,21,descent_to_grasp,P0_current_paired_image,preprocessing,Existing paired 1280x720 image.,0.5001518310620663,0.0951082381676119,10.21781863338314,0.5696479534676558,0.46327095703039894,0.7305982079580269,0.26732725092762794,0.15596396150572223,0.17245018277551125,0.01648622126978902,,,,,,,,,,,OBSERVATION_ONLY_FULL_FORWARD_REQUIRED
episode_000004_000021,episode_000004,21,descent_to_grasp,P1_resize_224_direct,preprocessing,Direct resize to 224x224.,0.4990482481682532,0.09445144387411826,10.247913986551268,0.5763285361196127,0.4632715490727541,0.7305926409313726,0.26732109185861846,0.1553087898619835,0.17126061598041775,0.015951826118434265,,,,,,,,,,,OBSERVATION_ONLY_FULL_FORWARD_REQUIRED
episode_000004_000021,episode_000004,21,descent_to_grasp,P2_center_crop_square_resize_224,preprocessing,Center square crop then resize to 224x224.,0.474280128284359,0.0870462088021483,10.602501393331165,0.5750098940758316,0.4914987447478992,0.7384858891212734,0.24698714437337427,0.16247774094931489,0.1759363660704667,0.013458625121151813,,,,,,,,,,,OBSERVATION_ONLY_FULL_FORWARD_REQUIRED
episode_000004_000021,episode_000004,21,descent_to_grasp,P3_center_crop_0p875_resize_224,preprocessing,Center crop 87.5% of min side then resize to 224x224.,0.47587472201282144,0.08556202117284824,10.677189649391348,0.4856329092297601,0.5010760382590537,0.745549863867422,0.24447382560836828,0.14572485890415712,0.1488323923675517,0.0031075334633945684,,,,,,,,,,,OBSERVATION_ONLY_FULL_FORWARD_REQUIRED
episode_000004_000021,episode_000004,21,descent_to_grasp,P4_letterbox_224,preprocessing,Aspect-preserving resize with black letterbox to 224x224.,0.280392083686528,0.052945908551329024,12.76167594805498,0.7848961337593879,0.26087707268845034,0.41128083258303316,0.15040375989458282,0.2577341051049963,0.384642052711693,0.1269079476066967,,,,,,,,,,,OBSERVATION_ONLY_FULL_FORWARD_REQUIRED
episode_000004_000021,episode_000004,21,descent_to_grasp,P5_brightness_match_sim_to_real,photometric,Shift Sim brightness mean toward Real mean.,0.20415672729957593,0.020437885930402477,16.89564029097206,0.5993428761101148,0.46327095703039894,0.4614841424300447,0.0017868146003542362,0.15596396150572223,0.10941330923152312,0.046550652274199106,,,,,,,,,,,OBSERVATION_ONLY_FULL_FORWARD_REQUIRED
episode_000004_000021,episode_000004,21,descent_to_grasp,P6_contrast_match_sim_to_real,photometric,Scale Sim contrast toward Real luminance std.,0.48948951481128505,0.09059343790938669,10.429032590886994,0.5730372425855622,0.46327095703039894,0.729060032110396,0.2657890750799971,0.15596396150572223,0.15586604087612352,9.792062959870784e-05,,,,,,,,,,,OBSERVATION_ONLY_FULL_FORWARD_REQUIRED
episode_000004_000022,episode_000004,22,descent_to_grasp,P0_current_paired_image,preprocessing,Existing paired 1280x720 image.,0.5089578284711015,0.09750325932444963,10.109808665274706,0.5467221632059192,0.4594600417092184,0.7319526232034658,0.2724925814942474,0.1447558193160505,0.16530908683186116,0.020553267515810658,,,,,,,,,,,OBSERVATION_ONLY_FULL_FORWARD_REQUIRED
episode_000004_000022,episode_000004,22,descent_to_grasp,P1_resize_224_direct,preprocessing,Direct resize to 224x224.,0.5080361736388816,0.09690841491825489,10.136385099059947,0.5532697396600131,0.4594558899340986,0.7319543177739846,0.272498427839886,0.14418107346778883,0.1640868994620096,0.019905825994220777,,,,,,,,,,,OBSERVATION_ONLY_FULL_FORWARD_REQUIRED
episode_000004_000022,episode_000004,22,descent_to_grasp,P2_center_crop_square_resize_224,preprocessing,Center square crop then resize to 224x224.,0.479112861587631,0.08766310476396441,10.571831520030809,0.572883500545779,0.48033677036439576,0.7289195990271109,0.24858282866271514,0.15323286920284918,0.17651457684530175,0.023281707642452576,,,,,,,,,,,OBSERVATION_ONLY_FULL_FORWARD_REQUIRED
episode_000004_000022,episode_000004,22,descent_to_grasp,P3_center_crop_0p875_resize_224,preprocessing,Center crop 87.5% of min side then resize to 224x224.,0.47922013557260956,0.08495332017610965,10.708196432106401,0.4921344129697574,0.48914312184248704,0.7337628902654812,0.2446197684229942,0.1331194098253525,0.15107075797835848,0.017951348153005975,,,,,,,,,,,OBSERVATION_ONLY_FULL_FORWARD_REQUIRED
episode_000004_000022,episode_000004,22,descent_to_grasp,P4_letterbox_224,preprocessing,Aspect-preserving resize with black letterbox to 224x224.,0.2855376928633837,0.05434773102459938,12.648185826552522,0.7787883497956769,0.2587270046143457,0.4120454938537916,0.15331848923944585,0.25237531306605404,0.3835160576379264,0.13114074457187236,,,,,,,,,,,OBSERVATION_ONLY_FULL_FORWARD_REQUIRED
episode_000004_000022,episode_000004,22,descent_to_grasp,P5_brightness_match_sim_to_real,photometric,Shift Sim brightness mean toward Real mean.,0.2013709230494525,0.019288629312132436,17.14698633078135,0.583971132442365,0.4594600417092184,0.4575231196189064,0.0019369220903119877,0.1447558193160505,0.10370957347932887,0.04104624583672163,,,,,,,,,,,OBSERVATION_ONLY_FULL_FORWARD_REQUIRED
episode_000004_000022,episode_000004,22,descent_to_grasp,P6_contrast_match_sim_to_real,photometric,Scale Sim contrast toward Real luminance std.,0.4963906855096688,0.09214347049345338,10.355354344995318,0.5526595358326511,0.4594600417092184,0.7308984474545547,0.2714384057453363,0.1447558193160505,0.14479201319890003,3.61938828495334e-05,,,,,,,,,,,OBSERVATION_ONLY_FULL_FORWARD_REQUIRED
episode_000004_000023,episode_000004,23,descent_to_grasp,P0_current_paired_image,preprocessing,Existing paired 1280x720 image.,0.5126706018857757,0.09710055087542009,10.127783062250897,0.5429010751953343,0.4559472442231754,0.729749678564134,0.2738024343409586,0.13407807601883417,0.16066186567434199,0.02658378965550781,,,,,,,,,,,OBSERVATION_ONLY_FULL_FORWARD_REQUIRED
episode_000004_000023,episode_000004,23,descent_to_grasp,P1_resize_224_direct,preprocessing,Direct resize to 224x224.,0.5119264981491479,0.0965668564198555,10.151719061294814,0.5493247928152118,0.4559267040097289,0.7297423189119396,0.27381561490221074,0.13353209235239516,0.1595612544820237,0.026029162129628552,,,,,,,,,,,OBSERVATION_ONLY_FULL_FORWARD_REQUIRED
episode_000004_000023,episode_000004,23,descent_to_grasp,P2_center_crop_square_resize_224,preprocessing,Center square crop then resize to 224x224.,0.48264993251632493,0.08704841985813933,10.602391079828271,0.5813223383756062,0.4707961553371348,0.720251560952506,0.24945540561537116,0.14329671330261012,0.17671491249677143,0.03341819919416131,,,,,,,,,,,OBSERVATION_ONLY_FULL_FORWARD_REQUIRED
episode_000004_000023,episode_000004,23,descent_to_grasp,P3_center_crop_0p875_resize_224,preprocessing,Center crop 87.5% of min side then resize to 224x224.,0.4846333285825281,0.08535472716455864,10.68772421536569,0.4906524359962008,0.47666524966236495,0.723541334502551,0.24687608484018603,0.12098513680869852,0.1524185394027877,0.031433402594089194,,,,,,,,,,,OBSERVATION_ONLY_FULL_FORWARD_REQUIRED
episode_000004_000023,episode_000004,23,descent_to_grasp,P4_letterbox_224,preprocessing,Aspect-preserving resize with black letterbox to 224x224.,0.28775748872709433,0.0541776048654756,12.661801985774899,0.7778058876240498,0.25675209721388553,0.4107898739495799,0.15403777673569435,0.2474916379829938,0.38141067621002134,0.13391903822702753,,,,,,,,,,,OBSERVATION_ONLY_FULL_FORWARD_REQUIRED
episode_000004_000023,episode_000004,23,descent_to_grasp,P5_brightness_match_sim_to_real,photometric,Shift Sim brightness mean toward Real mean.,0.19977773288658815,0.017763822241178596,17.504635813698716,0.5946090195273657,0.4559472442231754,0.45396370644829137,0.0019835377748840255,0.13407807601883417,0.10045391783407373,0.033624158184760444,,,,,,,,,,,OBSERVATION_ONLY_FULL_FORWARD_REQUIRED
episode_000004_000023,episode_000004,23,descent_to_grasp,P6_contrast_match_sim_to_real,photometric,Scale Sim contrast toward Real luminance std.,0.4965074604653621,0.09048049670065471,10.434450239782532,0.5533924127305189,0.4559472442231754,0.7293668855902777,0.27341964136710234,0.13407807601883417,0.1342582847426333,0.000180208723799119,,,,,,,,,,,OBSERVATION_ONLY_FULL_FORWARD_REQUIRED
episode_000004_000024,episode_000004,24,descent_to_grasp,P0_current_paired_image,preprocessing,Existing paired 1280x720 image.,0.514127701963256,0.09671917114544612,10.144874339059843,0.5313624126626018,0.4540270568193425,0.7277530747600084,0.27372601794066587,0.12881447252420103,0.15802260760255193,0.029208135078350905,,,,,,,,,,,OBSERVATION_ONLY_FULL_FORWARD_REQUIRED
episode_000004_000024,episode_000004,24,descent_to_grasp,P1_resize_224_direct,preprocessing,Direct resize to 224x224.,0.513415131196801,0.09617840252931238,10.169224405962332,0.5381428902731544,0.45401085529524304,0.7277532831726441,0.27374242787740105,0.1282564591506514,0.15687190958336422,0.028615450432712825,,,,,,,,,,,OBSERVATION_ONLY_FULL_FORWARD_REQUIRED
episode_000004_000024,episode_000004,24,descent_to_grasp,P2_center_crop_square_resize_224,preprocessing,Center square crop then resize to 224x224.,0.4839520406903873,0.08668001453032192,10.620810245506727,0.5783992593287755,0.4658885237532513,0.7150975512236145,0.24920902747036322,0.13882286372451985,0.17685644551639004,0.03803358179187019,,,,,,,,,,,OBSERVATION_ONLY_FULL_FORWARD_REQUIRED
episode_000004_000024,episode_000004,24,descent_to_grasp,P3_center_crop_0p875_resize_224,preprocessing,Center crop 87.5% of min side then resize to 224x224.,0.48754774592317573,0.08594257341416955,10.657916461973722,0.4716187255925717,0.4699875668392357,0.7176234935224091,0.24763592668317336,0.1155896440766709,0.1533908718883693,0.03780122781169841,,,,,,,,,,,OBSERVATION_ONLY_FULL_FORWARD_REQUIRED
episode_000004_000024,episode_000004,24,descent_to_grasp,P4_letterbox_224,preprocessing,Aspect-preserving resize with black letterbox to 224x224.,0.2886466828725614,0.053972103240806125,12.678306575679468,0.7767702562016711,0.2556673070009254,0.4096885238939325,0.15402121689300713,0.24503427292567892,0.379863130117225,0.13482885719154608,,,,,,,,,,,OBSERVATION_ONLY_FULL_FORWARD_REQUIRED
episode_000004_000024,episode_000004,24,descent_to_grasp,P5_brightness_match_sim_to_real,photometric,Shift Sim brightness mean toward Real mean.,0.19816982088443888,0.017131393313157692,17.662073139983974,0.5879419605983658,0.4540270568193425,0.4519829276560797,0.002044129163262798,0.12881447252420103,0.09853813030523,0.030276342218971034,,,,,,,,,,,OBSERVATION_ONLY_FULL_FORWARD_REQUIRED
episode_000004_000024,episode_000004,24,descent_to_grasp,P6_contrast_match_sim_to_real,photometric,Scale Sim contrast toward Real luminance std.,0.4949035953326621,0.08916145722086949,10.498228421903322,0.5439095186844156,0.4540270568193425,0.7269654982111247,0.27293844139178214,0.12881447252420103,0.12885771055090794,4.3238026706915456e-05,,,,,,,,,,,OBSERVATION_ONLY_FULL_FORWARD_REQUIRED
episode_000004_000025,episode_000004,25,descent_to_grasp,P0_current_paired_image,preprocessing,Existing paired 1280x720 image.,0.5188317207909071,0.09809080523027099,10.083717003153374,0.5150301562536143,0.4511200394148283,0.7265909038875268,0.2754708644726985,0.12276111395825376,0.1566491094182487,0.033887995459994935,,,,,,,,,,,OBSERVATION_ONLY_FULL_FORWARD_REQUIRED
episode_000004_000025,episode_000004,25,descent_to_grasp,P1_resize_224_direct,preprocessing,Direct resize to 224x224.,0.5180408415373001,0.09756969209252327,10.106850655412476,0.5216557232877378,0.45110699967486984,0.7265769695065525,0.27546996983168265,0.12219280539072297,0.1555322669957435,0.03333946160502052,,,,,,,,,,,OBSERVATION_ONLY_FULL_FORWARD_REQUIRED
episode_000004_000025,episode_000004,25,descent_to_grasp,P2_center_crop_square_resize_224,preprocessing,Center square crop then resize to 224x224.,0.4903926987005763,0.08880128511780529,10.51580749136569,0.5711868055278185,0.4599821578006202,0.7128267658782264,0.25284460807760617,0.13410878037893584,0.17663219396375743,0.04252341358482159,,,,,,,,,,,OBSERVATION_ONLY_FULL_FORWARD_REQUIRED
episode_000004_000025,episode_000004,25,descent_to_grasp,P3_center_crop_0p875_resize_224,preprocessing,Center crop 87.5% of min side then resize to 224x224.,0.4957967551390413,0.08907761562549855,10.50231416408405,0.4503781650147272,0.46231216485031507,0.7150523498461885,0.2527401849958734,0.10994322895267447,0.15366420010368906,0.04372097115101459,,,,,,,,,,,OBSERVATION_ONLY_FULL_FORWARD_REQUIRED
episode_000004_000025,episode_000004,25,descent_to_grasp,P4_letterbox_224,preprocessing,Aspect-preserving resize with black letterbox to 224x224.,0.29121892926403037,0.054753582397011086,12.615874607005173,0.7730458310551523,0.2540360285207833,0.40904627561962287,0.1550102470988396,0.24195154608211084,0.3790138355618439,0.1370622894797331,,,,,,,,,,,OBSERVATION_ONLY_FULL_FORWARD_REQUIRED
episode_000004_000025,episode_000004,25,descent_to_grasp,P5_brightness_match_sim_to_real,photometric,Shift Sim brightness mean toward Real mean.,0.20045269076565128,0.016982187667982037,17.700063640959446,0.5816377940955304,0.4511200394148283,0.4490351145807802,0.0020849248340480964,0.12276111395825376,0.09723458468285119,0.025526529275402568,,,,,,,,,,,OBSERVATION_ONLY_FULL_FORWARD_REQUIRED
episode_000004_000025,episode_000004,25,descent_to_grasp,P6_contrast_match_sim_to_real,photometric,Scale Sim contrast toward Real luminance std.,0.4963165192171064,0.08927707268149179,10.492600583159653,0.5324100494390913,0.4511200394148283,0.7261810209286491,0.2750609815138208,0.12276111395825376,0.12280628715307143,4.517319481767146e-05,,,,,,,,,,,OBSERVATION_ONLY_FULL_FORWARD_REQUIRED
episode_000004_000026,episode_000004,26,descent_to_grasp,P0_current_paired_image,preprocessing,Existing paired 1280x720 image.,0.5197012176575311,0.09834661277001723,10.07240593351386,0.5135388228272664,0.4507341820176334,0.7267573084380107,0.2760231264203773,0.1223054767409232,0.15634026891217886,0.03403479217125567,,,,,,,,,,,OBSERVATION_ONLY_FULL_FORWARD_REQUIRED
episode_000004_000026,episode_000004,26,descent_to_grasp,P1_resize_224_direct,preprocessing,Direct resize to 224x224.,0.5189353219428334,0.097835606158313,10.095030598970357,0.5200599929267821,0.4507225430015756,0.7267599341611646,0.276037391159589,0.12173207908160319,0.15521379732485818,0.03348171824325499,,,,,,,,,,,OBSERVATION_ONLY_FULL_FORWARD_REQUIRED
episode_000004_000026,episode_000004,26,descent_to_grasp,P2_center_crop_square_resize_224,preprocessing,Center square crop then resize to 224x224.,0.4915061113527311,0.08912387371206654,10.500059454287204,0.5705394340354084,0.4593671713685474,0.713027997542767,0.25366082617421964,0.13374922502674996,0.17630722857130746,0.04255800354455749,,,,,,,,,,,OBSERVATION_ONLY_FULL_FORWARD_REQUIRED
episode_000004_000026,episode_000004,26,descent_to_grasp,P3_center_crop_0p875_resize_224,preprocessing,Center crop 87.5% of min side then resize to 224x224.,0.4968938343959456,0.08945395795164471,10.484004390146511,0.4493841773717945,0.46158201991734193,0.7151841033132001,0.2536020833958582,0.10967884012108847,0.1536233911915339,0.043944551070445426,,,,,,,,,,,OBSERVATION_ONLY_FULL_FORWARD_REQUIRED
episode_000004_000026,episode_000004,26,descent_to_grasp,P4_letterbox_224,preprocessing,Aspect-preserving resize with black letterbox to 224x224.,0.29171349844076977,0.05490463270684091,12.603910093908368,0.7723077361284535,0.2538195497730342,0.4091507471269758,0.15533119735394157,0.24164528634242402,0.37903206155859237,0.13738677521616835,,,,,,,,,,,OBSERVATION_ONLY_FULL_FORWARD_REQUIRED
episode_000004_000026,episode_000004,26,descent_to_grasp,P5_brightness_match_sim_to_real,photometric,Shift Sim brightness mean toward Real mean.,0.20029510847924473,0.016929492857759472,17.713560514820553,0.5810743945264786,0.4507341820176334,0.4487320725779546,0.0020021094396787675,0.1223054767409232,0.0969795164547628,0.025325960286160396,,,,,,,,,,,OBSERVATION_ONLY_FULL_FORWARD_REQUIRED
episode_000004_000026,episode_000004,26,descent_to_grasp,P6_contrast_match_sim_to_real,photometric,Scale Sim contrast toward Real luminance std.,0.4969428887325089,0.08946592399135124,10.48342348376919,0.5312651056849652,0.4507341820176334,0.7263327961005585,0.2755986140829251,0.1223054767409232,0.12237511287208343,6.963613116023337e-05,,,,,,,,,,,OBSERVATION_ONLY_FULL_FORWARD_REQUIRED
episode_000004_000027,episode_000004,27,grasp_close,P0_current_paired_image,preprocessing,Existing paired 1280x720 image.,0.5225073482289695,0.09916301285140512,10.03650286615164,0.5134172414398798,0.450553983419288,0.728538147913262,0.277984164493974,0.12225976835555422,0.15232990542476288,0.030070137069208663,,,,,,,,,,,OBSERVATION_ONLY_FULL_FORWARD_REQUIRED
episode_000004_000027,episode_000004,27,grasp_close,P1_resize_224_direct,preprocessing,Direct resize to 224x224.,0.5218697761918429,0.09874108027606468,10.055021256949017,0.5187832422536186,0.4505541034382503,0.7285445979485544,0.2779904945103041,0.12168650134755403,0.1514573062527206,0.02977080490516658,,,,,,,,,,,OBSERVATION_ONLY_FULL_FORWARD_REQUIRED
episode_000004_000027,episode_000004,27,grasp_close,P2_center_crop_square_resize_224,preprocessing,Center square crop then resize to 224x224.,0.500740478812375,0.09279976788509522,10.324531100564439,0.563463393763113,0.4591515270795818,0.7216140952318427,0.26246256815226093,0.13373378086670235,0.16788229690966497,0.03414851604296262,,,,,,,,,,,OBSERVATION_ONLY_FULL_FORWARD_REQUIRED
episode_000004_000027,episode_000004,27,grasp_close,P3_center_crop_0p875_resize_224,preprocessing,Center crop 87.5% of min side then resize to 224x224.,0.506011949288885,0.09338381012127075,10.297284105413656,0.42762090030821615,0.4614209814081883,0.7250147214510804,0.26359374004289204,0.10955878440675333,0.1409937354831578,0.03143495107640447,,,,,,,,,,,OBSERVATION_ONLY_FULL_FORWARD_REQUIRED
episode_000004_000027,episode_000004,27,grasp_close,P4_letterbox_224,preprocessing,Aspect-preserving resize with black letterbox to 224x224.,0.2934038984727892,0.055452810924206286,12.560764344033569,0.7711370362368677,0.2537201545930872,0.41015267741471584,0.15643252282162862,0.24155395657810974,0.37906709994770044,0.1375131433695907,,,,,,,,,,,OBSERVATION_ONLY_FULL_FORWARD_REQUIRED
episode_000004_000027,episode_000004,27,grasp_close,P5_brightness_match_sim_to_real,photometric,Shift Sim brightness mean toward Real mean.,0.20239803612228088,0.017302843680137278,17.618825157670322,0.5743779667511291,0.450553983419288,0.44855838490093963,0.0019955985183483516,0.12225976835555422,0.0942309792273797,0.02802878912817451,,,,,,,,,,,OBSERVATION_ONLY_FULL_FORWARD_REQUIRED
episode_000004_000027,episode_000004,27,grasp_close,P6_contrast_match_sim_to_real,photometric,Scale Sim contrast toward Real luminance std.,0.5020503776763885,0.0911182072233169,10.403948337125406,0.527602588098322,0.450553983419288,0.7284060757676337,0.27785209234834574,0.12225976835555422,0.12229880880415367,3.9040448599453326e-05,,,,,,,,,,,OBSERVATION_ONLY_FULL_FORWARD_REQUIRED
episode_000004_000028,episode_000004,28,grasp_close,P0_current_paired_image,preprocessing,Existing paired 1280x720 image.,0.5237340576904492,0.09941172502429615,10.025623901193075,0.5177430846669258,0.45039334839920336,0.7286722085103488,0.2782788601111454,0.12047554892422663,0.15241732396671678,0.031941775042490156,,,,,,,,,,,OBSERVATION_ONLY_FULL_FORWARD_REQUIRED
episode_000004_000028,episode_000004,28,grasp_close,P1_resize_224_direct,preprocessing,Direct resize to 224x224.,0.523114451093691,0.09897394926107696,10.044791001596272,0.5235088372872037,0.45038418617446985,0.7286782035157813,0.27829401734131143,0.11988289734241364,0.15151482449114495,0.03163192714873131,,,,,,,,,,,OBSERVATION_ONLY_FULL_FORWARD_REQUIRED
episode_000004_000028,episode_000004,28,grasp_close,P2_center_crop_square_resize_224,preprocessing,Center square crop then resize to 224x224.,0.5010556764158294,0.09250312134657786,10.3384361255044,0.5766682003680855,0.4590362844043867,0.7217672155893606,0.2627309311849739,0.1315728708762682,0.1679080363157941,0.03633516543952589,,,,,,,,,,,OBSERVATION_ONLY_FULL_FORWARD_REQUIRED
episode_000004_000028,episode_000004,28,grasp_close,P3_center_crop_0p875_resize_224,preprocessing,Center crop 87.5% of min side then resize to 224x224.,0.5058451470916866,0.09287055855839066,10.321219424341203,0.44977818975917516,0.461226609862695,0.7251395584640107,0.2639129486013157,0.10655754107154229,0.1411319714065449,0.03457443033500261,,,,,,,,,,,OBSERVATION_ONLY_FULL_FORWARD_REQUIRED
episode_000004_000028,episode_000004,28,grasp_close,P4_letterbox_224,preprocessing,Aspect-preserving resize with black letterbox to 224x224.,0.2940927216110772,0.05558170541500913,12.55068131884574,0.7715674018708754,0.2536250448929572,0.4102352149297218,0.15661017003676464,0.24096894805041505,0.37914980981287216,0.1381808617624571,,,,,,,,,,,OBSERVATION_ONLY_FULL_FORWARD_REQUIRED
episode_000004_000028,episode_000004,28,grasp_close,P5_brightness_match_sim_to_real,photometric,Shift Sim brightness mean toward Real mean.,0.20421391388367627,0.017291909717772367,17.621570406132662,0.5834647290526342,0.45039334839920336,0.44843702206222763,0.0019563263369757333,0.12047554892422663,0.09419804935796931,0.026277499566257315,,,,,,,,,,,OBSERVATION_ONLY_FULL_FORWARD_REQUIRED
episode_000004_000028,episode_000004,28,grasp_close,P6_contrast_match_sim_to_real,photometric,Scale Sim contrast toward Real luminance std.,0.5023643858831665,0.09098783917354622,10.410166486980877,0.5339320508648655,0.45039334839920336,0.7286058632140181,0.27821251481481474,0.12047554892422663,0.12045761395718821,1.7934967038418792e-05,,,,,,,,,,,OBSERVATION_ONLY_FULL_FORWARD_REQUIRED
episode_000004_000029,episode_000004,29,grasp_close,P0_current_paired_image,preprocessing,Existing paired 1280x720 image.,0.5216786664319438,0.09844182879158826,10.06820326839228,0.53560317090553,0.45065471987762107,0.7289509133042279,0.27829619342660683,0.11885773365764396,0.15227286270828175,0.03341512905063779,,,,,,,,,,,OBSERVATION_ONLY_FULL_FORWARD_REQUIRED
episode_000004_000029,episode_000004,29,grasp_close,P1_resize_224_direct,preprocessing,Direct resize to 224x224.,0.5211019882202972,0.09801504384433508,10.08707261479326,0.5415758446434581,0.4506454984806422,0.7289652362507503,0.27831973777010804,0.1182749997458962,0.1513639962246089,0.03308899647871269,,,,,,,,,,,OBSERVATION_ONLY_FULL_FORWARD_REQUIRED
episode_000004_000029,episode_000004,29,grasp_close,P2_center_crop_square_resize_224,preprocessing,Center square crop then resize to 224x224.,0.49783052647973997,0.09099859234952151,10.409653256960885,0.5984749310321016,0.4596965732074079,0.7220942255964885,0.2623976523890806,0.12989971582857582,0.1677589327320426,0.037859216903466775,,,,,,,,,,,OBSERVATION_ONLY_FULL_FORWARD_REQUIRED
episode_000004_000029,episode_000004,29,grasp_close,P3_center_crop_0p875_resize_224,preprocessing,Center crop 87.5% of min side then resize to 224x224.,0.501663513719856,0.09101968299574732,10.408646813921113,0.48731807016152767,0.4619119656768958,0.7254436600265107,0.26353169434961493,0.10416766479141713,0.14100126161574697,0.03683359682432984,,,,,,,,,,,OBSERVATION_ONLY_FULL_FORWARD_REQUIRED
episode_000004_000029,episode_000004,29,grasp_close,P4_letterbox_224,preprocessing,Aspect-preserving resize with black letterbox to 224x224.,0.29295430430562736,0.055043005560067165,12.592978599739551,0.7739042179901586,0.25377402121786213,0.4103886070990896,0.15661458588122745,0.24065114721377445,0.3792452109316586,0.13859406371788413,,,,,,,,,,,OBSERVATION_ONLY_FULL_FORWARD_REQUIRED
episode_000004_000029,episode_000004,29,grasp_close,P5_brightness_match_sim_to_real,photometric,Shift Sim brightness mean toward Real mean.,0.20126715723410563,0.016543800678291483,17.813647109869976,0.6065868977584825,0.45065471987762107,0.4486117223941314,0.0020429974834896836,0.11885773365764396,0.09408979514228986,0.024767938515354096,,,,,,,,,,,OBSERVATION_ONLY_FULL_FORWARD_REQUIRED
episode_000004_000029,episode_000004,29,grasp_close,P6_contrast_match_sim_to_real,photometric,Scale Sim contrast toward Real luminance std.,0.4997762380542643,0.08978139652261584,10.468136435618007,0.5540605878221511,0.45065471987762107,0.7289128872617104,0.27825816738408937,0.11885773365764396,0.11891465309551776,5.6919437873795276e-05,,,,,,,,,,,OBSERVATION_ONLY_FULL_FORWARD_REQUIRED
episode_000004_000030,episode_000004,30,grasp_close,P0_current_paired_image,preprocessing,Existing paired 1280x720 image.,0.5207026858447975,0.09796483660798194,10.089297815270623,0.5434046747891862,0.4511759519335511,0.7291229102132692,0.27794695827971816,0.11863539537360943,0.1523595503527446,0.03372415497913517,,,,,,,,,,,OBSERVATION_ONLY_FULL_FORWARD_REQUIRED
episode_000004_000030,episode_000004,30,grasp_close,P1_resize_224_direct,preprocessing,Direct resize to 224x224.,0.5201284240602224,0.09754593810563442,10.10790810278043,0.5492635492744151,0.4511622115721288,0.7291304649984994,0.2779682534263706,0.11808250476973388,0.1514430389000085,0.03336053413027461,,,,,,,,,,,OBSERVATION_ONLY_FULL_FORWARD_REQUIRED
episode_000004_000030,episode_000004,30,grasp_close,P2_center_crop_square_resize_224,preprocessing,Center square crop then resize to 224x224.,0.49642793847278954,0.09030069278528405,10.443089177742921,0.6081792070902762,0.4603970231217486,0.7222687331182474,0.2618717099964987,0.12965549770302887,0.16793513861696582,0.03827964091393696,,,,,,,,,,,OBSERVATION_ONLY_FULL_FORWARD_REQUIRED
episode_000004_000030,episode_000004,30,grasp_close,P3_center_crop_0p875_resize_224,preprocessing,Center crop 87.5% of min side then resize to 224x224.,0.5000214228472161,0.09019430249632535,10.448208956349724,0.5042989913363805,0.4626840721132202,0.7256074680184574,0.2629233959052372,0.10378709930222262,0.14125522573505472,0.03746812643283211,,,,,,,,,,,OBSERVATION_ONLY_FULL_FORWARD_REQUIRED
episode_000004_000030,episode_000004,30,grasp_close,P4_letterbox_224,preprocessing,Aspect-preserving resize with black letterbox to 224x224.,0.2924020146995203,0.05477696184683024,12.614020591530185,0.7753471879239724,0.2540737092962185,0.41047560519520304,0.15640189589898457,0.24084576746693795,0.3793348784951339,0.13848911102819597,,,,,,,,,,,OBSERVATION_ONLY_FULL_FORWARD_REQUIRED
episode_000004_000030,episode_000004,30,grasp_close,P5_brightness_match_sim_to_real,photometric,Shift Sim brightness mean toward Real mean.,0.20077583334981886,0.016381528438581313,17.856455798970863,0.6157311994656673,0.4511759519335511,0.4491943945891202,0.0019815573444308954,0.11863539537360943,0.0943147301471186,0.02432066522649083,,,,,,,,,,,OBSERVATION_ONLY_FULL_FORWARD_REQUIRED
episode_000004_000030,episode_000004,30,grasp_close,P6_contrast_match_sim_to_real,photometric,Scale Sim contrast toward Real luminance std.,0.498942351152162,0.08935904929839138,10.488614603787827,0.5624903017354653,0.4511759519335511,0.7291420882259326,0.27796613629238154,0.11863539537360943,0.11875425726249378,0.0001188618888843529,,,,,,,,,,,OBSERVATION_ONLY_FULL_FORWARD_REQUIRED
episode_000004_000031,episode_000004,31,grasp_close,P0_current_paired_image,preprocessing,Existing paired 1280x720 image.,0.5209827692189696,0.09806806983402928,10.08472372356535,0.5432776602085239,0.45109833500221264,0.7292826641084557,0.278184329106243,0.1185918870686903,0.15232467150146298,0.03373278443277268,,,,,,,,,,,OBSERVATION_ONLY_FULL_FORWARD_REQUIRED
episode_000004_000031,episode_000004,31,grasp_close,P1_resize_224_direct,preprocessing,Direct resize to 224x224.,0.5203956488487567,0.09765500011279021,10.103055151431537,0.5489797877834142,0.45108428904374254,0.7292861378145009,0.2782018487707584,0.1180423922218863,0.15142930588022877,0.03338691365834247,,,,,,,,,,,OBSERVATION_ONLY_FULL_FORWARD_REQUIRED
episode_000004_000031,episode_000004,31,grasp_close,P2_center_crop_square_resize_224,preprocessing,Center square crop then resize to 224x224.,0.4965608514032058,0.09035022229888685,10.440707745578239,0.6085964223591023,0.46032642267844637,0.7224194492797117,0.2620930266012653,0.1296484584009153,0.1678647623843874,0.038216303983472116,,,,,,,,,,,OBSERVATION_ONLY_FULL_FORWARD_REQUIRED
episode_000004_000031,episode_000004,31,grasp_close,P3_center_crop_0p875_resize_224,preprocessing,Center crop 87.5% of min side then resize to 224x224.,0.5001224692243121,0.0902356883317052,10.446216644520948,0.505146944083917,0.4625903443252301,0.7257637363539164,0.26317339202868634,0.10373516609792653,0.1411385795440159,0.03740341344608937,,,,,,,,,,,OBSERVATION_ONLY_FULL_FORWARD_REQUIRED
episode_000004_000031,episode_000004,31,grasp_close,P4_letterbox_224,preprocessing,Aspect-preserving resize with black letterbox to 224x224.,0.29256342541761743,0.05484156285063045,12.608901773738895,0.7750683963697145,0.25402728285064025,0.410578356217487,0.15655107336684676,0.240796938124586,0.3794155605175545,0.1386186223929685,,,,,,,,,,,OBSERVATION_ONLY_FULL_FORWARD_REQUIRED
episode_000004_000031,episode_000004,31,grasp_close,P5_brightness_match_sim_to_real,photometric,Shift Sim brightness mean toward Real mean.,0.20022344357064784,0.016309960695539107,17.87547085540414,0.6154706912959538,0.45109833500221264,0.44900055324669796,0.0020977817555146716,0.1185918870686903,0.09421861906153024,0.024373268007160054,,,,,,,,,,,OBSERVATION_ONLY_FULL_FORWARD_REQUIRED
episode_000004_000031,episode_000004,31,grasp_close,P6_contrast_match_sim_to_real,photometric,Scale Sim contrast toward Real luminance std.,0.49924982315622896,0.08946564178151742,10.483437183104243,0.5624099090782758,0.45109833500221264,0.7292697483438862,0.2781714133416736,0.1185918870686903,0.11870642155077596,0.00011453448208566253,,,,,,,,,,,OBSERVATION_ONLY_FULL_FORWARD_REQUIRED
episode_000004_000032,episode_000004,32,grasp_close,P0_current_paired_image,preprocessing,Existing paired 1280x720 image.,0.5215723072326195,0.09828998568926474,10.074907281642298,0.5423780004314321,0.4506513149509803,0.7292635995846952,0.2786122846337149,0.11847217570103596,0.1522557403637084,0.03378356466267243,,,,,,,,,,,OBSERVATION_ONLY_FULL_FORWARD_REQUIRED
episode_000004_000032,episode_000004,32,grasp_close,P1_resize_224_direct,preprocessing,Direct resize to 224x224.,0.5209882141374601,0.09787566425671573,10.093252774801327,0.5480664802643053,0.4506464736988546,0.7292658720832081,0.27861939838435357,0.11790744814445536,0.1513665031251614,0.03345905498070603,,,,,,,,,,,OBSERVATION_ONLY_FULL_FORWARD_REQUIRED
episode_000004_000032,episode_000004,32,grasp_close,P2_center_crop_square_resize_224,preprocessing,Center square crop then resize to 224x224.,0.4973157693238969,0.09063891804679387,10.426852872698973,0.607333845804758,0.45981884810174073,0.7224115896983794,0.26259274159663865,0.12950324543104424,0.16780239861657306,0.03829915318552882,,,,,,,,,,,OBSERVATION_ONLY_FULL_FORWARD_REQUIRED
episode_000004_000032,episode_000004,32,grasp_close,P3_center_crop_0p875_resize_224,preprocessing,Center crop 87.5% of min side then resize to 224x224.,0.5007492745630627,0.0904544463823111,10.435700800828824,0.5045472383668564,0.46209377932422974,0.7257117350533964,0.26361795572916663,0.10354972185865388,0.14112382600828272,0.037574104149628834,,,,,,,,,,,OBSERVATION_ONLY_FULL_FORWARD_REQUIRED
episode_000004_000032,episode_000004,32,grasp_close,P4_letterbox_224,preprocessing,Aspect-preserving resize with black letterbox to 224x224.,0.29290604295287886,0.054970097005305384,12.59873496637477,0.7743630687443777,0.25377186244810424,0.4105641931147459,0.15679233066664167,0.2405543335774561,0.37939268256709074,0.13883834898963465,,,,,,,,,,,OBSERVATION_ONLY_FULL_FORWARD_REQUIRED
episode_000004_000032,episode_000004,32,grasp_close,P5_brightness_match_sim_to_real,photometric,Shift Sim brightness mean toward Real mean.,0.2000770112763721,0.016295126551664603,17.87942262355867,0.614894610327945,0.4506513149509803,0.4487205988919524,0.0019307160590278927,0.11847217570103596,0.09408184260808213,0.02439033309295384,,,,,,,,,,,OBSERVATION_ONLY_FULL_FORWARD_REQUIRED
episode_000004_000032,episode_000004,32,grasp_close,P6_contrast_match_sim_to_real,photometric,Scale Sim contrast toward Real luminance std.,0.49987763201434504,0.08968220447174871,10.472937249207872,0.5614603730685168,0.4506513149509803,0.7292661273548134,0.2786148124038331,0.11847217570103596,0.11858452910181531,0.00011235340077934974,,,,,,,,,,,OBSERVATION_ONLY_FULL_FORWARD_REQUIRED
episode_000004_000033,episode_000004,33,grasp_close,P0_current_paired_image,preprocessing,Existing paired 1280x720 image.,0.5214537412948552,0.09824450964595167,10.076917106430406,0.5430642991236632,0.45062142375153175,0.7292117013735707,0.278590277622039,0.11855544691737582,0.15238886065700183,0.033833413739626006,,,,,,,,,,,OBSERVATION_ONLY_FULL_FORWARD_REQUIRED
episode_000004_000033,episode_000004,33,grasp_close,P1_resize_224_direct,preprocessing,Direct resize to 224x224.,0.5208722990292426,0.09783307961665058,10.095142754177822,0.5487720839945924,0.4506088757846888,0.7292220230904861,0.27861314730579734,0.11800196292405286,0.1514822382000038,0.033480275275950946,,,,,,,,,,,OBSERVATION_ONLY_FULL_FORWARD_REQUIRED
episode_000004_000033,episode_000004,33,grasp_close,P2_center_crop_square_resize_224,preprocessing,Center square crop then resize to 224x224.,0.4971275857717783,0.09057231450586772,10.430045340538248,0.6079199860160395,0.45976496578318826,0.7223554526654412,0.26259048688225295,0.12960742350901264,0.16787721447761875,0.03826979096860611,,,,,,,,,,,OBSERVATION_ONLY_FULL_FORWARD_REQUIRED
episode_000004_000033,episode_000004,33,grasp_close,P3_center_crop_0p875_resize_224,preprocessing,Center crop 87.5% of min side then resize to 224x224.,0.5006637383907433,0.0904344850685372,10.436659299327234,0.5049916976881621,0.4620670632628051,0.7257399098233043,0.26367284656049916,0.10361622965023197,0.14128913794314477,0.037672908292912796,,,,,,,,,,,OBSERVATION_ONLY_FULL_FORWARD_REQUIRED
episode_000004_000033,episode_000004,33,grasp_close,P4_letterbox_224,preprocessing,Aspect-preserving resize with black letterbox to 224x224.,0.2928223509780891,0.054938429415884,12.601237603825986,0.7744185887894891,0.2537568390012255,0.4105346070772058,0.15677776807598032,0.24056435141354865,0.3793921815739793,0.13882783016043065,,,,,,,,,,,OBSERVATION_ONLY_FULL_FORWARD_REQUIRED
episode_000004_000033,episode_000004,33,grasp_close,P5_brightness_match_sim_to_real,photometric,Shift Sim brightness mean toward Real mean.,0.19995314276654266,0.016279330209979785,17.88363467511546,0.6157940641967314,0.45062142375153175,0.4486905244553378,0.0019308992961939442,0.11855544691737582,0.09417339785892703,0.02438204905844879,,,,,,,,,,,OBSERVATION_ONLY_FULL_FORWARD_REQUIRED
episode_000004_000033,episode_000004,33,grasp_close,P6_contrast_match_sim_to_real,photometric,Scale Sim contrast toward Real luminance std.,0.4997915618144652,0.08964668778345587,10.474657518791737,0.5621588723497468,0.45062142375153175,0.729228285233694,0.27860686148216224,0.11855544691737582,0.11867972642868717,0.0001242795113113454,,,,,,,,,,,OBSERVATION_ONLY_FULL_FORWARD_REQUIRED
episode_000004_000034,episode_000004,34,grasp_close,P0_current_paired_image,preprocessing,Existing paired 1280x720 image.,0.521473344533252,0.09825273978713671,10.07655330440118,0.5426302059685228,0.45063285998178765,0.7291578987430212,0.2785250387612335,0.11849088549882293,0.1524325122500593,0.03394162675123637,,,,,,,,,,,OBSERVATION_ONLY_FULL_FORWARD_REQUIRED
episode_000004_000034,episode_000004,34,grasp_close,P1_resize_224_direct,preprocessing,Direct resize to 224x224.,0.520898854487854,0.09784097125369753,10.094792447695252,0.5484042425691825,0.45061803343212287,0.7291702293573679,0.278552195925245,0.11793360058939319,0.15153659990637808,0.03360299931698489,,,,,,,,,,,OBSERVATION_ONLY_FULL_FORWARD_REQUIRED
episode_000004_000034,episode_000004,34,grasp_close,P2_center_crop_square_resize_224,preprocessing,Center square crop then resize to 224x224.,0.4971724718799585,0.09059331085375326,10.42903868179164,0.6076968834873356,0.4598314207558023,0.7222973527848641,0.26246593202906177,0.12951687649029098,0.16802712654518154,0.03851025005489056,,,,,,,,,,,OBSERVATION_ONLY_FULL_FORWARD_REQUIRED
episode_000004_000034,episode_000004,34,grasp_close,P3_center_crop_0p875_resize_224,preprocessing,Center crop 87.5% of min side then resize to 224x224.,0.500578015194578,0.0904037162250521,10.438137166168806,0.5050053426589096,0.4621270021446078,0.72559873402486,0.2634717318802522,0.10356803485966722,0.14145568615618861,0.0378876512965214,,,,,,,,,,,OBSERVATION_ONLY_FULL_FORWARD_REQUIRED
episode_000004_000034,episode_000004,34,grasp_close,P4_letterbox_224,preprocessing,Aspect-preserving resize with black letterbox to 224x224.,0.29284161138186127,0.05494630685198916,12.60061492825628,0.7744246591688712,0.2537629550413915,0.41050627908976084,0.15674332404836933,0.2405507303313829,0.3793785306876684,0.1388278003562855,,,,,,,,,,,OBSERVATION_ONLY_FULL_FORWARD_REQUIRED
episode_000004_000034,episode_000004,34,grasp_close,P5_brightness_match_sim_to_real,photometric,Shift Sim brightness mean toward Real mean.,0.20015732897530664,0.016301486001422175,17.877728046265894,0.6156184971539131,0.45063285998178765,0.44866830486621706,0.0019645551155705876,0.11849088549882293,0.09418950832924311,0.02430137716957982,,,,,,,,,,,OBSERVATION_ONLY_FULL_FORWARD_REQUIRED
episode_000004_000034,episode_000004,34,grasp_close,P6_contrast_match_sim_to_real,photometric,Scale Sim contrast toward Real luminance std.,0.4995886971313459,0.08957145200230145,10.478303855770296,0.5616515309060107,0.45063285998178765,0.7291232243234272,0.2784903643416396,0.11849088549882293,0.11849650995603474,5.624457211805822e-06,,,,,,,,,,,OBSERVATION_ONLY_FULL_FORWARD_REQUIRED
episode_000004_000035,episode_000004,35,grasp_close,P0_current_paired_image,preprocessing,Existing paired 1280x720 image.,0.520995710171006,0.09807557892063412,10.084391196369193,0.5433829290778797,0.45109684540015677,0.7292305898573661,0.27813374445720934,0.11864792724788478,0.15241203877592582,0.03376411152804104,,,,,,,,,,,OBSERVATION_ONLY_FULL_FORWARD_REQUIRED
episode_000004_000035,episode_000004,35,grasp_close,P1_resize_224_direct,preprocessing,Direct resize to 224x224.,0.5204272042575561,0.0976653693544411,10.102594031636709,0.5491436889941455,0.45108898335896846,0.7292458334271208,0.27815685006815233,0.11809462433017826,0.15150606053434484,0.03341143620416659,,,,,,,,,,,OBSERVATION_ONLY_FULL_FORWARD_REQUIRED
episode_000004_000035,episode_000004,35,grasp_close,P2_center_crop_square_resize_224,preprocessing,Center square crop then resize to 224x224.,0.49661569925605864,0.0903851431299644,10.439029499110736,0.6080962194016862,0.4602588352684824,0.7222994346332282,0.26204059936474583,0.1296741774010732,0.16804298810916826,0.03836881070809506,,,,,,,,,,,OBSERVATION_ONLY_FULL_FORWARD_REQUIRED
episode_000004_000035,episode_000004,35,grasp_close,P3_center_crop_0p875_resize_224,preprocessing,Center crop 87.5% of min side then resize to 224x224.,0.500071236250035,0.09024111595209977,10.445955426953706,0.5042058392719696,0.4625751000556473,0.7255752337810123,0.263000133725365,0.10372718661465558,0.14153519360744377,0.03780800699278819,,,,,,,,,,,OBSERVATION_ONLY_FULL_FORWARD_REQUIRED
episode_000004_000035,episode_000004,35,grasp_close,P4_letterbox_224,preprocessing,Aspect-preserving resize with black letterbox to 224x224.,0.2925783956738448,0.05484872921799438,12.608334300766186,0.7750936317303555,0.2540262550801571,0.4105507208508403,0.15652446577068324,0.24081036649291696,0.3794118201823622,0.13860145368944524,,,,,,,,,,,OBSERVATION_ONLY_FULL_FORWARD_REQUIRED
episode_000004_000035,episode_000004,35,grasp_close,P5_brightness_match_sim_to_real,photometric,Shift Sim brightness mean toward Real mean.,0.20036086945864756,0.016328690415322818,17.870486449146103,0.6158110555926622,0.45109684540015677,0.4490708660615811,0.0020259793385756786,0.11864792724788478,0.09430012897919433,0.02434779826869045,,,,,,,,,,,OBSERVATION_ONLY_FULL_FORWARD_REQUIRED
episode_000004_000035,episode_000004,35,grasp_close,P6_contrast_match_sim_to_real,photometric,Scale Sim contrast toward Real luminance std.,0.49925331493012065,0.08946650852992796,10.48339510860268,0.5624424401079047,0.45109684540015677,0.7292369469303174,0.2781401015301606,0.11864792724788478,0.11873507592018082,8.714867229603351e-05,,,,,,,,,,,OBSERVATION_ONLY_FULL_FORWARD_REQUIRED
episode_000004_000036,episode_000004,36,grasp_close,P0_current_paired_image,preprocessing,Existing paired 1280x720 image.,0.5210953365268126,0.09810610080190842,10.083039848502214,0.5439852231261778,0.4510797613757831,0.7293609022833262,0.2782811409075431,0.11864098856561514,0.15237053307006126,0.033729544504446124,,,,,,,,,,,OBSERVATION_ONLY_FULL_FORWARD_REQUIRED
episode_000004_000036,episode_000004,36,grasp_close,P1_resize_224_direct,preprocessing,Direct resize to 224x224.,0.5205133107954178,0.09769383090245902,10.101328599210511,0.5497277545057202,0.4510640850558974,0.7293649037114845,0.27830081865558715,0.11808324351364906,0.15147401066024774,0.03339076714659868,,,,,,,,,,,OBSERVATION_ONLY_FULL_FORWARD_REQUIRED
episode_000004_000036,episode_000004,36,grasp_close,P2_center_crop_square_resize_224,preprocessing,Center square crop then resize to 224x224.,0.49682040769120517,0.09045998331930812,10.435434966733757,0.6080707398824347,0.46025750236031915,0.7224979635760553,0.2622404612157362,0.12970861470572717,0.16804508883655084,0.03833647413082367,,,,,,,,,,,OBSERVATION_ONLY_FULL_FORWARD_REQUIRED
episode_000004_000036,episode_000004,36,grasp_close,P3_center_crop_0p875_resize_224,preprocessing,Center crop 87.5% of min side then resize to 224x224.,0.5003194295396228,0.0903352073059616,10.441429544630052,0.5042545239826891,0.46254594192364445,0.7257969436837234,0.26325100176007893,0.10373276144724572,0.14152957075241152,0.037796809305165796,,,,,,,,,,,OBSERVATION_ONLY_FULL_FORWARD_REQUIRED
episode_000004_000036,episode_000004,36,grasp_close,P4_letterbox_224,preprocessing,Aspect-preserving resize with black letterbox to 224x224.,0.29262123219284797,0.054859546555550316,12.607477864003958,0.77506239049151,0.254023434655112,0.4106145245129302,0.15659108985781817,0.24080543352874306,0.37945572655931925,0.1386502930305762,,,,,,,,,,,OBSERVATION_ONLY_FULL_FORWARD_REQUIRED
episode_000004_000036,episode_000004,36,grasp_close,P5_brightness_match_sim_to_real,photometric,Shift Sim brightness mean toward Real mean.,0.20029023689022216,0.016317373765387614,17.873497384118323,0.6162913174560227,0.4510797613757831,0.4490514373672388,0.002028324008544302,0.11864098856561514,0.09424926750235005,0.024391721063265093,,,,,,,,,,,OBSERVATION_ONLY_FULL_FORWARD_REQUIRED
episode_000004_000036,episode_000004,36,grasp_close,P6_contrast_match_sim_to_real,photometric,Scale Sim contrast toward Real luminance std.,0.49932142387253775,0.08948738711829145,10.482381724040753,0.5631036601903066,0.4510797613757831,0.7293233904411764,0.27824362906539335,0.11864098856561514,0.11875721275444125,0.00011622418882610563,,,,,,,,,,,OBSERVATION_ONLY_FULL_FORWARD_REQUIRED
episode_000004_000037,episode_000004,37,lift,P0_current_paired_image,preprocessing,Existing paired 1280x720 image.,0.5216324729452242,0.09831100827495116,10.073978497630616,0.543191563034099,0.45062961031709564,0.7293589789326321,0.2787293686155365,0.1186524123135853,0.15260602911929097,0.033953616805705675,,,,,,,,,,,OBSERVATION_ONLY_FULL_FORWARD_REQUIRED
episode_000004_000037,episode_000004,37,lift,P1_resize_224_direct,preprocessing,Direct resize to 224x224.,0.5210200781491808,0.09788825119508587,10.092694302329715,0.5489911041409652,0.450624898475015,0.7293616237745097,0.2787367252994947,0.11810868010620644,0.15170110839391301,0.033592428287706574,,,,,,,,,,,OBSERVATION_ONLY_FULL_FORWARD_REQUIRED
episode_000004_000037,episode_000004,37,lift,P2_center_crop_square_resize_224,preprocessing,Center square crop then resize to 224x224.,0.497349254590677,0.09065500107314167,10.426082326213205,0.6075517489071124,0.4597898515968887,0.7224682199911215,0.26267836839423286,0.12968962172864212,0.16830041904450546,0.03861079731586334,,,,,,,,,,,OBSERVATION_ONLY_FULL_FORWARD_REQUIRED
episode_000004_000037,episode_000004,37,lift,P3_center_crop_0p875_resize_224,preprocessing,Center crop 87.5% of min side then resize to 224x224.,0.5008542005996367,0.0905036895272815,10.433337157265344,0.5048976265678844,0.4621007971157213,0.7257822363320329,0.2636814392163116,0.10369336368751993,0.14185470908844985,0.03816134540092993,,,,,,,,,,,OBSERVATION_ONLY_FULL_FORWARD_REQUIRED
episode_000004_000037,episode_000004,37,lift,P4_letterbox_224,preprocessing,Aspect-preserving resize with black letterbox to 224x224.,0.2929314935526335,0.05497672792564739,12.598211118210937,0.7742753393547442,0.2537682731686424,0.410623726600015,0.15685545343137258,0.24060114866300333,0.3795159590531944,0.13891481039019107,,,,,,,,,,,OBSERVATION_ONLY_FULL_FORWARD_REQUIRED
episode_000004_000037,episode_000004,37,lift,P5_brightness_match_sim_to_real,photometric,Shift Sim brightness mean toward Real mean.,0.19998868037343911,0.016290190927723675,17.880738255520853,0.616224422684271,0.45062961031709564,0.44878497468086204,0.0018446356362336047,0.1186524123135853,0.09430990711624239,0.024342505197342906,,,,,,,,,,,OBSERVATION_ONLY_FULL_FORWARD_REQUIRED
episode_000004_000037,episode_000004,37,lift,P6_contrast_match_sim_to_real,photometric,Scale Sim contrast toward Real luminance std.,0.4997554044836374,0.08962854464918231,10.475536554118525,0.5622068667659633,0.45062961031709564,0.7292778418368734,0.27864823151977774,0.1186524123135853,0.11862689284287738,2.5519470707918712e-05,,,,,,,,,,,OBSERVATION_ONLY_FULL_FORWARD_REQUIRED
episode_000004_000038,episode_000004,38,lift,P0_current_paired_image,preprocessing,Existing paired 1280x720 image.,0.5180697539744482,0.09728130479997005,10.119706129929407,0.5523839866712129,0.45203996228298615,0.7299513579648353,0.2779113956818492,0.12193078346814248,0.15471110792529016,0.03278032445714768,,,,,,,,,,,OBSERVATION_ONLY_FULL_FORWARD_REQUIRED
episode_000004_000038,episode_000004,38,lift,P1_resize_224_direct,preprocessing,Direct resize to 224x224.,0.5174990611573446,0.09685683066118601,10.138697459943895,0.5581839841369954,0.4520224084477541,0.7299673195215586,0.2779449110738045,0.12136513040823065,0.15379202176341025,0.03242689135517961,,,,,,,,,,,OBSERVATION_ONLY_FULL_FORWARD_REQUIRED
episode_000004_000038,episode_000004,38,lift,P2_center_crop_square_resize_224,preprocessing,Center square crop then resize to 224x224.,0.4942054785948881,0.08983355934285478,10.46561392567244,0.6092773293238299,0.46216438229979484,0.7241875841430322,0.26202320184323735,0.13234364267534557,0.16922013791244472,0.036876495237099155,,,,,,,,,,,OBSERVATION_ONLY_FULL_FORWARD_REQUIRED
episode_000004_000038,episode_000004,38,lift,P3_center_crop_0p875_resize_224,preprocessing,Center crop 87.5% of min side then resize to 224x224.,0.4974586270238757,0.08950893725545775,10.481335992433296,0.5139540122701687,0.4649388106961534,0.7277220325473939,0.2627832218512405,0.1073168412614841,0.14312593069480478,0.03580908943332069,,,,,,,,,,,OBSERVATION_ONLY_FULL_FORWARD_REQUIRED
episode_000004_000038,episode_000004,38,lift,P4_letterbox_224,preprocessing,Aspect-preserving resize with black letterbox to 224x224.,0.2908891899147367,0.05438097124062043,12.645530402079645,0.7759546513558915,0.2545592551239246,0.410942206320028,0.1563829511961034,0.24215731722147318,0.3802508566613658,0.13809353943989264,,,,,,,,,,,OBSERVATION_ONLY_FULL_FORWARD_REQUIRED
episode_000004_000038,episode_000004,38,lift,P5_brightness_match_sim_to_real,photometric,Shift Sim brightness mean toward Real mean.,0.19781942451262993,0.016204446729445238,17.903657925522207,0.6213119713066665,0.45203996228298615,0.45015280863119556,0.0018871536517905962,0.12193078346814248,0.09577012502582466,0.026160658442317825,,,,,,,,,,,OBSERVATION_ONLY_FULL_FORWARD_REQUIRED
episode_000004_000038,episode_000004,38,lift,P6_contrast_match_sim_to_real,photometric,Scale Sim contrast toward Real luminance std.,0.49770371710855904,0.08909684483554225,10.501376752535375,0.5697135993864921,0.45203996228298615,0.7296915050347219,0.27765154275173576,0.12193078346814248,0.12193641843055289,5.6349624104057305e-06,,,,,,,,,,,OBSERVATION_ONLY_FULL_FORWARD_REQUIRED
episode_000004_000039,episode_000004,39,lift,P0_current_paired_image,preprocessing,Existing paired 1280x720 image.,0.5152636794968638,0.09673508622039961,10.144159769182595,0.5740517447186223,0.4534344433312909,0.7299381169441046,0.2765036736128137,0.12908760805921635,0.15999354135220392,0.030905933292987575,,,,,,,,,,,OBSERVATION_ONLY_FULL_FORWARD_REQUIRED
episode_000004_000039,episode_000004,39,lift,P1_resize_224_direct,preprocessing,Direct resize to 224x224.,0.5146200338947339,0.09627820654405553,10.164720082939196,0.5800954354199863,0.45341904358618446,0.7299609163978091,0.2765418728116247,0.12853168753750963,0.15903346829299977,0.03050178075549015,,,,,,,,,,,OBSERVATION_ONLY_FULL_FORWARD_REQUIRED
episode_000004_000039,episode_000004,39,lift,P2_center_crop_square_resize_224,preprocessing,Center square crop then resize to 224x224.,0.4927677257463591,0.08991525337667747,10.461666275615706,0.6127331712678904,0.46608701705682265,0.7272914945665766,0.26120447750975395,0.13829868015387015,0.1716514871736884,0.03335280701981824,,,,,,,,,,,OBSERVATION_ONLY_FULL_FORWARD_REQUIRED
episode_000004_000039,episode_000004,39,lift,P3_center_crop_0p875_resize_224,preprocessing,Center crop 87.5% of min side then resize to 224x224.,0.4953844831832365,0.08924861744125755,10.493985028604015,0.5269891456292732,0.47041995430984895,0.731836248327456,0.261416294017607,0.11464154769465432,0.1460356007612247,0.03139405306657039,,,,,,,,,,,OBSERVATION_ONLY_FULL_FORWARD_REQUIRED
episode_000004_000039,episode_000004,39,lift,P4_letterbox_224,preprocessing,Aspect-preserving resize with black letterbox to 224x224.,0.2892585371422496,0.05405115600161633,12.671950132785831,0.7784681238750826,0.2553436818008453,0.4109365895576981,0.15559290775685275,0.2448583801405517,0.38145455936514566,0.13659617922459397,,,,,,,,,,,OBSERVATION_ONLY_FULL_FORWARD_REQUIRED
episode_000004_000039,episode_000004,39,lift,P5_brightness_match_sim_to_real,photometric,Shift Sim brightness mean toward Real mean.,0.19727241893088698,0.016476471889818014,17.831357782469837,0.6383586397286505,0.4534344433312909,0.4514941201635688,0.00194032316772208,0.12908760805921635,0.0994040767893325,0.02968353126988385,,,,,,,,,,,OBSERVATION_ONLY_FULL_FORWARD_REQUIRED
episode_000004_000039,episode_000004,39,lift,P6_contrast_match_sim_to_real,photometric,Scale Sim contrast toward Real luminance std.,0.49657684076824904,0.08905958488299553,10.503193334967849,0.5886041000882106,0.4534344433312909,0.7294626237455747,0.2760281804142838,0.12908760805921635,0.12907888505619464,8.72300302171003e-06,,,,,,,,,,,OBSERVATION_ONLY_FULL_FORWARD_REQUIRED
episode_000004_000040,episode_000004,40,lift,P0_current_paired_image,preprocessing,Existing paired 1280x720 image.,0.5071772545543981,0.09481506732742566,10.23122642227387,0.5953134553856936,0.45588174324363434,0.7291364116438589,0.27325466840022455,0.13853739007333782,0.16726586112945388,0.02872847105611606,,,,,,,,,,,OBSERVATION_ONLY_FULL_FORWARD_REQUIRED
episode_000004_000040,episode_000004,40,lift,P1_resize_224_direct,preprocessing,Direct resize to 224x224.,0.5063841226284104,0.09431539977101953,10.254173900883652,0.6013592117732738,0.4558720476628151,0.7291473918004702,0.2732753441376551,0.13799044545677253,0.16626412667639606,0.028273681219623537,,,,,,,,,,,OBSERVATION_ONLY_FULL_FORWARD_REQUIRED
episode_000004_000040,episode_000004,40,lift,P2_center_crop_square_resize_224,preprocessing,Center square crop then resize to 224x224.,0.4877324586040509,0.08970228736919603,10.471964824948792,0.6063191376723933,0.47309565904486794,0.732211246670543,0.2591155876256751,0.14675408086802225,0.17448308431705895,0.0277290034490367,,,,,,,,,,,OBSERVATION_ONLY_FULL_FORWARD_REQUIRED
episode_000004_000040,episode_000004,40,lift,P3_center_crop_0p875_resize_224,preprocessing,Center crop 87.5% of min side then resize to 224x224.,0.48825337215997233,0.08757320268793792,10.576287671786481,0.5443510795696636,0.4800495289678371,0.7380676307085334,0.25801810174069634,0.12451261426961917,0.1490429834193352,0.024530369149716028,,,,,,,,,,,OBSERVATION_ONLY_FULL_FORWARD_REQUIRED
episode_000004_000040,episode_000004,40,lift,P4_letterbox_224,preprocessing,Aspect-preserving resize with black letterbox to 224x224.,0.28457379884481704,0.052935519489658606,12.762528205576167,0.7826490533115017,0.2567108072447729,0.4104753084983993,0.1537645012536264,0.2488253484894682,0.38278093424303783,0.13395558575356964,,,,,,,,,,,OBSERVATION_ONLY_FULL_FORWARD_REQUIRED
episode_000004_000040,episode_000004,40,lift,P5_brightness_match_sim_to_real,photometric,Shift Sim brightness mean toward Real mean.,0.196356374108392,0.01691196447658129,17.718059422670727,0.6526993462346564,0.45588174324363434,0.4539625178836465,0.0019192253599878417,0.13853739007333782,0.10458839977337218,0.033948990299965634,,,,,,,,,,,OBSERVATION_ONLY_FULL_FORWARD_REQUIRED
episode_000004_000040,episode_000004,40,lift,P6_contrast_match_sim_to_real,photometric,Scale Sim contrast toward Real luminance std.,0.4895874783749824,0.08755092420160698,10.577392650740865,0.6072806216950812,0.45588174324363434,0.7277610462843819,0.27187930304074753,0.13853739007333782,0.1384948853467213,4.250472661651572e-05,,,,,,,,,,,OBSERVATION_ONLY_FULL_FORWARD_REQUIRED
episode_000004_000041,episode_000004,41,lift,P0_current_paired_image,preprocessing,Existing paired 1280x720 image.,0.5002553120756378,0.09335056418048798,10.298830529721892,0.6133852137386853,0.45757873514348435,0.726571097606039,0.26899236246255465,0.15033599116525476,0.17515534888529494,0.02481935772004018,,,,,,,,,,,OBSERVATION_ONLY_FULL_FORWARD_REQUIRED
episode_000004_000041,episode_000004,41,lift,P1_resize_224_direct,preprocessing,Direct resize to 224x224.,0.4993512631262239,0.09278442310339167,10.325249281784462,0.6196359952028656,0.4575664848908313,0.7265841346382304,0.26901764974739906,0.14969643800407528,0.17413366555199616,0.02443722754792088,,,,,,,,,,,OBSERVATION_ONLY_FULL_FORWARD_REQUIRED
episode_000004_000041,episode_000004,41,lift,P2_center_crop_square_resize_224,preprocessing,Center square crop then resize to 224x224.,0.4858789712591558,0.09070128837891366,10.423865439004473,0.5903445013753773,0.48185644370248093,0.7382473223195528,0.2563908786170719,0.15789398014213807,0.17674588129427368,0.018851901152135614,,,,,,,,,,,OBSERVATION_ONLY_FULL_FORWARD_REQUIRED
episode_000004_000041,episode_000004,41,lift,P3_center_crop_0p875_resize_224,preprocessing,Center crop 87.5% of min side then resize to 224x224.,0.4859408155315988,0.08832545334310195,10.5391412480846,0.5317987633354821,0.49013819323041713,0.7454287526729442,0.25529055944252704,0.13900412361009978,0.1501077302136156,0.011103606603515809,,,,,,,,,,,OBSERVATION_ONLY_FULL_FORWARD_REQUIRED
episode_000004_000041,episode_000004,41,lift,P4_letterbox_224,preprocessing,Aspect-preserving resize with black letterbox to 224x224.,0.2804984813753245,0.05203110053253328,12.83736988054538,0.7868074557844666,0.25767809884891457,0.4090209706851491,0.15134287183623452,0.25334074186839894,0.38353219136592087,0.13019144949752193,,,,,,,,,,,OBSERVATION_ONLY_FULL_FORWARD_REQUIRED
episode_000004_000041,episode_000004,41,lift,P5_brightness_match_sim_to_real,photometric,Shift Sim brightness mean toward Real mean.,0.2014054445755537,0.018325765202708726,17.36937882096075,0.6601069562221469,0.45757873514348435,0.45563810729421966,0.0019406278492646867,0.15033599116525476,0.11029843252148046,0.0400375586437743,,,,,,,,,,,OBSERVATION_ONLY_FULL_FORWARD_REQUIRED
episode_000004_000041,episode_000004,41,lift,P6_contrast_match_sim_to_real,photometric,Scale Sim contrast toward Real luminance std.,0.4867795731811307,0.08753073041818847,10.57839447457733,0.6217777405910585,0.45757873514348435,0.7258292798270695,0.2682505446835851,0.15033599116525476,0.15051184165617543,0.0001758504909206704,,,,,,,,,,,OBSERVATION_ONLY_FULL_FORWARD_REQUIRED
episode_000004_000042,episode_000004,42,lift,P0_current_paired_image,preprocessing,Existing paired 1280x720 image.,0.4924236603883625,0.09127971080611802,10.39625744526587,0.6177201591763257,0.4582502439329724,0.7228003648046024,0.26455012087163,0.1580014191997521,0.181272243786721,0.023270824586968886,,,,,,,,,,,OBSERVATION_ONLY_FULL_FORWARD_REQUIRED
episode_000004_000042,episode_000004,42,lift,P1_resize_224_direct,preprocessing,Direct resize to 224x224.,0.49134003315835295,0.09066487869657665,10.425609151692923,0.6239675591939946,0.4582414864226941,0.7228123102522257,0.2645708238295316,0.157294850599998,0.18025832121635801,0.022963470616360004,,,,,,,,,,,OBSERVATION_ONLY_FULL_FORWARD_REQUIRED
episode_000004_000042,episode_000004,42,lift,P2_center_crop_square_resize_224,preprocessing,Center square crop then resize to 224x224.,0.4804081060917372,0.0897253086283533,10.470850391484113,0.5812545471745483,0.4873912214260704,0.7409722537765107,0.25358103235044027,0.16393151412781062,0.17819871526725903,0.014267201139448404,,,,,,,,,,,OBSERVATION_ONLY_FULL_FORWARD_REQUIRED
episode_000004_000042,episode_000004,42,lift,P3_center_crop_0p875_resize_224,preprocessing,Center crop 87.5% of min side then resize to 224x224.,0.48116303169809227,0.08824688658142997,10.543006079158545,0.5167617105062815,0.49577120792066826,0.7497348471888756,0.25396363926820736,0.14724592974970088,0.15120869825416092,0.003962768504460035,,,,,,,,,,,OBSERVATION_ONLY_FULL_FORWARD_REQUIRED
episode_000004_000042,episode_000004,42,lift,P4_letterbox_224,preprocessing,Aspect-preserving resize with black letterbox to 224x224.,0.27602820162627334,0.05083914019038988,12.938018029985718,0.7892736800779816,0.25804540033200785,0.40690181492909666,0.14885641459708882,0.2562000885085983,0.38336648520353644,0.12716639669493812,,,,,,,,,,,OBSERVATION_ONLY_FULL_FORWARD_REQUIRED
episode_000004_000042,episode_000004,42,lift,P5_brightness_match_sim_to_real,photometric,Shift Sim brightness mean toward Real mean.,0.1969610368434946,0.01871473134108853,17.278164030096306,0.6593551610570048,0.4582502439329724,0.4562217479217729,0.002028496011199532,0.1580014191997521,0.11491987354768604,0.04308154565206607,,,,,,,,,,,OBSERVATION_ONLY_FULL_FORWARD_REQUIRED
episode_000004_000042,episode_000004,42,lift,P6_contrast_match_sim_to_real,photometric,Scale Sim contrast toward Real luminance std.,0.4792386909434234,0.0855943260226658,10.675550233919942,0.6243994768124169,0.4582502439329724,0.7215447494178922,0.2632945054849197,0.1580014191997521,0.1578324145117501,0.00016900468800201685,,,,,,,,,,,OBSERVATION_ONLY_FULL_FORWARD_REQUIRED
episode_000004_000043,episode_000004,43,lift,P0_current_paired_image,preprocessing,Existing paired 1280x720 image.,0.4916598973161031,0.09121546608453661,10.399315184073236,0.6197543316633006,0.4577942333146105,0.7212367264518658,0.26344249313725526,0.16098511982967414,0.1837336755304272,0.022748555700753043,,,,,,,,,,,OBSERVATION_ONLY_FULL_FORWARD_REQUIRED
episode_000004_000043,episode_000004,43,lift,P1_resize_224_direct,preprocessing,Direct resize to 224x224.,0.4905336000879241,0.09056665783143322,10.430316586693829,0.6261979079998922,0.45778247153548923,0.721251189772784,0.2634687182372948,0.16025312894534172,0.1826807005267239,0.022427571581382172,,,,,,,,,,,OBSERVATION_ONLY_FULL_FORWARD_REQUIRED
episode_000004_000043,episode_000004,43,lift,P2_center_crop_square_resize_224,preprocessing,Center square crop then resize to 224x224.,0.4804480970963961,0.08991127946276549,10.461858221582363,0.5788784309138453,0.48918132956307525,0.7418684369060125,0.2526871073429372,0.16577176714018144,0.178935363516826,0.013163596376644576,,,,,,,,,,,OBSERVATION_ONLY_FULL_FORWARD_REQUIRED
episode_000004_000043,episode_000004,43,lift,P3_center_crop_0p875_resize_224,preprocessing,Center crop 87.5% of min side then resize to 224x224.,0.48157269199384434,0.08884979604586933,10.513435647777026,0.5110196021617264,0.4977882615702531,0.7512781879470538,0.25348992637680073,0.15030214916840792,0.15178329261863413,0.0014811434502262077,,,,,,,,,,,OBSERVATION_ONLY_FULL_FORWARD_REQUIRED
episode_000004_000043,episode_000004,43,lift,P4_letterbox_224,preprocessing,Aspect-preserving resize with black letterbox to 224x224.,0.2755496957036691,0.050780262676966205,12.943050569309477,0.7894570041902411,0.25779392886842234,0.406023559830182,0.14822963096175967,0.25702856251298656,0.38328287899564206,0.1262543164826555,,,,,,,,,,,OBSERVATION_ONLY_FULL_FORWARD_REQUIRED
episode_000004_000043,episode_000004,43,lift,P5_brightness_match_sim_to_real,photometric,Shift Sim brightness mean toward Real mean.,0.19890127982477807,0.019268471249928806,17.151527406666677,0.6594942778338697,0.4577942333146105,0.45568172833520565,0.00211250497940485,0.16098511982967414,0.11655246317833434,0.0444326566513398,,,,,,,,,,,OBSERVATION_ONLY_FULL_FORWARD_REQUIRED
episode_000004_000043,episode_000004,43,lift,P6_contrast_match_sim_to_real,photometric,Scale Sim contrast toward Real luminance std.,0.478410155985594,0.08548875202802166,10.680910227397824,0.6258310852013514,0.4577942333146105,0.7197600980383643,0.26196586472375377,0.16098511982967414,0.160980741311701,4.378517973135931e-06,,,,,,,,,,,OBSERVATION_ONLY_FULL_FORWARD_REQUIRED
episode_000004_000044,episode_000004,44,lift,P0_current_paired_image,preprocessing,Existing paired 1280x720 image.,0.49165609872252597,0.09121966384456827,10.399115325195275,0.620481490830148,0.45775289585290724,0.7212895287054055,0.2635366328524983,0.16117849953703986,0.1838390697044267,0.022660570167386845,,,,,,,,,,,OBSERVATION_ONLY_FULL_FORWARD_REQUIRED
episode_000004_000044,episode_000004,44,lift,P1_resize_224_direct,preprocessing,Direct resize to 224x224.,0.4905101377014018,0.09057096797052155,10.43010990742282,0.6268509075576584,0.4577504207151611,0.7212910499981242,0.2635406292829631,0.16045322575335721,0.18280878704440445,0.022355561291047238,,,,,,,,,,,OBSERVATION_ONLY_FULL_FORWARD_REQUIRED
episode_000004_000044,episode_000004,44,lift,P2_center_crop_square_resize_224,preprocessing,Center square crop then resize to 224x224.,0.48067409023918634,0.09001174867414286,10.457008011012954,0.5786422616598051,0.4892932015618747,0.7422235755395908,0.2529303739777161,0.16585590768507463,0.17897761714934798,0.013121709464273351,,,,,,,,,,,OBSERVATION_ONLY_FULL_FORWARD_REQUIRED
episode_000004_000044,episode_000004,44,lift,P3_center_crop_0p875_resize_224,preprocessing,Center crop 87.5% of min side then resize to 224x224.,0.48186751160894425,0.08897758204589025,10.507194003231445,0.5104170270951386,0.4979127057229142,0.7516546693990097,0.2537419636760955,0.15045324493500234,0.1516368111607241,0.0011835662257217716,,,,,,,,,,,OBSERVATION_ONLY_FULL_FORWARD_REQUIRED
episode_000004_000044,episode_000004,44,lift,P4_letterbox_224,preprocessing,Aspect-preserving resize with black letterbox to 224x224.,0.2755504796388967,0.050788903694647794,12.942311615463492,0.78939761412276,0.25776384494422766,0.40605615702531006,0.1482923120810824,0.2570754901356573,0.38334173440534447,0.1262662442696872,,,,,,,,,,,OBSERVATION_ONLY_FULL_FORWARD_REQUIRED
episode_000004_000044,episode_000004,44,lift,P5_brightness_match_sim_to_real,photometric,Shift Sim brightness mean toward Real mean.,0.19908093467780738,0.019279028420781892,17.149148564355343,0.6601274059878773,0.45775289585290724,0.4557124030875547,0.002040492765352564,0.16117849953703986,0.11661279318295598,0.044565706354083884,,,,,,,,,,,OBSERVATION_ONLY_FULL_FORWARD_REQUIRED
episode_000004_000044,episode_000004,44,lift,P6_contrast_match_sim_to_real,photometric,Scale Sim contrast toward Real luminance std.,0.4783977342349179,0.0854925203046905,10.680718798039335,0.6265265782148356,0.45775289585290724,0.7197760122489448,0.2620231163960376,0.16117849953703986,0.16117036009281807,8.139444221788583e-06,,,,,,,,,,,OBSERVATION_ONLY_FULL_FORWARD_REQUIRED
episode_000005_000000,episode_000005,0,hold,P0_current_paired_image,preprocessing,Existing paired 1280x720 image.,0.3895427698456983,0.06923872563481634,11.596509340788561,0.6901641442621121,0.4305747755872141,0.6069764546577139,0.1764016790704998,0.25231793935955155,0.24423118481704476,0.008086754542506791,,,,,,,,,,,OBSERVATION_ONLY_FULL_FORWARD_REQUIRED
episode_000005_000000,episode_000005,0,hold,P1_resize_224_direct,preprocessing,Direct resize to 224x224.,0.3873600460793937,0.06767330829390578,11.695825919712675,0.6986025545573087,0.4305472920574479,0.6069831928396358,0.17643590078218785,0.25120846195790386,0.24233272200725053,0.008875739950653327,,,,,,,,,,,OBSERVATION_ONLY_FULL_FORWARD_REQUIRED
episode_000005_000000,episode_000005,0,hold,P2_center_crop_square_resize_224,preprocessing,Center square crop then resize to 224x224.,0.4037354268442111,0.07650274141519353,11.163230019684853,0.5246868270138322,0.5677980656793968,0.7306560366021407,0.1628579709227439,0.21423628663294136,0.21111880865371724,0.003117477979224126,,,,,,,,,,,OBSERVATION_ONLY_FULL_FORWARD_REQUIRED
episode_000005_000000,episode_000005,0,hold,P3_center_crop_0p875_resize_224,preprocessing,Center crop 87.5% of min side then resize to 224x224.,0.4081215666498369,0.07866537985700815,11.04216355888176,0.3709699072206946,0.5981891715279861,0.7586786714842185,0.1604894999562324,0.19266422842304232,0.18430486565842408,0.008359362764618239,,,,,,,,,,,OBSERVATION_ONLY_FULL_FORWARD_REQUIRED
episode_000005_000000,episode_000005,0,hold,P4_letterbox_224,preprocessing,Aspect-preserving resize with black letterbox to 224x224.,0.21725172406894555,0.03766746670073258,14.24033586987827,0.8281012892227465,0.24245256329094136,0.34173938616071425,0.09928682286977289,0.284739890903364,0.3516364249538423,0.0668965340504783,,,,,,,,,,,OBSERVATION_ONLY_FULL_FORWARD_REQUIRED
episode_000005_000000,episode_000005,0,hold,P5_brightness_match_sim_to_real,photometric,Shift Sim brightness mean toward Real mean.,0.26542841516742743,0.038367112002639675,14.160408901037748,0.6836682533582582,0.4305747755872141,0.42855771095877604,0.0020170646284380367,0.25231793935955155,0.17310198829843673,0.07921595106111481,,,,,,,,,,,OBSERVATION_ONLY_FULL_FORWARD_REQUIRED
episode_000005_000000,episode_000005,0,hold,P6_contrast_match_sim_to_real,photometric,Scale Sim contrast toward Real luminance std.,0.3900873449032952,0.07040035020918768,11.524251804382937,0.691247436390372,0.4305747755872141,0.6052010581495096,0.17462628256229557,0.25231793935955155,0.25218186490690536,0.00013607445264618434,,,,,,,,,,,OBSERVATION_ONLY_FULL_FORWARD_REQUIRED
episode_000005_000001,episode_000005,1,hold,P0_current_paired_image,preprocessing,Existing paired 1280x720 image.,0.3902578656513407,0.06951633227671514,11.579131495916608,0.6893855938369122,0.4307307346269064,0.607636788354439,0.1769060537275326,0.25250070049131934,0.2442797691646045,0.008220931326714837,,,,,,,,,,,OBSERVATION_ONLY_FULL_FORWARD_REQUIRED
episode_000005_000001,episode_000005,1,hold,P1_resize_224_direct,preprocessing,Direct resize to 224x224.,0.3880975296458755,0.06793846552101232,11.67884266463383,0.6978965573617073,0.43069570579794414,0.6076524867446979,0.1769567809467537,0.25138215823500115,0.242357796681735,0.009024361553266164,,,,,,,,,,,OBSERVATION_ONLY_FULL_FORWARD_REQUIRED
episode_000005_000001,episode_000005,1,hold,P2_center_crop_square_resize_224,preprocessing,Center square crop then resize to 224x224.,0.40470399583732025,0.07684885146869205,11.143626187893068,0.5223835398069013,0.5681562937831383,0.7314011830044518,0.16324488922131353,0.2142126616625943,0.21087026442365467,0.003342397238939643,,,,,,,,,,,OBSERVATION_ONLY_FULL_FORWARD_REQUIRED
episode_000005_000001,episode_000005,1,hold,P3_center_crop_0p875_resize_224,preprocessing,Center crop 87.5% of min side then resize to 224x224.,0.40862935478820384,0.07886782490774089,11.031001363971473,0.36891115015441084,0.598647184342487,0.759151416957408,0.16050423261492097,0.19256352926038692,0.1843154408436903,0.008248088416696608,,,,,,,,,,,OBSERVATION_ONLY_FULL_FORWARD_REQUIRED
episode_000005_000001,episode_000005,1,hold,P4_letterbox_224,preprocessing,Aspect-preserving resize with black letterbox to 224x224.,0.21765622035832566,0.037817926190083874,14.223022901101439,0.8276219290475979,0.24253904955732292,0.34212018705919867,0.09958113750187575,0.28488895422267907,0.35193322268555915,0.06704426846288009,,,,,,,,,,,OBSERVATION_ONLY_FULL_FORWARD_REQUIRED
episode_000005_000001,episode_000005,1,hold,P5_brightness_match_sim_to_real,photometric,Shift Sim brightness mean toward Real mean.,0.2656927261532384,0.03844720219231029,14.151352583762167,0.6832425444413216,0.4307307346269064,0.4287289805844907,0.0020017540424157043,0.25250070049131934,0.17313035962027598,0.07937034087104336,,,,,,,,,,,OBSERVATION_ONLY_FULL_FORWARD_REQUIRED
episode_000005_000001,episode_000005,1,hold,P6_contrast_match_sim_to_real,photometric,Scale Sim contrast toward Real luminance std.,0.3908346517915389,0.07070224791123789,11.505667780004599,0.6904329566674746,0.4307307346269064,0.6058768529241556,0.1751461182972492,0.25250070049131934,0.2522675471812914,0.0002331533100279337,,,,,,,,,,,OBSERVATION_ONLY_FULL_FORWARD_REQUIRED
episode_000005_000002,episode_000005,2,alignment,P0_current_paired_image,preprocessing,Existing paired 1280x720 image.,0.39118346064678056,0.06986070545672422,11.557670331499088,0.6877132983699211,0.4306126503157341,0.6078891432640592,0.1772764929483251,0.2526153823518663,0.24430221168244587,0.008313170669420444,,,,,,,,,,,OBSERVATION_ONLY_FULL_FORWARD_REQUIRED
episode_000005_000002,episode_000005,2,alignment,P1_resize_224_direct,preprocessing,Direct resize to 224x224.,0.3889696804025093,0.06827794679963489,11.657195471208047,0.6962068985355613,0.4305882503939076,0.6078937575342637,0.1773055071403561,0.25149714129089756,0.24239109692680708,0.009106044364090488,,,,,,,,,,,OBSERVATION_ONLY_FULL_FORWARD_REQUIRED
episode_000005_000002,episode_000005,2,alignment,P2_center_crop_square_resize_224,preprocessing,Center square crop then resize to 224x224.,0.405515296460964,0.0771833272729026,11.124765034905284,0.5202913968740303,0.5681526617990946,0.7316984311068178,0.16354576930772313,0.21418914283447665,0.21089448028728366,0.003294662547192989,,,,,,,,,,,OBSERVATION_ONLY_FULL_FORWARD_REQUIRED
episode_000005_000002,episode_000005,2,alignment,P3_center_crop_0p875_resize_224,preprocessing,Center crop 87.5% of min side then resize to 224x224.,0.409242344211186,0.07911052962851806,11.017657079660728,0.3673835011876161,0.5986088510247848,0.7593345145714536,0.16072566354666884,0.19258485402498576,0.18446319014557458,0.008121663879411184,,,,,,,,,,,OBSERVATION_ONLY_FULL_FORWARD_REQUIRED
episode_000005_000002,episode_000005,2,alignment,P4_letterbox_224,preprocessing,Aspect-preserving resize with black letterbox to 224x224.,0.21816432493876275,0.03801501717925732,14.200448089164103,0.826766230684923,0.2424778512655062,0.34224715250162563,0.09976930123611943,0.2849084892543637,0.3520489556867083,0.06714046643234461,,,,,,,,,,,OBSERVATION_ONLY_FULL_FORWARD_REQUIRED
episode_000005_000002,episode_000005,2,alignment,P5_brightness_match_sim_to_real,photometric,Shift Sim brightness mean toward Real mean.,0.26638218240615674,0.038637103651373406,14.129954370021895,0.6816317498581713,0.4306126503157341,0.4287429051351444,0.001869745180589688,0.2526153823518663,0.17314768833379865,0.07946769401806766,,,,,,,,,,,OBSERVATION_ONLY_FULL_FORWARD_REQUIRED
episode_000005_000002,episode_000005,2,alignment,P6_contrast_match_sim_to_real,photometric,Scale Sim contrast toward Real luminance std.,0.39194490393583886,0.07115360790944011,11.478030737183484,0.6888378842181275,0.4306126503157341,0.606352227348005,0.1757395770322709,0.2526153823518663,0.25261932954009314,3.9471882268271585e-06,,,,,,,,,,,OBSERVATION_ONLY_FULL_FORWARD_REQUIRED
episode_000005_000003,episode_000005,3,alignment,P0_current_paired_image,preprocessing,Existing paired 1280x720 image.,0.3924093266085677,0.07036869641817779,11.526204942139849,0.6858504253495614,0.4305067509386917,0.6087992116549227,0.178292460716231,0.2524974277520385,0.2443078208427419,0.00818960690929657,,,,,,,,,,,OBSERVATION_ONLY_FULL_FORWARD_REQUIRED
episode_000005_000003,episode_000005,3,alignment,P1_resize_224_direct,preprocessing,Direct resize to 224x224.,0.3901815168129539,0.06879545333247679,11.624402631869453,0.6943109963884972,0.4304778795424419,0.6088095897577781,0.17833171021533623,0.2513843645600869,0.24243955886309718,0.008944805696989716,,,,,,,,,,,OBSERVATION_ONLY_FULL_FORWARD_REQUIRED
episode_000005_000003,episode_000005,3,alignment,P2_center_crop_square_resize_224,preprocessing,Center square crop then resize to 224x224.,0.4072066626294389,0.07790752943334195,11.084205675734978,0.5155702024044102,0.5678620378620198,0.7325592509191177,0.16469721305709784,0.21418461830153426,0.21062236417309677,0.0035622541284374976,,,,,,,,,,,OBSERVATION_ONLY_FULL_FORWARD_REQUIRED
episode_000005_000003,episode_000005,3,alignment,P3_center_crop_0p875_resize_224,preprocessing,Center crop 87.5% of min side then resize to 224x224.,0.4102103744227769,0.07948776160791114,10.996997326680532,0.36521811153684786,0.5981887003864045,0.7597515646414815,0.16156286425507704,0.19268990779911366,0.1844973559197999,0.008192551879313753,,,,,,,,,,,OBSERVATION_ONLY_FULL_FORWARD_REQUIRED
episode_000005_000003,episode_000005,3,alignment,P4_letterbox_224,preprocessing,Aspect-preserving resize with black letterbox to 224x224.,0.2188162622233621,0.03829100349290043,14.169032519411978,0.8255905209286121,0.24242185757115348,0.34276010907487997,0.1003382515037265,0.28481207438152023,0.35244762016421344,0.06763554578269321,,,,,,,,,,,OBSERVATION_ONLY_FULL_FORWARD_REQUIRED
episode_000005_000003,episode_000005,3,alignment,P5_brightness_match_sim_to_real,photometric,Shift Sim brightness mean toward Real mean.,0.26684742390230953,0.038756016816448795,14.116608643232418,0.6799427055664309,0.4305067509386917,0.42865196890233526,0.0018547820363564171,0.2524974277520385,0.17294309435445435,0.07955433339758414,,,,,,,,,,,OBSERVATION_ONLY_FULL_FORWARD_REQUIRED
episode_000005_000003,episode_000005,3,alignment,P6_contrast_match_sim_to_real,photometric,Scale Sim contrast toward Real luminance std.,0.3930173668422556,0.07157097464961838,11.45263068547286,0.6868727353788168,0.4305067509386917,0.6070715023182192,0.17656475137952748,0.2524974277520385,0.25230090314583237,0.00019652460620611656,,,,,,,,,,,OBSERVATION_ONLY_FULL_FORWARD_REQUIRED
episode_000005_000004,episode_000005,4,alignment,P0_current_paired_image,preprocessing,Existing paired 1280x720 image.,0.390921873174955,0.0697466643271551,11.564765579317985,0.6881098688354316,0.43623351736621735,0.612747342936411,0.17651382557019363,0.2522628617329185,0.2445375485400648,0.007725313192853717,,,,,,,,,,,OBSERVATION_ONLY_FULL_FORWARD_REQUIRED
episode_000005_000004,episode_000005,4,alignment,P1_resize_224_direct,preprocessing,Direct resize to 224x224.,0.3887528156940042,0.06823647708674972,11.65983403019887,0.6962575043283526,0.43620228361657165,0.6127632847826631,0.1765610011660914,0.25115887470757925,0.24275599605193499,0.008402878655644264,,,,,,,,,,,OBSERVATION_ONLY_FULL_FORWARD_REQUIRED
episode_000005_000004,episode_000005,4,alignment,P2_center_crop_square_resize_224,preprocessing,Center square crop then resize to 224x224.,0.40361217601148147,0.0765219920688864,11.16213732668999,0.5160363666703114,0.5727653958302071,0.7347256573879551,0.161960261557748,0.21191787986275795,0.21071853257768136,0.0011993472850765907,,,,,,,,,,,OBSERVATION_ONLY_FULL_FORWARD_REQUIRED
episode_000005_000004,episode_000005,4,alignment,P3_center_crop_0p875_resize_224,preprocessing,Center crop 87.5% of min side then resize to 224x224.,0.41030367867481893,0.07977600374300046,10.981277227997111,0.36154171479556146,0.5998154216374049,0.7609310574073378,0.16111563576993293,0.1935187621071049,0.18438118687852664,0.009137575228578249,,,,,,,,,,,OBSERVATION_ONLY_FULL_FORWARD_REQUIRED
episode_000005_000004,episode_000005,4,alignment,P4_letterbox_224,preprocessing,Aspect-preserving resize with black letterbox to 224x224.,0.2179624990854488,0.03799661878640345,14.202550483237552,0.829531240690597,0.24563644043554922,0.3449840283613445,0.09934758792579529,0.2868308697336015,0.35427568112730196,0.06744481139370045,,,,,,,,,,,OBSERVATION_ONLY_FULL_FORWARD_REQUIRED
episode_000005_000004,episode_000005,4,alignment,P5_brightness_match_sim_to_real,photometric,Shift Sim brightness mean toward Real mean.,0.2659691701890588,0.03860264276916286,14.133829621475233,0.682414536350648,0.43623351736621735,0.43437810033700974,0.0018554170292076066,0.2522628617329185,0.17409686483733966,0.07816599689557885,,,,,,,,,,,OBSERVATION_ONLY_FULL_FORWARD_REQUIRED
episode_000005_000004,episode_000005,4,alignment,P6_contrast_match_sim_to_real,photometric,Scale Sim contrast toward Real luminance std.,0.391842685860237,0.07097479006138133,11.488958834138483,0.6891267018359326,0.43623351736621735,0.6111589628957311,0.17492544552951378,0.2522628617329185,0.2524176355361671,0.0001547738032485757,,,,,,,,,,,OBSERVATION_ONLY_FULL_FORWARD_REQUIRED
episode_000005_000005,episode_000005,5,alignment,P0_current_paired_image,preprocessing,Existing paired 1280x720 image.,0.3879823799027378,0.06837716840344528,11.65088887924056,0.6931735270991447,0.4464406716324552,0.619541802028016,0.1731011303955608,0.25162664990171996,0.24498311398124442,0.006643535920475535,,,,,,,,,,,OBSERVATION_ONLY_FULL_FORWARD_REQUIRED
episode_000005_000005,episode_000005,5,alignment,P1_resize_224_direct,preprocessing,Direct resize to 224x224.,0.3856276479825515,0.06684350404786098,11.749407917415082,0.701520427382766,0.44642155033888564,0.6195523159420017,0.17313076560311602,0.25050330803733584,0.24317219114941122,0.007331116887924621,,,,,,,,,,,OBSERVATION_ONLY_FULL_FORWARD_REQUIRED
episode_000005_000005,episode_000005,5,alignment,P2_center_crop_square_resize_224,preprocessing,Center square crop then resize to 224x224.,0.3970416327729132,0.0741697638001279,11.297731040334318,0.5271439190665776,0.5787296037477491,0.7357837656937775,0.1570541619460284,0.210662132386879,0.2134220258253381,0.002759893438459088,,,,,,,,,,,OBSERVATION_ONLY_FULL_FORWARD_REQUIRED
episode_000005_000005,episode_000005,5,alignment,P3_center_crop_0p875_resize_224,preprocessing,Center crop 87.5% of min side then resize to 224x224.,0.40982262416899007,0.08004547243734095,10.966632277807518,0.3554048024691702,0.6031890259072379,0.7632608573429371,0.16007183143569925,0.19499037161505106,0.1837026565678025,0.01128771504724857,,,,,,,,,,,OBSERVATION_ONLY_FULL_FORWARD_REQUIRED
episode_000005_000005,episode_000005,5,alignment,P4_letterbox_224,preprocessing,Aspect-preserving resize with black letterbox to 224x224.,0.21621429094307382,0.03722601601915276,14.291534401039286,0.8372417498352568,0.251382421937525,0.348799693439876,0.09741727150235097,0.29036038629139577,0.3573321757390468,0.06697178944765103,,,,,,,,,,,OBSERVATION_ONLY_FULL_FORWARD_REQUIRED
episode_000005_000005,episode_000005,5,alignment,P5_brightness_match_sim_to_real,photometric,Shift Sim brightness mean toward Real mean.,0.264251212285624,0.03817287529969777,14.182451264076635,0.6885850126466144,0.4464406716324552,0.4444856973132828,0.001954974319172409,0.25162664990171996,0.1766093094408716,0.07501734046084835,,,,,,,,,,,OBSERVATION_ONLY_FULL_FORWARD_REQUIRED
episode_000005_000005,episode_000005,5,alignment,P6_contrast_match_sim_to_real,photometric,Scale Sim contrast toward Real luminance std.,0.38967102990313657,0.06957112716841453,11.575709602896545,0.6944428222155651,0.4464406716324552,0.6179099476264639,0.17146927599400869,0.25162664990171996,0.251923914419755,0.0002972645180350231,,,,,,,,,,,OBSERVATION_ONLY_FULL_FORWARD_REQUIRED
episode_000005_000006,episode_000005,6,alignment,P0_current_paired_image,preprocessing,Existing paired 1280x720 image.,0.3866607581914546,0.06767365372960184,11.69580375138109,0.6954678585682954,0.45841258880889163,0.6287163193193421,0.1703037305104505,0.25069551872259965,0.24444105612481282,0.006254462597786836,,,,,,,,,,,OBSERVATION_ONLY_FULL_FORWARD_REQUIRED
episode_000005_000006,episode_000005,6,alignment,P1_resize_224_direct,preprocessing,Direct resize to 224x224.,0.3842572234448084,0.06617179275713554,11.793270990879387,0.7037436978911091,0.4583817073548168,0.628725358627826,0.17034365127300916,0.2495701389274016,0.24269059541516558,0.006879543512236019,,,,,,,,,,,OBSERVATION_ONLY_FULL_FORWARD_REQUIRED
episode_000005_000006,episode_000005,6,alignment,P2_center_crop_square_resize_224,preprocessing,Center square crop then resize to 224x224.,0.3929397397968553,0.07298841380915111,11.367460743741553,0.5383749395070985,0.5832051648159263,0.7364427743128501,0.15323760949692378,0.2125342128400629,0.2164644003233888,0.003930187483325881,,,,,,,,,,,OBSERVATION_ONLY_FULL_FORWARD_REQUIRED
episode_000005_000006,episode_000005,6,alignment,P3_center_crop_0p875_resize_224,preprocessing,Center crop 87.5% of min side then resize to 224x224.,0.4060392343664808,0.07890527105450022,11.028939839462202,0.3615739523576334,0.6090026132953181,0.76639953923757,0.15739692594225185,0.19622542030295864,0.18369931306081286,0.012526107242145784,,,,,,,,,,,OBSERVATION_ONLY_FULL_FORWARD_REQUIRED
episode_000005_000006,episode_000005,6,alignment,P4_letterbox_224,preprocessing,Aspect-preserving resize with black letterbox to 224x224.,0.21539378907894455,0.03685505258067279,14.335029648609341,0.8442494586559356,0.2581141883784764,0.3539539231473839,0.0958397347689075,0.2944684516110784,0.36108049853196755,0.06661204692088918,,,,,,,,,,,OBSERVATION_ONLY_FULL_FORWARD_REQUIRED
episode_000005_000006,episode_000005,6,alignment,P5_brightness_match_sim_to_real,photometric,Shift Sim brightness mean toward Real mean.,0.2643698145119486,0.03803369000037377,14.198315376160513,0.691052625358769,0.45841258880889163,0.45647282941006273,0.0019397593988288997,0.25069551872259965,0.17815738332082853,0.07253813540177112,,,,,,,,,,,OBSERVATION_ONLY_FULL_FORWARD_REQUIRED
episode_000005_000006,episode_000005,6,alignment,P6_contrast_match_sim_to_real,photometric,Scale Sim contrast toward Real luminance std.,0.3869842874808225,0.06845239961237307,11.64611322984397,0.696415071305168,0.45841258880889163,0.6262895849962553,0.16787699618736368,0.25069551872259965,0.250528604780449,0.00016691394215062605,,,,,,,,,,,OBSERVATION_ONLY_FULL_FORWARD_REQUIRED
episode_000005_000007,episode_000005,7,alignment,P0_current_paired_image,preprocessing,Existing paired 1280x720 image.,0.40165819807941683,0.07112404777542823,11.479835349890744,0.6799095903996741,0.46151023028322474,0.6432880284330748,0.18177779814985,0.24171527179754965,0.24206678234796827,0.00035151055041862667,,,,,,,,,,,OBSERVATION_ONLY_FULL_FORWARD_REQUIRED
episode_000005_000007,episode_000005,7,alignment,P1_resize_224_direct,preprocessing,Direct resize to 224x224.,0.399220504598555,0.06970194337947597,11.567551130466583,0.6877603632923777,0.4614862975971638,0.643292083489646,0.18180578589248214,0.24060456801808458,0.24033463520109047,0.00026993281699411176,,,,,,,,,,,OBSERVATION_ONLY_FULL_FORWARD_REQUIRED
episode_000005_000007,episode_000005,7,alignment,P2_center_crop_square_resize_224,preprocessing,Center square crop then resize to 224x224.,0.40673446229123206,0.07654896108770304,11.160606991125459,0.5413146826692972,0.5713465494791666,0.7388421618178521,0.16749561233868548,0.2124665805036185,0.21881199132949408,0.006345410825875586,,,,,,,,,,,OBSERVATION_ONLY_FULL_FORWARD_REQUIRED
episode_000005_000007,episode_000005,7,alignment,P3_center_crop_0p875_resize_224,preprocessing,Center crop 87.5% of min side then resize to 224x224.,0.42048750217239256,0.08237352763817944,10.842123349997998,0.36672876970796325,0.5987845111951031,0.769008604895083,0.17022409369997993,0.19699264514494616,0.18519407999498932,0.011798565149956836,,,,,,,,,,,OBSERVATION_ONLY_FULL_FORWARD_REQUIRED
episode_000005_000007,episode_000005,7,alignment,P4_letterbox_224,preprocessing,Aspect-preserving resize with black letterbox to 224x224.,0.22378614894556212,0.03884609930573536,14.106525839427347,0.8365560155936751,0.2598617068389856,0.3621533416960534,0.10229163485706783,0.29144436102663274,0.366477031416861,0.07503267039022826,,,,,,,,,,,OBSERVATION_ONLY_FULL_FORWARD_REQUIRED
episode_000005_000007,episode_000005,7,alignment,P5_brightness_match_sim_to_real,photometric,Shift Sim brightness mean toward Real mean.,0.2521761429076179,0.03597041920753416,14.440545007842697,0.6813302295995577,0.46151023028322474,0.4596767557700166,0.0018334745132081443,0.24171527179754965,0.1736007323137326,0.06811453948381704,,,,,,,,,,,OBSERVATION_ONLY_FULL_FORWARD_REQUIRED
episode_000005_000007,episode_000005,7,alignment,P6_contrast_match_sim_to_real,photometric,Scale Sim contrast toward Real luminance std.,0.39854813461786004,0.07011982297139989,11.541591890220706,0.6805791686169105,0.46151023028322474,0.6408827369247003,0.17937250664147558,0.24171527179754965,0.24037512058929256,0.0013401512082570899,,,,,,,,,,,OBSERVATION_ONLY_FULL_FORWARD_REQUIRED
episode_000005_000008,episode_000005,8,alignment,P0_current_paired_image,preprocessing,Existing paired 1280x720 image.,0.41978321321705536,0.07558055311925974,11.215899341209976,0.6548363230541208,0.4659792694129562,0.6601627319648691,0.19418346255191288,0.23089590900358284,0.2377719853279477,0.006876076324364849,,,,,,,,,,,OBSERVATION_ONLY_FULL_FORWARD_REQUIRED
episode_000005_000008,episode_000005,8,alignment,P1_resize_224_direct,preprocessing,Direct resize to 224x224.,0.4171190538534765,0.07419440509046756,11.29628843103048,0.6626910738816814,0.4659652239958483,0.6601805253351339,0.19421530133928566,0.2297271126291727,0.23607742751226493,0.006350314883092234,,,,,,,,,,,OBSERVATION_ONLY_FULL_FORWARD_REQUIRED
episode_000005_000008,episode_000005,8,alignment,P2_center_crop_square_resize_224,preprocessing,Center square crop then resize to 224x224.,0.42036492733486447,0.0799710462207759,10.970672222903815,0.5401486401152116,0.5608169765249849,0.7429835105292117,0.1821665340042269,0.21169882619033403,0.21914452827802167,0.007445702087687633,,,,,,,,,,,OBSERVATION_ONLY_FULL_FORWARD_REQUIRED
episode_000005_000008,episode_000005,8,alignment,P3_center_crop_0p875_resize_224,preprocessing,Center crop 87.5% of min side then resize to 224x224.,0.42970254118996093,0.08349695311130988,10.783293720743394,0.4088543284881802,0.5842380928934073,0.7715082081113693,0.187270115217962,0.19795691257504966,0.18576063929574688,0.012196273279302783,,,,,,,,,,,OBSERVATION_ONLY_FULL_FORWARD_REQUIRED
episode_000005_000008,episode_000005,8,alignment,P4_letterbox_224,preprocessing,Aspect-preserving resize with black letterbox to 224x224.,0.2337766950517607,0.04136872743378397,13.83327838470837,0.8272042979960492,0.2623859145845838,0.37165908427433464,0.10927316968975082,0.2882470305245611,0.3722735547616861,0.08402652423712503,,,,,,,,,,,OBSERVATION_ONLY_FULL_FORWARD_REQUIRED
episode_000005_000008,episode_000005,8,alignment,P5_brightness_match_sim_to_real,photometric,Shift Sim brightness mean toward Real mean.,0.24344613116559316,0.03446556275208433,14.626146259720688,0.6622229330351159,0.4659792694129562,0.4638500097826455,0.002129259630310687,0.23089590900358284,0.167702537234703,0.06319337176887985,,,,,,,,,,,OBSERVATION_ONLY_FULL_FORWARD_REQUIRED
episode_000005_000008,episode_000005,8,alignment,P6_contrast_match_sim_to_real,photometric,Scale Sim contrast toward Real luminance std.,0.414837624351131,0.07345076073060403,11.340037018561254,0.6556705600727329,0.4659792694129562,0.6583598770126974,0.19238060759974118,0.23089590900358284,0.23112457447682316,0.00022866547324032482,,,,,,,,,,,OBSERVATION_ONLY_FULL_FORWARD_REQUIRED
episode_000005_000009,episode_000005,9,alignment,P0_current_paired_image,preprocessing,Existing paired 1280x720 image.,0.41776399698449146,0.07342976692992015,11.341278502643386,0.6520233433603339,0.4849390465686274,0.6749280069129558,0.18998896034432844,0.22426537564199253,0.2317784492441682,0.007513073602175679,,,,,,,,,,,OBSERVATION_ONLY_FULL_FORWARD_REQUIRED
episode_000005_000009,episode_000005,9,alignment,P1_resize_224_direct,preprocessing,Direct resize to 224x224.,0.41488433367338967,0.07205852919190552,11.423146066369632,0.660359489220163,0.4849333942170619,0.6749343458164514,0.1900009515993895,0.22306153534352804,0.23012514451357927,0.007063609170051222,,,,,,,,,,,OBSERVATION_ONLY_FULL_FORWARD_REQUIRED
episode_000005_000009,episode_000005,9,alignment,P2_center_crop_square_resize_224,preprocessing,Center square crop then resize to 224x224.,0.41854004016523677,0.07928890571751578,11.00787575894673,0.5313543675804073,0.5700568087703832,0.7491317681916516,0.1790749594212684,0.21067127811602868,0.2155153005869558,0.004844022470927134,,,,,,,,,,,OBSERVATION_ONLY_FULL_FORWARD_REQUIRED
episode_000005_000009,episode_000005,9,alignment,P3_center_crop_0p875_resize_224,preprocessing,Center crop 87.5% of min side then resize to 224x224.,0.4200377892915972,0.07909013462411109,11.018776852193069,0.46794268447070547,0.5844204250293867,0.7753883368034713,0.19096791177408456,0.19805849608078785,0.18320223423686444,0.014856261843923413,,,,,,,,,,,OBSERVATION_ONLY_FULL_FORWARD_REQUIRED
episode_000005_000009,episode_000005,9,alignment,P4_letterbox_224,preprocessing,Aspect-preserving resize with black letterbox to 224x224.,0.23253251414019813,0.040139016697365214,13.964332708156238,0.8392697699633362,0.27306089417016804,0.3799648607099089,0.10690396653974088,0.2929748928710561,0.3766515124270658,0.08367661955600969,,,,,,,,,,,OBSERVATION_ONLY_FULL_FORWARD_REQUIRED
episode_000005_000009,episode_000005,9,alignment,P5_brightness_match_sim_to_real,photometric,Shift Sim brightness mean toward Real mean.,0.24089374890285184,0.03325339701966479,14.781639824950915,0.6597196747717563,0.4849390465686274,0.48285072742630053,0.0020883191423268777,0.22426537564199253,0.16635494259339115,0.057910433048601384,,,,,,,,,,,OBSERVATION_ONLY_FULL_FORWARD_REQUIRED
episode_000005_000009,episode_000005,9,alignment,P6_contrast_match_sim_to_real,photometric,Scale Sim contrast toward Real luminance std.,0.41090599287974355,0.07076503577795046,11.501812694203393,0.6528701592989554,0.4849390465686274,0.6730526866881127,0.18811364011948528,0.22426537564199253,0.22384518936859138,0.0004201862734011519,,,,,,,,,,,OBSERVATION_ONLY_FULL_FORWARD_REQUIRED
episode_000005_000010,episode_000005,10,alignment,P0_current_paired_image,preprocessing,Existing paired 1280x720 image.,0.43607273881357483,0.07864998420857534,11.043013602387779,0.6302687096100331,0.47887004273726813,0.6848735610302631,0.20600351829299496,0.21809430269345007,0.22598395121113596,0.007889648517685893,,,,,,,,,,,OBSERVATION_ONLY_FULL_FORWARD_REQUIRED
episode_000005_000010,episode_000005,10,alignment,P1_resize_224_direct,preprocessing,Direct resize to 224x224.,0.4334726749840793,0.0773792890317892,11.113752649351312,0.638126420417179,0.4788673268838785,0.6848875734668867,0.20602024658300816,0.21699694692422916,0.2243213641421437,0.007324417217914547,,,,,,,,,,,OBSERVATION_ONLY_FULL_FORWARD_REQUIRED
episode_000005_000010,episode_000005,10,alignment,P2_center_crop_square_resize_224,preprocessing,Center square crop then resize to 224x224.,0.43223826137965576,0.08160494569559848,10.882835198831543,0.5478141914873024,0.5552017728185022,0.7543143834721387,0.1991126106536365,0.20683437902290422,0.20885071880323092,0.002016339780326698,,,,,,,,,,,OBSERVATION_ONLY_FULL_FORWARD_REQUIRED
episode_000005_000010,episode_000005,10,alignment,P3_center_crop_0p875_resize_224,preprocessing,Center crop 87.5% of min side then resize to 224x224.,0.43441460525687126,0.08154015599295271,10.886284620423883,0.5147991097954584,0.5643354121336035,0.7771662306954031,0.21283081856179964,0.19652048079923262,0.1783603364139908,0.018160144385241828,,,,,,,,,,,OBSERVATION_ONLY_FULL_FORWARD_REQUIRED
episode_000005_000010,episode_000005,10,alignment,P4_letterbox_224,preprocessing,Aspect-preserving resize with black letterbox to 224x224.,0.24287738887518426,0.04312648272135652,13.652559602865843,0.8245864974176735,0.26965217735531716,0.385554682732468,0.11590250537715086,0.2879266481099244,0.37907196556911116,0.09114531745918675,,,,,,,,,,,OBSERVATION_ONLY_FULL_FORWARD_REQUIRED
episode_000005_000010,episode_000005,10,alignment,P5_brightness_match_sim_to_real,photometric,Shift Sim brightness mean toward Real mean.,0.23354105442758646,0.032022615316892,14.945432017324055,0.6400403181857486,0.47887004273726813,0.4770083315725423,0.0018617111647258322,0.21809430269345007,0.15807983651126595,0.06001446618218412,,,,,,,,,,,OBSERVATION_ONLY_FULL_FORWARD_REQUIRED
episode_000005_000010,episode_000005,10,alignment,P6_contrast_match_sim_to_real,photometric,Scale Sim contrast toward Real luminance std.,0.429343794092836,0.07590376504496131,11.197366813153714,0.6312547581467662,0.47887004273726813,0.6829107115051406,0.20404066876787247,0.21809430269345007,0.21787916538857421,0.00021513730487585092,,,,,,,,,,,OBSERVATION_ONLY_FULL_FORWARD_REQUIRED
episode_000005_000011,episode_000005,11,alignment,P0_current_paired_image,preprocessing,Existing paired 1280x720 image.,0.4353925367987331,0.0785498633505009,11.04854566145014,0.6198531843189874,0.4879666339409723,0.6930728657203165,0.20510623177934417,0.21764032621613355,0.22006288193415693,0.0024225557180233837,,,,,,,,,,,OBSERVATION_ONLY_FULL_FORWARD_REQUIRED
episode_000005_000011,episode_000005,11,alignment,P1_resize_224_direct,preprocessing,Direct resize to 224x224.,0.43292508546253267,0.07728676928287656,11.118948465634514,0.6277811046951078,0.48795606823979587,0.6930788590279862,0.2051227907881903,0.21654047412411426,0.21831634434775635,0.0017758702236420898,,,,,,,,,,,OBSERVATION_ONLY_FULL_FORWARD_REQUIRED
episode_000005_000011,episode_000005,11,alignment,P2_center_crop_square_resize_224,preprocessing,Center square crop then resize to 224x224.,0.42200858766939414,0.07660637426947903,11.157350920529726,0.588154874574827,0.5560978920787064,0.7589059337172369,0.2028080416385305,0.20584304435708012,0.200723633559,0.005119410798080121,,,,,,,,,,,OBSERVATION_ONLY_FULL_FORWARD_REQUIRED
episode_000005_000011,episode_000005,11,alignment,P3_center_crop_0p875_resize_224,preprocessing,Center crop 87.5% of min side then resize to 224x224.,0.4277494453139263,0.07814026325399441,11.071251299737309,0.5445073921208419,0.564154844187675,0.7777181196384804,0.21356327545080533,0.19610396974159017,0.1734042289992749,0.02269974074231526,,,,,,,,,,,OBSERVATION_ONLY_FULL_FORWARD_REQUIRED
episode_000005_000011,episode_000005,11,alignment,P4_letterbox_224,preprocessing,Aspect-preserving resize with black letterbox to 224x224.,0.24256333116925968,0.04308666501731412,13.656571197577506,0.8278328373591912,0.2747574921687425,0.3901710864033113,0.11541359423456876,0.2914771614484432,0.3807530805583516,0.0892759191099084,,,,,,,,,,,OBSERVATION_ONLY_FULL_FORWARD_REQUIRED
episode_000005_000011,episode_000005,11,alignment,P5_brightness_match_sim_to_real,photometric,Shift Sim brightness mean toward Real mean.,0.23477286356570082,0.032632578443164674,14.863486093443086,0.6239522625546667,0.4879666339409723,0.48605919338065084,0.0019074405603214384,0.21764032621613355,0.15494564382694426,0.0626946823891893,,,,,,,,,,,OBSERVATION_ONLY_FULL_FORWARD_REQUIRED
episode_000005_000011,episode_000005,11,alignment,P6_contrast_match_sim_to_real,photometric,Scale Sim contrast toward Real luminance std.,0.43177595961835596,0.07727155755287311,11.119803336485834,0.6210857079490957,0.4879666339409723,0.6906727308202272,0.2027060968792549,0.21764032621613355,0.21781523822568602,0.00017491200955246922,,,,,,,,,,,OBSERVATION_ONLY_FULL_FORWARD_REQUIRED
episode_000005_000012,episode_000005,12,alignment,P0_current_paired_image,preprocessing,Existing paired 1280x720 image.,0.46051098909375077,0.08547320611864032,10.68170005254399,0.6028087086680983,0.47604706606243186,0.7015471864932261,0.22550012043079426,0.21073228084314655,0.21342247701024708,0.0026901961671005337,,,,,,,,,,,OBSERVATION_ONLY_FULL_FORWARD_REQUIRED
episode_000005_000012,episode_000005,12,alignment,P1_resize_224_direct,preprocessing,Direct resize to 224x224.,0.4580856943460687,0.08424176819420578,10.744725260945625,0.6109185851782251,0.47603515031012406,0.7015536642469486,0.2255185139368246,0.20963150327196406,0.21163746630237518,0.0020059630304111176,,,,,,,,,,,OBSERVATION_ONLY_FULL_FORWARD_REQUIRED
episode_000005_000012,episode_000005,12,alignment,P2_center_crop_square_resize_224,preprocessing,Center square crop then resize to 224x224.,0.4479016334624113,0.08322662347210125,10.797377244608917,0.5961596534463338,0.5336569441370298,0.76215979720013,0.22850285306310025,0.20165984169983728,0.19248383413232317,0.009176007567514105,,,,,,,,,,,OBSERVATION_ONLY_FULL_FORWARD_REQUIRED
episode_000005_000012,episode_000005,12,alignment,P3_center_crop_0p875_resize_224,preprocessing,Center crop 87.5% of min side then resize to 224x224.,0.45747241259592364,0.08653671875204332,10.627995761455875,0.5272042169739172,0.5417722062887654,0.7770754250762805,0.23530321878751503,0.19279357323588142,0.16662784519813825,0.02616572803774317,,,,,,,,,,,OBSERVATION_ONLY_FULL_FORWARD_REQUIRED
episode_000005_000012,episode_000005,12,alignment,P4_letterbox_224,preprocessing,Aspect-preserving resize with black letterbox to 224x224.,0.25669569091314554,0.04699956269272415,13.27906182937056,0.8092819485473403,0.26805772268282313,0.3949282716055172,0.12687054892269406,0.28369867873128496,0.38244749203640493,0.09874881330511998,,,,,,,,,,,OBSERVATION_ONLY_FULL_FORWARD_REQUIRED
episode_000005_000012,episode_000005,12,alignment,P5_brightness_match_sim_to_real,photometric,Shift Sim brightness mean toward Real mean.,0.2327143579328554,0.031418244068120174,15.028180908694324,0.6083897647703173,0.47604706606243186,0.47396343043811273,0.0020836356243191245,0.21073228084314655,0.1449380978677955,0.06579418297535106,,,,,,,,,,,OBSERVATION_ONLY_FULL_FORWARD_REQUIRED
episode_000005_000012,episode_000005,12,alignment,P6_contrast_match_sim_to_real,photometric,Scale Sim contrast toward Real luminance std.,0.4567290979954081,0.08409233019017794,10.75243613096043,0.604254720627821,0.47604706606243186,0.6991280806942742,0.22308101463184238,0.21073228084314655,0.21107251511009156,0.00034023426694501646,,,,,,,,,,,OBSERVATION_ONLY_FULL_FORWARD_REQUIRED
episode_000005_000013,episode_000005,13,alignment,P0_current_paired_image,preprocessing,Existing paired 1280x720 image.,0.46227543607304833,0.08538106485263854,10.686384330792599,0.5981133016222994,0.4817009869119349,0.7083205821257147,0.22661959521377978,0.20819716687610929,0.20805296024264824,0.00014420663346104146,,,,,,,,,,,OBSERVATION_ONLY_FULL_FORWARD_REQUIRED
episode_000005_000013,episode_000005,13,alignment,P1_resize_224_direct,preprocessing,Direct resize to 224x224.,0.45983247253000786,0.08417282272386079,10.748281085750655,0.6063871902710637,0.4816931507759354,0.7083320757209133,0.2266389249449779,0.20713649685503002,0.20627897546390306,0.0008575213911269641,,,,,,,,,,,OBSERVATION_ONLY_FULL_FORWARD_REQUIRED
episode_000005_000013,episode_000005,13,alignment,P2_center_crop_square_resize_224,preprocessing,Center square crop then resize to 224x224.,0.44958715466007054,0.08342200646598508,10.787193687142832,0.5981557957451208,0.5315845627469739,0.7631643413302821,0.23157977858330825,0.20180536319988418,0.18703091446618036,0.014774448733703816,,,,,,,,,,,OBSERVATION_ONLY_FULL_FORWARD_REQUIRED
episode_000005_000013,episode_000005,13,alignment,P3_center_crop_0p875_resize_224,preprocessing,Center crop 87.5% of min side then resize to 224x224.,0.4586440847343226,0.08675319300514323,10.617145317648141,0.5192426651611869,0.5394654279367997,0.7757807965529963,0.2363153686161965,0.19288207842732863,0.16167028581153758,0.031211792615791045,,,,,,,,,,,OBSERVATION_ONLY_FULL_FORWARD_REQUIRED
episode_000005_000013,episode_000005,13,alignment,P4_letterbox_224,preprocessing,Aspect-preserving resize with black letterbox to 224x224.,0.2576254104521321,0.04692350796527761,13.28609527822197,0.8120543133267274,0.27123691371861247,0.39873677002050817,0.1274998563018957,0.28502606516539725,0.3838345635339993,0.09880849836860206,,,,,,,,,,,OBSERVATION_ONLY_FULL_FORWARD_REQUIRED
episode_000005_000013,episode_000005,13,alignment,P5_brightness_match_sim_to_real,photometric,Shift Sim brightness mean toward Real mean.,0.23391177433671384,0.031241573297574297,15.05267103563941,0.5998373378010511,0.4817009869119349,0.4796357578244144,0.0020652290875204926,0.20819716687610929,0.1413303502113083,0.06686681666480099,,,,,,,,,,,OBSERVATION_ONLY_FULL_FORWARD_REQUIRED
episode_000005_000013,episode_000005,13,alignment,P6_contrast_match_sim_to_real,photometric,Scale Sim contrast toward Real luminance std.,0.46122829924786957,0.08515413230822007,10.697942720101032,0.5979871007105552,0.4817009869119349,0.7072992992655572,0.22559831235362232,0.20819716687610929,0.20947549577693322,0.0012783289008239385,,,,,,,,,,,OBSERVATION_ONLY_FULL_FORWARD_REQUIRED
episode_000005_000014,episode_000005,14,alignment,P0_current_paired_image,preprocessing,Existing paired 1280x720 image.,0.461293990277653,0.0847822978241542,10.71694817080995,0.5960336890433866,0.48576279638905906,0.7131622000348921,0.227399403645833,0.20603520581340415,0.20371173406818616,0.002323471745217992,,,,,,,,,,,OBSERVATION_ONLY_FULL_FORWARD_REQUIRED
episode_000005_000014,episode_000005,14,alignment,P1_resize_224_direct,preprocessing,Direct resize to 224x224.,0.45890994479224667,0.08359578144983484,10.77815638102666,0.6045594447978689,0.48575637739470795,0.7131676577974941,0.2274112804027862,0.20497804053263818,0.20203010681032155,0.002947933722316637,,,,,,,,,,,OBSERVATION_ONLY_FULL_FORWARD_REQUIRED
episode_000005_000014,episode_000005,14,alignment,P2_center_crop_square_resize_224,preprocessing,Center square crop then resize to 224x224.,0.4485910686292038,0.08305703531412564,10.806235749079942,0.6016030901712209,0.5301699301908264,0.7634382918792516,0.23326836168842524,0.20209801953181764,0.18288104840309338,0.019216971128724253,,,,,,,,,,,OBSERVATION_ONLY_FULL_FORWARD_REQUIRED
episode_000005_000014,episode_000005,14,alignment,P3_center_crop_0p875_resize_224,preprocessing,Center crop 87.5% of min side then resize to 224x224.,0.45709236875335957,0.08623598969816684,10.643114480345746,0.5212159556874006,0.5379321252719838,0.7751999462441227,0.23726782097213894,0.19341143204003408,0.15706826679752037,0.036343165242513714,,,,,,,,,,,OBSERVATION_ONLY_FULL_FORWARD_REQUIRED
episode_000005_000014,episode_000005,14,alignment,P4_letterbox_224,preprocessing,Aspect-preserving resize with black letterbox to 224x224.,0.25697937585134784,0.046578749351047596,13.318121765405095,0.8145024293454693,0.273524420565101,0.4014627463485394,0.1279383257834384,0.2858501308893968,0.3847486482463813,0.09889851735698446,,,,,,,,,,,OBSERVATION_ONLY_FULL_FORWARD_REQUIRED
episode_000005_000014,episode_000005,14,alignment,P5_brightness_match_sim_to_real,photometric,Shift Sim brightness mean toward Real mean.,0.22968410188637786,0.030515654307860546,15.154773135905009,0.5951322298675283,0.48576279638905906,0.483893046803513,0.0018697495855460322,0.20603520581340415,0.13876673735671843,0.06726846845668571,,,,,,,,,,,OBSERVATION_ONLY_FULL_FORWARD_REQUIRED
episode_000005_000014,episode_000005,14,alignment,P6_contrast_match_sim_to_real,photometric,Scale Sim contrast toward Real luminance std.,0.46016701248034575,0.08460044811157033,10.726273365842998,0.5957525253253485,0.48576279638905906,0.7118588982034658,0.22609610181440676,0.20603520581340415,0.2058389925759773,0.0001962132374268566,,,,,,,,,,,OBSERVATION_ONLY_FULL_FORWARD_REQUIRED
episode_000005_000015,episode_000005,15,alignment,P0_current_paired_image,preprocessing,Existing paired 1280x720 image.,0.4624807756310391,0.08506156111387007,10.702666510492477,0.5907627317516749,0.48777519050840845,0.7157028172845181,0.22792762677610967,0.2043543229162641,0.2015784926862934,0.0027758302299706883,,,,,,,,,,,OBSERVATION_ONLY_FULL_FORWARD_REQUIRED
episode_000005_000015,episode_000005,15,alignment,P1_resize_224_direct,preprocessing,Direct resize to 224x224.,0.4600704659794945,0.08387830571362533,10.763503505797836,0.5994009492311791,0.4877658087453731,0.7157128912971439,0.22794708255177076,0.20329050644740845,0.19989796517078984,0.003392541276618616,,,,,,,,,,,OBSERVATION_ONLY_FULL_FORWARD_REQUIRED
episode_000005_000015,episode_000005,15,alignment,P2_center_crop_square_resize_224,preprocessing,Center square crop then resize to 224x224.,0.44926680636069843,0.0831557267514849,10.801078365114886,0.603261256015534,0.5293131778961584,0.7635955734168666,0.23428239552070818,0.20187260222329748,0.18099269710318544,0.020879905120112036,,,,,,,,,,,OBSERVATION_ONLY_FULL_FORWARD_REQUIRED
episode_000005_000015,episode_000005,15,alignment,P3_center_crop_0p875_resize_224,preprocessing,Center crop 87.5% of min side then resize to 224x224.,0.4578291598329813,0.08637016683715969,10.636362414953684,0.5220213598664623,0.5368389300095038,0.7751173217255654,0.23827839171606158,0.1932701784074528,0.15479495418232336,0.038475224225129445,,,,,,,,,,,OBSERVATION_ONLY_FULL_FORWARD_REQUIRED
episode_000005_000015,episode_000005,15,alignment,P4_letterbox_224,preprocessing,Aspect-preserving resize with black letterbox to 224x224.,0.25763463298089545,0.04673746541100101,13.303348432459499,0.8148578301770187,0.27465453120310623,0.40289781976853234,0.1282432885654261,0.28601296287885314,0.3852830428257353,0.09927007994688214,,,,,,,,,,,OBSERVATION_ONLY_FULL_FORWARD_REQUIRED
episode_000005_000015,episode_000005,15,alignment,P5_brightness_match_sim_to_real,photometric,Shift Sim brightness mean toward Real mean.,0.22996904953026065,0.030501564385626245,15.156778856820052,0.5892717129323404,0.48777519050840845,0.4856427789896513,0.002132411518757149,0.2043543229162641,0.13729701694642935,0.06705730596983475,,,,,,,,,,,OBSERVATION_ONLY_FULL_FORWARD_REQUIRED
episode_000005_000015,episode_000005,15,alignment,P6_contrast_match_sim_to_real,photometric,Scale Sim contrast toward Real luminance std.,0.46113470439523313,0.084857525323015,10.71309637596861,0.5903683972994801,0.48777519050840845,0.7140104052653526,0.2262352147569442,0.2043543229162641,0.2045324277219472,0.00017810480568311582,,,,,,,,,,,OBSERVATION_ONLY_FULL_FORWARD_REQUIRED
episode_000005_000016,episode_000005,16,alignment,P0_current_paired_image,preprocessing,Existing paired 1280x720 image.,0.4620745672739656,0.08483647642755814,10.71417377635986,0.5911560071960024,0.4885419708801405,0.71627111133238,0.22772914045223946,0.20406315960353372,0.20090183257900396,0.0031613270245297587,,,,,,,,,,,OBSERVATION_ONLY_FULL_FORWARD_REQUIRED
episode_000005_000016,episode_000005,16,alignment,P1_resize_224_direct,preprocessing,Direct resize to 224x224.,0.4595885196385052,0.08364715320360169,10.775488349646496,0.5998357988465673,0.4885395230592236,0.716270776732568,0.2277312536733444,0.20299227244158932,0.19922996430104373,0.003762308140545595,,,,,,,,,,,OBSERVATION_ONLY_FULL_FORWARD_REQUIRED
episode_000005_000016,episode_000005,16,alignment,P2_center_crop_square_resize_224,preprocessing,Center square crop then resize to 224x224.,0.4485054721111598,0.08279518966491826,10.819948946483144,0.6056453940948723,0.5298139659926471,0.7638588402079581,0.23404487421531106,0.20168780043136902,0.1800868472458173,0.02160095318555172,,,,,,,,,,,OBSERVATION_ONLY_FULL_FORWARD_REQUIRED
episode_000005_000016,episode_000005,16,alignment,P3_center_crop_0p875_resize_224,preprocessing,Center crop 87.5% of min side then resize to 224x224.,0.45696962413499637,0.08596205914964027,10.656931898928413,0.5244263604837591,0.5373930901266757,0.7753728034807673,0.23797971335409163,0.19307827553019347,0.15377799586357993,0.039300279666613536,,,,,,,,,,,OBSERVATION_ONLY_FULL_FORWARD_REQUIRED
episode_000005_000016,episode_000005,16,alignment,P4_letterbox_224,preprocessing,Aspect-preserving resize with black letterbox to 224x224.,0.25741318908543814,0.0466236715274345,13.313935295859181,0.815570667655203,0.2750744879983243,0.40321209710446676,0.12813760910614247,0.28621219945260395,0.38534753172688635,0.0991353322742824,,,,,,,,,,,OBSERVATION_ONLY_FULL_FORWARD_REQUIRED
episode_000005_000016,episode_000005,16,alignment,P5_brightness_match_sim_to_real,photometric,Shift Sim brightness mean toward Real mean.,0.2297440042518187,0.030376004743990912,15.174693480420506,0.5915590897186573,0.4885419708801405,0.48652063648641725,0.002021334393723262,0.20406315960353372,0.13723933631334645,0.06682382329018727,,,,,,,,,,,OBSERVATION_ONLY_FULL_FORWARD_REQUIRED
episode_000005_000016,episode_000005,16,alignment,P6_contrast_match_sim_to_real,photometric,Scale Sim contrast toward Real luminance std.,0.4608230668814998,0.08469304277890807,10.721522638939454,0.5906559009019278,0.4885419708801405,0.7144792431559778,0.22593727227583726,0.20406315960353372,0.20408079733577034,1.7637732236619463e-05,,,,,,,,,,,OBSERVATION_ONLY_FULL_FORWARD_REQUIRED
episode_000005_000017,episode_000005,17,descent_to_grasp,P0_current_paired_image,preprocessing,Existing paired 1280x720 image.,0.4625268540255208,0.08497107126710526,10.707289063737477,0.5911215941744571,0.4884298542015589,0.7165385299632352,0.22810867576167632,0.20409650208477847,0.2009132552068951,0.003183246877883378,,,,,,,,,,,OBSERVATION_ONLY_FULL_FORWARD_REQUIRED
episode_000005_000017,episode_000005,17,descent_to_grasp,P1_resize_224_direct,preprocessing,Direct resize to 224x224.,0.46007073378490715,0.08379256716984175,10.767945038075533,0.5997110762711378,0.488429069315226,0.716545204722514,0.22811613540728803,0.2030222329215084,0.19926071066404996,0.003761522257458433,,,,,,,,,,,OBSERVATION_ONLY_FULL_FORWARD_REQUIRED
episode_000005_000017,episode_000005,17,descent_to_grasp,P2_center_crop_square_resize_224,preprocessing,Center square crop then resize to 224x224.,0.44918436529557093,0.08298041193601621,10.81024413552663,0.6052419932761158,0.5297099923406863,0.7642087045912116,0.23449871225052532,0.20175238340345666,0.18001801200022163,0.02173437140323503,,,,,,,,,,,OBSERVATION_ONLY_FULL_FORWARD_REQUIRED
episode_000005_000017,episode_000005,17,descent_to_grasp,P3_center_crop_0p875_resize_224,preprocessing,Center crop 87.5% of min side then resize to 224x224.,0.45757628757671354,0.086137957634034,10.648054297499268,0.5239110796261368,0.5372791426570628,0.7755635055428421,0.23828436288577937,0.19314062941550242,0.15394499908435313,0.039195630331149284,,,,,,,,,,,OBSERVATION_ONLY_FULL_FORWARD_REQUIRED
episode_000005_000017,episode_000005,17,descent_to_grasp,P4_letterbox_224,preprocessing,Aspect-preserving resize with black letterbox to 224x224.,0.25768052831648813,0.04670586995010422,13.306285342789286,0.8152443718412398,0.2750273804521809,0.4033759058467136,0.12834852539453273,0.2861956693223216,0.3854886812895305,0.09929301196720891,,,,,,,,,,,OBSERVATION_ONLY_FULL_FORWARD_REQUIRED
episode_000005_000017,episode_000005,17,descent_to_grasp,P5_brightness_match_sim_to_real,photometric,Shift Sim brightness mean toward Real mean.,0.23022678692497212,0.030461745588190803,15.162452133572526,0.5891704058940329,0.4884298542015589,0.486223288235294,0.002206565966264895,0.20409650208477847,0.13685098799194512,0.06724551409283336,,,,,,,,,,,OBSERVATION_ONLY_FULL_FORWARD_REQUIRED
episode_000005_000017,episode_000005,17,descent_to_grasp,P6_contrast_match_sim_to_real,photometric,Scale Sim contrast toward Real luminance std.,0.4612684757830044,0.08483025792697263,10.714492125210208,0.5905851744740785,0.4884298542015589,0.7147323416360295,0.22630248743447062,0.20409650208477847,0.20411999981140672,2.349772662824101e-05,,,,,,,,,,,OBSERVATION_ONLY_FULL_FORWARD_REQUIRED
episode_000005_000018,episode_000005,18,descent_to_grasp,P0_current_paired_image,preprocessing,Existing paired 1280x720 image.,0.46319143124005,0.08496686321122036,10.707504146432974,0.5897021763117964,0.4893294926640795,0.7181823873374522,0.22885289467337272,0.2029337615090397,0.19920015395203017,0.0037336075570095217,,,,,,,,,,,OBSERVATION_ONLY_FULL_FORWARD_REQUIRED
episode_000005_000018,episode_000005,18,descent_to_grasp,P1_resize_224_direct,preprocessing,Direct resize to 224x224.,0.46085204183231504,0.08382040101579848,10.76650265733959,0.5981657270203772,0.48931762776985793,0.718178091689801,0.22886046391994302,0.20187939272798466,0.1975929119790706,0.004286480748914051,,,,,,,,,,,OBSERVATION_ONLY_FULL_FORWARD_REQUIRED
episode_000005_000018,episode_000005,18,descent_to_grasp,P2_center_crop_square_resize_224,preprocessing,Center square crop then resize to 224x224.,0.4490442374868957,0.08265029101918546,10.827556128995045,0.6096021292446038,0.5286279883515905,0.7634144384003602,0.23478645004876963,0.2015931071246316,0.17952512856902217,0.022067978555609435,,,,,,,,,,,OBSERVATION_ONLY_FULL_FORWARD_REQUIRED
episode_000005_000018,episode_000005,18,descent_to_grasp,P3_center_crop_0p875_resize_224,preprocessing,Center crop 87.5% of min side then resize to 224x224.,0.45729040768446266,0.08571682012265693,10.669339485587994,0.5299195031844972,0.5358795181041166,0.7745061940557473,0.23862667595163067,0.19268842862438998,0.1534049077973506,0.03928352082703937,,,,,,,,,,,OBSERVATION_ONLY_FULL_FORWARD_REQUIRED
episode_000005_000018,episode_000005,18,descent_to_grasp,P4_letterbox_224,preprocessing,Aspect-preserving resize with black letterbox to 224x224.,0.2581973391896262,0.04673987803863375,13.303124251748033,0.8154054721598807,0.27552703915941373,0.4042954803640205,0.1287684412046068,0.28611908270141184,0.3857670536457596,0.09964797094434774,,,,,,,,,,,OBSERVATION_ONLY_FULL_FORWARD_REQUIRED
episode_000005_000018,episode_000005,18,descent_to_grasp,P5_brightness_match_sim_to_real,photometric,Shift Sim brightness mean toward Real mean.,0.22946247262341396,0.030212173308298465,15.198180326925382,0.587240266990203,0.4893294926640795,0.48731756776194823,0.002011924902131257,0.2029337615090397,0.13567083237043254,0.06726292913860715,,,,,,,,,,,OBSERVATION_ONLY_FULL_FORWARD_REQUIRED
episode_000005_000018,episode_000005,18,descent_to_grasp,P6_contrast_match_sim_to_real,photometric,Scale Sim contrast toward Real luminance std.,0.46241249384464234,0.08499738985940233,10.705944106041013,0.5905538929524528,0.4893294926640795,0.7167541309274581,0.2274246382633786,0.2029337615090397,0.20330232150985794,0.00036856000081825213,,,,,,,,,,,OBSERVATION_ONLY_FULL_FORWARD_REQUIRED
episode_000005_000019,episode_000005,19,descent_to_grasp,P0_current_paired_image,preprocessing,Existing paired 1280x720 image.,0.46463651909878656,0.08491553388364692,10.710128555410542,0.5751283237433786,0.4938255112728075,0.7227714066065837,0.22894589533377618,0.19787060606603485,0.1940918872726056,0.003778718793429253,,,,,,,,,,,OBSERVATION_ONLY_FULL_FORWARD_REQUIRED
episode_000005_000019,episode_000005,19,descent_to_grasp,P1_resize_224_direct,preprocessing,Direct resize to 224x224.,0.4621846288182972,0.0837730105318271,10.76895877134097,0.583822913317198,0.4938290132615545,0.7227676213454133,0.2289386080838588,0.19685415268318948,0.19242068477623547,0.004433467906954008,,,,,,,,,,,OBSERVATION_ONLY_FULL_FORWARD_REQUIRED
episode_000005_000019,episode_000005,19,descent_to_grasp,P2_center_crop_square_resize_224,preprocessing,Center square crop then resize to 224x224.,0.44579997906177815,0.08076624961667675,10.927700831283005,0.6207623145331451,0.5269397795368147,0.7606088022396458,0.23366902270283108,0.19953590930094067,0.1778665163989254,0.021669392902015278,,,,,,,,,,,OBSERVATION_ONLY_FULL_FORWARD_REQUIRED
episode_000005_000019,episode_000005,19,descent_to_grasp,P3_center_crop_0p875_resize_224,preprocessing,Center crop 87.5% of min side then resize to 224x224.,0.451711410991512,0.08275082571835923,10.822276639795804,0.5499715641381177,0.5348019006508853,0.771193964195053,0.23639206354416775,0.19002573494115993,0.15151446926388515,0.03851126567727478,,,,,,,,,,,OBSERVATION_ONLY_FULL_FORWARD_REQUIRED
episode_000005_000019,episode_000005,19,descent_to_grasp,P4_letterbox_224,preprocessing,Aspect-preserving resize with black letterbox to 224x224.,0.25899118203141397,0.04672141783592521,13.304839863371086,0.8168512362233051,0.27806007473301825,0.4068647755195828,0.12880470078656453,0.2860542991811679,0.38640940125010104,0.10035510206893311,,,,,,,,,,,OBSERVATION_ONLY_FULL_FORWARD_REQUIRED
episode_000005_000019,episode_000005,19,descent_to_grasp,P5_brightness_match_sim_to_real,photometric,Shift Sim brightness mean toward Real mean.,0.22960991791356689,0.030052512355023736,15.221192156308025,0.5739974339005174,0.4938255112728075,0.49187161739685475,0.001953893875952739,0.19787060606603485,0.13262852908309597,0.06524207698293888,,,,,,,,,,,OBSERVATION_ONLY_FULL_FORWARD_REQUIRED
episode_000005_000019,episode_000005,19,descent_to_grasp,P6_contrast_match_sim_to_real,photometric,Scale Sim contrast toward Real luminance std.,0.46422477007799623,0.08504804234170979,10.70335678641393,0.5758912046317887,0.4938255112728075,0.7214853645288671,0.22765985325605964,0.19787060606603485,0.19814398874867337,0.0002733826826385177,,,,,,,,,,,OBSERVATION_ONLY_FULL_FORWARD_REQUIRED
episode_000005_000020,episode_000005,20,descent_to_grasp,P0_current_paired_image,preprocessing,Existing paired 1280x720 image.,0.47142227773087075,0.08618143879068056,10.645862596832838,0.5482717730552076,0.49850828392224933,0.7295634675083401,0.23105518358609078,0.18857053442925042,0.18495938956736546,0.003611144861884963,,,,,,,,,,,OBSERVATION_ONLY_FULL_FORWARD_REQUIRED
episode_000005_000020,episode_000005,20,descent_to_grasp,P1_resize_224_direct,preprocessing,Direct resize to 224x224.,0.4696193059477179,0.08520885069714161,10.695152924481679,0.5555289535467625,0.49850860752113346,0.729561712935174,0.23105310541404056,0.18758607157635643,0.18330662811706191,0.004279443459294513,,,,,,,,,,,OBSERVATION_ONLY_FULL_FORWARD_REQUIRED
episode_000005_000020,episode_000005,20,descent_to_grasp,P2_center_crop_square_resize_224,preprocessing,Center square crop then resize to 224x224.,0.4452792366944836,0.07906997133003528,11.019884186732172,0.6369430054056441,0.5223164717605792,0.7555167889343238,0.23320031717374468,0.19503099249603428,0.1746629650077689,0.020368027488265383,,,,,,,,,,,OBSERVATION_ONLY_FULL_FORWARD_REQUIRED
episode_000005_000020,episode_000005,20,descent_to_grasp,P3_center_crop_0p875_resize_224,preprocessing,Center crop 87.5% of min side then resize to 224x224.,0.44796272741322773,0.07955900150092715,10.993106760925833,0.5782862313279095,0.5313405651791968,0.765553805475315,0.23421324029611823,0.18441329417082747,0.1478383149400178,0.03657497923080966,,,,,,,,,,,OBSERVATION_ONLY_FULL_FORWARD_REQUIRED
episode_000005_000020,episode_000005,20,descent_to_grasp,P4_letterbox_224,preprocessing,Aspect-preserving resize with black letterbox to 224x224.,0.2638661259362759,0.04769801854565355,13.21499661894112,0.8162327421246127,0.28069281332845636,0.41068882127851136,0.129996007950055,0.2845629277305115,0.38717479408727323,0.10261186635676173,,,,,,,,,,,OBSERVATION_ONLY_FULL_FORWARD_REQUIRED
episode_000005_000020,episode_000005,20,descent_to_grasp,P5_brightness_match_sim_to_real,photometric,Shift Sim brightness mean toward Real mean.,0.2296730024283239,0.02957107918228567,15.291328258168193,0.5476873831655951,0.49850828392224933,0.49651897059334155,0.0019893133289077825,0.18857053442925042,0.12639128036299146,0.06217925406625896,,,,,,,,,,,OBSERVATION_ONLY_FULL_FORWARD_REQUIRED
episode_000005_000020,episode_000005,20,descent_to_grasp,P6_contrast_match_sim_to_real,photometric,Scale Sim contrast toward Real luminance std.,0.470898108399472,0.0862397183808844,10.642926703603468,0.5491011775575367,0.49850828392224933,0.7282804944563591,0.2297722105341098,0.18857053442925042,0.18880537784281462,0.00023484341356419525,,,,,,,,,,,OBSERVATION_ONLY_FULL_FORWARD_REQUIRED
episode_000005_000021,episode_000005,21,descent_to_grasp,P0_current_paired_image,preprocessing,Existing paired 1280x720 image.,0.5049064454632455,0.09662007814279945,10.14932615607801,0.48187290193935406,0.48219789810985136,0.7355715547036694,0.25337365659381805,0.1718383748741187,0.1764773768589575,0.0046390019848387976,,,,,,,,,,,OBSERVATION_ONLY_FULL_FORWARD_REQUIRED
episode_000005_000021,episode_000005,21,descent_to_grasp,P1_resize_224_direct,preprocessing,Direct resize to 224x224.,0.5035567149702266,0.09585092584828049,10.184036878056645,0.4876802278608913,0.48219534259016106,0.7355603981123698,0.2533650555222088,0.17091378412327657,0.17528164179330538,0.004367857670028813,,,,,,,,,,,OBSERVATION_ONLY_FULL_FORWARD_REQUIRED
episode_000005_000021,episode_000005,21,descent_to_grasp,P2_center_crop_square_resize_224,preprocessing,Center square crop then resize to 224x224.,0.4721421498646628,0.0866765235505967,10.620985158232612,0.6218703165326033,0.4954139959890206,0.746846361607143,0.25143236561812243,0.18537508116284487,0.17627853851428812,0.009096542648556749,,,,,,,,,,,OBSERVATION_ONLY_FULL_FORWARD_REQUIRED
episode_000005_000021,episode_000005,21,descent_to_grasp,P3_center_crop_0p875_resize_224,preprocessing,Center crop 87.5% of min side then resize to 224x224.,0.477260584395895,0.08768855601881273,10.570570814592788,0.5569995120883253,0.5017530253663967,0.7555696656944026,0.253816640328006,0.17250746459824637,0.14947727243506667,0.023030192163179697,,,,,,,,,,,OBSERVATION_ONLY_FULL_FORWARD_REQUIRED
episode_000005_000021,episode_000005,21,descent_to_grasp,P4_letterbox_224,preprocessing,Aspect-preserving resize with black letterbox to 224x224.,0.2829832315331462,0.0537394150879306,12.69707064837472,0.7882200194934196,0.27151706621711186,0.4140599597495248,0.14254289353241295,0.2714490211760122,0.38795594681714834,0.11650692564113613,,,,,,,,,,,OBSERVATION_ONLY_FULL_FORWARD_REQUIRED
episode_000005_000021,episode_000005,21,descent_to_grasp,P5_brightness_match_sim_to_real,photometric,Shift Sim brightness mean toward Real mean.,0.22525424160730204,0.028015220502575572,15.52605954932092,0.4905725428915016,0.48219789810985136,0.48016170666530483,0.0020361914445465312,0.1718383748741187,0.11559088344874817,0.05624749142537054,,,,,,,,,,,OBSERVATION_ONLY_FULL_FORWARD_REQUIRED
episode_000005_000021,episode_000005,21,descent_to_grasp,P6_contrast_match_sim_to_real,photometric,Scale Sim contrast toward Real luminance std.,0.4989389730132904,0.09430725085592966,10.254549150499482,0.48290620443259175,0.48219789810985136,0.7334368280169186,0.2512389299070672,0.1718383748741187,0.17163237399001327,0.00020600088410543949,,,,,,,,,,,OBSERVATION_ONLY_FULL_FORWARD_REQUIRED
episode_000005_000022,episode_000005,22,descent_to_grasp,P0_current_paired_image,preprocessing,Existing paired 1280x720 image.,0.5105029869963695,0.09834423718686365,10.07251083952806,0.4665815994990699,0.4771709632072099,0.7380115852013548,0.2608406219941449,0.1625911246039473,0.17051136068271147,0.007920236078764159,,,,,,,,,,,OBSERVATION_ONLY_FULL_FORWARD_REQUIRED
episode_000005_000022,episode_000005,22,descent_to_grasp,P1_resize_224_direct,preprocessing,Direct resize to 224x224.,0.509340789961544,0.09761463582573553,10.104850616179473,0.4726064767836524,0.47716213405674773,0.7380109612126101,0.2608488271558624,0.16177502716704031,0.16925813500151898,0.0074831078344786695,,,,,,,,,,,OBSERVATION_ONLY_FULL_FORWARD_REQUIRED
episode_000005_000022,episode_000005,22,descent_to_grasp,P2_center_crop_square_resize_224,preprocessing,Center square crop then resize to 224x224.,0.47488114921400976,0.08720527988564705,10.594572197029368,0.614668944637593,0.48484776513730493,0.7377385308811024,0.2528907657437975,0.17954032757505675,0.17760680907697934,0.0019335184980774078,,,,,,,,,,,OBSERVATION_ONLY_FULL_FORWARD_REQUIRED
episode_000005_000022,episode_000005,22,descent_to_grasp,P3_center_crop_0p875_resize_224,preprocessing,Center crop 87.5% of min side then resize to 224x224.,0.4798324602522763,0.08798622287967472,10.555853255288326,0.5435037358996694,0.4900115902142107,0.7443855537683822,0.2543739635541715,0.16569874791585812,0.15252610869784441,0.013172639218013704,,,,,,,,,,,OBSERVATION_ONLY_FULL_FORWARD_REQUIRED
episode_000005_000022,episode_000005,22,descent_to_grasp,P4_letterbox_224,preprocessing,Aspect-preserving resize with black letterbox to 224x224.,0.28624628669788904,0.0547285709626988,12.617858917280763,0.7819065040203457,0.2686869941257753,0.41543959269645353,0.14675259857067824,0.26605867113538795,0.3876078398761964,0.12154916874080846,,,,,,,,,,,OBSERVATION_ONLY_FULL_FORWARD_REQUIRED
episode_000005_000022,episode_000005,22,descent_to_grasp,P5_brightness_match_sim_to_real,photometric,Shift Sim brightness mean toward Real mean.,0.21780534226563114,0.025593749849817375,15.91866079107902,0.48064625021219637,0.4771709632072099,0.47510035006212564,0.002070613145084277,0.1625911246039473,0.11020959859696551,0.0523815260069818,,,,,,,,,,,OBSERVATION_ONLY_FULL_FORWARD_REQUIRED
episode_000005_000022,episode_000005,22,descent_to_grasp,P6_contrast_match_sim_to_real,photometric,Scale Sim contrast toward Real luminance std.,0.502546533876514,0.09524048160340752,10.21178417160758,0.4672138983151775,0.4771709632072099,0.7362227202435664,0.25905175703635647,0.1625911246039473,0.16259979901274954,8.674408802228362e-06,,,,,,,,,,,OBSERVATION_ONLY_FULL_FORWARD_REQUIRED
episode_000005_000023,episode_000005,23,descent_to_grasp,P0_current_paired_image,preprocessing,Existing paired 1280x720 image.,0.5154743994484535,0.09985006162493587,10.006516627576117,0.47542883038017475,0.4708820737234476,0.7379249568159382,0.2670428830924906,0.15777274521246007,0.16808276776380968,0.010310022551349607,,,,,,,,,,,OBSERVATION_ONLY_FULL_FORWARD_REQUIRED
episode_000005_000023,episode_000005,23,descent_to_grasp,P1_resize_224_direct,preprocessing,Direct resize to 224x224.,0.5144256118307277,0.09916041457432646,10.036616661824942,0.4815210561198627,0.4708686536958533,0.7379225419855441,0.2670538882896908,0.15704245990302296,0.1668075064886417,0.009765046585618747,,,,,,,,,,,OBSERVATION_ONLY_FULL_FORWARD_REQUIRED
episode_000005_000023,episode_000005,23,descent_to_grasp,P2_center_crop_square_resize_224,preprocessing,Center square crop then resize to 224x224.,0.4792574622096775,0.0883624010265871,10.537324917771706,0.6124080065019086,0.47686653090923864,0.7316466958033213,0.2547801648940827,0.17549339883215084,0.17922050125483488,0.0037271024226840366,,,,,,,,,,,OBSERVATION_ONLY_FULL_FORWARD_REQUIRED
episode_000005_000023,episode_000005,23,descent_to_grasp,P3_center_crop_0p875_resize_224,preprocessing,Center crop 87.5% of min side then resize to 224x224.,0.48479179722601057,0.08932120019167797,10.490454500305024,0.5358973473094569,0.48112408097614034,0.7369474525904111,0.2558233716142707,0.1611010959830104,0.15581273713797836,0.005288358845032037,,,,,,,,,,,OBSERVATION_ONLY_FULL_FORWARD_REQUIRED
episode_000005_000023,episode_000005,23,descent_to_grasp,P4_letterbox_224,preprocessing,Aspect-preserving resize with black letterbox to 224x224.,0.2891032986424186,0.05559884758642019,12.549342100734355,0.7768496864145449,0.26515094359618846,0.41538353925945376,0.1502325956632653,0.2616764065016305,0.3869668160727787,0.12529040957114823,,,,,,,,,,,OBSERVATION_ONLY_FULL_FORWARD_REQUIRED
episode_000005_000023,episode_000005,23,descent_to_grasp,P5_brightness_match_sim_to_real,photometric,Shift Sim brightness mean toward Real mean.,0.214685728768172,0.023855215347418024,16.224166585947554,0.49380752134773426,0.4708820737234476,0.46873412607911236,0.0021479476443352352,0.15777274521246007,0.10719081420513758,0.050581931007322486,,,,,,,,,,,OBSERVATION_ONLY_FULL_FORWARD_REQUIRED
episode_000005_000023,episode_000005,23,descent_to_grasp,P6_contrast_match_sim_to_real,photometric,Scale Sim contrast toward Real luminance std.,0.5073772428301243,0.09662744344344944,10.148995108165451,0.4759417408455184,0.4708820737234476,0.736626903557326,0.26574482983387837,0.15777274521246007,0.15759094182341196,0.00018180338904810744,,,,,,,,,,,OBSERVATION_ONLY_FULL_FORWARD_REQUIRED
episode_000005_000024,episode_000005,24,descent_to_grasp,P0_current_paired_image,preprocessing,Existing paired 1280x720 image.,0.5193259631331317,0.10115627492475295,9.95007171907817,0.4763040627988138,0.46856084175262125,0.7379203608898421,0.2693595191372209,0.1562069727292573,0.16781540367346434,0.011608430944207049,,,,,,,,,,,OBSERVATION_ONLY_FULL_FORWARD_REQUIRED
episode_000005_000024,episode_000005,24,descent_to_grasp,P1_resize_224_direct,preprocessing,Direct resize to 224x224.,0.5182361711118326,0.1004606635342045,9.980039576885947,0.4823792497652818,0.46855601903261296,0.7379184061124449,0.2693623870798319,0.15550396632904948,0.16647816200484036,0.010974195675790888,,,,,,,,,,,OBSERVATION_ONLY_FULL_FORWARD_REQUIRED
episode_000005_000024,episode_000005,24,descent_to_grasp,P2_center_crop_square_resize_224,preprocessing,Center square crop then resize to 224x224.,0.4835529367711537,0.08972360236986948,10.470932979741699,0.6086124943536999,0.4741443835815576,0.7303941659632603,0.25624978238170276,0.17399052826242262,0.17972097072136436,0.005730442458941748,,,,,,,,,,,OBSERVATION_ONLY_FULL_FORWARD_REQUIRED
episode_000005_000024,episode_000005,24,descent_to_grasp,P3_center_crop_0p875_resize_224,preprocessing,Center crop 87.5% of min side then resize to 224x224.,0.48902380161172965,0.09069510831293304,10.424161362033065,0.5306245197431161,0.478127474739896,0.7352601859650109,0.2571327112251149,0.15938988072943414,0.15715894031065716,0.002230940418776972,,,,,,,,,,,OBSERVATION_ONLY_FULL_FORWARD_REQUIRED
episode_000005_000024,episode_000005,24,descent_to_grasp,P4_letterbox_224,preprocessing,Aspect-preserving resize with black letterbox to 224x224.,0.29131516809963626,0.056353248305040966,12.49081045362404,0.7742625300161539,0.2638373326518107,0.41540298289628347,0.15156565024447277,0.260126010139369,0.3869069774976465,0.12678096735827754,,,,,,,,,,,OBSERVATION_ONLY_FULL_FORWARD_REQUIRED
episode_000005_000024,episode_000005,24,descent_to_grasp,P5_brightness_match_sim_to_real,photometric,Shift Sim brightness mean toward Real mean.,0.21655215628052246,0.023679552936370626,16.256265012354397,0.49600792123622295,0.46856084175262125,0.4667186056593817,0.0018422360932395243,0.1562069727292573,0.10658821992729994,0.04961875280195735,,,,,,,,,,,OBSERVATION_ONLY_FULL_FORWARD_REQUIRED
episode_000005_000024,episode_000005,24,descent_to_grasp,P6_contrast_match_sim_to_real,photometric,Scale Sim contrast toward Real luminance std.,0.5093756035571516,0.097222339025366,10.122339346542994,0.4781526004140125,0.46856084175262125,0.7364211299998293,0.2678602882472081,0.1562069727292573,0.15627604840826675,6.907567900946154e-05,,,,,,,,,,,OBSERVATION_ONLY_FULL_FORWARD_REQUIRED
episode_000005_000025,episode_000005,25,grasp_close,P0_current_paired_image,preprocessing,Existing paired 1280x720 image.,0.5248021397853303,0.10328313496433889,9.859705883534652,0.4882325349376309,0.468504764990128,0.7443208032560595,0.27581603826593154,0.15620382519213788,0.16518265320323094,0.008978828011093065,,,,,,,,,,,OBSERVATION_ONLY_FULL_FORWARD_REQUIRED
episode_000005_000025,episode_000005,25,grasp_close,P1_resize_224_direct,preprocessing,Direct resize to 224x224.,0.5238738939217997,0.10265327852954906,9.88627175620673,0.49396254489567093,0.4685038253895308,0.7443203822622798,0.27581655687274903,0.15550397815513725,0.16402550672850613,0.00852152857336888,,,,,,,,,,,OBSERVATION_ONLY_FULL_FORWARD_REQUIRED
episode_000005_000025,episode_000005,25,grasp_close,P2_center_crop_square_resize_224,preprocessing,Center square crop then resize to 224x224.,0.49164217267851,0.09310857676403894,10.310103118249817,0.6081189092607499,0.4740624023671969,0.7386326798531913,0.2645702774859944,0.17398726232587594,0.17501603834243687,0.0010287760165609283,,,,,,,,,,,OBSERVATION_ONLY_FULL_FORWARD_REQUIRED
episode_000005_000025,episode_000005,25,grasp_close,P3_center_crop_0p875_resize_224,preprocessing,Center crop 87.5% of min side then resize to 224x224.,0.49656990743936547,0.0938523324975415,10.27554929454746,0.5345861789332459,0.47804183351465585,0.7442015795068027,0.2661597459921468,0.1593672700148781,0.14978268369566541,0.00958458631921269,,,,,,,,,,,OBSERVATION_ONLY_FULL_FORWARD_REQUIRED
episode_000005_000025,episode_000005,25,grasp_close,P4_letterbox_224,preprocessing,Aspect-preserving resize with black letterbox to 224x224.,0.2945249681170233,0.05761348136068153,12.39475881238456,0.7714814866965152,0.26381011934461285,0.41900845724227187,0.15519833789765902,0.260108215924069,0.3893670568076694,0.1292588408836004,,,,,,,,,,,OBSERVATION_ONLY_FULL_FORWARD_REQUIRED
episode_000005_000025,episode_000005,25,grasp_close,P5_brightness_match_sim_to_real,photometric,Shift Sim brightness mean toward Real mean.,0.21453995043199808,0.02307773781807566,16.368067648957442,0.5061935082702645,0.468504764990128,0.46643194497463886,0.0020728200154891407,0.15620382519213788,0.10400468163680045,0.05219914355533743,,,,,,,,,,,OBSERVATION_ONLY_FULL_FORWARD_REQUIRED
episode_000005_000025,episode_000005,25,grasp_close,P6_contrast_match_sim_to_real,photometric,Scale Sim contrast toward Real luminance std.,0.5168540088815049,0.10013611798057544,9.994092490894372,0.49002727928869827,0.468504764990128,0.7429670545241011,0.27446228953397306,0.15620382519213788,0.15630103713386084,9.721194172296332e-05,,,,,,,,,,,OBSERVATION_ONLY_FULL_FORWARD_REQUIRED
episode_000005_000026,episode_000005,26,grasp_close,P0_current_paired_image,preprocessing,Existing paired 1280x720 image.,0.5244123010196333,0.10305987449071406,9.869103907709608,0.48902044160132224,0.46926769402233093,0.7446732166896448,0.2754055226673139,0.15587999172373762,0.16554848974846265,0.009668498024725025,,,,,,,,,,,OBSERVATION_ONLY_FULL_FORWARD_REQUIRED
episode_000005_000026,episode_000005,26,grasp_close,P1_resize_224_direct,preprocessing,Direct resize to 224x224.,0.5234224627053664,0.10241139429628059,9.896517210486103,0.49499871834824555,0.4692538771758703,0.744675434580082,0.2754215574042117,0.15516598182919372,0.16434487938949913,0.009178897560305405,,,,,,,,,,,OBSERVATION_ONLY_FULL_FORWARD_REQUIRED
episode_000005_000026,episode_000005,26,grasp_close,P2_center_crop_square_resize_224,preprocessing,Center square crop then resize to 224x224.,0.4914522543774372,0.09292537153750387,10.318656938172223,0.6092065073733985,0.47476355947066323,0.7391558426026661,0.26439228313200286,0.17343556636002525,0.17526714301933993,0.0018315766593146876,,,,,,,,,,,OBSERVATION_ONLY_FULL_FORWARD_REQUIRED
episode_000005_000026,episode_000005,26,grasp_close,P3_center_crop_0p875_resize_224,preprocessing,Center crop 87.5% of min side then resize to 224x224.,0.49623445021217427,0.09361962983722899,10.286330803626749,0.5360680203481054,0.4787129950573979,0.7446867040253602,0.2659737089679623,0.15856766157154334,0.15024955618876148,0.008318105382781854,,,,,,,,,,,OBSERVATION_ONLY_FULL_FORWARD_REQUIRED
episode_000005_000026,episode_000005,26,grasp_close,P4_letterbox_224,preprocessing,Aspect-preserving resize with black letterbox to 224x224.,0.2942286776455646,0.05747320323145598,12.405345970723651,0.7723849937784998,0.2642428664903461,0.41919628105929874,0.15495341456895262,0.2603310080306211,0.38960239796182305,0.12927138993120196,,,,,,,,,,,OBSERVATION_ONLY_FULL_FORWARD_REQUIRED
episode_000005_000026,episode_000005,26,grasp_close,P5_brightness_match_sim_to_real,photometric,Shift Sim brightness mean toward Real mean.,0.21535152257186796,0.023104068630788368,16.363115340339135,0.5068319953810692,0.46926769402233093,0.4672473799691924,0.0020203140531385166,0.15587999172373762,0.10428458596875644,0.051595405754981186,,,,,,,,,,,OBSERVATION_ONLY_FULL_FORWARD_REQUIRED
episode_000005_000026,episode_000005,26,grasp_close,P6_contrast_match_sim_to_real,photometric,Scale Sim contrast toward Real luminance std.,0.5164283022505489,0.0999030800342105,10.004211221719999,0.4911146448694297,0.46926769402233093,0.7434364825571902,0.27416878853485926,0.15587999172373762,0.15623797272703605,0.0003579810032984243,,,,,,,,,,,OBSERVATION_ONLY_FULL_FORWARD_REQUIRED
episode_000005_000027,episode_000005,27,grasp_close,P0_current_paired_image,preprocessing,Existing paired 1280x720 image.,0.5234390649115446,0.10245265486720737,9.894767831950519,0.4933934509115233,0.46986857577614366,0.7449462171951593,0.27507764141901564,0.15445655573579123,0.16544855582127105,0.01099200008547982,,,,,,,,,,,OBSERVATION_ONLY_FULL_FORWARD_REQUIRED
episode_000005_000027,episode_000005,27,grasp_close,P1_resize_224_direct,preprocessing,Direct resize to 224x224.,0.5224770025313888,0.1018102004895095,9.922087073197424,0.49946374331098603,0.46986761449892456,0.7449523834690125,0.27508476897008793,0.15373587910329112,0.1642769438163325,0.010541064713041393,,,,,,,,,,,OBSERVATION_ONLY_FULL_FORWARD_REQUIRED
episode_000005_000027,episode_000005,27,grasp_close,P2_center_crop_square_resize_224,preprocessing,Center square crop then resize to 224x224.,0.4904381062431334,0.09217922902412597,10.353669285825987,0.6194296310055772,0.47495239258203287,0.7397060201893257,0.2647536276072929,0.17115530140952048,0.17499379152799055,0.003838490118470067,,,,,,,,,,,OBSERVATION_ONLY_FULL_FORWARD_REQUIRED
episode_000005_000027,episode_000005,27,grasp_close,P3_center_crop_0p875_resize_224,preprocessing,Center crop 87.5% of min side then resize to 224x224.,0.49485831127120855,0.09266994144471515,10.330611113961217,0.5517503347776642,0.4788520448335584,0.7452877547268907,0.26643570989333226,0.15547997583360362,0.1499339451643538,0.00554603066924983,,,,,,,,,,,OBSERVATION_ONLY_FULL_FORWARD_REQUIRED
episode_000005_000027,episode_000005,27,grasp_close,P4_letterbox_224,preprocessing,Aspect-preserving resize with black letterbox to 224x224.,0.2936900871166279,0.05713959419552135,12.430628482947464,0.7738816924357864,0.26458067319115147,0.41935724288152754,0.15477656969037606,0.26014145027720303,0.38972203412600437,0.12958058384880133,,,,,,,,,,,OBSERVATION_ONLY_FULL_FORWARD_REQUIRED
episode_000005_000027,episode_000005,27,grasp_close,P5_brightness_match_sim_to_real,photometric,Shift Sim brightness mean toward Real mean.,0.2132154101444034,0.022682907053866393,16.443012867920565,0.5138701107988201,0.46986857577614366,0.4678580797972835,0.0020104959788601606,0.15445655573579123,0.10442162296930795,0.050034932766483284,,,,,,,,,,,OBSERVATION_ONLY_FULL_FORWARD_REQUIRED
episode_000005_000027,episode_000005,27,grasp_close,P6_contrast_match_sim_to_real,photometric,Scale Sim contrast toward Real luminance std.,0.5153976011431153,0.09926826731305265,10.031895584866305,0.493801711939698,0.46986857577614366,0.7439633758714599,0.2740948000953162,0.15445655573579123,0.1544621544693013,5.598733510081555e-06,,,,,,,,,,,OBSERVATION_ONLY_FULL_FORWARD_REQUIRED
episode_000005_000028,episode_000005,28,grasp_close,P0_current_paired_image,preprocessing,Existing paired 1280x720 image.,0.5227481924754855,0.10194836051193809,9.916197539598343,0.500155298760873,0.4698350500757421,0.7449732304057736,0.27513818033003146,0.15348700900306286,0.1654362616284466,0.011949252625383738,,,,,,,,,,,OBSERVATION_ONLY_FULL_FORWARD_REQUIRED
episode_000005_000028,episode_000005,28,grasp_close,P1_resize_224_direct,preprocessing,Direct resize to 224x224.,0.521800176705389,0.10132097732884005,9.943006297137524,0.5060849005903899,0.46983594722263905,0.7449834638699229,0.2751475166472838,0.1527927382889516,0.1642614040915473,0.011468665802595701,,,,,,,,,,,OBSERVATION_ONLY_FULL_FORWARD_REQUIRED
episode_000005_000028,episode_000005,28,grasp_close,P2_center_crop_square_resize_224,preprocessing,Center square crop then resize to 224x224.,0.48946873360846466,0.09138038375072252,10.391470224625062,0.6294113894063467,0.47491329478666466,0.7397604683435873,0.26484717355692267,0.16958647337076455,0.1749764850677994,0.005390011697034847,,,,,,,,,,,OBSERVATION_ONLY_FULL_FORWARD_REQUIRED
episode_000005_000028,episode_000005,28,grasp_close,P3_center_crop_0p875_resize_224,preprocessing,Center crop 87.5% of min side then resize to 224x224.,0.49377980818076195,0.0917555204271251,10.373677971694448,0.567137676195836,0.4787236525391407,0.7453810565945127,0.266657404055372,0.15355905368922335,0.14995004028493136,0.003609013404291983,,,,,,,,,,,OBSERVATION_ONLY_FULL_FORWARD_REQUIRED
episode_000005_000028,episode_000005,28,grasp_close,P4_letterbox_224,preprocessing,Aspect-preserving resize with black letterbox to 224x224.,0.29330475270616563,0.0568648925052047,12.45155777487559,0.7748897698686165,0.26456728986907263,0.41936991488783004,0.1548026250187574,0.2598222030480479,0.38972379302436566,0.1299015899763178,,,,,,,,,,,OBSERVATION_ONLY_FULL_FORWARD_REQUIRED
episode_000005_000028,episode_000005,28,grasp_close,P5_brightness_match_sim_to_real,photometric,Shift Sim brightness mean toward Real mean.,0.21126429212931352,0.022266109099776436,16.52355667300502,0.5212067711329462,0.4698350500757421,0.4677293978613494,0.0021056522143926837,0.15348700900306286,0.10423570307843921,0.04925130592462365,,,,,,,,,,,OBSERVATION_ONLY_FULL_FORWARD_REQUIRED
episode_000005_000028,episode_000005,28,grasp_close,P6_contrast_match_sim_to_real,photometric,Scale Sim contrast toward Real luminance std.,0.5129008936152805,0.0980878140096135,10.083849440687171,0.5025297848277089,0.4698350500757421,0.7437781300840821,0.27394308000834,0.15348700900306286,0.15350923717126236,2.2228168199495135e-05,,,,,,,,,,,OBSERVATION_ONLY_FULL_FORWARD_REQUIRED
episode_000005_000029,episode_000005,29,grasp_close,P0_current_paired_image,preprocessing,Existing paired 1280x720 image.,0.5229759275245995,0.10202341530634589,9.913001422450069,0.4997433266068082,0.46982402018484487,0.7450627876165917,0.27523876743174686,0.15345806347264812,0.16542330030022756,0.01196523682757944,,,,,,,,,,,OBSERVATION_ONLY_FULL_FORWARD_REQUIRED
episode_000005_000029,episode_000005,29,grasp_close,P1_resize_224_direct,preprocessing,Direct resize to 224x224.,0.5220357632534561,0.10139301533521902,9.939919612339544,0.5056766188043474,0.46982212652248395,0.7450709176483092,0.2752487911258253,0.152774903193842,0.1642393699262734,0.0114644667324314,,,,,,,,,,,OBSERVATION_ONLY_FULL_FORWARD_REQUIRED
episode_000005_000029,episode_000005,29,grasp_close,P2_center_crop_square_resize_224,preprocessing,Center square crop then resize to 224x224.,0.48961752518723073,0.09140323449641294,10.39038435567164,0.6297167997850995,0.47490308346776205,0.7397251282231642,0.2648220447554021,0.16956250955543156,0.17497690537966465,0.005414395824233087,,,,,,,,,,,OBSERVATION_ONLY_FULL_FORWARD_REQUIRED
episode_000005_000029,episode_000005,29,grasp_close,P3_center_crop_0p875_resize_224,preprocessing,Center crop 87.5% of min side then resize to 224x224.,0.4939150299328863,0.09174585336585614,10.374135554249001,0.5679276554954296,0.47872824811174464,0.7453320077718586,0.26660375966011396,0.15345882978574696,0.1500430865623751,0.0034157432233718477,,,,,,,,,,,OBSERVATION_ONLY_FULL_FORWARD_REQUIRED
episode_000005_000029,episode_000005,29,grasp_close,P4_letterbox_224,preprocessing,Aspect-preserving resize with black letterbox to 224x224.,0.2934578204851954,0.05691055660417761,12.448071668263818,0.7747462679179605,0.26455622717837135,0.41942614960046515,0.1548699224220938,0.2598033918238568,0.3897685002874186,0.1299651084635618,,,,,,,,,,,OBSERVATION_ONLY_FULL_FORWARD_REQUIRED
episode_000005_000029,episode_000005,29,grasp_close,P5_brightness_match_sim_to_real,photometric,Shift Sim brightness mean toward Real mean.,0.2111952265008696,0.022267591018456222,16.52326763836214,0.5208274389535928,0.46982402018484487,0.46778098452308,0.0020430356617648915,0.15345806347264812,0.10423401177684086,0.049224051695807264,,,,,,,,,,,OBSERVATION_ONLY_FULL_FORWARD_REQUIRED
episode_000005_000029,episode_000005,29,grasp_close,P6_contrast_match_sim_to_real,photometric,Scale Sim contrast toward Real luminance std.,0.5131242768487874,0.09816121726797564,10.080600646913316,0.5021505987358681,0.46982402018484487,0.7438693915917759,0.274045371406931,0.15345806347264812,0.1534796394263059,2.1575953657787528e-05,,,,,,,,,,,OBSERVATION_ONLY_FULL_FORWARD_REQUIRED
episode_000005_000030,episode_000005,30,grasp_close,P0_current_paired_image,preprocessing,Existing paired 1280x720 image.,0.5230098488646635,0.10202644902868546,9.912872284518407,0.4999583405482796,0.4698224923177083,0.7451260423372822,0.2753035500195739,0.15346435130882372,0.1652922108886918,0.011827859579868094,,,,,,,,,,,OBSERVATION_ONLY_FULL_FORWARD_REQUIRED
episode_000005_000030,episode_000005,30,grasp_close,P1_resize_224_direct,preprocessing,Direct resize to 224x224.,0.5220756421132581,0.10139173204003823,9.939974579788812,0.5059440597567622,0.46981507184123644,0.7451295401598139,0.2753144683185775,0.1527854772955,0.1640908941860288,0.011305416890528802,,,,,,,,,,,OBSERVATION_ONLY_FULL_FORWARD_REQUIRED
episode_000005_000030,episode_000005,30,grasp_close,P2_center_crop_square_resize_224,preprocessing,Center square crop then resize to 224x224.,0.4895539433617429,0.09139323928100652,10.390859295566383,0.6298241454440667,0.47485990330507194,0.7398219253170017,0.2649620220119298,0.16956799673470574,0.17489672724576713,0.005328730511061391,,,,,,,,,,,OBSERVATION_ONLY_FULL_FORWARD_REQUIRED
episode_000005_000030,episode_000005,30,grasp_close,P3_center_crop_0p875_resize_224,preprocessing,Center crop 87.5% of min side then resize to 224x224.,0.4937281895819029,0.09169393911567893,10.376593698436915,0.5684832729847421,0.4786724241571629,0.7454069471069678,0.2667345229498049,0.15349079669083557,0.14988494434204055,0.0036058523487950134,,,,,,,,,,,OBSERVATION_ONLY_FULL_FORWARD_REQUIRED
episode_000005_000030,episode_000005,30,grasp_close,P4_letterbox_224,preprocessing,Aspect-preserving resize with black letterbox to 224x224.,0.29347716564114,0.05690649656512931,12.448381508047337,0.7747719262355122,0.26455607635241596,0.4194519109831432,0.15489583463072726,0.25980533817886636,0.3897589024205524,0.12995356424168603,,,,,,,,,,,OBSERVATION_ONLY_FULL_FORWARD_REQUIRED
episode_000005_000030,episode_000005,30,grasp_close,P5_brightness_match_sim_to_real,photometric,Shift Sim brightness mean toward Real mean.,0.2111180225572774,0.022253414952582342,16.526033338398744,0.5208920607648465,0.4698224923177083,0.46781914297640925,0.002003349341299032,0.15346435130882372,0.10415645490693631,0.0493078964018874,,,,,,,,,,,OBSERVATION_ONLY_FULL_FORWARD_REQUIRED
episode_000005_000030,episode_000005,30,grasp_close,P6_contrast_match_sim_to_real,photometric,Scale Sim contrast toward Real luminance std.,0.5131647692540806,0.0981677399773681,10.080312072396648,0.5022439830433291,0.4698224923177083,0.7439014073027297,0.2740789149850214,0.15346435130882372,0.15343272344094488,3.162786787883065e-05,,,,,,,,,,,OBSERVATION_ONLY_FULL_FORWARD_REQUIRED
episode_000005_000031,episode_000005,31,grasp_close,P0_current_paired_image,preprocessing,Existing paired 1280x720 image.,0.5225275756393203,0.10180987185973711,9.922101091667717,0.5011050600249811,0.4702780855919798,0.7452972312082994,0.27501914561631957,0.15346017859499375,0.16501125894669547,0.011551080351701715,,,,,,,,,,,OBSERVATION_ONLY_FULL_FORWARD_REQUIRED
episode_000005_000031,episode_000005,31,grasp_close,P1_resize_224_direct,preprocessing,Direct resize to 224x224.,0.5216413644568512,0.10119413472088183,9.948446587627691,0.5070151001452408,0.4702673201780712,0.745312351049795,0.2750450308717238,0.15277745648395433,0.16384132669448204,0.01106387021052771,,,,,,,,,,,OBSERVATION_ONLY_FULL_FORWARD_REQUIRED
episode_000005_000031,episode_000005,31,grasp_close,P2_center_crop_square_resize_224,preprocessing,Center square crop then resize to 224x224.,0.48912011144340306,0.09117989475201844,10.401009134352627,0.6312656063854292,0.47537583588122745,0.7399837990352391,0.2646079631540117,0.16960307017068152,0.17464918441855815,0.005046114247876626,,,,,,,,,,,OBSERVATION_ONLY_FULL_FORWARD_REQUIRED
episode_000005_000031,episode_000005,31,grasp_close,P3_center_crop_0p875_resize_224,preprocessing,Center crop 87.5% of min side then resize to 224x224.,0.49326272688740186,0.09147123514438456,10.387154565575837,0.5702630783850817,0.4792365073998348,0.7456268409863944,0.2663903335865596,0.15350824293393847,0.14952505097865634,0.003983191955282128,,,,,,,,,,,OBSERVATION_ONLY_FULL_FORWARD_REQUIRED
episode_000005_000031,episode_000005,31,grasp_close,P4_letterbox_224,preprocessing,Aspect-preserving resize with black letterbox to 224x224.,0.29323295943301175,0.05679092858548648,12.457210301322526,0.7754675301236841,0.26481665758490897,0.4195509329356742,0.15473427535076523,0.26001395350282774,0.3897754712141496,0.12976151771132188,,,,,,,,,,,OBSERVATION_ONLY_FULL_FORWARD_REQUIRED
episode_000005_000031,episode_000005,31,grasp_close,P5_brightness_match_sim_to_real,photometric,Shift Sim brightness mean toward Real mean.,0.21132794253511478,0.022253717031020824,16.525974385600357,0.5223446454613782,0.4702780855919798,0.46822316916956,0.0020549164224197836,0.15346017859499375,0.10414831510943691,0.04931186348555684,,,,,,,,,,,OBSERVATION_ONLY_FULL_FORWARD_REQUIRED
episode_000005_000031,episode_000005,31,grasp_close,P6_contrast_match_sim_to_real,photometric,Scale Sim contrast toward Real luminance std.,0.5130249403305054,0.09809087019259864,10.083714126964212,0.5028545082443591,0.4702780855919798,0.7440664668904888,0.273788381298509,0.15346017859499375,0.15345776975558256,2.4088394111887457e-06,,,,,,,,,,,OBSERVATION_ONLY_FULL_FORWARD_REQUIRED
episode_000005_000032,episode_000005,32,grasp_close,P0_current_paired_image,preprocessing,Existing paired 1280x720 image.,0.522518870054045,0.10181230317733027,9.921997379209648,0.5004754831354675,0.4702363693074277,0.7452116519454656,0.2749752826380379,0.15343929899357187,0.16516443625213104,0.01172513725855917,,,,,,,,,,,OBSERVATION_ONLY_FULL_FORWARD_REQUIRED
episode_000005_000032,episode_000005,32,grasp_close,P1_resize_224_direct,preprocessing,Direct resize to 224x224.,0.5216134800814161,0.10117686392367402,9.949187861030884,0.5064803995584349,0.47023662405587224,0.7452232263061476,0.2749866022502753,0.1527526206055705,0.16396009141703224,0.011207470811461756,,,,,,,,,,,OBSERVATION_ONLY_FULL_FORWARD_REQUIRED
episode_000005_000032,episode_000005,32,grasp_close,P2_center_crop_square_resize_224,preprocessing,Center square crop then resize to 224x224.,0.48894585933084633,0.09112070961963215,10.40382906765979,0.6307723557838298,0.47537318854104144,0.7398524015543718,0.2644792130133304,0.16957696685539692,0.17478886323823375,0.005211896382836839,,,,,,,,,,,OBSERVATION_ONLY_FULL_FORWARD_REQUIRED
episode_000005_000032,episode_000005,32,grasp_close,P3_center_crop_0p875_resize_224,preprocessing,Center crop 87.5% of min side then resize to 224x224.,0.4930703923745914,0.091411422207772,10.389995341144125,0.5692082973964172,0.47924453479829426,0.745404547037565,0.2661600122392707,0.15348172121480208,0.14979870824745586,0.0036830129673462164,,,,,,,,,,,OBSERVATION_ONLY_FULL_FORWARD_REQUIRED
episode_000005_000032,episode_000005,32,grasp_close,P4_letterbox_224,preprocessing,Aspect-preserving resize with black letterbox to 224x224.,0.2932241419246309,0.05678427641481428,12.4577190393026,0.7753747364329147,0.26478845309999,0.419500328662715,0.15471187556272503,0.259983935617667,0.38976141030802314,0.12977747469035616,,,,,,,,,,,OBSERVATION_ONLY_FULL_FORWARD_REQUIRED
episode_000005_000032,episode_000005,32,grasp_close,P5_brightness_match_sim_to_real,photometric,Shift Sim brightness mean toward Real mean.,0.21123838169659137,0.022260116690784884,16.524725633601992,0.5219097355309975,0.4702363693074277,0.4681680568065767,0.0020683125008509884,0.15343929899357187,0.104246521885721,0.04919277710785086,,,,,,,,,,,OBSERVATION_ONLY_FULL_FORWARD_REQUIRED
episode_000005_000032,episode_000005,32,grasp_close,P6_contrast_match_sim_to_real,photometric,Scale Sim contrast toward Real luminance std.,0.5130565623993276,0.09809888143983082,10.083359445800788,0.5023951872113686,0.4702363693074277,0.7440515944955065,0.2738152251880788,0.15343929899357187,0.15343060097366046,8.698019911407284e-06,,,,,,,,,,,OBSERVATION_ONLY_FULL_FORWARD_REQUIRED
episode_000005_000033,episode_000005,33,grasp_close,P0_current_paired_image,preprocessing,Existing paired 1280x720 image.,0.5231239350424759,0.10204952715835791,9.911890032261246,0.5003723266920422,0.46974728875357447,0.7452461240485427,0.27549883529496827,0.15342206045673962,0.16518757039590165,0.011765509939162033,,,,,,,,,,,OBSERVATION_ONLY_FULL_FORWARD_REQUIRED
episode_000005_000033,episode_000005,33,grasp_close,P1_resize_224_direct,preprocessing,Direct resize to 224x224.,0.5222104482374091,0.10142854047256156,9.9383982384192,0.5062039584272793,0.4697443800020008,0.7452526966098939,0.2755083166078931,0.15273318350921222,0.16402506989209448,0.011291886382882255,,,,,,,,,,,OBSERVATION_ONLY_FULL_FORWARD_REQUIRED
episode_000005_000033,episode_000005,33,grasp_close,P2_center_crop_square_resize_224,preprocessing,Center square crop then resize to 224x224.,0.48983812895286793,0.09149738091723617,10.385913372938953,0.629458682526334,0.4747837834821429,0.739963668717487,0.2651798852353441,0.16953353020686082,0.1749009842367537,0.0053674540298928874,,,,,,,,,,,OBSERVATION_ONLY_FULL_FORWARD_REQUIRED
episode_000005_000033,episode_000005,33,grasp_close,P3_center_crop_0p875_resize_224,preprocessing,Center crop 87.5% of min side then resize to 224x224.,0.49403517789785717,0.09180684334599852,10.371249449792188,0.5678089508180107,0.47860658836972286,0.7455733289722138,0.266966740602491,0.15343483625567034,0.1498796338313192,0.003555202424351145,,,,,,,,,,,OBSERVATION_ONLY_FULL_FORWARD_REQUIRED
episode_000005_000033,episode_000005,33,grasp_close,P4_letterbox_224,preprocessing,Aspect-preserving resize with black letterbox to 224x224.,0.29355170271209413,0.056924340610427164,12.447019913832015,0.7746664589239524,0.2645227800807823,0.419519637542517,0.1549968574617347,0.25976584792051316,0.3897941901421754,0.13002834222166226,,,,,,,,,,,OBSERVATION_ONLY_FULL_FORWARD_REQUIRED
episode_000005_000033,episode_000005,33,grasp_close,P5_brightness_match_sim_to_real,photometric,Shift Sim brightness mean toward Real mean.,0.21106107655535128,0.022236298488962587,16.529375048421798,0.5214590268828562,0.46974728875357447,0.46785893361757896,0.0018883551359955009,0.15342206045673962,0.10410070502041543,0.04932135543632418,,,,,,,,,,,OBSERVATION_ONLY_FULL_FORWARD_REQUIRED
episode_000005_000033,episode_000005,33,grasp_close,P6_contrast_match_sim_to_real,photometric,Scale Sim contrast toward Real luminance std.,0.5136488667159521,0.09833179165865696,10.073060476844159,0.5022736181121885,0.46974728875357447,0.7440836426087623,0.2743363538551878,0.15342206045673962,0.1534468577942101,2.4797337470489067e-05,,,,,,,,,,,OBSERVATION_ONLY_FULL_FORWARD_REQUIRED
episode_000005_000034,episode_000005,34,grasp_close,P0_current_paired_image,preprocessing,Existing paired 1280x720 image.,0.5234764296901225,0.10219421198399474,9.905737008216168,0.4998107711367994,0.4697311369119348,0.7453712901339525,0.27564015322201774,0.153454446539322,0.16532366924055356,0.011869222701231558,,,,,,,,,,,OBSERVATION_ONLY_FULL_FORWARD_REQUIRED
episode_000005_000034,episode_000005,34,grasp_close,P1_resize_224_direct,preprocessing,Direct resize to 224x224.,0.5225333711441827,0.10156547157261597,9.932539106952675,0.505679556106065,0.46972396056860244,0.7453750715129803,0.2756511109443779,0.1527664553931988,0.16414427341589452,0.011377818022695718,,,,,,,,,,,OBSERVATION_ONLY_FULL_FORWARD_REQUIRED
episode_000005_000034,episode_000005,34,grasp_close,P2_center_crop_square_resize_224,preprocessing,Center square crop then resize to 224x224.,0.4901507657736886,0.0915970813366196,10.381183645373381,0.6295328069078259,0.47483411930397157,0.7401363941514105,0.26530227484743896,0.16956450853554164,0.17489251335173459,0.005328004816192944,,,,,,,,,,,OBSERVATION_ONLY_FULL_FORWARD_REQUIRED
episode_000005_000034,episode_000005,34,grasp_close,P3_center_crop_0p875_resize_224,preprocessing,Center crop 87.5% of min side then resize to 224x224.,0.49441203336162837,0.09192681801070102,10.365577724549329,0.5680657320459458,0.47866934197116345,0.7457594700380151,0.2670901280668517,0.1534675700328807,0.14993688621782775,0.0035306838150529485,,,,,,,,,,,OBSERVATION_ONLY_FULL_FORWARD_REQUIRED
episode_000005_000034,episode_000005,34,grasp_close,P4_letterbox_224,preprocessing,Aspect-preserving resize with black letterbox to 224x224.,0.293723240056849,0.0570070312643031,12.440715750123946,0.7744235723226695,0.2645029964798419,0.4195823524566076,0.1550793559767657,0.25976212371370877,0.3898766986245657,0.13011457491085693,,,,,,,,,,,OBSERVATION_ONLY_FULL_FORWARD_REQUIRED
episode_000005_000034,episode_000005,34,grasp_close,P5_brightness_match_sim_to_real,photometric,Shift Sim brightness mean toward Real mean.,0.21102946052280266,0.022240257909173108,16.52860180764384,0.521168674312422,0.4697311369119348,0.46769151552883304,0.002039621383101764,0.153454446539322,0.10413373349109503,0.049320713048226966,,,,,,,,,,,OBSERVATION_ONLY_FULL_FORWARD_REQUIRED
episode_000005_000034,episode_000005,34,grasp_close,P6_contrast_match_sim_to_real,photometric,Scale Sim contrast toward Real luminance std.,0.513607514698674,0.09832368854415845,10.073418375633583,0.5021153561069064,0.4697311369119348,0.7441143343903188,0.274383197478384,0.153454446539322,0.15346313642592205,8.689886600049546e-06,,,,,,,,,,,OBSERVATION_ONLY_FULL_FORWARD_REQUIRED
episode_000005_000035,episode_000005,35,lift,P0_current_paired_image,preprocessing,Existing paired 1280x720 image.,0.5233537253697522,0.10215820373685507,9.907267519430576,0.5001014689473453,0.4697535243293847,0.7453953867689611,0.2756418624395764,0.15342564784521875,0.16537170802711293,0.011946060181894175,,,,,,,,,,,OBSERVATION_ONLY_FULL_FORWARD_REQUIRED
episode_000005_000035,episode_000005,35,lift,P1_resize_224_direct,preprocessing,Direct resize to 224x224.,0.5224178620871532,0.1015341783159342,9.933877414410386,0.5059513578354213,0.46974716692927165,0.7453988417241897,0.27565167479491803,0.15274023164238076,0.16419193885967698,0.011451707217296214,,,,,,,,,,,OBSERVATION_ONLY_FULL_FORWARD_REQUIRED
episode_000005_000035,episode_000005,35,lift,P2_center_crop_square_resize_224,preprocessing,Center square crop then resize to 224x224.,0.4901070103267414,0.09160704007910354,10.380711491485325,0.6293986512706133,0.47479081857743094,0.7401749110269108,0.26538409244947986,0.16953059526108968,0.1749671960784448,0.005436600817355114,,,,,,,,,,,OBSERVATION_ONLY_FULL_FORWARD_REQUIRED
episode_000005_000035,episode_000005,35,lift,P3_center_crop_0p875_resize_224,preprocessing,Center crop 87.5% of min side then resize to 224x224.,0.4943332770972442,0.09192139795052004,10.36583379472293,0.568081788207908,0.4786067656437574,0.7457787297887905,0.267171964145033,0.15348650715116618,0.15003657349777474,0.0034499336533914404,,,,,,,,,,,OBSERVATION_ONLY_FULL_FORWARD_REQUIRED
episode_000005_000035,episode_000005,35,lift,P4_letterbox_224,preprocessing,Aspect-preserving resize with black letterbox to 224x224.,0.2936700553593855,0.056991181582927285,12.44192338821473,0.7744543316222315,0.2645189485638005,0.4196110787283663,0.1550921301645658,0.25977037732789504,0.38991276608554487,0.13014238875764983,,,,,,,,,,,OBSERVATION_ONLY_FULL_FORWARD_REQUIRED
episode_000005_000035,episode_000005,35,lift,P5_brightness_match_sim_to_real,photometric,Shift Sim brightness mean toward Real mean.,0.2109049906674326,0.022223808745879443,16.53181509050961,0.5216031009240153,0.4697535243293847,0.46770859843920204,0.0020449258901826806,0.15342564784521875,0.10416231992258457,0.04926332792263419,,,,,,,,,,,OBSERVATION_ONLY_FULL_FORWARD_REQUIRED
episode_000005_000035,episode_000005,35,lift,P6_contrast_match_sim_to_real,photometric,Scale Sim contrast toward Real luminance std.,0.5134801287661811,0.09828724658629344,10.075028310643685,0.5024392363717191,0.4697535243293847,0.7441590030322371,0.2744054787028524,0.15342564784521875,0.15345484975814425,2.920191292549168e-05,,,,,,,,,,,OBSERVATION_ONLY_FULL_FORWARD_REQUIRED
episode_000005_000036,episode_000005,36,lift,P0_current_paired_image,preprocessing,Existing paired 1280x720 image.,0.519759625754482,0.10106247049189583,9.954100895543096,0.4932304990070952,0.47219733612472775,0.7450822815197777,0.27288494539505,0.15510745113745647,0.1668037156612102,0.011696264523753719,,,,,,,,,,,OBSERVATION_ONLY_FULL_FORWARD_REQUIRED
episode_000005_000036,episode_000005,36,lift,P1_resize_224_direct,preprocessing,Direct resize to 224x224.,0.5187554154248419,0.10041246941995753,9.982123522904159,0.49916431876700706,0.4721906284857693,0.7450881936837235,0.27289756519795416,0.1543900996999191,0.16561990788290917,0.011229808182990075,,,,,,,,,,,OBSERVATION_ONLY_FULL_FORWARD_REQUIRED
episode_000005_000036,episode_000005,36,lift,P2_center_crop_square_resize_224,preprocessing,Center square crop then resize to 224x224.,0.48632002473691627,0.09055786703978978,10.430738152167418,0.6312560392956558,0.47763024991246494,0.7420316864089386,0.26440143649647363,0.17135222820329693,0.17500423090403777,0.0036520027007408418,,,,,,,,,,,OBSERVATION_ONLY_FULL_FORWARD_REQUIRED
episode_000005_000036,episode_000005,36,lift,P3_center_crop_0p875_resize_224,preprocessing,Center crop 87.5% of min side then resize to 224x224.,0.49072012657116815,0.09096333692790841,10.411336162315443,0.5700645341861748,0.48165761750012503,0.7479441156775211,0.266286498177396,0.155686296824586,0.14987100986790583,0.005815286956680182,,,,,,,,,,,OBSERVATION_ONLY_FULL_FORWARD_REQUIRED
episode_000005_000036,episode_000005,36,lift,P4_letterbox_224,preprocessing,Aspect-preserving resize with black letterbox to 224x224.,0.2915378982399822,0.056351347217808684,12.490956966140383,0.7764068159227628,0.26589876425570225,0.41943160345388153,0.15353283919817928,0.26140326173365347,0.39009871762957093,0.12869545589591747,,,,,,,,,,,OBSERVATION_ONLY_FULL_FORWARD_REQUIRED
episode_000005_000036,episode_000005,36,lift,P5_brightness_match_sim_to_real,photometric,Shift Sim brightness mean toward Real mean.,0.2114587165011797,0.022865136122191248,16.40826208805908,0.5145311884017961,0.47219733612472775,0.4702586185449007,0.001938717579827054,0.15510745113745647,0.10576210940801446,0.04934534172944201,,,,,,,,,,,OBSERVATION_ONLY_FULL_FORWARD_REQUIRED
episode_000005_000036,episode_000005,36,lift,P6_contrast_match_sim_to_real,photometric,Scale Sim contrast toward Real luminance std.,0.5101450492957403,0.09730048298175023,10.118850039681497,0.4949540868899869,0.47219733612472775,0.7438668258101853,0.2716694896854575,0.15510745113745647,0.15510870755244138,1.2564149849125794e-06,,,,,,,,,,,OBSERVATION_ONLY_FULL_FORWARD_REQUIRED
episode_000005_000037,episode_000005,37,lift,P0_current_paired_image,preprocessing,Existing paired 1280x720 image.,0.5185434506744613,0.1009294336190586,9.95982163849777,0.47665614050832994,0.4764571183278867,0.7429130112804668,0.26645589295258015,0.15998035769898594,0.17152012675287096,0.011539769053885013,,,,,,,,,,,OBSERVATION_ONLY_FULL_FORWARD_REQUIRED
episode_000005_000037,episode_000005,37,lift,P1_resize_224_direct,preprocessing,Direct resize to 224x224.,0.5174182656711775,0.10024947203145965,9.989179059339895,0.48237908396490664,0.47645725566789215,0.7429295003001201,0.2664722446322279,0.15921150213699845,0.17033735876665929,0.01112585662966084,,,,,,,,,,,OBSERVATION_ONLY_FULL_FORWARD_REQUIRED
episode_000005_000037,episode_000005,37,lift,P2_center_crop_square_resize_224,preprocessing,Center square crop then resize to 224x224.,0.48538662169140384,0.09067420095080515,10.425162628684006,0.6334874878844214,0.4829389062656312,0.7466575918023458,0.2637186855367146,0.17584694237703472,0.1754907557761222,0.0003561866009125225,,,,,,,,,,,OBSERVATION_ONLY_FULL_FORWARD_REQUIRED
episode_000005_000037,episode_000005,37,lift,P3_center_crop_0p875_resize_224,preprocessing,Center crop 87.5% of min side then resize to 224x224.,0.490383319012062,0.0913485612790868,10.392982883056856,0.5727887720361996,0.4873866040947629,0.7532851448235546,0.26589854072879165,0.1610386755734719,0.1500722502567307,0.01096642531674119,,,,,,,,,,,OBSERVATION_ONLY_FULL_FORWARD_REQUIRED
episode_000005_000037,episode_000005,37,lift,P4_letterbox_224,preprocessing,Aspect-preserving resize with black letterbox to 224x224.,0.2907519186606744,0.05624732470602619,12.498981290928805,0.7790432768112294,0.26829128518594936,0.418215270279987,0.14992398509403765,0.2649069292442122,0.39021841180828415,0.12531148256407193,,,,,,,,,,,OBSERVATION_ONLY_FULL_FORWARD_REQUIRED
episode_000005_000037,episode_000005,37,lift,P5_brightness_match_sim_to_real,photometric,Shift Sim brightness mean toward Real mean.,0.2183542354411165,0.025228091036478145,15.981156105085585,0.4963152646335988,0.4764571183278867,0.4745432186044729,0.00191389972341377,0.15998035769898594,0.1100970110739755,0.04988334662501044,,,,,,,,,,,OBSERVATION_ONLY_FULL_FORWARD_REQUIRED
episode_000005_000037,episode_000005,37,lift,P6_contrast_match_sim_to_real,photometric,Scale Sim contrast toward Real luminance std.,0.5091629709118111,0.0972198228601535,10.122451745691084,0.47744172951802283,0.4764571183278867,0.7415720635084758,0.26511494518058915,0.15998035769898594,0.15999778547441956,1.7427775433620507e-05,,,,,,,,,,,OBSERVATION_ONLY_FULL_FORWARD_REQUIRED
episode_000005_000038,episode_000005,38,lift,P0_current_paired_image,preprocessing,Existing paired 1280x720 image.,0.5061232902499823,0.09684203105976867,10.13936110713163,0.503802001764198,0.48111079207261026,0.7371246363204657,0.2560138442478554,0.17141884799167958,0.17980066219736154,0.008381814205681959,,,,,,,,,,,OBSERVATION_ONLY_FULL_FORWARD_REQUIRED
episode_000005_000038,episode_000005,38,lift,P1_resize_224_direct,preprocessing,Direct resize to 224x224.,0.504768213340766,0.09607366251239058,10.173956528436461,0.5098405206655401,0.48111091783588433,0.73714207043755,0.25603115260166565,0.1705079168111395,0.17862260285059856,0.008114686039459057,,,,,,,,,,,OBSERVATION_ONLY_FULL_FORWARD_REQUIRED
episode_000005_000038,episode_000005,38,lift,P2_center_crop_square_resize_224,preprocessing,Center square crop then resize to 224x224.,0.47486763229534434,0.08746575826000336,10.58161934512037,0.652374916652545,0.49397979418329824,0.7532301358824778,0.25925034169917954,0.1834785505639443,0.17609866773585278,0.007379882828091516,,,,,,,,,,,OBSERVATION_ONLY_FULL_FORWARD_REQUIRED
episode_000005_000038,episode_000005,38,lift,P3_center_crop_0p875_resize_224,preprocessing,Center crop 87.5% of min side then resize to 224x224.,0.4803661711794902,0.08859046672181944,10.526130103123599,0.595679297510821,0.49989614472351435,0.7615686277010804,0.261672482977566,0.1702742317408839,0.15066785460245707,0.019606377138426834,,,,,,,,,,,OBSERVATION_ONLY_FULL_FORWARD_REQUIRED
episode_000005_000038,episode_000005,38,lift,P4_letterbox_224,preprocessing,Aspect-preserving resize with black letterbox to 224x224.,0.2835757644464925,0.05388717598967692,12.685145754360082,0.7883299212053861,0.2709142276910764,0.41495230470313116,0.14403807701205473,0.27085455609740444,0.38959275667818244,0.118738200580778,,,,,,,,,,,OBSERVATION_ONLY_FULL_FORWARD_REQUIRED
episode_000005_000038,episode_000005,38,lift,P5_brightness_match_sim_to_real,photometric,Shift Sim brightness mean toward Real mean.,0.22300092919587572,0.027289826779363705,15.639992209810835,0.5157083981110169,0.48111079207261026,0.47916686333061004,0.0019439287420002227,0.17141884799167958,0.11719645223317858,0.054222395758501005,,,,,,,,,,,OBSERVATION_ONLY_FULL_FORWARD_REQUIRED
episode_000005_000038,episode_000005,38,lift,P6_contrast_match_sim_to_real,photometric,Scale Sim contrast toward Real luminance std.,0.4976945320732943,0.0935305907594746,10.290463225478755,0.5051884871438383,0.48111079207261026,0.7348961388829318,0.25378534681032155,0.17141884799167958,0.17145183691484311,3.2988923163529416e-05,,,,,,,,,,,OBSERVATION_ONLY_FULL_FORWARD_REQUIRED
episode_000005_000039,episode_000005,39,lift,P0_current_paired_image,preprocessing,Existing paired 1280x720 image.,0.4985360076881824,0.09472449930782496,10.235376816288301,0.5383738540312212,0.4777399709243941,0.7281982989915233,0.25045832806712925,0.18282363465680865,0.1889865750794644,0.006162940422655749,,,,,,,,,,,OBSERVATION_ONLY_FULL_FORWARD_REQUIRED
episode_000005_000039,episode_000005,39,lift,P1_resize_224_direct,preprocessing,Direct resize to 224x224.,0.4964327241920583,0.09376288025422586,10.279690602497897,0.5456280487296108,0.4777363772383954,0.7282147401304272,0.2504783628920318,0.18187556401315616,0.18743024261542515,0.005554678602268992,,,,,,,,,,,OBSERVATION_ONLY_FULL_FORWARD_REQUIRED
episode_000005_000039,episode_000005,39,lift,P2_center_crop_square_resize_224,preprocessing,Center square crop then resize to 224x224.,0.4722680516180018,0.08736300800957636,10.586724211197582,0.6533420243746246,0.5005297224358493,0.7580471833577179,0.25751746092186867,0.18914140047681446,0.17627759987045072,0.012863800606363746,,,,,,,,,,,OBSERVATION_ONLY_FULL_FORWARD_REQUIRED
episode_000005_000039,episode_000005,39,lift,P3_center_crop_0p875_resize_224,preprocessing,Center crop 87.5% of min side then resize to 224x224.,0.47554424381912386,0.08784383739198294,10.562887006517087,0.5999339784374578,0.5092448690413665,0.7670143854573079,0.2577695164159415,0.17841173712522884,0.1522677107658746,0.026144026359354255,,,,,,,,,,,OBSERVATION_ONLY_FULL_FORWARD_REQUIRED
episode_000005_000039,episode_000005,39,lift,P4_letterbox_224,preprocessing,Aspect-preserving resize with black letterbox to 224x224.,0.27870252397381307,0.05250647614029271,12.797871274790683,0.7917309265315676,0.26900769307723094,0.40992346932523,0.14091577624799906,0.27351466963061927,0.3876812028155845,0.11416653318496522,,,,,,,,,,,OBSERVATION_ONLY_FULL_FORWARD_REQUIRED
episode_000005_000039,episode_000005,39,lift,P5_brightness_match_sim_to_real,photometric,Shift Sim brightness mean toward Real mean.,0.22502756890152908,0.02832780414873374,15.477870888416653,0.5485628941839833,0.4777399709243941,0.4755125576448461,0.0022274132795479518,0.18282363465680865,0.12389042668788953,0.05893320796891911,,,,,,,,,,,OBSERVATION_ONLY_FULL_FORWARD_REQUIRED
episode_000005_000039,episode_000005,39,lift,P6_contrast_match_sim_to_real,photometric,Scale Sim contrast toward Real luminance std.,0.4926415656968452,0.09231225885120745,10.347406218569255,0.5405770501750495,0.4777399709243941,0.7259908382982706,0.24825086737387653,0.18282363465680865,0.18291579488099152,9.21602241828745e-05,,,,,,,,,,,OBSERVATION_ONLY_FULL_FORWARD_REQUIRED
episode_000005_000040,episode_000005,40,lift,P0_current_paired_image,preprocessing,Existing paired 1280x720 image.,0.492486773665721,0.09324832164245052,10.30358976226857,0.5587753293777681,0.4740479833537585,0.7200860289692268,0.24603804561546833,0.190255241277942,0.1967775013606697,0.0065222600827277155,,,,,,,,,,,OBSERVATION_ONLY_FULL_FORWARD_REQUIRED
episode_000005_000040,episode_000005,40,lift,P1_resize_224_direct,preprocessing,Direct resize to 224x224.,0.4903989865745748,0.09226377428013688,10.349687834638306,0.5658907120415311,0.4740449304252951,0.7200942776172969,0.24604934719200183,0.18931043892252933,0.19523485428212276,0.005924415359593427,,,,,,,,,,,OBSERVATION_ONLY_FULL_FORWARD_REQUIRED
episode_000005_000040,episode_000005,40,lift,P2_center_crop_square_resize_224,preprocessing,Center square crop then resize to 224x224.,0.47105914070484356,0.08781200245621125,10.564461191252501,0.6445380732143025,0.5048415706907763,0.7601994783382102,0.25535790764743393,0.19263735550135572,0.17923084267431474,0.013406512827040973,,,,,,,,,,,OBSERVATION_ONLY_FULL_FORWARD_REQUIRED
episode_000005_000040,episode_000005,40,lift,P3_center_crop_0p875_resize_224,preprocessing,Center crop 87.5% of min side then resize to 224x224.,0.47530165311103617,0.08874365034003799,10.518627111848215,0.5867929610265372,0.513238634735144,0.7691023020770809,0.2558636673419369,0.18281497743445319,0.15553374057294414,0.027281236861509045,,,,,,,,,,,OBSERVATION_ONLY_FULL_FORWARD_REQUIRED
episode_000005_000040,episode_000005,40,lift,P4_letterbox_224,preprocessing,Aspect-preserving resize with black letterbox to 224x224.,0.27490807628255487,0.05159410547307158,12.873999128446519,0.7932722019144068,0.2669321645533213,0.40535732186624646,0.13842515731292515,0.2747604093213942,0.38604418395217166,0.11128377463077749,,,,,,,,,,,OBSERVATION_ONLY_FULL_FORWARD_REQUIRED
episode_000005_000040,episode_000005,40,lift,P5_brightness_match_sim_to_real,photometric,Shift Sim brightness mean toward Real mean.,0.22804189119178314,0.0292177944825352,15.343525700654943,0.5692981069428643,0.4740479833537585,0.4723531218171294,0.0016948615366290665,0.190255241277942,0.12961780356983332,0.06063743770810867,,,,,,,,,,,OBSERVATION_ONLY_FULL_FORWARD_REQUIRED
episode_000005_000040,episode_000005,40,lift,P6_contrast_match_sim_to_real,photometric,Scale Sim contrast toward Real luminance std.,0.48687964614603313,0.09088832200511375,10.414919145178414,0.5611004218650207,0.4740479833537585,0.7180270503055217,0.24397906695176325,0.190255241277942,0.1904163618269505,0.00016112054900849215,,,,,,,,,,,OBSERVATION_ONLY_FULL_FORWARD_REQUIRED
episode_000005_000041,episode_000005,41,lift,P0_current_paired_image,preprocessing,Existing paired 1280x720 image.,0.4875775654818908,0.09175689977345784,10.373612685377555,0.5792443303566855,0.47177094133561404,0.7160414334422655,0.24427049210665142,0.19462260245384516,0.20048579714706927,0.005863194693224105,,,,,,,,,,,OBSERVATION_ONLY_FULL_FORWARD_REQUIRED
episode_000005_000041,episode_000005,41,lift,P1_resize_224_direct,preprocessing,Direct resize to 224x224.,0.4855388240373339,0.09075057862197165,10.421505972391966,0.5865832143202261,0.47175753893745,0.7160506998580682,0.24429316092061826,0.193666662066888,0.19900626189745801,0.005339599830570002,,,,,,,,,,,OBSERVATION_ONLY_FULL_FORWARD_REQUIRED
episode_000005_000041,episode_000005,41,lift,P2_center_crop_square_resize_224,preprocessing,Center square crop then resize to 224x224.,0.4683290514389576,0.08710605524889695,10.599516536057079,0.6469792428584062,0.507966241152711,0.761128363032713,0.253162121880002,0.19446005972666505,0.18094703908967752,0.013513020636987533,,,,,,,,,,,OBSERVATION_ONLY_FULL_FORWARD_REQUIRED
episode_000005_000041,episode_000005,41,lift,P3_center_crop_0p875_resize_224,preprocessing,Center crop 87.5% of min side then resize to 224x224.,0.47439841697092655,0.0889288975394079,10.509570916438488,0.5843342202071847,0.515574403355092,0.7702260788065226,0.25465167545143064,0.18517459659338925,0.15746111164124033,0.027713484952148926,,,,,,,,,,,OBSERVATION_ONLY_FULL_FORWARD_REQUIRED
episode_000005_000041,episode_000005,41,lift,P4_letterbox_224,preprocessing,Aspect-preserving resize with black letterbox to 224x224.,0.2720959026563498,0.05069422213329776,12.950415364974102,0.7957164668435167,0.265652887279912,0.40308796665541213,0.13743507937550015,0.2754965525859441,0.3852590619491044,0.10976250936316034,,,,,,,,,,,OBSERVATION_ONLY_FULL_FORWARD_REQUIRED
episode_000005_000041,episode_000005,41,lift,P5_brightness_match_sim_to_real,photometric,Shift Sim brightness mean toward Real mean.,0.22730186296190405,0.028996000058293107,15.376619080467037,0.5890505007960306,0.47177094133561404,0.4697883968043641,0.0019825445312499634,0.19462260245384516,0.13211980617808253,0.06250279627576263,,,,,,,,,,,OBSERVATION_ONLY_FULL_FORWARD_REQUIRED
episode_000005_000041,episode_000005,41,lift,P6_contrast_match_sim_to_real,photometric,Scale Sim contrast toward Real luminance std.,0.4819104036756914,0.08942065792559309,10.485621390709458,0.5812866561450823,0.47177094133561404,0.7138748580014296,0.24210391666581554,0.19462260245384516,0.19448272057665753,0.00013988187718763645,,,,,,,,,,,OBSERVATION_ONLY_FULL_FORWARD_REQUIRED
episode_000005_000042,episode_000005,42,lift,P0_current_paired_image,preprocessing,Existing paired 1280x720 image.,0.485089091285219,0.09108240063806486,10.405655313054133,0.5816421033123348,0.4717575767590888,0.7156617015003746,0.24390412474128575,0.19519324532920226,0.20096417466998587,0.005770929340783604,,,,,,,,,,,OBSERVATION_ONLY_FULL_FORWARD_REQUIRED
episode_000005_000042,episode_000005,42,lift,P1_resize_224_direct,preprocessing,Direct resize to 224x224.,0.4829949511576741,0.09005424821072218,10.45495794993736,0.5891719483154517,0.4717546634435024,0.7156681437418717,0.2439134802983693,0.19423227354545797,0.19948692739708065,0.005254653851622687,,,,,,,,,,,OBSERVATION_ONLY_FULL_FORWARD_REQUIRED
episode_000005_000042,episode_000005,42,lift,P2_center_crop_square_resize_224,preprocessing,Center square crop then resize to 224x224.,0.4662072591216144,0.0866581598938595,10.621905370467104,0.646824254165802,0.508531001134829,0.7616123025772807,0.2530813014424518,0.19469668126140088,0.18105371428481226,0.013642966976588622,,,,,,,,,,,OBSERVATION_ONLY_FULL_FORWARD_REQUIRED
episode_000005_000042,episode_000005,42,lift,P3_center_crop_0p875_resize_224,preprocessing,Center crop 87.5% of min side then resize to 224x224.,0.4724120094447948,0.08850976583443833,10.530088082398304,0.5841243954051731,0.5161046369797919,0.7707152722026309,0.254610635222839,0.185476081810129,0.15740560883418667,0.02807047297594234,,,,,,,,,,,OBSERVATION_ONLY_FULL_FORWARD_REQUIRED
episode_000005_000042,episode_000005,42,lift,P4_letterbox_224,preprocessing,Aspect-preserving resize with black letterbox to 224x224.,0.27071195331387543,0.05030982654499708,12.983471800044146,0.7962292219427021,0.2656420311093187,0.402879813972464,0.13723778286314525,0.27571204118400283,0.3852314254306208,0.10951938424661795,,,,,,,,,,,OBSERVATION_ONLY_FULL_FORWARD_REQUIRED
episode_000005_000042,episode_000005,42,lift,P5_brightness_match_sim_to_real,photometric,Shift Sim brightness mean toward Real mean.,0.2238947088754257,0.0286581972567531,15.427511323639614,0.5911575626865528,0.4717575767590888,0.4695754254680693,0.0021821512910195073,0.19519324532920226,0.13242955914752064,0.06276368618168163,,,,,,,,,,,OBSERVATION_ONLY_FULL_FORWARD_REQUIRED
episode_000005_000042,episode_000005,42,lift,P6_contrast_match_sim_to_real,photometric,Scale Sim contrast toward Real luminance std.,0.4795276374031,0.08879204147243046,10.516259587653277,0.5836414115766773,0.4717575767590888,0.7134845814397808,0.24172700468069197,0.19519324532920226,0.1949997520043573,0.00019349332484497328,,,,,,,,,,,OBSERVATION_ONLY_FULL_FORWARD_REQUIRED
