variant,frame,episode_id,progress,planner_phase,total_energy,sensitive_energy,null_energy,sensitive_ratio
original_P0_raw,episode_000001_000000,episode_000001,0,hold,239.65016992588016,43.45232138908427,235.67795762735847,0.1813156293714432
original_P0_raw,episode_000001_000001,episode_000001,1,hold,237.92230012831894,44.39255791352196,233.74413725320358,0.18658426675254766
original_P0_raw,episode_000001_000002,episode_000001,2,alignment,240.89690769403163,45.35758350416127,236.58827053598796,0.18828628369846456
original_P0_raw,episode_000001_000003,episode_000001,3,alignment,237.02647453021368,43.961079798044466,232.91408950772384,0.1854690700065269
original_P0_raw,episode_000001_000004,episode_000001,4,alignment,237.67950650630036,47.00243765042376,232.98566193651595,0.19775553366515353
original_P0_raw,episode_000001_000005,episode_000001,5,alignment,226.78998868675822,50.53337315285823,221.0883922017027,0.2228201229052258
original_P0_raw,episode_000001_000006,episode_000001,6,alignment,252.74786498128694,62.50241572897802,244.89779762309186,0.2472915675612358
original_P0_raw,episode_000001_000007,episode_000001,7,alignment,279.3962471061215,81.21623861162648,267.33160210264003,0.29068478711805523
original_P0_raw,episode_000001_000008,episode_000001,8,alignment,289.0305565014279,75.1921880818967,279.078479003634,0.2601530751352417
original_P0_raw,episode_000001_000009,episode_000001,9,alignment,267.99328257107715,66.90048734121,259.5086208524291,0.24963494121710553
original_P0_raw,episode_000001_000010,episode_000001,10,alignment,244.80412315616675,53.767025736057,238.82664352571268,0.21963284377264206
original_P0_raw,episode_000001_000011,episode_000001,11,alignment,252.71240616328157,62.62960595117867,244.82870070160376,0.24782956603528467
original_P0_raw,episode_000001_000012,episode_000001,12,alignment,258.78990418166904,67.88436904853467,249.72770560200124,0.26231459555269293
original_P0_raw,episode_000001_000013,episode_000001,13,alignment,253.80532758943792,66.6017959797657,244.91089213232547,0.26241291549049944
original_P0_raw,episode_000001_000014,episode_000001,14,alignment,267.18372019438084,70.41834867097691,257.737068555072,0.2635577819627121
original_P0_raw,episode_000001_000015,episode_000001,15,alignment,260.5781736273209,46.3286159425032,256.42668331474835,0.17779162121522282
original_P0_raw,episode_000001_000016,episode_000001,16,alignment,261.8282599650621,55.36124748870667,255.90851879690584,0.2114410701736091
original_P0_raw,episode_000001_000017,episode_000001,17,alignment,261.7050584156257,50.598548971116735,256.76706261190037,0.19334188371230823
original_P0_raw,episode_000001_000018,episode_000001,18,alignment,265.9244827965718,47.90806062856817,261.57340896473715,0.18015663742107232
original_P0_raw,episode_000001_000019,episode_000001,19,alignment,267.93160985326267,49.562403919468686,263.3076445458513,0.18498154789056948
original_P0_raw,episode_000001_000020,episode_000001,20,descent_to_grasp,263.04234076923734,46.98997899898167,258.811156851931,0.17864036208606124
original_P0_raw,episode_000001_000021,episode_000001,21,descent_to_grasp,254.04715238164778,44.17949706586103,250.17619325633632,0.17390274463494648
original_P0_raw,episode_000001_000022,episode_000001,22,descent_to_grasp,252.22063564885775,51.6929448264686,246.86653985966086,0.20495129073592397
original_P0_raw,episode_000001_000023,episode_000001,23,descent_to_grasp,260.45401143324085,57.11179938516137,254.1151991571064,0.21927786433729077
original_P0_raw,episode_000001_000024,episode_000001,24,descent_to_grasp,292.4976202613105,97.62897424117988,275.7234869341834,0.3337769864724385
original_P0_raw,episode_000001_000025,episode_000001,25,descent_to_grasp,317.6633624787187,123.40843373315023,292.7120946336459,0.3884880924579956
original_P0_raw,episode_000001_000026,episode_000001,26,descent_to_grasp,315.47152298586536,115.71985763107186,293.48116867163014,0.36681554181439274
original_P0_raw,episode_000001_000027,episode_000001,27,descent_to_grasp,312.4552898266412,111.80673719451126,291.7662791663352,0.3578327550688763
original_P0_raw,episode_000001_000028,episode_000001,28,grasp_close,295.70349747938087,65.40048700052851,288.3805380424135,0.22116913583373773
original_P0_raw,episode_000001_000029,episode_000001,29,grasp_close,296.8332991387985,65.47038403631552,289.52311875178606,0.2205628014992406
original_P0_raw,episode_000001_000030,episode_000001,30,grasp_close,309.25379916522814,69.53627518043898,301.334728719007,0.22485180575999045
original_P0_raw,episode_000001_000031,episode_000001,31,grasp_close,290.1816286223118,67.91310736926361,282.12264609093,0.23403655045873514
original_P0_raw,episode_000001_000032,episode_000001,32,grasp_close,282.9413916247015,65.14610301472915,275.3394565922527,0.23024592704746466
original_P0_raw,episode_000001_000033,episode_000001,33,grasp_close,282.0736873496763,64.99227339286577,274.4841880587476,0.2304088481400864
original_P0_raw,episode_000001_000034,episode_000001,34,grasp_close,281.60676353858054,65.7270738981843,273.828999610079,0.23340019633150463
original_P0_raw,episode_000001_000035,episode_000001,35,grasp_close,281.4657452532271,65.8757246600051,273.6482315884276,0.2340452640186766
original_P0_raw,episode_000001_000036,episode_000001,36,grasp_close,281.69790812376397,66.56557323470538,273.7201781039162,0.23630126924996475
original_P0_raw,episode_000001_000037,episode_000001,37,grasp_close,281.8898415463718,67.03437977598057,273.8033504088075,0.2378034604164804
original_P0_raw,episode_000001_000038,episode_000001,38,lift,283.92280040047194,66.47581134154028,276.03101835433307,0.23413340262837792
original_P0_raw,episode_000001_000039,episode_000001,39,lift,272.8963032332748,57.086124149081456,266.8587018405492,0.20918613947028664
original_P0_raw,episode_000001_000040,episode_000001,40,lift,261.8726758414069,45.96788511174623,257.8066172360435,0.1755352480515566
original_P0_raw,episode_000001_000041,episode_000001,41,lift,264.94220119813923,38.35459978849331,262.15128199339364,0.14476591352771884
original_P0_raw,episode_000001_000042,episode_000001,42,lift,262.3541383687168,40.98118132087987,259.1336271052774,0.1562055837033691
original_P0_raw,episode_000001_000043,episode_000001,43,lift,272.07894148604777,47.462511032143006,267.907186254292,0.17444389768980664
original_P0_raw,episode_000001_000044,episode_000001,44,lift,277.66521631351446,52.52803368372479,272.651385523258,0.18917758004090396
original_P0_raw,episode_000001_000045,episode_000001,45,lift,280.0322129887942,53.230395670590596,274.92647251247695,0.19008668717952343
original_P0_raw,episode_000002_000000,episode_000002,0,hold,335.4866264773581,101.92454450752537,319.6289470184011,0.3038110507645056
original_P0_raw,episode_000002_000001,episode_000002,1,hold,338.1605175101137,103.83265091901679,321.8249775978203,0.30705137218129364
original_P0_raw,episode_000002_000002,episode_000002,2,alignment,338.10476814370156,104.57391093016219,321.5262530405203,0.30929439860994834
original_P0_raw,episode_000002_000003,episode_000002,3,alignment,337.4926671516529,103.55991577757581,321.2112143516751,0.30685086183232835
original_P0_raw,episode_000002_000004,episode_000002,4,alignment,339.37872840464456,100.01547654154004,324.30668470711817,0.2947016656338302
original_P0_raw,episode_000002_000005,episode_000002,5,alignment,287.64090376255365,82.23378584127113,275.6354367340139,0.2858904445285528
original_P0_raw,episode_000002_000006,episode_000002,6,alignment,255.4138945142404,69.00256255455066,245.91645709841555,0.2701597839294662
original_P0_raw,episode_000002_000007,episode_000002,7,alignment,253.03550390137912,77.86122156669347,240.75837765437595,0.3077086826402036
original_P0_raw,episode_000002_000008,episode_000002,8,alignment,240.84126382900075,68.65388506984687,230.84877826743335,0.2850586480836261
original_P0_raw,episode_000002_000009,episode_000002,9,alignment,221.4001693646104,56.04671085807014,214.18870464305547,0.2531466485274916
original_P0_raw,episode_000002_000010,episode_000002,10,alignment,225.1786259633096,56.45676488366309,217.9863465669235,0.2507199102141342
original_P0_raw,episode_000002_000011,episode_000002,11,alignment,218.85345915799596,60.967269042073646,210.1899823754025,0.27857576150103164
original_P0_raw,episode_000002_000012,episode_000002,12,alignment,247.58710707085845,84.7353374462133,232.6355479620281,0.34224454758042944
original_P0_raw,episode_000002_000013,episode_000002,13,alignment,236.71103220851887,76.6563033798938,223.9551828410143,0.3238391665343558
original_P0_raw,episode_000002_000014,episode_000002,14,alignment,270.6993990364666,83.20430856938394,257.5950459038274,0.3073679101820809
original_P0_raw,episode_000002_000015,episode_000002,15,alignment,295.0094304564185,87.81327497355976,281.63698762172277,0.29766260298086417
original_P0_raw,episode_000002_000016,episode_000002,16,alignment,294.88712651341945,66.23623325893634,287.3520119766159,0.22461554711484538
original_P0_raw,episode_000002_000017,episode_000002,17,alignment,280.5148636198154,45.37643586601125,276.820461273623,0.16176125314881848
original_P0_raw,episode_000002_000018,episode_000002,18,alignment,259.27090553431685,27.940854921999154,257.7609572507296,0.10776702794483406
original_P0_raw,episode_000002_000019,episode_000002,19,alignment,251.25245586298377,27.99025900915069,249.68848987845087,0.11140292704010304
original_P0_raw,episode_000002_000020,episode_000002,20,alignment,250.0302533647864,28.47315566012807,248.40371777494272,0.11387884176794645
original_P0_raw,episode_000002_000021,episode_000002,21,descent_to_grasp,246.02740497268525,25.322584158291733,244.72076072360494,0.10292586779551298
original_P0_raw,episode_000002_000022,episode_000002,22,descent_to_grasp,254.82449918262336,20.874014188385885,253.96811003615764,0.08191525640329522
original_P0_raw,episode_000002_000023,episode_000002,23,descent_to_grasp,255.22821892170106,29.598003711479763,253.5062167092535,0.11596681525470286
original_P0_raw,episode_000002_000024,episode_000002,24,descent_to_grasp,283.26037569689277,46.734420446057754,279.37847874436557,0.1649874972137531
original_P0_raw,episode_000002_000025,episode_000002,25,descent_to_grasp,328.3167416103466,131.7034760022359,300.7425431005124,0.40114760933679233
original_P0_raw,episode_000002_000026,episode_000002,26,descent_to_grasp,330.20148185098907,121.92051781483909,306.86871126322177,0.3692306804057848
original_P0_raw,episode_000002_000027,episode_000002,27,descent_to_grasp,321.8094650004371,115.87480325092687,300.2238527089854,0.36007270094050675
original_P0_raw,episode_000002_000028,episode_000002,28,descent_to_grasp,325.98386797628825,115.73629559311743,304.7467671086351,0.35503688054138915
original_P0_raw,episode_000002_000029,episode_000002,29,grasp_close,286.95942947488066,57.0282171501806,281.23566028016586,0.19873268236746558
original_P0_raw,episode_000002_000030,episode_000002,30,grasp_close,302.0862241624844,56.29145083326514,296.79514718376527,0.18634232987396146
original_P0_raw,episode_000002_000031,episode_000002,31,grasp_close,287.71845469205334,53.82910990756202,282.6381716911974,0.18708952807763277
original_P0_raw,episode_000002_000032,episode_000002,32,grasp_close,282.96165134853374,49.74735539119347,278.5542976970046,0.17580953162419144
original_P0_raw,episode_000002_000033,episode_000002,33,grasp_close,274.89884877732675,47.63903121903241,270.73954229778036,0.1732965832011211
original_P0_raw,episode_000002_000034,episode_000002,34,grasp_close,275.4125531202602,46.474080241289876,271.4631361381252,0.1687435075662537
original_P0_raw,episode_000002_000035,episode_000002,35,grasp_close,278.3386525056113,48.331313291523664,274.1103603188979,0.1736421185359777
original_P0_raw,episode_000002_000036,episode_000002,36,grasp_close,279.6563100151039,49.94442631016701,275.1603278305435,0.17859216660432076
original_P0_raw,episode_000002_000037,episode_000002,37,grasp_close,275.7327805894989,48.7438535859503,271.3901306776062,0.17677932047738062
original_P0_raw,episode_000002_000038,episode_000002,38,grasp_close,280.2978979087926,50.97195930135694,275.62432936348114,0.18184923854813542
original_P0_raw,episode_000002_000039,episode_000002,39,lift,280.89704423962775,49.07255519829381,276.5773558859615,0.174699435984207
original_P0_raw,episode_000002_000040,episode_000002,40,lift,281.0534628832869,55.41243783099125,275.53676838548,0.1971597761597493
original_P0_raw,episode_000002_000041,episode_000002,41,lift,262.5033372561716,47.549987368121016,258.16080409682434,0.18114050611752017
original_P0_raw,episode_000002_000042,episode_000002,42,lift,250.22341788735557,36.2823109438802,247.5789828959675,0.1449996617031808
original_P0_raw,episode_000002_000043,episode_000002,43,lift,255.97436643071495,45.25043260330151,251.94299874935996,0.17677720325777047
original_P0_raw,episode_000002_000044,episode_000002,44,lift,260.3360673750929,45.11083004199638,256.39789583623934,0.17327921750081818
original_P0_raw,episode_000002_000045,episode_000002,45,lift,261.14777351844174,41.4634410540842,257.83510751950325,0.1587738639140882
original_P0_raw,episode_000002_000046,episode_000002,46,lift,264.541730674806,42.01429161752868,261.1840855953878,0.15881914551007345
original_P0_raw,episode_000003_000000,episode_000003,0,hold,268.80047775116583,71.60024892599301,259.0889831563489,0.266369500251688
original_P0_raw,episode_000003_000001,episode_000003,1,hold,278.9320501052853,76.16881878209581,268.33076532756667,0.2730730253240717
original_P0_raw,episode_000003_000002,episode_000003,2,alignment,285.34173004090513,79.38915478803197,274.0752907592705,0.2782248315963149
original_P0_raw,episode_000003_000003,episode_000003,3,alignment,292.66600628732033,81.77073707016763,281.0105652732141,0.27939950425909893
original_P0_raw,episode_000003_000004,episode_000003,4,alignment,318.3710389619088,90.34746664937043,305.28258011181407,0.2837804184198424
original_P0_raw,episode_000003_000005,episode_000003,5,alignment,321.191669715344,98.83236369532707,305.60800477233124,0.3077052520786645
original_P0_raw,episode_000003_000006,episode_000003,6,alignment,313.0748507048463,102.00571258010027,295.99104166323644,0.32581892908500315
original_P0_raw,episode_000003_000007,episode_000003,7,alignment,262.30250333164344,84.30749362980436,248.3844797323442,0.32141322541329226
original_P0_raw,episode_000003_000008,episode_000003,8,alignment,265.00673623434295,94.76283948517464,247.4844934582481,0.3575865309377523
original_P0_raw,episode_000003_000009,episode_000003,9,alignment,263.8964935707394,86.68872923764295,249.251727260001,0.3284951916741001
original_P0_raw,episode_000003_000010,episode_000003,10,alignment,273.41430608583016,89.73816876556795,258.26816265075814,0.32821314308768235
original_P0_raw,episode_000003_000011,episode_000003,11,alignment,291.39048657587284,95.35044041703028,275.34834152251995,0.32722564671720245
original_P0_raw,episode_000003_000012,episode_000003,12,alignment,291.03842423394286,89.41313224186993,276.96327583864684,0.3072210567289141
original_P0_raw,episode_000003_000013,episode_000003,13,alignment,285.2560214093225,81.88124987149703,273.2516398299511,0.2870447728568827
original_P0_raw,episode_000003_000014,episode_000003,14,alignment,286.62251628756064,79.6777102072318,275.3251338674792,0.27798831452338973
original_P0_raw,episode_000003_000015,episode_000003,15,alignment,308.6895364578433,95.32727059653435,293.60167131536105,0.3088127692645419
original_P0_raw,episode_000003_000016,episode_000003,16,alignment,303.3419669558256,91.65860350059764,289.1626693073458,0.302162620030566
original_P0_raw,episode_000003_000017,episode_000003,17,alignment,306.25321036348794,94.5060344224839,291.3067769820659,0.3085878979368606
original_P0_raw,episode_000003_000018,episode_000003,18,descent_to_grasp,301.65473430778843,92.81195861773591,287.0218093940635,0.3076761212805524
original_P0_raw,episode_000003_000019,episode_000003,19,descent_to_grasp,295.85542325649556,88.89479700281028,282.1845965606721,0.30046701873618126
original_P0_raw,episode_000003_000020,episode_000003,20,descent_to_grasp,294.55922171224074,85.40604852795151,281.9059097829667,0.28994525457901277
original_P0_raw,episode_000003_000021,episode_000003,21,descent_to_grasp,302.9566451853535,92.3858088538398,288.52658661618335,0.3049472930270823
original_P0_raw,episode_000003_000022,episode_000003,22,descent_to_grasp,295.7398923614136,98.19377013709828,278.9624839296553,0.33202747641870056
original_P0_raw,episode_000003_000023,episode_000003,23,descent_to_grasp,344.25158865326483,139.70218649234903,314.63066503370834,0.4058142100051689
original_P0_raw,episode_000003_000024,episode_000003,24,descent_to_grasp,331.9800274206728,123.5937655420313,308.11575702221404,0.3722927746656815
original_P0_raw,episode_000003_000025,episode_000003,25,descent_to_grasp,335.744946588325,123.82898076365352,312.0753958302896,0.36881859882611107
original_P0_raw,episode_000003_000026,episode_000003,26,grasp_close,317.78042570513793,78.00512802844828,308.0577851030616,0.24546863720557688
original_P0_raw,episode_000003_000027,episode_000003,27,grasp_close,309.7370510433413,77.08642096125408,299.9912073584987,0.24887697710554954
original_P0_raw,episode_000003_000028,episode_000003,28,grasp_close,289.9763201869288,67.22854421078783,282.0755025032312,0.23184149715207775
original_P0_raw,episode_000003_000029,episode_000003,29,grasp_close,287.3712513680839,65.92364178837417,279.7075429197729,0.22940235487903712
original_P0_raw,episode_000003_000030,episode_000003,30,grasp_close,285.2321122126447,65.40152313891846,277.63284857594977,0.22929228631228124
original_P0_raw,episode_000003_000031,episode_000003,31,grasp_close,288.5437975766131,66.28398907106313,280.82727060020477,0.22971898764680135
original_P0_raw,episode_000003_000032,episode_000003,32,grasp_close,287.847999150707,65.1463655790884,280.37906781159893,0.22632210670667222
original_P0_raw,episode_000003_000033,episode_000003,33,grasp_close,287.699433694419,64.67322762665235,280.3361157190429,0.2247944210253304
original_P0_raw,episode_000003_000034,episode_000003,34,grasp_close,287.60219938207547,65.12324503021293,280.132090354072,0.2264351426036823
original_P0_raw,episode_000003_000035,episode_000003,35,grasp_close,286.61287590912076,64.62777062231673,279.2314307188327,0.22548802253674363
original_P0_raw,episode_000003_000036,episode_000003,36,lift,287.7928471985292,67.19530298702928,279.83837148453625,0.23348496545737876
original_P0_raw,episode_000003_000037,episode_000003,37,lift,283.3860154309687,61.35577948359582,276.66424067053117,0.21650955284538997
original_P0_raw,episode_000003_000038,episode_000003,38,lift,272.67913112429864,56.317035870092596,266.8001124840639,0.20653225510103637
original_P0_raw,episode_000003_000039,episode_000003,39,lift,243.64112539816844,38.00055105091794,240.65941931516542,0.15596936267970304
original_P0_raw,episode_000003_000040,episode_000003,40,lift,255.65889099773102,41.33681607843463,252.29493887648118,0.161687379293222
original_P0_raw,episode_000003_000041,episode_000003,41,lift,262.4600155955496,35.03276408427015,260.11144770469446,0.13347848054027237
original_P0_raw,episode_000003_000042,episode_000003,42,lift,257.0078018378541,33.99579056673908,254.74947778016758,0.13227532519883184
original_P0_raw,episode_000003_000043,episode_000003,43,lift,255.18018261980419,33.95327955381842,252.91125006495238,0.13305609865639836
original_P0_raw,episode_000004_000000,episode_000004,0,hold,218.32766732126845,58.88718625919471,210.2362233593949,0.2697193030168843
original_P0_raw,episode_000004_000001,episode_000004,1,hold,221.6458278438825,61.45547520062846,212.955623472274,0.2772688112311998
original_P0_raw,episode_000004_000002,episode_000004,2,alignment,220.7739958121521,60.69117209759184,212.26808251898035,0.2749018147464775
original_P0_raw,episode_000004_000003,episode_000004,3,alignment,220.26423717574818,60.24985780010946,211.86384498937247,0.27353445376625657
original_P0_raw,episode_000004_000004,episode_000004,4,alignment,221.21373916442008,60.34069916115015,212.82508879323333,0.27277102854945695
original_P0_raw,episode_000004_000005,episode_000004,5,alignment,214.11666714483667,59.078321238706806,205.8050026331453,0.2759164992921545
original_P0_raw,episode_000004_000006,episode_000004,6,alignment,208.68843871309772,57.01751810881042,200.74826794077657,0.2732183845948332
original_P0_raw,episode_000004_000007,episode_000004,7,alignment,237.92475270758752,63.86670477936342,229.19256526247162,0.2684323680178682
original_P0_raw,episode_000004_000008,episode_000004,8,alignment,237.3362086790997,54.754911664597614,230.93370390389376,0.2307061024077926
original_P0_raw,episode_000004_000009,episode_000004,9,alignment,244.4974372596839,51.17153117351651,239.08256152197904,0.20929270976025227
original_P0_raw,episode_000004_000010,episode_000004,10,alignment,250.02788928378186,63.75429494447177,241.7629733764796,0.25498873396523614
original_P0_raw,episode_000004_000011,episode_000004,11,alignment,250.0164235108577,79.01536263987393,237.2019909108053,0.316040688568775
original_P0_raw,episode_000004_000012,episode_000004,12,alignment,253.61676810909782,81.92490122866003,240.02036502092525,0.3230263591775547
original_P0_raw,episode_000004_000013,episode_000004,13,alignment,304.4279574034216,98.38638069934586,288.09113374365216,0.3231844457996552
original_P0_raw,episode_000004_000014,episode_000004,14,alignment,306.93822678650565,85.09610227916957,294.90630450998754,0.27724178630366275
original_P0_raw,episode_000004_000015,episode_000004,15,alignment,316.2830969237177,67.9276242769039,308.9026307103156,0.21476843036378554
original_P0_raw,episode_000004_000016,episode_000004,16,alignment,287.8842796490466,52.12001070039196,283.12693788059363,0.18104500448558816
original_P0_raw,episode_000004_000017,episode_000004,17,alignment,278.9977998486433,42.88789262091388,275.68170230706386,0.15372125745859153
original_P0_raw,episode_000004_000018,episode_000004,18,alignment,278.36693772692576,44.47780004823757,274.79060632113163,0.15978118813761458
original_P0_raw,episode_000004_000019,episode_000004,19,descent_to_grasp,281.5014974613313,45.245980630636055,277.84149133947585,0.16073087013276477
original_P0_raw,episode_000004_000020,episode_000004,20,descent_to_grasp,278.4323775627845,37.19125983460421,275.9373100310647,0.13357376092591045
original_P0_raw,episode_000004_000021,episode_000004,21,descent_to_grasp,292.01548731088934,40.854737250671974,289.1434510300981,0.13990606329443298
original_P0_raw,episode_000004_000022,episode_000004,22,descent_to_grasp,303.5911004438409,75.17759283554014,294.1358288344962,0.24762778858020804
original_P0_raw,episode_000004_000023,episode_000004,23,descent_to_grasp,313.5887601665843,105.06427564336879,295.4647330669935,0.33503839738247204
original_P0_raw,episode_000004_000024,episode_000004,24,descent_to_grasp,329.36897860905515,111.7847161424359,309.81946566819727,0.3393905419220396
original_P0_raw,episode_000004_000025,episode_000004,25,descent_to_grasp,309.5639539995223,95.39062328935606,294.5003745401464,0.3081451249634292
original_P0_raw,episode_000004_000026,episode_000004,26,descent_to_grasp,309.3787924311533,95.91882467687837,294.1340107481025,0.3100368448759247
original_P0_raw,episode_000004_000027,episode_000004,27,grasp_close,299.0982652108545,66.00096059846533,291.72529107402136,0.2206664774599639
original_P0_raw,episode_000004_000028,episode_000004,28,grasp_close,308.8509045667942,62.03812888814158,302.55603086996194,0.20086756415740006
original_P0_raw,episode_000004_000029,episode_000004,29,grasp_close,294.86084012038,53.47715797046169,289.9708754545852,0.1813640561718168
original_P0_raw,episode_000004_000030,episode_000004,30,grasp_close,290.658383322697,48.462578998722705,286.58973155463264,0.16673380772547067
original_P0_raw,episode_000004_000031,episode_000004,31,grasp_close,289.7601357939438,48.10292557225001,285.73947022894004,0.1660094665556662
original_P0_raw,episode_000004_000032,episode_000004,32,grasp_close,290.66343650516626,47.951430751215725,286.6808218383367,0.1649723519675081
original_P0_raw,episode_000004_000033,episode_000004,33,grasp_close,289.5661047390419,47.120526682499516,285.70646646323155,0.16272804693410065
original_P0_raw,episode_000004_000034,episode_000004,34,grasp_close,291.0966318776617,48.59288993160217,287.01216026261693,0.16693044374358876
original_P0_raw,episode_000004_000035,episode_000004,35,grasp_close,292.0677220995766,49.767701713706764,287.7963345120487,0.17039781512295676
original_P0_raw,episode_000004_000036,episode_000004,36,grasp_close,289.4889267597272,48.54042068731699,285.3903752336385,0.16767626047266754
original_P0_raw,episode_000004_000037,episode_000004,37,lift,288.38214862227676,48.8624346232171,284.2124665223057,0.16943640532763063
original_P0_raw,episode_000004_000038,episode_000004,38,lift,292.3862854065838,50.82388777650571,287.935187716162,0.17382445864665472
original_P0_raw,episode_000004_000039,episode_000004,39,lift,252.53660270151448,28.95547634410661,250.87111450645023,0.11465853280021558
original_P0_raw,episode_000004_000040,episode_000004,40,lift,244.97563242118636,22.417507744627052,243.94777274383918,0.09150913306383328
original_P0_raw,episode_000004_000041,episode_000004,41,lift,260.42677708140513,42.26631400426209,256.97405495789064,0.1622963447842782
original_P0_raw,episode_000004_000042,episode_000004,42,lift,243.24987322429106,41.57821122440696,239.67009236659518,0.17092798723092997
original_P0_raw,episode_000004_000043,episode_000004,43,lift,241.91980490972114,35.59555389719397,239.28674963380126,0.1471378249105211
original_P0_raw,episode_000004_000044,episode_000004,44,lift,242.26268825156802,35.027568543542344,239.7170823299914,0.14458507331995493
original_P0_raw,episode_000005_000000,episode_000005,0,hold,256.5738951126469,60.51166924795025,249.33612160716345,0.2358449959275204
original_P0_raw,episode_000005_000001,episode_000005,1,hold,261.29716759354625,62.2018314713223,253.78562203959274,0.23805015585962525
original_P0_raw,episode_000005_000002,episode_000005,2,alignment,262.0877563386204,62.83532148852736,254.4439317335854,0.23974916786018574
original_P0_raw,episode_000005_000003,episode_000005,3,alignment,261.9376855422143,62.54110164835055,254.36187157634816,0.23876328264445676
original_P0_raw,episode_000005_000004,episode_000005,4,alignment,265.5834121664462,61.56153827238753,258.35000643218456,0.2317973768399577
original_P0_raw,episode_000005_000005,episode_000005,5,alignment,277.0916752773172,80.0702661671745,265.27070886908723,0.28896669698589483
original_P0_raw,episode_000005_000006,episode_000005,6,alignment,270.6701607151605,79.59602324320662,258.70216269957564,0.2940701813339869
original_P0_raw,episode_000005_000007,episode_000005,7,alignment,283.0566733104898,92.63717350670912,267.4685671070327,0.32727429607389535
original_P0_raw,episode_000005_000008,episode_000005,8,alignment,274.21456017898373,77.01636223110656,263.17694610820394,0.28086168065195694
original_P0_raw,episode_000005_000009,episode_000005,9,alignment,269.44978218537705,82.97266814968674,256.3566294439625,0.30793369909871704
original_P0_raw,episode_000005_000010,episode_000005,10,alignment,288.4843477237874,93.13827763345927,273.0356755464233,0.32285383372908527
original_P0_raw,episode_000005_000011,episode_000005,11,alignment,289.5344817012424,98.11760608949676,272.4025540799377,0.33888055582526405
original_P0_raw,episode_000005_000012,episode_000005,12,alignment,310.79761785232927,108.02180467979848,291.4214284784185,0.34756316803922027
original_P0_raw,episode_000005_000013,episode_000005,13,alignment,317.78041475440835,107.96375604046422,298.87826850261115,0.3397432661918524
original_P0_raw,episode_000005_000014,episode_000005,14,alignment,313.1034771509963,107.68963678169858,294.00124070124315,0.3439426408214704
original_P0_raw,episode_000005_000015,episode_000005,15,alignment,312.06034369422224,106.16154425774846,293.44741373432856,0.3401955628228516
original_P0_raw,episode_000005_000016,episode_000005,16,alignment,316.1959658413251,108.57407497244232,296.970636693608,0.34337590197759654
original_P0_raw,episode_000005_000017,episode_000005,17,descent_to_grasp,312.86777775107845,107.04317150064314,293.9864040903629,0.3421354933706469
original_P0_raw,episode_000005_000018,episode_000005,18,descent_to_grasp,312.3453891771075,113.35012567275787,291.0522137867512,0.3628999485837954
original_P0_raw,episode_000005_000019,episode_000005,19,descent_to_grasp,341.5183578881782,122.46932138794828,318.80409986920364,0.35860245447785816
original_P0_raw,episode_000005_000020,episode_000005,20,descent_to_grasp,321.5484780637618,116.48752505274783,299.70665700348894,0.3622704910755286
original_P0_raw,episode_000005_000021,episode_000005,21,descent_to_grasp,307.3605861477684,80.48969220691714,296.63435297607646,0.26187382453851926
original_P0_raw,episode_000005_000022,episode_000005,22,descent_to_grasp,313.4483810653773,118.85924874218875,290.0385605069583,0.3791987961086255
original_P0_raw,episode_000005_000023,episode_000005,23,descent_to_grasp,335.36319334611323,136.01441699035064,306.54290045942594,0.40557347881040806
original_P0_raw,episode_000005_000024,episode_000005,24,descent_to_grasp,335.5821343159063,131.67931954800792,308.6679861524233,0.39239073264862556
original_P0_raw,episode_000005_000025,episode_000005,25,grasp_close,275.49866824069915,55.47263254895191,269.85607875400507,0.20135354157315302
original_P0_raw,episode_000005_000026,episode_000005,26,grasp_close,267.28350299255186,50.621589656699825,262.44604327861026,0.18939286970550687
original_P0_raw,episode_000005_000027,episode_000005,27,grasp_close,265.68834588168886,49.58295658119745,261.0207416164758,0.1866207432495995
original_P0_raw,episode_000005_000028,episode_000005,28,grasp_close,250.44653149985805,50.661272575341854,245.2690371843872,0.2022837859719793
original_P0_raw,episode_000005_000029,episode_000005,29,grasp_close,248.82648553884377,49.18800914341787,243.9162964258835,0.197679957729979
original_P0_raw,episode_000005_000030,episode_000005,30,grasp_close,247.8409308253455,48.92283584859628,242.964365957037,0.19739611082671568
original_P0_raw,episode_000005_000031,episode_000005,31,grasp_close,249.6624300429015,49.69387860869925,244.6668089540356,0.19904427991091794
original_P0_raw,episode_000005_000032,episode_000005,32,grasp_close,247.84809854351002,51.22975675017875,242.49575661225697,0.2066982036627782
original_P0_raw,episode_000005_000033,episode_000005,33,grasp_close,249.68740017785285,49.59661875828451,244.7120209865478,0.19863484790564814
original_P0_raw,episode_000005_000034,episode_000005,34,grasp_close,249.57310295257065,51.771967103175754,244.14421381560965,0.20744209408260872
original_P0_raw,episode_000005_000035,episode_000005,35,lift,250.7073433370233,50.91598486631246,245.48265618613777,0.20308932394479817
original_P0_raw,episode_000005_000036,episode_000005,36,lift,238.51105027066137,44.5111003662045,234.32089758577578,0.18662070506038814
original_P0_raw,episode_000005_000037,episode_000005,37,lift,231.7437426868566,29.44387205067558,229.86565788124037,0.12705357956724456
original_P0_raw,episode_000005_000038,episode_000005,38,lift,251.58426710001783,50.99586537551953,246.3616552283553,0.20269894442662434
original_P0_raw,episode_000005_000039,episode_000005,39,lift,247.9212720177708,45.50383462838232,243.70957747495754,0.18354146966913207
original_P0_raw,episode_000005_000040,episode_000005,40,lift,262.2630007709332,46.884973643013154,258.03813830491896,0.17877082739537328
original_P0_raw,episode_000005_000041,episode_000005,41,lift,274.34239353302183,49.287742784677086,269.8786158639082,0.179657770532444
original_P0_raw,episode_000005_000042,episode_000005,42,lift,274.3035065079733,55.84049435526985,268.55958905376815,0.20357193047273972
aligned_P4_raw,episode_000001_000000,episode_000001,0,hold,179.16054278885244,20.8942554879551,177.9379953242148,0.11662308654969739
aligned_P4_raw,episode_000001_000001,episode_000001,1,hold,186.53192828845084,21.867452183670103,185.24571467648764,0.1172316845931841
aligned_P4_raw,episode_000001_000002,episode_000001,2,alignment,189.05604451390982,22.095690317718503,187.76040167359287,0.11687375759145754
aligned_P4_raw,episode_000001_000003,episode_000001,3,alignment,189.32940153287464,21.699287176861187,188.08179928109095,0.11461129122670037
aligned_P4_raw,episode_000001_000004,episode_000001,4,alignment,159.86474696409246,16.884445290535155,158.97060366345798,0.10561706449469815
aligned_P4_raw,episode_000001_000005,episode_000001,5,alignment,157.21883570064762,13.910130941036703,156.60226868174817,0.08847623682649754
aligned_P4_raw,episode_000001_000006,episode_000001,6,alignment,156.1606743141928,15.4328904020612,155.39621004420076,0.09882699642427563
aligned_P4_raw,episode_000001_000007,episode_000001,7,alignment,170.60897714727122,17.366577414257787,169.72278890046766,0.10179169762718171
aligned_P4_raw,episode_000001_000008,episode_000001,8,alignment,210.25356174135632,27.23525028932495,208.4821368045813,0.12953526239345436
aligned_P4_raw,episode_000001_000009,episode_000001,9,alignment,170.48867174611925,15.130180842674104,169.81597339892375,0.08874595999671459
aligned_P4_raw,episode_000001_000010,episode_000001,10,alignment,169.5764418470311,15.245113149063465,168.88977516289071,0.0899011264950089
aligned_P4_raw,episode_000001_000011,episode_000001,11,alignment,168.53333148701944,13.53034543520053,167.9893257755317,0.08028290496496028
aligned_P4_raw,episode_000001_000012,episode_000001,12,alignment,170.289405921781,15.66760259448137,169.56711944871418,0.09200573875792348
aligned_P4_raw,episode_000001_000013,episode_000001,13,alignment,185.10582941610488,24.097844652381582,183.5305477759324,0.13018414778397563
aligned_P4_raw,episode_000001_000014,episode_000001,14,alignment,194.99233222903507,21.194189236680863,193.83708615927486,0.1086924239245802
aligned_P4_raw,episode_000001_000015,episode_000001,15,alignment,174.9988998804384,16.15969903750167,174.2511953657164,0.0923417178538962
aligned_P4_raw,episode_000001_000016,episode_000001,16,alignment,179.16295458068066,16.71959070742225,178.38110768984288,0.093320579282438
aligned_P4_raw,episode_000001_000017,episode_000001,17,alignment,173.41452180934283,14.520563079565795,172.80552543890312,0.08373325906079619
aligned_P4_raw,episode_000001_000018,episode_000001,18,alignment,184.2924244159066,16.786541930068992,183.5263188404396,0.09108644581171464
aligned_P4_raw,episode_000001_000019,episode_000001,19,alignment,187.2601949485624,16.47883830486698,186.53371947263489,0.0879996857281574
aligned_P4_raw,episode_000001_000020,episode_000001,20,descent_to_grasp,188.3293229401282,17.07575740129248,187.5535987078342,0.09066966914504884
aligned_P4_raw,episode_000001_000021,episode_000001,21,descent_to_grasp,186.48851744155417,15.584778314537997,185.8361693062886,0.08356964025638895
aligned_P4_raw,episode_000001_000022,episode_000001,22,descent_to_grasp,183.6014022504245,19.173949931356265,182.5974658979473,0.10443248088706758
aligned_P4_raw,episode_000001_000023,episode_000001,23,descent_to_grasp,197.177714004472,23.663863057886353,195.75257976641572,0.12001286847939446
aligned_P4_raw,episode_000001_000024,episode_000001,24,descent_to_grasp,198.26620668592346,37.652682297438055,194.6580700341846,0.18990973261058172
aligned_P4_raw,episode_000001_000025,episode_000001,25,descent_to_grasp,197.59744776257813,38.989478915575184,193.71260128390387,0.19731772528976552
aligned_P4_raw,episode_000001_000026,episode_000001,26,descent_to_grasp,202.66944796976563,41.20348587865327,198.43683602551508,0.20330388369538577
aligned_P4_raw,episode_000001_000027,episode_000001,27,descent_to_grasp,205.83434541803226,40.87427063437915,201.73515249895678,0.1985784760622283
aligned_P4_raw,episode_000001_000028,episode_000001,28,grasp_close,180.40734722480846,17.078275916322905,179.5971698675081,0.09466507977106606
aligned_P4_raw,episode_000001_000029,episode_000001,29,grasp_close,181.89891593324754,17.110936463270626,181.09232858141885,0.09406838064691887
aligned_P4_raw,episode_000001_000030,episode_000001,30,grasp_close,181.58044458825734,16.76258869361096,180.80507038564494,0.09231494466059362
aligned_P4_raw,episode_000001_000031,episode_000001,31,grasp_close,190.91852289035126,16.796000689697372,190.17827621330798,0.08797470478725465
aligned_P4_raw,episode_000001_000032,episode_000001,32,grasp_close,188.0367150918682,16.6601091781302,187.29721563523893,0.0886002989894322
aligned_P4_raw,episode_000001_000033,episode_000001,33,grasp_close,188.32134641690402,16.60919750171441,187.5874837898963,0.08819604265649802
aligned_P4_raw,episode_000001_000034,episode_000001,34,grasp_close,189.13177407099502,16.85249720413736,188.37946093251898,0.08910452665563949
aligned_P4_raw,episode_000001_000035,episode_000001,35,grasp_close,189.4662247800719,17.04071365627415,188.69834236287718,0.08994064074509651
aligned_P4_raw,episode_000001_000036,episode_000001,36,grasp_close,185.8177376251504,16.72041126995183,185.06393344758698,0.08998285892212221
aligned_P4_raw,episode_000001_000037,episode_000001,37,grasp_close,186.4788402416695,16.556953589586342,185.74236228095728,0.08878730459782547
aligned_P4_raw,episode_000001_000038,episode_000001,38,lift,187.60774345930173,16.57082660506089,186.8744849130458,0.08832698639998111
aligned_P4_raw,episode_000001_000039,episode_000001,39,lift,185.46309224560713,16.071988510938777,184.76539116026797,0.08665868942622171
aligned_P4_raw,episode_000001_000040,episode_000001,40,lift,187.91097993937674,17.09964259687703,187.1313405200634,0.09099863457895681
aligned_P4_raw,episode_000001_000041,episode_000001,41,lift,214.51186434475915,36.775673850473645,211.33596418382731,0.17143888037525293
aligned_P4_raw,episode_000001_000042,episode_000001,42,lift,209.74738151170402,49.549944764951164,203.81061558419032,0.23623629724400755
aligned_P4_raw,episode_000001_000043,episode_000001,43,lift,215.6836121076429,50.576978378861874,209.66971595789482,0.23449615798172013
aligned_P4_raw,episode_000001_000044,episode_000001,44,lift,233.66748274656558,65.04265179372011,224.43249751485948,0.2783555975748025
aligned_P4_raw,episode_000001_000045,episode_000001,45,lift,236.5733344456746,65.4502491282944,227.3394102653326,0.2766594522652089
aligned_P4_raw,episode_000002_000000,episode_000002,0,hold,139.47608693949226,16.40681867063848,138.5077439317441,0.11763176778651749
aligned_P4_raw,episode_000002_000001,episode_000002,1,hold,139.00512219251212,16.68030465388219,138.0006935939414,0.11999776980003056
aligned_P4_raw,episode_000002_000002,episode_000002,2,alignment,136.98622032025122,16.026066563568698,136.04554291901104,0.11699035513281843
aligned_P4_raw,episode_000002_000003,episode_000002,3,alignment,139.0710208749085,16.121795870215813,138.13340126525637,0.11592491209737386
aligned_P4_raw,episode_000002_000004,episode_000002,4,alignment,136.82220099356047,16.7460575475303,135.79353534442302,0.12239283848619312
aligned_P4_raw,episode_000002_000005,episode_000002,5,alignment,129.7265344151015,12.590941276148223,129.11406557433278,0.09705756291815738
aligned_P4_raw,episode_000002_000006,episode_000002,6,alignment,126.91342999012527,12.782110721558421,126.26811298724729,0.10071519399131326
aligned_P4_raw,episode_000002_000007,episode_000002,7,alignment,128.99970224264115,12.794181539156693,128.36367125255174,0.0991799307807049
aligned_P4_raw,episode_000002_000008,episode_000002,8,alignment,134.1362803122425,14.542461082788384,133.34563555534945,0.10841556847212727
aligned_P4_raw,episode_000002_000009,episode_000002,9,alignment,114.63173497491178,8.193910124611367,114.33850838728046,0.0714802940599711
aligned_P4_raw,episode_000002_000010,episode_000002,10,alignment,139.349562974593,13.584033166679257,138.6858851654941,0.09748170626954872
aligned_P4_raw,episode_000002_000011,episode_000002,11,alignment,162.85807116042514,21.628476894964937,161.41548974400837,0.13280568006764348
aligned_P4_raw,episode_000002_000012,episode_000002,12,alignment,151.59887268920403,18.26802394206684,150.49417763451703,0.12050237325655114
aligned_P4_raw,episode_000002_000013,episode_000002,13,alignment,166.40707541125894,21.41044059930307,165.02396123070167,0.1286630424000256
aligned_P4_raw,episode_000002_000014,episode_000002,14,alignment,173.83674115446578,26.110075952570657,171.86470408130847,0.150198834717973
aligned_P4_raw,episode_000002_000015,episode_000002,15,alignment,166.54100853420343,14.078919148462353,165.9448449310815,0.08453725164976943
aligned_P4_raw,episode_000002_000016,episode_000002,16,alignment,171.83606677019895,14.589438950195907,171.2156012580944,0.08490324077137287
aligned_P4_raw,episode_000002_000017,episode_000002,17,alignment,176.6702827512201,12.829168015253671,176.20386277103137,0.07261644581912614
aligned_P4_raw,episode_000002_000018,episode_000002,18,alignment,166.9279944950799,12.673276511033805,166.4462177660529,0.07592061804473031
aligned_P4_raw,episode_000002_000019,episode_000002,19,alignment,161.31715056751904,12.002221093430729,160.8700399578741,0.07440139533339463
aligned_P4_raw,episode_000002_000020,episode_000002,20,alignment,160.8302306579377,11.95784385546899,160.38507743494614,0.07435072253861011
aligned_P4_raw,episode_000002_000021,episode_000002,21,descent_to_grasp,162.1314414218447,12.69346825177184,161.63378409622885,0.07829121939861809
aligned_P4_raw,episode_000002_000022,episode_000002,22,descent_to_grasp,170.7374420565952,13.136872756789765,170.23130350849434,0.0769419560147517
aligned_P4_raw,episode_000002_000023,episode_000002,23,descent_to_grasp,205.77421708950442,21.54423723829166,204.64328540320764,0.1046984289043398
aligned_P4_raw,episode_000002_000024,episode_000002,24,descent_to_grasp,220.46168218936313,35.175750436456305,217.63735868410987,0.15955493982960034
aligned_P4_raw,episode_000002_000025,episode_000002,25,descent_to_grasp,218.74315987207873,52.87413058758653,212.2566755261861,0.24171786957136115
aligned_P4_raw,episode_000002_000026,episode_000002,26,descent_to_grasp,233.49639719875213,57.91857799484621,226.19904028941488,0.2480491291929696
aligned_P4_raw,episode_000002_000027,episode_000002,27,descent_to_grasp,220.8269305440554,47.183533803375546,215.72725231489594,0.21366748017159232
aligned_P4_raw,episode_000002_000028,episode_000002,28,descent_to_grasp,219.91276470017664,47.526631766373235,214.71572683671502,0.21611583952923247
aligned_P4_raw,episode_000002_000029,episode_000002,29,grasp_close,195.30977745931415,23.707645549747294,193.8655635065041,0.12138483724751538
aligned_P4_raw,episode_000002_000030,episode_000002,30,grasp_close,197.9618297838979,26.32743060455855,196.2033446431307,0.1329924593710742
aligned_P4_raw,episode_000002_000031,episode_000002,31,grasp_close,206.22202348726455,38.4865956691203,202.59887690948224,0.18662699074668462
aligned_P4_raw,episode_000002_000032,episode_000002,32,grasp_close,211.34046462540522,40.138424479370464,207.4938526038688,0.189923044555214
aligned_P4_raw,episode_000002_000033,episode_000002,33,grasp_close,210.85630571456514,37.72392439510815,207.45430144450202,0.17890821081810468
aligned_P4_raw,episode_000002_000034,episode_000002,34,grasp_close,209.17006530758522,38.38386454756553,205.61808082747393,0.18350553407879822
aligned_P4_raw,episode_000002_000035,episode_000002,35,grasp_close,209.40017991950538,36.918592748317046,206.11999626383934,0.17630640414210133
aligned_P4_raw,episode_000002_000036,episode_000002,36,grasp_close,210.704972362605,40.122600469455875,206.84961278642643,0.1904207576098791
aligned_P4_raw,episode_000002_000037,episode_000002,37,grasp_close,211.44681400135994,38.319802861134015,207.9455406110204,0.1812266741502549
aligned_P4_raw,episode_000002_000038,episode_000002,38,grasp_close,208.5164056183818,38.44278314727561,204.9420499455909,0.18436335037173057
aligned_P4_raw,episode_000002_000039,episode_000002,39,lift,207.84862733212876,35.98743383781252,204.7094440655321,0.1731425138560425
aligned_P4_raw,episode_000002_000040,episode_000002,40,lift,206.30676890062358,32.87505474521663,203.67060089692453,0.15935034473373144
aligned_P4_raw,episode_000002_000041,episode_000002,41,lift,180.26267433925756,27.118163639706037,178.21121446404922,0.15043693176696785
aligned_P4_raw,episode_000002_000042,episode_000002,42,lift,165.10312979430392,17.534194365511492,164.1694109626615,0.10620146563760915
aligned_P4_raw,episode_000002_000043,episode_000002,43,lift,171.68078657111892,26.32682074299036,169.65020184852284,0.15334750771359293
aligned_P4_raw,episode_000002_000044,episode_000002,44,lift,175.58837732707087,23.88247803043108,173.95661957936466,0.13601400271468345
aligned_P4_raw,episode_000002_000045,episode_000002,45,lift,178.2151355565928,24.356667646851676,176.54287661244098,0.1366700284506258
aligned_P4_raw,episode_000002_000046,episode_000002,46,lift,179.8460715524195,25.307395494329132,178.05657860952962,0.14071697688961096
aligned_P4_raw,episode_000003_000000,episode_000003,0,hold,155.18291400359902,14.99696561944426,154.45655641913558,0.0966405722932645
aligned_P4_raw,episode_000003_000001,episode_000003,1,hold,158.5796078642112,15.529610730967487,157.81737300092033,0.09792943077690801
aligned_P4_raw,episode_000003_000002,episode_000003,2,alignment,157.9181829973976,15.235208410947884,157.1815540891314,0.09647532742444834
aligned_P4_raw,episode_000003_000003,episode_000003,3,alignment,159.28028870747738,15.895384981788874,158.48516368107795,0.09979505380594321
aligned_P4_raw,episode_000003_000004,episode_000003,4,alignment,163.1298287228827,15.764362829395083,162.3663323590831,0.09663691154960287
aligned_P4_raw,episode_000003_000005,episode_000003,5,alignment,143.89312799972362,13.03011697040081,143.30194812800877,0.09055412966229935
aligned_P4_raw,episode_000003_000006,episode_000003,6,alignment,150.69492894519533,12.79417039875869,150.1508268828547,0.08490113428708453
aligned_P4_raw,episode_000003_000007,episode_000003,7,alignment,169.69962924452292,17.52728728198806,168.79205658520544,0.10328418135040654
aligned_P4_raw,episode_000003_000008,episode_000003,8,alignment,167.89698288681853,18.942644494003762,166.8249773926867,0.11282301902216574
aligned_P4_raw,episode_000003_000009,episode_000003,9,alignment,162.7364949978347,24.20579163391304,160.92621432058814,0.1487422451505737
aligned_P4_raw,episode_000003_000010,episode_000003,10,alignment,170.39746140173358,23.85772520726257,168.71900841366403,0.14001221034047545
aligned_P4_raw,episode_000003_000011,episode_000003,11,alignment,188.54224213447787,26.444169971003046,186.67855512522263,0.14025594302703648
aligned_P4_raw,episode_000003_000012,episode_000003,12,alignment,203.99911670319617,34.0385115942719,201.13930333013204,0.16685617145977868
aligned_P4_raw,episode_000003_000013,episode_000003,13,alignment,173.65789582281047,20.914738096085,172.39384708271427,0.1204364362299142
aligned_P4_raw,episode_000003_000014,episode_000003,14,alignment,173.86373782970597,22.721219727031528,172.37269362121333,0.13068406333979915
aligned_P4_raw,episode_000003_000015,episode_000003,15,alignment,191.52433837306515,34.04225127403265,188.4746596161828,0.17774373514724096
aligned_P4_raw,episode_000003_000016,episode_000003,16,alignment,194.4270728320837,34.69371190791123,191.30664652359374,0.17844074594423556
aligned_P4_raw,episode_000003_000017,episode_000003,17,alignment,198.1485909413346,36.28653524562407,194.79771931905267,0.18312789948815406
aligned_P4_raw,episode_000003_000018,episode_000003,18,descent_to_grasp,195.4534764541512,35.08663265063997,192.2784170603983,0.17951398607571184
aligned_P4_raw,episode_000003_000019,episode_000003,19,descent_to_grasp,210.41390006431067,42.16460532262825,206.14595654113788,0.20038887787233212
aligned_P4_raw,episode_000003_000020,episode_000003,20,descent_to_grasp,221.56282694653004,48.15917653647495,216.2655312338669,0.21736126587740845
aligned_P4_raw,episode_000003_000021,episode_000003,21,descent_to_grasp,211.77835864396346,45.16410030747139,206.90644560609482,0.2132611688779785
aligned_P4_raw,episode_000003_000022,episode_000003,22,descent_to_grasp,233.54498391118463,60.800523525914215,225.49180882916843,0.26033752687677586
aligned_P4_raw,episode_000003_000023,episode_000003,23,descent_to_grasp,231.23007297573295,62.38199287608047,222.65631276290245,0.26978321666069494
aligned_P4_raw,episode_000003_000024,episode_000003,24,descent_to_grasp,226.79675600093202,58.51880468910306,219.11713312816255,0.2580231116218548
aligned_P4_raw,episode_000003_000025,episode_000003,25,descent_to_grasp,232.75415842150704,60.64061252526631,224.71585252283495,0.2605350337734846
aligned_P4_raw,episode_000003_000026,episode_000003,26,grasp_close,196.40190461453741,26.002654157997494,194.6729824936101,0.1323951221808712
aligned_P4_raw,episode_000003_000027,episode_000003,27,grasp_close,196.24122252106295,22.37469978882079,194.96150960105302,0.11401630860926415
aligned_P4_raw,episode_000003_000028,episode_000003,28,grasp_close,204.32722856958824,33.852966285530854,201.5033324999849,0.1656801519920849
aligned_P4_raw,episode_000003_000029,episode_000003,29,grasp_close,202.028230406967,31.48070713581766,199.56044437613238,0.1558233078238755
aligned_P4_raw,episode_000003_000030,episode_000003,30,grasp_close,205.14135827606614,34.67719508407132,202.1891911464374,0.16904048688906975
aligned_P4_raw,episode_000003_000031,episode_000003,31,grasp_close,203.45030160863925,34.519313010604385,200.50047943564172,0.16966951013425566
aligned_P4_raw,episode_000003_000032,episode_000003,32,grasp_close,203.3194345695584,33.49931435356891,200.54074002936588,0.1647619885648872
aligned_P4_raw,episode_000003_000033,episode_000003,33,grasp_close,203.35271018516238,33.90531287478175,200.5062455349304,0.16673155151907904
aligned_P4_raw,episode_000003_000034,episode_000003,34,grasp_close,203.54514039402747,34.32788974912845,200.62955954543696,0.1686500089497382
aligned_P4_raw,episode_000003_000035,episode_000003,35,grasp_close,201.08179049662124,32.822939965894214,198.38483077423632,0.1632317868506633
aligned_P4_raw,episode_000003_000036,episode_000003,36,lift,203.12190019856897,34.426454834457644,200.18322993649707,0.16948667180054366
aligned_P4_raw,episode_000003_000037,episode_000003,37,lift,207.80308035480823,41.37965365143143,203.64146058363082,0.1991291639218185
aligned_P4_raw,episode_000003_000038,episode_000003,38,lift,214.06506583561952,45.632898462175916,209.14466521799895,0.21317302888280426
aligned_P4_raw,episode_000003_000039,episode_000003,39,lift,189.28495228473562,34.01193646988913,186.20413888794974,0.179686425462527
aligned_P4_raw,episode_000003_000040,episode_000003,40,lift,172.64801638288955,18.17607508587873,171.68857811578206,0.10527821556645517
aligned_P4_raw,episode_000003_000041,episode_000003,41,lift,184.7282390668391,21.892762950354587,183.4263591721071,0.11851335270095473
aligned_P4_raw,episode_000003_000042,episode_000003,42,lift,168.35212245290242,15.150847870956813,167.66898622938047,0.08999499174829446
aligned_P4_raw,episode_000003_000043,episode_000003,43,lift,171.71704377676306,15.858260285945434,170.98321176107896,0.09235111400218149
aligned_P4_raw,episode_000004_000000,episode_000004,0,hold,173.05371007672778,18.853959038530412,172.02358791716202,0.1089485976935775
aligned_P4_raw,episode_000004_000001,episode_000004,1,hold,170.12476906818955,18.233090229025606,169.1448830772159,0.10717481251491018
aligned_P4_raw,episode_000004_000002,episode_000004,2,alignment,164.87823135481767,16.671600877956557,164.0331945029996,0.10111462708548408
aligned_P4_raw,episode_000004_000003,episode_000004,3,alignment,160.31154647669302,15.915185583007789,159.51958751704234,0.09927660192163155
aligned_P4_raw,episode_000004_000004,episode_000004,4,alignment,141.75297319534133,11.657945040621934,141.2727777285808,0.08224127351852306
aligned_P4_raw,episode_000004_000005,episode_000004,5,alignment,131.3347869149843,10.687103777131163,130.89924395068584,0.08137298600140985
aligned_P4_raw,episode_000004_000006,episode_000004,6,alignment,123.38281712087543,10.68577126980957,122.9192167769251,0.08660664036663188
aligned_P4_raw,episode_000004_000007,episode_000004,7,alignment,122.09615374013174,9.47370198626304,121.72805645704429,0.07759214107945427
aligned_P4_raw,episode_000004_000008,episode_000004,8,alignment,128.66766621386043,10.82685363089485,128.21133947267137,0.08414587712269046
aligned_P4_raw,episode_000004_000009,episode_000004,9,alignment,123.68040427338889,10.300582652927265,123.2507216945975,0.08328386953003793
aligned_P4_raw,episode_000004_000010,episode_000004,10,alignment,144.3990439285167,19.494792949702294,143.07703147367133,0.13500638521784808
aligned_P4_raw,episode_000004_000011,episode_000004,11,alignment,138.88479254730444,17.073321430213774,137.83137268506178,0.12293153999851039
aligned_P4_raw,episode_000004_000012,episode_000004,12,alignment,153.62731007528356,17.582602783471835,152.61783146253248,0.11444972104800671
aligned_P4_raw,episode_000004_000013,episode_000004,13,alignment,210.06811769319899,27.55280247170614,208.2533484655621,0.1311612765148234
aligned_P4_raw,episode_000004_000014,episode_000004,14,alignment,193.03758250504717,19.25795807920521,192.07456705668366,0.09976273961419761
aligned_P4_raw,episode_000004_000015,episode_000004,15,alignment,204.14822096619076,19.528112093765415,203.21207877907744,0.09565653818261531
aligned_P4_raw,episode_000004_000016,episode_000004,16,alignment,206.64862059333447,16.38458206890651,205.99805305768103,0.07928715914900716
aligned_P4_raw,episode_000004_000017,episode_000004,17,alignment,195.1193790138292,16.987982803073503,194.3784466113072,0.08706455959902103
aligned_P4_raw,episode_000004_000018,episode_000004,18,alignment,197.88990779997155,18.373303838814408,197.03511695920565,0.09284608822692599
aligned_P4_raw,episode_000004_000019,episode_000004,19,descent_to_grasp,197.17870881147783,18.718242042843627,196.28823353269823,0.09493034088553699
aligned_P4_raw,episode_000004_000020,episode_000004,20,descent_to_grasp,202.09378597098313,22.555003499686443,200.83119813717857,0.11160661566766292
aligned_P4_raw,episode_000004_000021,episode_000004,21,descent_to_grasp,214.42652428400223,27.585418368597498,212.6447248580299,0.1286474164551646
aligned_P4_raw,episode_000004_000022,episode_000004,22,descent_to_grasp,251.18528515752072,44.894170274028845,247.1407715353165,0.17872930034844706
aligned_P4_raw,episode_000004_000023,episode_000004,23,descent_to_grasp,241.47722744778483,63.6202245272613,232.9457413368402,0.26346262626780426
aligned_P4_raw,episode_000004_000024,episode_000004,24,descent_to_grasp,236.9740471224751,61.73490281117157,228.79139141257096,0.26051334971405193
aligned_P4_raw,episode_000004_000025,episode_000004,25,descent_to_grasp,237.25891528142554,57.715235518734175,230.13201530759622,0.24325844805568228
aligned_P4_raw,episode_000004_000026,episode_000004,26,descent_to_grasp,235.12202975866896,54.84448631737944,228.63606714256434,0.23325966679375915
aligned_P4_raw,episode_000004_000027,episode_000004,27,grasp_close,208.4313725335372,30.986573774089226,206.1151845497005,0.14866559384721895
aligned_P4_raw,episode_000004_000028,episode_000004,28,grasp_close,199.80546908664198,28.109940296421104,197.8182416600266,0.1406865408885867
aligned_P4_raw,episode_000004_000029,episode_000004,29,grasp_close,207.09648591455246,37.17702471754743,203.7322343452486,0.17951547827270517
aligned_P4_raw,episode_000004_000030,episode_000004,30,grasp_close,210.39135420335626,45.58475544838445,205.39365129972518,0.21666648622986648
aligned_P4_raw,episode_000004_000031,episode_000004,31,grasp_close,211.813572182423,44.92749170842922,206.99398505625118,0.2121086540655465
aligned_P4_raw,episode_000004_000032,episode_000004,32,grasp_close,211.53998542510143,46.44711606972531,206.37788360785558,0.2195666033368927
aligned_P4_raw,episode_000004_000033,episode_000004,33,grasp_close,211.5844571707521,45.426530255487194,206.65046059757316,0.21469691518421527
aligned_P4_raw,episode_000004_000034,episode_000004,34,grasp_close,211.57410353345728,45.49909614869469,206.6238939126788,0.21505040261933422
aligned_P4_raw,episode_000004_000035,episode_000004,35,grasp_close,210.7329136063519,45.549542871511626,205.75130624425816,0.21614821383145663
aligned_P4_raw,episode_000004_000036,episode_000004,36,grasp_close,210.60192021229756,44.46721893893787,205.85391722516118,0.21114346390627695
aligned_P4_raw,episode_000004_000037,episode_000004,37,lift,208.36102686349054,43.77234444236188,203.71131381842162,0.2100793276999911
aligned_P4_raw,episode_000004_000038,episode_000004,38,lift,205.71664406436994,38.75754147143617,202.0326474216397,0.18840255560123131
aligned_P4_raw,episode_000004_000039,episode_000004,39,lift,183.63061504515113,27.85834520692857,181.50513872668202,0.15170860915582488
aligned_P4_raw,episode_000004_000040,episode_000004,40,lift,173.55011951446912,26.727828294682492,171.47964071030847,0.1540063952099679
aligned_P4_raw,episode_000004_000041,episode_000004,41,lift,170.68659488545225,15.740403836614808,169.95926971086567,0.09221816070077554
aligned_P4_raw,episode_000004_000042,episode_000004,42,lift,170.90283269102395,14.478222233326616,170.28845910037043,0.08471610449840737
aligned_P4_raw,episode_000004_000043,episode_000004,43,lift,166.9396480291892,13.391486362262679,166.4016651873379,0.08021753082839371
aligned_P4_raw,episode_000004_000044,episode_000004,44,lift,167.12403195667338,13.893718532702197,166.54550922432352,0.08313417507964456
aligned_P4_raw,episode_000005_000000,episode_000005,0,hold,161.77835184648788,20.909631776047156,160.42139017336856,0.12924863887776772
aligned_P4_raw,episode_000005_000001,episode_000005,1,hold,158.81034187498724,18.988525630768557,157.67105181617828,0.11956731159055117
aligned_P4_raw,episode_000005_000002,episode_000005,2,alignment,159.95467767704125,18.424430690857754,158.89002254541955,0.11518531973199221
aligned_P4_raw,episode_000005_000003,episode_000005,3,alignment,164.6554572621835,20.037063801093574,163.43174624426442,0.12169085758990812
aligned_P4_raw,episode_000005_000004,episode_000005,4,alignment,202.9818013350892,27.969049589413853,201.04562650876673,0.13779092216864114
aligned_P4_raw,episode_000005_000005,episode_000005,5,alignment,169.5043668554353,21.689188245919294,168.11100349559237,0.12795651609623301
aligned_P4_raw,episode_000005_000006,episode_000005,6,alignment,166.14213534254637,26.334522087137675,164.04176932300825,0.15850598063424445
aligned_P4_raw,episode_000005_000007,episode_000005,7,alignment,166.36765345435165,23.73798060625476,164.66543168693397,0.14268386981107503
aligned_P4_raw,episode_000005_000008,episode_000005,8,alignment,170.15828166921952,27.119030762347098,167.9833295036514,0.15937532100297852
aligned_P4_raw,episode_000005_000009,episode_000005,9,alignment,176.86898590540542,25.4204289853505,175.03268256359226,0.14372462676382433
aligned_P4_raw,episode_000005_000010,episode_000005,10,alignment,170.42245815402356,27.974666301963914,168.11077386221763,0.1641489426040382
aligned_P4_raw,episode_000005_000011,episode_000005,11,alignment,170.99386464293696,26.31204356052171,168.95732629630552,0.1538771207695992
aligned_P4_raw,episode_000005_000012,episode_000005,12,alignment,196.31286171023262,20.38636357996875,195.25146824760688,0.10384629617421613
aligned_P4_raw,episode_000005_000013,episode_000005,13,alignment,189.971461852903,23.448005258851612,188.51882496957657,0.12342909313930354
aligned_P4_raw,episode_000005_000014,episode_000005,14,alignment,187.0442031309923,23.756694059267346,185.5293869236954,0.12701112176478344
aligned_P4_raw,episode_000005_000015,episode_000005,15,alignment,198.9506635527326,26.894614450331666,197.12444354173994,0.13518233098631083
aligned_P4_raw,episode_000005_000016,episode_000005,16,alignment,200.67123559265474,26.456041927538166,198.91963864789992,0.13183773872425664
aligned_P4_raw,episode_000005_000017,episode_000005,17,descent_to_grasp,199.4253480154964,26.691424161754874,197.63106361935905,0.13384168275178746
aligned_P4_raw,episode_000005_000018,episode_000005,18,descent_to_grasp,208.33842409911358,30.92510468312405,206.0304270161083,0.14843687532364142
aligned_P4_raw,episode_000005_000019,episode_000005,19,descent_to_grasp,205.04283476048698,36.83649800763348,201.70680826672654,0.179652695743612
aligned_P4_raw,episode_000005_000020,episode_000005,20,descent_to_grasp,199.2427127792995,35.598149664879436,196.03680862555197,0.1786672604900305
aligned_P4_raw,episode_000005_000021,episode_000005,21,descent_to_grasp,226.9293641622152,44.8939202356609,222.4443126828407,0.19783213336626423
aligned_P4_raw,episode_000005_000022,episode_000005,22,descent_to_grasp,275.5546882605769,88.81838421032312,260.8480033441911,0.3223257959100027
aligned_P4_raw,episode_000005_000023,episode_000005,23,descent_to_grasp,273.1087927477093,82.19045908306187,260.4479623875502,0.30094402401385606
aligned_P4_raw,episode_000005_000024,episode_000005,24,descent_to_grasp,260.13934451363826,71.600336112931,250.09172403840293,0.2752383967400103
aligned_P4_raw,episode_000005_000025,episode_000005,25,grasp_close,201.48956098029316,25.10927151855286,199.91890272767822,0.12461822536309308
aligned_P4_raw,episode_000005_000026,episode_000005,26,grasp_close,209.2875814440301,33.55031398754934,206.5808998383645,0.1603072373241683
aligned_P4_raw,episode_000005_000027,episode_000005,27,grasp_close,205.3994418102387,35.91019921478712,202.2359717960975,0.17483104578231176
aligned_P4_raw,episode_000005_000028,episode_000005,28,grasp_close,217.5295352489516,52.70239814037916,211.0487051272237,0.24227697668762047
aligned_P4_raw,episode_000005_000029,episode_000005,29,grasp_close,220.065469057131,52.71069758646899,213.6595259549241,0.2395228011568903
aligned_P4_raw,episode_000005_000030,episode_000005,30,grasp_close,220.12714337864392,52.46600737703881,213.78324845963624,0.23834410682734958
aligned_P4_raw,episode_000005_000031,episode_000005,31,grasp_close,217.42954221401354,51.479688382992705,211.24736095720925,0.2367649209890798
aligned_P4_raw,episode_000005_000032,episode_000005,32,grasp_close,216.51797481760983,49.52895909797625,210.77693334373694,0.22875218161308963
aligned_P4_raw,episode_000005_000033,episode_000005,33,grasp_close,218.35628135508,51.324537498631386,212.23868039961621,0.23504951256781115
aligned_P4_raw,episode_000005_000034,episode_000005,34,grasp_close,214.14441949765134,49.84488674170466,208.26262186886228,0.23276294968896608
aligned_P4_raw,episode_000005_000035,episode_000005,35,lift,214.18424672235608,50.76708860440132,208.08073975900788,0.23702531526611273
aligned_P4_raw,episode_000005_000036,episode_000005,36,lift,216.91157909433352,51.933735365404054,210.60275467380168,0.2394235272374205
aligned_P4_raw,episode_000005_000037,episode_000005,37,lift,234.0629168196737,67.38202081608567,224.15421544301608,0.2878799501075944
aligned_P4_raw,episode_000005_000038,episode_000005,38,lift,199.63776607319429,56.17108288431274,191.572563511321,0.2813650141913451
aligned_P4_raw,episode_000005_000039,episode_000005,39,lift,190.13282045760863,30.634482042925466,187.64865553775468,0.16112148323048534
aligned_P4_raw,episode_000005_000040,episode_000005,40,lift,198.382018757543,41.10248799968916,194.077332129627,0.20718857614773786
aligned_P4_raw,episode_000005_000041,episode_000005,41,lift,191.25227903598,43.29522411981271,186.28729909704404,0.22637755920109923
aligned_P4_raw,episode_000005_000042,episode_000005,42,lift,188.8691242171418,39.90882423244724,184.6045281972622,0.21130412076546867
original_P0_condition_specific_progress_phase,episode_000001_000000,episode_000001,0,hold,202.70703617204512,37.23411767928926,199.258031191467,0.18368438699723902
original_P0_condition_specific_progress_phase,episode_000001_000001,episode_000001,1,hold,200.20290003502726,36.14649618588401,196.91275224301495,0.1805493136191327
original_P0_condition_specific_progress_phase,episode_000001_000002,episode_000001,2,alignment,201.89438997018294,38.07717501259769,198.2712118399752,0.1885994703380375
original_P0_condition_specific_progress_phase,episode_000001_000003,episode_000001,3,alignment,201.22572365536834,39.743796325859634,197.26181210319257,0.1975085272593047
original_P0_condition_specific_progress_phase,episode_000001_000004,episode_000001,4,alignment,193.99350589221157,39.638271145845096,189.90073140701696,0.20432782511734837
original_P0_condition_specific_progress_phase,episode_000001_000005,episode_000001,5,alignment,178.23367863786987,33.27778828513059,175.0994945956084,0.1867087552669743
original_P0_condition_specific_progress_phase,episode_000001_000006,episode_000001,6,alignment,188.32866877829588,28.2038896882188,186.2048014694032,0.14975887564638904
original_P0_condition_specific_progress_phase,episode_000001_000007,episode_000001,7,alignment,201.0690096801809,31.679942104679125,198.55761864509972,0.1575575577512867
original_P0_condition_specific_progress_phase,episode_000001_000008,episode_000001,8,alignment,231.2951586703845,25.359009135814645,229.90078529663185,0.10963916962893899
original_P0_condition_specific_progress_phase,episode_000001_000009,episode_000001,9,alignment,214.15934057849893,24.487218030500394,212.7547868090028,0.11434111612575096
original_P0_condition_specific_progress_phase,episode_000001_000010,episode_000001,10,alignment,203.97367548748966,34.23748448672934,201.07972286607296,0.16785246627979322
original_P0_condition_specific_progress_phase,episode_000001_000011,episode_000001,11,alignment,197.24463992922722,23.997095572800294,195.77943555154198,0.12166158523451194
original_P0_condition_specific_progress_phase,episode_000001_000012,episode_000001,12,alignment,237.33290820313664,33.343534306049115,234.9789736043202,0.1404926714904193
original_P0_condition_specific_progress_phase,episode_000001_000013,episode_000001,13,alignment,229.26582375840246,35.04829252323422,226.5710377228843,0.15287185830264732
original_P0_condition_specific_progress_phase,episode_000001_000014,episode_000001,14,alignment,230.85238470224814,31.422236394239214,228.70388405687237,0.1361139779204248
original_P0_condition_specific_progress_phase,episode_000001_000015,episode_000001,15,alignment,258.4179164119843,52.21923660630886,253.08688399631785,0.2020728180590158
original_P0_condition_specific_progress_phase,episode_000001_000016,episode_000001,16,alignment,255.57887092691803,25.41477263354872,254.3121086308382,0.09944003798661429
original_P0_condition_specific_progress_phase,episode_000001_000017,episode_000001,17,alignment,250.26555807666784,28.788192416722623,248.60428302184127,0.11503058046806215
original_P0_condition_specific_progress_phase,episode_000001_000018,episode_000001,18,alignment,256.33305938296934,30.201604599886167,254.54763878736927,0.11782173034015116
original_P0_condition_specific_progress_phase,episode_000001_000019,episode_000001,19,alignment,255.66119976920015,29.213638818680334,253.98663818082747,0.11426700197391368
original_P0_condition_specific_progress_phase,episode_000001_000020,episode_000001,20,descent_to_grasp,261.9816853292628,46.17947197417095,257.87954516818047,0.17626984846720048
original_P0_condition_specific_progress_phase,episode_000001_000021,episode_000001,21,descent_to_grasp,246.1126557243338,47.54847544060185,241.475841008907,0.19319801048289045
original_P0_condition_specific_progress_phase,episode_000001_000022,episode_000001,22,descent_to_grasp,227.6605614532728,43.461364008385026,223.473580272367,0.1909042292215617
original_P0_condition_specific_progress_phase,episode_000001_000023,episode_000001,23,descent_to_grasp,212.66879716820097,33.476350948099736,210.0175021662934,0.15741073158759203
original_P0_condition_specific_progress_phase,episode_000001_000024,episode_000001,24,descent_to_grasp,251.49634230259767,34.350874109417575,249.13937392452507,0.13658597892484248
original_P0_condition_specific_progress_phase,episode_000001_000025,episode_000001,25,descent_to_grasp,230.5986280535689,33.5177173605265,228.14970936454876,0.1453508966789699
original_P0_condition_specific_progress_phase,episode_000001_000026,episode_000001,26,descent_to_grasp,209.30377998115142,32.81499033563564,206.71538095572467,0.1567816421595002
original_P0_condition_specific_progress_phase,episode_000001_000027,episode_000001,27,descent_to_grasp,212.6746656241581,31.629197974809856,210.30955098097124,0.14872104245225642
original_P0_condition_specific_progress_phase,episode_000001_000028,episode_000001,28,grasp_close,238.75474348009345,40.19354735549006,235.34720369111506,0.16834659186087023
original_P0_condition_specific_progress_phase,episode_000001_000029,episode_000001,29,grasp_close,237.96586223247076,39.06464089177336,234.7375245248191,0.1641606931569487
original_P0_condition_specific_progress_phase,episode_000001_000030,episode_000001,30,grasp_close,241.6182359795092,37.66055224970911,238.66515196420428,0.15586800432109343
original_P0_condition_specific_progress_phase,episode_000001_000031,episode_000001,31,grasp_close,223.3570972937695,39.5360684295589,219.83014398537716,0.1770083373601478
original_P0_condition_specific_progress_phase,episode_000001_000032,episode_000001,32,grasp_close,223.58909300801406,38.73027421490755,220.2091014726331,0.1732207671396536
original_P0_condition_specific_progress_phase,episode_000001_000033,episode_000001,33,grasp_close,221.53851594045287,39.00537007699414,218.07772731357738,0.1760658633620095
original_P0_condition_specific_progress_phase,episode_000001_000034,episode_000001,34,grasp_close,222.6890810679573,39.30529960829965,219.19288366549006,0.1765030392141453
original_P0_condition_specific_progress_phase,episode_000001_000035,episode_000001,35,grasp_close,222.72284519463557,39.19882979323331,219.24624857551092,0.1759982446299022
original_P0_condition_specific_progress_phase,episode_000001_000036,episode_000001,36,grasp_close,288.3140475896589,43.482130782829806,285.01630539342307,0.150815165429315
original_P0_condition_specific_progress_phase,episode_000001_000037,episode_000001,37,grasp_close,286.01355444005463,43.65335655895491,282.6625864605552,0.1526268803743152
original_P0_condition_specific_progress_phase,episode_000001_000038,episode_000001,38,lift,218.13173474743837,42.016629604016934,214.04685594664934,0.19262043486091313
original_P0_condition_specific_progress_phase,episode_000001_000039,episode_000001,39,lift,214.7418429916939,37.873635005008715,211.37560621551555,0.17636821253542864
original_P0_condition_specific_progress_phase,episode_000001_000040,episode_000001,40,lift,213.10614774337935,29.91618223685876,210.99585836313017,0.1403816011581401
original_P0_condition_specific_progress_phase,episode_000001_000041,episode_000001,41,lift,224.09514581044127,21.914715510949733,223.02102954626739,0.09779201344007274
original_P0_condition_specific_progress_phase,episode_000001_000042,episode_000001,42,lift,246.7251033089738,35.100854296925476,244.21549219992124,0.14226705684248386
original_P0_condition_specific_progress_phase,episode_000001_000043,episode_000001,43,lift,261.8880152429663,45.495168683475484,257.9060335749481,0.17371993384755466
original_P0_condition_specific_progress_phase,episode_000001_000044,episode_000001,44,lift,254.83933568838452,38.6486791641964,251.8915770980843,0.15165900138531083
original_P0_condition_specific_progress_phase,episode_000001_000045,episode_000001,45,lift,258.30693647736103,39.24269674365531,255.30860577858502,0.15192273687584337
original_P0_condition_specific_progress_phase,episode_000002_000000,episode_000002,0,hold,265.639546125623,66.60640044987325,257.15356479142594,0.25073977659325836
original_P0_condition_specific_progress_phase,episode_000002_000001,episode_000002,1,hold,267.09961185537753,68.78214567669026,258.0914936401506,0.2575149593026467
original_P0_condition_specific_progress_phase,episode_000002_000002,episode_000002,2,alignment,265.0855187916375,67.15612069655846,256.43788278259683,0.253337568203205
original_P0_condition_specific_progress_phase,episode_000002_000003,episode_000002,3,alignment,263.8134243877814,65.70666330232291,255.49981856135014,0.24906489673452012
original_P0_condition_specific_progress_phase,episode_000002_000004,episode_000002,4,alignment,261.0577400686161,59.948900164770194,254.08123311013654,0.22963847058897122
original_P0_condition_specific_progress_phase,episode_000002_000005,episode_000002,5,alignment,209.95005673782964,34.75821796410442,207.05287394329423,0.16555469669392828
original_P0_condition_specific_progress_phase,episode_000002_000006,episode_000002,6,alignment,182.97402555028117,19.867268270870056,181.8922364410538,0.10857971895803616
original_P0_condition_specific_progress_phase,episode_000002_000007,episode_000002,7,alignment,183.3877635135334,20.02844882131084,182.29079253848172,0.10921365982977815
original_P0_condition_specific_progress_phase,episode_000002_000008,episode_000002,8,alignment,177.559823302455,23.103791716260666,176.05029298337075,0.13011835271375397
original_P0_condition_specific_progress_phase,episode_000002_000009,episode_000002,9,alignment,171.04219560680983,33.56459375749857,167.71657856005854,0.1962357512917838
original_P0_condition_specific_progress_phase,episode_000002_000010,episode_000002,10,alignment,176.35728258547675,31.686714924612275,173.48729987587004,0.17967341331228764
original_P0_condition_specific_progress_phase,episode_000002_000011,episode_000002,11,alignment,173.34694617197664,29.489628438089582,170.8201556073919,0.17011911135044208
original_P0_condition_specific_progress_phase,episode_000002_000012,episode_000002,12,alignment,208.3587857894396,29.464359763255224,206.2649633830017,0.1414116503492726
original_P0_condition_specific_progress_phase,episode_000002_000013,episode_000002,13,alignment,208.6594910608704,30.28225545789273,206.45040134173726,0.14512762062214918
original_P0_condition_specific_progress_phase,episode_000002_000014,episode_000002,14,alignment,220.99038967733657,24.444233545149906,219.63431374931204,0.1106122016475034
original_P0_condition_specific_progress_phase,episode_000002_000015,episode_000002,15,alignment,236.70246921019213,28.388296095077493,234.99396497574182,0.1199324037041145
original_P0_condition_specific_progress_phase,episode_000002_000016,episode_000002,16,alignment,268.66338206145986,29.050088322154096,267.088197472627,0.10812820154072411
original_P0_condition_specific_progress_phase,episode_000002_000017,episode_000002,17,alignment,261.4846757462259,36.3052453105141,258.95205118525763,0.13884272646917478
original_P0_condition_specific_progress_phase,episode_000002_000018,episode_000002,18,alignment,255.50356248559459,48.720456224398625,250.81544527424262,0.19068405837646787
original_P0_condition_specific_progress_phase,episode_000002_000019,episode_000002,19,alignment,250.2801437597961,47.46773139037467,245.73759345504186,0.18965839909350282
original_P0_condition_specific_progress_phase,episode_000002_000020,episode_000002,20,alignment,250.23950499143794,64.11856248382175,241.88555104298425,0.2562287776504976
original_P0_condition_specific_progress_phase,episode_000002_000021,episode_000002,21,descent_to_grasp,249.96209091112956,68.21652055818979,240.4736019100597,0.2729074649261243
original_P0_condition_specific_progress_phase,episode_000002_000022,episode_000002,22,descent_to_grasp,257.6218622315192,72.13758518819101,247.31597745162426,0.2800134451452825
original_P0_condition_specific_progress_phase,episode_000002_000023,episode_000002,23,descent_to_grasp,228.43211162137132,59.59278751013703,220.52194742603353,0.26087745320549643
original_P0_condition_specific_progress_phase,episode_000002_000024,episode_000002,24,descent_to_grasp,339.48648467406207,78.38439216071421,330.3134274321096,0.23089105369237414
original_P0_condition_specific_progress_phase,episode_000002_000025,episode_000002,25,descent_to_grasp,262.68568228921316,45.402909877762255,258.73218480579726,0.17284120505576053
original_P0_condition_specific_progress_phase,episode_000002_000026,episode_000002,26,descent_to_grasp,199.78097077385257,26.043452286663904,198.07618452589193,0.13036002470998345
original_P0_condition_specific_progress_phase,episode_000002_000027,episode_000002,27,descent_to_grasp,183.79860093015395,24.616636243030268,182.14265542140402,0.13393266389652733
original_P0_condition_specific_progress_phase,episode_000002_000028,episode_000002,28,descent_to_grasp,309.65582344151716,90.5274651774913,296.12751820758257,0.292348660430049
original_P0_condition_specific_progress_phase,episode_000002_000029,episode_000002,29,grasp_close,215.15295207458396,33.80248646023007,212.48102196552563,0.1571090990585723
original_P0_condition_specific_progress_phase,episode_000002_000030,episode_000002,30,grasp_close,230.4952493492682,29.628415347122868,228.58306362589443,0.12854241217886053
original_P0_condition_specific_progress_phase,episode_000002_000031,episode_000002,31,grasp_close,221.17055309537645,25.58255854428613,219.68601743133974,0.11566891788372044
original_P0_condition_specific_progress_phase,episode_000002_000032,episode_000002,32,grasp_close,219.98612900450271,27.21979259458083,218.29562488857562,0.12373413140982036
original_P0_condition_specific_progress_phase,episode_000002_000033,episode_000002,33,grasp_close,212.42292103158482,27.055271812548927,210.69292737711916,0.12736512463514293
original_P0_condition_specific_progress_phase,episode_000002_000034,episode_000002,34,grasp_close,215.68125990656299,27.961428606771463,213.86108665475072,0.12964236493650333
original_P0_condition_specific_progress_phase,episode_000002_000035,episode_000002,35,grasp_close,215.70798392772866,27.79178758120123,213.9101467280284,0.12883986524352598
original_P0_condition_specific_progress_phase,episode_000002_000036,episode_000002,36,grasp_close,227.36347586500673,33.45343109348727,224.88890169479416,0.1471363461796726
original_P0_condition_specific_progress_phase,episode_000002_000037,episode_000002,37,grasp_close,223.99446934461082,32.67285433692003,221.59875199660354,0.14586455831931067
original_P0_condition_specific_progress_phase,episode_000002_000038,episode_000002,38,grasp_close,226.9074057936196,32.738868097441106,224.53315416590198,0.14428294212317722
original_P0_condition_specific_progress_phase,episode_000002_000039,episode_000002,39,lift,224.39862205811312,26.308736364194477,222.85105333495554,0.11724107805519961
original_P0_condition_specific_progress_phase,episode_000002_000040,episode_000002,40,lift,259.40347566045057,35.219398285256894,257.00147308750275,0.1357707262618091
original_P0_condition_specific_progress_phase,episode_000002_000041,episode_000002,41,lift,232.5035760413252,27.539783430944,230.86678669869556,0.11844885958248262
original_P0_condition_specific_progress_phase,episode_000002_000042,episode_000002,42,lift,209.06946856005467,21.44699735039487,207.96650929569367,0.10258311506748903
original_P0_condition_specific_progress_phase,episode_000002_000043,episode_000002,43,lift,210.91813820483137,29.054213870136408,208.90742849449063,0.13775113945828904
original_P0_condition_specific_progress_phase,episode_000002_000044,episode_000002,44,lift,240.4423631068197,32.46442613417284,238.24061579036135,0.13501957689440147
original_P0_condition_specific_progress_phase,episode_000002_000045,episode_000002,45,lift,238.50946979125334,29.408232568895592,236.689507661997,0.12330006265425884
original_P0_condition_specific_progress_phase,episode_000002_000046,episode_000002,46,lift,239.16864802081253,28.747070694777722,237.4347239191706,0.12019581551623833
original_P0_condition_specific_progress_phase,episode_000003_000000,episode_000003,0,hold,185.85534480907805,24.283632572978348,184.26208069801524,0.13065877980492827
original_P0_condition_specific_progress_phase,episode_000003_000001,episode_000003,1,hold,188.43615337887613,24.51708888472287,186.8344086426425,0.1301082008155196
original_P0_condition_specific_progress_phase,episode_000003_000002,episode_000003,2,alignment,189.96807117808422,24.91829305610759,188.32670213830966,0.13117095363224546
original_P0_condition_specific_progress_phase,episode_000003_000003,episode_000003,3,alignment,195.6485297925504,25.914398872806267,193.92470482392793,0.1324538390361725
original_P0_condition_specific_progress_phase,episode_000003_000004,episode_000003,4,alignment,219.12983643143772,28.863534741279405,217.2205827648651,0.13171887138386265
original_P0_condition_specific_progress_phase,episode_000003_000005,episode_000003,5,alignment,222.91009740864519,37.31857996744086,219.76404418363214,0.16741538584960272
original_P0_condition_specific_progress_phase,episode_000003_000006,episode_000003,6,alignment,211.73074783475118,38.866504669858145,208.13290079516713,0.18356570818043
original_P0_condition_specific_progress_phase,episode_000003_000007,episode_000003,7,alignment,174.12989978031692,26.40171955968603,172.11673713440803,0.1516208278589407
original_P0_condition_specific_progress_phase,episode_000003_000008,episode_000003,8,alignment,180.8005083704961,35.306877070814174,177.31962175274413,0.19528085064043837
original_P0_condition_specific_progress_phase,episode_000003_000009,episode_000003,9,alignment,181.69929741669534,27.70479253533145,179.57471746405437,0.1524760575809789
original_P0_condition_specific_progress_phase,episode_000003_000010,episode_000003,10,alignment,196.20900756721164,30.54427794132599,193.81697999802066,0.1556721494086504
original_P0_condition_specific_progress_phase,episode_000003_000011,episode_000003,11,alignment,225.20805188779127,37.553079822718225,222.05502207994,0.16674838891386018
original_P0_condition_specific_progress_phase,episode_000003_000012,episode_000003,12,alignment,216.7488942552327,27.37815088672942,215.0128368607082,0.12631275919908624
original_P0_condition_specific_progress_phase,episode_000003_000013,episode_000003,13,alignment,221.69697968884623,26.023733349339498,220.16429343951114,0.1173842484722347
original_P0_condition_specific_progress_phase,episode_000003_000014,episode_000003,14,alignment,231.67973002463032,27.985861121096335,229.98323608819035,0.12079546673384463
original_P0_condition_specific_progress_phase,episode_000003_000015,episode_000003,15,alignment,248.96603748879537,34.28385207011006,246.5942118341529,0.13770493524303687
original_P0_condition_specific_progress_phase,episode_000003_000016,episode_000003,16,alignment,260.277247927281,54.19004566788553,254.5735350328305,0.20820123963745657
original_P0_condition_specific_progress_phase,episode_000003_000017,episode_000003,17,alignment,261.0360338884227,56.321093294107,254.88771143064992,0.2157598414867922
original_P0_condition_specific_progress_phase,episode_000003_000018,episode_000003,18,descent_to_grasp,229.52942079317518,28.90458409513365,227.7021739640134,0.12592975660919326
original_P0_condition_specific_progress_phase,episode_000003_000019,episode_000003,19,descent_to_grasp,224.69522833036743,28.411374687468452,222.8917661619743,0.12644405000757497
original_P0_condition_specific_progress_phase,episode_000003_000020,episode_000003,20,descent_to_grasp,235.61929306555928,36.69268935535076,232.74470522997004,0.15572871337467808
original_P0_condition_specific_progress_phase,episode_000003_000021,episode_000003,21,descent_to_grasp,223.5243094852788,40.65420153801169,219.79616199601264,0.1818782110618226
original_P0_condition_specific_progress_phase,episode_000003_000022,episode_000003,22,descent_to_grasp,229.16757589370883,44.88792807267573,224.72839552299814,0.1958738180897606
original_P0_condition_specific_progress_phase,episode_000003_000023,episode_000003,23,descent_to_grasp,294.3142179804931,85.70671967288285,281.55855005377316,0.2912082204556065
original_P0_condition_specific_progress_phase,episode_000003_000024,episode_000003,24,descent_to_grasp,198.32711991341202,28.502709411455058,196.26829099310734,0.14371564223742625
original_P0_condition_specific_progress_phase,episode_000003_000025,episode_000003,25,descent_to_grasp,202.66276297085707,29.017395563434274,200.57464009614222,0.1431806965328257
original_P0_condition_specific_progress_phase,episode_000003_000026,episode_000003,26,grasp_close,230.13670968158328,41.03055244653477,226.4495504720588,0.17828773385743008
original_P0_condition_specific_progress_phase,episode_000003_000027,episode_000003,27,grasp_close,234.73137877934676,46.48967991980772,230.08157215345818,0.19805481551535195
original_P0_condition_specific_progress_phase,episode_000003_000028,episode_000003,28,grasp_close,195.14530929046649,26.873774203037815,193.28603673870487,0.13771160731840706
original_P0_condition_specific_progress_phase,episode_000003_000029,episode_000003,29,grasp_close,202.19663029950203,30.249554443098575,199.9210888337384,0.14960464177020003
original_P0_condition_specific_progress_phase,episode_000003_000030,episode_000003,30,grasp_close,201.07739819399703,30.836121347965406,198.69890207215738,0.15335448750045538
original_P0_condition_specific_progress_phase,episode_000003_000031,episode_000003,31,grasp_close,204.1854332410084,31.76563201588578,201.69936978198427,0.15557246916038084
original_P0_condition_specific_progress_phase,episode_000003_000032,episode_000003,32,grasp_close,205.92100166638022,29.690470144156198,203.76931788153075,0.1441837884620373
original_P0_condition_specific_progress_phase,episode_000003_000033,episode_000003,33,grasp_close,206.05320346037425,29.288109243413526,203.9610975485969,0.14213857756909795
original_P0_condition_specific_progress_phase,episode_000003_000034,episode_000003,34,grasp_close,204.23572029660878,29.514540725369102,202.09186359387442,0.14451213863326912
original_P0_condition_specific_progress_phase,episode_000003_000035,episode_000003,35,grasp_close,203.92464472039964,29.316085856189623,201.80641177726176,0.14375940630611275
original_P0_condition_specific_progress_phase,episode_000003_000036,episode_000003,36,lift,210.81416265038095,38.436943990762906,207.28051647618074,0.1823261943482783
original_P0_condition_specific_progress_phase,episode_000003_000037,episode_000003,37,lift,209.92618612126708,33.61947684684806,207.21663638802053,0.16014903842166336
original_P0_condition_specific_progress_phase,episode_000003_000038,episode_000003,38,lift,208.47519914269154,30.104028416912495,206.29022306124597,0.14440100568656944
original_P0_condition_specific_progress_phase,episode_000003_000039,episode_000003,39,lift,212.36060425460826,20.856138853735587,211.3339719768122,0.09821096020583114
original_P0_condition_specific_progress_phase,episode_000003_000040,episode_000003,40,lift,213.26357267736347,31.49570492361743,210.92503882298448,0.1476844100856634
original_P0_condition_specific_progress_phase,episode_000003_000041,episode_000003,41,lift,227.24080435128144,28.473296563255854,225.449893646101,0.12530010463807484
original_P0_condition_specific_progress_phase,episode_000003_000042,episode_000003,42,lift,225.77972205889697,29.450217044565843,223.85077084750174,0.1304378301824796
original_P0_condition_specific_progress_phase,episode_000003_000043,episode_000003,43,lift,223.4957334217614,28.671196745140318,221.64905895341062,0.12828520842961494
original_P0_condition_specific_progress_phase,episode_000004_000000,episode_000004,0,hold,162.7182352582151,18.60434254145648,161.65117544932355,0.1143347118528758
original_P0_condition_specific_progress_phase,episode_000004_000001,episode_000004,1,hold,162.52882769825243,17.84777399742817,161.54589687239027,0.10981297441315438
original_P0_condition_specific_progress_phase,episode_000004_000002,episode_000004,2,alignment,165.35865674611352,19.311973031233013,164.22707772629923,0.11678840050620397
original_P0_condition_specific_progress_phase,episode_000004_000003,episode_000004,3,alignment,166.21104932074172,20.482593198992642,164.94416113384136,0.12323244021801978
original_P0_condition_specific_progress_phase,episode_000004_000004,episode_000004,4,alignment,162.70524363304787,23.054706006962554,161.0635801061866,0.1416961463083406
original_P0_condition_specific_progress_phase,episode_000004_000005,episode_000004,5,alignment,164.96895621646524,22.217193231176292,163.46606020846835,0.13467499425785198
original_P0_condition_specific_progress_phase,episode_000004_000006,episode_000004,6,alignment,168.32419517562684,24.40485452712247,166.5456026349315,0.14498720461225925
original_P0_condition_specific_progress_phase,episode_000004_000007,episode_000004,7,alignment,186.2243644781035,20.293408120012778,185.11534650630165,0.10897289501771344
original_P0_condition_specific_progress_phase,episode_000004_000008,episode_000004,8,alignment,188.352255653647,25.294926861953954,186.64602563372517,0.13429585312993397
original_P0_condition_specific_progress_phase,episode_000004_000009,episode_000004,9,alignment,210.94578356588363,30.64602954019542,208.70779687794632,0.1452791756353068
original_P0_condition_specific_progress_phase,episode_000004_000010,episode_000004,10,alignment,206.80963906308492,22.953250854127734,205.5319320315725,0.11098733578431567
original_P0_condition_specific_progress_phase,episode_000004_000011,episode_000004,11,alignment,200.58503185515394,28.75791280314219,198.51281433585086,0.14337018339388752
original_P0_condition_specific_progress_phase,episode_000004_000012,episode_000004,12,alignment,211.8288897839115,28.414112380321665,209.91454633903527,0.13413709720759595
original_P0_condition_specific_progress_phase,episode_000004_000013,episode_000004,13,alignment,245.26413867340247,30.44326808749886,243.36742827946117,0.12412441644409168
original_P0_condition_specific_progress_phase,episode_000004_000014,episode_000004,14,alignment,259.6570598218818,30.072727232980284,257.90971248116085,0.11581709834352057
original_P0_condition_specific_progress_phase,episode_000004_000015,episode_000004,15,alignment,289.1751715107838,41.93442411343417,286.1184787680898,0.14501391628592972
original_P0_condition_specific_progress_phase,episode_000004_000016,episode_000004,16,alignment,259.58969800199395,27.91260787380819,258.0846714364289,0.10752586904890883
original_P0_condition_specific_progress_phase,episode_000004_000017,episode_000004,17,alignment,257.04466700295745,31.673495464264537,255.08577090801535,0.12322175687815423
original_P0_condition_specific_progress_phase,episode_000004_000018,episode_000004,18,alignment,256.70299914681175,30.441302616446297,254.89165711333507,0.11858569131495236
original_P0_condition_specific_progress_phase,episode_000004_000019,episode_000004,19,descent_to_grasp,314.71369086898164,73.26981923731684,306.0657458934401,0.23281420975047373
original_P0_condition_specific_progress_phase,episode_000004_000020,episode_000004,20,descent_to_grasp,267.3333005743402,48.48266764429362,262.90021782810203,0.18135663435918087
original_P0_condition_specific_progress_phase,episode_000004_000021,episode_000004,21,descent_to_grasp,257.75030033088075,42.56851430875998,254.2108158796634,0.16515408228084963
original_P0_condition_specific_progress_phase,episode_000004_000022,episode_000004,22,descent_to_grasp,232.73871941356649,25.721735492483848,231.31299971579963,0.11051764638602077
original_P0_condition_specific_progress_phase,episode_000004_000023,episode_000004,23,descent_to_grasp,259.84223811100895,46.83283828801559,255.58692056603144,0.1802356638723525
original_P0_condition_specific_progress_phase,episode_000004_000024,episode_000004,24,descent_to_grasp,210.13238603210712,31.113017803090123,207.8162644807453,0.14806388672680001
original_P0_condition_specific_progress_phase,episode_000004_000025,episode_000004,25,descent_to_grasp,215.3592558786695,34.92790591991925,212.50800098034782,0.16218437316479753
original_P0_condition_specific_progress_phase,episode_000004_000026,episode_000004,26,descent_to_grasp,214.58718420595164,36.71469248853286,211.4230143123295,0.17109452563250777
original_P0_condition_specific_progress_phase,episode_000004_000027,episode_000004,27,grasp_close,273.31903045684663,47.496782276831304,269.16045044400175,0.17377780902208492
original_P0_condition_specific_progress_phase,episode_000004_000028,episode_000004,28,grasp_close,248.56030077551733,38.84422292445235,245.50631247894847,0.15627685838509586
original_P0_condition_specific_progress_phase,episode_000004_000029,episode_000004,29,grasp_close,238.54928100343898,35.04354349195718,235.96124581546223,0.1469027420436953
original_P0_condition_specific_progress_phase,episode_000004_000030,episode_000004,30,grasp_close,239.61022752813068,31.623550831875708,237.5142357183382,0.13197913610829923
original_P0_condition_specific_progress_phase,episode_000004_000031,episode_000004,31,grasp_close,239.73194516777176,32.48781408966057,237.5204148480698,0.13551725059805692
original_P0_condition_specific_progress_phase,episode_000004_000032,episode_000004,32,grasp_close,238.01504008851194,36.4568784711586,235.2064100327096,0.15317048224179947
original_P0_condition_specific_progress_phase,episode_000004_000033,episode_000004,33,grasp_close,235.71716510952712,36.00307058100393,232.95141303716386,0.1527384336404815
original_P0_condition_specific_progress_phase,episode_000004_000034,episode_000004,34,grasp_close,237.97483495534073,35.054872301171535,235.37879683601543,0.14730495477704636
original_P0_condition_specific_progress_phase,episode_000004_000035,episode_000004,35,grasp_close,237.97377341407343,35.25175607972489,235.3483174493252,0.1481329458031788
original_P0_condition_specific_progress_phase,episode_000004_000036,episode_000004,36,grasp_close,221.79832648829446,34.67862818552565,219.07051462982903,0.15635207323061492
original_P0_condition_specific_progress_phase,episode_000004_000037,episode_000004,37,lift,259.34958476157027,39.980667600874,256.2493967489238,0.1541574382609084
original_P0_condition_specific_progress_phase,episode_000004_000038,episode_000004,38,lift,253.59677072655833,38.57938627782156,250.64507391402137,0.15212885466676518
original_P0_condition_specific_progress_phase,episode_000004_000039,episode_000004,39,lift,229.27017525078733,43.538325168249784,225.0982618792746,0.1898996462170684
original_P0_condition_specific_progress_phase,episode_000004_000040,episode_000004,40,lift,219.33925057397022,22.16327117808584,218.21662689409698,0.1010456227970537
original_P0_condition_specific_progress_phase,episode_000004_000041,episode_000004,41,lift,237.586751030814,49.71191644248399,232.3277633624391,0.20923690494861205
original_P0_condition_specific_progress_phase,episode_000004_000042,episode_000004,42,lift,214.4933597951811,35.59021879216422,211.5200645862016,0.16592690247450637
original_P0_condition_specific_progress_phase,episode_000004_000043,episode_000004,43,lift,213.49585879395536,33.425671556330386,210.8630034007314,0.15656355933624674
original_P0_condition_specific_progress_phase,episode_000004_000044,episode_000004,44,lift,243.75679765354388,33.9332583785344,241.38332663654788,0.1392094854592091
original_P0_condition_specific_progress_phase,episode_000005_000000,episode_000005,0,hold,225.65424757323308,22.402616931781317,224.53944464714843,0.0992785075960551
original_P0_condition_specific_progress_phase,episode_000005_000001,episode_000005,1,hold,228.10870239601215,22.084155141691248,227.03715599097464,0.09681417197030764
original_P0_condition_specific_progress_phase,episode_000005_000002,episode_000005,2,alignment,229.0730120761298,23.418414956303923,227.87282133366645,0.10223122638524122
original_P0_condition_specific_progress_phase,episode_000005_000003,episode_000005,3,alignment,230.10162800897425,23.136540107845473,228.93549249563384,0.1005492238713892
original_P0_condition_specific_progress_phase,episode_000005_000004,episode_000005,4,alignment,232.7479793742472,23.77651585715182,231.53034184851367,0.10215562739180804
original_P0_condition_specific_progress_phase,episode_000005_000005,episode_000005,5,alignment,228.34149223910924,22.77202790946011,227.20315099679837,0.0997279455702875
original_P0_condition_specific_progress_phase,episode_000005_000006,episode_000005,6,alignment,228.5008824679585,24.683541434360606,227.16376487216,0.10802383416537506
original_P0_condition_specific_progress_phase,episode_000005_000007,episode_000005,7,alignment,243.01790692221888,32.28058556775806,240.86441596935586,0.13283212737936176
original_P0_condition_specific_progress_phase,episode_000005_000008,episode_000005,8,alignment,234.09702839653616,30.126236033435603,232.1504439077091,0.12869123644920805
original_P0_condition_specific_progress_phase,episode_000005_000009,episode_000005,9,alignment,229.17203309131514,32.53601125775934,226.85067494420596,0.14197199727592916
original_P0_condition_specific_progress_phase,episode_000005_000010,episode_000005,10,alignment,252.0083934543015,40.616745112418954,248.7137117006033,0.16117219174997152
original_P0_condition_specific_progress_phase,episode_000005_000011,episode_000005,11,alignment,251.24430892841266,41.390723414129475,247.81144199606823,0.1647429292654067
original_P0_condition_specific_progress_phase,episode_000005_000012,episode_000005,12,alignment,250.02404463057306,42.42478205973182,246.3983781614949,0.16968280839715724
original_P0_condition_specific_progress_phase,episode_000005_000013,episode_000005,13,alignment,251.3488134413274,43.40772656935069,247.57220218038148,0.1726991505352119
original_P0_condition_specific_progress_phase,episode_000005_000014,episode_000005,14,alignment,250.56132410657713,40.16137076428693,247.32173668396933,0.1602855943848866
original_P0_condition_specific_progress_phase,episode_000005_000015,episode_000005,15,alignment,251.56651152053342,40.43372668200009,248.29583859826565,0.16072777905774552
original_P0_condition_specific_progress_phase,episode_000005_000016,episode_000005,16,alignment,265.4601839070768,65.56256824925522,257.23658154419013,0.24697703167494647
original_P0_condition_specific_progress_phase,episode_000005_000017,episode_000005,17,descent_to_grasp,243.5444986558924,42.73433287274807,239.76592672744627,0.1754682742110633
original_P0_condition_specific_progress_phase,episode_000005_000018,episode_000005,18,descent_to_grasp,238.7864424453433,49.23209931281655,233.6560837918761,0.20617627537244065
original_P0_condition_specific_progress_phase,episode_000005_000019,episode_000005,19,descent_to_grasp,257.0296533505773,56.46282464270662,250.75125550011688,0.21967436016300337
original_P0_condition_specific_progress_phase,episode_000005_000020,episode_000005,20,descent_to_grasp,249.94833346961073,65.16649956925129,241.30374373002692,0.26071988024346787
original_P0_condition_specific_progress_phase,episode_000005_000021,episode_000005,21,descent_to_grasp,258.5694761617741,37.873081384169,255.7807727508899,0.1464715864624086
original_P0_condition_specific_progress_phase,episode_000005_000022,episode_000005,22,descent_to_grasp,263.63911303028215,69.27724711188664,254.37422226316974,0.2627730245167731
original_P0_condition_specific_progress_phase,episode_000005_000023,episode_000005,23,descent_to_grasp,307.8549795258215,87.63164814656801,295.1192685372476,0.28465236547917483
original_P0_condition_specific_progress_phase,episode_000005_000024,episode_000005,24,descent_to_grasp,213.99936335718164,40.89004879207806,210.05649579829833,0.19107556279889198
original_P0_condition_specific_progress_phase,episode_000005_000025,episode_000005,25,grasp_close,220.11710956891727,33.42391972174087,217.56466513524052,0.15184607769563707
original_P0_condition_specific_progress_phase,episode_000005_000026,episode_000005,26,grasp_close,223.5455760317158,36.56425145034973,220.53498606621858,0.16356508636593253
original_P0_condition_specific_progress_phase,episode_000005_000027,episode_000005,27,grasp_close,259.17867406749826,49.62759221416651,254.38295379685113,0.19148023035738632
original_P0_condition_specific_progress_phase,episode_000005_000028,episode_000005,28,grasp_close,237.92818411264852,46.32885839670665,233.37407241336874,0.19471782449603353
original_P0_condition_specific_progress_phase,episode_000005_000029,episode_000005,29,grasp_close,236.43143007467148,46.18870717593294,231.875881575834,0.19535772871375556
original_P0_condition_specific_progress_phase,episode_000005_000030,episode_000005,30,grasp_close,236.210024839224,46.03135888403268,231.68144041730275,0.1948747048960511
original_P0_condition_specific_progress_phase,episode_000005_000031,episode_000005,31,grasp_close,237.00104742338405,45.53824869380825,232.5849616498926,0.19214366007614173
original_P0_condition_specific_progress_phase,episode_000005_000032,episode_000005,32,grasp_close,230.77065351573057,39.615813642635416,227.34485222566477,0.17166746741450375
original_P0_condition_specific_progress_phase,episode_000005_000033,episode_000005,33,grasp_close,229.9546736083084,37.276960565500666,226.91315546988844,0.1621056879626465
original_P0_condition_specific_progress_phase,episode_000005_000034,episode_000005,34,grasp_close,231.5971616188127,39.7347312660552,228.16309167151647,0.17156829983717528
original_P0_condition_specific_progress_phase,episode_000005_000035,episode_000005,35,lift,232.78189063225315,38.79684279571373,229.5260629981069,0.16666606964286862
original_P0_condition_specific_progress_phase,episode_000005_000036,episode_000005,36,lift,219.26969812704186,37.61730141770824,216.01883980517383,0.17155722719111552
original_P0_condition_specific_progress_phase,episode_000005_000037,episode_000005,37,lift,246.62402708367057,46.485277311362346,242.20348826607105,0.18848640929698054
original_P0_condition_specific_progress_phase,episode_000005_000038,episode_000005,38,lift,266.4653312596227,52.54962115085027,261.23229141934684,0.19720997437993193
original_P0_condition_specific_progress_phase,episode_000005_000039,episode_000005,39,lift,267.76441845845596,46.06015216749713,263.77309600242046,0.172017448892835
original_P0_condition_specific_progress_phase,episode_000005_000040,episode_000005,40,lift,248.1832096271267,42.686821436440525,244.4846433142085,0.17199721729996842
original_P0_condition_specific_progress_phase,episode_000005_000041,episode_000005,41,lift,272.0967993294602,46.65596137635971,268.0669496103244,0.17146824766530144
original_P0_condition_specific_progress_phase,episode_000005_000042,episode_000005,42,lift,273.6497495727552,50.549598693692836,268.94037166840207,0.18472371625632797
aligned_P4_condition_specific_progress_phase,episode_000001_000000,episode_000001,0,hold,153.70109114793303,15.594129869064353,152.9079740683656,0.10145750919917307
aligned_P4_condition_specific_progress_phase,episode_000001_000001,episode_000001,1,hold,159.57758636617592,16.091173207945868,158.76422838676922,0.10083604830957986
aligned_P4_condition_specific_progress_phase,episode_000001_000002,episode_000001,2,alignment,161.65750781157664,16.65152308114809,160.7976262602404,0.10300494735175941
aligned_P4_condition_specific_progress_phase,episode_000001_000003,episode_000001,3,alignment,161.40212993164138,15.812131465650511,160.6257265975268,0.09796730360589058
aligned_P4_condition_specific_progress_phase,episode_000001_000004,episode_000001,4,alignment,130.96706074694634,12.648944300863437,130.35480508507536,0.09658111153081186
aligned_P4_condition_specific_progress_phase,episode_000001_000005,episode_000001,5,alignment,128.48540051602657,10.627672191961716,128.04511208766996,0.08271501780963883
aligned_P4_condition_specific_progress_phase,episode_000001_000006,episode_000001,6,alignment,131.696021216785,12.336152335318078,131.11697582651803,0.09367141255552072
aligned_P4_condition_specific_progress_phase,episode_000001_000007,episode_000001,7,alignment,140.90139651970912,12.74561862674781,140.323742634758,0.0904577168258582
aligned_P4_condition_specific_progress_phase,episode_000001_000008,episode_000001,8,alignment,198.2864615603288,28.641929686378763,196.20693336871733,0.14444722781875066
aligned_P4_condition_specific_progress_phase,episode_000001_000009,episode_000001,9,alignment,153.3123530568711,14.383259664992286,152.6361668846676,0.09381670412205353
aligned_P4_condition_specific_progress_phase,episode_000001_000010,episode_000001,10,alignment,154.64446493670343,15.617361031057403,153.8538545827985,0.10098881351783039
aligned_P4_condition_specific_progress_phase,episode_000001_000011,episode_000001,11,alignment,154.34990677705494,17.67859495163031,153.33414819478975,0.11453583173953909
aligned_P4_condition_specific_progress_phase,episode_000001_000012,episode_000001,12,alignment,170.73260482208283,16.35496133519037,169.94745537682502,0.09579284139800691
aligned_P4_condition_specific_progress_phase,episode_000001_000013,episode_000001,13,alignment,178.74588001935874,18.172585259323007,177.81970298278992,0.10166715594985944
aligned_P4_condition_specific_progress_phase,episode_000001_000014,episode_000001,14,alignment,182.4376165739499,17.938624397099854,181.5535449830802,0.09832744328705122
aligned_P4_condition_specific_progress_phase,episode_000001_000015,episode_000001,15,alignment,187.12351733821453,28.704902206036852,184.90873243404957,0.1534008264399737
aligned_P4_condition_specific_progress_phase,episode_000001_000016,episode_000001,16,alignment,199.57048164116955,20.092900169639876,198.55642146569141,0.10068072194046805
aligned_P4_condition_specific_progress_phase,episode_000001_000017,episode_000001,17,alignment,180.10424872906415,13.346873321090502,179.60902366755232,0.07410637680829271
aligned_P4_condition_specific_progress_phase,episode_000001_000018,episode_000001,18,alignment,178.32394594971439,10.331522752553308,178.02440657586848,0.05793682221156488
aligned_P4_condition_specific_progress_phase,episode_000001_000019,episode_000001,19,alignment,179.66672293873285,10.45052915521366,179.3625316835136,0.058166192293590935
aligned_P4_condition_specific_progress_phase,episode_000001_000020,episode_000001,20,descent_to_grasp,205.14705818206318,32.61602361976994,202.5376767023593,0.1589885027297052
aligned_P4_condition_specific_progress_phase,episode_000001_000021,episode_000001,21,descent_to_grasp,202.34796517039075,31.952231554832586,199.8092938460672,0.15790735294978941
aligned_P4_condition_specific_progress_phase,episode_000001_000022,episode_000001,22,descent_to_grasp,183.80062874484264,27.766358771821107,181.69122281374516,0.15106781169049846
aligned_P4_condition_specific_progress_phase,episode_000001_000023,episode_000001,23,descent_to_grasp,169.18511661671755,28.73191606088166,166.72756426003102,0.16982531699861472
aligned_P4_condition_specific_progress_phase,episode_000001_000024,episode_000001,24,descent_to_grasp,177.95425169514795,22.789494637291366,176.4889646140997,0.1280637827992549
aligned_P4_condition_specific_progress_phase,episode_000001_000025,episode_000001,25,descent_to_grasp,144.79641683387825,21.63212327972755,143.17141324419794,0.14939681348983663
aligned_P4_condition_specific_progress_phase,episode_000001_000026,episode_000001,26,descent_to_grasp,128.6546310687917,17.80619827200225,127.41645654524005,0.1384030883620603
aligned_P4_condition_specific_progress_phase,episode_000001_000027,episode_000001,27,descent_to_grasp,131.50625714277038,17.984555902383246,130.2706851778039,0.136758176326608
aligned_P4_condition_specific_progress_phase,episode_000001_000028,episode_000001,28,grasp_close,174.41188487944726,41.65070651936429,169.3656524612926,0.23880658447188435
aligned_P4_condition_specific_progress_phase,episode_000001_000029,episode_000001,29,grasp_close,174.11660063365568,40.527494966984236,169.3343224745681,0.23276066049701247
aligned_P4_condition_specific_progress_phase,episode_000001_000030,episode_000001,30,grasp_close,168.72943636316563,41.99929337816095,163.4187322529664,0.24891503393494163
aligned_P4_condition_specific_progress_phase,episode_000001_000031,episode_000001,31,grasp_close,170.69405119048503,39.20334270024982,166.13114407884723,0.2296702341225769
aligned_P4_condition_specific_progress_phase,episode_000001_000032,episode_000001,32,grasp_close,173.09590322539054,42.8481596043107,167.70875627687806,0.2475399983818076
aligned_P4_condition_specific_progress_phase,episode_000001_000033,episode_000001,33,grasp_close,172.91393951192393,40.4897352192589,168.10654900808473,0.23416119795516413
aligned_P4_condition_specific_progress_phase,episode_000001_000034,episode_000001,34,grasp_close,173.35371904372656,44.2671450527328,167.60647891764685,0.2553573427609413
aligned_P4_condition_specific_progress_phase,episode_000001_000035,episode_000001,35,grasp_close,174.1164470104239,43.506041479496474,168.59347992825252,0.24986750089663773
aligned_P4_condition_specific_progress_phase,episode_000001_000036,episode_000001,36,grasp_close,202.63988904948158,43.55933069486828,197.90277750299845,0.21495930983376996
aligned_P4_condition_specific_progress_phase,episode_000001_000037,episode_000001,37,grasp_close,202.61857032545626,42.600376687631226,198.0896083766228,0.21024912286768352
aligned_P4_condition_specific_progress_phase,episode_000001_000038,episode_000001,38,lift,164.8038879896599,42.8384982293808,159.1388845190254,0.2599362111655313
aligned_P4_condition_specific_progress_phase,episode_000001_000039,episode_000001,39,lift,160.95380815946697,39.73355536914659,155.97234671172149,0.246863095837907
aligned_P4_condition_specific_progress_phase,episode_000001_000040,episode_000001,40,lift,157.1301951197098,20.4155358466709,155.7982802037666,0.12992751540286257
aligned_P4_condition_specific_progress_phase,episode_000001_000041,episode_000001,41,lift,216.46555980401646,46.64388914741011,211.38042999878286,0.21547949331820054
aligned_P4_condition_specific_progress_phase,episode_000001_000042,episode_000001,42,lift,226.78743553440555,60.27958484007434,218.62962417700953,0.26579772683627984
aligned_P4_condition_specific_progress_phase,episode_000001_000043,episode_000001,43,lift,234.59065643893314,61.375320412747094,226.41962400084094,0.26162730154908725
aligned_P4_condition_specific_progress_phase,episode_000001_000044,episode_000001,44,lift,229.03993044609214,51.42784911827972,223.19154570417354,0.22453660817184018
aligned_P4_condition_specific_progress_phase,episode_000001_000045,episode_000001,45,lift,231.15856372204385,51.70658160827325,225.30137815917857,0.2236844734441581
aligned_P4_condition_specific_progress_phase,episode_000002_000000,episode_000002,0,hold,122.99675004820614,12.13895933866221,122.39626705335094,0.09869333404260344
aligned_P4_condition_specific_progress_phase,episode_000002_000001,episode_000002,1,hold,123.27075732170404,12.554057622872921,122.62983017140664,0.10184132794860791
aligned_P4_condition_specific_progress_phase,episode_000002_000002,episode_000002,2,alignment,125.63582610936574,12.492776212769083,125.01316468548605,0.0994364155483337
aligned_P4_condition_specific_progress_phase,episode_000002_000003,episode_000002,3,alignment,125.21666230306036,12.148428511852424,124.6259531679139,0.09701926475607321
aligned_P4_condition_specific_progress_phase,episode_000002_000004,episode_000002,4,alignment,116.21616448004619,14.400066505503219,115.32057479517796,0.12390760416099988
aligned_P4_condition_specific_progress_phase,episode_000002_000005,episode_000002,5,alignment,105.91450527750305,12.835378922801974,105.13389308917611,0.12118622363549192
aligned_P4_condition_specific_progress_phase,episode_000002_000006,episode_000002,6,alignment,106.0871336568474,12.485204536903293,105.34989129181622,0.11768820691572558
aligned_P4_condition_specific_progress_phase,episode_000002_000007,episode_000002,7,alignment,112.22769679158121,13.401939379284904,111.42461105167502,0.11941739661800005
aligned_P4_condition_specific_progress_phase,episode_000002_000008,episode_000002,8,alignment,127.4457945599462,15.762652224304277,126.46726590652479,0.12368122682063125
aligned_P4_condition_specific_progress_phase,episode_000002_000009,episode_000002,9,alignment,113.05071294704686,14.336400919778235,112.1380011704461,0.12681389215558003
aligned_P4_condition_specific_progress_phase,episode_000002_000010,episode_000002,10,alignment,130.2174029681765,17.74450647714254,129.0027306907071,0.1362683180026181
aligned_P4_condition_specific_progress_phase,episode_000002_000011,episode_000002,11,alignment,155.99529988715983,21.75899124917817,154.4703204072003,0.13948491566680324
aligned_P4_condition_specific_progress_phase,episode_000002_000012,episode_000002,12,alignment,147.4606527722938,13.552922675344155,146.8365159045499,0.09190873918259636
aligned_P4_condition_specific_progress_phase,episode_000002_000013,episode_000002,13,alignment,161.7957395093554,12.358308130033706,161.323071950488,0.07638216041726563
aligned_P4_condition_specific_progress_phase,episode_000002_000014,episode_000002,14,alignment,164.8963960995958,15.712876172341407,164.14605377232635,0.0952893849957217
aligned_P4_condition_specific_progress_phase,episode_000002_000015,episode_000002,15,alignment,171.63270701157236,17.21381032390175,170.76730029561566,0.10029446382117078
aligned_P4_condition_specific_progress_phase,episode_000002_000016,episode_000002,16,alignment,176.8381139951741,16.197303703018203,176.0947640167713,0.09159396318522277
aligned_P4_condition_specific_progress_phase,episode_000002_000017,episode_000002,17,alignment,170.37021634137577,18.450164184370482,169.36824394725522,0.10829453985901709
aligned_P4_condition_specific_progress_phase,episode_000002_000018,episode_000002,18,alignment,155.2696095713442,19.506360952174013,154.03945448761226,0.12562896890141992
aligned_P4_condition_specific_progress_phase,episode_000002_000019,episode_000002,19,alignment,149.29401437141433,15.618891542874147,148.47475527544742,0.10461833723633017
aligned_P4_condition_specific_progress_phase,episode_000002_000020,episode_000002,20,alignment,168.4952641569774,40.60978686314132,163.5282827350053,0.2410144110953024
aligned_P4_condition_specific_progress_phase,episode_000002_000021,episode_000002,21,descent_to_grasp,168.5901020594964,40.872127271881986,163.56066680196216,0.24243491624115623
aligned_P4_condition_specific_progress_phase,episode_000002_000022,episode_000002,22,descent_to_grasp,165.7649005230526,35.69109835659755,161.8769524778534,0.2153115541588013
aligned_P4_condition_specific_progress_phase,episode_000002_000023,episode_000002,23,descent_to_grasp,180.45242987152855,32.95800054388206,177.4171627737531,0.18264093516139518
aligned_P4_condition_specific_progress_phase,episode_000002_000024,episode_000002,24,descent_to_grasp,235.4170751730662,33.309815646729255,233.04861180582478,0.1414927766910775
aligned_P4_condition_specific_progress_phase,episode_000002_000025,episode_000002,25,descent_to_grasp,145.34829976671463,13.938517431029757,144.67842263758482,0.09589735451602259
aligned_P4_condition_specific_progress_phase,episode_000002_000026,episode_000002,26,descent_to_grasp,108.86901821076775,11.173283062365323,108.29414052378245,0.10263051183886054
aligned_P4_condition_specific_progress_phase,episode_000002_000027,episode_000002,27,descent_to_grasp,109.1791548414651,11.331182842773698,108.58955818714912,0.1037852221811689
aligned_P4_condition_specific_progress_phase,episode_000002_000028,episode_000002,28,descent_to_grasp,193.09678941470932,23.494901340270403,191.66209769612655,0.12167422053719894
aligned_P4_condition_specific_progress_phase,episode_000002_000029,episode_000002,29,grasp_close,140.47007679904445,18.46539430868643,139.25111018930576,0.13145429068927542
aligned_P4_condition_specific_progress_phase,episode_000002_000030,episode_000002,30,grasp_close,135.4447873808366,11.636167027885081,134.94402560150334,0.08591077776339308
aligned_P4_condition_specific_progress_phase,episode_000002_000031,episode_000002,31,grasp_close,136.78864663502966,12.384062967607877,136.22690201519424,0.09053428974007037
aligned_P4_condition_specific_progress_phase,episode_000002_000032,episode_000002,32,grasp_close,137.67671844307756,13.351155980321561,137.02782722952145,0.09697468193100198
aligned_P4_condition_specific_progress_phase,episode_000002_000033,episode_000002,33,grasp_close,139.3650683329348,12.246065781933504,138.8259923224327,0.08787041063029069
aligned_P4_condition_specific_progress_phase,episode_000002_000034,episode_000002,34,grasp_close,137.21893981067024,13.099864069072456,136.59220696707467,0.09546688006150739
aligned_P4_condition_specific_progress_phase,episode_000002_000035,episode_000002,35,grasp_close,136.6925080889193,12.245986182369887,136.1428572862362,0.08958783735538599
aligned_P4_condition_specific_progress_phase,episode_000002_000036,episode_000002,36,grasp_close,152.38819716578857,27.798995400024403,149.8311666182596,0.18242223424810836
aligned_P4_condition_specific_progress_phase,episode_000002_000037,episode_000002,37,grasp_close,151.72768905162363,25.892581198335265,149.5020597310746,0.1706516546859526
aligned_P4_condition_specific_progress_phase,episode_000002_000038,episode_000002,38,grasp_close,149.93462625183702,26.047488582068304,147.65473405158764,0.1737256378544457
aligned_P4_condition_specific_progress_phase,episode_000002_000039,episode_000002,39,lift,144.0561225257435,12.34922203216693,143.52582747489132,0.08572507586381875
aligned_P4_condition_specific_progress_phase,episode_000002_000040,episode_000002,40,lift,190.31768096885432,30.881391213356878,187.79552541551735,0.16226233451431477
aligned_P4_condition_specific_progress_phase,episode_000002_000041,episode_000002,41,lift,158.9955097605206,24.278883513661604,157.1308624660918,0.15270169296120698
aligned_P4_condition_specific_progress_phase,episode_000002_000042,episode_000002,42,lift,141.95488119855176,17.05060631202326,140.92716246518034,0.12011285676168218
aligned_P4_condition_specific_progress_phase,episode_000002_000043,episode_000002,43,lift,144.8111729860644,26.552848554526353,142.35596951038005,0.1833618774504479
aligned_P4_condition_specific_progress_phase,episode_000002_000044,episode_000002,44,lift,181.96315045729204,31.25184229171479,179.25933860671495,0.17174819304444724
aligned_P4_condition_specific_progress_phase,episode_000002_000045,episode_000002,45,lift,180.0865635749595,32.110051481249116,177.20077588461476,0.17830342721756462
aligned_P4_condition_specific_progress_phase,episode_000002_000046,episode_000002,46,lift,179.58391780060094,30.022932490210966,177.05650809078222,0.1671805184891144
aligned_P4_condition_specific_progress_phase,episode_000003_000000,episode_000003,0,hold,114.15225719866673,7.560548731098458,113.90160633825691,0.06623214395086673
aligned_P4_condition_specific_progress_phase,episode_000003_000001,episode_000003,1,hold,116.90441907168382,8.173944893814772,116.61830826830216,0.0699198966020493
aligned_P4_condition_specific_progress_phase,episode_000003_000002,episode_000003,2,alignment,115.94186168961458,7.9514776616743275,115.66887781529486,0.06858159379017954
aligned_P4_condition_specific_progress_phase,episode_000003_000003,episode_000003,3,alignment,116.38226256205037,8.493427774390833,116.07192909443367,0.07297871331434613
aligned_P4_condition_specific_progress_phase,episode_000003_000004,episode_000003,4,alignment,126.91774850606377,8.886115623452357,126.60628671189708,0.07001475938590104
aligned_P4_condition_specific_progress_phase,episode_000003_000005,episode_000003,5,alignment,101.239318060965,5.057909605490073,101.11289270845695,0.04995993357486135
aligned_P4_condition_specific_progress_phase,episode_000003_000006,episode_000003,6,alignment,109.51848831834889,8.792910424231817,109.16493947146105,0.08028699591499602
aligned_P4_condition_specific_progress_phase,episode_000003_000007,episode_000003,7,alignment,129.4417159910045,11.429199116219902,128.93615182041717,0.08829610322080535
aligned_P4_condition_specific_progress_phase,episode_000003_000008,episode_000003,8,alignment,137.44428441008213,16.11302557776782,136.49652641635151,0.11723314393847477
aligned_P4_condition_specific_progress_phase,episode_000003_000009,episode_000003,9,alignment,124.99851242390453,13.264117359341768,124.29276446707034,0.10611420169833283
aligned_P4_condition_specific_progress_phase,episode_000003_000010,episode_000003,10,alignment,133.21124417286677,13.075851434061324,132.5679361058227,0.09815876666607014
aligned_P4_condition_specific_progress_phase,episode_000003_000011,episode_000003,11,alignment,158.34536394070878,15.895126048638504,157.5455465870534,0.10038264242829562
aligned_P4_condition_specific_progress_phase,episode_000003_000012,episode_000003,12,alignment,170.20722710828232,21.269490954516144,168.87305561997198,0.12496232572418874
aligned_P4_condition_specific_progress_phase,episode_000003_000013,episode_000003,13,alignment,150.33871166637155,11.499510343998276,149.89826379032107,0.07649068038788136
aligned_P4_condition_specific_progress_phase,episode_000003_000014,episode_000003,14,alignment,150.69241229298004,12.365267288538154,150.18423115480698,0.08205633648293642
aligned_P4_condition_specific_progress_phase,episode_000003_000015,episode_000003,15,alignment,171.1181197915255,23.103087013340165,169.5513441157011,0.13501251089882726
aligned_P4_condition_specific_progress_phase,episode_000003_000016,episode_000003,16,alignment,185.7731504297583,30.643379544665247,183.22840039327744,0.16495052957747872
aligned_P4_condition_specific_progress_phase,episode_000003_000017,episode_000003,17,alignment,188.4164429570784,32.25525228827915,185.6350039093313,0.17119128130248673
aligned_P4_condition_specific_progress_phase,episode_000003_000018,episode_000003,18,descent_to_grasp,161.5206003264344,17.138881984086826,160.60872658155068,0.10610957332655409
aligned_P4_condition_specific_progress_phase,episode_000003_000019,episode_000003,19,descent_to_grasp,169.67071615790738,23.138797665408475,168.08553764121547,0.13637472740949533
aligned_P4_condition_specific_progress_phase,episode_000003_000020,episode_000003,20,descent_to_grasp,187.01911441798018,23.91258577223459,185.48406238642468,0.1278617206944469
aligned_P4_condition_specific_progress_phase,episode_000003_000021,episode_000003,21,descent_to_grasp,157.728657798408,19.733052850141963,156.4894121533492,0.12510759379796824
aligned_P4_condition_specific_progress_phase,episode_000003_000022,episode_000003,22,descent_to_grasp,177.18879545391295,35.98063793277677,173.49715538981908,0.20306384408000216
aligned_P4_condition_specific_progress_phase,episode_000003_000023,episode_000003,23,descent_to_grasp,182.31015548461104,36.80287805170918,178.55682837666578,0.2018695993861721
aligned_P4_condition_specific_progress_phase,episode_000003_000024,episode_000003,24,descent_to_grasp,120.66991623261012,15.91964528172412,119.61518957761686,0.1319272091897082
aligned_P4_condition_specific_progress_phase,episode_000003_000025,episode_000003,25,descent_to_grasp,128.86673431162347,17.482840476149885,127.67531280959545,0.13566604732818913
aligned_P4_condition_specific_progress_phase,episode_000003_000026,episode_000003,26,grasp_close,152.9062585419546,14.677374944674963,152.20019239814545,0.09598936684889041
aligned_P4_condition_specific_progress_phase,episode_000003_000027,episode_000003,27,grasp_close,154.01480466227272,15.857816473420733,153.196245749866,0.10296293598653795
aligned_P4_condition_specific_progress_phase,episode_000003_000028,episode_000003,28,grasp_close,140.72457409950005,12.669921815553057,140.15305503867353,0.09003347067580907
aligned_P4_condition_specific_progress_phase,episode_000003_000029,episode_000003,29,grasp_close,138.93843799089916,10.905875942736191,138.50975208003433,0.07849430366743115
aligned_P4_condition_specific_progress_phase,episode_000003_000030,episode_000003,30,grasp_close,140.289961857107,11.921297700496366,139.78253130847457,0.08497612760518718
aligned_P4_condition_specific_progress_phase,episode_000003_000031,episode_000003,31,grasp_close,138.2509288191988,11.92832420255844,137.73537817528884,0.08628024639283263
aligned_P4_condition_specific_progress_phase,episode_000003_000032,episode_000003,32,grasp_close,141.7538842437392,12.400548741654724,141.21044610471728,0.08747942822034109
aligned_P4_condition_specific_progress_phase,episode_000003_000033,episode_000003,33,grasp_close,140.37592498180373,11.684928898514544,139.88875133881797,0.08324026288716677
aligned_P4_condition_specific_progress_phase,episode_000003_000034,episode_000003,34,grasp_close,139.32862392656858,11.900552587039746,138.81945934700323,0.08541355144160316
aligned_P4_condition_specific_progress_phase,episode_000003_000035,episode_000003,35,grasp_close,139.54983396547564,12.204349073508276,139.01514314449264,0.08745513145166198
aligned_P4_condition_specific_progress_phase,episode_000003_000036,episode_000003,36,lift,137.6594260209384,12.338081356910509,137.10539493705005,0.08962758100585026
aligned_P4_condition_specific_progress_phase,episode_000003_000037,episode_000003,37,lift,138.37728578677738,15.484559600960482,137.5081875223427,0.11190102127613856
aligned_P4_condition_specific_progress_phase,episode_000003_000038,episode_000003,38,lift,158.30153088228454,20.657692873427948,156.94787161609426,0.1304958502820123
aligned_P4_condition_specific_progress_phase,episode_000003_000039,episode_000003,39,lift,174.68815602999393,20.877858306421913,173.43605994629974,0.11951501911118226
aligned_P4_condition_specific_progress_phase,episode_000003_000040,episode_000003,40,lift,151.6871370085586,17.305253774457295,150.69676746916258,0.11408517634215012
aligned_P4_condition_specific_progress_phase,episode_000003_000041,episode_000003,41,lift,166.18037446184482,20.138421106665977,164.95563297932435,0.12118411197400315
aligned_P4_condition_specific_progress_phase,episode_000003_000042,episode_000003,42,lift,151.90775121878764,14.773576115777226,151.18765270054436,0.09725360290864513
aligned_P4_condition_specific_progress_phase,episode_000003_000043,episode_000003,43,lift,155.98012744839014,15.360641694811433,155.22194060615158,0.09847819684526081
aligned_P4_condition_specific_progress_phase,episode_000004_000000,episode_000004,0,hold,145.21585700582435,17.634207388843624,144.14118029107183,0.12143444767286225
aligned_P4_condition_specific_progress_phase,episode_000004_000001,episode_000004,1,hold,141.84159343969944,17.155195270048804,140.80034412159466,0.1209461544673208
aligned_P4_condition_specific_progress_phase,episode_000004_000002,episode_000004,2,alignment,131.31055479541328,14.444348090301162,130.51368743900176,0.11000142458316464
aligned_P4_condition_specific_progress_phase,episode_000004_000003,episode_000004,3,alignment,124.33432351502391,13.12088883695662,123.64006745415038,0.10552909660035396
aligned_P4_condition_specific_progress_phase,episode_000004_000004,episode_000004,4,alignment,105.19247123752925,9.823020560867922,104.73282327961557,0.0933814031109423
aligned_P4_condition_specific_progress_phase,episode_000004_000005,episode_000004,5,alignment,96.54335491613921,10.41060110445867,95.9804082253637,0.10783343000149175
aligned_P4_condition_specific_progress_phase,episode_000004_000006,episode_000004,6,alignment,98.30743828593414,10.30514387276944,97.76582445877635,0.10482567802037726
aligned_P4_condition_specific_progress_phase,episode_000004_000007,episode_000004,7,alignment,102.88219785503274,11.776948484990173,102.20592018011477,0.11447022643883063
aligned_P4_condition_specific_progress_phase,episode_000004_000008,episode_000004,8,alignment,118.46494062678902,13.411792890107343,117.70329633948877,0.11321318205324346
aligned_P4_condition_specific_progress_phase,episode_000004_000009,episode_000004,9,alignment,113.2143771047257,11.20347978799987,112.65867575935249,0.0989581012103826
aligned_P4_condition_specific_progress_phase,episode_000004_000010,episode_000004,10,alignment,127.17478536363527,10.817551489999893,126.7138769513738,0.0850605051863771
aligned_P4_condition_specific_progress_phase,episode_000004_000011,episode_000004,11,alignment,129.2073032587585,9.183807179367083,128.88050628816208,0.07107808109712674
aligned_P4_condition_specific_progress_phase,episode_000004_000012,episode_000004,12,alignment,141.6941463764955,11.410509500652127,141.23395976286744,0.08052915234997263
aligned_P4_condition_specific_progress_phase,episode_000004_000013,episode_000004,13,alignment,188.6596600591075,16.906391327400566,187.90061539522108,0.0896131760340486
aligned_P4_condition_specific_progress_phase,episode_000004_000014,episode_000004,14,alignment,192.2751147097808,21.698952408623224,191.0467879892977,0.11285367033261441
aligned_P4_condition_specific_progress_phase,episode_000004_000015,episode_000004,15,alignment,204.05381364430968,22.82950176478157,202.77271195098837,0.11187980933586536
aligned_P4_condition_specific_progress_phase,episode_000004_000016,episode_000004,16,alignment,183.94613114187803,16.147921094429204,183.23597847145925,0.08778614148711983
aligned_P4_condition_specific_progress_phase,episode_000004_000017,episode_000004,17,alignment,170.66022838202974,14.223676423004738,170.0664593046501,0.08334499817476201
aligned_P4_condition_specific_progress_phase,episode_000004_000018,episode_000004,18,alignment,173.39407950864754,15.311587227337979,172.71671055584287,0.08830513285532542
aligned_P4_condition_specific_progress_phase,episode_000004_000019,episode_000004,19,descent_to_grasp,215.22045708043797,31.10224290545926,212.96125382839588,0.14451341348947555
aligned_P4_condition_specific_progress_phase,episode_000004_000020,episode_000004,20,descent_to_grasp,175.8623491664349,29.848305817988667,173.3108320161579,0.1697253901103097
aligned_P4_condition_specific_progress_phase,episode_000004_000021,episode_000004,21,descent_to_grasp,178.02085546473094,28.94788560210983,175.65148704056503,0.16260951856758668
aligned_P4_condition_specific_progress_phase,episode_000004_000022,episode_000004,22,descent_to_grasp,191.65665126572085,19.048375026852895,190.70771191335317,0.09938801967505644
aligned_P4_condition_specific_progress_phase,episode_000004_000023,episode_000004,23,descent_to_grasp,187.08252418545402,32.714546916573795,184.1999708893687,0.17486693136630987
aligned_P4_condition_specific_progress_phase,episode_000004_000024,episode_000004,24,descent_to_grasp,128.81485196621412,18.246297988788086,127.51603309694826,0.1416474708488876
aligned_P4_condition_specific_progress_phase,episode_000004_000025,episode_000004,25,descent_to_grasp,134.8485398746661,14.79515019526065,134.03444421874957,0.10971679937366681
aligned_P4_condition_specific_progress_phase,episode_000004_000026,episode_000004,26,descent_to_grasp,136.2595779531434,13.860126281905732,135.55282912362392,0.10171854698296451
aligned_P4_condition_specific_progress_phase,episode_000004_000027,episode_000004,27,grasp_close,161.61767477104743,12.971924411185329,161.0962506561545,0.08026303081987633
aligned_P4_condition_specific_progress_phase,episode_000004_000028,episode_000004,28,grasp_close,137.1549807900545,13.470609601202364,136.491873137166,0.09821451268927708
aligned_P4_condition_specific_progress_phase,episode_000004_000029,episode_000004,29,grasp_close,141.8720724443695,14.34056030859728,141.14543304583367,0.10108092495949449
aligned_P4_condition_specific_progress_phase,episode_000004_000030,episode_000004,30,grasp_close,147.12931515857412,21.130380503670473,145.6040603788271,0.14361774525285065
aligned_P4_condition_specific_progress_phase,episode_000004_000031,episode_000004,31,grasp_close,147.89707345927764,20.609853267362467,146.45401423695,0.13935267808417615
aligned_P4_condition_specific_progress_phase,episode_000004_000032,episode_000004,32,grasp_close,144.77687807978953,21.797256263250894,143.12660146151873,0.15055757903025077
aligned_P4_condition_specific_progress_phase,episode_000004_000033,episode_000004,33,grasp_close,144.46019438563124,20.9422923204303,142.93413921908234,0.14496929351019433
aligned_P4_condition_specific_progress_phase,episode_000004_000034,episode_000004,34,grasp_close,146.02231156812636,21.12316523456379,144.48642623503525,0.14465710758666375
aligned_P4_condition_specific_progress_phase,episode_000004_000035,episode_000004,35,grasp_close,144.45783345463073,21.064121364245704,142.91384970519184,0.14581501646888
aligned_P4_condition_specific_progress_phase,episode_000004_000036,episode_000004,36,grasp_close,146.1052956473376,25.513105403312398,143.86048404226716,0.1746213598232249
aligned_P4_condition_specific_progress_phase,episode_000004_000037,episode_000004,37,lift,159.2210858218912,17.217252750821526,158.28746121539876,0.10813425032210362
aligned_P4_condition_specific_progress_phase,episode_000004_000038,episode_000004,38,lift,154.73269575666356,16.085796014804664,153.89429587445503,0.10395861027395001
aligned_P4_condition_specific_progress_phase,episode_000004_000039,episode_000004,39,lift,146.3717237893864,17.91867168842361,145.27079104210495,0.12241894284313208
aligned_P4_condition_specific_progress_phase,episode_000004_000040,episode_000004,40,lift,151.77613009570152,23.975987302566036,149.87042970410977,0.15796942040522527
aligned_P4_condition_specific_progress_phase,episode_000004_000041,episode_000004,41,lift,148.31058538346096,15.173119500570367,147.53239027890206,0.10230638265866097
aligned_P4_condition_specific_progress_phase,episode_000004_000042,episode_000004,42,lift,145.94581683213778,14.088810032906483,145.2641968368551,0.09653452451543015
aligned_P4_condition_specific_progress_phase,episode_000004_000043,episode_000004,43,lift,140.01081302022894,13.894171958052846,139.31970337387878,0.09923642080448028
aligned_P4_condition_specific_progress_phase,episode_000004_000044,episode_000004,44,lift,189.89695335685133,31.09582749779359,187.33366597182055,0.16375106049942154
aligned_P4_condition_specific_progress_phase,episode_000005_000000,episode_000005,0,hold,151.22625186744133,17.249353887412127,150.23927264314622,0.11406322430401962
aligned_P4_condition_specific_progress_phase,episode_000005_000001,episode_000005,1,hold,147.23071718666924,15.514811611655398,146.41097876851936,0.10537754558367499
aligned_P4_condition_specific_progress_phase,episode_000005_000002,episode_000005,2,alignment,148.12194780751753,15.453232553325114,147.3136416831306,0.10432777034100564
aligned_P4_condition_specific_progress_phase,episode_000005_000003,episode_000005,3,alignment,150.6865830644664,16.54515302951591,149.77551277453279,0.10979844849516296
aligned_P4_condition_specific_progress_phase,episode_000005_000004,episode_000005,4,alignment,190.68668458421257,26.356864934054787,188.8563669791595,0.13822079392446965
aligned_P4_condition_specific_progress_phase,episode_000005_000005,episode_000005,5,alignment,157.31367088987642,18.265801152541894,156.24964498232995,0.11611070448752302
aligned_P4_condition_specific_progress_phase,episode_000005_000006,episode_000005,6,alignment,163.47566096984673,24.659486398565406,161.60507869521686,0.1508450019548407
aligned_P4_condition_specific_progress_phase,episode_000005_000007,episode_000005,7,alignment,172.32056441167776,22.378833490956527,170.86124408637326,0.12986745701164826
aligned_P4_condition_specific_progress_phase,episode_000005_000008,episode_000005,8,alignment,170.0812207504812,21.753210824572506,168.68437826543283,0.1278989575015204
aligned_P4_condition_specific_progress_phase,episode_000005_000009,episode_000005,9,alignment,177.5170925768582,19.474638991108996,176.4456193650237,0.10970571176224742
aligned_P4_condition_specific_progress_phase,episode_000005_000010,episode_000005,10,alignment,173.75311487667074,22.11934573908884,172.33943098844267,0.12730330477694782
aligned_P4_condition_specific_progress_phase,episode_000005_000011,episode_000005,11,alignment,176.70369117313422,20.739821942429177,175.48234743132065,0.11737062086670451
aligned_P4_condition_specific_progress_phase,episode_000005_000012,episode_000005,12,alignment,191.2796049205003,13.334279415126245,190.8142663718361,0.06971093139108188
aligned_P4_condition_specific_progress_phase,episode_000005_000013,episode_000005,13,alignment,175.71914006210056,12.586912366563457,175.267754653389,0.07163085570595862
aligned_P4_condition_specific_progress_phase,episode_000005_000014,episode_000005,14,alignment,171.7845983342468,12.586708642763687,171.32286184394854,0.07327029759835235
aligned_P4_condition_specific_progress_phase,episode_000005_000015,episode_000005,15,alignment,179.46471920119583,16.632655148184565,178.69230599185192,0.0926792476104336
aligned_P4_condition_specific_progress_phase,episode_000005_000016,episode_000005,16,alignment,186.97853826573692,20.196468443436856,185.88457825867346,0.10801490176767405
aligned_P4_condition_specific_progress_phase,episode_000005_000017,episode_000005,17,descent_to_grasp,182.7110781184639,17.240712816101418,181.89583801946688,0.09436052260018467
aligned_P4_condition_specific_progress_phase,episode_000005_000018,episode_000005,18,descent_to_grasp,179.2023182028612,13.909702447928241,178.66166636156066,0.07762010328561784
aligned_P4_condition_specific_progress_phase,episode_000005_000019,episode_000005,19,descent_to_grasp,162.8410148240647,18.24192130034266,161.81603263027853,0.11202289128479972
aligned_P4_condition_specific_progress_phase,episode_000005_000020,episode_000005,20,descent_to_grasp,160.42862901776246,17.46863381647998,159.47473731317004,0.10888725985775191
aligned_P4_condition_specific_progress_phase,episode_000005_000021,episode_000005,21,descent_to_grasp,178.37880002380882,24.03365011590028,176.75231246023478,0.1347337806549457
aligned_P4_condition_specific_progress_phase,episode_000005_000022,episode_000005,22,descent_to_grasp,223.4368457253594,65.81682597704842,213.52322928900495,0.2945656781153638
aligned_P4_condition_specific_progress_phase,episode_000005_000023,episode_000005,23,descent_to_grasp,234.52356301785525,59.86744294877107,226.7535906779991,0.2552726138832076
aligned_P4_condition_specific_progress_phase,episode_000005_000024,episode_000005,24,descent_to_grasp,146.0317444144775,25.888994233342164,143.71858040741026,0.1772833320395202
aligned_P4_condition_specific_progress_phase,episode_000005_000025,episode_000005,25,grasp_close,148.02362615984282,9.051743981074912,147.74660683890502,0.061150670442976555
aligned_P4_condition_specific_progress_phase,episode_000005_000026,episode_000005,26,grasp_close,149.7123277788642,14.943463518131223,148.9646736211252,0.0998145158774352
aligned_P4_condition_specific_progress_phase,episode_000005_000027,episode_000005,27,grasp_close,161.1797088192696,20.26692400320459,159.90043879399724,0.12574116277831127
aligned_P4_condition_specific_progress_phase,episode_000005_000028,episode_000005,28,grasp_close,170.89930710894453,34.09139405639698,167.4644739089721,0.19948234216458507
aligned_P4_condition_specific_progress_phase,episode_000005_000029,episode_000005,29,grasp_close,172.51693386532648,34.255665495760255,169.0817608488154,0.19856407558519198
aligned_P4_condition_specific_progress_phase,episode_000005_000030,episode_000005,30,grasp_close,172.74805174902278,34.07757710300396,169.3535004712683,0.19726750465767112
aligned_P4_condition_specific_progress_phase,episode_000005_000031,episode_000005,31,grasp_close,170.4556123282489,32.93055728584061,167.24441446889114,0.19319139356013545
aligned_P4_condition_specific_progress_phase,episode_000005_000032,episode_000005,32,grasp_close,165.18448506437574,25.7106558207005,163.17130962044905,0.15564812767180003
aligned_P4_condition_specific_progress_phase,episode_000005_000033,episode_000005,33,grasp_close,165.83026784254244,27.319568358319774,163.56441824994963,0.1647441610855986
aligned_P4_condition_specific_progress_phase,episode_000005_000034,episode_000005,34,grasp_close,165.31805145012436,26.298429964583974,163.2128999701428,0.1590777881417147
aligned_P4_condition_specific_progress_phase,episode_000005_000035,episode_000005,35,lift,164.97343226335894,26.856096064888874,162.77279704209343,0.1627904305343939
aligned_P4_condition_specific_progress_phase,episode_000005_000036,episode_000005,36,lift,167.711828116387,28.85925510608735,165.21017125123475,0.17207644463847765
aligned_P4_condition_specific_progress_phase,episode_000005_000037,episode_000005,37,lift,185.64258066878378,42.604655129107535,180.68760643357837,0.22949829169376335
aligned_P4_condition_specific_progress_phase,episode_000005_000038,episode_000005,38,lift,177.30869038123922,32.193834967942514,174.36148850811935,0.18156941376489294
aligned_P4_condition_specific_progress_phase,episode_000005_000039,episode_000005,39,lift,181.959017977791,12.798061215609374,181.50838507508016,0.07033485538579594
aligned_P4_condition_specific_progress_phase,episode_000005_000040,episode_000005,40,lift,185.66711852792582,44.38539645698568,180.28370831503068,0.23905900414084233
aligned_P4_condition_specific_progress_phase,episode_000005_000041,episode_000005,41,lift,184.74528093746721,46.62947940691169,178.76383996464185,0.25239875773982495
aligned_P4_condition_specific_progress_phase,episode_000005_000042,episode_000005,42,lift,180.4630294082284,42.973883961537936,175.27164710943805,0.23813123442766773
aligned_P4_original_P0_trained_progress_phase_transfer,episode_000001_000000,episode_000001,0,hold,269.6638640871869,75.02324979595888,259.0175893341724,0.27821024537311606
aligned_P4_original_P0_trained_progress_phase_transfer,episode_000001_000001,episode_000001,1,hold,277.32771398854504,75.73682832666914,266.78567011953413,0.27309505868496586
aligned_P4_original_P0_trained_progress_phase_transfer,episode_000001_000002,episode_000001,2,alignment,286.1348677616751,79.4013583761282,274.89741147747634,0.27749626949436473
aligned_P4_original_P0_trained_progress_phase_transfer,episode_000001_000003,episode_000001,3,alignment,284.81678104403875,78.32283497844938,273.8359587147504,0.2749937510400379
aligned_P4_original_P0_trained_progress_phase_transfer,episode_000001_000004,episode_000001,4,alignment,249.67649819388788,76.77633141535527,237.57893148333258,0.3075032370717332
aligned_P4_original_P0_trained_progress_phase_transfer,episode_000001_000005,episode_000001,5,alignment,253.85134210765077,77.77043720218796,241.64491094835017,0.3063621273635333
aligned_P4_original_P0_trained_progress_phase_transfer,episode_000001_000006,episode_000001,6,alignment,253.67999248747753,77.6947893381921,241.48925089564673,0.30627085950433147
aligned_P4_original_P0_trained_progress_phase_transfer,episode_000001_000007,episode_000001,7,alignment,258.5443936651745,77.56792916930021,246.63418226206832,0.3000178347311365
aligned_P4_original_P0_trained_progress_phase_transfer,episode_000001_000008,episode_000001,8,alignment,276.6431700708598,80.71513236239485,264.606332037946,0.2917662212362602
aligned_P4_original_P0_trained_progress_phase_transfer,episode_000001_000009,episode_000001,9,alignment,239.3818493848508,71.13770328310507,228.56748890976664,0.29717250270189866
aligned_P4_original_P0_trained_progress_phase_transfer,episode_000001_000010,episode_000001,10,alignment,240.36022109424087,72.14586617169894,229.27714643812118,0.3001572633077745
aligned_P4_original_P0_trained_progress_phase_transfer,episode_000001_000011,episode_000001,11,alignment,244.79926352128464,75.78130430475663,232.77429698837722,0.309565082895634
aligned_P4_original_P0_trained_progress_phase_transfer,episode_000001_000012,episode_000001,12,alignment,255.114928901659,82.9249941391901,241.2614189950681,0.3250495551013238
aligned_P4_original_P0_trained_progress_phase_transfer,episode_000001_000013,episode_000001,13,alignment,260.02650926973513,81.10242863455306,247.05501733941952,0.31190061683450326
aligned_P4_original_P0_trained_progress_phase_transfer,episode_000001_000014,episode_000001,14,alignment,267.58883537334225,81.12402917408366,254.995444482885,0.30316671867456174
aligned_P4_original_P0_trained_progress_phase_transfer,episode_000001_000015,episode_000001,15,alignment,269.9619593811623,94.29708339494763,252.95754500730473,0.34929766997952677
aligned_P4_original_P0_trained_progress_phase_transfer,episode_000001_000016,episode_000001,16,alignment,264.1801740554509,60.96284372293057,257.0499874522111,0.23076237246378145
aligned_P4_original_P0_trained_progress_phase_transfer,episode_000001_000017,episode_000001,17,alignment,255.07228193646867,54.65697976694276,249.1475136842296,0.21428035752060381
aligned_P4_original_P0_trained_progress_phase_transfer,episode_000001_000018,episode_000001,18,alignment,254.177663546225,47.91665791331718,249.6202686887347,0.18851639929644332
aligned_P4_original_P0_trained_progress_phase_transfer,episode_000001_000019,episode_000001,19,alignment,255.94681533960298,47.454701044955506,251.5090925418378,0.18540844503960813
aligned_P4_original_P0_trained_progress_phase_transfer,episode_000001_000020,episode_000001,20,descent_to_grasp,252.21420781710543,68.34722594042535,242.77698270441226,0.2709888016696812
aligned_P4_original_P0_trained_progress_phase_transfer,episode_000001_000021,episode_000001,21,descent_to_grasp,250.21710377652943,68.10240421164804,240.77097325655308,0.2721732574783167
aligned_P4_original_P0_trained_progress_phase_transfer,episode_000001_000022,episode_000001,22,descent_to_grasp,243.40250608734243,64.12144135423526,234.80464375359813,0.2634378847817859
aligned_P4_original_P0_trained_progress_phase_transfer,episode_000001_000023,episode_000001,23,descent_to_grasp,247.4082921630513,66.37921613632872,238.3372876747663,0.26829826743471613
aligned_P4_original_P0_trained_progress_phase_transfer,episode_000001_000024,episode_000001,24,descent_to_grasp,289.8206991167274,81.27704718410645,278.19072457136514,0.28043906950680403
aligned_P4_original_P0_trained_progress_phase_transfer,episode_000001_000025,episode_000001,25,descent_to_grasp,283.147191146664,79.83799022550758,271.6582911876559,0.2819663861124205
aligned_P4_original_P0_trained_progress_phase_transfer,episode_000001_000026,episode_000001,26,descent_to_grasp,282.96235777540033,77.30769229897189,272.1970180388116,0.27320839742342834
aligned_P4_original_P0_trained_progress_phase_transfer,episode_000001_000027,episode_000001,27,descent_to_grasp,284.93744379493955,77.58712161134869,274.1707231570507,0.27229528200297076
aligned_P4_original_P0_trained_progress_phase_transfer,episode_000001_000028,episode_000001,28,grasp_close,266.20208256277283,52.342429174477616,261.00540007607526,0.19662667049997554
aligned_P4_original_P0_trained_progress_phase_transfer,episode_000001_000029,episode_000001,29,grasp_close,266.917288190201,52.30210106415291,261.742868019524,0.19594872036495165
aligned_P4_original_P0_trained_progress_phase_transfer,episode_000001_000030,episode_000001,30,grasp_close,265.13575704645694,53.05381998707778,259.7734818055465,0.20010058461402366
aligned_P4_original_P0_trained_progress_phase_transfer,episode_000001_000031,episode_000001,31,grasp_close,272.90747176942625,52.97439535920259,267.7166442041045,0.19411119459550574
aligned_P4_original_P0_trained_progress_phase_transfer,episode_000001_000032,episode_000001,32,grasp_close,272.88384586889924,52.42222911148493,267.8012382928506,0.19210455255995618
aligned_P4_original_P0_trained_progress_phase_transfer,episode_000001_000033,episode_000001,33,grasp_close,272.45047435335715,51.23893053881055,267.5889253549337,0.18806695294042963
aligned_P4_original_P0_trained_progress_phase_transfer,episode_000001_000034,episode_000001,34,grasp_close,273.96158440882596,53.42080767297944,268.7027484774966,0.19499379005364825
aligned_P4_original_P0_trained_progress_phase_transfer,episode_000001_000035,episode_000001,35,grasp_close,273.52783010126177,52.80424146021938,268.3825365475846,0.19304888076899127
aligned_P4_original_P0_trained_progress_phase_transfer,episode_000001_000036,episode_000001,36,grasp_close,309.4825003401579,51.82291558373375,305.1127716717166,0.16745022909784635
aligned_P4_original_P0_trained_progress_phase_transfer,episode_000001_000037,episode_000001,37,grasp_close,309.603487180753,51.225601003459026,305.3363016025397,0.1654555039735468
aligned_P4_original_P0_trained_progress_phase_transfer,episode_000001_000038,episode_000001,38,lift,246.34823923464964,44.425746115785316,242.30932308945103,0.18033717737868327
aligned_P4_original_P0_trained_progress_phase_transfer,episode_000001_000039,episode_000001,39,lift,244.94997240042312,42.293012442684876,241.2711961206537,0.17265979672595308
aligned_P4_original_P0_trained_progress_phase_transfer,episode_000001_000040,episode_000001,40,lift,236.8737416414713,36.24858509497599,234.08376611342098,0.15302914051926164
aligned_P4_original_P0_trained_progress_phase_transfer,episode_000001_000041,episode_000001,41,lift,265.85818543685843,58.43824800801779,259.35602158718507,0.21980985054867505
aligned_P4_original_P0_trained_progress_phase_transfer,episode_000001_000042,episode_000001,42,lift,269.37007635523037,71.00706557864687,259.8427114112158,0.26360413353785694
aligned_P4_original_P0_trained_progress_phase_transfer,episode_000001_000043,episode_000001,43,lift,275.4190748306055,72.16958042354173,265.7954447353013,0.2620355197545018
aligned_P4_original_P0_trained_progress_phase_transfer,episode_000001_000044,episode_000001,44,lift,320.740261299361,75.47701739421284,311.73311512198393,0.2353213066811304
aligned_P4_original_P0_trained_progress_phase_transfer,episode_000001_000045,episode_000001,45,lift,322.65581628226346,75.6235066012039,313.66839341908747,0.23437825318805808
aligned_P4_original_P0_trained_progress_phase_transfer,episode_000002_000000,episode_000002,0,hold,213.82955658727343,48.93840558667884,208.15405768070843,0.2288664222464722
aligned_P4_original_P0_trained_progress_phase_transfer,episode_000002_000001,episode_000002,1,hold,212.58557828094382,48.44033068233652,206.99314591654763,0.22786273214789715
aligned_P4_original_P0_trained_progress_phase_transfer,episode_000002_000002,episode_000002,2,alignment,215.9850567392582,51.09111991331348,209.85528871263645,0.23654932746107418
aligned_P4_original_P0_trained_progress_phase_transfer,episode_000002_000003,episode_000002,3,alignment,217.52794618566716,51.050566109949834,211.45270646555497,0.234685092215124
aligned_P4_original_P0_trained_progress_phase_transfer,episode_000002_000004,episode_000002,4,alignment,215.30447286198105,59.493945331301624,206.92145008019742,0.2763247067767128
aligned_P4_original_P0_trained_progress_phase_transfer,episode_000002_000005,episode_000002,5,alignment,220.75333540878498,64.016740588057,211.26734726072777,0.28999217823600515
aligned_P4_original_P0_trained_progress_phase_transfer,episode_000002_000006,episode_000002,6,alignment,224.86942008918777,67.95072489205414,214.35707377619238,0.3021785926476953
aligned_P4_original_P0_trained_progress_phase_transfer,episode_000002_000007,episode_000002,7,alignment,216.016064368297,63.54776767846952,206.4573110554613,0.2941807493081794
aligned_P4_original_P0_trained_progress_phase_transfer,episode_000002_000008,episode_000002,8,alignment,208.0349764807063,62.0781986026318,198.55691551185072,0.2984026996459852
aligned_P4_original_P0_trained_progress_phase_transfer,episode_000002_000009,episode_000002,9,alignment,209.49176067169952,70.12108949415071,197.40777744932427,0.3347200351427637
aligned_P4_original_P0_trained_progress_phase_transfer,episode_000002_000010,episode_000002,10,alignment,211.21365705481287,64.26847050443271,201.19834150779914,0.30428179408755823
aligned_P4_original_P0_trained_progress_phase_transfer,episode_000002_000011,episode_000002,11,alignment,215.58361413005613,56.06937450870162,208.16464619041318,0.26008180044182944
aligned_P4_original_P0_trained_progress_phase_transfer,episode_000002_000012,episode_000002,12,alignment,233.08610210152148,70.20556988918284,222.26180272241103,0.30120015417566404
aligned_P4_original_P0_trained_progress_phase_transfer,episode_000002_000013,episode_000002,13,alignment,242.51943325475565,71.64860355123534,231.6940938292683,0.2954344837016493
aligned_P4_original_P0_trained_progress_phase_transfer,episode_000002_000014,episode_000002,14,alignment,242.3137218095963,72.16811534535859,231.31732080567906,0.2978292554231261
aligned_P4_original_P0_trained_progress_phase_transfer,episode_000002_000015,episode_000002,15,alignment,249.1405593369906,80.0320458669739,235.93619887820333,0.32123250457474317
aligned_P4_original_P0_trained_progress_phase_transfer,episode_000002_000016,episode_000002,16,alignment,253.32269443656597,57.34115428000852,246.74760291123,0.22635616760490126
aligned_P4_original_P0_trained_progress_phase_transfer,episode_000002_000017,episode_000002,17,alignment,257.3103707560437,61.36733622965588,249.88532758585293,0.23849538613365232
aligned_P4_original_P0_trained_progress_phase_transfer,episode_000002_000018,episode_000002,18,alignment,251.20167044487883,65.03023446527592,242.63830662055148,0.258876600422709
aligned_P4_original_P0_trained_progress_phase_transfer,episode_000002_000019,episode_000002,19,alignment,243.73013602980862,60.93138890884801,235.99098511330413,0.24999530177669943
aligned_P4_original_P0_trained_progress_phase_transfer,episode_000002_000020,episode_000002,20,alignment,232.66664507812672,79.34900202188697,218.7178630337302,0.34104158761236497
aligned_P4_original_P0_trained_progress_phase_transfer,episode_000002_000021,episode_000002,21,descent_to_grasp,233.2902183791305,79.66650353088984,219.26598962571717,0.34149097242225646
aligned_P4_original_P0_trained_progress_phase_transfer,episode_000002_000022,episode_000002,22,descent_to_grasp,233.41519276004036,75.2649794608669,220.9475844583101,0.3224510734322343
aligned_P4_original_P0_trained_progress_phase_transfer,episode_000002_000023,episode_000002,23,descent_to_grasp,250.96695181859897,72.83446453109981,240.16567548587568,0.290215361039828
aligned_P4_original_P0_trained_progress_phase_transfer,episode_000002_000024,episode_000002,24,descent_to_grasp,317.3312128663545,94.29442388295323,302.9977892391519,0.29714827933634674
aligned_P4_original_P0_trained_progress_phase_transfer,episode_000002_000025,episode_000002,25,descent_to_grasp,290.70626211397706,69.17171933442677,282.35687361316286,0.2379436852561045
aligned_P4_original_P0_trained_progress_phase_transfer,episode_000002_000026,episode_000002,26,descent_to_grasp,290.0585092609071,64.84818014507681,282.71655828149045,0.2235693078279803
aligned_P4_original_P0_trained_progress_phase_transfer,episode_000002_000027,episode_000002,27,descent_to_grasp,287.34107118709596,72.2213403819202,278.11682650351554,0.2513436039044165
aligned_P4_original_P0_trained_progress_phase_transfer,episode_000002_000028,episode_000002,28,descent_to_grasp,282.8651732508975,49.353682010169486,278.5263368342379,0.1744777607047208
aligned_P4_original_P0_trained_progress_phase_transfer,episode_000002_000029,episode_000002,29,grasp_close,271.11542488821044,47.58222168960907,266.90729812314197,0.17550540220730246
aligned_P4_original_P0_trained_progress_phase_transfer,episode_000002_000030,episode_000002,30,grasp_close,271.5256576223352,46.06762166974091,267.58915706906964,0.1696621309129332
aligned_P4_original_P0_trained_progress_phase_transfer,episode_000002_000031,episode_000002,31,grasp_close,278.0807006276178,50.95804806093141,273.37182261412124,0.183249135757789
aligned_P4_original_P0_trained_progress_phase_transfer,episode_000002_000032,episode_000002,32,grasp_close,280.9579731278222,48.91300614937945,276.6674908505241,0.17409367530967493
aligned_P4_original_P0_trained_progress_phase_transfer,episode_000002_000033,episode_000002,33,grasp_close,281.5939687530855,49.01168974935945,277.29590243280956,0.17405092149660045
aligned_P4_original_P0_trained_progress_phase_transfer,episode_000002_000034,episode_000002,34,grasp_close,280.4125785277292,49.9072154970705,275.93565198773945,0.1779778059853878
aligned_P4_original_P0_trained_progress_phase_transfer,episode_000002_000035,episode_000002,35,grasp_close,280.66278706009257,49.48136846837595,276.26652749624895,0.17630184958500222
aligned_P4_original_P0_trained_progress_phase_transfer,episode_000002_000036,episode_000002,36,grasp_close,295.82439412716604,56.96850186827995,290.28720597985136,0.19257540283777577
aligned_P4_original_P0_trained_progress_phase_transfer,episode_000002_000037,episode_000002,37,grasp_close,296.4333196059147,56.984608098948385,290.90456753442635,0.1922341529444296
aligned_P4_original_P0_trained_progress_phase_transfer,episode_000002_000038,episode_000002,38,grasp_close,293.93598927389,56.544325178097466,288.44601761954345,0.19236952003658653
aligned_P4_original_P0_trained_progress_phase_transfer,episode_000002_000039,episode_000002,39,lift,256.72552071524325,37.69806655703664,253.94260919423118,0.14684191291932705
aligned_P4_original_P0_trained_progress_phase_transfer,episode_000002_000040,episode_000002,40,lift,249.62330829085164,33.667245788719136,247.3425006000213,0.13487220411922166
aligned_P4_original_P0_trained_progress_phase_transfer,episode_000002_000041,episode_000002,41,lift,228.73796272992087,27.034327999468392,227.13476330903603,0.11818907398151829
aligned_P4_original_P0_trained_progress_phase_transfer,episode_000002_000042,episode_000002,42,lift,225.41816474999916,36.974439684302766,222.36510474732682,0.16402599908179274
aligned_P4_original_P0_trained_progress_phase_transfer,episode_000002_000043,episode_000002,43,lift,228.9861052205464,45.87942384491292,224.3428511268723,0.20035898597744378
aligned_P4_original_P0_trained_progress_phase_transfer,episode_000002_000044,episode_000002,44,lift,270.2214239509904,42.01442030511864,266.9352102075066,0.15548145550716483
aligned_P4_original_P0_trained_progress_phase_transfer,episode_000002_000045,episode_000002,45,lift,269.8255613114429,40.99362914026751,266.6933743214208,0.15192641105247662
aligned_P4_original_P0_trained_progress_phase_transfer,episode_000002_000046,episode_000002,46,lift,270.4151498918523,40.98950845397103,267.2905039236052,0.15157992616302765
aligned_P4_original_P0_trained_progress_phase_transfer,episode_000003_000000,episode_000003,0,hold,241.38072886132898,62.20031980465702,233.2290215256772,0.25768552484730683
aligned_P4_original_P0_trained_progress_phase_transfer,episode_000003_000001,episode_000003,1,hold,243.8851513460961,62.186760938280315,235.82360740840468,0.25498379296585966
aligned_P4_original_P0_trained_progress_phase_transfer,episode_000003_000002,episode_000003,2,alignment,244.8534283968215,63.29250628626097,236.53173158306058,0.25849140320668096
aligned_P4_original_P0_trained_progress_phase_transfer,episode_000003_000003,episode_000003,3,alignment,246.21536133249643,63.78259781249329,237.81039584589547,0.2590520650998676
aligned_P4_original_P0_trained_progress_phase_transfer,episode_000003_000004,episode_000003,4,alignment,237.33192076212472,65.00769302607335,228.2552090535225,0.2739104492026164
aligned_P4_original_P0_trained_progress_phase_transfer,episode_000003_000005,episode_000003,5,alignment,223.03654432643748,63.881455328886005,213.69244200519225,0.2864169883989449
aligned_P4_original_P0_trained_progress_phase_transfer,episode_000003_000006,episode_000003,6,alignment,236.26179066605303,67.79302611919739,226.32662092279753,0.2869402874162595
aligned_P4_original_P0_trained_progress_phase_transfer,episode_000003_000007,episode_000003,7,alignment,247.43451929056747,71.35155552785096,236.92360975704847,0.28836540565328866
aligned_P4_original_P0_trained_progress_phase_transfer,episode_000003_000008,episode_000003,8,alignment,228.5259435260758,64.1235219487714,219.3451180158077,0.28059624635771224
aligned_P4_original_P0_trained_progress_phase_transfer,episode_000003_000009,episode_000003,9,alignment,209.85242048177952,55.15692619046742,202.4740770451391,0.26283674052383127
aligned_P4_original_P0_trained_progress_phase_transfer,episode_000003_000010,episode_000003,10,alignment,216.09481484190553,56.353024821999966,208.61760614811132,0.2607791624395417
aligned_P4_original_P0_trained_progress_phase_transfer,episode_000003_000011,episode_000003,11,alignment,229.6732361287095,55.45199230943498,222.87860360013997,0.2414386336175432
aligned_P4_original_P0_trained_progress_phase_transfer,episode_000003_000012,episode_000003,12,alignment,246.26695023637484,63.466672060661466,237.9482975695972,0.2577149390112808
aligned_P4_original_P0_trained_progress_phase_transfer,episode_000003_000013,episode_000003,13,alignment,232.3957521593613,70.11483702646666,221.5664578641526,0.3017044691005653
aligned_P4_original_P0_trained_progress_phase_transfer,episode_000003_000014,episode_000003,14,alignment,228.1480501413944,64.46166882278982,218.8520642715101,0.2825431503045492
aligned_P4_original_P0_trained_progress_phase_transfer,episode_000003_000015,episode_000003,15,alignment,228.6293417545074,52.57936199145698,222.50120584767777,0.22997643954166866
aligned_P4_original_P0_trained_progress_phase_transfer,episode_000003_000016,episode_000003,16,alignment,239.13031416434114,26.67466317083057,237.63789575120217,0.11154864770720176
aligned_P4_original_P0_trained_progress_phase_transfer,episode_000003_000017,episode_000003,17,alignment,240.97898507017817,26.604563496803927,239.5058839498472,0.11040200658599386
aligned_P4_original_P0_trained_progress_phase_transfer,episode_000003_000018,episode_000003,18,descent_to_grasp,279.11576543392675,69.65332720296102,270.2850800975223,0.2495499567882689
aligned_P4_original_P0_trained_progress_phase_transfer,episode_000003_000019,episode_000003,19,descent_to_grasp,283.6860417345007,67.39180720000607,275.56508232594723,0.23755771270226075
aligned_P4_original_P0_trained_progress_phase_transfer,episode_000003_000020,episode_000003,20,descent_to_grasp,242.01533296040682,34.2440750803135,239.5803929995742,0.1414954774204978
aligned_P4_original_P0_trained_progress_phase_transfer,episode_000003_000021,episode_000003,21,descent_to_grasp,230.56992057709766,30.98039794176343,228.47910893186514,0.1343644386233123
aligned_P4_original_P0_trained_progress_phase_transfer,episode_000003_000022,episode_000003,22,descent_to_grasp,245.85220753264895,29.608801172010107,244.06275185253702,0.12043333460033336
aligned_P4_original_P0_trained_progress_phase_transfer,episode_000003_000023,episode_000003,23,descent_to_grasp,245.8752207156825,26.518988910336887,244.44092822021236,0.1078554757699723
aligned_P4_original_P0_trained_progress_phase_transfer,episode_000003_000024,episode_000003,24,descent_to_grasp,273.5034615389526,61.71877322378346,266.44875024203156,0.22565993452698374
aligned_P4_original_P0_trained_progress_phase_transfer,episode_000003_000025,episode_000003,25,descent_to_grasp,278.5197820274247,60.836157488134226,271.7944644813118,0.21842670220869245
aligned_P4_original_P0_trained_progress_phase_transfer,episode_000003_000026,episode_000003,26,grasp_close,282.5605516479323,49.916047573414666,278.11661860132057,0.176656108866922
aligned_P4_original_P0_trained_progress_phase_transfer,episode_000003_000027,episode_000003,27,grasp_close,283.58608013816695,49.875749065611835,279.1656757254999,0.17587516651491392
aligned_P4_original_P0_trained_progress_phase_transfer,episode_000003_000028,episode_000003,28,grasp_close,265.6143953180606,41.718594789170105,262.3176811596885,0.1570645097725749
aligned_P4_original_P0_trained_progress_phase_transfer,episode_000003_000029,episode_000003,29,grasp_close,267.8176312891647,43.20967908607495,264.3089239178605,0.16133993448482536
aligned_P4_original_P0_trained_progress_phase_transfer,episode_000003_000030,episode_000003,30,grasp_close,269.5379976962754,43.85116350385299,265.9470016027173,0.16269009890496394
aligned_P4_original_P0_trained_progress_phase_transfer,episode_000003_000031,episode_000003,31,grasp_close,268.6012327878992,44.1636533854599,264.94564343432444,0.16442088864250934
aligned_P4_original_P0_trained_progress_phase_transfer,episode_000003_000032,episode_000003,32,grasp_close,267.88876962498995,38.041575099653386,265.1739645122205,0.14200511336442634
aligned_P4_original_P0_trained_progress_phase_transfer,episode_000003_000033,episode_000003,33,grasp_close,268.0281130226288,38.22405186246414,265.2885056493906,0.1426120992734706
aligned_P4_original_P0_trained_progress_phase_transfer,episode_000003_000034,episode_000003,34,grasp_close,267.7884460537372,38.480316937281806,265.00927728719546,0.14369670351483332
aligned_P4_original_P0_trained_progress_phase_transfer,episode_000003_000035,episode_000003,35,grasp_close,266.5902555955031,38.03935675104458,263.8624105787758,0.14268847398819268
aligned_P4_original_P0_trained_progress_phase_transfer,episode_000003_000036,episode_000003,36,lift,246.82993335926446,28.49390338339899,245.17975746810023,0.11543941610163509
aligned_P4_original_P0_trained_progress_phase_transfer,episode_000003_000037,episode_000003,37,lift,248.92332451530578,30.173943039682875,247.0877468616973,0.12121782118423997
aligned_P4_original_P0_trained_progress_phase_transfer,episode_000003_000038,episode_000003,38,lift,252.27088190809724,31.99785792796826,250.23336097872863,0.12683928357465027
aligned_P4_original_P0_trained_progress_phase_transfer,episode_000003_000039,episode_000003,39,lift,238.8813234765413,30.985868119290053,236.86317291381098,0.12971239303407886
aligned_P4_original_P0_trained_progress_phase_transfer,episode_000003_000040,episode_000003,40,lift,219.3743594624279,23.949557479262747,218.06312913030027,0.10917209074912226
aligned_P4_original_P0_trained_progress_phase_transfer,episode_000003_000041,episode_000003,41,lift,229.75881235064935,23.208206559900383,228.58366302309074,0.10101117046375084
aligned_P4_original_P0_trained_progress_phase_transfer,episode_000003_000042,episode_000003,42,lift,220.3116724291057,27.48368386773071,218.5906679837184,0.12474910459669226
aligned_P4_original_P0_trained_progress_phase_transfer,episode_000003_000043,episode_000003,43,lift,222.13641363411284,26.37829271239986,220.56466610906796,0.1187481704636156
aligned_P4_original_P0_trained_progress_phase_transfer,episode_000004_000000,episode_000004,0,hold,270.067133742038,66.83678238461941,261.66601087667243,0.24748210364783
aligned_P4_original_P0_trained_progress_phase_transfer,episode_000004_000001,episode_000004,1,hold,267.45117647349645,66.43107547033988,259.06957368419654,0.2483858038924087
aligned_P4_original_P0_trained_progress_phase_transfer,episode_000004_000002,episode_000004,2,alignment,266.90999781558037,68.73564450140928,257.9076542270295,0.2575236786330563
aligned_P4_original_P0_trained_progress_phase_transfer,episode_000004_000003,episode_000004,3,alignment,260.0517442850377,66.90682277105218,251.2974070148231,0.2572827302312454
aligned_P4_original_P0_trained_progress_phase_transfer,episode_000004_000004,episode_000004,4,alignment,242.73247322272258,73.46612923721345,231.34774996035898,0.30266296166233836
aligned_P4_original_P0_trained_progress_phase_transfer,episode_000004_000005,episode_000004,5,alignment,243.24744714488767,78.21592253313274,230.3293077417546,0.32154879095830463
aligned_P4_original_P0_trained_progress_phase_transfer,episode_000004_000006,episode_000004,6,alignment,238.83951297259446,77.46664103877559,225.92749386286656,0.3243460015247329
aligned_P4_original_P0_trained_progress_phase_transfer,episode_000004_000007,episode_000004,7,alignment,237.98393275714722,77.7429604967146,224.9275090862935,0.3266731480399901
aligned_P4_original_P0_trained_progress_phase_transfer,episode_000004_000008,episode_000004,8,alignment,213.5348901306975,68.54219928604783,202.23529914473576,0.32098829022318304
aligned_P4_original_P0_trained_progress_phase_transfer,episode_000004_000009,episode_000004,9,alignment,211.29340293856956,70.66404754615871,199.12683021068491,0.3344356547028742
aligned_P4_original_P0_trained_progress_phase_transfer,episode_000004_000010,episode_000004,10,alignment,218.6028645117541,68.94442622789141,207.44608568216262,0.31538665507370023
aligned_P4_original_P0_trained_progress_phase_transfer,episode_000004_000011,episode_000004,11,alignment,213.61390368873046,66.80345143576373,202.89947936209143,0.3127298845355451
aligned_P4_original_P0_trained_progress_phase_transfer,episode_000004_000012,episode_000004,12,alignment,235.10596507671644,72.74153959784103,223.5698620825042,0.30939895367650516
aligned_P4_original_P0_trained_progress_phase_transfer,episode_000004_000013,episode_000004,13,alignment,264.7710502113818,63.44575775350744,257.05708481409596,0.23962498053641093
aligned_P4_original_P0_trained_progress_phase_transfer,episode_000004_000014,episode_000004,14,alignment,267.0654537968477,75.87371020909124,256.0608066667428,0.28410155312265556
aligned_P4_original_P0_trained_progress_phase_transfer,episode_000004_000015,episode_000004,15,alignment,273.407782790504,77.91514860821174,262.07068761648964,0.28497780060604
aligned_P4_original_P0_trained_progress_phase_transfer,episode_000004_000016,episode_000004,16,alignment,267.02383622710664,56.3453168997826,261.01136829054735,0.21101231146967833
aligned_P4_original_P0_trained_progress_phase_transfer,episode_000004_000017,episode_000004,17,alignment,256.3460134206092,55.23606401567502,250.32430131470537,0.21547463632697264
aligned_P4_original_P0_trained_progress_phase_transfer,episode_000004_000018,episode_000004,18,alignment,258.5174412453092,56.35201890718233,252.30084699244765,0.21798149724725713
aligned_P4_original_P0_trained_progress_phase_transfer,episode_000004_000019,episode_000004,19,descent_to_grasp,327.21916203468777,104.13954403818758,310.2053116408577,0.31825625183633954
aligned_P4_original_P0_trained_progress_phase_transfer,episode_000004_000020,episode_000004,20,descent_to_grasp,246.66877605904176,66.00873323784315,237.67274185064,0.26760068417432586
aligned_P4_original_P0_trained_progress_phase_transfer,episode_000004_000021,episode_000004,21,descent_to_grasp,251.9889559740191,64.53377497846067,243.58535633306354,0.25609763225144805
aligned_P4_original_P0_trained_progress_phase_transfer,episode_000004_000022,episode_000004,22,descent_to_grasp,263.47446106645754,42.20957115858331,260.07142045382216,0.1602036530893086
aligned_P4_original_P0_trained_progress_phase_transfer,episode_000004_000023,episode_000004,23,descent_to_grasp,247.663558566704,22.42455920288123,246.64625962393936,0.09054444397334117
aligned_P4_original_P0_trained_progress_phase_transfer,episode_000004_000024,episode_000004,24,descent_to_grasp,272.5229200107843,58.10331861368527,266.25691783929466,0.21320525485117364
aligned_P4_original_P0_trained_progress_phase_transfer,episode_000004_000025,episode_000004,25,descent_to_grasp,277.58244085831285,63.0654783047079,270.3234302073299,0.2271954886977112
aligned_P4_original_P0_trained_progress_phase_transfer,episode_000004_000026,episode_000004,26,descent_to_grasp,277.8245162634763,65.08792767189887,270.0926202405617,0.23427712049059196
aligned_P4_original_P0_trained_progress_phase_transfer,episode_000004_000027,episode_000004,27,grasp_close,299.46433564806017,52.33099994628503,294.8564986052638,0.17474868863110984
aligned_P4_original_P0_trained_progress_phase_transfer,episode_000004_000028,episode_000004,28,grasp_close,275.25584629702234,45.95593061461638,271.3923973917371,0.16695714635258418
aligned_P4_original_P0_trained_progress_phase_transfer,episode_000004_000029,episode_000004,29,grasp_close,278.62294382378,45.134500717397444,274.9429425717644,0.16199132812961575
aligned_P4_original_P0_trained_progress_phase_transfer,episode_000004_000030,episode_000004,30,grasp_close,279.0003380139369,46.659010481746556,275.0711278065281,0.1672363940986186
aligned_P4_original_P0_trained_progress_phase_transfer,episode_000004_000031,episode_000004,31,grasp_close,279.7810545943102,46.75368361218363,275.8469350538378,0.16710811130502629
aligned_P4_original_P0_trained_progress_phase_transfer,episode_000004_000032,episode_000004,32,grasp_close,277.75923332612524,42.34389436303401,274.5126341502138,0.15244819715252023
aligned_P4_original_P0_trained_progress_phase_transfer,episode_000004_000033,episode_000004,33,grasp_close,277.950379349081,41.868593476126485,274.77888248668035,0.15063333813098792
aligned_P4_original_P0_trained_progress_phase_transfer,episode_000004_000034,episode_000004,34,grasp_close,278.74522039343077,42.67507180032249,275.4591369677536,0.1530970530726568
aligned_P4_original_P0_trained_progress_phase_transfer,episode_000004_000035,episode_000004,35,grasp_close,277.2175419461281,41.832055889483264,274.04314379803856,0.15089974319739305
aligned_P4_original_P0_trained_progress_phase_transfer,episode_000004_000036,episode_000004,36,grasp_close,290.75991372244476,45.548909655343394,287.17002673867773,0.15665470893908617
aligned_P4_original_P0_trained_progress_phase_transfer,episode_000004_000037,episode_000004,37,lift,260.0005980144479,32.86942572090249,257.9145436392617,0.12642057738296425
aligned_P4_original_P0_trained_progress_phase_transfer,episode_000004_000038,episode_000004,38,lift,258.56749509086717,34.15517929259225,256.30172306298783,0.13209386307659923
aligned_P4_original_P0_trained_progress_phase_transfer,episode_000004_000039,episode_000004,39,lift,247.81307953931622,31.75095928134935,245.7706226860191,0.12812463063036983
aligned_P4_original_P0_trained_progress_phase_transfer,episode_000004_000040,episode_000004,40,lift,225.56232468391372,30.9759082373636,223.4252792897029,0.13732749155148555
aligned_P4_original_P0_trained_progress_phase_transfer,episode_000004_000041,episode_000004,41,lift,229.4653733510374,37.99265063858698,226.29829001692715,0.16557029970907902
aligned_P4_original_P0_trained_progress_phase_transfer,episode_000004_000042,episode_000004,42,lift,229.3136795287706,37.879911798126976,226.16338320159127,0.16518819058666062
aligned_P4_original_P0_trained_progress_phase_transfer,episode_000004_000043,episode_000004,43,lift,225.18255463943987,38.39024956685087,221.88594288989833,0.1704850077232713
aligned_P4_original_P0_trained_progress_phase_transfer,episode_000004_000044,episode_000004,44,lift,273.3453744192084,41.172170923631086,270.2268418529376,0.1506232582538183
aligned_P4_original_P0_trained_progress_phase_transfer,episode_000005_000000,episode_000005,0,hold,243.42079593174944,53.81668711901683,237.39723688278315,0.22108500185048283
aligned_P4_original_P0_trained_progress_phase_transfer,episode_000005_000001,episode_000005,1,hold,244.8019303617668,56.04139706580469,238.30095871347254,0.2289254704118838
aligned_P4_original_P0_trained_progress_phase_transfer,episode_000005_000002,episode_000005,2,alignment,248.83579415945516,58.3861191615543,241.88905213799885,0.23463714036309502
aligned_P4_original_P0_trained_progress_phase_transfer,episode_000005_000003,episode_000005,3,alignment,251.18828582017264,57.814967278515574,244.4442359554852,0.23016585781355145
aligned_P4_original_P0_trained_progress_phase_transfer,episode_000005_000004,episode_000005,4,alignment,281.805102358225,69.7282567468862,273.0422786422828,0.24743433019267708
aligned_P4_original_P0_trained_progress_phase_transfer,episode_000005_000005,episode_000005,5,alignment,251.27068736233565,65.62939200538595,242.5484306948697,0.26119000466913794
aligned_P4_original_P0_trained_progress_phase_transfer,episode_000005_000006,episode_000005,6,alignment,244.2404746867205,65.07749859546156,235.4109781886823,0.266448461005222
aligned_P4_original_P0_trained_progress_phase_transfer,episode_000005_000007,episode_000005,7,alignment,248.8648146740224,66.46551497069032,239.8250014123141,0.26707477735553226
aligned_P4_original_P0_trained_progress_phase_transfer,episode_000005_000008,episode_000005,8,alignment,238.7224022475051,67.0586914337026,229.1102730957717,0.28090657098941557
aligned_P4_original_P0_trained_progress_phase_transfer,episode_000005_000009,episode_000005,9,alignment,240.3826438992728,62.16164285394589,232.20625668939905,0.2585945551043752
aligned_P4_original_P0_trained_progress_phase_transfer,episode_000005_000010,episode_000005,10,alignment,235.13724311302022,63.41996015127708,226.42312548236322,0.269714653925724
aligned_P4_original_P0_trained_progress_phase_transfer,episode_000005_000011,episode_000005,11,alignment,236.37944006877683,61.75411941867259,228.17026191432743,0.2612499606594577
aligned_P4_original_P0_trained_progress_phase_transfer,episode_000005_000012,episode_000005,12,alignment,257.2349751930563,69.10345498250918,247.7792262722051,0.26863942172189703
aligned_P4_original_P0_trained_progress_phase_transfer,episode_000005_000013,episode_000005,13,alignment,243.94320926852714,63.85597898934094,235.43725978600173,0.2617657576155347
aligned_P4_original_P0_trained_progress_phase_transfer,episode_000005_000014,episode_000005,14,alignment,238.41520778974174,60.14692264548632,230.7036172271766,0.25227804552857996
aligned_P4_original_P0_trained_progress_phase_transfer,episode_000005_000015,episode_000005,15,alignment,244.4737504262413,57.5790409650776,237.59644081722698,0.235522385796791
aligned_P4_original_P0_trained_progress_phase_transfer,episode_000005_000016,episode_000005,16,alignment,247.73855518585992,33.52211743842166,245.46009730304849,0.13531247654719103
aligned_P4_original_P0_trained_progress_phase_transfer,episode_000005_000017,episode_000005,17,descent_to_grasp,281.8318093848438,54.700357394860944,276.4724935359925,0.1940886570407215
aligned_P4_original_P0_trained_progress_phase_transfer,episode_000005_000018,episode_000005,18,descent_to_grasp,282.2898227613799,50.77562150922595,277.68575817820243,0.17987053522700558
aligned_P4_original_P0_trained_progress_phase_transfer,episode_000005_000019,episode_000005,19,descent_to_grasp,274.0535570630447,43.80657158549881,270.52973297741613,0.15984675424381126
aligned_P4_original_P0_trained_progress_phase_transfer,episode_000005_000020,episode_000005,20,descent_to_grasp,229.38262270145142,33.80583450669507,226.87783750446485,0.14737748705007359
aligned_P4_original_P0_trained_progress_phase_transfer,episode_000005_000021,episode_000005,21,descent_to_grasp,246.20995433117315,29.85624217555788,244.3930162973419,0.12126334313599164
aligned_P4_original_P0_trained_progress_phase_transfer,episode_000005_000022,episode_000005,22,descent_to_grasp,273.4041574228465,41.46075043142854,270.24218669511873,0.15164637883434012
aligned_P4_original_P0_trained_progress_phase_transfer,episode_000005_000023,episode_000005,23,descent_to_grasp,276.05430620205004,36.41265180646126,273.6422824804614,0.13190394421817156
aligned_P4_original_P0_trained_progress_phase_transfer,episode_000005_000024,episode_000005,24,descent_to_grasp,285.3719050399114,53.415911019156184,280.3281374320134,0.18717999240915315
aligned_P4_original_P0_trained_progress_phase_transfer,episode_000005_000025,episode_000005,25,grasp_close,304.75352076742973,63.40828981251239,298.08404385876923,0.2080641747889828
aligned_P4_original_P0_trained_progress_phase_transfer,episode_000005_000026,episode_000005,26,grasp_close,307.1016691195891,65.44679018065659,300.04691771635765,0.21311115100182287
aligned_P4_original_P0_trained_progress_phase_transfer,episode_000005_000027,episode_000005,27,grasp_close,308.6026308302613,69.21377629713747,300.7408135355898,0.22428122570091333
aligned_P4_original_P0_trained_progress_phase_transfer,episode_000005_000028,episode_000005,28,grasp_close,291.51161980866226,63.393320436885055,284.5352551222018,0.21746412880040306
aligned_P4_original_P0_trained_progress_phase_transfer,episode_000005_000029,episode_000005,29,grasp_close,294.57720204448134,64.41656023922282,287.44779479290105,0.2186746285596666
aligned_P4_original_P0_trained_progress_phase_transfer,episode_000005_000030,episode_000005,30,grasp_close,295.12414822805766,64.40126589413798,288.01170083621446,0.21821754092576592
aligned_P4_original_P0_trained_progress_phase_transfer,episode_000005_000031,episode_000005,31,grasp_close,292.0675838875293,63.128207002217536,285.16364256087087,0.21614246319963817
aligned_P4_original_P0_trained_progress_phase_transfer,episode_000005_000032,episode_000005,32,grasp_close,285.0239045438529,53.282823380710106,279.99922659536657,0.1869415951829829
aligned_P4_original_P0_trained_progress_phase_transfer,episode_000005_000033,episode_000005,33,grasp_close,286.31292852166985,54.15272353186309,281.1451147943646,0.1891382404960609
aligned_P4_original_P0_trained_progress_phase_transfer,episode_000005_000034,episode_000005,34,grasp_close,283.25145791877685,52.76470082416251,278.29350470330644,0.186282186195465
aligned_P4_original_P0_trained_progress_phase_transfer,episode_000005_000035,episode_000005,35,lift,284.0932295988486,53.690915400159085,278.9735627391905,0.1889904784988114
aligned_P4_original_P0_trained_progress_phase_transfer,episode_000005_000036,episode_000005,36,lift,273.26100764350065,50.976436290374586,268.46411537014535,0.18654851905134967
aligned_P4_original_P0_trained_progress_phase_transfer,episode_000005_000037,episode_000005,37,lift,284.9034329936805,60.53845444710258,278.3973090113133,0.2124876271618861
aligned_P4_original_P0_trained_progress_phase_transfer,episode_000005_000038,episode_000005,38,lift,267.24970534052386,55.08865643068355,261.5103151641612,0.2061317761248446
aligned_P4_original_P0_trained_progress_phase_transfer,episode_000005_000039,episode_000005,39,lift,262.72941506286134,39.79789354909048,259.69765730234946,0.15147863645023657
aligned_P4_original_P0_trained_progress_phase_transfer,episode_000005_000040,episode_000005,40,lift,239.17284111704026,37.21353880997891,236.26002720992642,0.15559266109051362
aligned_P4_original_P0_trained_progress_phase_transfer,episode_000005_000041,episode_000005,41,lift,235.99942075689648,39.389661762168075,232.6890223965296,0.16690575610667896
aligned_P4_original_P0_trained_progress_phase_transfer,episode_000005_000042,episode_000005,42,lift,232.88604035827169,35.56480930275314,230.15440932776707,0.15271335820747464
